[{"id":"1","latitude":"42.48333330","longitude":"1.46666670","name":"Aix\u00e0s"},{"id":"2","latitude":"42.46666670","longitude":"1.50000000","name":"Aixirivali"},{"id":"3","latitude":"42.46666670","longitude":"1.50000000","name":"Aixirivall"},{"id":"4","latitude":"42.46666670","longitude":"1.50000000","name":"Aixirvall"},{"id":"5","latitude":"42.46666670","longitude":"1.48333330","name":"Aixovall"},{"id":"16","latitude":"42.45000000","longitude":"1.50000000","name":"Aubiny\u00e0"},{"id":"17","latitude":"42.45000000","longitude":"1.50000000","name":"Auvinya"},{"id":"18","latitude":"42.48333330","longitude":"1.46666670","name":"Bi\u00e7isarri"},{"id":"19","latitude":"42.48333330","longitude":"1.46666670","name":"Bixessarri"},{"id":"20","latitude":"42.48333330","longitude":"1.46666670","name":"Bixisarri"},{"id":"23","latitude":"42.46666670","longitude":"1.50000000","name":"Certers"},{"id":"24","latitude":"42.46666670","longitude":"1.50000000","name":"Cert\u00e9s"},{"id":"25","latitude":"42.46666670","longitude":"1.50000000","name":"Eixirivall"},{"id":"42","latitude":"42.45000000","longitude":"1.46666670","name":"Fontaneda"},{"id":"43","latitude":"42.43333330","longitude":"1.50000000","name":"Juberri"},{"id":"44","latitude":"42.43333330","longitude":"1.50000000","name":"Juverri"},{"id":"58","latitude":"42.46666670","longitude":"1.51666670","name":"Llumeneres"},{"id":"61","latitude":"42.43333330","longitude":"1.45000000","name":"Mas d'Alins"},{"id":"66","latitude":"42.46666670","longitude":"1.50000000","name":"Nagol"},{"id":"76","latitude":"42.46666670","longitude":"1.50000000","name":"San Juli\u00e1"},{"id":"78","latitude":"42.46666670","longitude":"1.50000000","name":"Santa Juli\u00e1 de Loria"},{"id":"81","latitude":"42.46666670","longitude":"1.50000000","name":"Sant Juli\u00e0 de L\u00f2ria"},{"id":"82","latitude":"42.46666670","longitude":"1.50000000","name":"Sant Juli\u00e1"},{"id":"86","latitude":"42.46666670","longitude":"1.50000000","name":"Sertes"},{"id":"91","latitude":"42.48333330","longitude":"1.46666670","name":"Vixesarri"}]