[{"id":"96","latitude":"25.27916670","longitude":"55.32222220","name":"Abu Hail"},{"id":"97","latitude":"25.27916670","longitude":"55.32222220","name":"Abu Hayl"},{"id":"127","latitude":"25.26666670","longitude":"55.31666670","name":"Al Barahah"},{"id":"151","latitude":"24.79888890","longitude":"56.11611110","name":"Al Hagarein"},{"id":"154","latitude":"24.79888890","longitude":"56.11611110","name":"Al Hajarayn"},{"id":"195","latitude":"24.93138890","longitude":"55.47388890","name":"Al Lusayli"},{"id":"225","latitude":"25.15833330","longitude":"55.25000000","name":"Al Qawz"},{"id":"236","latitude":"25.22888890","longitude":"55.26333330","name":"Al Satwa"},{"id":"257","latitude":"25.21500000","longitude":"55.38972220","name":"Ar Rashidiyah"},{"id":"275","latitude":"25.22888890","longitude":"55.26333330","name":"As Satwah"},{"id":"299","latitude":"25.26666670","longitude":"55.31666670","name":"Barahah"},{"id":"300","latitude":"25.26250000","longitude":"55.29444440","name":"Barr Dubayy"},{"id":"305","latitude":"24.86888890","longitude":"55.55111110","name":"Bidayarat Margham"},{"id":"326","latitude":"25.25222220","longitude":"55.28000000","name":"Dabei"},{"id":"334","latitude":"25.27222220","longitude":"55.31111110","name":"Daira"},{"id":"335","latitude":"25.27222220","longitude":"55.31111110","name":"Dairah"},{"id":"344","latitude":"25.27222220","longitude":"55.31111110","name":"Dayrah"},{"id":"345","latitude":"25.27222220","longitude":"55.31111110","name":"Deira"},{"id":"358","latitude":"25.25222220","longitude":"55.28000000","name":"Dibai"},{"id":"359","latitude":"25.25222220","longitude":"55.28000000","name":"Dibay"},{"id":"367","latitude":"25.27222220","longitude":"55.31111110","name":"Dirah"},{"id":"368","latitude":"25.25222220","longitude":"55.28000000","name":"Dubai"},{"id":"369","latitude":"25.25222220","longitude":"55.28000000","name":"Dubay"},{"id":"370","latitude":"25.25222220","longitude":"55.28000000","name":"Dubayy"},{"id":"399","latitude":"25.28750000","longitude":"55.31750000","name":"Ferij al Muhadham"},{"id":"401","latitude":"25.25222220","longitude":"55.28000000","name":"Fort Dabei"},{"id":"444","latitude":"25.27916670","longitude":"55.32222220","name":"Hail"},{"id":"449","latitude":"24.79888890","longitude":"56.11611110","name":"Hajarain"},{"id":"450","latitude":"24.79888890","longitude":"56.11611110","name":"Hajarayn"},{"id":"452","latitude":"24.79888890","longitude":"56.11611110","name":"Hajrain"},{"id":"470","latitude":"24.78666670","longitude":"56.11583330","name":"Hayl"},{"id":"486","latitude":"25.18333330","longitude":"55.60000000","name":"Hunaywah"},{"id":"505","latitude":"25.20972220","longitude":"55.24777780","name":"Jimeirah"},{"id":"509","latitude":"25.20972220","longitude":"55.24777780","name":"Jumairah"},{"id":"510","latitude":"25.20972220","longitude":"55.24777780","name":"Jumaira"},{"id":"511","latitude":"25.20972220","longitude":"55.24777780","name":"Jumayrah"},{"id":"512","latitude":"25.20972220","longitude":"55.24777780","name":"Jumeira"},{"id":"592","latitude":"24.90444440","longitude":"55.63250000","name":"Margham"},{"id":"652","latitude":"25.14583330","longitude":"55.33416670","name":"Nadd ash Shiba"},{"id":"653","latitude":"25.14583330","longitude":"55.33416670","name":"Nadd Shubayh"},{"id":"654","latitude":"25.14583330","longitude":"55.33416670","name":"Nad Shibeih"},{"id":"676","latitude":"24.78555560","longitude":"56.14444440","name":"Qamh"},{"id":"682","latitude":"24.86888890","longitude":"55.55111110","name":"Qaraytaysah"},{"id":"691","latitude":"24.78555560","longitude":"56.14444440","name":"Qimah"},{"id":"692","latitude":"24.78555560","longitude":"56.14444440","name":"Qima"},{"id":"693","latitude":"24.78555560","longitude":"56.14444440","name":"Qimh"},{"id":"708","latitude":"25.20972220","longitude":"55.28361110","name":"Raml Sabil"},{"id":"709","latitude":"25.20972220","longitude":"55.28361110","name":"Raml Za`bil"},{"id":"714","latitude":"25.21500000","longitude":"55.38972220","name":"Rashdia"},{"id":"715","latitude":"25.21500000","longitude":"55.38972220","name":"Rashidiyah"},{"id":"757","latitude":"25.25833330","longitude":"55.28333330","name":"Shandaghah"},{"id":"807","latitude":"25.00416670","longitude":"55.45916670","name":"`Ud al Bayda'"},{"id":"808","latitude":"25.00416670","longitude":"55.45916670","name":"Ud al Beida"},{"id":"815","latitude":"25.16305560","longitude":"55.20694440","name":"Umm as Suqaym"},{"id":"818","latitude":"25.16305560","longitude":"55.20694440","name":"Umm Suqaym"},{"id":"821","latitude":"24.93333330","longitude":"55.46666670","name":"`Urqub Juwayza"},{"id":"834","latitude":"25.16083330","longitude":"55.42750000","name":"Warisan"},{"id":"846","latitude":"25.20972220","longitude":"55.28361110","name":"Za`bil"}]