[{"id":"755180","latitude":"5.32944440","longitude":"162.94444440","name":"Berado"},{"id":"755181","latitude":"5.32944440","longitude":"162.94444440","name":"Berard"},{"id":"755228","latitude":"5.33333330","longitude":"163.03194440","name":"Dorf Lela"},{"id":"755229","latitude":"5.33333330","longitude":"163.03194440","name":"Dorf Lele"},{"id":"755230","latitude":"5.33333330","longitude":"163.03194440","name":"Dorf Lolo"},{"id":"755248","latitude":"5.32944440","longitude":"162.94444440","name":"Era"},{"id":"755277","latitude":"5.35000000","longitude":"163.01666670","name":"Finaunpes"},{"id":"755278","latitude":"5.35000000","longitude":"163.01666670","name":"Finfokoa"},{"id":"755279","latitude":"5.36722220","longitude":"162.99166670","name":"Finfoko"},{"id":"755280","latitude":"5.36722220","longitude":"163.00638890","name":"Finfukul"},{"id":"755281","latitude":"5.27694440","longitude":"162.97972220","name":"Finkol Te"},{"id":"755282","latitude":"5.34083330","longitude":"162.95972220","name":"Finolof"},{"id":"755283","latitude":"5.34166670","longitude":"163.01861110","name":"Finpukal"},{"id":"755288","latitude":"5.33333330","longitude":"163.00000000","name":"Fomseng"},{"id":"755326","latitude":"5.32944440","longitude":"162.94444440","name":"Hala"},{"id":"755328","latitude":"5.36777780","longitude":"163.01277780","name":"Inkoeya"},{"id":"755329","latitude":"5.31250000","longitude":"162.91694440","name":"Inshiappu"},{"id":"755330","latitude":"5.31250000","longitude":"162.91694440","name":"Insiaf"},{"id":"755338","latitude":"5.32944440","longitude":"162.94444440","name":"Jola"},{"id":"755369","latitude":"5.30777780","longitude":"162.91527780","name":"Leap"},{"id":"755377","latitude":"5.34083330","longitude":"163.03111110","name":"Leijut"},{"id":"755379","latitude":"5.33333330","longitude":"163.03194440","name":"Leilei"},{"id":"755380","latitude":"5.34083330","longitude":"163.03111110","name":"Lejut"},{"id":"755381","latitude":"5.33333330","longitude":"163.03194440","name":"Lele"},{"id":"755382","latitude":"5.33333330","longitude":"163.03194440","name":"Lele Village"},{"id":"755383","latitude":"5.33333330","longitude":"163.03194440","name":"Lelo"},{"id":"755390","latitude":"5.33333330","longitude":"163.03194440","name":"Lolo"},{"id":"755398","latitude":"5.29055560","longitude":"162.91250000","name":"Lukunlulem"},{"id":"755428","latitude":"5.28861110","longitude":"163.02388890","name":"Makam"},{"id":"755435","latitude":"5.28861110","longitude":"163.02388890","name":"Malam"},{"id":"755440","latitude":"5.28861110","longitude":"163.02388890","name":"Malem"},{"id":"755445","latitude":"5.36722220","longitude":"162.99611110","name":"Malsu"},{"id":"755453","latitude":"5.28861110","longitude":"163.02388890","name":"Maremu"},{"id":"755461","latitude":"5.28861110","longitude":"163.02388890","name":"Matam"},{"id":"755462","latitude":"5.34083330","longitude":"163.03111110","name":"Matanluk"},{"id":"755463","latitude":"5.28861110","longitude":"163.02388890","name":"Matem"},{"id":"755466","latitude":"5.28861110","longitude":"163.02388890","name":"Mealem"},{"id":"755518","latitude":"5.34083330","longitude":"163.03111110","name":"Motanrikku"},{"id":"755532","latitude":"5.33944440","longitude":"163.01361110","name":"Mutunnenea"},{"id":"755533","latitude":"5.36583330","longitude":"162.98916670","name":"Mutunte"},{"id":"755541","latitude":"5.31250000","longitude":"162.91694440","name":"Mwoht"},{"id":"755542","latitude":"5.31250000","longitude":"162.91694440","name":"Mwot"},{"id":"755650","latitude":"5.40000000","longitude":"162.96361110","name":"Pelusrik"},{"id":"755678","latitude":"5.35138890","longitude":"163.02000000","name":"Pukusrik Te"},{"id":"755679","latitude":"5.35138890","longitude":"163.02000000","name":"Pukusruk Te"},{"id":"755680","latitude":"5.34750000","longitude":"163.02111110","name":"Putuk Te"},{"id":"755768","latitude":"5.36305560","longitude":"162.98222220","name":"Saventiac"},{"id":"755774","latitude":"5.36750000","longitude":"163.00944440","name":"Sialat"},{"id":"755782","latitude":"5.34666670","longitude":"163.02277780","name":"Sroanef"},{"id":"755783","latitude":"5.35750000","longitude":"162.98083330","name":"Srupunyot"},{"id":"755793","latitude":"5.36305560","longitude":"162.98222220","name":"Tafonsak"},{"id":"755794","latitude":"5.27166670","longitude":"162.97722220","name":"Taf Te"},{"id":"755796","latitude":"5.36305560","longitude":"162.98222220","name":"Tafunsak"},{"id":"755804","latitude":"5.36305560","longitude":"162.98222220","name":"Tahonsaku"},{"id":"755838","latitude":"5.35388890","longitude":"162.94277780","name":"Tepat"},{"id":"755867","latitude":"5.31472220","longitude":"163.00361110","name":"Toynim"},{"id":"755870","latitude":"5.34750000","longitude":"163.02111110","name":"Tutukte"},{"id":"755899","latitude":"5.27166670","longitude":"162.96222220","name":"Utwa Ma"},{"id":"755900","latitude":"5.27166670","longitude":"162.96222220","name":"Utwa"},{"id":"755935","latitude":"5.36722220","longitude":"163.00000000","name":"Witynokis"},{"id":"755958","latitude":"5.36638890","longitude":"163.00388890","name":"Yekula"},{"id":"755959","latitude":"5.32944440","longitude":"162.94444440","name":"Yela"},{"id":"755960","latitude":"5.34083330","longitude":"163.03111110","name":"Yepan"}]