[{"id":"90023","latitude":"-15.20000000","longitude":"12.10000000","name":"Amelia Beach"},{"id":"90103","latitude":"-14.55000000","longitude":"13.20000000","name":"Arihua"},{"id":"90127","latitude":"-14.86666670","longitude":"13.10000000","name":"Assun\u00e7\u00e3o"},{"id":"90149","latitude":"-14.83333330","longitude":"12.25000000","name":"Baba"},{"id":"90168","latitude":"-14.83333330","longitude":"12.25000000","name":"Ba\u00eda das Moscas"},{"id":"90169","latitude":"-16.60000000","longitude":"11.73333330","name":"Ba\u00eda dos Tigres"},{"id":"90498","latitude":"-14.26666670","longitude":"12.38333330","name":"Bentiaba"},{"id":"90515","latitude":"-14.76666670","longitude":"13.35000000","name":"Bibala"},{"id":"90653","latitude":"-15.11666670","longitude":"13.18333330","name":"Bruco"},{"id":"90990","latitude":"-14.06666670","longitude":"13.60000000","name":"Cacimbas"},{"id":"91167","latitude":"-15.50000000","longitude":"13.36666670","name":"Cahinde"},{"id":"91236","latitude":"-15.50000000","longitude":"13.36666670","name":"Cainda"},{"id":"91239","latitude":"-15.50000000","longitude":"13.36666670","name":"Cainde"},{"id":"91275","latitude":"-15.78333330","longitude":"13.25000000","name":"Caiombungo"},{"id":"91287","latitude":"-14.05000000","longitude":"12.90000000","name":"Cairofa"},{"id":"91291","latitude":"-14.48333330","longitude":"13.08333330","name":"Caitau"},{"id":"91296","latitude":"-14.48333330","longitude":"13.08333330","name":"Caiton"},{"id":"91297","latitude":"-14.48333330","longitude":"13.08333330","name":"Caitou"},{"id":"91643","latitude":"-14.11666670","longitude":"13.25000000","name":"Camacuio"},{"id":"91782","latitude":"-16.96666670","longitude":"12.60000000","name":"Camb\u00eano"},{"id":"91832","latitude":"-15.01666670","longitude":"12.91666670","name":"Cambongue"},{"id":"91910","latitude":"-15.80000000","longitude":"12.10000000","name":"Camilunga"},{"id":"91988","latitude":"-14.11666670","longitude":"13.25000000","name":"Camucuio"},{"id":"92162","latitude":"-15.20000000","longitude":"12.11666670","name":"Cangeoue"},{"id":"92163","latitude":"-15.20000000","longitude":"12.11666670","name":"Cangeque"},{"id":"92388","latitude":"-14.93333330","longitude":"12.96666670","name":"Capangombe"},{"id":"92468","latitude":"-13.78333330","longitude":"13.10000000","name":"Capira"},{"id":"92488","latitude":"-15.90000000","longitude":"12.80000000","name":"Capolopopo"},{"id":"92575","latitude":"-14.98333330","longitude":"12.66666670","name":"Caraculo"},{"id":"92667","latitude":"-14.88333330","longitude":"12.78333330","name":"Carvalho Oliveira"},{"id":"92685","latitude":"-14.06666670","longitude":"13.60000000","name":"Casimba"},{"id":"92789","latitude":"-14.06666670","longitude":"13.60000000","name":"Cassimbas"},{"id":"93411","latitude":"-15.45000000","longitude":"13.33333330","name":"Chacuto"},{"id":"93514","latitude":"-14.45000000","longitude":"12.35000000","name":"Chapeau Armado"},{"id":"93515","latitude":"-14.45000000","longitude":"12.35000000","name":"Chape\u00fa Armado"},{"id":"93733","latitude":"-15.36666670","longitude":"12.85000000","name":"Chicueia"},{"id":"93752","latitude":"-15.30000000","longitude":"13.26666670","name":"Chicundi"},{"id":"94016","latitude":"-14.21666670","longitude":"12.81666670","name":"Chingo"},{"id":"94078","latitude":"-13.81666670","longitude":"13.13333330","name":"Chinquite"},{"id":"94379","latitude":"-15.65000000","longitude":"12.65000000","name":"Chiunge"},{"id":"94824","latitude":"-14.93333330","longitude":"12.88333330","name":"Cumieira"},{"id":"94880","latitude":"-16.30000000","longitude":"12.96666670","name":"Curoca Norte"},{"id":"94907","latitude":"-14.90000000","longitude":"12.85000000","name":"Cuto"},{"id":"95129","latitude":"-15.50000000","longitude":"13.36666670","name":"Djambaitai"},{"id":"95137","latitude":"-14.98333330","longitude":"12.66666670","name":"Dois Irm\u00e3os"},{"id":"95140","latitude":"-13.81666670","longitude":"13.13333330","name":"Dolondolo"},{"id":"95308","latitude":"-15.53333330","longitude":"13.48333330","name":"Embala"},{"id":"95328","latitude":"-15.75000000","longitude":"11.90000000","name":"Empresa Industrial do Pinda Limitada"},{"id":"95353","latitude":"-13.81666670","longitude":"13.13333330","name":"Equimina"},{"id":"95361","latitude":"-16.75000000","longitude":"12.36666670","name":"Espinheira"},{"id":"95433","latitude":"-15.11666670","longitude":"13.18333330","name":"Fazenda Bruco"},{"id":"95447","latitude":"-15.93333330","longitude":"12.20000000","name":"Fazenda Camilunga"},{"id":"95462","latitude":"-15.90000000","longitude":"12.80000000","name":"Fazenda Capolopopo"},{"id":"95471","latitude":"-15.45000000","longitude":"13.33333330","name":"Fazenda Chacuto"},{"id":"95496","latitude":"-15.88333330","longitude":"12.16666670","name":"Fazenda do Alexandre"},{"id":"95497","latitude":"-15.45000000","longitude":"13.33333330","name":"Fazenda do Chakuto"},{"id":"95498","latitude":"-14.05000000","longitude":"12.40000000","name":"Fazenda do Inamangando"},{"id":"95528","latitude":"-14.05000000","longitude":"12.40000000","name":"Fazenda Inamangando"},{"id":"95529","latitude":"-14.05000000","longitude":"12.40000000","name":"Fazenda Inamangondo"},{"id":"95584","latitude":"-14.46666670","longitude":"13.40000000","name":"Fazenda Monguera"},{"id":"95592","latitude":"-14.78333330","longitude":"12.50000000","name":"Fazenda Mucongo"},{"id":"95594","latitude":"-14.78333330","longitude":"12.50000000","name":"Fazenda Mucungo"},{"id":"95679","latitude":"-15.78333330","longitude":"12.10000000","name":"Fazenda S\u00e3o J\u00f5ao do Sul"},{"id":"95717","latitude":"-15.43333330","longitude":"13.06666670","name":"Fernandes"},{"id":"95749","latitude":"-14.26666670","longitude":"12.38333330","name":"Fortaleza"},{"id":"95763","latitude":"-17.26666670","longitude":"11.80000000","name":"Foz do Cunene"},{"id":"95902","latitude":"-14.83333330","longitude":"13.20000000","name":"Garganta"},{"id":"95947","latitude":"-15.06527780","longitude":"12.16138890","name":"Gira\u00fal de Baixo"},{"id":"95948","latitude":"-15.06527780","longitude":"12.16138890","name":"Giraul de Cima"},{"id":"95949","latitude":"-15.06527780","longitude":"12.16138890","name":"Gira\u00fal"},{"id":"96276","latitude":"-14.73333330","longitude":"13.45000000","name":"Humbia"},{"id":"96283","latitude":"-15.40000000","longitude":"13.35000000","name":"Huncombarane"},{"id":"96354","latitude":"-14.05000000","longitude":"12.40000000","name":"Inamagando"},{"id":"96355","latitude":"-14.05000000","longitude":"12.40000000","name":"Inamangando"},{"id":"96390","latitude":"-16.90000000","longitude":"12.58333330","name":"Iona"},{"id":"96458","latitude":"-14.66666670","longitude":"12.25000000","name":"J. Faria"},{"id":"96531","latitude":"-15.50000000","longitude":"13.36666670","name":"Kahinde"},{"id":"96629","latitude":"-15.10000000","longitude":"13.13333330","name":"Kapangombe"},{"id":"96714","latitude":"-15.45000000","longitude":"13.33333330","name":"Khakuto"},{"id":"96900","latitude":"-16.60000000","longitude":"11.73333330","name":"Le\u00e3o"},{"id":"97056","latitude":"-14.30000000","longitude":"13.61666670","name":"Lola"},{"id":"97255","latitude":"-13.86666670","longitude":"12.53333330","name":"Lucira Grande"},{"id":"97256","latitude":"-13.86666670","longitude":"12.53333330","name":"Lucira"},{"id":"97257","latitude":"-13.86666670","longitude":"12.53333330","name":"Luciras Grande"},{"id":"97459","latitude":"-14.90000000","longitude":"12.76666670","name":"Luso"},{"id":"97508","latitude":"-14.90000000","longitude":"12.76666670","name":"Luzo"},{"id":"97753","latitude":"-13.81666670","longitude":"13.13333330","name":"Mamu\u00e9"},{"id":"97867","latitude":"-14.76666670","longitude":"12.28333330","name":"Mariquita"},{"id":"98164","latitude":"-15.10000000","longitude":"12.90000000","name":"Mipolo"},{"id":"98166","latitude":"-15.01694440","longitude":"12.28000000","name":"Miramar"},{"id":"98167","latitude":"-15.01694440","longitude":"12.28000000","name":"Mirapraia"},{"id":"98193","latitude":"-15.19611110","longitude":"12.15222220","name":"Mo\u00e7\u00e2medes"},{"id":"98205","latitude":"-14.90000000","longitude":"12.21666670","name":"Mocuio"},{"id":"98221","latitude":"-16.68333330","longitude":"13.01666670","name":"Moimba"},{"id":"98275","latitude":"-14.46666670","longitude":"13.40000000","name":"Monguera"},{"id":"98294","latitude":"-14.65000000","longitude":"13.26666670","name":"Montipa"},{"id":"98308","latitude":"-16.16666670","longitude":"12.91666670","name":"Morros do Tchitundulo"},{"id":"98311","latitude":"-15.19611110","longitude":"12.15222220","name":"Mossamedes"},{"id":"98563","latitude":"-14.90000000","longitude":"12.21666670","name":"Mucuio"},{"id":"98581","latitude":"-14.78333330","longitude":"12.50000000","name":"Mucungo"},{"id":"98802","latitude":"-14.93333330","longitude":"12.96666670","name":"Munhino"},{"id":"98934","latitude":"-16.16666670","longitude":"13.21666670","name":"Mutumieque"},{"id":"98998","latitude":"-15.19611110","longitude":"12.15222220","name":"Namibe"},{"id":"99109","latitude":"-15.01666670","longitude":"12.91666670","name":"Nestor"},{"id":"99115","latitude":"-15.15000000","longitude":"12.86666670","name":"Neves"},{"id":"99292","latitude":"-15.76666670","longitude":"12.01666670","name":"Nonguai"},{"id":"99294","latitude":"-15.76666670","longitude":"12.01666670","name":"Nonuai"},{"id":"99442","latitude":"-16.61666670","longitude":"12.88333330","name":"Otchifengo"},{"id":"99444","latitude":"-16.61666670","longitude":"12.88333330","name":"Otechifengo"},{"id":"99479","latitude":"-14.73333330","longitude":"13.50000000","name":"Pambala"},{"id":"99531","latitude":"-16.28333330","longitude":"12.56666670","name":"Pediba"},{"id":"99532","latitude":"-16.28333330","longitude":"12.56666670","name":"Pediva"},{"id":"99566","latitude":"-14.83333330","longitude":"12.25000000","name":"Pescaria Baba"},{"id":"99569","latitude":"-14.76666670","longitude":"12.28333330","name":"Pescaria Mariquita"},{"id":"99590","latitude":"-15.75000000","longitude":"11.90000000","name":"Pinda"},{"id":"99601","latitude":"-14.95000000","longitude":"12.20000000","name":"Pipas"},{"id":"99608","latitude":"-15.95000000","longitude":"12.26666670","name":"Plateau dos Cubais"},{"id":"99639","latitude":"-15.80000000","longitude":"11.85000000","name":"Port Alexander"},{"id":"99642","latitude":"-15.80000000","longitude":"11.85000000","name":"Porto Alexandre"},{"id":"99669","latitude":"-15.20000000","longitude":"12.10000000","name":"Praia Am\u00e9lia"},{"id":"99670","latitude":"-15.22722220","longitude":"12.06805560","name":"Praia Azul"},{"id":"99674","latitude":"-14.76666670","longitude":"12.28333330","name":"Praia de Mariquita"},{"id":"99688","latitude":"-15.75000000","longitude":"12.01666670","name":"P\u00falpito do Norte"},{"id":"99689","latitude":"-15.76666670","longitude":"12.00000000","name":"P\u00falpito do Sul"},{"id":"99690","latitude":"-15.76666670","longitude":"12.00000000","name":"Pulpito"},{"id":"99691","latitude":"-15.76666670","longitude":"12.00000000","name":"Pulpito Sul"},{"id":"100151","latitude":"-14.76666670","longitude":"13.48333330","name":"Quilemba"},{"id":"100820","latitude":"-15.14805560","longitude":"12.17527780","name":"Quipola"},{"id":"101244","latitude":"-15.05000000","longitude":"13.11666670","name":"Renato Grade"},{"id":"101245","latitude":"-15.05000000","longitude":"13.11666670","name":"Renato Grande"},{"id":"101248","latitude":"-15.80000000","longitude":"12.06666670","name":"Restaura\u00e7\u00e3o"},{"id":"101526","latitude":"-15.10000000","longitude":"12.13333330","name":"Sacco"},{"id":"101565","latitude":"-15.10000000","longitude":"12.13333330","name":"Saco do Gira"},{"id":"101566","latitude":"-15.10000000","longitude":"12.13333330","name":"Saco do Giraul"},{"id":"101567","latitude":"-15.10000000","longitude":"12.13333330","name":"Saco Giraul"},{"id":"101570","latitude":"-15.12666670","longitude":"12.15361110","name":"Sacomar"},{"id":"101573","latitude":"-15.10000000","longitude":"12.13333330","name":"Saco"},{"id":"101638","latitude":"-15.43333330","longitude":"12.96666670","name":"Saiona"},{"id":"101674","latitude":"-14.20000000","longitude":"12.35000000","name":"Salinas"},{"id":"102075","latitude":"-13.88333330","longitude":"12.43333330","name":"Santa Marta"},{"id":"102081","latitude":"-15.70000000","longitude":"11.93333330","name":"Santa Rosa"},{"id":"102118","latitude":"-15.80000000","longitude":"12.10000000","name":"S\u00e3o Bento do Sul"},{"id":"102131","latitude":"-15.08333330","longitude":"12.11666670","name":"S\u00e3o J\u00f5ao do Giraul"},{"id":"102132","latitude":"-15.78333330","longitude":"12.10000000","name":"S\u00e3o J\u00f5ao do Sul"},{"id":"102148","latitude":"-16.60000000","longitude":"11.73333330","name":"S\u00e3o Martinho dos Tigres"},{"id":"102154","latitude":"-14.26666670","longitude":"12.38333330","name":"S\u00e3o Nicolau"},{"id":"102504","latitude":"-15.35000000","longitude":"12.15000000","name":"Subida Grande"},{"id":"102505","latitude":"-15.35000000","longitude":"12.15000000","name":"Subida"},{"id":"102581","latitude":"-16.06666670","longitude":"12.43333330","name":"Tambor"},{"id":"102585","latitude":"-15.50000000","longitude":"13.45000000","name":"Tampa"},{"id":"102748","latitude":"-16.16666670","longitude":"12.91666670","name":"Tchintundulo"},{"id":"102882","latitude":"-14.65000000","longitude":"13.26666670","name":"Termas da Montipa"},{"id":"102928","latitude":"-14.70000000","longitude":"13.50000000","name":"Tolundo"},{"id":"102945","latitude":"-15.80000000","longitude":"11.85000000","name":"Tombua"},{"id":"103004","latitude":"-14.70000000","longitude":"13.50000000","name":"Tulando"},{"id":"103005","latitude":"-14.70000000","longitude":"13.50000000","name":"Tulondo"},{"id":"103006","latitude":"-14.70000000","longitude":"13.50000000","name":"Tulundo"},{"id":"103167","latitude":"-14.73333330","longitude":"13.45000000","name":"Umbia"},{"id":"103262","latitude":"-15.55000000","longitude":"13.06666670","name":"Vau"},{"id":"103305","latitude":"-14.76666670","longitude":"13.35000000","name":"Vila Arriaga"},{"id":"103376","latitude":"-14.76666670","longitude":"13.35000000","name":"Villa Arriaga"},{"id":"103403","latitude":"-15.71666670","longitude":"12.95000000","name":"Virei"},{"id":"103522","latitude":"-14.55000000","longitude":"12.80000000","name":"Xinco"}]