[{"id":"756474","latitude":"42.01666700","longitude":"9.30000000","name":"Acciani"},{"id":"756480","latitude":"41.82166700","longitude":"8.78416700","name":"Acelasca"},{"id":"756481","latitude":"41.82166700","longitude":"8.78416700","name":"Acellasca"},{"id":"756505","latitude":"41.51666700","longitude":"9.21666700","name":"Acqua d' Ilia"},{"id":"756506","latitude":"41.75000000","longitude":"8.73333300","name":"Acqua Doria"},{"id":"756507","latitude":"42.73333300","longitude":"9.43333300","name":"Acqualta"},{"id":"756508","latitude":"42.73333300","longitude":"9.43333300","name":"Acqualto"},{"id":"756509","latitude":"42.46666700","longitude":"9.36666700","name":"Acquatella"},{"id":"756538","latitude":"41.98333300","longitude":"8.80000000","name":"Afa"},{"id":"756559","latitude":"42.10000000","longitude":"9.40000000","name":"Aghione"},{"id":"756567","latitude":"41.84944400","longitude":"8.79083300","name":"Agnarelu"},{"id":"756582","latitude":"41.90000000","longitude":"9.26666700","name":"Agno"},{"id":"756748","latitude":"42.40000000","longitude":"9.23333300","name":"Aiti"},{"id":"756781","latitude":"41.91666700","longitude":"8.73333300","name":"Ajaccio"},{"id":"756782","latitude":"41.76666700","longitude":"8.85000000","name":"Aja d'Onica"},{"id":"756785","latitude":"42.03333300","longitude":"9.28333300","name":"Ajola"},{"id":"756799","latitude":"42.30000000","longitude":"9.28333300","name":"Alando"},{"id":"756800","latitude":"41.95000000","longitude":"8.75000000","name":"Alata"},{"id":"756812","latitude":"42.05000000","longitude":"9.31666700","name":"Albareto"},{"id":"756826","latitude":"42.31666700","longitude":"8.98333300","name":"Albertacce"},{"id":"756828","latitude":"42.05000000","longitude":"8.78333300","name":"Albertini"},{"id":"756848","latitude":"41.85000000","longitude":"8.93333300","name":"Albitreccia"},{"id":"756864","latitude":"42.10000000","longitude":"9.51666700","name":"Al\u00e9ria"},{"id":"756875","latitude":"42.61666700","longitude":"8.86666700","name":"Algajola"},{"id":"757014","latitude":"41.70000000","longitude":"9.06666700","name":"Altagene"},{"id":"757025","latitude":"42.01666700","longitude":"9.30000000","name":"Altiani"},{"id":"757051","latitude":"42.72000000","longitude":"9.43194400","name":"Alzetto"},{"id":"757052","latitude":"42.72000000","longitude":"9.43194400","name":"Alzetu"},{"id":"757053","latitude":"42.30000000","longitude":"9.30000000","name":"Alzi"},{"id":"757100","latitude":"42.08333300","longitude":"8.78333300","name":"Ambiegna"},{"id":"757200","latitude":"41.86666700","longitude":"9.00000000","name":"Ampaza"},{"id":"757212","latitude":"42.25000000","longitude":"9.35000000","name":"Ampriani"},{"id":"757247","latitude":"42.03972200","longitude":"8.72833300","name":"Ancone"},{"id":"757423","latitude":"41.95000000","longitude":"9.28333300","name":"Ania"},{"id":"757536","latitude":"42.48333300","longitude":"9.35000000","name":"Antibia"},{"id":"757552","latitude":"42.16666700","longitude":"9.35000000","name":"Antisanti"},{"id":"757561","latitude":"42.58333300","longitude":"8.90000000","name":"Antonino"},{"id":"757617","latitude":"42.00000000","longitude":"8.76666700","name":"Appieto"},{"id":"757618","latitude":"42.00000000","longitude":"8.76666700","name":"Appietto"},{"id":"757635","latitude":"42.15000000","longitude":"8.78333300","name":"Apricciani"},{"id":"757636","latitude":"42.15000000","longitude":"8.78333300","name":"Apriciani"},{"id":"757640","latitude":"41.63333300","longitude":"9.28333300","name":"Araggio"},{"id":"757658","latitude":"41.68333300","longitude":"8.98333300","name":"Arbellara"},{"id":"757671","latitude":"42.28333300","longitude":"9.28333300","name":"Arbitro"},{"id":"757681","latitude":"42.13333300","longitude":"8.80000000","name":"Arbori"},{"id":"757697","latitude":"41.56666700","longitude":"9.21666700","name":"Arca"},{"id":"757808","latitude":"42.58333300","longitude":"8.90000000","name":"Aregno"},{"id":"757812","latitude":"42.50000000","longitude":"9.46666700","name":"Arena"},{"id":"757817","latitude":"42.90000000","longitude":"9.40000000","name":"Arenola"},{"id":"757891","latitude":"41.81666700","longitude":"9.26666700","name":"Arggiavara"},{"id":"757892","latitude":"41.81666700","longitude":"9.26666700","name":"Arggiovara"},{"id":"757893","latitude":"41.81666700","longitude":"9.26666700","name":"Argiavara"},{"id":"757901","latitude":"41.80000000","longitude":"9.01666700","name":"Argiusta-Moriccio"},{"id":"757917","latitude":"41.86666700","longitude":"9.11666700","name":"Arialaccia"},{"id":"758048","latitude":"41.64722200","longitude":"9.26805600","name":"Arraggio"},{"id":"758088","latitude":"42.08333300","longitude":"8.81666700","name":"Arro"},{"id":"758236","latitude":"42.45000000","longitude":"9.03333300","name":"Asco"},{"id":"758295","latitude":"41.92750000","longitude":"8.76194400","name":"Aspretto"},{"id":"758346","latitude":"42.46666700","longitude":"8.70000000","name":"Astro"},{"id":"758369","latitude":"42.03333300","longitude":"9.28333300","name":"Attana"},{"id":"758421","latitude":"41.98333300","longitude":"9.40000000","name":"Auberge Casamozza"},{"id":"758662","latitude":"41.76666700","longitude":"9.08333300","name":"Aull\u00e8ne"},{"id":"759026","latitude":"42.56666700","longitude":"8.90000000","name":"Avapessa"},{"id":"759239","latitude":"41.86666700","longitude":"9.01666700","name":"Azilone-Ampaza"},{"id":"759240","latitude":"41.86666700","longitude":"9.01666700","name":"Azilone"},{"id":"759250","latitude":"42.11666700","longitude":"8.91666700","name":"Azzana"},{"id":"759341","latitude":"41.90000000","longitude":"9.10000000","name":"Bagni di Guitera"},{"id":"759420","latitude":"41.95000000","longitude":"8.80000000","name":"Bains de Caldaniccia"},{"id":"759421","latitude":"42.16666700","longitude":"8.88333300","name":"Bains de Guagno"},{"id":"759422","latitude":"41.90000000","longitude":"9.10000000","name":"Bains de Guitera"},{"id":"759501","latitude":"42.43333300","longitude":"8.71666700","name":"Balla di Botta"},{"id":"759534","latitude":"42.16666700","longitude":"8.78333300","name":"Balogna"},{"id":"759625","latitude":"42.45000000","longitude":"9.31666700","name":"Baranciasche"},{"id":"759626","latitude":"42.45000000","longitude":"9.31666700","name":"Baranciascolie"},{"id":"759696","latitude":"43.00000000","longitude":"9.40000000","name":"Barcaggio"},{"id":"759705","latitude":"42.48333300","longitude":"9.38333300","name":"Barchetta"},{"id":"759813","latitude":"41.91666700","longitude":"8.90000000","name":"Barracone"},{"id":"759846","latitude":"42.81666700","longitude":"9.41666700","name":"Barrigioni"},{"id":"759865","latitude":"41.67888900","longitude":"8.91472200","name":"Bartaccia"},{"id":"759888","latitude":"41.91666700","longitude":"9.28333300","name":"Basalla"},{"id":"759998","latitude":"42.00000000","longitude":"9.05000000","name":"Bastelica"},{"id":"760000","latitude":"42.70277800","longitude":"9.45000000","name":"Bastia"},{"id":"760030","latitude":"41.73333300","longitude":"8.86666700","name":"Batterie Molinelle"},{"id":"760718","latitude":"42.58333300","longitude":"9.01666700","name":"Belgod\u00e8re"},{"id":"760920","latitude":"41.63333300","longitude":"8.85000000","name":"Belv\u00e9d\u00e8re"},{"id":"760922","latitude":"41.63333300","longitude":"8.85000000","name":"Belved\u00e8re-Campomaro"},{"id":"760923","latitude":"41.63333300","longitude":"8.85000000","name":"Belved\u00e8re-Campomoro"},{"id":"760939","latitude":"41.61666700","longitude":"9.06666700","name":"Belzese"},{"id":"760940","latitude":"41.61666700","longitude":"9.06666700","name":"Belzeze"},{"id":"761748","latitude":"42.53333300","longitude":"9.28333300","name":"Bigorno"},{"id":"761752","latitude":"42.61666700","longitude":"9.41666700","name":"Biguglia"},{"id":"761765","latitude":"41.61666700","longitude":"8.91666700","name":"Bilia"},{"id":"761809","latitude":"41.61666700","longitude":"9.06666700","name":"Bilzese"},{"id":"761810","latitude":"41.61666700","longitude":"9.06666700","name":"Bilzeze"},{"id":"761866","latitude":"41.65000000","longitude":"9.08333300","name":"Bisene"},{"id":"761867","latitude":"41.83333300","longitude":"8.86666700","name":"Bisinao"},{"id":"761868","latitude":"42.46666700","longitude":"9.31666700","name":"Bisinchi"},{"id":"762173","latitude":"41.55000000","longitude":"9.28333300","name":"Bocca del Oro"},{"id":"762176","latitude":"42.08333300","longitude":"9.06666700","name":"Bocognano"},{"id":"762183","latitude":"41.91666700","longitude":"8.91666700","name":"Bodiciasche"},{"id":"762510","latitude":"41.38333300","longitude":"9.15000000","name":"Bonifacio"},{"id":"762736","latitude":"42.40000000","longitude":"9.28333300","name":"Borgo"},{"id":"762864","latitude":"42.96666700","longitude":"9.36666700","name":"Botticella"},{"id":"762865","latitude":"42.96666700","longitude":"9.36666700","name":"Botticola"},{"id":"763567","latitude":"42.73333300","longitude":"9.35000000","name":"Braccolaccia"},{"id":"763570","latitude":"42.88333300","longitude":"9.33333300","name":"Brachelle"},{"id":"763638","latitude":"42.76666700","longitude":"9.45000000","name":"Brando"},{"id":"764227","latitude":"41.75000000","longitude":"8.81666700","name":"Bronca"},{"id":"764228","latitude":"41.75000000","longitude":"8.81666700","name":"Bronco"},{"id":"764380","latitude":"41.98333300","longitude":"9.26666700","name":"Bruschiccia"},{"id":"764385","latitude":"42.35000000","longitude":"9.36666700","name":"Brustico"},{"id":"764416","latitude":"42.15000000","longitude":"8.68333300","name":"Bubia"},{"id":"764614","latitude":"42.61666700","longitude":"9.11666700","name":"Busca Malo"},{"id":"764646","latitude":"42.80000000","longitude":"9.41666700","name":"Busseto"},{"id":"764702","latitude":"42.31666700","longitude":"9.30000000","name":"Bustanico"},{"id":"764907","latitude":"42.33333300","longitude":"9.01666700","name":"Calacuccia"},{"id":"764908","latitude":"41.81666700","longitude":"9.40000000","name":"Cala d'Oro"},{"id":"764917","latitude":"41.62277800","longitude":"9.34666700","name":"Cala Rossa"},{"id":"764919","latitude":"42.33333300","longitude":"8.96666700","name":"Calasima"},{"id":"764921","latitude":"42.33333300","longitude":"8.96666700","name":"Calasuna"},{"id":"764924","latitude":"42.01666700","longitude":"8.76666700","name":"Calcatoggio"},{"id":"764926","latitude":"41.58555600","longitude":"9.30583300","name":"Caldaja"},{"id":"764929","latitude":"42.50000000","longitude":"8.85000000","name":"Calenzana"},{"id":"764960","latitude":"42.11666700","longitude":"9.48333300","name":"Calviani"},{"id":"764961","latitude":"42.56666700","longitude":"8.75000000","name":"Calvi"},{"id":"764966","latitude":"42.05000000","longitude":"8.93333300","name":"Calzatoja"},{"id":"764990","latitude":"42.36666700","longitude":"9.30000000","name":"Cambia"},{"id":"765028","latitude":"42.65277800","longitude":"9.44944400","name":"Camera"},{"id":"765055","latitude":"42.38333300","longitude":"9.35000000","name":"Campadonico"},{"id":"765077","latitude":"41.41000000","longitude":"9.18500000","name":"Campagru"},{"id":"765078","latitude":"42.38333300","longitude":"9.35000000","name":"Campana"},{"id":"765091","latitude":"42.51666700","longitude":"9.51666700","name":"Camp du Cap Sud"},{"id":"765099","latitude":"41.76666700","longitude":"8.75000000","name":"Campestra"},{"id":"765110","latitude":"42.26666700","longitude":"9.41666700","name":"Campi"},{"id":"765115","latitude":"42.48333300","longitude":"9.35000000","name":"Campile"},{"id":"765118","latitude":"42.51666700","longitude":"9.31666700","name":"Campitello"},{"id":"765123","latitude":"41.88333300","longitude":"9.00000000","name":"Campo"},{"id":"765124","latitude":"42.45000000","longitude":"9.48333300","name":"Campo d'Arietto"},{"id":"765125","latitude":"42.05000000","longitude":"9.36666700","name":"Campodiloro"},{"id":"765126","latitude":"42.38333300","longitude":"9.35000000","name":"Campodonico"},{"id":"765128","latitude":"41.61666700","longitude":"8.81666700","name":"Campo Moro"},{"id":"765133","latitude":"42.48333300","longitude":"9.11666700","name":"Campretti"},{"id":"765160","latitude":"42.50000000","longitude":"9.35000000","name":"Canaggia"},{"id":"765161","latitude":"42.15000000","longitude":"9.13333300","name":"Canaglia"},{"id":"765162","latitude":"42.50000000","longitude":"9.35000000","name":"Canaja"},{"id":"765163","latitude":"41.96666700","longitude":"8.85000000","name":"Canale Cabanes"},{"id":"765164","latitude":"41.96666700","longitude":"8.85000000","name":"Canale"},{"id":"765165","latitude":"42.28333300","longitude":"9.46666700","name":"Canale-di-Verde"},{"id":"765170","latitude":"42.85000000","longitude":"9.35000000","name":"Canari"},{"id":"765173","latitude":"42.05000000","longitude":"9.26666700","name":"Canavaggia"},{"id":"765197","latitude":"42.96666700","longitude":"9.35000000","name":"Canelle"},{"id":"765215","latitude":"41.80555600","longitude":"9.39722200","name":"Cannella"},{"id":"765216","latitude":"42.05000000","longitude":"8.83333300","name":"Cannelle"},{"id":"765224","latitude":"41.51666700","longitude":"9.20000000","name":"Canni"},{"id":"765298","latitude":"41.68333300","longitude":"9.31666700","name":"Capo"},{"id":"765299","latitude":"41.93333300","longitude":"8.63333300","name":"Capo di Feno"},{"id":"765300","latitude":"42.38333300","longitude":"9.18333300","name":"Caporalino"},{"id":"765301","latitude":"41.90000000","longitude":"8.83333300","name":"Capo Toro"},{"id":"765310","latitude":"41.69666700","longitude":"8.87083300","name":"Cappicciolo"},{"id":"765315","latitude":"41.70000000","longitude":"9.16666700","name":"Carabona"},{"id":"765316","latitude":"42.91666700","longitude":"9.45000000","name":"Caraco"},{"id":"765323","latitude":"42.06666700","longitude":"9.35000000","name":"Caratello"},{"id":"765329","latitude":"41.66666700","longitude":"9.13333300","name":"Carbini"},{"id":"765330","latitude":"42.88333300","longitude":"9.40000000","name":"Carbonacce"},{"id":"765333","latitude":"42.03333300","longitude":"8.95000000","name":"Carbuccia"},{"id":"765346","latitude":"42.36666700","longitude":"9.36666700","name":"Carcheto"},{"id":"765347","latitude":"42.01666700","longitude":"8.83333300","name":"Carcopino"},{"id":"765354","latitude":"42.71666700","longitude":"9.35000000","name":"Cardeto"},{"id":"765355","latitude":"41.53333300","longitude":"9.21666700","name":"Cardetto"},{"id":"765356","latitude":"42.70333300","longitude":"9.42916700","name":"Cardo"},{"id":"765359","latitude":"41.86666700","longitude":"8.98333300","name":"Cardo-Torgia"},{"id":"765361","latitude":"42.31666700","longitude":"9.50000000","name":"Careggia"},{"id":"765370","latitude":"42.13333300","longitude":"8.58333300","name":"Carg\u00e8se"},{"id":"765371","latitude":"41.71666700","longitude":"9.05000000","name":"Cargiaca"},{"id":"765422","latitude":"42.46666700","longitude":"9.38333300","name":"Carogne"},{"id":"765423","latitude":"42.46666700","longitude":"9.38333300","name":"Carogno"},{"id":"765426","latitude":"42.46666700","longitude":"9.38333300","name":"Caronco"},{"id":"765432","latitude":"42.35000000","longitude":"9.38333300","name":"Carpineto"},{"id":"765468","latitude":"42.35000000","longitude":"9.28333300","name":"Carticasi"},{"id":"765480","latitude":"41.63333300","longitude":"9.03333300","name":"Casabianca"},{"id":"765481","latitude":"42.08333300","longitude":"9.50000000","name":"Casabianda"},{"id":"765482","latitude":"42.45000000","longitude":"9.28333300","name":"Casabiti"},{"id":"765483","latitude":"41.93333300","longitude":"8.83333300","name":"Casa delle Torre"},{"id":"765484","latitude":"41.93333300","longitude":"8.83333300","name":"Casa del Torre"},{"id":"765485","latitude":"42.06666700","longitude":"8.78333300","name":"Casaglione"},{"id":"765486","latitude":"41.75000000","longitude":"8.93333300","name":"Casalabriva"},{"id":"765488","latitude":"42.43333300","longitude":"9.41666700","name":"Casalta"},{"id":"765489","latitude":"42.31666700","longitude":"9.00000000","name":"Casam\u00e1cciol"},{"id":"765490","latitude":"42.31666700","longitude":"9.00000000","name":"Casamaccioli"},{"id":"765491","latitude":"42.51666700","longitude":"9.43333300","name":"Casamocza"},{"id":"765492","latitude":"41.98333300","longitude":"9.40000000","name":"Casa Moza"},{"id":"765493","latitude":"41.98333300","longitude":"9.40000000","name":"Casamozza"},{"id":"765494","latitude":"42.51666700","longitude":"9.43333300","name":"Casamozze"},{"id":"765495","latitude":"42.06666700","longitude":"9.01666700","name":"Casanacca"},{"id":"765496","latitude":"42.25000000","longitude":"9.16666700","name":"Casanova"},{"id":"765497","latitude":"42.45000000","longitude":"9.28333300","name":"Casapitti"},{"id":"765498","latitude":"42.06666700","longitude":"9.01666700","name":"Casaracca"},{"id":"765501","latitude":"42.18333300","longitude":"8.66666700","name":"Case"},{"id":"765503","latitude":"42.26666700","longitude":"9.28333300","name":"Casella"},{"id":"765507","latitude":"41.58972200","longitude":"9.30583300","name":"Casetta Bianca"},{"id":"765508","latitude":"42.13333300","longitude":"9.35000000","name":"Casevecchie"},{"id":"765509","latitude":"42.41666700","longitude":"9.46666700","name":"Casevocchie"},{"id":"765527","latitude":"42.53333300","longitude":"8.88333300","name":"Cassano"},{"id":"765539","latitude":"42.66666700","longitude":"9.21666700","name":"Casta"},{"id":"765581","latitude":"42.30000000","longitude":"9.25000000","name":"Castellare"},{"id":"765582","latitude":"42.46666700","longitude":"9.46666700","name":"Castellare-di-Casinca"},{"id":"765583","latitude":"42.30000000","longitude":"9.25000000","name":"Castellare-di-Mercurio"},{"id":"765588","latitude":"42.76666700","longitude":"9.45000000","name":"Castello"},{"id":"765680","latitude":"42.50000000","longitude":"9.11666700","name":"Castifao"},{"id":"765681","latitude":"42.41666700","longitude":"9.13333300","name":"Castiglione"},{"id":"765707","latitude":"42.41666700","longitude":"9.30000000","name":"Castineta"},{"id":"765708","latitude":"42.36666700","longitude":"9.15000000","name":"Castirla"},{"id":"765723","latitude":"42.11666700","longitude":"9.51666700","name":"Cateraggio"},{"id":"765724","latitude":"42.56666700","longitude":"8.90000000","name":"Cateri"},{"id":"765725","latitude":"42.11666700","longitude":"9.51666700","name":"Caterraggio"},{"id":"765811","latitude":"41.90000000","longitude":"8.91666700","name":"Cauro"},{"id":"765850","latitude":"42.35000000","longitude":"9.03333300","name":"Cavallaracce"},{"id":"765941","latitude":"41.55000000","longitude":"9.25000000","name":"Ceccia"},{"id":"766022","latitude":"42.95000000","longitude":"9.35000000","name":"Centuri"},{"id":"766035","latitude":"42.11666700","longitude":"8.75000000","name":"Cerasa"},{"id":"766137","latitude":"42.33333300","longitude":"9.48333300","name":"Cervione"},{"id":"766716","latitude":"42.45000000","longitude":"9.48333300","name":"Champ d'Ariette"},{"id":"768301","latitude":"41.50000000","longitude":"9.20000000","name":"Chera"},{"id":"768545","latitude":"42.28333300","longitude":"9.46666700","name":"Chiatra"},{"id":"768558","latitude":"42.23333300","longitude":"8.76666700","name":"Chidazzo"},{"id":"768563","latitude":"41.75000000","longitude":"9.10000000","name":"Chiesa"},{"id":"768567","latitude":"42.18333300","longitude":"8.81666700","name":"Chigliani"},{"id":"768600","latitude":"42.85000000","longitude":"9.31666700","name":"Chine"},{"id":"768604","latitude":"42.40000000","longitude":"8.75000000","name":"Chiornia"},{"id":"768605","latitude":"41.76666700","longitude":"8.73333300","name":"Chioselle"},{"id":"768630","latitude":"41.91666700","longitude":"9.26666700","name":"Chisa"},{"id":"768646","latitude":"42.13333300","longitude":"8.98333300","name":"Chiusa"},{"id":"768737","latitude":"41.73333300","longitude":"8.78333300","name":"Ciaconcella"},{"id":"768739","latitude":"41.95000000","longitude":"9.15000000","name":"Ciamannacce"},{"id":"768784","latitude":"42.91666700","longitude":"9.35000000","name":"Ciocce"},{"id":"768785","latitude":"41.76666700","longitude":"8.85000000","name":"Ciocciajo"},{"id":"768786","latitude":"41.96805600","longitude":"8.61166700","name":"Ciontra"},{"id":"768796","latitude":"41.65555600","longitude":"9.36666700","name":"Cirendino"},{"id":"768797","latitude":"41.65555600","longitude":"9.36666700","name":"Cirendinu"},{"id":"769246","latitude":"42.11666700","longitude":"8.75000000","name":"Coggia"},{"id":"769264","latitude":"41.81666700","longitude":"8.90000000","name":"Cognocoli-Monticchi"},{"id":"769265","latitude":"41.81666700","longitude":"8.90000000","name":"Cognocoli-Montichi"},{"id":"769580","latitude":"41.65000000","longitude":"9.05000000","name":"Compoli"},{"id":"769599","latitude":"41.73333300","longitude":"9.33333300","name":"Conca"},{"id":"769610","latitude":"42.86666700","longitude":"9.35000000","name":"Conchiglio"},{"id":"769801","latitude":"41.50000000","longitude":"9.25000000","name":"Conte"},{"id":"769866","latitude":"42.61666700","longitude":"8.90000000","name":"Corbara"},{"id":"770072","latitude":"41.88333300","longitude":"9.06666700","name":"Corrano"},{"id":"770089","latitude":"42.35000000","longitude":"9.03333300","name":"Corscia"},{"id":"770096","latitude":"42.30000000","longitude":"9.15000000","name":"Corte"},{"id":"770098","latitude":"41.98333300","longitude":"8.90000000","name":"Corticchiato"},{"id":"770099","latitude":"42.83333300","longitude":"9.41666700","name":"Cortina"},{"id":"770137","latitude":"42.03333300","longitude":"8.95000000","name":"Costa"},{"id":"770157","latitude":"41.76666700","longitude":"8.76666700","name":"Coti-Chiavari"},{"id":"770775","latitude":"41.93333300","longitude":"9.15000000","name":"Cozzano"},{"id":"771049","latitude":"42.23333300","longitude":"8.83333300","name":"Cristinacce"},{"id":"771060","latitude":"41.80000000","longitude":"9.00000000","name":"Croce"},{"id":"771064","latitude":"42.46666700","longitude":"9.35000000","name":"Crocicchia"},{"id":"771134","latitude":"42.81666700","longitude":"9.45000000","name":"Crosciano"},{"id":"771210","latitude":"42.03333300","longitude":"8.96666700","name":"Crucoli"},{"id":"771364","latitude":"41.51666700","longitude":"9.16666700","name":"Cuo"},{"id":"771425","latitude":"42.31666700","longitude":"8.66666700","name":"Curzo"},{"id":"771427","latitude":"42.31666700","longitude":"8.66666700","name":"Curzu"},{"id":"771461","latitude":"41.98333300","longitude":"8.91666700","name":"Cutoli-Corticchiato"},{"id":"771467","latitude":"41.98333300","longitude":"8.91666700","name":"Cuttoli-Corticchiato"},{"id":"772153","latitude":"42.00000000","longitude":"9.05000000","name":"Dominicacci"},{"id":"772695","latitude":"41.91666700","longitude":"8.91666700","name":"Eccica"},{"id":"772696","latitude":"41.91666700","longitude":"8.91666700","name":"Eccica-Suerella"},{"id":"772913","latitude":"42.25000000","longitude":"8.80000000","name":"Eivissa"},{"id":"773241","latitude":"42.26666700","longitude":"9.28333300","name":"Erbaiolo"},{"id":"773242","latitude":"42.26666700","longitude":"9.28333300","name":"Erbajolo"},{"id":"773243","latitude":"42.76666700","longitude":"9.46666700","name":"Erbalunga"},{"id":"773306","latitude":"42.36666700","longitude":"9.26666700","name":"\u00c9rone"},{"id":"773432","latitude":"42.10333300","longitude":"8.71027800","name":"Esigna"},{"id":"773450","latitude":"42.48333300","longitude":"9.33333300","name":"Espaco"},{"id":"773845","latitude":"42.25000000","longitude":"8.80000000","name":"Evisa"},{"id":"774017","latitude":"42.36666700","longitude":"9.50000000","name":"Fano"},{"id":"774127","latitude":"41.73055600","longitude":"9.40555600","name":"Fautea"},{"id":"774141","latitude":"42.28333300","longitude":"9.26666700","name":"Favalello"},{"id":"774174","latitude":"41.76666700","longitude":"9.40000000","name":"Favone"},{"id":"774266","latitude":"42.35000000","longitude":"9.41666700","name":"Felce"},{"id":"774271","latitude":"42.53333300","longitude":"8.93333300","name":"Feliceto"},{"id":"774488","latitude":"42.41666700","longitude":"9.36666700","name":"Ficaja"},{"id":"774489","latitude":"42.25000000","longitude":"8.61666700","name":"Ficajola"},{"id":"774490","latitude":"42.73333300","longitude":"9.43333300","name":"Ficarella"},{"id":"774498","latitude":"42.90000000","longitude":"9.36666700","name":"Fieno"},{"id":"774508","latitude":"42.73333300","longitude":"9.43333300","name":"Figarella"},{"id":"774509","latitude":"42.41666700","longitude":"9.51666700","name":"Figareto"},{"id":"774516","latitude":"41.75000000","longitude":"8.71666700","name":"Figoni"},{"id":"774541","latitude":"42.45000000","longitude":"8.78333300","name":"Finocchi"},{"id":"774546","latitude":"41.63333300","longitude":"8.96666700","name":"Fior di Spina"},{"id":"774562","latitude":"42.38333300","longitude":"9.45000000","name":"Fiuminale"},{"id":"774563","latitude":"42.38333300","longitude":"9.45000000","name":"Fiuminale Sottano"},{"id":"774817","latitude":"41.70000000","longitude":"9.01666700","name":"Foce di Vergio"},{"id":"774818","latitude":"41.61666700","longitude":"9.00000000","name":"Foce"},{"id":"774819","latitude":"42.25000000","longitude":"9.30000000","name":"Focicchia"},{"id":"774820","latitude":"42.38333300","longitude":"8.61666700","name":"Focolara"},{"id":"774823","latitude":"41.83333300","longitude":"8.83333300","name":"Fogolina"},{"id":"774842","latitude":"42.45000000","longitude":"9.51666700","name":"Folelli"},{"id":"775021","latitude":"41.91666700","longitude":"8.83333300","name":"Fontanaccio"},{"id":"775041","latitude":"42.51666700","longitude":"9.40000000","name":"Fontanone"},{"id":"775195","latitude":"42.51666700","longitude":"9.00000000","name":"Forcili"},{"id":"775196","latitude":"41.85000000","longitude":"9.01666700","name":"Forciolo"},{"id":"775197","latitude":"41.63333300","longitude":"9.00000000","name":"Forconcello"},{"id":"775254","latitude":"42.46666700","longitude":"9.35000000","name":"Forno"},{"id":"775255","latitude":"42.46666700","longitude":"9.35000000","name":"Fornole"},{"id":"775299","latitude":"41.65000000","longitude":"9.31666700","name":"Fossi"},{"id":"775488","latitude":"41.70000000","longitude":"9.00000000","name":"Fozzano"},{"id":"775532","latitude":"42.40000000","longitude":"9.18333300","name":"Francardo"},{"id":"775607","latitude":"41.88333300","longitude":"9.01666700","name":"Frasseto"},{"id":"775970","latitude":"41.75000000","longitude":"8.70000000","name":"Fuatese"},{"id":"775995","latitude":"42.65000000","longitude":"9.41666700","name":"Furiani"},{"id":"775998","latitude":"41.61111100","longitude":"9.29638900","name":"Furoli"},{"id":"776081","latitude":"42.40000000","longitude":"8.65000000","name":"Galeria"},{"id":"776450","latitude":"41.59944400","longitude":"9.28277800","name":"Georges-Ville"},{"id":"776588","latitude":"41.83944400","longitude":"8.77194400","name":"Ghiatone"},{"id":"776589","latitude":"42.86666700","longitude":"9.41666700","name":"Ghilloni"},{"id":"776590","latitude":"42.00000000","longitude":"9.40000000","name":"Ghisonaccia"},{"id":"776591","latitude":"42.10000000","longitude":"9.21666700","name":"Ghisoni"},{"id":"776594","latitude":"41.65000000","longitude":"9.30000000","name":"Gialla"},{"id":"776596","latitude":"41.56666700","longitude":"9.03333300","name":"Giannaccio"},{"id":"776597","latitude":"41.56666700","longitude":"9.03333300","name":"Giannuccio"},{"id":"776632","latitude":"41.71666700","longitude":"8.71666700","name":"Giglio"},{"id":"776702","latitude":"42.43333300","longitude":"9.35000000","name":"Giocatojo"},{"id":"776709","latitude":"41.93333300","longitude":"9.11666700","name":"Giovicacce"},{"id":"776730","latitude":"42.35000000","longitude":"8.60000000","name":"Girolata"},{"id":"776769","latitude":"42.21666700","longitude":"9.36666700","name":"Giuncaggio"},{"id":"776770","latitude":"41.58333300","longitude":"8.96666700","name":"Giuncheto"},{"id":"777243","latitude":"41.63333300","longitude":"9.00000000","name":"Granacce"},{"id":"777244","latitude":"41.63333300","longitude":"9.00000000","name":"Granace"},{"id":"777575","latitude":"41.56666700","longitude":"8.95000000","name":"Grasi"},{"id":"777590","latitude":"42.45000000","longitude":"9.30000000","name":"Gratte"},{"id":"777765","latitude":"42.76666700","longitude":"9.36666700","name":"Grillasca"},{"id":"777852","latitude":"41.60000000","longitude":"8.88333300","name":"Grossa"},{"id":"777856","latitude":"41.86666700","longitude":"8.96666700","name":"Grosseto"},{"id":"777857","latitude":"41.86666700","longitude":"8.96666700","name":"Grosseto-Prugna"},{"id":"777869","latitude":"41.93333300","longitude":"9.11666700","name":"Grovicacce"},{"id":"777900","latitude":"42.16666700","longitude":"8.93333300","name":"Guagno"},{"id":"777901","latitude":"42.16666700","longitude":"8.88333300","name":"Guagno-les-Bains"},{"id":"777904","latitude":"42.26666700","longitude":"8.71666700","name":"Guaita"},{"id":"777905","latitude":"42.70000000","longitude":"9.41666700","name":"Guaitella"},{"id":"777906","latitude":"41.70000000","longitude":"9.15000000","name":"Gualdariccio"},{"id":"777907","latitude":"42.96666700","longitude":"9.35000000","name":"Gualdo"},{"id":"777909","latitude":"41.83333300","longitude":"8.93333300","name":"Guarguale"},{"id":"778031","latitude":"42.13333300","longitude":"8.96666700","name":"Guigliazza"},{"id":"778124","latitude":"42.23333300","longitude":"9.16666700","name":"Guiselle"},{"id":"778131","latitude":"41.91666700","longitude":"9.08333300","name":"Guitera"},{"id":"778164","latitude":"41.40666700","longitude":"9.22777800","name":"Gurgazo"},{"id":"778165","latitude":"41.40666700","longitude":"9.22777800","name":"Gurgazu"},{"id":"779342","latitude":"42.66666700","longitude":"9.13333300","name":"Iffana"},{"id":"779364","latitude":"41.75000000","longitude":"8.81666700","name":"Il Bronco"},{"id":"779371","latitude":"42.63333300","longitude":"8.93333300","name":"\u00cele Rousse"},{"id":"779479","latitude":"42.06666700","longitude":"9.26666700","name":"Iola"},{"id":"779533","latitude":"42.00000000","longitude":"9.28333300","name":"Isolaccio-di Fiumorba"},{"id":"779534","latitude":"42.00000000","longitude":"9.28333300","name":"Isolaccio-di-Fiumorbo"},{"id":"779535","latitude":"42.41666700","longitude":"9.46666700","name":"Isolaccio"},{"id":"780172","latitude":"41.85000000","longitude":"9.38333300","name":"Kamiesch"},{"id":"780173","latitude":"41.85000000","longitude":"9.38333300","name":"Kamiesh"},{"id":"780815","latitude":"42.48333300","longitude":"9.38333300","name":"La Barchetta"},{"id":"781510","latitude":"41.75000000","longitude":"8.76666700","name":"La Callustra"},{"id":"781587","latitude":"41.78333300","longitude":"8.71666700","name":"La Castagna"},{"id":"782343","latitude":"41.83333300","longitude":"8.78333300","name":"La Crociata"},{"id":"783033","latitude":"41.90000000","longitude":"9.26666700","name":"L'Agno"},{"id":"783434","latitude":"42.80000000","longitude":"9.36666700","name":"Lainosa"},{"id":"783756","latitude":"42.56666700","longitude":"9.16666700","name":"Lama"},{"id":"783779","latitude":"42.55000000","longitude":"9.51666700","name":"La Marana"},{"id":"783813","latitude":"42.36666700","longitude":"9.50000000","name":"La Marine de Padulella"},{"id":"784477","latitude":"42.38333300","longitude":"9.25000000","name":"Lano"},{"id":"784634","latitude":"42.86666700","longitude":"9.41666700","name":"La Pedina"},{"id":"784741","latitude":"42.33333300","longitude":"8.96666700","name":"La Pietra"},{"id":"784838","latitude":"42.41666700","longitude":"9.35000000","name":"La Porta"},{"id":"785042","latitude":"42.50000000","longitude":"9.46666700","name":"L'Arena"},{"id":"785482","latitude":"42.51666700","longitude":"9.18333300","name":"La Sambuchetta"},{"id":"785509","latitude":"41.60027800","longitude":"9.28583300","name":"La Sauvagie"},{"id":"785685","latitude":"42.43333300","longitude":"8.75000000","name":"La Tana"},{"id":"785719","latitude":"41.45000000","longitude":"9.08333300","name":"La Testa"},{"id":"785754","latitude":"42.51666700","longitude":"9.45000000","name":"La Torra"},{"id":"786031","latitude":"42.55000000","longitude":"8.75000000","name":"La Vaccaja"},{"id":"786047","latitude":"41.56666700","longitude":"8.88333300","name":"La Vaguccia"},{"id":"786160","latitude":"42.75000000","longitude":"9.46666700","name":"La Vasina"},{"id":"786164","latitude":"42.56666700","longitude":"8.86666700","name":"Lavatoggio"},{"id":"786365","latitude":"41.38333300","longitude":"9.15000000","name":"La Ville de Bonifacio"},{"id":"787537","latitude":"42.70694400","longitude":"9.45000000","name":"Le Fango"},{"id":"788706","latitude":"42.51666700","longitude":"9.28333300","name":"Lento"},{"id":"789192","latitude":"41.91666700","longitude":"9.38333300","name":"Le Pont du Travo"},{"id":"789392","latitude":"41.62833300","longitude":"9.33444400","name":"Le Ranch"},{"id":"789447","latitude":"41.92805600","longitude":"8.76916700","name":"Le Ricanto"},{"id":"789540","latitude":"41.83250000","longitude":"8.78611100","name":"Le Ruppione"},{"id":"791081","latitude":"41.87027800","longitude":"8.78777800","name":"Les Hameaux de Porticcio"},{"id":"792568","latitude":"42.18333300","longitude":"8.83333300","name":"Letia"},{"id":"792892","latitude":"41.70000000","longitude":"9.11666700","name":"Levie"},{"id":"792933","latitude":"42.13333300","longitude":"8.58333300","name":"Le Village de Carg\u00e8se"},{"id":"792934","latitude":"42.09444400","longitude":"8.71194400","name":"Le Village de Penisola"},{"id":"793340","latitude":"42.63333300","longitude":"8.93333300","name":"L'Ile-Rousse"},{"id":"793436","latitude":"42.25000000","longitude":"9.46666700","name":"Linguizetta"},{"id":"793437","latitude":"42.25000000","longitude":"9.46666700","name":"Linguizzetta"},{"id":"793551","latitude":"42.50000000","longitude":"8.76666700","name":"Listrella"},{"id":"793576","latitude":"42.10000000","longitude":"8.71666700","name":"Livida"},{"id":"793969","latitude":"42.10000000","longitude":"8.83333300","name":"Lopigna"},{"id":"793975","latitude":"42.96666700","longitude":"9.36666700","name":"L'Orche"},{"id":"793985","latitude":"42.46666700","longitude":"9.41666700","name":"Loreta di Casinca"},{"id":"793986","latitude":"42.46666700","longitude":"9.41666700","name":"Loreto-di-Casinca"},{"id":"793987","latitude":"41.71666700","longitude":"9.05000000","name":"Loreto-di-Tallano"},{"id":"793988","latitude":"41.71666700","longitude":"9.05000000","name":"Loreto"},{"id":"793998","latitude":"42.36666700","longitude":"9.30000000","name":"Loriani"},{"id":"794041","latitude":"41.65000000","longitude":"9.20000000","name":"L'Ospedale"},{"id":"794278","latitude":"42.15000000","longitude":"8.61666700","name":"Lozzi"},{"id":"794302","latitude":"42.53333300","longitude":"9.41666700","name":"Lucciana"},{"id":"794336","latitude":"42.53333300","longitude":"9.41666700","name":"Luciana"},{"id":"794392","latitude":"42.06666700","longitude":"9.30000000","name":"Lugo-di-Nazza"},{"id":"794393","latitude":"42.06666700","longitude":"9.30000000","name":"Lugo"},{"id":"794416","latitude":"42.56666700","longitude":"8.83333300","name":"Lumio"},{"id":"794434","latitude":"42.53333300","longitude":"8.86666700","name":"Lunghignano"},{"id":"794443","latitude":"42.66666700","longitude":"9.43333300","name":"Lupino"},{"id":"794606","latitude":"41.80000000","longitude":"9.08333300","name":"Macello"},{"id":"794627","latitude":"42.21666700","longitude":"8.83333300","name":"Macinaggio"},{"id":"795136","latitude":"42.18333300","longitude":"8.61666700","name":"Malzone"},{"id":"795181","latitude":"42.95000000","longitude":"9.43333300","name":"Mandolacce"},{"id":"795193","latitude":"42.75000000","longitude":"9.41666700","name":"Mandriale"},{"id":"795194","latitude":"42.00000000","longitude":"8.81666700","name":"Mandriolo"},{"id":"795204","latitude":"41.68750000","longitude":"9.36944400","name":"Mangialla"},{"id":"795257","latitude":"42.38333300","longitude":"8.76666700","name":"Manso"},{"id":"795323","latitude":"41.81666700","longitude":"8.88333300","name":"Marato"},{"id":"795612","latitude":"42.93333300","longitude":"9.43333300","name":"Maria"},{"id":"795630","latitude":"42.21666700","longitude":"8.80000000","name":"Marignana"},{"id":"795668","latitude":"42.83333300","longitude":"9.46666700","name":"Marina de Pietracorbara"},{"id":"795669","latitude":"42.85000000","longitude":"9.33333300","name":"Marinca"},{"id":"795670","latitude":"42.81666700","longitude":"9.33333300","name":"Marine d'Albo"},{"id":"795671","latitude":"42.73333300","longitude":"9.33333300","name":"Marine de Farinole"},{"id":"795672","latitude":"42.88333300","longitude":"9.46666700","name":"Marine de Luri"},{"id":"795673","latitude":"42.93333300","longitude":"9.46666700","name":"Marine de Meria"},{"id":"795674","latitude":"42.73333300","longitude":"9.45000000","name":"Marine de Miomo"},{"id":"795675","latitude":"42.36666700","longitude":"9.50000000","name":"Marine de Padulella"},{"id":"795676","latitude":"42.83333300","longitude":"9.46666700","name":"Marine de Pietracorbara"},{"id":"795677","latitude":"42.88333300","longitude":"9.46666700","name":"Marine de Porticciolo"},{"id":"795678","latitude":"42.31666700","longitude":"9.53333300","name":"Marine de Prunete"},{"id":"795679","latitude":"42.76666700","longitude":"9.46666700","name":"Marine d'Erbalunga"},{"id":"795680","latitude":"42.80000000","longitude":"9.48333300","name":"Marine de Sisco"},{"id":"795681","latitude":"42.73333300","longitude":"9.45000000","name":"Marine du Miomo"},{"id":"795750","latitude":"41.75000000","longitude":"8.75000000","name":"Marmontaja"},{"id":"796201","latitude":"42.26666700","longitude":"9.38333300","name":"Matra"},{"id":"796340","latitude":"42.51666700","longitude":"9.01666700","name":"Mausol\u00e9o"},{"id":"796515","latitude":"42.30000000","longitude":"9.31666700","name":"Mazzola"},{"id":"796610","latitude":"41.68333300","longitude":"9.08333300","name":"Mela"},{"id":"796882","latitude":"42.93333300","longitude":"9.43333300","name":"Meria"},{"id":"797303","latitude":"41.95000000","longitude":"8.78333300","name":"Mezzavia"},{"id":"797349","latitude":"42.00000000","longitude":"9.36666700","name":"Migliaccaro"},{"id":"797350","latitude":"42.00000000","longitude":"9.36666700","name":"Migliacciaro"},{"id":"797373","latitude":"42.33333300","longitude":"9.41666700","name":"Milaria"},{"id":"797436","latitude":"42.90000000","longitude":"9.33333300","name":"Minerbio"},{"id":"797439","latitude":"42.90000000","longitude":"9.33333300","name":"Minervio"},{"id":"797456","latitude":"42.73333300","longitude":"9.45000000","name":"Miomo"},{"id":"797457","latitude":"42.73333300","longitude":"9.45000000","name":"Mionio"},{"id":"797574","latitude":"41.80000000","longitude":"9.00000000","name":"Moca-Croce"},{"id":"797575","latitude":"42.50000000","longitude":"8.83333300","name":"Mocale"},{"id":"797576","latitude":"41.80000000","longitude":"9.00000000","name":"Moca"},{"id":"797648","latitude":"42.26666700","longitude":"9.41666700","name":"Mo\u00efta"},{"id":"797690","latitude":"41.73333300","longitude":"8.86666700","name":"Molinelle"},{"id":"797691","latitude":"42.81666700","longitude":"9.45000000","name":"Moline"},{"id":"797700","latitude":"41.85000000","longitude":"8.80000000","name":"Molini"},{"id":"797737","latitude":"42.46666700","longitude":"9.11666700","name":"Moltifao"},{"id":"797750","latitude":"41.51666700","longitude":"9.01666700","name":"Monacia-d'Aulene"},{"id":"797751","latitude":"41.51666700","longitude":"9.01666700","name":"Monacia-d'Aullene"},{"id":"797752","latitude":"42.38333300","longitude":"9.38333300","name":"Monacia-d'Orezza"},{"id":"797753","latitude":"42.38333300","longitude":"9.38333300","name":"Monacia"},{"id":"797754","latitude":"42.38333300","longitude":"9.38333300","name":"Monacio"},{"id":"797777","latitude":"42.50000000","longitude":"8.83333300","name":"Moncale"},{"id":"798440","latitude":"42.35000000","longitude":"8.81666700","name":"Monte Estremo"},{"id":"798473","latitude":"42.53333300","longitude":"8.86666700","name":"Montemaggiore"},{"id":"798476","latitude":"42.46666700","longitude":"9.38333300","name":"Monte"},{"id":"798511","latitude":"42.66666700","longitude":"9.43333300","name":"Montesoro"},{"id":"798701","latitude":"41.80000000","longitude":"8.90000000","name":"Monticchi"},{"id":"798702","latitude":"42.46666700","longitude":"9.25000000","name":"Monticelli"},{"id":"798703","latitude":"42.61666700","longitude":"8.95000000","name":"Monticello"},{"id":"798704","latitude":"41.80000000","longitude":"8.90000000","name":"Montichi"},{"id":"799349","latitude":"41.81666700","longitude":"9.01666700","name":"Moriccio"},{"id":"799418","latitude":"42.43333300","longitude":"9.31666700","name":"Morosaglia"},{"id":"799445","latitude":"42.00000000","longitude":"9.38333300","name":"Morta"},{"id":"799843","latitude":"42.30000000","longitude":"9.45000000","name":"Mucchie"},{"id":"799844","latitude":"42.30000000","longitude":"9.45000000","name":"Mucchio"},{"id":"799845","latitude":"41.58333300","longitude":"9.20000000","name":"Mucchitone"},{"id":"799847","latitude":"42.73333300","longitude":"9.43333300","name":"Muchieta"},{"id":"799852","latitude":"42.41666700","longitude":"8.73333300","name":"Mugalellu"},{"id":"799853","latitude":"42.41666700","longitude":"8.73333300","name":"Mugalletto"},{"id":"799878","latitude":"42.13333300","longitude":"8.85000000","name":"Muna"},{"id":"799897","latitude":"42.16666700","longitude":"9.18333300","name":"Muracciole"},{"id":"799899","latitude":"41.59166700","longitude":"9.20833300","name":"Muratello"},{"id":"799900","latitude":"41.59166700","longitude":"9.20833300","name":"Muratellu"},{"id":"799905","latitude":"41.61666700","longitude":"9.05000000","name":"Murato"},{"id":"799928","latitude":"42.06666700","longitude":"9.06666700","name":"Murocinto"},{"id":"799932","latitude":"42.55000000","longitude":"8.91666700","name":"Muro"},{"id":"799947","latitude":"42.16666700","longitude":"8.83333300","name":"Murzo"},{"id":"799956","latitude":"41.57777800","longitude":"9.29472200","name":"Musoleu"},{"id":"800291","latitude":"42.16666700","longitude":"8.78333300","name":"Nesa"},{"id":"800313","latitude":"42.55000000","longitude":"8.95000000","name":"Nessa"},{"id":"800685","latitude":"41.73333300","longitude":"9.31666700","name":"Nivalella"},{"id":"800686","latitude":"41.73333300","longitude":"9.31666700","name":"Nivalello"},{"id":"800717","latitude":"42.40000000","longitude":"9.35000000","name":"Nocario"},{"id":"800719","latitude":"42.20000000","longitude":"9.20000000","name":"Noceta"},{"id":"800865","latitude":"42.78333300","longitude":"9.33333300","name":"Nonza"},{"id":"800912","latitude":"41.60000000","longitude":"9.23333300","name":"Nota"},{"id":"801060","latitude":"42.30000000","longitude":"9.41666700","name":"Novale"},{"id":"801064","latitude":"42.56666700","longitude":"9.11666700","name":"Novella"},{"id":"801238","latitude":"42.46666700","longitude":"9.45000000","name":"Ocagnano"},{"id":"801239","latitude":"41.95000000","longitude":"8.93333300","name":"Ocana"},{"id":"801242","latitude":"42.56666700","longitude":"9.01666700","name":"Occhiatana"},{"id":"801243","latitude":"42.60000000","longitude":"8.91666700","name":"Occiglioni"},{"id":"801300","latitude":"41.50000000","longitude":"9.13333300","name":"Ogliastrello"},{"id":"801301","latitude":"42.81666700","longitude":"9.33333300","name":"Ogliastro"},{"id":"801361","latitude":"42.83333300","longitude":"9.43333300","name":"Oleta"},{"id":"801362","latitude":"42.63333300","longitude":"9.35000000","name":"Oletta"},{"id":"801368","latitude":"42.41666700","longitude":"9.28333300","name":"Olini"},{"id":"801370","latitude":"41.83333300","longitude":"9.05000000","name":"Olivese"},{"id":"801392","latitude":"42.60000000","longitude":"9.35000000","name":"Olmeta-di-Tuda"},{"id":"801393","latitude":"42.60000000","longitude":"9.35000000","name":"Olmeta"},{"id":"801394","latitude":"42.60000000","longitude":"9.35000000","name":"Olmetao"},{"id":"801398","latitude":"41.71666700","longitude":"8.91666700","name":"Olmeto"},{"id":"801399","latitude":"42.51666700","longitude":"9.01666700","name":"Olmi-Capella"},{"id":"801400","latitude":"42.51666700","longitude":"9.01666700","name":"Olmi-Cappella"},{"id":"801401","latitude":"41.68333300","longitude":"9.05000000","name":"Olmiccia"},{"id":"801402","latitude":"42.41666700","longitude":"9.28333300","name":"Olmi"},{"id":"801403","latitude":"42.48333300","longitude":"9.40000000","name":"Olmo"},{"id":"801404","latitude":"41.70000000","longitude":"9.40000000","name":"Olmucciu"},{"id":"801421","latitude":"42.36666700","longitude":"9.20000000","name":"Omessa"},{"id":"801482","latitude":"42.01666700","longitude":"8.81666700","name":"Opapo"},{"id":"801509","latitude":"41.56666700","longitude":"8.95000000","name":"Orasi"},{"id":"801540","latitude":"42.03777800","longitude":"8.73888900","name":"Orcino"},{"id":"801556","latitude":"42.90000000","longitude":"9.40000000","name":"Orenola"},{"id":"801559","latitude":"42.83333300","longitude":"9.43333300","name":"Oreta"},{"id":"801671","latitude":"41.98333300","longitude":"9.33333300","name":"Ornaso"},{"id":"801673","latitude":"42.85000000","longitude":"9.41666700","name":"Orneto"},{"id":"801684","latitude":"41.66666700","longitude":"9.15000000","name":"Orone"},{"id":"801717","latitude":"42.31666700","longitude":"9.41666700","name":"Ortale"},{"id":"801728","latitude":"42.45000000","longitude":"9.35000000","name":"Ortiporio"},{"id":"801730","latitude":"42.18333300","longitude":"8.93333300","name":"Orto"},{"id":"801754","latitude":"42.31666700","longitude":"8.63333300","name":"Osani"},{"id":"801803","latitude":"42.26666700","longitude":"8.75000000","name":"Ota"},{"id":"801998","latitude":"41.71666700","longitude":"9.16666700","name":"Paccioniholi"},{"id":"801999","latitude":"41.71666700","longitude":"9.16666700","name":"Paccionitoli"},{"id":"802015","latitude":"42.36666700","longitude":"9.50000000","name":"Padulella"},{"id":"802016","latitude":"42.68055600","longitude":"9.43194400","name":"Paese Novu"},{"id":"802071","latitude":"42.08333300","longitude":"9.25000000","name":"Pajanello"},{"id":"802074","latitude":"42.72000000","longitude":"9.45666700","name":"Palagaccio"},{"id":"802085","latitude":"42.58333300","longitude":"9.05000000","name":"Palasca"},{"id":"802091","latitude":"41.62666700","longitude":"9.25138900","name":"Palavese"},{"id":"802131","latitude":"42.60000000","longitude":"8.91666700","name":"Palmento"},{"id":"802132","latitude":"41.96666700","longitude":"9.16666700","name":"Palneca"},{"id":"802145","latitude":"42.31666700","longitude":"9.15000000","name":"Panatieri"},{"id":"802149","latitude":"42.21666700","longitude":"9.35000000","name":"Pancheraccia"},{"id":"802150","latitude":"42.15000000","longitude":"8.63333300","name":"Pancone"},{"id":"802154","latitude":"42.31666700","longitude":"9.15000000","name":"Panettieri"},{"id":"802172","latitude":"41.66666700","longitude":"9.10000000","name":"Pantano"},{"id":"802183","latitude":"42.21666700","longitude":"9.31666700","name":"Paradiso"},{"id":"802188","latitude":"42.13333300","longitude":"8.78333300","name":"Parapoggio"},{"id":"802191","latitude":"41.93333300","longitude":"9.31666700","name":"Parata"},{"id":"802297","latitude":"42.33333300","longitude":"8.73333300","name":"Parma"},{"id":"802334","latitude":"42.30000000","longitude":"8.68333300","name":"Partinello"},{"id":"802335","latitude":"42.75000000","longitude":"9.45000000","name":"Partine"},{"id":"802341","latitude":"41.55000000","longitude":"9.26666700","name":"Pasciabello"},{"id":"802342","latitude":"42.38333300","longitude":"8.66666700","name":"Pasciale-Fogliaccia"},{"id":"802343","latitude":"41.59305600","longitude":"9.31083300","name":"Pascialella"},{"id":"802344","latitude":"41.55000000","longitude":"9.26666700","name":"Pascialello"},{"id":"802345","latitude":"41.61666700","longitude":"9.05000000","name":"Pasciale Morato"},{"id":"802392","latitude":"42.91666700","longitude":"9.40000000","name":"Pastina"},{"id":"802393","latitude":"42.45000000","longitude":"9.31666700","name":"Pastoreccia"},{"id":"802394","latitude":"42.01666700","longitude":"9.31666700","name":"Pastricciola"},{"id":"802400","latitude":"42.66527800","longitude":"9.42638900","name":"Paterno"},{"id":"802454","latitude":"41.90000000","longitude":"8.85000000","name":"Pavilla"},{"id":"802522","latitude":"42.18333300","longitude":"9.33333300","name":"Pedale"},{"id":"802523","latitude":"42.53333300","longitude":"9.16666700","name":"Pedano"},{"id":"802525","latitude":"42.05000000","longitude":"9.35000000","name":"Pedimozza"},{"id":"802657","latitude":"42.45000000","longitude":"9.35000000","name":"Penta-Acquatella"},{"id":"802658","latitude":"42.46666700","longitude":"9.45000000","name":"Penta-di-Casinca"},{"id":"802659","latitude":"42.46666700","longitude":"9.45000000","name":"Penta"},{"id":"802661","latitude":"42.35000000","longitude":"9.43333300","name":"Pente"},{"id":"802695","latitude":"42.31666700","longitude":"9.36666700","name":"Perelli"},{"id":"802735","latitude":"42.00000000","longitude":"8.91666700","name":"Peri"},{"id":"802756","latitude":"42.41666700","longitude":"9.46666700","name":"Pero-Casevecchie"},{"id":"802787","latitude":"41.58694400","longitude":"9.33583300","name":"Perrelli"},{"id":"803041","latitude":"41.78333300","longitude":"8.98333300","name":"Petreto-Bicchisano"},{"id":"803042","latitude":"41.78333300","longitude":"8.98333300","name":"Petreto"},{"id":"803216","latitude":"42.23333300","longitude":"8.63333300","name":"Piana"},{"id":"803217","latitude":"41.56666700","longitude":"9.21666700","name":"Pianelli"},{"id":"803218","latitude":"42.28333300","longitude":"9.35000000","name":"Pianello"},{"id":"803219","latitude":"42.45000000","longitude":"9.38333300","name":"Piano"},{"id":"803220","latitude":"41.48333300","longitude":"9.05000000","name":"Pianottoli-Caldarello"},{"id":"803224","latitude":"42.31666700","longitude":"9.40000000","name":"Piazalli"},{"id":"803225","latitude":"42.31666700","longitude":"9.40000000","name":"Piazzali"},{"id":"803226","latitude":"42.88333300","longitude":"9.40000000","name":"Piazza"},{"id":"803227","latitude":"42.86666700","longitude":"9.41666700","name":"Piazze"},{"id":"803228","latitude":"42.38333300","longitude":"9.40000000","name":"Piazzole"},{"id":"803235","latitude":"42.08333300","longitude":"8.71666700","name":"Picchieranaccio"},{"id":"803236","latitude":"41.58138900","longitude":"9.34138900","name":"Piccovaggia"},{"id":"803237","latitude":"41.96666700","longitude":"9.35000000","name":"Picdiquarcio"},{"id":"803248","latitude":"42.31666700","longitude":"9.23333300","name":"Pie del Valdo"},{"id":"803250","latitude":"42.28333300","longitude":"9.31666700","name":"Piedicorte-di-Bozio"},{"id":"803251","latitude":"42.23333300","longitude":"9.33333300","name":"Piedicorte-di-Gaggio"},{"id":"803252","latitude":"42.23333300","longitude":"9.33333300","name":"Pi\u00e9dicorte"},{"id":"803253","latitude":"42.23333300","longitude":"9.33333300","name":"Piedicroce-di Gaggio"},{"id":"803254","latitude":"42.36666700","longitude":"9.35000000","name":"Piedicroce"},{"id":"803255","latitude":"42.45000000","longitude":"9.16666700","name":"Piedigriggio"},{"id":"803256","latitude":"42.28333300","longitude":"9.31666700","name":"Piedilacorte-de-Bozio"},{"id":"803257","latitude":"42.28333300","longitude":"9.31666700","name":"Piedilacorte"},{"id":"803258","latitude":"42.36666700","longitude":"9.35000000","name":"Piedipartino"},{"id":"803259","latitude":"41.96666700","longitude":"9.35000000","name":"Piediquarcio"},{"id":"803262","latitude":"42.36666700","longitude":"9.35000000","name":"Pie-d'Orezza"},{"id":"803263","latitude":"42.36666700","longitude":"9.35000000","name":"Pied Orezza"},{"id":"803280","latitude":"42.10000000","longitude":"9.36666700","name":"Pieraggi"},{"id":"803283","latitude":"42.10000000","longitude":"9.36666700","name":"Pierraggi"},{"id":"803366","latitude":"41.93333300","longitude":"8.75000000","name":"Pietra Alba"},{"id":"803367","latitude":"42.15000000","longitude":"9.31666700","name":"Pietra Bianca"},{"id":"803368","latitude":"42.30000000","longitude":"9.45000000","name":"Pietra-di-Verde"},{"id":"803369","latitude":"42.53333300","longitude":"9.18333300","name":"Pietralba"},{"id":"803370","latitude":"41.56666700","longitude":"9.18333300","name":"Pietralonga"},{"id":"803371","latitude":"41.51000000","longitude":"9.23333300","name":"Pietra Longa Salvini"},{"id":"803372","latitude":"41.51000000","longitude":"9.23333300","name":"Pietra Lunga"},{"id":"803373","latitude":"41.51000000","longitude":"9.23333300","name":"Pietralunga-Salvini"},{"id":"803374","latitude":"42.63333300","longitude":"9.08333300","name":"Pietra Moneta"},{"id":"803375","latitude":"42.72166700","longitude":"9.45500000","name":"Pietranera"},{"id":"803376","latitude":"42.30000000","longitude":"9.45000000","name":"Pietra"},{"id":"803377","latitude":"41.98333300","longitude":"9.30000000","name":"Pietrapola"},{"id":"803378","latitude":"41.73333300","longitude":"8.81666700","name":"Pietra Rossa"},{"id":"803379","latitude":"42.23333300","longitude":"9.35000000","name":"Pietraserena"},{"id":"803380","latitude":"42.33333300","longitude":"9.38333300","name":"Pietricaggio"},{"id":"803381","latitude":"41.75000000","longitude":"8.71666700","name":"Pietroli"},{"id":"803382","latitude":"41.83333300","longitude":"8.85000000","name":"Pietrosella"},{"id":"803383","latitude":"42.15000000","longitude":"9.26666700","name":"Pietroso"},{"id":"803387","latitude":"42.56666700","longitude":"9.28333300","name":"Pieve"},{"id":"803395","latitude":"42.60000000","longitude":"8.90000000","name":"Pigna"},{"id":"803407","latitude":"41.80000000","longitude":"8.91666700","name":"Pila-Canale"},{"id":"803428","latitude":"41.68611100","longitude":"9.36944400","name":"Pinarello"},{"id":"803429","latitude":"41.68611100","longitude":"9.36944400","name":"Pinarellu"},{"id":"803441","latitude":"41.96666700","longitude":"9.33333300","name":"Pinello"},{"id":"803442","latitude":"42.63333300","longitude":"9.46666700","name":"Pineto"},{"id":"803451","latitude":"42.31666700","longitude":"8.71666700","name":"Pinito"},{"id":"803456","latitude":"42.90000000","longitude":"9.35000000","name":"Pino"},{"id":"803467","latitude":"42.33333300","longitude":"9.38333300","name":"Piobbeta"},{"id":"803468","latitude":"42.53333300","longitude":"9.00000000","name":"Pioggiola"},{"id":"803495","latitude":"41.53333300","longitude":"9.11666700","name":"Piscia"},{"id":"803496","latitude":"42.00000000","longitude":"8.78333300","name":"Piscia Rossa"},{"id":"803497","latitude":"41.90000000","longitude":"8.83333300","name":"Pisciatella"},{"id":"803498","latitude":"41.90000000","longitude":"8.83333300","name":"Pisciatello"},{"id":"803499","latitude":"41.93333300","longitude":"8.63333300","name":"Piscinale"},{"id":"803504","latitude":"41.93333300","longitude":"8.63333300","name":"Pisinale"},{"id":"803940","latitude":"41.51666700","longitude":"9.08333300","name":"Poggiale"},{"id":"803941","latitude":"42.40000000","longitude":"9.41666700","name":"Poggie"},{"id":"803942","latitude":"42.05000000","longitude":"9.30000000","name":"Poggio-di-Nazza"},{"id":"803943","latitude":"41.68333300","longitude":"9.05000000","name":"Poggio-di-Tallano"},{"id":"803944","latitude":"42.25000000","longitude":"9.18333300","name":"Poggio-di-Venaco"},{"id":"803945","latitude":"42.63333300","longitude":"9.35000000","name":"Poggio-d'Oletta"},{"id":"803946","latitude":"41.46666700","longitude":"9.21666700","name":"Poggio d'Olmo"},{"id":"803947","latitude":"42.46666700","longitude":"9.30000000","name":"Poggiola"},{"id":"803948","latitude":"42.16666700","longitude":"8.91666700","name":"Poggiolo"},{"id":"803949","latitude":"42.43333300","longitude":"9.35000000","name":"Poggio-Marinaccio"},{"id":"803950","latitude":"42.40000000","longitude":"9.48333300","name":"Poggio-Mezzana"},{"id":"803951","latitude":"41.68333300","longitude":"9.05000000","name":"Poggio"},{"id":"803952","latitude":"41.98333300","longitude":"8.83333300","name":"Poggi"},{"id":"804052","latitude":"42.40000000","longitude":"9.36666700","name":"Polveroso"},{"id":"804292","latitude":"42.45000000","longitude":"9.20000000","name":"Ponte alla Leccia"},{"id":"804300","latitude":"42.45000000","longitude":"9.20000000","name":"Ponte-Leccia"},{"id":"804302","latitude":"42.48333300","longitude":"9.28333300","name":"Ponte-Nuovo"},{"id":"804423","latitude":"42.43333300","longitude":"9.13333300","name":"Popolasca"},{"id":"804434","latitude":"42.51666700","longitude":"9.00000000","name":"Porcili"},{"id":"804437","latitude":"41.60250000","longitude":"9.27888900","name":"Poretta"},{"id":"804438","latitude":"42.75000000","longitude":"9.45000000","name":"Poretto"},{"id":"804451","latitude":"42.45000000","longitude":"9.43333300","name":"Porri"},{"id":"804467","latitude":"42.41666700","longitude":"9.35000000","name":"Porta"},{"id":"804503","latitude":"42.10000000","longitude":"8.70000000","name":"Port de Sagone"},{"id":"804536","latitude":"42.88333300","longitude":"9.46666700","name":"Porticciolo"},{"id":"804537","latitude":"41.88333300","longitude":"8.78333300","name":"Porticcio"},{"id":"804539","latitude":"41.63333300","longitude":"8.86666700","name":"Portigliole"},{"id":"804540","latitude":"41.63333300","longitude":"8.86666700","name":"Portigliolo"},{"id":"804562","latitude":"42.88333300","longitude":"9.46666700","name":"Portocciolo"},{"id":"804563","latitude":"41.70000000","longitude":"8.80000000","name":"Porto Pollo"},{"id":"804564","latitude":"42.26666700","longitude":"8.70000000","name":"Porto"},{"id":"804567","latitude":"41.65000000","longitude":"9.33333300","name":"Portovecchiaccio"},{"id":"804568","latitude":"41.58333300","longitude":"9.28333300","name":"Porto-Vecchio"},{"id":"804838","latitude":"41.80000000","longitude":"8.75000000","name":"Pozzaccio"},{"id":"804839","latitude":"42.76666700","longitude":"9.45000000","name":"Pozzo"},{"id":"804915","latitude":"42.58333300","longitude":"8.88333300","name":"Praoli"},{"id":"804930","latitude":"42.03333300","longitude":"8.90000000","name":"Prati"},{"id":"804933","latitude":"42.41666700","longitude":"9.16666700","name":"Prato"},{"id":"804988","latitude":"41.54722200","longitude":"9.26666700","name":"Precoggio"},{"id":"804989","latitude":"41.54722200","longitude":"9.26666700","name":"Precojo"},{"id":"805159","latitude":"41.54722200","longitude":"9.26666700","name":"Pricojo"},{"id":"805216","latitude":"41.66666700","longitude":"8.90000000","name":"Propriano"},{"id":"805250","latitude":"42.68333300","longitude":"9.35000000","name":"Prucinasca"},{"id":"805274","latitude":"42.50000000","longitude":"9.40000000","name":"Prunelli-di-Casacconi"},{"id":"805275","latitude":"42.00000000","longitude":"9.33333300","name":"Prunelli-di-Fiumerbo"},{"id":"805276","latitude":"42.00000000","longitude":"9.33333300","name":"Prunelli-di-Fiumorbo"},{"id":"805277","latitude":"42.50000000","longitude":"9.40000000","name":"Prunelli"},{"id":"805278","latitude":"42.50000000","longitude":"9.40000000","name":"Prunello-di Casaccone"},{"id":"805279","latitude":"42.31666700","longitude":"9.53333300","name":"Prunete-Cervione"},{"id":"805280","latitude":"42.31666700","longitude":"9.53333300","name":"Prunete"},{"id":"805293","latitude":"41.51666700","longitude":"9.15000000","name":"Pruno"},{"id":"805409","latitude":"42.10000000","longitude":"9.46666700","name":"Punticciole"},{"id":"805410","latitude":"42.10000000","longitude":"9.46666700","name":"Puntieciole"},{"id":"805415","latitude":"42.58333300","longitude":"9.45000000","name":"Purettone"},{"id":"805416","latitude":"42.58333300","longitude":"9.45000000","name":"Purettoni"},{"id":"805600","latitude":"42.33333300","longitude":"9.40000000","name":"Quarcette"},{"id":"805601","latitude":"42.95000000","longitude":"9.40000000","name":"Quarcioli"},{"id":"805610","latitude":"41.90000000","longitude":"9.00000000","name":"Quasquara"},{"id":"805664","latitude":"41.76666700","longitude":"9.13333300","name":"Quenza"},{"id":"805669","latitude":"42.33333300","longitude":"9.40000000","name":"Querceto"},{"id":"805670","latitude":"42.41666700","longitude":"9.35000000","name":"Quercitello"},{"id":"805675","latitude":"42.33333300","longitude":"9.40000000","name":"Querietto"},{"id":"805892","latitude":"41.55000000","longitude":"9.18333300","name":"Raghino"},{"id":"805893","latitude":"42.33333300","longitude":"9.26666700","name":"Ragina"},{"id":"806032","latitude":"42.36666700","longitude":"9.38333300","name":"Rapaggio"},{"id":"806033","latitude":"42.58333300","longitude":"9.30000000","name":"Rapale"},{"id":"806135","latitude":"42.28333300","longitude":"9.30000000","name":"Rebbia"},{"id":"806393","latitude":"42.21666700","longitude":"8.83333300","name":"Renno"},{"id":"806519","latitude":"42.18333300","longitude":"8.65000000","name":"Revinda"},{"id":"806549","latitude":"42.11666700","longitude":"8.95000000","name":"Rezza"},{"id":"806848","latitude":"42.25000000","longitude":"9.18333300","name":"Riventosa"},{"id":"807244","latitude":"42.15000000","longitude":"8.63333300","name":"Rondolino"},{"id":"807344","latitude":"42.11666700","longitude":"8.86666700","name":"Rosazia"},{"id":"807402","latitude":"42.18333300","longitude":"9.21666700","name":"Rospigliani"},{"id":"807410","latitude":"42.11666700","longitude":"9.26666700","name":"Rosse"},{"id":"807440","latitude":"42.13333300","longitude":"9.45000000","name":"Rottane"},{"id":"807441","latitude":"42.13333300","longitude":"9.45000000","name":"Rottani"},{"id":"807933","latitude":"42.36666700","longitude":"9.25000000","name":"Rusio"},{"id":"807946","latitude":"42.58333300","longitude":"9.35000000","name":"Rutali"},{"id":"808035","latitude":"42.10000000","longitude":"8.70000000","name":"Sagone"},{"id":"808395","latitude":"42.08333300","longitude":"9.36666700","name":"Saint-Antoine"},{"id":"808396","latitude":"42.69444400","longitude":"9.45000000","name":"Saint Antoine"},{"id":"809712","latitude":"42.31666700","longitude":"9.21666700","name":"Sainte-Lucie-de Mercurio"},{"id":"809713","latitude":"42.38333300","longitude":"9.50000000","name":"Sainte-Lucie-de-Moriani"},{"id":"809714","latitude":"41.70000000","longitude":"9.35000000","name":"Sainte-Lucie de Porto-Vecchio"},{"id":"809715","latitude":"41.68333300","longitude":"9.05000000","name":"Sainte-Lucie-de-Tallano"},{"id":"809716","latitude":"41.70000000","longitude":"9.35000000","name":"Sainte-Lucie"},{"id":"809743","latitude":"42.33333300","longitude":"9.50000000","name":"Sainte Maria-Poggio"},{"id":"809782","latitude":"42.33333300","longitude":"9.50000000","name":"Sainte Marie Poggio"},{"id":"809789","latitude":"41.86666700","longitude":"8.98333300","name":"Sainte-Marie"},{"id":"809802","latitude":"41.86666700","longitude":"8.98333300","name":"Sainte-Marie-Sicche"},{"id":"810024","latitude":"41.62777800","longitude":"9.29166700","name":"Sainte Trinit\u00e9"},{"id":"810132","latitude":"42.68333300","longitude":"9.30000000","name":"Saint-Florent"},{"id":"811172","latitude":"41.93083300","longitude":"8.75972200","name":"Saint-Joseph"},{"id":"811173","latitude":"42.69166700","longitude":"9.44583300","name":"Saint Joseph"},{"id":"811296","latitude":"41.38333300","longitude":"9.18333300","name":"Saint-Julien"},{"id":"814184","latitude":"41.96722200","longitude":"8.63722200","name":"Saliccia"},{"id":"814185","latitude":"42.11666700","longitude":"8.90000000","name":"Salice"},{"id":"814186","latitude":"42.40000000","longitude":"9.30000000","name":"Saliceto"},{"id":"814300","latitude":"41.97444400","longitude":"8.65944400","name":"Saltatoggiu"},{"id":"814304","latitude":"41.55000000","longitude":"9.16666700","name":"Salvadilevo"},{"id":"814349","latitude":"41.93333300","longitude":"9.11666700","name":"Sampolo"},{"id":"814359","latitude":"42.58333300","longitude":"8.90000000","name":"San Antonio"},{"id":"814363","latitude":"41.98333300","longitude":"8.73333300","name":"San-Benedette"},{"id":"814364","latitude":"41.98333300","longitude":"8.73333300","name":"San-B\u00e9n\u00e9detto"},{"id":"814374","latitude":"41.63611100","longitude":"9.34111100","name":"San Ciprianu"},{"id":"814390","latitude":"42.40000000","longitude":"9.41666700","name":"San-Damiano"},{"id":"814400","latitude":"41.71666700","longitude":"9.15000000","name":"San-Gavino-di-Carbini"},{"id":"814401","latitude":"41.96666700","longitude":"9.26666700","name":"San-Gavino-di-Fiumorbo"},{"id":"814402","latitude":"42.58333300","longitude":"9.26666700","name":"San-Gavino-di-Tenda"},{"id":"814403","latitude":"41.51666700","longitude":"9.06666700","name":"San-Gavino"},{"id":"814407","latitude":"42.36666700","longitude":"9.46666700","name":"San-Giovanni-di-Moriani"},{"id":"814408","latitude":"42.01666700","longitude":"9.35000000","name":"San-Giovanni"},{"id":"814409","latitude":"42.30000000","longitude":"9.50000000","name":"San-Giuliano"},{"id":"814422","latitude":"42.38333300","longitude":"9.28333300","name":"San-Lorenzo"},{"id":"814423","latitude":"42.71666700","longitude":"9.41666700","name":"San-Martino-di-Lota"},{"id":"814424","latitude":"42.71666700","longitude":"9.41666700","name":"San-Martino"},{"id":"814429","latitude":"42.36666700","longitude":"9.50000000","name":"San-Nicolao"},{"id":"814432","latitude":"42.65833300","longitude":"9.44166700","name":"San Pancrazio"},{"id":"814447","latitude":"42.95000000","longitude":"9.36666700","name":"Santa-Chiara"},{"id":"814448","latitude":"42.31666700","longitude":"9.21666700","name":"Santa-Lucia-di-Mercurio"},{"id":"814449","latitude":"42.38333300","longitude":"9.50000000","name":"Santa-Lucia-di-Moriani"},{"id":"814450","latitude":"41.68333300","longitude":"9.05000000","name":"Santa-Lucia-di-Tallano"},{"id":"814451","latitude":"41.68333300","longitude":"9.05000000","name":"Santa-Lucia"},{"id":"814452","latitude":"41.70000000","longitude":"9.35000000","name":"Santa Lucia"},{"id":"814453","latitude":"42.31666700","longitude":"9.21666700","name":"Santa-Lucia"},{"id":"814454","latitude":"41.40833300","longitude":"9.21166700","name":"Sant'Amanza"},{"id":"814455","latitude":"41.80000000","longitude":"8.81666700","name":"Santa-Manza"},{"id":"814456","latitude":"42.75000000","longitude":"9.43333300","name":"Santa-Maria-di-Lota"},{"id":"814457","latitude":"41.70000000","longitude":"9.00000000","name":"Santa-Maria-Figaniella"},{"id":"814459","latitude":"42.33333300","longitude":"9.50000000","name":"Santa-Maria-Poggio"},{"id":"814460","latitude":"41.70000000","longitude":"9.00000000","name":"Santa-Maria"},{"id":"814461","latitude":"41.86666700","longitude":"8.98333300","name":"Santa-Maria-Sich\u00e9"},{"id":"814462","latitude":"42.30000000","longitude":"9.46666700","name":"Sant' Andrea-di-Cotone"},{"id":"814463","latitude":"41.68333300","longitude":"9.06666700","name":"Sant' Andrea-di-Tallano"},{"id":"814464","latitude":"42.03333300","longitude":"8.80000000","name":"Sant Andrea d' Occino"},{"id":"814465","latitude":"42.03333300","longitude":"8.80000000","name":"Sant' Andrea-d'Orcino"},{"id":"814466","latitude":"41.68333300","longitude":"9.06666700","name":"Sant'Andrea"},{"id":"814468","latitude":"42.58333300","longitude":"8.90000000","name":"Sant'Antonino"},{"id":"814469","latitude":"42.08333300","longitude":"9.36666700","name":"Sant'Antonio"},{"id":"814470","latitude":"42.60000000","longitude":"8.91666700","name":"Santa-Reparata-di-Balagna"},{"id":"814471","latitude":"42.35000000","longitude":"9.43333300","name":"Santa-Reparata-di-Moriani"},{"id":"814472","latitude":"42.35000000","longitude":"9.43333300","name":"Santa Reparata"},{"id":"814473","latitude":"42.60000000","longitude":"8.91666700","name":"Santa-Reparata"},{"id":"814474","latitude":"42.88333300","longitude":"9.46666700","name":"Santa-Severa"},{"id":"814492","latitude":"42.60000000","longitude":"9.25000000","name":"Santo-Pietro-di-Tenda"},{"id":"814493","latitude":"42.23333300","longitude":"9.16666700","name":"Santo-Pietro-di-Venaco"},{"id":"814494","latitude":"42.23333300","longitude":"9.16666700","name":"Santo Pietro"},{"id":"814495","latitude":"42.60000000","longitude":"9.25000000","name":"Santo-Pietro"},{"id":"814513","latitude":"41.58333300","longitude":"9.00000000","name":"Saparale"},{"id":"814514","latitude":"41.58333300","longitude":"9.00000000","name":"Saparate"},{"id":"814515","latitude":"41.98333300","longitude":"9.26666700","name":"Saparo"},{"id":"814566","latitude":"41.83500000","longitude":"9.37500000","name":"Sari-di-Porto-Vecchio"},{"id":"814567","latitude":"42.05000000","longitude":"8.81666700","name":"Sari-d'Orcino"},{"id":"814568","latitude":"41.83500000","longitude":"9.37500000","name":"Sari"},{"id":"814569","latitude":"41.83500000","longitude":"9.37500000","name":"Sari-Solenzara"},{"id":"814591","latitude":"41.51666700","longitude":"8.96666700","name":"Sarragia"},{"id":"814631","latitude":"42.01666700","longitude":"8.85000000","name":"Sarrola-Carcopino"},{"id":"814632","latitude":"42.01666700","longitude":"8.85000000","name":"Sarrola"},{"id":"814648","latitude":"41.61666700","longitude":"8.98333300","name":"Sart\u00e8ne"},{"id":"815065","latitude":"41.78333300","longitude":"9.18333300","name":"Scapa di Noce"},{"id":"815066","latitude":"42.41666700","longitude":"9.40000000","name":"Scata"},{"id":"815141","latitude":"42.51666700","longitude":"9.36666700","name":"Scola"},{"id":"815142","latitude":"42.51666700","longitude":"9.36666700","name":"Scolca"},{"id":"815570","latitude":"42.31666700","longitude":"9.26666700","name":"Sermano"},{"id":"815599","latitude":"41.98333300","longitude":"9.38333300","name":"Serracinella"},{"id":"815600","latitude":"41.71666700","longitude":"8.80000000","name":"Serra-di-Ferro"},{"id":"815601","latitude":"41.75000000","longitude":"9.10000000","name":"Serra-di-Scopamene"},{"id":"815603","latitude":"41.75000000","longitude":"9.10000000","name":"Serra"},{"id":"815640","latitude":"42.30000000","longitude":"8.71666700","name":"Serriera"},{"id":"815658","latitude":"42.65000000","longitude":"9.20000000","name":"Sertello"},{"id":"815807","latitude":"41.86666700","longitude":"8.98333300","name":"Sich\u00e9"},{"id":"815812","latitude":"42.31666700","longitude":"9.00000000","name":"Sidossi"},{"id":"815892","latitude":"42.45000000","longitude":"9.40000000","name":"Silvareccio"},{"id":"815961","latitude":"42.80000000","longitude":"9.43333300","name":"Sisco"},{"id":"815993","latitude":"42.20000000","longitude":"8.90000000","name":"Soccia"},{"id":"816038","latitude":"41.90000000","longitude":"9.33333300","name":"Solaro"},{"id":"816046","latitude":"41.85000000","longitude":"9.40000000","name":"Solenzana"},{"id":"816047","latitude":"41.85000000","longitude":"9.40000000","name":"Solenzara"},{"id":"816072","latitude":"41.73333300","longitude":"8.91666700","name":"Sollacaro"},{"id":"816175","latitude":"42.95000000","longitude":"9.40000000","name":"Soprana"},{"id":"816186","latitude":"41.75000000","longitude":"9.10000000","name":"Sorbollano"},{"id":"816188","latitude":"42.46666700","longitude":"9.45000000","name":"Sorbo-Ocagnano"},{"id":"816189","latitude":"42.46666700","longitude":"9.45000000","name":"Sorbo"},{"id":"816214","latitude":"42.58333300","longitude":"9.26666700","name":"Sorio"},{"id":"816242","latitude":"42.95000000","longitude":"9.40000000","name":"Sottana"},{"id":"816243","latitude":"41.53333300","longitude":"9.20000000","name":"Sotta"},{"id":"816495","latitude":"42.35000000","longitude":"9.16666700","name":"Soveria"},{"id":"816513","latitude":"42.13333300","longitude":"8.96666700","name":"Spelonca"},{"id":"816514","latitude":"42.56666700","longitude":"8.96666700","name":"Speloncato"},{"id":"816516","latitude":"42.90000000","longitude":"9.36666700","name":"Spergane"},{"id":"816544","latitude":"42.03333300","longitude":"9.35000000","name":"Stazzale"},{"id":"816545","latitude":"42.36666700","longitude":"9.36666700","name":"Stazzona"},{"id":"816564","latitude":"42.05000000","longitude":"8.73333300","name":"Stephani"},{"id":"816744","latitude":"42.43333300","longitude":"9.46666700","name":"Taglio-Isolaccio"},{"id":"816745","latitude":"42.43333300","longitude":"9.46666700","name":"Taglio"},{"id":"816767","latitude":"41.56666700","longitude":"9.26666700","name":"Tailloroso"},{"id":"816797","latitude":"42.40000000","longitude":"9.48333300","name":"Talasani"},{"id":"816821","latitude":"42.23333300","longitude":"9.41666700","name":"Tallone"},{"id":"816887","latitude":"41.51666700","longitude":"9.13333300","name":"Tarabuccela"},{"id":"816898","latitude":"41.75000000","longitude":"9.40000000","name":"Tarcu"},{"id":"816921","latitude":"41.51666700","longitude":"9.13333300","name":"Tarrabucceta"},{"id":"816925","latitude":"42.35000000","longitude":"9.40000000","name":"Tarrano"},{"id":"816953","latitude":"41.93333300","longitude":"9.10000000","name":"Tasso"},{"id":"816957","latitude":"42.15000000","longitude":"9.15000000","name":"Tattone"},{"id":"816990","latitude":"42.03333300","longitude":"8.90000000","name":"Tavaco"},{"id":"816996","latitude":"42.06666700","longitude":"9.01666700","name":"Tavera"},{"id":"817015","latitude":"42.53333300","longitude":"9.30000000","name":"Teghie"},{"id":"817016","latitude":"42.53333300","longitude":"9.30000000","name":"Tegine"},{"id":"817051","latitude":"42.10722200","longitude":"8.70333300","name":"Temoli"},{"id":"817077","latitude":"42.11666700","longitude":"9.36666700","name":"Teppa"},{"id":"817078","latitude":"42.10000000","longitude":"9.46666700","name":"Teppe Rosse"},{"id":"817079","latitude":"42.11666700","longitude":"9.36666700","name":"Teppe"},{"id":"817175","latitude":"42.70000000","longitude":"9.21666700","name":"Tetti"},{"id":"817692","latitude":"41.65000000","longitude":"9.10000000","name":"Tirolo"},{"id":"817697","latitude":"42.06527800","longitude":"8.74083300","name":"Tiuccia"},{"id":"817699","latitude":"41.48333300","longitude":"9.13333300","name":"Tivanello"},{"id":"817700","latitude":"41.48333300","longitude":"9.13333300","name":"Tivarello"},{"id":"817704","latitude":"41.61666700","longitude":"8.88333300","name":"Tivolaggio"},{"id":"817722","latitude":"42.71111100","longitude":"9.45416700","name":"Toga"},{"id":"817724","latitude":"41.83333300","longitude":"9.36666700","name":"Togna"},{"id":"817732","latitude":"43.00000000","longitude":"9.38333300","name":"Tollare"},{"id":"817733","latitude":"41.96666700","longitude":"8.96666700","name":"Tolla"},{"id":"817739","latitude":"42.53333300","longitude":"8.98333300","name":"Tombolaca"},{"id":"817740","latitude":"42.53333300","longitude":"8.98333300","name":"Tombolacci"},{"id":"817783","latitude":"41.83333300","longitude":"8.96666700","name":"Torgia"},{"id":"817795","latitude":"41.66666700","longitude":"9.33333300","name":"Torraccia"},{"id":"817797","latitude":"41.63333300","longitude":"9.26666700","name":"Torre"},{"id":"817798","latitude":"42.80000000","longitude":"9.45000000","name":"Torrezza"},{"id":"818056","latitude":"41.85000000","longitude":"9.25000000","name":"Tova"},{"id":"818057","latitude":"42.25000000","longitude":"9.43333300","name":"Tox"},{"id":"818086","latitude":"42.33333300","longitude":"9.18333300","name":"Tralonca"},{"id":"818606","latitude":"42.35000000","longitude":"8.63333300","name":"Tuara"},{"id":"818607","latitude":"42.40000000","longitude":"8.75000000","name":"Tuarelli"},{"id":"818610","latitude":"41.96666700","longitude":"8.76666700","name":"Tucce"},{"id":"818618","latitude":"42.88333300","longitude":"9.43333300","name":"Tufo"},{"id":"818676","latitude":"42.03333300","longitude":"8.98333300","name":"Ucciani"},{"id":"818710","latitude":"41.72916700","longitude":"8.72722200","name":"U Muru"},{"id":"818730","latitude":"41.83333300","longitude":"8.93333300","name":"Urbalacone"},{"id":"818751","latitude":"42.36666700","longitude":"8.78333300","name":"Uriniccio"},{"id":"818759","latitude":"42.60000000","longitude":"9.16666700","name":"Urtaca"},{"id":"818778","latitude":"41.69750000","longitude":"8.86277800","name":"Usciapa"},{"id":"818779","latitude":"41.51666700","longitude":"9.23333300","name":"Usciolo"},{"id":"818847","latitude":"42.05000000","longitude":"8.98333300","name":"Vaccili"},{"id":"818881","latitude":"42.06666700","longitude":"9.45000000","name":"Vadina"},{"id":"818916","latitude":"42.26666700","longitude":"8.71666700","name":"Va\u00efta"},{"id":"819040","latitude":"42.51666700","longitude":"9.05000000","name":"Valica"},{"id":"819063","latitude":"42.58333300","longitude":"9.33333300","name":"Vallecalle"},{"id":"819064","latitude":"42.33333300","longitude":"9.50000000","name":"Valle-di-Campoloro"},{"id":"819065","latitude":"42.01666700","longitude":"8.81666700","name":"Valle-di-Mezzana"},{"id":"819066","latitude":"42.45000000","longitude":"9.28333300","name":"Valle-di-Rostino"},{"id":"819067","latitude":"42.36666700","longitude":"9.40000000","name":"Valle-d'Orezza"},{"id":"819068","latitude":"42.58333300","longitude":"9.33333300","name":"Vallee Calle"},{"id":"819099","latitude":"42.33333300","longitude":"9.50000000","name":"Valle"},{"id":"819102","latitude":"42.51666700","longitude":"9.05000000","name":"Vallica"},{"id":"819103","latitude":"41.51666700","longitude":"9.11666700","name":"Vallicelo"},{"id":"819116","latitude":"41.69111100","longitude":"8.91111100","name":"Vallincu"},{"id":"819150","latitude":"42.00000000","longitude":"8.86666700","name":"Valpaja"},{"id":"819256","latitude":"41.69166700","longitude":"9.38750000","name":"Vardiola"},{"id":"819676","latitude":"42.11666700","longitude":"8.73333300","name":"Vedolaccia"},{"id":"819750","latitude":"42.40000000","longitude":"9.46666700","name":"Velone-Orneto"},{"id":"819751","latitude":"42.40000000","longitude":"9.46666700","name":"Velone"},{"id":"819763","latitude":"42.23333300","longitude":"9.16666700","name":"Venaco"},{"id":"819880","latitude":"41.93333300","longitude":"9.33333300","name":"Ventiseri"},{"id":"819885","latitude":"42.46666700","longitude":"9.45000000","name":"Venzolasca"},{"id":"819924","latitude":"42.38333300","longitude":"9.36666700","name":"Verdese"},{"id":"819974","latitude":"41.80861100","longitude":"8.76055600","name":"Verghia"},{"id":"820169","latitude":"42.05000000","longitude":"8.91666700","name":"Vero"},{"id":"820299","latitude":"42.48333300","longitude":"9.43333300","name":"Vescovato"},{"id":"820331","latitude":"41.69166700","longitude":"8.90250000","name":"Vetricella"},{"id":"820411","latitude":"42.16666700","longitude":"9.25000000","name":"Vezzani"},{"id":"820413","latitude":"41.48333300","longitude":"9.05000000","name":"Viagenti"},{"id":"820463","latitude":"41.96666700","longitude":"8.66666700","name":"Vichione"},{"id":"820465","latitude":"42.40000000","longitude":"9.28333300","name":"Vicinato"},{"id":"820470","latitude":"42.16666700","longitude":"8.80000000","name":"Vico"},{"id":"820699","latitude":"41.68333300","longitude":"8.95000000","name":"Viggianello"},{"id":"820704","latitude":"41.61666700","longitude":"9.08333300","name":"Vignalella"},{"id":"820705","latitude":"42.08333300","longitude":"8.98333300","name":"Vignale"},{"id":"820798","latitude":"42.61666700","longitude":"8.86666700","name":"Village d'Algajula"},{"id":"820839","latitude":"41.95000000","longitude":"8.66666700","name":"Villanova"},{"id":"820956","latitude":"41.93333300","longitude":"8.73333300","name":"Villa Sebastiani"},{"id":"821053","latitude":"42.56666700","longitude":"8.98333300","name":"Ville-di-Paraso"},{"id":"821955","latitude":"42.23333300","longitude":"8.61666700","name":"Vistale"},{"id":"821959","latitude":"42.23333300","longitude":"9.16666700","name":"Vitelile"},{"id":"821983","latitude":"42.30000000","longitude":"8.68333300","name":"Vitriccia"},{"id":"822022","latitude":"42.16666700","longitude":"9.16666700","name":"Vivario"},{"id":"822059","latitude":"42.11666700","longitude":"9.13333300","name":"Vizzavone"},{"id":"822134","latitude":"42.66250000","longitude":"9.44027800","name":"Volpaio"},{"id":"822135","latitude":"42.51666700","longitude":"9.35000000","name":"Volpajola"},{"id":"822714","latitude":"42.25000000","longitude":"9.36666700","name":"Zalana"},{"id":"822728","latitude":"41.75000000","longitude":"9.06666700","name":"Zerubia"},{"id":"822729","latitude":"41.88333300","longitude":"9.05000000","name":"Zevaco"},{"id":"822730","latitude":"41.90000000","longitude":"9.13333300","name":"Zicavo"},{"id":"822731","latitude":"41.75000000","longitude":"8.80000000","name":"Zifignola"},{"id":"822732","latitude":"41.85000000","longitude":"8.98333300","name":"Zigliara"},{"id":"822733","latitude":"42.53333300","longitude":"8.90000000","name":"Zilia"},{"id":"822746","latitude":"41.73333300","longitude":"9.16666700","name":"Zonza"},{"id":"822751","latitude":"41.71666700","longitude":"9.06666700","name":"Zoza"},{"id":"822752","latitude":"42.26666700","longitude":"9.35000000","name":"Zuani"}]