[{"id":"822763","latitude":"-0.26666670","longitude":"10.50000000","name":"Abandou"},{"id":"822773","latitude":"0.15000000","longitude":"11.13333330","name":"Ab\u00e9b\u00e9a"},{"id":"822782","latitude":"-0.38333330","longitude":"10.46666670","name":"Ab\u00e9n\u00e9lang"},{"id":"822793","latitude":"-0.60000000","longitude":"10.35000000","name":"Abor-Tikam\u00e9"},{"id":"822803","latitude":"-0.86666670","longitude":"9.75000000","name":"Achouka"},{"id":"822806","latitude":"-0.30000000","longitude":"10.56666670","name":"Ackok"},{"id":"822810","latitude":"-0.51666670","longitude":"10.26666670","name":"Adanh\u00e9"},{"id":"822812","latitude":"-0.68333330","longitude":"9.96666670","name":"Adol\u00e9"},{"id":"822814","latitude":"-0.68333330","longitude":"10.21666670","name":"Adouma"},{"id":"822815","latitude":"-0.31666670","longitude":"10.50000000","name":"Adoum\u00e9"},{"id":"822843","latitude":"-0.28333330","longitude":"10.46666670","name":"Afogho Bizi"},{"id":"822877","latitude":"-0.30000000","longitude":"10.45000000","name":"Akighe Nlam"},{"id":"822883","latitude":"-0.55000000","longitude":"10.00000000","name":"Akobi\u00e9"},{"id":"822886","latitude":"-0.18333330","longitude":"10.68333330","name":"Akoghe"},{"id":"822893","latitude":"-0.83333330","longitude":"9.66666670","name":"Akomba"},{"id":"822903","latitude":"-0.46666670","longitude":"10.28333330","name":"Akor\u00e9"},{"id":"822904","latitude":"-0.13333330","longitude":"10.53333330","name":"Akoreyen"},{"id":"822906","latitude":"-0.13333330","longitude":"10.53333330","name":"Akorriyen"},{"id":"822921","latitude":"-0.95000000","longitude":"10.03333330","name":"Akountam"},{"id":"822939","latitude":"-0.08333330","longitude":"10.93333330","name":"Alemb\u00e9"},{"id":"822949","latitude":"-0.20000000","longitude":"10.65000000","name":"Al\u00e9n\u00e9"},{"id":"822969","latitude":"-1.01666670","longitude":"10.20000000","name":"Alomba"},{"id":"822971","latitude":"-0.63333330","longitude":"9.91666670","name":"Along"},{"id":"822972","latitude":"-0.36666670","longitude":"10.48333330","name":"Alonha"},{"id":"822978","latitude":"-0.48333330","longitude":"10.41666670","name":"Aloun"},{"id":"822982","latitude":"-0.83333330","longitude":"9.98333330","name":"Amboki"},{"id":"822989","latitude":"-0.81666670","longitude":"9.85000000","name":"Amengouingani"},{"id":"822997","latitude":"-0.48333330","longitude":"10.38333330","name":"Anameyong"},{"id":"822999","latitude":"-0.31666670","longitude":"11.35000000","name":"Ancien Andok"},{"id":"823000","latitude":"-0.40000000","longitude":"11.36666670","name":"Ancien Founa"},{"id":"823006","latitude":"-0.36666670","longitude":"10.93333330","name":"Ancien Okala"},{"id":"823007","latitude":"-0.08333330","longitude":"11.21666670","name":"Ancien Poste des Apindji"},{"id":"823009","latitude":"-0.56666670","longitude":"10.06666670","name":"Andagh"},{"id":"823012","latitude":"-0.18333330","longitude":"10.65000000","name":"Andem I"},{"id":"823013","latitude":"-0.20000000","longitude":"10.63333330","name":"Andem II"},{"id":"823014","latitude":"-0.18333330","longitude":"10.66666670","name":"Andem III"},{"id":"823016","latitude":"-0.25000000","longitude":"10.63333330","name":"Andock"},{"id":"823017","latitude":"-0.28333330","longitude":"10.58333330","name":"Andoka"},{"id":"823018","latitude":"-0.31666670","longitude":"11.35000000","name":"Andok"},{"id":"823069","latitude":"-0.26666670","longitude":"10.51666670","name":"Anon\u00e9b\u00e9r\u00e9"},{"id":"823080","latitude":"-0.08333330","longitude":"11.21666670","name":"Apindji"},{"id":"823083","latitude":"-0.81666670","longitude":"10.01666670","name":"Aromba"},{"id":"823084","latitude":"-0.86666670","longitude":"9.75000000","name":"Aschouka"},{"id":"823086","latitude":"-0.86666670","longitude":"9.75000000","name":"Ashuka"},{"id":"823093","latitude":"0.13333330","longitude":"11.11666670","name":"Asseng I"},{"id":"823094","latitude":"0.15000000","longitude":"11.13333330","name":"Asseng II"},{"id":"823115","latitude":"-0.68333330","longitude":"10.21666670","name":"Atadi"},{"id":"823120","latitude":"-0.68333330","longitude":"9.93333330","name":"Atengam\u00e9"},{"id":"823146","latitude":"-0.11666670","longitude":"10.81666670","name":"Avormitok"},{"id":"823148","latitude":"-0.26666670","longitude":"10.51666670","name":"Ayambi"},{"id":"823152","latitude":"-0.21666670","longitude":"10.63333330","name":"Ay\u00e9b\u00e9"},{"id":"823154","latitude":"-0.35000000","longitude":"10.48333330","name":"Ay\u00e9gh\u00e9l\u00e9-Mindock"},{"id":"823170","latitude":"-0.86666670","longitude":"10.38333330","name":"Ayoumba"},{"id":"823176","latitude":"-0.98333330","longitude":"10.15000000","name":"Az\u00e9riba"},{"id":"823177","latitude":"-0.81666670","longitude":"10.15000000","name":"Azo I"},{"id":"823178","latitude":"-0.85000000","longitude":"10.16666670","name":"Azo II"},{"id":"823211","latitude":"-0.11666670","longitude":"10.91666670","name":"Bamvomo"},{"id":"823244","latitude":"-0.85000000","longitude":"9.98333330","name":"Batanga"},{"id":"823256","latitude":"-0.20000000","longitude":"10.65000000","name":"Befi\u00e9"},{"id":"823268","latitude":"0.03333330","longitude":"11.03333330","name":"Belleville"},{"id":"823269","latitude":"-0.63333330","longitude":"10.38333330","name":"Bellevue"},{"id":"823271","latitude":"-0.73333330","longitude":"9.66666670","name":"Bemb\u00e9li\u00e9"},{"id":"823292","latitude":"-0.15000000","longitude":"10.78333330","name":"Benvelle"},{"id":"823293","latitude":"-0.36666670","longitude":"10.93333330","name":"Benvell\u00e9 I"},{"id":"823294","latitude":"-0.16666670","longitude":"10.71666670","name":"Benvoghe"},{"id":"823300","latitude":"-0.73333330","longitude":"10.28333330","name":"B\u00e9r\u00e9"},{"id":"823317","latitude":"-0.28333330","longitude":"10.60000000","name":"Biboulman"},{"id":"823327","latitude":"-0.33333330","longitude":"10.38333330","name":"Bifoum"},{"id":"823328","latitude":"-0.33333330","longitude":"10.38333330","name":"Bifoun"},{"id":"823330","latitude":"-0.85000000","longitude":"10.35000000","name":"Bigouenya"},{"id":"823372","latitude":"-1.00000000","longitude":"10.23333330","name":"Bimbiol\u00e9"},{"id":"823385","latitude":"-0.18333330","longitude":"10.81666670","name":"Bingamingami"},{"id":"823386","latitude":"-0.16666670","longitude":"10.76666670","name":"Bingamingami I"},{"id":"823388","latitude":"-0.38333330","longitude":"10.98333330","name":"Bingoungou"},{"id":"823404","latitude":"0.05000000","longitude":"11.05000000","name":"Bissobilam"},{"id":"823409","latitude":"0.13333330","longitude":"10.68333330","name":"Bissobinam"},{"id":"823412","latitude":"0.13333330","longitude":"10.68333330","name":"Bissobinan"},{"id":"823416","latitude":"-0.61666670","longitude":"10.36666670","name":"Bissoubilam"},{"id":"823418","latitude":"-0.26666670","longitude":"10.53333330","name":"Bissoubinlam"},{"id":"823459","latitude":"-0.86666670","longitude":"10.00000000","name":"Bongo"},{"id":"823462","latitude":"-0.58333330","longitude":"10.00000000","name":"Bonneville"},{"id":"823467","latitude":"-0.85000000","longitude":"10.18333330","name":"Bordeaux"},{"id":"823470","latitude":"-0.75000000","longitude":"10.10000000","name":"Boual\u00e9"},{"id":"823553","latitude":"-0.30000000","longitude":"10.55000000","name":"By\u00e9n\u00e9"},{"id":"823570","latitude":"-0.83333330","longitude":"9.88333330","name":"Clainban\u00e9go"},{"id":"823589","latitude":"-0.70000000","longitude":"10.21666670","name":"Dakar"},{"id":"823604","latitude":"-0.66666670","longitude":"9.78333330","name":"Dessima"},{"id":"823630","latitude":"-1.00000000","longitude":"10.23333330","name":"Diboussou"},{"id":"823667","latitude":"-0.60000000","longitude":"10.33333330","name":"Dingui"},{"id":"823789","latitude":"-0.96666670","longitude":"10.03333330","name":"Dyelessi"},{"id":"823807","latitude":"-0.21666670","longitude":"10.56666670","name":"Eb\u00e9a"},{"id":"823813","latitude":"0.11666670","longitude":"11.08333330","name":"Ebel"},{"id":"823814","latitude":"0.11666670","longitude":"11.08333330","name":"Eb\u00e9l\u00e9"},{"id":"823850","latitude":"-0.38333330","longitude":"10.46666670","name":"Edzedzen II"},{"id":"823878","latitude":"-0.70000000","longitude":"10.15000000","name":"Ekor\u00e9dor I"},{"id":"823880","latitude":"-0.15000000","longitude":"10.55000000","name":"Ekorridou"},{"id":"823898","latitude":"0.11666670","longitude":"11.08333330","name":"El\u00e9b\u00e9"},{"id":"823901","latitude":"0.01666670","longitude":"10.61666670","name":"Elelem"},{"id":"823908","latitude":"-0.80000000","longitude":"9.95000000","name":"Elomb\u00e9"},{"id":"823911","latitude":"-0.20000000","longitude":"10.51666670","name":"Elong-Eko"},{"id":"823915","latitude":"-1.11666670","longitude":"10.03333330","name":"Eloum"},{"id":"823921","latitude":"-0.71666670","longitude":"10.21666670","name":"Emvouhna"},{"id":"823949","latitude":"-0.66666670","longitude":"10.13333330","name":"Eparga"},{"id":"823959","latitude":"-0.30000000","longitude":"10.55000000","name":"Essanvougha"},{"id":"823984","latitude":"-0.18333330","longitude":"10.70000000","name":"Eteing"},{"id":"823990","latitude":"-0.48333330","longitude":"10.00000000","name":"Etouk"},{"id":"823994","latitude":"-0.45000000","longitude":"10.45000000","name":"Evameyonga"},{"id":"823995","latitude":"-0.30000000","longitude":"10.43333330","name":"Eves"},{"id":"824009","latitude":"-0.36666670","longitude":"10.45000000","name":"Evoung-Voung"},{"id":"824036","latitude":"-0.60000000","longitude":"10.35000000","name":"Fala-Nzamata"},{"id":"824042","latitude":"-0.45000000","longitude":"10.46666670","name":"Fernan Vaz"},{"id":"824061","latitude":"-0.51666670","longitude":"10.33333330","name":"Foulameyong"},{"id":"824067","latitude":"-0.40000000","longitude":"11.36666670","name":"Founa"},{"id":"824074","latitude":"-1.03333330","longitude":"10.21666670","name":"Gab\u00e9ta"},{"id":"824094","latitude":"-0.73333330","longitude":"10.31666670","name":"Goudou-Fouala"},{"id":"824099","latitude":"-0.68333330","longitude":"9.76666670","name":"Goundiman"},{"id":"824104","latitude":"-0.16666670","longitude":"10.75000000","name":"Grand Village"},{"id":"824159","latitude":"-0.83333330","longitude":"9.80000000","name":"Iguendjo"},{"id":"824177","latitude":"-0.21666670","longitude":"10.56666670","name":"Ikoulam-Vam"},{"id":"824251","latitude":"-0.50000000","longitude":"9.96666670","name":"Issac"},{"id":"824261","latitude":"-0.90000000","longitude":"10.43333330","name":"Issinga"},{"id":"824265","latitude":"-0.81666670","longitude":"9.98333330","name":"Issolou\u00e9"},{"id":"824266","latitude":"-0.11666670","longitude":"10.78333330","name":"Issoung II"},{"id":"824267","latitude":"-0.13333330","longitude":"10.76666670","name":"Issoung I"},{"id":"824296","latitude":"-0.83333330","longitude":"10.10000000","name":"Joctane"},{"id":"824298","latitude":"-0.08333330","longitude":"11.16666670","name":"Junckville"},{"id":"824299","latitude":"-0.08333330","longitude":"11.16666670","name":"Junokville"},{"id":"824363","latitude":"-0.76666670","longitude":"10.35000000","name":"K\u00e9ri"},{"id":"824367","latitude":"-0.61666670","longitude":"9.93333330","name":"K\u00e9ry\u00e9"},{"id":"824380","latitude":"-0.48333330","longitude":"10.30000000","name":"Koho-Bono"},{"id":"824389","latitude":"-0.85000000","longitude":"10.55000000","name":"Komad\u00e9k\u00e9"},{"id":"824412","latitude":"-0.73333330","longitude":"10.35000000","name":"Kouagna"},{"id":"824428","latitude":"-0.71666670","longitude":"10.25000000","name":"Koula-Moutou"},{"id":"824452","latitude":"-0.53333330","longitude":"10.25000000","name":"Koungoua"},{"id":"824469","latitude":"-0.70000000","longitude":"10.21666670","name":"Lambar\u00e9n\u00e9"},{"id":"824634","latitude":"-0.11666670","longitude":"10.81666670","name":"Loandou"},{"id":"824637","latitude":"-0.46666670","longitude":"10.45000000","name":"Londen"},{"id":"824640","latitude":"-0.70000000","longitude":"9.81666670","name":"Longou\u00e9"},{"id":"824668","latitude":"-0.45000000","longitude":"10.51666670","name":"Mab\u00e9l\u00e9"},{"id":"824703","latitude":"-0.53333330","longitude":"10.30000000","name":"Madankogo"},{"id":"824704","latitude":"-0.53333330","longitude":"10.30000000","name":"Madankoyo"},{"id":"824735","latitude":"-0.18333330","longitude":"10.70000000","name":"Magnon"},{"id":"824760","latitude":"-0.18333330","longitude":"10.76666670","name":"Makala"},{"id":"824772","latitude":"-0.13333330","longitude":"10.53333330","name":"Makaramenzork"},{"id":"824781","latitude":"-0.48333330","longitude":"10.43333330","name":"Makokou\u00e9"},{"id":"824799","latitude":"-0.51666670","longitude":"10.30000000","name":"Malari"},{"id":"824800","latitude":"-0.31666670","longitude":"10.55000000","name":"Maleba"},{"id":"824806","latitude":"-0.30000000","longitude":"10.45000000","name":"Mal\u00e8ne Bibolo"},{"id":"824811","latitude":"-0.85000000","longitude":"10.36666670","name":"Malimba"},{"id":"824835","latitude":"-0.26666670","longitude":"10.50000000","name":"Mamogo"},{"id":"824842","latitude":"-0.68333330","longitude":"9.98333330","name":"Mandji"},{"id":"824853","latitude":"-0.20000000","longitude":"10.73333330","name":"Mangama"},{"id":"824861","latitude":"-0.20000000","longitude":"10.60000000","name":"Mangu\u00e9n\u00e9"},{"id":"824862","latitude":"-0.33333330","longitude":"10.51666670","name":"Manguikoum\u00e9"},{"id":"824864","latitude":"-0.03333330","longitude":"10.98333330","name":"Manioc"},{"id":"824879","latitude":"-0.46666670","longitude":"10.46666670","name":"Mapouti"},{"id":"824898","latitude":"-0.45000000","longitude":"10.46666670","name":"Massanga"},{"id":"824912","latitude":"-0.81666670","longitude":"10.35000000","name":"Massika"},{"id":"824923","latitude":"-0.70000000","longitude":"10.25000000","name":"Massouka"},{"id":"824931","latitude":"-0.28333330","longitude":"10.51666670","name":"Mat\u00e9t\u00e9"},{"id":"824938","latitude":"-0.25000000","longitude":"10.53333330","name":"Matoulou"},{"id":"824964","latitude":"-0.73333330","longitude":"10.30000000","name":"Mayeliga"},{"id":"824966","latitude":"-0.10000000","longitude":"10.81666670","name":"May\u00e9n\u00e9 II"},{"id":"824968","latitude":"-0.10000000","longitude":"10.81666670","name":"May\u00e9n\u00e9"},{"id":"824972","latitude":"-0.73333330","longitude":"10.33333330","name":"Mayengue"},{"id":"825013","latitude":"-0.90000000","longitude":"10.40000000","name":"Mbigou"},{"id":"825019","latitude":"-0.33333330","longitude":"10.50000000","name":"Mbilatem"},{"id":"825114","latitude":"-0.18333330","longitude":"10.68333330","name":"Meke-Meke"},{"id":"825147","latitude":"-0.83333330","longitude":"10.13333330","name":"Mempolo"},{"id":"825148","latitude":"-0.26666670","longitude":"10.61666670","name":"Memv\u00e9me"},{"id":"825164","latitude":"-0.51666670","longitude":"10.31666670","name":"Mesonkor\u00e9"},{"id":"825185","latitude":"0.06666670","longitude":"11.06666670","name":"Mevang"},{"id":"825191","latitude":"-0.10000000","longitude":"10.85000000","name":"M\u00e9yong"},{"id":"825204","latitude":"-0.36666670","longitude":"10.46666670","name":"Mfoua"},{"id":"825211","latitude":"-0.18333330","longitude":"10.71666670","name":"Mfoum\u00e9"},{"id":"825253","latitude":"0.03333330","longitude":"11.01666670","name":"Mikoro Missong"},{"id":"825268","latitude":"-0.23333330","longitude":"10.55000000","name":"Mimbal\u00e9-Mib\u00e9"},{"id":"825269","latitude":"-0.88333330","longitude":"10.15000000","name":"Mimbalimb\u00e9"},{"id":"825283","latitude":"-0.26666670","longitude":"10.78333330","name":"Mindara"},{"id":"825323","latitude":"-0.45000000","longitude":"10.45000000","name":"Mission Protestante de Samkita"},{"id":"825341","latitude":"-0.61666670","longitude":"10.21666670","name":"Mitton\u00e9"},{"id":"825401","latitude":"-0.98333330","longitude":"10.25000000","name":"Mora"},{"id":"825447","latitude":"-0.78333330","longitude":"10.35000000","name":"Mougnigou"},{"id":"825567","latitude":"-0.65000000","longitude":"10.21666670","name":"Moussa-Moukougou"},{"id":"825583","latitude":"-0.78333330","longitude":"10.35000000","name":"Mout\u00e9ti"},{"id":"825623","latitude":"-0.30000000","longitude":"10.48333330","name":"Mtom"},{"id":"825633","latitude":"-0.26666670","longitude":"10.53333330","name":"Mvanay\u00e9m\u00e9"},{"id":"825642","latitude":"-0.30000000","longitude":"10.50000000","name":"Mvang"},{"id":"825645","latitude":"-0.91666670","longitude":"10.16666670","name":"Mvanzama"},{"id":"825651","latitude":"-0.20000000","longitude":"10.71666670","name":"Mveyassi"},{"id":"825661","latitude":"-0.25000000","longitude":"10.63333330","name":"Mvoubingom\u00e9"},{"id":"825664","latitude":"-0.23333330","longitude":"10.63333330","name":"Mvouli\u00e9"},{"id":"825669","latitude":"-0.16666670","longitude":"10.76666670","name":"Mzal\u00e9"},{"id":"825676","latitude":"-0.53333330","longitude":"10.30000000","name":"Nazareth"},{"id":"825687","latitude":"-0.80000000","longitude":"10.35000000","name":"Ndendi Gabon"},{"id":"825700","latitude":"-0.83333330","longitude":"10.18333330","name":"Ndjambalika"},{"id":"825702","latitude":"-0.18333330","longitude":"10.75000000","name":"Ndjol\u00e9"},{"id":"825708","latitude":"-0.30000000","longitude":"10.56666670","name":"Ndoiny"},{"id":"825712","latitude":"-0.15000000","longitude":"10.80000000","name":"Ndong-Gu\u00e9ma"},{"id":"825713","latitude":"-0.70000000","longitude":"10.16666670","name":"Ndong"},{"id":"825723","latitude":"-0.58333330","longitude":"10.28333330","name":"Ndoumantana"},{"id":"825729","latitude":"-0.58333330","longitude":"9.93333330","name":"Nendja"},{"id":"825733","latitude":"-0.91666670","longitude":"10.03333330","name":"Neumbedouma"},{"id":"825752","latitude":"-0.83333330","longitude":"10.06666670","name":"Ngol\u00e9"},{"id":"825756","latitude":"-0.13333330","longitude":"10.76666670","name":"Ngoma"},{"id":"825761","latitude":"0.16666670","longitude":"11.16666670","name":"Ngomgom"},{"id":"825763","latitude":"-0.81666670","longitude":"9.95000000","name":"Ngomo"},{"id":"825777","latitude":"-0.50000000","longitude":"10.36666670","name":"Ngoss"},{"id":"825781","latitude":"-0.40000000","longitude":"10.46666670","name":"Ngouabilaga"},{"id":"825848","latitude":"-0.18333330","longitude":"10.73333330","name":"Nintouma"},{"id":"825857","latitude":"-0.18333330","longitude":"10.75000000","name":"Njole"},{"id":"825864","latitude":"-0.86666670","longitude":"10.01666670","name":"Nkangu\u00e9"},{"id":"825872","latitude":"-0.98333330","longitude":"10.03333330","name":"Nkenga-Mbya"},{"id":"825892","latitude":"-0.28333330","longitude":"10.46666670","name":"Nkok"},{"id":"825915","latitude":"-0.40000000","longitude":"10.48333330","name":"Nkoul\u00e9"},{"id":"825917","latitude":"-0.20000000","longitude":"10.76666670","name":"Nkoumazo"},{"id":"825921","latitude":"-0.51666670","longitude":"10.26666670","name":"Nkoumiti"},{"id":"825930","latitude":"-1.06666670","longitude":"9.98333330","name":"Nlovila"},{"id":"825954","latitude":"-1.03333330","longitude":"10.13333330","name":"Ntamb\u00e9"},{"id":"825957","latitude":"-0.83333330","longitude":"10.10000000","name":"Ntchatanga"},{"id":"825970","latitude":"-0.75000000","longitude":"10.35000000","name":"Ntsangou-Dimbou"},{"id":"825971","latitude":"-0.43333330","longitude":"10.46666670","name":"Ntsap"},{"id":"825993","latitude":"-0.18333330","longitude":"10.73333330","name":"Nzagha"},{"id":"825994","latitude":"-0.13333330","longitude":"10.76666670","name":"Nzagobib\u00e9r\u00e9"},{"id":"825997","latitude":"-0.41666670","longitude":"10.48333330","name":"Nzamak\u00e9l\u00e9n\u00e9"},{"id":"826003","latitude":"-0.46666670","longitude":"10.45000000","name":"Nzamata"},{"id":"826015","latitude":"-0.60000000","longitude":"10.31666670","name":"Nz\u00e9b\u00e9"},{"id":"826017","latitude":"-0.31666670","longitude":"10.50000000","name":"Nzeberr\u00e9"},{"id":"826018","latitude":"-0.23333330","longitude":"10.61666670","name":"Nzeck"},{"id":"826026","latitude":"-0.25000000","longitude":"10.53333330","name":"Nzeng-Boun"},{"id":"826048","latitude":"0.01666670","longitude":"11.00000000","name":"Nzoghengom"},{"id":"826051","latitude":"-0.53333330","longitude":"10.01666670","name":"Nzoghi"},{"id":"826057","latitude":"-0.61666670","longitude":"10.31666670","name":"Nzognimintana"},{"id":"826062","latitude":"-0.21666670","longitude":"10.61666670","name":"Nzom\u00e9"},{"id":"826068","latitude":"-1.05000000","longitude":"10.21666670","name":"Nzongomintangui"},{"id":"826093","latitude":"-0.88333330","longitude":"10.36666670","name":"Obenzi II"},{"id":"826094","latitude":"-0.81666670","longitude":"10.35000000","name":"Obenzi I"},{"id":"826096","latitude":"-0.36666670","longitude":"9.76666670","name":"Oberting"},{"id":"826115","latitude":"-1.13333330","longitude":"10.00000000","name":"Odimba"},{"id":"826124","latitude":"-0.71666670","longitude":"9.71666670","name":"Ogoumalanga"},{"id":"826174","latitude":"-0.85000000","longitude":"10.15000000","name":"Ompomouena"},{"id":"826203","latitude":"-0.81666670","longitude":"9.98333330","name":"Oronga"},{"id":"826207","latitude":"-0.31666670","longitude":"10.53333330","name":"Ossa"},{"id":"826214","latitude":"-0.40000000","longitude":"10.48333330","name":"Osso"},{"id":"826218","latitude":"-0.65000000","longitude":"10.08333330","name":"Otanda"},{"id":"826228","latitude":"-0.11666670","longitude":"10.90000000","name":"Oucha"},{"id":"826236","latitude":"-0.83333330","longitude":"9.98333330","name":"Ouongu\u00e9"},{"id":"826243","latitude":"-0.28333330","longitude":"10.85000000","name":"Ov\u00e9na"},{"id":"826261","latitude":"-0.20000000","longitude":"10.68333330","name":"Oyam"},{"id":"826267","latitude":"-0.80000000","longitude":"9.66666670","name":"Oyingo"},{"id":"826278","latitude":"-0.75000000","longitude":"10.35000000","name":"Paga"},{"id":"826295","latitude":"-0.56666670","longitude":"10.00000000","name":"Paris"},{"id":"826312","latitude":"-0.80000000","longitude":"9.91666670","name":"Petite Elise"},{"id":"826313","latitude":"-0.66666670","longitude":"9.73333330","name":"Petite Silang"},{"id":"826321","latitude":"-0.71666670","longitude":"10.23333330","name":"Petit Paris"},{"id":"826328","latitude":"-0.73333330","longitude":"9.75000000","name":"Plustard"},{"id":"826331","latitude":"-0.98333330","longitude":"10.03333330","name":"Pointe-Noire"},{"id":"826362","latitude":"-0.68333330","longitude":"10.40000000","name":"Rechenman"},{"id":"826367","latitude":"-0.70000000","longitude":"10.00000000","name":"Rinanzala"},{"id":"826375","latitude":"-0.83333330","longitude":"10.16666670","name":"Sainte Benoit"},{"id":"826376","latitude":"-0.55000000","longitude":"10.30000000","name":"Sainte-Croix"},{"id":"826378","latitude":"-0.75000000","longitude":"9.70000000","name":"Saint-Fran\u00e7ois"},{"id":"826379","latitude":"-0.18333330","longitude":"10.76666670","name":"Saint Jean"},{"id":"826380","latitude":"-1.15000000","longitude":"10.01666670","name":"Saint-Louis"},{"id":"826381","latitude":"-0.70000000","longitude":"9.73333330","name":"Saint-Paul"},{"id":"826383","latitude":"-0.86666670","longitude":"9.78333330","name":"Sa\u00efra"},{"id":"826391","latitude":"-0.91666670","longitude":"10.01666670","name":"Salangou\u00e9"},{"id":"826399","latitude":"-0.45000000","longitude":"10.45000000","name":"Samkita"},{"id":"826410","latitude":"-0.20000000","longitude":"10.75000000","name":"Sangatane"},{"id":"826414","latitude":"-0.83333330","longitude":"10.15000000","name":"Sangoua Boma"},{"id":"826444","latitude":"-0.70000000","longitude":"9.71666670","name":"Siran-Zangou"},{"id":"826460","latitude":"0.11666670","longitude":"10.61666670","name":"Soulfane"},{"id":"826464","latitude":"0.11666670","longitude":"10.61666670","name":"Sulfane"},{"id":"826465","latitude":"0.11666670","longitude":"10.61666670","name":"Sulfan"},{"id":"826468","latitude":"-1.03333330","longitude":"10.13333330","name":"Tamba"},{"id":"826474","latitude":"-0.95000000","longitude":"10.45000000","name":"Tchad"},{"id":"826493","latitude":"-0.83333330","longitude":"10.35000000","name":"Tchouka"},{"id":"826497","latitude":"-0.25000000","longitude":"10.61666670","name":"T\u00e9gha"},{"id":"826501","latitude":"-0.35000000","longitude":"10.50000000","name":"Thol"},{"id":"826570","latitude":"-0.60000000","longitude":"10.23333330","name":"Viaf\u00e9"},{"id":"826606","latitude":"-0.23333330","longitude":"10.50000000","name":"Yaraka"},{"id":"826655","latitude":"-0.11666670","longitude":"10.88333330","name":"Zamata"}]