[{"id":"90153","latitude":"-5.53333330","longitude":"12.36666670","name":"Baca"},{"id":"90156","latitude":"-5.23333330","longitude":"12.51666670","name":"Baca Cosse"},{"id":"90158","latitude":"-5.23333330","longitude":"12.51666670","name":"Baca Ncoce"},{"id":"90159","latitude":"-5.23333330","longitude":"12.51666670","name":"Bacca N'Cace"},{"id":"90203","latitude":"-4.65000000","longitude":"12.91666670","name":"Bamba"},{"id":"90212","latitude":"-4.65000000","longitude":"12.91666670","name":"Bamba Kidongui"},{"id":"90217","latitude":"-4.66666670","longitude":"13.03333330","name":"Bamba Quipongui"},{"id":"90429","latitude":"-5.05000000","longitude":"12.48333330","name":"Beira-a-Nova"},{"id":"90450","latitude":"-4.65000000","longitude":"12.76666670","name":"Belize"},{"id":"90471","latitude":"-5.23333330","longitude":"12.43333330","name":"Bende"},{"id":"90487","latitude":"-4.95000000","longitude":"12.18333330","name":"Bengo Venzo"},{"id":"90517","latitude":"-5.30000000","longitude":"12.23333330","name":"Bichassanha"},{"id":"90565","latitude":"-4.58333330","longitude":"12.98333330","name":"Bitina"},{"id":"90579","latitude":"-5.23333330","longitude":"12.51666670","name":"Boca-Cosse"},{"id":"90595","latitude":"-4.66666670","longitude":"13.03333330","name":"Bomba"},{"id":"90606","latitude":"-5.23333330","longitude":"12.43333330","name":"Bonde Antigo"},{"id":"90607","latitude":"-5.23333330","longitude":"12.43333330","name":"Bonde"},{"id":"90623","latitude":"-5.35000000","longitude":"12.20000000","name":"Bongo Mamanha"},{"id":"90624","latitude":"-4.95000000","longitude":"12.18333330","name":"Bongo Nenzo"},{"id":"90625","latitude":"-4.95000000","longitude":"12.18333330","name":"Bongo Venzo"},{"id":"90667","latitude":"-5.66666670","longitude":"12.25000000","name":"Buca"},{"id":"90669","latitude":"-4.76666670","longitude":"12.55000000","name":"Bucco-Lau"},{"id":"90672","latitude":"-5.45000000","longitude":"12.23333330","name":"Buco"},{"id":"90674","latitude":"-4.50000000","longitude":"12.76666670","name":"Buco Longo"},{"id":"90675","latitude":"-5.45000000","longitude":"12.23333330","name":"Bucomasi"},{"id":"90676","latitude":"-5.45000000","longitude":"12.23333330","name":"Buco Maze"},{"id":"90677","latitude":"-5.45000000","longitude":"12.23333330","name":"Bucomazi"},{"id":"90678","latitude":"-4.50000000","longitude":"12.76666670","name":"Buco N'vago"},{"id":"90679","latitude":"-4.76666670","longitude":"12.55000000","name":"Buco Zau"},{"id":"90825","latitude":"-5.70000000","longitude":"12.20000000","name":"Cabelombo"},{"id":"90843","latitude":"-5.55000000","longitude":"12.20000000","name":"Cabinda"},{"id":"90872","latitude":"-5.70000000","longitude":"12.20000000","name":"Cabo Lomba"},{"id":"90873","latitude":"-5.70000000","longitude":"12.20000000","name":"Cabolombo"},{"id":"90875","latitude":"-5.70000000","longitude":"12.20000000","name":"Cabo Longo"},{"id":"91022","latitude":"-5.23333330","longitude":"12.13333330","name":"Cacongo"},{"id":"91251","latitude":"-4.50000000","longitude":"12.81666670","name":"Caio Bachi"},{"id":"91252","latitude":"-4.40000000","longitude":"12.73333330","name":"Caio Bemba"},{"id":"91253","latitude":"-4.40000000","longitude":"12.73333330","name":"Caio Buma"},{"id":"91254","latitude":"-4.40000000","longitude":"12.73333330","name":"Caio Bumba"},{"id":"91255","latitude":"-4.58333330","longitude":"12.86666670","name":"Caio"},{"id":"91260","latitude":"-4.98333330","longitude":"12.66666670","name":"Caio Companzo"},{"id":"91261","latitude":"-4.58333330","longitude":"12.86666670","name":"Caio Cuembo"},{"id":"91262","latitude":"-4.58333330","longitude":"12.86666670","name":"Caio Guembo"},{"id":"91263","latitude":"-4.58333330","longitude":"12.86666670","name":"Caio Guenbe"},{"id":"91266","latitude":"-5.30000000","longitude":"12.40000000","name":"Caio Matchenzila"},{"id":"91283","latitude":"-4.98333330","longitude":"12.66666670","name":"Caio Panzo"},{"id":"91324","latitude":"-5.61666670","longitude":"12.45000000","name":"Cala Canta"},{"id":"91707","latitude":"-5.61666670","longitude":"12.30000000","name":"Camba"},{"id":"92691","latitude":"-5.11666670","longitude":"12.18333330","name":"Caso"},{"id":"93572","latitude":"-5.38333330","longitude":"12.28333330","name":"Chele"},{"id":"93593","latitude":"-4.88333330","longitude":"12.56666670","name":"Chiaca"},{"id":"93595","latitude":"-5.23333330","longitude":"12.43333330","name":"Chiaco Bambo"},{"id":"93596","latitude":"-5.41666670","longitude":"12.30000000","name":"Chiadede"},{"id":"93597","latitude":"-5.41666670","longitude":"12.30000000","name":"Chiadede Pronta"},{"id":"93598","latitude":"-5.41666670","longitude":"12.30000000","name":"Chiadele"},{"id":"93631","latitude":"-4.88333330","longitude":"12.75000000","name":"Chibanza"},{"id":"93663","latitude":"-4.96666670","longitude":"12.08333330","name":"Chicamba"},{"id":"93748","latitude":"-4.78333330","longitude":"12.81666670","name":"Chicumba"},{"id":"93767","latitude":"-5.18333330","longitude":"12.45000000","name":"Chidende"},{"id":"93771","latitude":"-5.41666670","longitude":"12.30000000","name":"Chiedede"},{"id":"93772","latitude":"-5.38333330","longitude":"12.28333330","name":"Chiela"},{"id":"93773","latitude":"-5.38333330","longitude":"12.28333330","name":"Chiella"},{"id":"93807","latitude":"-5.48333330","longitude":"12.51666670","name":"Chigundo"},{"id":"93828","latitude":"-5.01666670","longitude":"12.41666670","name":"Childango"},{"id":"93846","latitude":"-5.01666670","longitude":"12.41666670","name":"Chiloango"},{"id":"93863","latitude":"-4.93333330","longitude":"12.13333330","name":"Chilute"},{"id":"93886","latitude":"-4.50000000","longitude":"12.81666670","name":"Chimbange"},{"id":"93891","latitude":"-4.63333330","longitude":"12.56666670","name":"Chimbelte"},{"id":"93893","latitude":"-4.63333330","longitude":"12.56666670","name":"Chimbete"},{"id":"93894","latitude":"-4.63333330","longitude":"12.56666670","name":"Chimbette"},{"id":"93895","latitude":"-4.63333330","longitude":"12.56666670","name":"Chimbezi"},{"id":"93899","latitude":"-4.68333330","longitude":"12.43333330","name":"Chimbingo Sanga"},{"id":"93906","latitude":"-5.58333330","longitude":"12.51666670","name":"Chimboando"},{"id":"93914","latitude":"-5.58333330","longitude":"12.51666670","name":"Chimbuande"},{"id":"93915","latitude":"-5.58333330","longitude":"12.51666670","name":"Chimbuandi"},{"id":"93916","latitude":"-5.01666670","longitude":"12.41666670","name":"Chimbuco"},{"id":"93932","latitude":"-5.26666670","longitude":"12.20000000","name":"Chimechama"},{"id":"93940","latitude":"-4.68333330","longitude":"12.43333330","name":"Chimongo"},{"id":"93944","latitude":"-4.98333330","longitude":"12.26666670","name":"Chimputo"},{"id":"93947","latitude":"-5.30000000","longitude":"12.36666670","name":"Chimuande"},{"id":"93960","latitude":"-4.68333330","longitude":"12.43333330","name":"Chimungo"},{"id":"93961","latitude":"-4.68333330","longitude":"12.43333330","name":"Chimungo Sanga"},{"id":"93968","latitude":"-4.71666670","longitude":"12.86666670","name":"Chindamba"},{"id":"93977","latitude":"-5.18333330","longitude":"12.45000000","name":"Chindende"},{"id":"93983","latitude":"-4.71666670","longitude":"12.86666670","name":"Chindombo"},{"id":"94000","latitude":"-5.53333330","longitude":"12.23333330","name":"Chinga"},{"id":"94046","latitude":"-5.48333330","longitude":"12.51666670","name":"Chingundo"},{"id":"94081","latitude":"-5.70000000","longitude":"12.43333330","name":"Chinzaze"},{"id":"94104","latitude":"-4.80000000","longitude":"12.55000000","name":"Chionzo"},{"id":"94154","latitude":"-5.71666670","longitude":"12.21666670","name":"Chipita"},{"id":"94155","latitude":"-5.71666670","longitude":"12.21666670","name":"Chipita-Iabe"},{"id":"94425","latitude":"-5.70000000","longitude":"12.43333330","name":"Chizaje"},{"id":"94444","latitude":"-4.80000000","longitude":"12.55000000","name":"Chonzo"},{"id":"94469","latitude":"-4.73333330","longitude":"12.65000000","name":"Cinde"},{"id":"94475","latitude":"-5.06666670","longitude":"12.31666670","name":"Coba"},{"id":"94495","latitude":"-4.58333330","longitude":"12.86666670","name":"Coio"},{"id":"94554","latitude":"-4.98333330","longitude":"12.66666670","name":"Companza"},{"id":"94564","latitude":"-4.83333330","longitude":"12.53333330","name":"Conde Bamba"},{"id":"94565","latitude":"-4.83333330","longitude":"12.53333330","name":"Conde Bumba"},{"id":"94567","latitude":"-4.88333330","longitude":"12.50000000","name":"Conde"},{"id":"94571","latitude":"-4.90000000","longitude":"12.70000000","name":"Conde Malonda"},{"id":"94572","latitude":"-4.90000000","longitude":"12.70000000","name":"Conde Malundo"},{"id":"94573","latitude":"-4.73333330","longitude":"12.65000000","name":"Conde Sindo"},{"id":"94589","latitude":"-4.90000000","longitude":"12.70000000","name":"Conge Malenda"},{"id":"95053","latitude":"-5.60000000","longitude":"12.30000000","name":"Desert"},{"id":"95054","latitude":"-5.60000000","longitude":"12.30000000","name":"Deserto"},{"id":"95098","latitude":"-5.00000000","longitude":"12.33333330","name":"Dinge"},{"id":"95105","latitude":"-5.00000000","longitude":"12.33333330","name":"Dinje"},{"id":"95684","latitude":"-5.30000000","longitude":"12.23333330","name":"Fazenda Sassa Zau"},{"id":"95761","latitude":"-5.20000000","longitude":"12.13333330","name":"Foz do Childango"},{"id":"95762","latitude":"-5.20000000","longitude":"12.13333330","name":"Foz do Chiloango"},{"id":"95772","latitude":"-5.33333330","longitude":"12.50000000","name":"Fubo"},{"id":"95776","latitude":"-5.43333330","longitude":"12.21666670","name":"Fufila"},{"id":"95794","latitude":"-5.43333330","longitude":"12.21666670","name":"F\u00fatila"},{"id":"95832","latitude":"-5.61666670","longitude":"12.30000000","name":"Gamba"},{"id":"95900","latitude":"-5.40000000","longitude":"12.30000000","name":"Ganz"},{"id":"95901","latitude":"-5.40000000","longitude":"12.30000000","name":"Ganzi"},{"id":"96055","latitude":"-4.80000000","longitude":"12.55000000","name":"Grande Chauzo"},{"id":"96090","latitude":"-5.23333330","longitude":"12.13333330","name":"Guilherme Capelo"},{"id":"96124","latitude":"-4.60000000","longitude":"12.65000000","name":"Gunda"},{"id":"96291","latitude":"-5.70000000","longitude":"12.21666670","name":"Iab\u00e9"},{"id":"96309","latitude":"-5.11666670","longitude":"12.18333330","name":"Icasa"},{"id":"96310","latitude":"-5.11666670","longitude":"12.18333330","name":"Icaso"},{"id":"96312","latitude":"-5.06666670","longitude":"12.31666670","name":"Icoba"},{"id":"96322","latitude":"-5.73333330","longitude":"12.28333330","name":"Iema"},{"id":"96356","latitude":"-4.85000000","longitude":"12.40000000","name":"Inanica"},{"id":"96358","latitude":"-4.85000000","longitude":"12.40000000","name":"Incoche"},{"id":"96361","latitude":"-5.50000000","longitude":"12.30000000","name":"Indioma"},{"id":"96365","latitude":"-5.46666670","longitude":"12.51666670","name":"Ingleso"},{"id":"96366","latitude":"-5.46666670","longitude":"12.51666670","name":"Inglezo"},{"id":"96382","latitude":"-4.85000000","longitude":"12.40000000","name":"Inhoca"},{"id":"96383","latitude":"-4.85000000","longitude":"12.40000000","name":"Inhuca"},{"id":"96410","latitude":"-5.71666670","longitude":"12.33333330","name":"Itumba"},{"id":"96502","latitude":"-5.05000000","longitude":"12.48333330","name":"Jose Loango"},{"id":"96522","latitude":"-5.55000000","longitude":"12.20000000","name":"Kabinda"},{"id":"96540","latitude":"-4.50000000","longitude":"12.81666670","name":"Kaio Bachi"},{"id":"96560","latitude":"-5.61666670","longitude":"12.45000000","name":"Kala Kanta"},{"id":"96722","latitude":"-4.78333330","longitude":"12.81666670","name":"Khikamba"},{"id":"96723","latitude":"-4.93333330","longitude":"12.13333330","name":"Khilule"},{"id":"96725","latitude":"-4.98333330","longitude":"12.26666670","name":"Khimputo"},{"id":"96726","latitude":"-5.53333330","longitude":"12.23333330","name":"Khinga"},{"id":"96737","latitude":"-4.88333330","longitude":"12.75000000","name":"Kibongi"},{"id":"96738","latitude":"-4.65000000","longitude":"13.06666670","name":"Kicumba Congo"},{"id":"96754","latitude":"-4.71666670","longitude":"12.86666670","name":"Kindamba"},{"id":"96761","latitude":"-4.78333330","longitude":"12.81666670","name":"Kingumbi"},{"id":"96795","latitude":"-4.83333330","longitude":"12.53333330","name":"Konde Bumba"},{"id":"96875","latitude":"-5.23333330","longitude":"12.13333330","name":"L\u00e2ndana"},{"id":"96906","latitude":"-5.05000000","longitude":"12.48333330","name":"Lela"},{"id":"96907","latitude":"-5.65000000","longitude":"12.36666670","name":"Lele"},{"id":"96908","latitude":"-5.73333330","longitude":"12.28333330","name":"Lema"},{"id":"96969","latitude":"-5.08333330","longitude":"12.21666670","name":"Lico Grande"},{"id":"96970","latitude":"-5.08333330","longitude":"12.21666670","name":"Lico"},{"id":"97176","latitude":"-4.58333330","longitude":"12.71666670","name":"Luali"},{"id":"97198","latitude":"-4.88333330","longitude":"12.75000000","name":"Luango"},{"id":"97258","latitude":"-5.53333330","longitude":"12.25000000","name":"Lucola"},{"id":"97268","latitude":"-5.16666670","longitude":"12.48333330","name":"Lucula"},{"id":"97335","latitude":"-5.16666670","longitude":"12.48333330","name":"Lukala"},{"id":"97505","latitude":"-5.13333330","longitude":"12.10000000","name":"Luzala"},{"id":"97567","latitude":"-5.30000000","longitude":"12.40000000","name":"Machenzila"},{"id":"97599","latitude":"-5.30000000","longitude":"12.36666670","name":"Macongolo"},{"id":"97642","latitude":"-5.30000000","longitude":"12.36666670","name":"Mafunguela"},{"id":"97643","latitude":"-5.30000000","longitude":"12.36666670","name":"Mafunguella"},{"id":"97701","latitude":"-5.33333330","longitude":"12.18333330","name":"Malembo"},{"id":"97702","latitude":"-4.58333330","longitude":"12.71666670","name":"Malende"},{"id":"97708","latitude":"-4.63333330","longitude":"13.05000000","name":"Maloango Zau"},{"id":"97709","latitude":"-4.90000000","longitude":"12.70000000","name":"Malondo"},{"id":"97721","latitude":"-4.90000000","longitude":"12.70000000","name":"Malundo"},{"id":"97881","latitude":"-4.96666670","longitude":"12.08333330","name":"Masabe"},{"id":"97888","latitude":"-4.96666670","longitude":"12.08333330","name":"Massabe"},{"id":"97889","latitude":"-4.96666670","longitude":"12.08333330","name":"Massabi"},{"id":"97892","latitude":"-4.71666670","longitude":"12.86666670","name":"Massamba Kindamba"},{"id":"97979","latitude":"-5.30000000","longitude":"12.36666670","name":"Matunguela"},{"id":"98016","latitude":"-5.45000000","longitude":"12.26666670","name":"Mazi"},{"id":"98030","latitude":"-5.53333330","longitude":"12.36666670","name":"M'Baca"},{"id":"98127","latitude":"-4.45000000","longitude":"12.88333330","name":"Miconge"},{"id":"98128","latitude":"-4.45000000","longitude":"12.88333330","name":"Miconje"},{"id":"98133","latitude":"-4.75000000","longitude":"12.66666670","name":"Micuma III"},{"id":"98134","latitude":"-4.75000000","longitude":"12.66666670","name":"Micuma"},{"id":"98145","latitude":"-4.45000000","longitude":"12.88333330","name":"Mikoni"},{"id":"98260","latitude":"-4.58333330","longitude":"12.73333330","name":"Monga Bulo"},{"id":"98264","latitude":"-4.58333330","longitude":"12.73333330","name":"Mongo Bulo"},{"id":"98335","latitude":"-5.68333330","longitude":"12.25000000","name":"M'T\u00f3"},{"id":"98735","latitude":"-4.63333330","longitude":"13.05000000","name":"Mu'longosave"},{"id":"99000","latitude":"-4.65000000","longitude":"12.46666670","name":"Namosango"},{"id":"99034","latitude":"-5.53333330","longitude":"12.36666670","name":"N'Baca"},{"id":"99038","latitude":"-5.61666670","longitude":"12.45000000","name":"N'Calicanta"},{"id":"99039","latitude":"-4.61666670","longitude":"12.88333330","name":"N'Calo"},{"id":"99041","latitude":"-4.58333330","longitude":"12.83333330","name":"Ncaso"},{"id":"99042","latitude":"-5.11666670","longitude":"12.18333330","name":"N'Casu"},{"id":"99045","latitude":"-4.61666670","longitude":"12.88333330","name":"Nculo"},{"id":"99046","latitude":"-4.95000000","longitude":"12.61666670","name":"Ncuto"},{"id":"99082","latitude":"-4.61666670","longitude":"12.88333330","name":"Neculo"},{"id":"99083","latitude":"-4.95000000","longitude":"12.61666670","name":"Necuto"},{"id":"99111","latitude":"-4.61666670","longitude":"12.88333330","name":"Neulo"},{"id":"99112","latitude":"-4.95000000","longitude":"12.61666670","name":"Ne\u00fato"},{"id":"99127","latitude":"-5.53333330","longitude":"12.35000000","name":"Nganzi"},{"id":"99129","latitude":"-5.61666670","longitude":"12.45000000","name":"Ngauganta"},{"id":"99130","latitude":"-5.46666670","longitude":"12.51666670","name":"Ngelesi"},{"id":"99134","latitude":"-5.46666670","longitude":"12.51666670","name":"N'Gleza"},{"id":"99135","latitude":"-5.46666670","longitude":"12.51666670","name":"N'Gl\u00e9zio"},{"id":"99274","latitude":"-4.61666670","longitude":"12.88333330","name":"N'kulo"},{"id":"99275","latitude":"-4.61666670","longitude":"12.88333330","name":"N'Kulu"},{"id":"99305","latitude":"-5.51666670","longitude":"12.23333330","name":"Nova Estrela"},{"id":"99315","latitude":"-5.18333330","longitude":"12.23333330","name":"N'Pala"},{"id":"99317","latitude":"-4.86666670","longitude":"12.26666670","name":"N'Pela"},{"id":"99318","latitude":"-5.53333330","longitude":"12.35000000","name":"Nqanzi"},{"id":"99324","latitude":"-4.88333330","longitude":"12.75000000","name":"Nsunga"},{"id":"99325","latitude":"-4.88333330","longitude":"12.75000000","name":"Nsungo"},{"id":"99329","latitude":"-4.73333330","longitude":"12.51666670","name":"Ntimbo"},{"id":"99330","latitude":"-5.68333330","longitude":"12.25000000","name":"N'T\u00f3"},{"id":"99331","latitude":"-5.30000000","longitude":"12.16666670","name":"Ntumba"},{"id":"99332","latitude":"-5.30000000","longitude":"12.16666670","name":"Ntumbo"},{"id":"99362","latitude":"-5.40000000","longitude":"12.33333330","name":"N'zembo"},{"id":"99364","latitude":"-5.40000000","longitude":"12.33333330","name":"N'Zila Zambi"},{"id":"99482","latitude":"-4.65000000","longitude":"12.91666670","name":"Pamba"},{"id":"99489","latitude":"-4.66666670","longitude":"12.75000000","name":"Panda de Baixo"},{"id":"99495","latitude":"-4.66666670","longitude":"12.75000000","name":"Panga de Baixo"},{"id":"99497","latitude":"-5.03333330","longitude":"12.53333330","name":"Pangamongo"},{"id":"99498","latitude":"-4.66666670","longitude":"12.75000000","name":"Panga"},{"id":"99502","latitude":"-5.03333330","longitude":"12.53333330","name":"Pango Mongo"},{"id":"99662","latitude":"-5.38333330","longitude":"12.41666670","name":"Pove"},{"id":"99664","latitude":"-5.60000000","longitude":"12.20000000","name":"Povo Grande"},{"id":"99665","latitude":"-5.33333330","longitude":"12.18333330","name":"Povo Malembo"},{"id":"99666","latitude":"-5.38333330","longitude":"12.41666670","name":"Povo"},{"id":"99667","latitude":"-5.08333330","longitude":"12.21666670","name":"Povo Rico"},{"id":"100018","latitude":"-4.65000000","longitude":"13.06666670","name":"Quicumba Congo"},{"id":"101656","latitude":"-5.65000000","longitude":"12.36666670","name":"Salal\u00e9"},{"id":"101949","latitude":"-4.68333330","longitude":"13.01666670","name":"Sanda Massala"},{"id":"101988","latitude":"-4.68333330","longitude":"13.01666670","name":"Sanga Massala"},{"id":"101991","latitude":"-4.65000000","longitude":"12.46666670","name":"Sanga Mongo"},{"id":"101996","latitude":"-4.65000000","longitude":"12.46666670","name":"Sanga"},{"id":"102056","latitude":"-4.96666670","longitude":"12.41666670","name":"San Jos\u00e9 de Luali"},{"id":"102139","latitude":"-4.96666670","longitude":"12.41666670","name":"S\u00e3o Jos\u00e9 do Luati"},{"id":"102142","latitude":"-4.96666670","longitude":"12.41666670","name":"S\u00e3o Jos\u00e9"},{"id":"102214","latitude":"-5.30000000","longitude":"12.23333330","name":"Sassa Zau"},{"id":"102327","latitude":"-5.66666670","longitude":"12.25000000","name":"Sequenheba-S\u00f3co"},{"id":"102351","latitude":"-5.03333330","longitude":"12.51666670","name":"Seva"},{"id":"102392","latitude":"-5.45000000","longitude":"12.48333330","name":"Siboma"},{"id":"102402","latitude":"-5.51666670","longitude":"12.23333330","name":"Simulambuco"},{"id":"102406","latitude":"-4.73333330","longitude":"12.65000000","name":"Sinde"},{"id":"102407","latitude":"-4.73333330","longitude":"12.65000000","name":"Sindo"},{"id":"102503","latitude":"-5.53333330","longitude":"12.35000000","name":"Subantande Ganze"},{"id":"102514","latitude":"-5.65000000","longitude":"12.36666670","name":"Sulal\u00e9"},{"id":"102543","latitude":"-5.70000000","longitude":"12.21666670","name":"Tabi"},{"id":"102575","latitude":"-5.26666670","longitude":"12.43333330","name":"Tamba"},{"id":"102590","latitude":"-4.76666670","longitude":"12.71666670","name":"Tanda Matiaba"},{"id":"102602","latitude":"-4.81666670","longitude":"12.33333330","name":"Tando Limbo"},{"id":"102603","latitude":"-4.76666670","longitude":"12.71666670","name":"Tando Matiaba"},{"id":"102604","latitude":"-5.36666670","longitude":"12.50000000","name":"Tando N'Zinze"},{"id":"102605","latitude":"-5.71666670","longitude":"12.33333330","name":"Tando"},{"id":"102606","latitude":"-5.26666670","longitude":"12.43333330","name":"Tando Zinze"},{"id":"102656","latitude":"-4.96666670","longitude":"12.08333330","name":"Tchiamba"},{"id":"102662","latitude":"-5.26666670","longitude":"12.20000000","name":"Tchibedeca"},{"id":"102664","latitude":"-5.58333330","longitude":"12.51666670","name":"Tchibuandi"},{"id":"102665","latitude":"-4.93333330","longitude":"12.13333330","name":"Tchibuti"},{"id":"102686","latitude":"-4.93333330","longitude":"12.13333330","name":"Tchicuri"},{"id":"102688","latitude":"-5.38333330","longitude":"12.28333330","name":"Tchiele"},{"id":"102696","latitude":"-4.96666670","longitude":"12.08333330","name":"Tchikamba"},{"id":"102750","latitude":"-5.70000000","longitude":"12.43333330","name":"Tchinzaze"},{"id":"102764","latitude":"-4.95000000","longitude":"12.18333330","name":"Tchissanga"},{"id":"102793","latitude":"-4.80000000","longitude":"12.55000000","name":"Tchonzo"},{"id":"102852","latitude":"-5.30000000","longitude":"12.16666670","name":"Tembo"},{"id":"102863","latitude":"-5.25000000","longitude":"12.15000000","name":"Tenda"},{"id":"102865","latitude":"-5.73333330","longitude":"12.43333330","name":"Tendequela"},{"id":"102866","latitude":"-5.73333330","longitude":"12.43333330","name":"Tendequele"},{"id":"102867","latitude":"-5.73333330","longitude":"12.43333330","name":"Tendequelle"},{"id":"102897","latitude":"-5.26666670","longitude":"12.43333330","name":"Thamba"},{"id":"102969","latitude":"-4.76666670","longitude":"12.71666670","name":"Tota Hola"},{"id":"102970","latitude":"-4.76666670","longitude":"12.71666670","name":"Tota Ola"},{"id":"102994","latitude":"-5.30000000","longitude":"12.16666670","name":"Tubo"},{"id":"103010","latitude":"-5.30000000","longitude":"12.16666670","name":"Tumba"},{"id":"103079","latitude":"-5.16666670","longitude":"12.48333330","name":"Uangula"},{"id":"103080","latitude":"-5.16666670","longitude":"12.48333330","name":"U\u00e3ngulo"},{"id":"103099","latitude":"-5.53333330","longitude":"12.36666670","name":"U'Baca"},{"id":"103114","latitude":"-5.05000000","longitude":"12.21666670","name":"U\u00e9ca"},{"id":"103116","latitude":"-5.05000000","longitude":"12.21666670","name":"Uega"},{"id":"103140","latitude":"-5.05000000","longitude":"12.21666670","name":"Uioa"},{"id":"103235","latitude":"-5.55000000","longitude":"12.23333330","name":"Vala"},{"id":"103267","latitude":"-5.05000000","longitude":"12.21666670","name":"Veca"},{"id":"103298","latitude":"-4.81666670","longitude":"12.75000000","name":"Viede"},{"id":"103301","latitude":"-4.81666670","longitude":"12.75000000","name":"Vielela"},{"id":"103326","latitude":"-5.23333330","longitude":"12.13333330","name":"Vila Guilherme Capelo"},{"id":"103413","latitude":"-4.93333330","longitude":"12.48333330","name":"Vito Pegueno"},{"id":"103415","latitude":"-4.93333330","longitude":"12.48333330","name":"Vito"},{"id":"103559","latitude":"-5.73333330","longitude":"12.28333330","name":"Yema"},{"id":"103633","latitude":"-5.16666670","longitude":"12.50000000","name":"Zenze do Lucula"},{"id":"103635","latitude":"-5.16666670","longitude":"12.50000000","name":"Zenze"},{"id":"103645","latitude":"-5.40000000","longitude":"12.33333330","name":"Ziluzambi"},{"id":"103646","latitude":"-5.40000000","longitude":"12.33333330","name":"Zimuzambi"}]