[{"id":"822776","latitude":"-0.91666670","longitude":"9.45000000","name":"Abelago"},{"id":"822777","latitude":"-0.91666670","longitude":"9.45000000","name":"Ab\u00e9logo"},{"id":"822799","latitude":"-0.70000000","longitude":"9.10000000","name":"Abounaviri"},{"id":"822802","latitude":"-1.23333330","longitude":"9.03333330","name":"Achanga"},{"id":"822805","latitude":"-1.03333330","longitude":"9.51666670","name":"Achouka"},{"id":"822838","latitude":"-0.86666670","longitude":"9.61666670","name":"Afangombona"},{"id":"822848","latitude":"-1.53333330","longitude":"9.25000000","name":"Agonga"},{"id":"822856","latitude":"-2.23333330","longitude":"9.66666670","name":"Akaka"},{"id":"822917","latitude":"-0.98333330","longitude":"9.13333330","name":"Akoumouno"},{"id":"822918","latitude":"-1.66666670","longitude":"9.35000000","name":"Akoumounou"},{"id":"822940","latitude":"-1.28333330","longitude":"9.03333330","name":"Alemb\u00e9togo"},{"id":"822962","latitude":"-0.81666670","longitude":"9.63333330","name":"Allego"},{"id":"822983","latitude":"-0.88333330","longitude":"8.98333330","name":"Amboki"},{"id":"822986","latitude":"-1.58333330","longitude":"9.43333330","name":"Ambroise"},{"id":"822987","latitude":"-1.58333330","longitude":"9.28333330","name":"Amendj\u00e9"},{"id":"822988","latitude":"-0.98333330","longitude":"9.63333330","name":"Amengamona"},{"id":"822998","latitude":"-2.23333330","longitude":"9.66666670","name":"Ancien Akaba"},{"id":"823008","latitude":"-2.23333330","longitude":"9.66666670","name":"Ancien Village Akakg"},{"id":"823027","latitude":"1.76666670","longitude":"11.56666670","name":"Andom"},{"id":"823067","latitude":"-2.10000000","longitude":"9.58333330","name":"Aningh\u00e9"},{"id":"823068","latitude":"-2.10000000","longitude":"9.58333330","name":"Aningu\u00e9"},{"id":"823077","latitude":"-1.60000000","longitude":"9.46666670","name":"Aouta"},{"id":"823078","latitude":"-0.91666670","longitude":"9.70000000","name":"Apari"},{"id":"823081","latitude":"-0.65000000","longitude":"8.98333330","name":"Apomand\u00e9"},{"id":"823082","latitude":"-0.83333330","longitude":"8.86666670","name":"Aranga"},{"id":"823095","latitude":"-1.53333330","longitude":"9.48333330","name":"Asseve"},{"id":"823123","latitude":"-1.60000000","longitude":"9.36666670","name":"Atongoouania"},{"id":"823135","latitude":"-0.95000000","longitude":"9.73333330","name":"Avegombori"},{"id":"823136","latitude":"-1.40000000","longitude":"9.35000000","name":"Av\u00e9goumbiri"},{"id":"823175","latitude":"-1.15000000","longitude":"9.51666670","name":"Azegu\u00e9"},{"id":"823196","latitude":"-2.08333330","longitude":"10.13333330","name":"Bakoli"},{"id":"823198","latitude":"-1.93333330","longitude":"10.16666670","name":"Balanganga"},{"id":"823209","latitude":"-1.75000000","longitude":"9.36666670","name":"Bambous"},{"id":"823224","latitude":"-1.85000000","longitude":"9.31666670","name":"Bango"},{"id":"823245","latitude":"-0.35000000","longitude":"9.30000000","name":"Batanga"},{"id":"823246","latitude":"-1.63333330","longitude":"9.65000000","name":"Batenga"},{"id":"823281","latitude":"-0.96666670","longitude":"9.18333330","name":"Bengou\u00e9"},{"id":"823285","latitude":"-1.90000000","longitude":"10.15000000","name":"Bengui"},{"id":"823351","latitude":"-0.88333330","longitude":"9.13333330","name":"Bilape-Saint-Pierre"},{"id":"823389","latitude":"-2.05000000","longitude":"10.06666670","name":"Bingui"},{"id":"823443","latitude":"-1.71666670","longitude":"9.43333330","name":"Boka"},{"id":"823445","latitude":"-2.61666670","longitude":"10.16666670","name":"Bokolo"},{"id":"823460","latitude":"-2.16666670","longitude":"10.20000000","name":"Bongo"},{"id":"823495","latitude":"-2.61666670","longitude":"10.16666670","name":"Boukolo"},{"id":"823579","latitude":"-1.65000000","longitude":"9.45000000","name":"Condafala"},{"id":"823605","latitude":"-1.28333330","longitude":"9.20000000","name":"Diaba"},{"id":"823606","latitude":"-1.48333330","longitude":"9.96666670","name":"Diab\u00e9ta"},{"id":"823607","latitude":"-1.71666670","longitude":"9.83333330","name":"Diamongo"},{"id":"823610","latitude":"-1.71666670","longitude":"9.83333330","name":"Dianongo"},{"id":"823617","latitude":"-1.30000000","longitude":"9.91666670","name":"Dibotinafouala"},{"id":"823621","latitude":"-1.30000000","longitude":"9.91666670","name":"Dibouatinafala"},{"id":"823632","latitude":"-2.36666670","longitude":"10.15000000","name":"Di\u00e9la Vievi"},{"id":"823655","latitude":"-1.61666670","longitude":"9.88333330","name":"Dilalou"},{"id":"823687","latitude":"-1.95000000","longitude":"9.98333330","name":"Divangui"},{"id":"823697","latitude":"-2.06666670","longitude":"10.10000000","name":"Divinou"},{"id":"823731","latitude":"-1.65000000","longitude":"9.66666670","name":"Dogo"},{"id":"823837","latitude":"-0.98333330","longitude":"9.38333330","name":"Echira"},{"id":"823871","latitude":"-0.71666670","longitude":"9.16666670","name":"Ek\u00e9oua"},{"id":"823903","latitude":"-0.73333330","longitude":"8.96666670","name":"Eliva"},{"id":"823907","latitude":"-1.43333330","longitude":"9.35000000","name":"Elomba"},{"id":"823917","latitude":"-0.71666670","longitude":"9.13333330","name":"Emanagouga"},{"id":"823947","latitude":"-0.98333330","longitude":"9.36666670","name":"Enyonga"},{"id":"823951","latitude":"-0.65000000","longitude":"8.71666670","name":"Erogou\u00e9"},{"id":"823952","latitude":"-0.91666670","longitude":"9.58333330","name":"Esende"},{"id":"824032","latitude":"-1.93333330","longitude":"9.33333330","name":"Ezango"},{"id":"824033","latitude":"-1.03333330","longitude":"9.06666670","name":"Falaba"},{"id":"824041","latitude":"-1.56666670","longitude":"9.25000000","name":"Fernand-Vaz"},{"id":"824043","latitude":"-1.56666670","longitude":"9.25000000","name":"Fernan Vaz"},{"id":"824060","latitude":"-1.20000000","longitude":"9.48333330","name":"Foulamayong"},{"id":"824068","latitude":"-2.65000000","longitude":"10.03333330","name":"Foundou"},{"id":"824076","latitude":"-2.65000000","longitude":"10.00000000","name":"Gamba"},{"id":"824077","latitude":"-0.53333330","longitude":"9.20000000","name":"Gangou\u00e9"},{"id":"824090","latitude":"-0.53333330","longitude":"9.20000000","name":"Gongou\u00e9"},{"id":"824095","latitude":"-1.33333330","longitude":"9.95000000","name":"Goudoumayou"},{"id":"824105","latitude":"-1.10000000","longitude":"9.36666670","name":"Guaviri"},{"id":"824113","latitude":"-1.61666670","longitude":"9.53333330","name":"Hublin"},{"id":"824123","latitude":"-1.38333330","longitude":"9.28333330","name":"Ibega"},{"id":"824149","latitude":"-1.91666670","longitude":"9.31666670","name":"Igela"},{"id":"824158","latitude":"-1.91666670","longitude":"9.31666670","name":"Igu\u00e9la"},{"id":"824160","latitude":"-1.48333330","longitude":"9.26666670","name":"Igu\u00e9n\u00e9"},{"id":"824162","latitude":"-0.95000000","longitude":"9.71666670","name":"Ikassa"},{"id":"824165","latitude":"-1.51666670","longitude":"9.46666670","name":"Ikengu\u00e9"},{"id":"824166","latitude":"-1.21666670","longitude":"9.03333330","name":"Ik\u00e9ou\u00e9"},{"id":"824168","latitude":"-1.21666670","longitude":"9.03333330","name":"Ik\u00e9va"},{"id":"824174","latitude":"-1.65000000","longitude":"9.65000000","name":"Ikongo"},{"id":"824175","latitude":"-1.30000000","longitude":"9.01666670","name":"Ikor\u00e9"},{"id":"824180","latitude":"-1.58333330","longitude":"9.55000000","name":"Iland\u00e9"},{"id":"824191","latitude":"-1.80000000","longitude":"9.36666670","name":"Ilongo"},{"id":"824202","latitude":"-1.55000000","longitude":"9.28333330","name":"Inanie"},{"id":"824224","latitude":"-1.38333330","longitude":"9.35000000","name":"Inongo-A\u00efl\u00e9"},{"id":"824225","latitude":"-1.53333330","longitude":"9.43333330","name":"Inongo"},{"id":"824236","latitude":"-1.40000000","longitude":"9.33333330","name":"Ipedie"},{"id":"824245","latitude":"-1.55000000","longitude":"9.43333330","name":"Ir\u00e9va"},{"id":"824258","latitude":"-2.11666670","longitude":"10.13333330","name":"Issiari Mandifou"},{"id":"824263","latitude":"-1.16666670","longitude":"9.51666670","name":"Issinga"},{"id":"824294","latitude":"-0.61666670","longitude":"9.11666670","name":"Izamba"},{"id":"824295","latitude":"-0.61666670","longitude":"9.11666670","name":"Izamb\u00e9"},{"id":"824341","latitude":"-0.91666670","longitude":"9.61666670","name":"Kaz\u00e9"},{"id":"824352","latitude":"-0.81666670","longitude":"9.15000000","name":"Kendj\u00e9"},{"id":"824356","latitude":"-1.73333330","longitude":"9.90000000","name":"K\u00e9no"},{"id":"824359","latitude":"-1.05000000","longitude":"9.13333330","name":"K\u00e9pa"},{"id":"824395","latitude":"-1.70000000","longitude":"9.76666670","name":"Konako"},{"id":"824443","latitude":"-1.63333330","longitude":"9.61666670","name":"Koumou\u00e9"},{"id":"824449","latitude":"-1.43333330","longitude":"9.23333330","name":"Koundakoua"},{"id":"824473","latitude":"-1.68333330","longitude":"9.43333330","name":"Lambar\u00e9n\u00e9"},{"id":"824477","latitude":"-1.66666670","longitude":"9.41666670","name":"Lasiko"},{"id":"824478","latitude":"-1.66666670","longitude":"9.43333330","name":"Lassonie"},{"id":"824633","latitude":"-0.91666670","longitude":"9.00000000","name":"Loanda"},{"id":"824636","latitude":"-1.71666670","longitude":"9.41666670","name":"Londe"},{"id":"824838","latitude":"-1.41666670","longitude":"9.31666670","name":"Mandaganga"},{"id":"824846","latitude":"-2.08333330","longitude":"9.85000000","name":"Mandji"},{"id":"824850","latitude":"-2.08333330","longitude":"10.11666670","name":"Manega"},{"id":"824868","latitude":"-1.80000000","longitude":"9.83333330","name":"Manzilo"},{"id":"824890","latitude":"-1.70000000","longitude":"9.86666670","name":"Massa"},{"id":"824901","latitude":"-2.11666670","longitude":"10.15000000","name":"Massayi"},{"id":"825006","latitude":"-2.05000000","longitude":"10.06666670","name":"Mbengui"},{"id":"825022","latitude":"-1.00000000","longitude":"9.06666670","name":"Mbinda"},{"id":"825025","latitude":"-2.10000000","longitude":"10.26666670","name":"Mbira II"},{"id":"825026","latitude":"-2.13333330","longitude":"10.26666670","name":"Mbira I"},{"id":"825031","latitude":"-1.00000000","longitude":"9.38333330","name":"Mboga"},{"id":"825055","latitude":"-0.63333330","longitude":"8.70000000","name":"Mbond\u00e9"},{"id":"825065","latitude":"-0.63333330","longitude":"9.11666670","name":"Mboudou"},{"id":"825073","latitude":"-0.90000000","longitude":"9.61666670","name":"Mboumba"},{"id":"825078","latitude":"-2.08333330","longitude":"10.11666670","name":"Mbourandou"},{"id":"825159","latitude":"-2.01666670","longitude":"9.50000000","name":"Menguele"},{"id":"825161","latitude":"-1.96666670","longitude":"10.16666670","name":"Mengui"},{"id":"825324","latitude":"-1.65000000","longitude":"9.40000000","name":"Mission Sainte-Anne"},{"id":"825383","latitude":"-0.88333330","longitude":"8.93333330","name":"Mondorob\u00e9"},{"id":"825511","latitude":"-1.95000000","longitude":"10.16666670","name":"Moulemba"},{"id":"825566","latitude":"-1.15000000","longitude":"9.48333330","name":"Moussamoukogo"},{"id":"825597","latitude":"-2.50000000","longitude":"9.86666670","name":"Mouyamba"},{"id":"825602","latitude":"-2.50000000","longitude":"10.11666670","name":"Mouyomfi"},{"id":"825614","latitude":"-0.93333330","longitude":"9.45000000","name":"Mpaga"},{"id":"825615","latitude":"-1.68333330","longitude":"9.23333330","name":"Mpana"},{"id":"825616","latitude":"-1.68333330","longitude":"9.23333330","name":"Mpando"},{"id":"825617","latitude":"-0.61666670","longitude":"9.11666670","name":"Mpemb\u00e9"},{"id":"825618","latitude":"-1.68333330","longitude":"9.68333330","name":"Mp\u00e9r\u00e9"},{"id":"825670","latitude":"-1.18333330","longitude":"9.51666670","name":"Nabigou"},{"id":"825679","latitude":"-2.41666670","longitude":"9.73333330","name":"N'Dama"},{"id":"825704","latitude":"-1.58333330","longitude":"9.40000000","name":"Ndjol\u00e9"},{"id":"825714","latitude":"-2.06666670","longitude":"10.31666670","name":"N'Douami"},{"id":"825716","latitude":"-2.06666670","longitude":"10.31666670","name":"Ndouani"},{"id":"825720","latitude":"-1.65000000","longitude":"9.66666670","name":"Ndougou"},{"id":"825724","latitude":"-0.96666670","longitude":"9.60000000","name":"Ndoumba"},{"id":"825730","latitude":"-0.93333330","longitude":"9.71666670","name":"Nendja"},{"id":"825731","latitude":"-1.95000000","longitude":"9.40000000","name":"Nenga Bembe"},{"id":"825751","latitude":"-0.96666670","longitude":"9.03333330","name":"Ngola"},{"id":"825786","latitude":"-1.10000000","longitude":"9.36666670","name":"Ngouaviri"},{"id":"825794","latitude":"-1.81666670","longitude":"9.35000000","name":"Ngoulabona"},{"id":"825799","latitude":"-0.95000000","longitude":"9.60000000","name":"Ngoumbi"},{"id":"825820","latitude":"-1.01666670","longitude":"9.06666670","name":"Nguiabeta"},{"id":"825847","latitude":"-1.33333330","longitude":"9.01666670","name":"Ningoranga"},{"id":"825850","latitude":"-0.86666670","longitude":"8.93333330","name":"Niolokou\u00e9"},{"id":"825851","latitude":"-2.51666670","longitude":"9.75000000","name":"Niongo"},{"id":"825854","latitude":"-2.18333330","longitude":"9.66666670","name":"Nioungou Goumbi"},{"id":"825855","latitude":"-2.28333330","longitude":"9.71666670","name":"Nioungou"},{"id":"825901","latitude":"-2.06666670","longitude":"9.56666670","name":"Nkombeguinoguia"},{"id":"825936","latitude":"-2.15000000","longitude":"9.51666670","name":"Nombo"},{"id":"825943","latitude":"-2.05000000","longitude":"10.35000000","name":"Nsakalano"},{"id":"825958","latitude":"-0.81666670","longitude":"8.81666670","name":"Ntchengu\u00e9"},{"id":"825986","latitude":"-1.10000000","longitude":"9.05000000","name":"Nyanga"},{"id":"826009","latitude":"-0.88333330","longitude":"9.66666670","name":"Nzamen\u00e9"},{"id":"826086","latitude":"-1.11666670","longitude":"9.26666670","name":"Obando"},{"id":"826104","latitude":"-1.93333330","longitude":"9.50000000","name":"Obiro"},{"id":"826114","latitude":"-1.65000000","longitude":"9.36666670","name":"Odende"},{"id":"826116","latitude":"-2.03333330","longitude":"9.55000000","name":"Odimba"},{"id":"826118","latitude":"-1.63333330","longitude":"9.48333330","name":"Odowo"},{"id":"826119","latitude":"-1.00000000","longitude":"8.95000000","name":"Odowwenga"},{"id":"826122","latitude":"-1.83333330","longitude":"9.36666670","name":"Ogoga"},{"id":"826123","latitude":"-1.83333330","longitude":"9.36666670","name":"Ogogha"},{"id":"826138","latitude":"-0.91666670","longitude":"9.53333330","name":"Okolo"},{"id":"826148","latitude":"-1.55000000","longitude":"9.45000000","name":"Olago"},{"id":"826149","latitude":"-1.16666670","longitude":"9.51666670","name":"Olamba"},{"id":"826151","latitude":"-1.55000000","longitude":"9.45000000","name":"Olango"},{"id":"826166","latitude":"-1.56666670","longitude":"9.25000000","name":"Ombou\u00e9"},{"id":"826168","latitude":"-1.56666670","longitude":"9.96666670","name":"Omengo"},{"id":"826173","latitude":"-1.68333330","longitude":"9.68333330","name":"Omp\u00e9r\u00e9"},{"id":"826183","latitude":"-1.45000000","longitude":"9.28333330","name":"Ondouma"},{"id":"826190","latitude":"-1.38333330","longitude":"9.08333330","name":"Ongouendjo"},{"id":"826191","latitude":"-1.38333330","longitude":"9.08333330","name":"Onguendjo II"},{"id":"826192","latitude":"-1.38333330","longitude":"9.08333330","name":"Onguendjo"},{"id":"826202","latitude":"-1.80000000","longitude":"9.36666670","name":"Orali"},{"id":"826206","latitude":"-0.90000000","longitude":"9.75000000","name":"Ossamoudembou"},{"id":"826274","latitude":"-0.75000000","longitude":"8.86666670","name":"Ozomboua"},{"id":"826275","latitude":"-1.01666670","longitude":"8.88333330","name":"Ozouri"},{"id":"826281","latitude":"-1.20000000","longitude":"9.51666670","name":"Paguilou"},{"id":"826289","latitude":"-1.66666670","longitude":"9.73333330","name":"Pan\u00e9po"},{"id":"826294","latitude":"-1.98333330","longitude":"10.16666670","name":"Papero"},{"id":"826302","latitude":"-1.90000000","longitude":"9.45000000","name":"Pemba-Niamb\u00e9"},{"id":"826314","latitude":"-2.26666670","longitude":"9.58333330","name":"Petit Loanga"},{"id":"826315","latitude":"-2.26666670","longitude":"9.58333330","name":"Petit Loango"},{"id":"826329","latitude":"-2.01666670","longitude":"9.46666670","name":"Pointe Claire"},{"id":"826340","latitude":"-0.71666670","longitude":"8.78333330","name":"Port-Gentil"},{"id":"826371","latitude":"-2.18333330","longitude":"10.20000000","name":"Saguinanga"},{"id":"826374","latitude":"-1.60000000","longitude":"9.35000000","name":"Saille"},{"id":"826382","latitude":"-2.15000000","longitude":"10.20000000","name":"Saint-Thomas"},{"id":"826387","latitude":"-1.93333330","longitude":"10.16666670","name":"Salaganga"},{"id":"826389","latitude":"-1.93333330","longitude":"10.16666670","name":"Salanganga"},{"id":"826390","latitude":"-1.93333330","longitude":"10.16666670","name":"Salangonga"},{"id":"826393","latitude":"-1.90000000","longitude":"10.00000000","name":"Salanou"},{"id":"826394","latitude":"-1.56666670","longitude":"9.48333330","name":"Sallanou"},{"id":"826397","latitude":"-1.36666670","longitude":"9.35000000","name":"Sambinanga"},{"id":"826411","latitude":"-0.46666670","longitude":"9.25000000","name":"Sangatanga"},{"id":"826416","latitude":"-2.13333330","longitude":"10.18333330","name":"Sangouronda"},{"id":"826417","latitude":"-2.15000000","longitude":"10.20000000","name":"Sangourouma"},{"id":"826426","latitude":"-2.53333330","longitude":"9.75000000","name":"Sett\u00e9 Cama"},{"id":"826437","latitude":"-0.68333330","longitude":"8.93333330","name":"Simane"},{"id":"826438","latitude":"-0.68333330","longitude":"8.93333330","name":"Simanic"},{"id":"826439","latitude":"-0.68333330","longitude":"8.93333330","name":"Simani"},{"id":"826463","latitude":"-2.41666670","longitude":"9.73333330","name":"Sounga"},{"id":"826473","latitude":"-2.08333330","longitude":"9.43333330","name":"Tassi"},{"id":"826475","latitude":"-0.98333330","longitude":"9.66666670","name":"Tchangombini"},{"id":"826476","latitude":"-1.53333330","longitude":"9.48333330","name":"Tchangonivi"},{"id":"826477","latitude":"-1.95000000","longitude":"9.46666670","name":"Tchatamba"},{"id":"826480","latitude":"-0.81666670","longitude":"8.81666670","name":"Tchengu\u00e9"},{"id":"826483","latitude":"-1.13333330","longitude":"9.55000000","name":"Tchibanga"},{"id":"826492","latitude":"-1.91666670","longitude":"9.31666670","name":"Tchongorov\u00e9"},{"id":"826523","latitude":"-1.56666670","longitude":"9.41666670","name":"Toungounamba II"},{"id":"826524","latitude":"-1.56666670","longitude":"9.41666670","name":"Toungounamba I"},{"id":"826525","latitude":"-1.56666670","longitude":"9.41666670","name":"Toungounamba"},{"id":"826551","latitude":"-2.10000000","longitude":"10.13333330","name":"Tsongo Malongo"},{"id":"826559","latitude":"-1.66666670","longitude":"9.56666670","name":"Vandar\u00e9ne Echira"},{"id":"826560","latitude":"-1.65000000","longitude":"9.51666670","name":"Vandar\u00e9ne Pahouin"},{"id":"826561","latitude":"-1.66666670","longitude":"9.56666670","name":"Vandar\u00e9n\u00e9"},{"id":"826562","latitude":"-1.11666670","longitude":"9.55000000","name":"Vanguenengu\u00e9"},{"id":"826568","latitude":"-2.61666670","longitude":"10.11666670","name":"V\u00e9ra"},{"id":"826569","latitude":"-0.96666670","longitude":"9.71666670","name":"Veyri\u00e9"},{"id":"826572","latitude":"-1.43333330","longitude":"9.35000000","name":"Village Atova"},{"id":"826574","latitude":"-0.65000000","longitude":"8.71666670","name":"Village Erogou\u00e9"},{"id":"826575","latitude":"-1.21666670","longitude":"9.03333330","name":"Village Ik\u00e9va"},{"id":"826576","latitude":"-0.63333330","longitude":"8.70000000","name":"Village Mbond\u00e9"},{"id":"826577","latitude":"-1.55000000","longitude":"9.45000000","name":"Village Olago"},{"id":"826578","latitude":"-1.60000000","longitude":"9.35000000","name":"Village Saille"},{"id":"826617","latitude":"-1.35000000","longitude":"9.33333330","name":"Y\u00e9no"},{"id":"826631","latitude":"-0.96666670","longitude":"9.43333330","name":"Yomb\u00e9 II"},{"id":"826632","latitude":"-0.98333330","longitude":"9.43333330","name":"Yomb\u00e9 I"},{"id":"826634","latitude":"-0.73333330","longitude":"8.88333330","name":"Yomb\u00e9"},{"id":"826636","latitude":"-1.00000000","longitude":"9.68333330","name":"Yongodoulongo"},{"id":"826643","latitude":"-1.90000000","longitude":"9.41666670","name":"Yougou"},{"id":"826657","latitude":"-1.68333330","longitude":"9.41666670","name":"Zambouni\u00e9"},{"id":"826664","latitude":"-1.66666670","longitude":"9.75000000","name":"Zilmac"},{"id":"826682","latitude":"-1.01666670","longitude":"8.88333330","name":"Zouri"}]