[{"id":"822783","latitude":"0.33333330","longitude":"12.00000000","name":"Abeng"},{"id":"822792","latitude":"0.78333330","longitude":"12.98333330","name":"Abor"},{"id":"822804","latitude":"-0.08333330","longitude":"11.73333330","name":"Achouka"},{"id":"822813","latitude":"0.55000000","longitude":"12.56666670","name":"Adou\u00e9"},{"id":"822816","latitude":"0.55000000","longitude":"12.56666670","name":"Adw\u00e9"},{"id":"822831","latitude":"0.58333330","longitude":"12.66666670","name":"Adzo"},{"id":"822844","latitude":"0.48333330","longitude":"12.40000000","name":"Afouma-adzo"},{"id":"822866","latitude":"0.46666670","longitude":"12.36666670","name":"Akana"},{"id":"822878","latitude":"-0.05000000","longitude":"11.96666670","name":"Akighilam"},{"id":"822882","latitude":"0.01666670","longitude":"11.90000000","name":"Akoba"},{"id":"822905","latitude":"0.51666670","longitude":"12.46666670","name":"Akork"},{"id":"822910","latitude":"0.56666670","longitude":"12.78333330","name":"Akougoubily\u00e9"},{"id":"822933","latitude":"0.56666670","longitude":"12.83333330","name":"Alarmintang"},{"id":"822935","latitude":"0.56666670","longitude":"12.83333330","name":"Alarmitang"},{"id":"822950","latitude":"0.66666670","longitude":"12.91666670","name":"Al\u00e8ne"},{"id":"822961","latitude":"0.35000000","longitude":"12.11666670","name":"Allar Mourkevock"},{"id":"822996","latitude":"0.58333330","longitude":"12.86666670","name":"Amy\u00e9r\u00e9"},{"id":"823001","latitude":"-0.20000000","longitude":"11.73333330","name":"Ancien Kandjama"},{"id":"823005","latitude":"-0.68333330","longitude":"11.55000000","name":"Ancien Okaka"},{"id":"823019","latitude":"0.63333330","longitude":"12.88333330","name":"Andok"},{"id":"823055","latitude":"0.65000000","longitude":"12.88333330","name":"Angouma"},{"id":"823085","latitude":"-0.08333330","longitude":"11.73333330","name":"Aschouka"},{"id":"823129","latitude":"-0.10000000","longitude":"11.95000000","name":"Atsombial"},{"id":"823130","latitude":"0.68333330","longitude":"12.86666670","name":"Atyglam"},{"id":"823131","latitude":"0.68333330","longitude":"12.86666670","name":"Atyiglam"},{"id":"823140","latitude":"0.53333330","longitude":"12.86666670","name":"Avil-Boumba"},{"id":"823141","latitude":"0.56666670","longitude":"12.88333330","name":"Avil-Chicago"},{"id":"823155","latitude":"0.55000000","longitude":"12.58333330","name":"Ayeghening"},{"id":"823160","latitude":"-0.08333330","longitude":"11.36666670","name":"Ayem"},{"id":"823162","latitude":"-0.08333330","longitude":"11.36666670","name":"Ay\u00e8me"},{"id":"823166","latitude":"0.80000000","longitude":"12.38333330","name":"Ayoeroeb\u00e9"},{"id":"823187","latitude":"0.30000000","longitude":"13.21666670","name":"Badi"},{"id":"823199","latitude":"0.11666670","longitude":"11.88333330","name":"Balemba I"},{"id":"823200","latitude":"0.10000000","longitude":"11.88333330","name":"Balemba II"},{"id":"823203","latitude":"0.81666670","longitude":"13.46666670","name":"Bambaza I"},{"id":"823206","latitude":"-0.30000000","longitude":"11.75000000","name":"Bambila"},{"id":"823207","latitude":"0.90000000","longitude":"13.66666670","name":"Bambo"},{"id":"823218","latitude":"0.61666670","longitude":"12.96666670","name":"Bangaki\u00e9"},{"id":"823225","latitude":"0.20000000","longitude":"13.41666670","name":"Bangodecahoye"},{"id":"823230","latitude":"-0.06666670","longitude":"11.81666670","name":"Bangou"},{"id":"823243","latitude":"0.45000000","longitude":"13.03333330","name":"Bassitobalangoye"},{"id":"823247","latitude":"0.80000000","longitude":"13.45000000","name":"Batoala"},{"id":"823249","latitude":"0.98333330","longitude":"13.90000000","name":"Baya"},{"id":"823255","latitude":"0.83333330","longitude":"13.96666670","name":"B\u00e9dounou"},{"id":"823262","latitude":"0.43333330","longitude":"12.30000000","name":"Bekou-Bekou"},{"id":"823263","latitude":"0.81666670","longitude":"13.48333330","name":"B\u00e9kouy\u00e9"},{"id":"823264","latitude":"1.00000000","longitude":"13.90000000","name":"Belakembe"},{"id":"823265","latitude":"0.85000000","longitude":"13.51666670","name":"Bel\u00e9"},{"id":"823266","latitude":"-0.10000000","longitude":"11.96666670","name":"Belem"},{"id":"823267","latitude":"1.13333330","longitude":"13.11666670","name":"B\u00e9linga"},{"id":"823279","latitude":"0.65000000","longitude":"12.68333330","name":"Bengiyoe"},{"id":"823280","latitude":"0.61666670","longitude":"12.96666670","name":"Bengou\u00e9"},{"id":"823291","latitude":"-0.05000000","longitude":"11.51666670","name":"Benvaga"},{"id":"823312","latitude":"0.81666670","longitude":"12.36666670","name":"Bibioe"},{"id":"823378","latitude":"-0.11666670","longitude":"11.96666670","name":"Bindaba"},{"id":"823393","latitude":"0.46666670","longitude":"12.35000000","name":"Binong"},{"id":"823406","latitude":"0.48333330","longitude":"12.43333330","name":"Bissobilan"},{"id":"823417","latitude":"-0.01666670","longitude":"11.91666670","name":"Bissoubilam"},{"id":"823444","latitude":"0.86666670","longitude":"13.65000000","name":"Bokaboka"},{"id":"823448","latitude":"-0.05000000","longitude":"11.61666670","name":"Bol\u00e9ko"},{"id":"823464","latitude":"-0.10000000","longitude":"11.93333330","name":"Boou\u00e9"},{"id":"823465","latitude":"-0.10000000","longitude":"11.93333330","name":"Boque"},{"id":"823485","latitude":"-0.10000000","longitude":"11.93333330","name":"Bou\u00e9"},{"id":"823510","latitude":"-0.36666670","longitude":"12.38333330","name":"Boumbakari"},{"id":"823511","latitude":"0.80000000","longitude":"13.45000000","name":"Boumbazokou"},{"id":"823512","latitude":"0.83333330","longitude":"13.48333330","name":"Boumbazokou II"},{"id":"823515","latitude":"0.68333330","longitude":"13.03333330","name":"Bounbinda"},{"id":"823520","latitude":"0.85000000","longitude":"13.56666670","name":"Boungaloundou"},{"id":"823565","latitude":"-0.15000000","longitude":"12.15000000","name":"Canca"},{"id":"823573","latitude":"0.95000000","longitude":"13.76666670","name":"Cocofili"},{"id":"823574","latitude":"0.11666670","longitude":"13.58333330","name":"Cocomacala"},{"id":"823596","latitude":"0.55000000","longitude":"12.51666670","name":"Debiang"},{"id":"823700","latitude":"0.86666670","longitude":"14.00000000","name":"Djab\u00e9ta"},{"id":"823704","latitude":"0.85000000","longitude":"13.58333330","name":"Djassone"},{"id":"823717","latitude":"0.75000000","longitude":"14.05000000","name":"Djokoloudja I"},{"id":"823718","latitude":"0.73333330","longitude":"14.06666670","name":"Djokoloudja II"},{"id":"823719","latitude":"-0.28333330","longitude":"12.30000000","name":"Djokonamoi"},{"id":"823722","latitude":"0.88333330","longitude":"14.00000000","name":"Djokossana"},{"id":"823733","latitude":"-0.08333330","longitude":"11.70000000","name":"Dolle"},{"id":"823774","latitude":"0.81666670","longitude":"13.46666670","name":"Doungoun\u00e9n\u00e9"},{"id":"823777","latitude":"0.05000000","longitude":"12.00000000","name":"Douradzum"},{"id":"823781","latitude":"0.31666670","longitude":"12.16666670","name":"D'Ovan"},{"id":"823786","latitude":"-0.03333330","longitude":"11.91666670","name":"Duradzoma"},{"id":"823799","latitude":"0.55000000","longitude":"12.48333330","name":"Ebandaga"},{"id":"823800","latitude":"1.03333330","longitude":"13.01666670","name":"Ebandan"},{"id":"823805","latitude":"0.30000000","longitude":"11.66666670","name":"Ebaredo"},{"id":"823806","latitude":"0.55000000","longitude":"12.53333330","name":"Ebea-Akork"},{"id":"823823","latitude":"0.71666670","longitude":"13.90000000","name":"Ebolahon"},{"id":"823836","latitude":"0.60000000","longitude":"12.73333330","name":"Ebyegn"},{"id":"823840","latitude":"0.20000000","longitude":"11.90000000","name":"Edabour"},{"id":"823842","latitude":"0.56666670","longitude":"12.88333330","name":"Edok"},{"id":"823849","latitude":"0.60000000","longitude":"12.73333330","name":"Edzamangen"},{"id":"823851","latitude":"1.30000000","longitude":"14.10000000","name":"Effand\u00e9"},{"id":"823857","latitude":"1.26666670","longitude":"14.10000000","name":"Ego"},{"id":"823859","latitude":"0.86666670","longitude":"13.63333330","name":"Ehanzo"},{"id":"823865","latitude":"0.20000000","longitude":"11.88333330","name":"Ekar\u00e9long"},{"id":"823866","latitude":"0.66666670","longitude":"14.30000000","name":"Ekata"},{"id":"823867","latitude":"1.01666670","longitude":"13.96666670","name":"Ekatangaye"},{"id":"823875","latitude":"1.33333330","longitude":"14.08333330","name":"Ekok"},{"id":"823881","latitude":"1.06666670","longitude":"13.05000000","name":"Ekoua"},{"id":"823886","latitude":"0.63333330","longitude":"13.00000000","name":"Ekoumaniambi"},{"id":"823890","latitude":"0.58333330","longitude":"12.81666670","name":"Ekowong"},{"id":"823893","latitude":"0.63333330","longitude":"12.70000000","name":"Elanh-Bemvoum"},{"id":"823896","latitude":"0.35000000","longitude":"12.18333330","name":"Elata Bakota"},{"id":"823902","latitude":"0.81666670","longitude":"12.43333330","name":"Elib\u00e9r\u00e9"},{"id":"823904","latitude":"0.95000000","longitude":"13.78333330","name":"Ell\u00e9la"},{"id":"823914","latitude":"0.86666670","longitude":"13.98333330","name":"Elouma"},{"id":"823918","latitude":"-0.10000000","longitude":"11.98333330","name":"Embadaga"},{"id":"823977","latitude":"1.01666670","longitude":"13.96666670","name":"Etakanga\u00ef"},{"id":"823978","latitude":"1.01666670","longitude":"13.96666670","name":"Etakangaye"},{"id":"823979","latitude":"0.51666670","longitude":"13.00000000","name":"Etakaniab\u00e9"},{"id":"823986","latitude":"0.73333330","longitude":"13.91666670","name":"Etiala"},{"id":"824007","latitude":"0.08333330","longitude":"11.86666670","name":"Evormitok"},{"id":"824015","latitude":"0.56666670","longitude":"12.63333330","name":"Eyamayong"},{"id":"824018","latitude":"0.60000000","longitude":"12.73333330","name":"Eyameyen"},{"id":"824019","latitude":"0.56666670","longitude":"12.63333330","name":"Eyameyon"},{"id":"824021","latitude":"0.21666670","longitude":"11.76666670","name":"Eyameyong"},{"id":"824025","latitude":"0.13333330","longitude":"11.88333330","name":"Eyene"},{"id":"824044","latitude":"0.90000000","longitude":"12.26666670","name":"Foloe"},{"id":"824050","latitude":"0.23333330","longitude":"11.95000000","name":"Foubenzok"},{"id":"824051","latitude":"0.26666670","longitude":"11.96666670","name":"Foubenzork"},{"id":"824056","latitude":"0.20000000","longitude":"11.78333330","name":"Foula Fieng"},{"id":"824058","latitude":"0.20000000","longitude":"11.78333330","name":"Foula"},{"id":"824078","latitude":"0.70000000","longitude":"13.13333330","name":"Ganzi"},{"id":"824079","latitude":"0.71666670","longitude":"13.16666670","name":"Gazo"},{"id":"824110","latitude":"0.95000000","longitude":"13.81666670","name":"Gui\u00e9ss\u00e9b\u00e9"},{"id":"824118","latitude":"-0.06666670","longitude":"11.93333330","name":"Ibakodia"},{"id":"824124","latitude":"0.68333330","longitude":"14.10000000","name":"Ib\u00e9la"},{"id":"824125","latitude":"0.68333330","longitude":"14.10000000","name":"Ibella"},{"id":"824127","latitude":"0.68333330","longitude":"13.05000000","name":"Ibinga"},{"id":"824128","latitude":"-0.10000000","longitude":"11.45000000","name":"Ibomo"},{"id":"824169","latitude":"0.91666670","longitude":"13.68333330","name":"Iki\u00e9"},{"id":"824171","latitude":"0.90000000","longitude":"13.65000000","name":"Iko"},{"id":"824195","latitude":"1.03333330","longitude":"13.98333330","name":"Imbong"},{"id":"824207","latitude":"0.31666670","longitude":"13.15000000","name":"Indombo"},{"id":"824208","latitude":"0.93333330","longitude":"13.71666670","name":"Indou\u00e9"},{"id":"824210","latitude":"-0.10000000","longitude":"11.98333330","name":"Indzanza"},{"id":"824213","latitude":"0.85000000","longitude":"13.60000000","name":"Ingolandjondjo II"},{"id":"824214","latitude":"0.86666670","longitude":"13.60000000","name":"Ingolandjondjo I"},{"id":"824215","latitude":"0.86666670","longitude":"13.60000000","name":"Ingolandjondo"},{"id":"824216","latitude":"0.81666670","longitude":"13.96666670","name":"Ingonda"},{"id":"824229","latitude":"0.76666670","longitude":"13.31666670","name":"Inz\u00e9"},{"id":"824272","latitude":"0.86666670","longitude":"13.58333330","name":"It\u00e9b\u00e9 III"},{"id":"824273","latitude":"0.85000000","longitude":"13.55000000","name":"It\u00e9b\u00e9 II"},{"id":"824274","latitude":"0.81666670","longitude":"13.46666670","name":"It\u00e9b\u00e9 I"},{"id":"824275","latitude":"-0.43333330","longitude":"11.75000000","name":"It\u00e9k\u00e9"},{"id":"824323","latitude":"-0.26666670","longitude":"11.73333330","name":"Kandjama Bika"},{"id":"824324","latitude":"-0.20000000","longitude":"11.73333330","name":"Kandjama"},{"id":"824325","latitude":"-0.11666670","longitude":"11.73333330","name":"Kandjama Simba"},{"id":"824329","latitude":"0.66666670","longitude":"14.18333330","name":"Kangala"},{"id":"824331","latitude":"-0.15000000","longitude":"12.15000000","name":"Kan-Kan"},{"id":"824338","latitude":"0.88333330","longitude":"14.01666670","name":"Katamoba"},{"id":"824344","latitude":"0.00000000","longitude":"11.95000000","name":"K\u00e9k\u00e9l\u00e9"},{"id":"824351","latitude":"0.66666670","longitude":"13.53333330","name":"Kemboma"},{"id":"824353","latitude":"-0.10000000","longitude":"11.98333330","name":"Kendo"},{"id":"824382","latitude":"0.98333330","longitude":"13.95000000","name":"Koko"},{"id":"824388","latitude":"0.31666670","longitude":"12.16666670","name":"Kollioura"},{"id":"824391","latitude":"0.33333330","longitude":"12.20000000","name":"Kombani"},{"id":"824393","latitude":"-0.33333330","longitude":"12.36666670","name":"Kombo"},{"id":"824403","latitude":"-0.08333330","longitude":"11.46666670","name":"Kongo Boumba"},{"id":"824409","latitude":"0.70000000","longitude":"13.05000000","name":"Koto"},{"id":"824417","latitude":"0.86666670","longitude":"14.03333330","name":"Kouangata"},{"id":"824430","latitude":"0.20000000","longitude":"11.81666670","name":"Koula-Okak"},{"id":"824433","latitude":"0.18333330","longitude":"11.85000000","name":"Koumamayong"},{"id":"824434","latitude":"0.18333330","longitude":"11.85000000","name":"Koumameyong"},{"id":"824435","latitude":"0.85000000","longitude":"14.05000000","name":"Koumaniab\u00e9"},{"id":"824448","latitude":"0.70000000","longitude":"14.08333330","name":"Kounamoutou"},{"id":"824463","latitude":"0.31666670","longitude":"11.53333330","name":"Laboka"},{"id":"824471","latitude":"0.65000000","longitude":"13.03333330","name":"Lambar\u00e9n\u00e9"},{"id":"824474","latitude":"-0.08333330","longitude":"11.46666670","name":"Lambassi"},{"id":"824475","latitude":"1.03333330","longitude":"13.01666670","name":"La Nsy\u00e9"},{"id":"824481","latitude":"0.63333330","longitude":"12.98333330","name":"Lata-Bengou\u00e9"},{"id":"824482","latitude":"0.56666670","longitude":"12.88333330","name":"Latanamitaga"},{"id":"824537","latitude":"-0.08333330","longitude":"11.36666670","name":"L\u00e9l\u00e9di"},{"id":"824621","latitude":"-0.10000000","longitude":"11.96666670","name":"Linz\u00e9"},{"id":"824635","latitude":"0.35000000","longitude":"12.08333330","name":"Lobo"},{"id":"824653","latitude":"0.71666670","longitude":"13.86666670","name":"Lounga"},{"id":"824658","latitude":"-0.11666670","longitude":"11.96666670","name":"Lyodia"},{"id":"824669","latitude":"0.95000000","longitude":"13.95000000","name":"Mab\u00e9mandouma"},{"id":"824689","latitude":"-0.31666670","longitude":"12.36666670","name":"Macadium"},{"id":"824691","latitude":"-0.31666670","longitude":"12.36666670","name":"Macadyoum"},{"id":"824698","latitude":"0.05000000","longitude":"13.65000000","name":"Macouzca"},{"id":"824714","latitude":"1.36666670","longitude":"14.06666670","name":"Madjingo"},{"id":"824719","latitude":"0.98333330","longitude":"13.95000000","name":"Mafouka II"},{"id":"824720","latitude":"0.83333330","longitude":"13.50000000","name":"Mafouka I"},{"id":"824721","latitude":"0.76666670","longitude":"12.96666670","name":"Mafouka"},{"id":"824734","latitude":"-0.48333330","longitude":"11.76666670","name":"Magnimba"},{"id":"824736","latitude":"0.73333330","longitude":"12.95000000","name":"Magnon"},{"id":"824745","latitude":"0.78333330","longitude":"13.40000000","name":"Mahengy\u00e9di II"},{"id":"824746","latitude":"-0.06666670","longitude":"11.91666670","name":"Mahibor\u00e9"},{"id":"824748","latitude":"0.16666670","longitude":"13.50000000","name":"Mahinda"},{"id":"824759","latitude":"-0.18333330","longitude":"12.20000000","name":"Makakou"},{"id":"824763","latitude":"0.88333330","longitude":"13.98333330","name":"Makana"},{"id":"824771","latitude":"0.73333330","longitude":"13.21666670","name":"Makao"},{"id":"824774","latitude":"0.06666670","longitude":"13.63333330","name":"Makebe"},{"id":"824776","latitude":"-0.18333330","longitude":"12.20000000","name":"Mak\u00e9kou"},{"id":"824782","latitude":"0.56666670","longitude":"12.86666670","name":"Makokou Fortifi\u00e9"},{"id":"824783","latitude":"0.56666670","longitude":"12.86666670","name":"Makokou"},{"id":"824786","latitude":"-0.05000000","longitude":"11.96666670","name":"Makoubou"},{"id":"824787","latitude":"-0.23333330","longitude":"12.26666670","name":"Makoui"},{"id":"824798","latitude":"-0.05000000","longitude":"11.88333330","name":"Malar\u00e9"},{"id":"824801","latitude":"0.68333330","longitude":"14.13333330","name":"Maleba"},{"id":"824802","latitude":"0.76666670","longitude":"13.33333330","name":"Malemb\u00e9"},{"id":"824809","latitude":"0.75000000","longitude":"13.31666670","name":"Malenzi"},{"id":"824819","latitude":"0.91666670","longitude":"13.96666670","name":"Malondo"},{"id":"824825","latitude":"0.75000000","longitude":"13.93333330","name":"Mambaza"},{"id":"824844","latitude":"-0.10000000","longitude":"11.95000000","name":"Mandji"},{"id":"824847","latitude":"0.65000000","longitude":"14.23333330","name":"Mandombo I"},{"id":"824848","latitude":"0.65000000","longitude":"14.23333330","name":"Mandombo"},{"id":"824855","latitude":"0.23333330","longitude":"13.33333330","name":"Mangoma"},{"id":"824866","latitude":"-0.08333330","longitude":"11.76666670","name":"Mantoua"},{"id":"824867","latitude":"0.98333330","longitude":"12.98333330","name":"Manyal"},{"id":"824869","latitude":"-0.06666670","longitude":"11.90000000","name":"Maoukafan"},{"id":"824885","latitude":"0.73333330","longitude":"13.20000000","name":"Massaa"},{"id":"824886","latitude":"0.66666670","longitude":"13.03333330","name":"Massaba II"},{"id":"824888","latitude":"-0.03333330","longitude":"11.96666670","name":"Massako"},{"id":"824902","latitude":"0.65000000","longitude":"12.91666670","name":"Masseb"},{"id":"824905","latitude":"0.33333330","longitude":"12.06666670","name":"Mass\u00e9"},{"id":"824907","latitude":"1.33333330","longitude":"14.08333330","name":"Massen\u00e9ga"},{"id":"824920","latitude":"1.30000000","longitude":"14.08333330","name":"Massombo"},{"id":"824934","latitude":"0.26666670","longitude":"11.68333330","name":"Matora"},{"id":"824936","latitude":"0.85000000","longitude":"13.53333330","name":"Matot\u00e9 II"},{"id":"824937","latitude":"0.83333330","longitude":"13.50000000","name":"Matot\u00e9 I"},{"id":"824946","latitude":"-0.10000000","longitude":"11.95000000","name":"Mav\u00e9n\u00e9"},{"id":"824959","latitude":"0.90000000","longitude":"13.96666670","name":"Mayaza\u00efp\u00e9pa"},{"id":"824960","latitude":"1.10000000","longitude":"13.11666670","name":"May\u00e9bout"},{"id":"824961","latitude":"1.10000000","longitude":"13.11666670","name":"Mayebut"},{"id":"824967","latitude":"0.00000000","longitude":"11.90000000","name":"Mayen\u00e9 II"},{"id":"824974","latitude":"0.56666670","longitude":"12.85000000","name":"Mayiga"},{"id":"824997","latitude":"0.58333330","longitude":"12.75000000","name":"Mbebengui"},{"id":"824999","latitude":"0.96666670","longitude":"13.85000000","name":"Mb\u00e9la"},{"id":"825001","latitude":"0.68333330","longitude":"14.10000000","name":"Mb\u00e9l\u00e9"},{"id":"825003","latitude":"-0.08333330","longitude":"11.95000000","name":"Mbembam"},{"id":"825007","latitude":"0.68333330","longitude":"13.83333330","name":"Mbey"},{"id":"825008","latitude":"0.60000000","longitude":"12.93333330","name":"Mb\u00e9za"},{"id":"825029","latitude":"0.66666670","longitude":"14.16666670","name":"Mbizo"},{"id":"825030","latitude":"0.58333330","longitude":"12.70000000","name":"Mboa"},{"id":"825045","latitude":"0.33333330","longitude":"11.46666670","name":"Mboma"},{"id":"825047","latitude":"0.33333330","longitude":"11.48333330","name":"Mbomao"},{"id":"825052","latitude":"0.31666670","longitude":"11.55000000","name":"Mbomo"},{"id":"825056","latitude":"0.30000000","longitude":"11.68333330","name":"Mbondo Malonge"},{"id":"825071","latitude":"0.61666670","longitude":"12.88333330","name":"Mboula"},{"id":"825072","latitude":"1.18333330","longitude":"14.11666670","name":"Mboulet"},{"id":"825075","latitude":"0.36666670","longitude":"13.08333330","name":"Mboundou"},{"id":"825082","latitude":"0.33333330","longitude":"12.15000000","name":"Mebang"},{"id":"825094","latitude":"0.11666670","longitude":"13.56666670","name":"M\u00e9conga"},{"id":"825110","latitude":"1.01666670","longitude":"13.93333330","name":"M\u00e9kambo"},{"id":"825113","latitude":"1.01666670","longitude":"13.93333330","name":"Mekampo"},{"id":"825116","latitude":"0.68333330","longitude":"12.91666670","name":"M\u00e9kob"},{"id":"825119","latitude":"0.85000000","longitude":"13.53333330","name":"Meko"},{"id":"825130","latitude":"-0.51666670","longitude":"11.78333330","name":"M\u00e9lagni"},{"id":"825132","latitude":"0.33333330","longitude":"12.01666670","name":"Melan\u00e9"},{"id":"825143","latitude":"0.71666670","longitude":"13.88333330","name":"M\u00e9longo"},{"id":"825184","latitude":"0.76666670","longitude":"13.35000000","name":"Metunga"},{"id":"825251","latitude":"-0.38333330","longitude":"11.76666670","name":"Mikongo"},{"id":"825277","latitude":"-0.05000000","longitude":"11.90000000","name":"Mimvoul"},{"id":"825280","latitude":"0.76666670","longitude":"13.30000000","name":"Mina"},{"id":"825284","latitude":"0.68333330","longitude":"14.15000000","name":"Mindemba"},{"id":"825304","latitude":"0.46666670","longitude":"12.38333330","name":"Mint\u00e9"},{"id":"825305","latitude":"0.45000000","longitude":"12.26666670","name":"Mintoum"},{"id":"825327","latitude":"-0.63333330","longitude":"11.80000000","name":"Mitend\u00e9"},{"id":"825328","latitude":"-0.63333330","longitude":"11.80000000","name":"Mitendi"},{"id":"825334","latitude":"-0.05000000","longitude":"11.88333330","name":"Mitsaga"},{"id":"825336","latitude":"0.76666670","longitude":"12.55000000","name":"Mitsang"},{"id":"825358","latitude":"-0.31666670","longitude":"12.36666670","name":"Mocadyoum"},{"id":"825359","latitude":"0.80000000","longitude":"14.05000000","name":"Modjoko"},{"id":"825375","latitude":"0.75000000","longitude":"13.25000000","name":"Mombaza"},{"id":"825382","latitude":"-0.06666670","longitude":"11.51666670","name":"Mondo"},{"id":"825392","latitude":"0.28333330","longitude":"13.23333330","name":"Mooba"},{"id":"825559","latitude":"0.26666670","longitude":"13.25000000","name":"Mouseye"},{"id":"825622","latitude":"0.70000000","longitude":"13.13333330","name":"Mpouma"},{"id":"825624","latitude":"1.21666670","longitude":"13.20000000","name":"M'Vaddi"},{"id":"825625","latitude":"1.21666670","longitude":"13.20000000","name":"Mvadhi"},{"id":"825626","latitude":"1.21666670","longitude":"13.20000000","name":"Mvadhi-Ousy\u00e9"},{"id":"825627","latitude":"1.21666670","longitude":"13.20000000","name":"Mvadi"},{"id":"825629","latitude":"1.21666670","longitude":"13.20000000","name":"Mvahdi"},{"id":"825630","latitude":"1.21666670","longitude":"13.20000000","name":"M'Vahdi Ousye"},{"id":"825636","latitude":"1.21666670","longitude":"13.20000000","name":"Mvandi"},{"id":"825665","latitude":"0.56666670","longitude":"12.86666670","name":"Mvoungha"},{"id":"825690","latitude":"0.61666670","longitude":"12.96666670","name":"Ndengou\u00e9"},{"id":"825721","latitude":"0.36666670","longitude":"12.20000000","name":"Ndoumala"},{"id":"825726","latitude":"0.93333330","longitude":"13.73333330","name":"Ndoundouma"},{"id":"825738","latitude":"0.20000000","longitude":"13.43333330","name":"Ngalipana"},{"id":"825742","latitude":"1.08333330","longitude":"14.05000000","name":"Ngando"},{"id":"825774","latitude":"0.31666670","longitude":"12.20000000","name":"Ngoreki"},{"id":"825778","latitude":"0.70000000","longitude":"13.11666670","name":"Ngosso"},{"id":"825793","latitude":"0.83333330","longitude":"13.51666670","name":"Ngouengou\u00e9"},{"id":"825827","latitude":"0.21666670","longitude":"11.93333330","name":"Niallabe"},{"id":"825828","latitude":"-0.43333330","longitude":"11.76666670","name":"Niamambaye"},{"id":"825829","latitude":"-0.43333330","longitude":"11.76666670","name":"Niamanbaye"},{"id":"825832","latitude":"-0.21666670","longitude":"12.51666670","name":"Niamigodi"},{"id":"825838","latitude":"0.85000000","longitude":"13.58333330","name":"Niatazokou"},{"id":"825858","latitude":"-0.11666670","longitude":"12.00000000","name":"Njol\u00e9"},{"id":"825869","latitude":"0.33333330","longitude":"12.20000000","name":"Nkaretom"},{"id":"825877","latitude":"0.83333330","longitude":"12.35000000","name":"Nkin"},{"id":"825926","latitude":"0.25000000","longitude":"13.28333330","name":"Nkouta"},{"id":"825953","latitude":"1.03333330","longitude":"13.01666670","name":"Nsye"},{"id":"825955","latitude":"0.80000000","longitude":"12.48333330","name":"Ntanha-T\u00e9l\u00e9"},{"id":"825961","latitude":"0.91666670","longitude":"13.00000000","name":"Ntian"},{"id":"825966","latitude":"-0.06666670","longitude":"11.96666670","name":"Ntoua"},{"id":"825972","latitude":"0.58333330","longitude":"12.76666670","name":"Ntsibelong"},{"id":"825975","latitude":"0.91666670","longitude":"13.00000000","name":"Ntyeng"},{"id":"825992","latitude":"0.06666670","longitude":"11.88333330","name":"Nzafieng"},{"id":"826004","latitude":"0.70000000","longitude":"13.08333330","name":"Nzamba"},{"id":"826023","latitude":"0.76666670","longitude":"13.93333330","name":"Nz\u00e9la"},{"id":"826034","latitude":"0.98333330","longitude":"13.95000000","name":"Nzibobouya"},{"id":"826038","latitude":"0.81666670","longitude":"12.31666670","name":"Nzinga"},{"id":"826044","latitude":"0.58333330","longitude":"12.86666670","name":"Nzingmeyong"},{"id":"826050","latitude":"0.56666670","longitude":"12.68333330","name":"Nzoghengone"},{"id":"826081","latitude":"0.45000000","longitude":"12.31666670","name":"Nzoum"},{"id":"826101","latitude":"-0.35000000","longitude":"11.75000000","name":"Obidi"},{"id":"826125","latitude":"-0.68333330","longitude":"11.55000000","name":"Okaka"},{"id":"826131","latitude":"-0.05000000","longitude":"11.86666670","name":"Okano"},{"id":"826162","latitude":"-0.11666670","longitude":"11.93333330","name":"Ombala"},{"id":"826178","latitude":"0.31666670","longitude":"12.16666670","name":"Omvan"},{"id":"826220","latitude":"0.90000000","longitude":"13.01666670","name":"Otouma"},{"id":"826241","latitude":"0.31666670","longitude":"12.16666670","name":"Ovan"},{"id":"826258","latitude":"0.73333330","longitude":"13.91666670","name":"Oyabe"},{"id":"826271","latitude":"0.83333330","longitude":"13.48333330","name":"Oyouma"},{"id":"826308","latitude":"0.70000000","longitude":"13.85000000","name":"P\u00e9tialongo"},{"id":"826345","latitude":"0.70000000","longitude":"13.13333330","name":"Pouma"},{"id":"826395","latitude":"0.81666670","longitude":"14.05000000","name":"Salo"},{"id":"826412","latitude":"0.38333330","longitude":"12.20000000","name":"Sanghalam"},{"id":"826440","latitude":"0.58333330","longitude":"12.80000000","name":"Simintang"},{"id":"826455","latitude":"0.30000000","longitude":"11.96666670","name":"Sougalam-Fekele"},{"id":"826504","latitude":"0.41666670","longitude":"13.03333330","name":"Ti\u00e9ti\u00e9"},{"id":"826517","latitude":"0.71666670","longitude":"13.18333330","name":"Toukou\u00e9"},{"id":"826518","latitude":"0.66666670","longitude":"12.86666670","name":"Toulo"},{"id":"826521","latitude":"1.16666670","longitude":"14.10000000","name":"Toumbi II"},{"id":"826522","latitude":"1.10000000","longitude":"14.08333330","name":"Toumbi I"},{"id":"826527","latitude":"0.13333330","longitude":"13.55000000","name":"Tourouvaya"},{"id":"826566","latitude":"1.01666670","longitude":"13.96666670","name":"Venelle"},{"id":"826581","latitude":"0.48333330","longitude":"12.41666670","name":"Viong"},{"id":"826607","latitude":"0.60000000","longitude":"12.73333330","name":"Ybien"},{"id":"826615","latitude":"0.31666670","longitude":"11.60000000","name":"Yeng"},{"id":"826630","latitude":"0.53333330","longitude":"12.91666670","name":"Yoko"},{"id":"826644","latitude":"0.70000000","longitude":"12.66666670","name":"Youko"},{"id":"826652","latitude":"0.70000000","longitude":"12.66666670","name":"Yuko"},{"id":"826666","latitude":"-0.06666670","longitude":"11.68333330","name":"Zoanki"},{"id":"826672","latitude":"0.86666670","longitude":"13.61666670","name":"Zokokota"},{"id":"826673","latitude":"0.78333330","longitude":"13.35000000","name":"Zokoma"},{"id":"826674","latitude":"0.68333330","longitude":"13.10000000","name":"Zokosoa"},{"id":"826675","latitude":"0.18333330","longitude":"13.46666670","name":"Zoolend\u00e9"},{"id":"826680","latitude":"1.08333330","longitude":"14.06666670","name":"Zoula"}]