[{"id":"822779","latitude":"-1.10000000","longitude":"13.11666670","name":"Ab\u00e9na"},{"id":"823043","latitude":"-1.08333330","longitude":"13.11666670","name":"Angond\u00e9-Ab\u00e9ma"},{"id":"823044","latitude":"-1.08333330","longitude":"13.11666670","name":"Angond\u00e9"},{"id":"823181","latitude":"-0.86666670","longitude":"12.83333330","name":"Babaousa"},{"id":"823183","latitude":"-0.98333330","longitude":"12.81666670","name":"Babinga"},{"id":"823185","latitude":"-1.31666670","longitude":"12.11666670","name":"Babongo"},{"id":"823186","latitude":"-1.68333330","longitude":"12.28333330","name":"Badiabiki"},{"id":"823188","latitude":"-0.75000000","longitude":"12.85000000","name":"Badouma"},{"id":"823204","latitude":"-0.96666670","longitude":"12.78333330","name":"Bambecan"},{"id":"823205","latitude":"-1.11666670","longitude":"12.93333330","name":"Bambera-Biyoko"},{"id":"823208","latitude":"-0.83333330","longitude":"12.68333330","name":"Bambora"},{"id":"823214","latitude":"-1.33333330","longitude":"12.56666670","name":"Bandangala"},{"id":"823217","latitude":"-1.16666670","longitude":"12.98333330","name":"Bangadi"},{"id":"823220","latitude":"-0.95000000","longitude":"12.65000000","name":"Bangassou"},{"id":"823228","latitude":"-1.40000000","longitude":"12.45000000","name":"Bangondo"},{"id":"823232","latitude":"-1.01666670","longitude":"12.21666670","name":"Baniati"},{"id":"823236","latitude":"-0.68333330","longitude":"13.03333330","name":"Baposso"},{"id":"823239","latitude":"-0.95000000","longitude":"12.60000000","name":"Bapouno"},{"id":"823241","latitude":"-1.31666670","longitude":"12.11666670","name":"Bassaki"},{"id":"823242","latitude":"-0.83333330","longitude":"12.80000000","name":"Bassegua"},{"id":"823257","latitude":"-0.76666670","longitude":"12.80000000","name":"B\u00e9kaba-Landji"},{"id":"823319","latitude":"-1.28333330","longitude":"12.51666670","name":"Bidiabiki"},{"id":"823320","latitude":"-1.68333330","longitude":"12.28333330","name":"Bidyabiki"},{"id":"823344","latitude":"-1.13333330","longitude":"12.43333330","name":"Bikouala"},{"id":"823357","latitude":"-1.41666670","longitude":"12.10000000","name":"Billanda"},{"id":"823377","latitude":"-0.86666670","longitude":"12.95000000","name":"Binanga"},{"id":"823402","latitude":"-1.70000000","longitude":"12.26666670","name":"Bissiba"},{"id":"823424","latitude":"-1.58333330","longitude":"12.76666670","name":"Bitsabanga"},{"id":"823425","latitude":"-1.58333330","longitude":"12.76666670","name":"Bitsambanga"},{"id":"823426","latitude":"-1.81666670","longitude":"12.63333330","name":"Bittolo"},{"id":"823433","latitude":"-1.16666670","longitude":"12.18333330","name":"Bivind\u00e9"},{"id":"823447","latitude":"-1.15000000","longitude":"12.48333330","name":"Bola Pessou"},{"id":"823455","latitude":"-0.81666670","longitude":"12.70000000","name":"Bonda"},{"id":"823456","latitude":"-0.81666670","longitude":"12.55000000","name":"Bondji"},{"id":"823475","latitude":"-1.36666670","longitude":"12.90000000","name":"Boucama"},{"id":"823479","latitude":"-1.03333330","longitude":"12.01666670","name":"Boud\u00e9la"},{"id":"823482","latitude":"-1.18333330","longitude":"12.15000000","name":"Boudouga"},{"id":"823483","latitude":"-0.81666670","longitude":"12.78333330","name":"Boudoumbou"},{"id":"823484","latitude":"-0.71666670","longitude":"13.01666670","name":"Boudzoumba"},{"id":"823486","latitude":"-1.38333330","longitude":"12.63333330","name":"Bou\u00e9ca"},{"id":"823487","latitude":"-1.38333330","longitude":"12.63333330","name":"Boueka"},{"id":"823499","latitude":"-1.08333330","longitude":"13.13333330","name":"Boulemba"},{"id":"823505","latitude":"-0.95000000","longitude":"12.95000000","name":"Boumabango"},{"id":"823516","latitude":"-1.00000000","longitude":"11.85000000","name":"Boundgi"},{"id":"823517","latitude":"-0.81666670","longitude":"12.55000000","name":"Boundji"},{"id":"823524","latitude":"-1.81666670","longitude":"12.51666670","name":"Boungou"},{"id":"823527","latitude":"-1.10000000","longitude":"12.91666670","name":"Bounzoukou"},{"id":"823528","latitude":"-1.26666670","longitude":"11.98333330","name":"Boupounza"},{"id":"823530","latitude":"-0.55000000","longitude":"12.41666670","name":"Boussa"},{"id":"823531","latitude":"-1.53333330","longitude":"12.18333330","name":"Boussimbi"},{"id":"823532","latitude":"-1.18333330","longitude":"12.58333330","name":"Boussoka"},{"id":"823534","latitude":"-1.23333330","longitude":"12.61666670","name":"Boussouniabamba"},{"id":"823535","latitude":"-0.85000000","longitude":"12.90000000","name":"Boutala"},{"id":"823537","latitude":"-0.76666670","longitude":"12.53333330","name":"Boutemba"},{"id":"823543","latitude":"-1.03333330","longitude":"12.20000000","name":"Bouvinga"},{"id":"823545","latitude":"-1.40000000","longitude":"12.21666670","name":"Bouyangoula"},{"id":"823546","latitude":"-0.71666670","longitude":"13.01666670","name":"Bouzoumba"},{"id":"823564","latitude":"-0.71666670","longitude":"12.63333330","name":"Campement Bakiesso"},{"id":"823576","latitude":"-0.83333330","longitude":"12.85000000","name":"Comi"},{"id":"823578","latitude":"-0.83333330","longitude":"12.83333330","name":"Commanda"},{"id":"823586","latitude":"-1.31666670","longitude":"12.68333330","name":"Counda"},{"id":"823590","latitude":"-0.70000000","longitude":"13.23333330","name":"Dambi"},{"id":"823591","latitude":"-0.78333330","longitude":"12.53333330","name":"Dambo"},{"id":"823599","latitude":"-0.70000000","longitude":"12.98333330","name":"Dekabalandji"},{"id":"823615","latitude":"-0.98333330","longitude":"13.05000000","name":"Dibangama"},{"id":"823622","latitude":"-1.53333330","longitude":"12.08333330","name":"Dibouengui"},{"id":"823625","latitude":"-1.30000000","longitude":"12.26666670","name":"Dibouka"},{"id":"823633","latitude":"-1.86666670","longitude":"12.68333330","name":"Dienga"},{"id":"823656","latitude":"-1.45000000","longitude":"12.10000000","name":"Dilanda"},{"id":"823664","latitude":"-1.08333330","longitude":"11.96666670","name":"Dimbou"},{"id":"823668","latitude":"-0.91666670","longitude":"11.83333330","name":"Dingui"},{"id":"823695","latitude":"-1.30000000","longitude":"11.98333330","name":"Divinda"},{"id":"823714","latitude":"-0.78333330","longitude":"12.75000000","name":"Djoconamoye"},{"id":"823716","latitude":"-0.81666670","longitude":"12.71666670","name":"Djokala"},{"id":"823720","latitude":"-1.05000000","longitude":"12.28333330","name":"Djokonamoyo"},{"id":"823723","latitude":"-0.88333330","longitude":"12.73333330","name":"Djondi"},{"id":"823724","latitude":"-1.58333330","longitude":"12.50000000","name":"Djongo"},{"id":"823725","latitude":"-1.51666670","longitude":"12.51666670","name":"Djongo II"},{"id":"823734","latitude":"-1.00000000","longitude":"11.93333330","name":"Domassi"},{"id":"823765","latitude":"-0.03333330","longitude":"12.93333330","name":"Doumamango"},{"id":"823769","latitude":"-1.21666670","longitude":"12.41666670","name":"Doumatsengu\u00e9"},{"id":"823770","latitude":"-1.23333330","longitude":"12.40000000","name":"Doumboukombi"},{"id":"823772","latitude":"-0.85000000","longitude":"12.93333330","name":"Doum\u00e9"},{"id":"823783","latitude":"-1.01666670","longitude":"11.90000000","name":"Dubendji"},{"id":"823791","latitude":"-1.86666670","longitude":"12.68333330","name":"Dyengu\u00e9"},{"id":"823916","latitude":"-0.21666670","longitude":"12.78333330","name":"Elouzanzoko"},{"id":"824048","latitude":"-0.98333330","longitude":"12.81666670","name":"Fouala"},{"id":"824086","latitude":"-1.65000000","longitude":"12.18333330","name":"Gnienzi"},{"id":"824092","latitude":"-0.80000000","longitude":"12.68333330","name":"Gouamba"},{"id":"824093","latitude":"-1.40000000","longitude":"12.06666670","name":"Gouassa"},{"id":"824100","latitude":"-1.06666670","longitude":"12.33333330","name":"Goungui"},{"id":"824106","latitude":"-1.13333330","longitude":"13.21666670","name":"Gu\u00e9me"},{"id":"824119","latitude":"-1.70000000","longitude":"12.26666670","name":"Ibala"},{"id":"824121","latitude":"-1.00000000","longitude":"12.56666670","name":"Ibamba"},{"id":"824132","latitude":"-1.33333330","longitude":"12.88333330","name":"Idamba"},{"id":"824139","latitude":"-1.33333330","longitude":"12.88333330","name":"Idembe"},{"id":"824141","latitude":"-1.28333330","longitude":"12.90000000","name":"Idiba"},{"id":"824142","latitude":"-1.08333330","longitude":"11.90000000","name":"Idimba"},{"id":"824155","latitude":"-1.00000000","longitude":"11.81666670","name":"Igouma"},{"id":"824156","latitude":"-1.10000000","longitude":"11.85000000","name":"Igoumbi"},{"id":"824161","latitude":"-1.10000000","longitude":"11.88333330","name":"Ikanga"},{"id":"824164","latitude":"-1.01666670","longitude":"12.06666670","name":"Ikemb\u00e9l\u00e9"},{"id":"824199","latitude":"-0.30000000","longitude":"12.78333330","name":"Imono"},{"id":"824227","latitude":"-1.01666670","longitude":"12.11666670","name":"Inzamba"},{"id":"824228","latitude":"-1.00000000","longitude":"11.80000000","name":"Inzambo"},{"id":"824230","latitude":"-1.06666670","longitude":"11.95000000","name":"Inzombo"},{"id":"824231","latitude":"-1.03333330","longitude":"11.93333330","name":"Iouasso II"},{"id":"824232","latitude":"-1.05000000","longitude":"11.93333330","name":"Iouasso I"},{"id":"824233","latitude":"-1.00000000","longitude":"11.80000000","name":"Iouatchi"},{"id":"824237","latitude":"-1.36666670","longitude":"12.13333330","name":"Ipoungoa"},{"id":"824238","latitude":"-1.36666670","longitude":"12.13333330","name":"Ipoungo"},{"id":"824240","latitude":"-1.36666670","longitude":"12.13333330","name":"Ipoungou"},{"id":"824270","latitude":"-1.30000000","longitude":"12.45000000","name":"Italatala"},{"id":"824285","latitude":"-1.65000000","longitude":"12.45000000","name":"Itsouadi"},{"id":"824287","latitude":"-1.53333330","longitude":"12.65000000","name":"Ivet\u00e9"},{"id":"824288","latitude":"-1.13333330","longitude":"11.96666670","name":"Ivicou"},{"id":"824335","latitude":"-1.41666670","longitude":"12.66666670","name":"Kassetchoui"},{"id":"824360","latitude":"-0.86666670","longitude":"12.65000000","name":"Kera-Kera"},{"id":"824368","latitude":"-1.41666670","longitude":"12.66666670","name":"Keseetchui"},{"id":"824370","latitude":"-1.41666670","longitude":"12.66666670","name":"Kessetchi"},{"id":"824371","latitude":"-1.41666670","longitude":"12.66666670","name":"Kessetchoui"},{"id":"824372","latitude":"-0.91666670","longitude":"12.76666670","name":"Kessipougou"},{"id":"824386","latitude":"-0.71666670","longitude":"12.93333330","name":"Kokomingh\u00e9li"},{"id":"824396","latitude":"-1.00000000","longitude":"12.18333330","name":"Konanademb\u00e9"},{"id":"824397","latitude":"-1.60000000","longitude":"12.28333330","name":"Kondakoko"},{"id":"824398","latitude":"-1.20000000","longitude":"12.86666670","name":"Konda"},{"id":"824401","latitude":"-1.00000000","longitude":"12.18333330","name":"Konenademb\u00e9"},{"id":"824404","latitude":"-0.91666670","longitude":"12.63333330","name":"Kongo-Godafala"},{"id":"824405","latitude":"-1.68333330","longitude":"12.66666670","name":"Kongou"},{"id":"824411","latitude":"-1.00000000","longitude":"12.18333330","name":"Kouademb\u00e9"},{"id":"824420","latitude":"-1.30000000","longitude":"12.28333330","name":"Kouanou"},{"id":"824421","latitude":"-1.36666670","longitude":"12.23333330","name":"Koubala"},{"id":"824425","latitude":"-1.13333330","longitude":"12.48333330","name":"Koulamotou"},{"id":"824426","latitude":"-1.13333330","longitude":"12.48333330","name":"Koula Moubou"},{"id":"824427","latitude":"-1.13333330","longitude":"12.48333330","name":"Koula Mouta"},{"id":"824429","latitude":"-1.13333330","longitude":"12.48333330","name":"Koulamoutou"},{"id":"824432","latitude":"-1.40000000","longitude":"12.40000000","name":"Koumamala"},{"id":"824446","latitude":"-1.63333330","longitude":"12.73333330","name":"Koumou"},{"id":"824447","latitude":"-1.43333330","longitude":"12.38333330","name":"Kounademb\u00e9"},{"id":"824457","latitude":"-1.33333330","longitude":"12.25000000","name":"Kouta"},{"id":"824472","latitude":"-1.20000000","longitude":"12.50000000","name":"Lambar\u00e9n\u00e9"},{"id":"824479","latitude":"-0.81666670","longitude":"12.70000000","name":"Lastoursville"},{"id":"824480","latitude":"-0.81666670","longitude":"12.70000000","name":"Lastourville"},{"id":"824486","latitude":"-1.38333330","longitude":"12.60000000","name":"Lebagni"},{"id":"824488","latitude":"-1.38333330","longitude":"12.60000000","name":"Lebagny"},{"id":"824502","latitude":"-1.60000000","longitude":"12.25000000","name":"L\u00e8biayou"},{"id":"824506","latitude":"-1.10000000","longitude":"12.51666670","name":"Lebongui"},{"id":"824507","latitude":"-1.20000000","longitude":"13.05000000","name":"Lecagna"},{"id":"824508","latitude":"-1.13333330","longitude":"12.78333330","name":"Lecol\u00e9"},{"id":"824511","latitude":"-1.68333330","longitude":"12.28333330","name":"Ledoumou"},{"id":"824514","latitude":"-1.38333330","longitude":"12.73333330","name":"Lekaba"},{"id":"824517","latitude":"-1.51666670","longitude":"12.63333330","name":"Lekala"},{"id":"824518","latitude":"-0.80000000","longitude":"12.71666670","name":"Leka"},{"id":"824520","latitude":"-1.30000000","longitude":"12.96666670","name":"L\u00e9kamba"},{"id":"824521","latitude":"-1.50000000","longitude":"12.50000000","name":"L\u00e9k\u00e9gni"},{"id":"824531","latitude":"-1.83333330","longitude":"12.66666670","name":"Lekoka"},{"id":"824540","latitude":"-1.26666670","longitude":"12.66666670","name":"L\u00e9magna"},{"id":"824550","latitude":"-1.43333330","longitude":"12.71666670","name":"Lemingu\u00e9"},{"id":"824567","latitude":"-1.55000000","longitude":"12.76666670","name":"Lesoka"},{"id":"824569","latitude":"-1.01666670","longitude":"12.03333330","name":"Lessasso"},{"id":"824570","latitude":"-1.35000000","longitude":"12.41666670","name":"L\u00e9tamba"},{"id":"824575","latitude":"-1.83333330","longitude":"12.66666670","name":"Levata"},{"id":"824578","latitude":"-1.48333330","longitude":"12.73333330","name":"Levika"},{"id":"824582","latitude":"-1.26666670","longitude":"12.50000000","name":"Leyassa"},{"id":"824583","latitude":"-1.48333330","longitude":"12.63333330","name":"Leyimba"},{"id":"824585","latitude":"-0.78333330","longitude":"13.40000000","name":"Liandza"},{"id":"824586","latitude":"-0.68333330","longitude":"13.10000000","name":"Libaladouba"},{"id":"824587","latitude":"-1.23333330","longitude":"12.16666670","name":"Libamba"},{"id":"824588","latitude":"-1.61666670","longitude":"12.38333330","name":"Lib\u00e9la"},{"id":"824589","latitude":"-0.83333330","longitude":"12.56666670","name":"Libena"},{"id":"824592","latitude":"-0.68333330","longitude":"13.16666670","name":"Licocodjiba"},{"id":"824593","latitude":"-1.40000000","longitude":"12.88333330","name":"Licoko-Kaliakali"},{"id":"824595","latitude":"-1.20000000","longitude":"13.11666670","name":"Lidenha-Sica"},{"id":"824596","latitude":"-1.40000000","longitude":"12.23333330","name":"Lidiambou"},{"id":"824597","latitude":"-1.13333330","longitude":"12.78333330","name":"Lidiata"},{"id":"824602","latitude":"-1.05000000","longitude":"13.08333330","name":"Lifouta"},{"id":"824603","latitude":"-0.80000000","longitude":"12.78333330","name":"Lihouma"},{"id":"824604","latitude":"-0.88333330","longitude":"12.85000000","name":"Lihouvima"},{"id":"824605","latitude":"-1.18333330","longitude":"12.98333330","name":"Lik\u00e9ka-Paoumandja"},{"id":"824607","latitude":"-0.20000000","longitude":"12.80000000","name":"Likoko"},{"id":"824608","latitude":"-0.20000000","longitude":"12.80000000","name":"Likokou"},{"id":"824609","latitude":"-0.80000000","longitude":"12.70000000","name":"Likouala"},{"id":"824611","latitude":"-0.83333330","longitude":"12.73333330","name":"Limbenga"},{"id":"824612","latitude":"-1.43333330","longitude":"12.71666670","name":"Limengu\u00e9"},{"id":"824613","latitude":"-1.21666670","longitude":"13.08333330","name":"Lindeba-Combi"},{"id":"824614","latitude":"-1.20000000","longitude":"13.11666670","name":"Lind\u00e9ba-Sika"},{"id":"824615","latitude":"-1.63333330","longitude":"12.20000000","name":"Lind\u00e9mb\u00e9"},{"id":"824616","latitude":"-0.78333330","longitude":"12.73333330","name":"Lingara"},{"id":"824617","latitude":"-0.81666670","longitude":"12.68333330","name":"Lingomo"},{"id":"824619","latitude":"-0.85000000","longitude":"12.70000000","name":"Lingoye"},{"id":"824620","latitude":"-1.16666670","longitude":"12.80000000","name":"Lingoy"},{"id":"824622","latitude":"-1.16666670","longitude":"12.83333330","name":"Lipopa"},{"id":"824623","latitude":"-1.41666670","longitude":"12.88333330","name":"Lissoka-Mabeka"},{"id":"824624","latitude":"-1.06666670","longitude":"12.76666670","name":"Lissoka-Micouca"},{"id":"824625","latitude":"-1.10000000","longitude":"12.71666670","name":"Lissouca"},{"id":"824626","latitude":"-1.10000000","longitude":"12.71666670","name":"Lissouka"},{"id":"824628","latitude":"-0.86666670","longitude":"12.56666670","name":"Lits\u00e9gu\u00e9"},{"id":"824632","latitude":"-1.18333330","longitude":"12.83333330","name":"Liyembi"},{"id":"824638","latitude":"-0.93333330","longitude":"12.81666670","name":"Londo"},{"id":"824645","latitude":"-1.55000000","longitude":"12.08333330","name":"Louba"},{"id":"824670","latitude":"-1.61666670","longitude":"12.81666670","name":"Mabenda"},{"id":"824674","latitude":"-1.40000000","longitude":"12.06666670","name":"Mabengo"},{"id":"824679","latitude":"-0.93333330","longitude":"12.88333330","name":"Mabonkori"},{"id":"824682","latitude":"-1.33333330","longitude":"12.33333330","name":"Mabounda"},{"id":"824686","latitude":"-1.46666670","longitude":"12.50000000","name":"Mabouya"},{"id":"824688","latitude":"-1.85000000","longitude":"12.68333330","name":"Macadioum"},{"id":"824690","latitude":"-0.56666670","longitude":"12.41666670","name":"Macadium"},{"id":"824696","latitude":"-1.21666670","longitude":"12.73333330","name":"Macoungouloa"},{"id":"824707","latitude":"-0.86666670","longitude":"12.58333330","name":"Madianza"},{"id":"824711","latitude":"-0.30000000","longitude":"12.78333330","name":"Madinga"},{"id":"824713","latitude":"-1.15000000","longitude":"13.01666670","name":"Madjay\u00e9"},{"id":"824732","latitude":"-0.96666670","longitude":"13.01666670","name":"Magnigma-Mbomo"},{"id":"824737","latitude":"-1.81666670","longitude":"12.66666670","name":"Magombolala"},{"id":"824749","latitude":"-0.86666670","longitude":"12.66666670","name":"Mahouna"},{"id":"824751","latitude":"-1.38333330","longitude":"12.11666670","name":"Mahounda"},{"id":"824780","latitude":"-1.35000000","longitude":"12.58333330","name":"Makoko"},{"id":"824788","latitude":"-1.18333330","longitude":"12.85000000","name":"Makoungoulou"},{"id":"824797","latitude":"-1.13333330","longitude":"12.96666670","name":"Malanga"},{"id":"824803","latitude":"-0.90000000","longitude":"12.65000000","name":"Malemb\u00e9"},{"id":"824804","latitude":"-1.41666670","longitude":"12.45000000","name":"Malembo"},{"id":"824805","latitude":"-0.80000000","longitude":"12.50000000","name":"Malend\u00e9"},{"id":"824808","latitude":"-1.56666670","longitude":"12.11666670","name":"Malengo"},{"id":"824815","latitude":"-1.20000000","longitude":"11.26666670","name":"Mall\u00e9b\u00e9"},{"id":"824820","latitude":"-1.56666670","longitude":"12.11666670","name":"Malongo"},{"id":"824826","latitude":"-0.78333330","longitude":"12.73333330","name":"Mambelo"},{"id":"824834","latitude":"-0.78333330","longitude":"13.31666670","name":"Mamidi"},{"id":"824836","latitude":"-0.96666670","longitude":"12.70000000","name":"Mamondo"},{"id":"824845","latitude":"-0.80000000","longitude":"12.71666670","name":"Mandji"},{"id":"824851","latitude":"-1.01666670","longitude":"13.06666670","name":"Manenga"},{"id":"824854","latitude":"-0.80000000","longitude":"12.53333330","name":"Mangara"},{"id":"824863","latitude":"-1.01666670","longitude":"12.86666670","name":"Manin-Manin"},{"id":"824871","latitude":"-1.46666670","longitude":"12.50000000","name":"Maouya"},{"id":"824874","latitude":"-1.63333330","longitude":"12.65000000","name":"Mapapa"},{"id":"824875","latitude":"-1.25000000","longitude":"12.98333330","name":"Mapfongui"},{"id":"824876","latitude":"-1.25000000","longitude":"12.98333330","name":"Mapfoungui"},{"id":"824877","latitude":"-1.43333330","longitude":"12.88333330","name":"Mapika"},{"id":"824878","latitude":"-1.31666670","longitude":"12.90000000","name":"Mapinga-Vouvou"},{"id":"824880","latitude":"-1.78333330","longitude":"12.66666670","name":"Maranda"},{"id":"824882","latitude":"-1.40000000","longitude":"12.08333330","name":"Masoucou"},{"id":"824884","latitude":"-0.86666670","longitude":"12.73333330","name":"Masoukou"},{"id":"824915","latitude":"-0.73333330","longitude":"12.88333330","name":"Massimangouandja"},{"id":"824916","latitude":"-0.35000000","longitude":"12.78333330","name":"Massi-Massi"},{"id":"824918","latitude":"-1.01666670","longitude":"11.95000000","name":"Massiya"},{"id":"824925","latitude":"-0.41666670","longitude":"12.71666670","name":"Massoukou"},{"id":"824926","latitude":"-1.00000000","longitude":"12.15000000","name":"Matchimanangani"},{"id":"824927","latitude":"-1.00000000","longitude":"12.15000000","name":"Matchinamana"},{"id":"824930","latitude":"-0.81666670","longitude":"12.75000000","name":"Matemo"},{"id":"824933","latitude":"-1.21666670","longitude":"12.60000000","name":"Matongo"},{"id":"824935","latitude":"-0.95000000","longitude":"12.95000000","name":"Matoro"},{"id":"824939","latitude":"-1.25000000","longitude":"12.46666670","name":"Matoumba"},{"id":"824953","latitude":"-1.10000000","longitude":"11.98333330","name":"Mayabi"},{"id":"824955","latitude":"-1.25000000","longitude":"12.66666670","name":"Mayamba"},{"id":"824957","latitude":"-1.66666670","longitude":"12.15000000","name":"Mayani"},{"id":"824962","latitude":"-1.48333330","longitude":"12.86666670","name":"May\u00e9gu\u00e9d\u00e9"},{"id":"824963","latitude":"-0.86666670","longitude":"12.81666670","name":"Mayela"},{"id":"824965","latitude":"-0.98333330","longitude":"12.75000000","name":"Mayemba"},{"id":"824971","latitude":"-1.48333330","longitude":"12.86666670","name":"Mayenguel\u00e9"},{"id":"824975","latitude":"-1.21666670","longitude":"11.91666670","name":"Mayingue"},{"id":"824976","latitude":"-0.81666670","longitude":"12.76666670","name":"Mayoba"},{"id":"825012","latitude":"-1.40000000","longitude":"12.38333330","name":"Mbighou"},{"id":"825017","latitude":"-1.10000000","longitude":"11.95000000","name":"Mbigou"},{"id":"825023","latitude":"-0.98333330","longitude":"11.93333330","name":"Mbingal"},{"id":"825053","latitude":"-0.83333330","longitude":"12.83333330","name":"Mbomo"},{"id":"825057","latitude":"-0.03333330","longitude":"12.98333330","name":"Mbondo"},{"id":"825060","latitude":"-0.85000000","longitude":"12.66666670","name":"Mbonha"},{"id":"825066","latitude":"-1.08333330","longitude":"11.91666670","name":"Mbougou"},{"id":"825142","latitude":"-0.65000000","longitude":"12.63333330","name":"M\u00e9lol\u00e9"},{"id":"825156","latitude":"-0.91666670","longitude":"12.88333330","name":"Menenga"},{"id":"825160","latitude":"-1.25000000","longitude":"12.91666670","name":"Mengue-Miloba"},{"id":"825217","latitude":"-1.10000000","longitude":"12.38333330","name":"Mibaca"},{"id":"825218","latitude":"-1.10000000","longitude":"12.38333330","name":"Mibaka"},{"id":"825224","latitude":"-0.81666670","longitude":"12.78333330","name":"Mibengu\u00e9"},{"id":"825226","latitude":"-1.13333330","longitude":"12.40000000","name":"Miboko"},{"id":"825229","latitude":"-1.03333330","longitude":"12.88333330","name":"Micouca"},{"id":"825231","latitude":"-1.00000000","longitude":"12.73333330","name":"Micoungala"},{"id":"825232","latitude":"-1.18333330","longitude":"12.43333330","name":"Midimba"},{"id":"825233","latitude":"-1.43333330","longitude":"12.38333330","name":"Midouma et Ngouassa"},{"id":"825235","latitude":"-1.43333330","longitude":"12.03333330","name":"Midouma"},{"id":"825247","latitude":"-0.83333330","longitude":"12.86666670","name":"Mikengu\u00e9"},{"id":"825257","latitude":"-0.05000000","longitude":"12.95000000","name":"Mikouka"},{"id":"825259","latitude":"-0.90000000","longitude":"12.73333330","name":"Mikouma"},{"id":"825261","latitude":"-0.88333330","longitude":"12.65000000","name":"Mikouya"},{"id":"825264","latitude":"-0.83333330","longitude":"12.80000000","name":"Miledi"},{"id":"825275","latitude":"-1.46666670","longitude":"12.35000000","name":"Mimongo et Kemb\u00e9l\u00e9"},{"id":"825281","latitude":"-0.85000000","longitude":"12.56666670","name":"Mina-Mina"},{"id":"825310","latitude":"-0.93333330","longitude":"12.78333330","name":"Miporapoussa"},{"id":"825317","latitude":"-0.85000000","longitude":"12.73333330","name":"Missala"},{"id":"825332","latitude":"-1.68333330","longitude":"12.80000000","name":"Mitounga"},{"id":"825333","latitude":"-1.68333330","longitude":"12.80000000","name":"Mitoungou"},{"id":"825360","latitude":"-1.43333330","longitude":"12.03333330","name":"Modouma"},{"id":"825361","latitude":"-1.05000000","longitude":"12.30000000","name":"Mogabo"},{"id":"825364","latitude":"-1.21666670","longitude":"12.46666670","name":"Mogombofala"},{"id":"825365","latitude":"-0.90000000","longitude":"11.81666670","name":"Mogondzo"},{"id":"825366","latitude":"-1.51666670","longitude":"12.13333330","name":"Mogoudi"},{"id":"825371","latitude":"-0.98333330","longitude":"12.76666670","name":"Molessi-Lekegni"},{"id":"825386","latitude":"-1.25000000","longitude":"11.98333330","name":"Mongadi"},{"id":"825396","latitude":"-1.13333330","longitude":"12.03333330","name":"Mopoumba"},{"id":"825412","latitude":"-0.95000000","longitude":"12.73333330","name":"Moubassi"},{"id":"825413","latitude":"-0.78333330","longitude":"12.76666670","name":"Moubidou"},{"id":"825416","latitude":"-0.98333330","longitude":"13.01666670","name":"Moubili"},{"id":"825423","latitude":"-1.51666670","longitude":"12.58333330","name":"Moucouagna"},{"id":"825424","latitude":"-1.23333330","longitude":"12.15000000","name":"Moucouagnou"},{"id":"825425","latitude":"-1.66666670","longitude":"12.40000000","name":"Moucoudangoy"},{"id":"825433","latitude":"-1.43333330","longitude":"12.03333330","name":"Moudouma"},{"id":"825434","latitude":"-0.86666670","longitude":"12.78333330","name":"Moudoungou"},{"id":"825440","latitude":"-1.23333330","longitude":"12.15000000","name":"Mouewagnou"},{"id":"825453","latitude":"-1.15000000","longitude":"12.18333330","name":"Mougombo"},{"id":"825455","latitude":"-1.35000000","longitude":"12.03333330","name":"Mougomou"},{"id":"825457","latitude":"-1.41666670","longitude":"12.18333330","name":"Mougongo"},{"id":"825458","latitude":"-1.26666670","longitude":"12.10000000","name":"Mougonzo"},{"id":"825461","latitude":"-1.21666670","longitude":"12.13333330","name":"Mougoubou"},{"id":"825468","latitude":"-1.31666670","longitude":"12.25000000","name":"Mouila"},{"id":"825471","latitude":"-1.61666670","longitude":"12.20000000","name":"Moukaba"},{"id":"825486","latitude":"-1.66666670","longitude":"12.15000000","name":"Moukoko Mayani"},{"id":"825493","latitude":"-1.18333330","longitude":"12.46666670","name":"Moukouagna"},{"id":"825498","latitude":"-1.21666670","longitude":"12.88333330","name":"Moukoumbi"},{"id":"825502","latitude":"-1.66666670","longitude":"12.40000000","name":"Moukounangoy\u00e9"},{"id":"825512","latitude":"-0.88333330","longitude":"12.75000000","name":"Moulessi"},{"id":"825514","latitude":"-1.26666670","longitude":"12.36666670","name":"Moulobi"},{"id":"825515","latitude":"-0.36666670","longitude":"12.75000000","name":"Moulombo"},{"id":"825521","latitude":"-1.01666670","longitude":"12.10000000","name":"Mouloundou"},{"id":"825535","latitude":"-1.41666670","longitude":"12.18333330","name":"Moungongo"},{"id":"825541","latitude":"-1.16666670","longitude":"11.98333330","name":"Mounongo"},{"id":"825544","latitude":"-1.31666670","longitude":"12.45000000","name":"Moupata"},{"id":"825545","latitude":"-1.06666670","longitude":"12.88333330","name":"Moupeyou"},{"id":"825551","latitude":"-1.20000000","longitude":"11.88333330","name":"Moupoupa"},{"id":"825560","latitude":"-1.21666670","longitude":"12.66666670","name":"Moussakoumou L\u00e9kala"},{"id":"825572","latitude":"-1.50000000","longitude":"12.06666670","name":"Moussemo"},{"id":"825591","latitude":"-1.60000000","longitude":"12.65000000","name":"Mouvangu\u00e9"},{"id":"825592","latitude":"-1.60000000","longitude":"12.65000000","name":"Mouvengu\u00e9"},{"id":"825598","latitude":"-1.46666670","longitude":"12.50000000","name":"Mouya"},{"id":"825681","latitude":"-0.53333330","longitude":"12.66666670","name":"Ndambi"},{"id":"825683","latitude":"-1.26666670","longitude":"12.20000000","name":"Ndanda"},{"id":"825698","latitude":"-1.03333330","longitude":"12.53333330","name":"Ndjakonamoy\u00e9"},{"id":"825699","latitude":"-1.03333330","longitude":"12.53333330","name":"N'Djakonamoyi"},{"id":"825706","latitude":"-1.28333330","longitude":"12.33333330","name":"Ndjouli"},{"id":"825711","latitude":"-0.31666670","longitude":"12.78333330","name":"Ndondzi"},{"id":"825725","latitude":"-0.81666670","longitude":"12.66666670","name":"Ndoumbou"},{"id":"825744","latitude":"-1.30000000","longitude":"11.98333330","name":"Ngoasso"},{"id":"825758","latitude":"-0.98333330","longitude":"12.71666670","name":"Ngoma"},{"id":"825770","latitude":"-0.83333330","longitude":"12.66666670","name":"Ngonga"},{"id":"825779","latitude":"-0.26666670","longitude":"12.76666670","name":"Ngota"},{"id":"825808","latitude":"-1.51666670","longitude":"12.33333330","name":"Ngoungou"},{"id":"825815","latitude":"-0.25000000","longitude":"12.76666670","name":"Nguek\u00e9"},{"id":"825830","latitude":"-1.00000000","longitude":"12.06666670","name":"Niamba"},{"id":"825839","latitude":"-0.95000000","longitude":"12.83333330","name":"Niavangina"},{"id":"825842","latitude":"-1.50000000","longitude":"12.10000000","name":"Niendz\u00e9"},{"id":"825859","latitude":"-1.25000000","longitude":"12.20000000","name":"Njol\u00e9"},{"id":"825860","latitude":"-1.38333330","longitude":"12.45000000","name":"Njoukou"},{"id":"825942","latitude":"-1.06666670","longitude":"11.95000000","name":"Noumbou"},{"id":"825951","latitude":"-1.65000000","longitude":"12.43333330","name":"Nsiono"},{"id":"826008","latitude":"-1.46666670","longitude":"12.35000000","name":"Nzambi"},{"id":"826024","latitude":"-0.96666670","longitude":"12.58333330","name":"Nz\u00e9la"},{"id":"826031","latitude":"-1.30000000","longitude":"12.53333330","name":"Nzenz\u00e9l\u00e9"},{"id":"826039","latitude":"-1.36666670","longitude":"12.41666670","name":"Nzinga"},{"id":"826040","latitude":"-1.08333330","longitude":"12.90000000","name":"Nzinga-Nzinga"},{"id":"826227","latitude":"-1.48333330","longitude":"12.15000000","name":"Oubendji"},{"id":"826232","latitude":"-1.11666670","longitude":"13.13333330","name":"Oukoussa"},{"id":"826233","latitude":"-1.10000000","longitude":"13.13333330","name":"Ouniongo"},{"id":"826283","latitude":"-0.80000000","longitude":"12.73333330","name":"Pahon-Pira"},{"id":"826285","latitude":"-0.80000000","longitude":"12.71666670","name":"Pahou-Youngou"},{"id":"826288","latitude":"-1.68333330","longitude":"12.65000000","name":"Pana"},{"id":"826290","latitude":"-1.20000000","longitude":"12.46666670","name":"Pangani"},{"id":"826293","latitude":"-1.66666670","longitude":"12.66666670","name":"Papats\u00e9gu\u00e9"},{"id":"826296","latitude":"-1.28333330","longitude":"12.45000000","name":"Paris"},{"id":"826298","latitude":"-0.98333330","longitude":"11.78333330","name":"Pata"},{"id":"826303","latitude":"-1.15000000","longitude":"12.50000000","name":"Pembimb\u00e9"},{"id":"826317","latitude":"-1.28333330","longitude":"12.98333330","name":"Petit Mapfoungui"},{"id":"826320","latitude":"-0.50000000","longitude":"12.70000000","name":"Petit Ndambi"},{"id":"826325","latitude":"-1.53333330","longitude":"12.11666670","name":"Pingou"},{"id":"826336","latitude":"-1.58333330","longitude":"12.38333330","name":"Popa"},{"id":"826339","latitude":"-1.16666670","longitude":"11.85000000","name":"Port Gentil"},{"id":"826342","latitude":"-1.26666670","longitude":"12.95000000","name":"Poubi"},{"id":"826349","latitude":"-0.96666670","longitude":"12.78333330","name":"Poungi"},{"id":"826350","latitude":"-1.61666670","longitude":"12.30000000","name":"Poungo"},{"id":"826354","latitude":"-1.21666670","longitude":"12.03333330","name":"Poungou"},{"id":"826356","latitude":"-1.31666670","longitude":"12.45000000","name":"Poupa"},{"id":"826359","latitude":"-1.06666670","longitude":"11.91666670","name":"Ramba"},{"id":"826370","latitude":"-1.01666670","longitude":"12.53333330","name":"Roungassa"},{"id":"826384","latitude":"-1.03333330","longitude":"12.75000000","name":"Sakamikanda"},{"id":"826403","latitude":"-0.70000000","longitude":"12.50000000","name":"Sandoundou"},{"id":"826450","latitude":"-1.55000000","longitude":"12.65000000","name":"Sola"},{"id":"826452","latitude":"-0.96666670","longitude":"12.60000000","name":"Sosotsanda"},{"id":"826458","latitude":"-0.83333330","longitude":"12.81666670","name":"Souka"},{"id":"826514","latitude":"-1.21666670","longitude":"11.96666670","name":"Touassi"},{"id":"826529","latitude":"-1.01666670","longitude":"12.05000000","name":"Tsambalingu\u00e9"},{"id":"826531","latitude":"-0.91666670","longitude":"12.61666670","name":"Tsamba"},{"id":"826534","latitude":"-0.95000000","longitude":"12.85000000","name":"Tsanda"},{"id":"826535","latitude":"-1.06666670","longitude":"12.51666670","name":"Tsandi"},{"id":"826538","latitude":"-0.98333330","longitude":"12.85000000","name":"Tsati"},{"id":"826540","latitude":"-1.58333330","longitude":"12.81666670","name":"Tsenguenabela"},{"id":"826541","latitude":"-1.21666670","longitude":"11.98333330","name":"Tsengu\u00e9"},{"id":"826547","latitude":"-0.86666670","longitude":"12.71666670","name":"Tsingu\u00e9"},{"id":"826548","latitude":"-1.21666670","longitude":"11.98333330","name":"Tsingui"},{"id":"826552","latitude":"-1.45000000","longitude":"12.86666670","name":"Tsotonzala"},{"id":"826580","latitude":"-1.70000000","longitude":"12.13333330","name":"Ville"},{"id":"826629","latitude":"-1.00000000","longitude":"12.85000000","name":"Yobomamba"},{"id":"826645","latitude":"-1.05000000","longitude":"12.75000000","name":"Youlandzambi"},{"id":"826647","latitude":"-0.90000000","longitude":"12.60000000","name":"Youlou"},{"id":"826650","latitude":"-0.95000000","longitude":"12.68333330","name":"Younga-Younga"},{"id":"826653","latitude":"-0.46666670","longitude":"12.41666670","name":"Zalakouka"},{"id":"826665","latitude":"-1.30000000","longitude":"12.53333330","name":"Zindz\u00e9l\u00e9"},{"id":"826678","latitude":"-1.03333330","longitude":"13.10000000","name":"Zougouani"},{"id":"826681","latitude":"-1.63333330","longitude":"12.40000000","name":"Zoungui"}]