[{"id":"826684","latitude":"51.83333300","longitude":"0.91666700","name":"Abberton"},{"id":"826691","latitude":"51.18333300","longitude":"-1.51666700","name":"Abbots Ann"},{"id":"826702","latitude":"51.08333300","longitude":"-1.28333300","name":"Abbots Worthy"},{"id":"826703","latitude":"51.18333300","longitude":"-1.51666700","name":"Abbotts Ann"},{"id":"826929","latitude":"50.91666700","longitude":"-1.83333300","name":"Alderholt"},{"id":"826934","latitude":"51.38333300","longitude":"-1.15000000","name":"Aldermaston"},{"id":"826936","latitude":"51.25000000","longitude":"-0.76666700","name":"Aldershot"},{"id":"827011","latitude":"51.85000000","longitude":"0.98333300","name":"Alresford"},{"id":"827040","latitude":"51.13333300","longitude":"-0.98333300","name":"Alton"},{"id":"827050","latitude":"50.78333300","longitude":"-1.15000000","name":"Alverstoke"},{"id":"827091","latitude":"51.20000000","longitude":"-1.48333300","name":"Andover"},{"id":"827147","latitude":"51.23333300","longitude":"-1.56666700","name":"Appleshaw"},{"id":"827233","latitude":"51.11666700","longitude":"-0.81666700","name":"Arford"},{"id":"827323","latitude":"51.06666700","longitude":"-1.45000000","name":"Ashley"},{"id":"827348","latitude":"51.26666700","longitude":"-0.71666700","name":"Ash Vale"},{"id":"827489","latitude":"51.18333300","longitude":"-1.11666700","name":"Axford"},{"id":"827583","latitude":"53.73333300","longitude":"-0.81666700","name":"Balkholme"},{"id":"827842","latitude":"50.91666700","longitude":"-1.55000000","name":"Bartley"},{"id":"827846","latitude":"50.71666700","longitude":"-1.66666700","name":"Barton"},{"id":"827857","latitude":"50.71666700","longitude":"-1.66666700","name":"Barton on Sea"},{"id":"827870","latitude":"51.26666700","longitude":"-1.03333300","name":"Basing"},{"id":"827871","latitude":"51.26666700","longitude":"-1.08333300","name":"Basingstoke"},{"id":"827876","latitude":"50.95000000","longitude":"-1.40000000","name":"Bassett"},{"id":"827896","latitude":"51.33333300","longitude":"-1.16666700","name":"Baughurst"},{"id":"827933","latitude":"50.81666700","longitude":"-1.45000000","name":"Beaulieu"},{"id":"827977","latitude":"51.48333300","longitude":"-1.30000000","name":"Beedon"},{"id":"827978","latitude":"51.48333300","longitude":"-1.28333300","name":"Beedon Hill"},{"id":"828078","latitude":"51.15000000","longitude":"-1.05000000","name":"Bentworth"},{"id":"828151","latitude":"50.81666700","longitude":"-1.45000000","name":"Bewley"},{"id":"828192","latitude":"51.10000000","longitude":"-1.11666700","name":"Bighton"},{"id":"828225","latitude":"51.15000000","longitude":"-0.88333300","name":"Binsted"},{"id":"828288","latitude":"51.06666700","longitude":"-1.13333300","name":"Bishops Sutton"},{"id":"828292","latitude":"50.96666700","longitude":"-1.33333300","name":"Bishopstoke"},{"id":"828299","latitude":"51.06666700","longitude":"-1.13333300","name":"Bishop Sutton"},{"id":"828300","latitude":"50.95000000","longitude":"-1.21666700","name":"Bishops Waltham"},{"id":"828451","latitude":"52.16666700","longitude":"-1.28333300","name":"Boddington"},{"id":"828475","latitude":"50.76666700","longitude":"-1.53333300","name":"Boldre"},{"id":"828547","latitude":"50.81666700","longitude":"-0.86666700","name":"Bosham"},{"id":"828561","latitude":"50.91666700","longitude":"-1.26666700","name":"Botley"},{"id":"828670","latitude":"51.16666700","longitude":"-1.08333300","name":"Bradley"},{"id":"828675","latitude":"52.96666700","longitude":"-1.91666700","name":"Bradley in the Moors"},{"id":"828704","latitude":"51.03333300","longitude":"-1.11666700","name":"Bramdean"},{"id":"828714","latitude":"51.31666700","longitude":"-1.06666700","name":"Bramley"},{"id":"828726","latitude":"50.93333300","longitude":"-1.61666700","name":"Bramshaw"},{"id":"828727","latitude":"51.08333300","longitude":"-0.80000000","name":"Bramshot"},{"id":"828773","latitude":"50.95000000","longitude":"-1.76666700","name":"Breamore"},{"id":"828823","latitude":"50.81666700","longitude":"-1.16666700","name":"Bridgemary"},{"id":"828863","latitude":"51.80000000","longitude":"1.03333300","name":"Brightlingsea"},{"id":"828867","latitude":"51.50000000","longitude":"-1.38333300","name":"Brightwalton"},{"id":"828877","latitude":"51.36666700","longitude":"-1.18333300","name":"Brimpton"},{"id":"828936","latitude":"50.81666700","longitude":"-1.56666700","name":"Brockenhurst"},{"id":"828940","latitude":"50.80000000","longitude":"-1.15000000","name":"Brockhurst"},{"id":"828975","latitude":"50.91666700","longitude":"-1.61666700","name":"Brook"},{"id":"829006","latitude":"51.08333300","longitude":"-1.55000000","name":"Broughton"},{"id":"829022","latitude":"51.13333300","longitude":"-1.16666700","name":"Brown Candover"},{"id":"829157","latitude":"50.96666700","longitude":"-0.95000000","name":"Buriton"},{"id":"829159","latitude":"50.81666700","longitude":"-1.70000000","name":"Burley"},{"id":"829294","latitude":"50.91666700","longitude":"-1.58333300","name":"Cadnam"},{"id":"829631","latitude":"50.91666700","longitude":"-1.00000000","name":"Catherington"},{"id":"829711","latitude":"50.93333300","longitude":"-0.95000000","name":"Chalton"},{"id":"829713","latitude":"50.98333300","longitude":"-1.38333300","name":"Chandlers Ford"},{"id":"829774","latitude":"51.13333300","longitude":"-0.98333300","name":"Chawton"},{"id":"829792","latitude":"50.85000000","longitude":"-2.65000000","name":"Chelborough"},{"id":"829815","latitude":"51.05000000","longitude":"-1.16666700","name":"Cheriton"},{"id":"829874","latitude":"51.15000000","longitude":"-1.43333300","name":"Chilbolton"},{"id":"829875","latitude":"51.05000000","longitude":"-1.26666700","name":"Chilcomb"},{"id":"829893","latitude":"51.15000000","longitude":"-1.15000000","name":"Chilton Candover"},{"id":"829898","latitude":"50.95000000","longitude":"-1.41666700","name":"Chilworth"},{"id":"829912","latitude":"52.11666700","longitude":"-1.26666700","name":"Chipping Warden"},{"id":"830023","latitude":"50.93333300","longitude":"-1.00000000","name":"Clanfield"},{"id":"830044","latitude":"51.16666700","longitude":"-1.48333300","name":"Clatford"},{"id":"830062","latitude":"52.13333300","longitude":"-1.33333300","name":"Claydon"},{"id":"830097","latitude":"51.23333300","longitude":"-1.08333300","name":"Cliddesden"},{"id":"830339","latitude":"50.93333300","longitude":"-0.90000000","name":"Compton"},{"id":"830419","latitude":"50.96666700","longitude":"-1.13333300","name":"Corhampton"},{"id":"830427","latitude":"53.73333300","longitude":"-2.15000000","name":"Cornholme"},{"id":"830445","latitude":"50.85000000","longitude":"-2.68333300","name":"Corscombe"},{"id":"830468","latitude":"50.83333300","longitude":"-1.06666700","name":"Cosham"},{"id":"830485","latitude":"53.71666700","longitude":"-0.80000000","name":"Cotness"},{"id":"830486","latitude":"53.71666700","longitude":"-0.80000000","name":"Cotness Hall"},{"id":"830526","latitude":"51.28333300","longitude":"-0.75000000","name":"Cove"},{"id":"830780","latitude":"50.96666700","longitude":"-1.30000000","name":"Crowdhill"},{"id":"830795","latitude":"52.95000000","longitude":"-1.90000000","name":"Croxden"},{"id":"830890","latitude":"50.91666700","longitude":"-1.25000000","name":"Curbridge"},{"id":"830891","latitude":"50.91666700","longitude":"-1.25000000","name":"Curdridge"},{"id":"831016","latitude":"50.93333300","longitude":"-1.85000000","name":"Damerham"},{"id":"831071","latitude":"51.30000000","longitude":"-0.71666700","name":"Deepcut"},{"id":"831104","latitude":"52.96666700","longitude":"-1.85000000","name":"Denston"},{"id":"831106","latitude":"52.96666700","longitude":"-1.85000000","name":"Denstone"},{"id":"831355","latitude":"50.95000000","longitude":"-1.13333300","name":"Droxford"},{"id":"831435","latitude":"51.20000000","longitude":"-1.15000000","name":"Dummer"},{"id":"831525","latitude":"50.95000000","longitude":"-1.25000000","name":"Durley"},{"id":"831625","latitude":"51.03333300","longitude":"-1.61666700","name":"East Dean"},{"id":"831667","latitude":"50.96666700","longitude":"-0.86666700","name":"East Harting"},{"id":"831679","latitude":"51.53333300","longitude":"-1.28333300","name":"East Ilsley"},{"id":"831693","latitude":"50.96666700","longitude":"-1.35000000","name":"Eastleigh"},{"id":"831702","latitude":"50.91666700","longitude":"-0.85000000","name":"East Marden"},{"id":"831705","latitude":"50.98333300","longitude":"-1.03333300","name":"East Meon"},{"id":"831707","latitude":"50.78333300","longitude":"-1.05000000","name":"Eastney"},{"id":"831732","latitude":"53.75000000","longitude":"-0.78333300","name":"Eastrington"},{"id":"831751","latitude":"50.96666700","longitude":"-1.56666700","name":"East Wellow"},{"id":"831755","latitude":"50.76666700","longitude":"-0.88333300","name":"East Wittering"},{"id":"831761","latitude":"51.13333300","longitude":"-0.91666700","name":"East Worldham"},{"id":"831891","latitude":"52.96666700","longitude":"-1.81666700","name":"Ellastone"},{"id":"831904","latitude":"50.86666700","longitude":"-1.78333300","name":"Ellingham"},{"id":"831937","latitude":"50.96666700","longitude":"-0.83333300","name":"Elsted"},{"id":"831971","latitude":"51.06666700","longitude":"-0.91666700","name":"Empshott"},{"id":"831973","latitude":"50.85000000","longitude":"-0.93333300","name":"Emsworth"},{"id":"831985","latitude":"51.23333300","longitude":"-1.46666700","name":"Enham-Alamein"},{"id":"831986","latitude":"51.23333300","longitude":"-1.46666700","name":"Enham"},{"id":"832088","latitude":"50.98333300","longitude":"-1.11666700","name":"Exton"},{"id":"832131","latitude":"50.85000000","longitude":"-1.18333300","name":"Fareham"},{"id":"832138","latitude":"51.21666700","longitude":"-1.10000000","name":"Farleigh Wallop"},{"id":"832148","latitude":"51.26666700","longitude":"-0.73333300","name":"Farnborough"},{"id":"832181","latitude":"51.51666700","longitude":"-1.43333300","name":"Fawley"},{"id":"832301","latitude":"51.83333300","longitude":"0.93333300","name":"Fingringhoe"},{"id":"832357","latitude":"51.28333300","longitude":"-0.83333300","name":"Fleet"},{"id":"832358","latitude":"50.83333300","longitude":"-1.18333300","name":"Fleetland"},{"id":"832411","latitude":"50.93333300","longitude":"-1.80000000","name":"Fordingbridge"},{"id":"832441","latitude":"51.18333300","longitude":"-1.40000000","name":"Forton"},{"id":"832450","latitude":"52.86666700","longitude":"-0.03333300","name":"Fosdyke"},{"id":"832451","latitude":"52.86666700","longitude":"-0.03333300","name":"Fossdyke"},{"id":"832471","latitude":"51.11666700","longitude":"-1.05000000","name":"Four Marks"},{"id":"832531","latitude":"51.30000000","longitude":"-0.73333300","name":"Frimley"},{"id":"832542","latitude":"50.91666700","longitude":"-1.68333300","name":"Fritham"},{"id":"832564","latitude":"51.01666700","longitude":"-1.00000000","name":"Froxfield"},{"id":"832565","latitude":"51.16666700","longitude":"-0.91666700","name":"Froyle"},{"id":"832573","latitude":"51.13333300","longitude":"-1.45000000","name":"Fullerton"},{"id":"832574","latitude":"51.13333300","longitude":"-1.45000000","name":"Fullerton Junction"},{"id":"832584","latitude":"50.86666700","longitude":"-0.88333300","name":"Funtington"},{"id":"832591","latitude":"51.21666700","longitude":"-1.58333300","name":"Fyfield"},{"id":"832716","latitude":"52.78333300","longitude":"0.10000000","name":"Gedney"},{"id":"832885","latitude":"50.91666700","longitude":"-1.75000000","name":"Godshill"},{"id":"832912","latitude":"51.16666700","longitude":"-1.48333300","name":"Goodworth Clatford"},{"id":"832949","latitude":"50.80000000","longitude":"-1.13333300","name":"Gosport"},{"id":"833033","latitude":"51.85000000","longitude":"1.06666700","name":"Great Bentley"},{"id":"833046","latitude":"51.88333300","longitude":"1.03333300","name":"Great Bromley"},{"id":"833093","latitude":"51.05000000","longitude":"-0.90000000","name":"Greatham"},{"id":"833169","latitude":"50.78333300","longitude":"-2.63333300","name":"Great Toller"},{"id":"833233","latitude":"51.25000000","longitude":"-0.96666700","name":"Greywell"},{"id":"833378","latitude":"50.95000000","longitude":"-1.73333300","name":"Hale"},{"id":"833424","latitude":"50.91666700","longitude":"-1.06666700","name":"Hambledon"},{"id":"833478","latitude":"51.28333300","longitude":"-1.21666700","name":"Hannington"},{"id":"833580","latitude":"51.30000000","longitude":"-0.88333300","name":"Hartley Row"},{"id":"833639","latitude":"50.85000000","longitude":"-0.98333300","name":"Havant"},{"id":"833662","latitude":"51.05000000","longitude":"-0.93333300","name":"Hawkley"},{"id":"833667","latitude":"51.28333300","longitude":"-0.76666700","name":"Hawley"},{"id":"833689","latitude":"50.81666700","longitude":"-0.95000000","name":"Hayling Bridge"},{"id":"833690","latitude":"50.78333300","longitude":"-0.96666700","name":"Hayling"},{"id":"833711","latitude":"51.11666700","longitude":"-0.81666700","name":"Headley"},{"id":"833738","latitude":"51.33333300","longitude":"-0.95000000","name":"Heckfield"},{"id":"833844","latitude":"51.21666700","longitude":"-1.05000000","name":"Herriard"},{"id":"833959","latitude":"50.81666700","longitude":"-1.23333300","name":"Hill Head"},{"id":"833978","latitude":"50.83333300","longitude":"-1.06666700","name":"Hilsea"},{"id":"833999","latitude":"51.03333300","longitude":"-1.13333300","name":"Hinton Ampner"},{"id":"834001","latitude":"50.75000000","longitude":"-1.70000000","name":"Hinton"},{"id":"834046","latitude":"52.81666700","longitude":"0.00000000","name":"Holbeach Clough"},{"id":"834047","latitude":"52.80000000","longitude":"0.01666700","name":"Holbeach"},{"id":"834048","latitude":"52.81666700","longitude":"0.00000000","name":"Holbeach Plough"},{"id":"834081","latitude":"53.75000000","longitude":"-2.18333300","name":"Holme Chapel"},{"id":"834084","latitude":"53.75000000","longitude":"-2.18333300","name":"Holme"},{"id":"834116","latitude":"51.16666700","longitude":"-0.93333300","name":"Holybourne"},{"id":"834136","latitude":"50.80000000","longitude":"-2.66666700","name":"Hooke"},{"id":"834137","latitude":"50.80000000","longitude":"-2.66666700","name":"Hook"},{"id":"834164","latitude":"50.75000000","longitude":"-1.60000000","name":"Hordle"},{"id":"834179","latitude":"50.91666700","longitude":"-0.98333300","name":"Horndean"},{"id":"834193","latitude":"51.06666700","longitude":"-1.50000000","name":"Horsebridge"},{"id":"834331","latitude":"51.01666700","longitude":"-1.40000000","name":"Hursley"},{"id":"834333","latitude":"51.26666700","longitude":"-1.45000000","name":"Hurstbourne Tarrant"},{"id":"834370","latitude":"50.88333300","longitude":"-1.78333300","name":"Ibsley"},{"id":"834373","latitude":"51.26666700","longitude":"-1.45000000","name":"Ibthorpe"},{"id":"834374","latitude":"51.28333300","longitude":"-1.18333300","name":"Ibworth"},{"id":"834566","latitude":"51.08333300","longitude":"-1.23333300","name":"Itchen Abbas"},{"id":"834568","latitude":"50.80000000","longitude":"-0.86666700","name":"Itchenor"},{"id":"834851","latitude":"51.01666700","longitude":"-1.15000000","name":"Kilmeston"},{"id":"834880","latitude":"53.73333300","longitude":"-0.83333300","name":"Kilpin"},{"id":"834953","latitude":"51.11666700","longitude":"-0.86666700","name":"Kingsley"},{"id":"834965","latitude":"51.06666700","longitude":"-1.48333300","name":"Kings Somborne"},{"id":"835215","latitude":"51.23333300","longitude":"-1.46666700","name":"Knights Enham"},{"id":"835322","latitude":"50.96666700","longitude":"-1.63333300","name":"Landford"},{"id":"835361","latitude":"50.83333300","longitude":"-0.98333300","name":"Langstone"},{"id":"835402","latitude":"51.16666700","longitude":"-1.03333300","name":"Lasham"},{"id":"835444","latitude":"53.71666700","longitude":"-0.80000000","name":"Laxton"},{"id":"835484","latitude":"51.13333300","longitude":"-1.46666700","name":"Leckford"},{"id":"835512","latitude":"50.80000000","longitude":"-1.20000000","name":"Lee on Solent"},{"id":"835513","latitude":"50.80000000","longitude":"-1.20000000","name":"Lee-on-the-Solent"},{"id":"835645","latitude":"51.05000000","longitude":"-0.75000000","name":"Linchmere"},{"id":"835683","latitude":"51.06666700","longitude":"-0.80000000","name":"Liphook"},{"id":"835698","latitude":"51.03333300","longitude":"-0.90000000","name":"Liss"},{"id":"835815","latitude":"51.08333300","longitude":"-1.45000000","name":"Little Somborne"},{"id":"836397","latitude":"51.18333300","longitude":"-1.40000000","name":"Longparish"},{"id":"836406","latitude":"51.11666700","longitude":"-1.48333300","name":"Longstock"},{"id":"836412","latitude":"51.21666700","longitude":"-0.93333300","name":"Long Sutton"},{"id":"836465","latitude":"50.81666700","longitude":"-1.16666700","name":"Lower Bridgemary"},{"id":"836470","latitude":"51.16666700","longitude":"-1.48333300","name":"Lower Clatford"},{"id":"836477","latitude":"51.11666700","longitude":"-1.00000000","name":"Lower Farringdon"},{"id":"836478","latitude":"51.18333300","longitude":"-0.91666700","name":"Lower Froyle"},{"id":"836590","latitude":"52.80000000","longitude":"0.11666700","name":"Lutton"},{"id":"836612","latitude":"50.75000000","longitude":"-1.55000000","name":"Lymington"},{"id":"836618","latitude":"50.86666700","longitude":"-1.58333300","name":"Lyndhurst"},{"id":"836885","latitude":"51.08333300","longitude":"-1.26666700","name":"Martyr Worthy"},{"id":"836939","latitude":"51.11666700","longitude":"-1.06666700","name":"Medstead"},{"id":"837003","latitude":"50.96666700","longitude":"-1.11666700","name":"Meonstoke"},{"id":"837054","latitude":"51.03333300","longitude":"-1.50000000","name":"Michelmersh"},{"id":"837055","latitude":"51.03333300","longitude":"-1.50000000","name":"Michlemersh"},{"id":"837137","latitude":"50.72500000","longitude":"-1.59277800","name":"Milford"},{"id":"837141","latitude":"50.72500000","longitude":"-1.59277800","name":"Milford on Sea"},{"id":"837186","latitude":"50.73333300","longitude":"-1.65000000","name":"Milton"},{"id":"837212","latitude":"50.88333300","longitude":"-1.60000000","name":"Minstead"},{"id":"837254","latitude":"52.11666700","longitude":"-1.35000000","name":"Mollington"},{"id":"837280","latitude":"51.30000000","longitude":"-1.11666700","name":"Monk Sherborne"},{"id":"837299","latitude":"51.18333300","longitude":"-1.55000000","name":"Monxton"},{"id":"837335","latitude":"51.01666700","longitude":"-1.26666700","name":"Morestead"},{"id":"837362","latitude":"51.36666700","longitude":"-1.06666700","name":"Mortimer Common"},{"id":"837363","latitude":"51.36666700","longitude":"-1.01666700","name":"Mortimer"},{"id":"837364","latitude":"51.35000000","longitude":"-1.08333300","name":"Mortimer West End"},{"id":"837392","latitude":"51.03333300","longitude":"-1.53333300","name":"Mottisfont"},{"id":"837402","latitude":"52.78333300","longitude":"-0.05000000","name":"Moulton"},{"id":"837503","latitude":"51.28333300","longitude":"-0.71666700","name":"Mytchett"},{"id":"837591","latitude":"51.11666700","longitude":"-1.56666700","name":"Nether Wallop"},{"id":"837607","latitude":"51.08333300","longitude":"-1.16666700","name":"New Alresford"},{"id":"837721","latitude":"50.73333300","longitude":"-1.65000000","name":"New Milton"},{"id":"837829","latitude":"52.96666700","longitude":"-1.81666700","name":"Norbury"},{"id":"837834","latitude":"50.76666700","longitude":"-1.48333300","name":"Norleywood"},{"id":"837837","latitude":"51.25000000","longitude":"-0.65000000","name":"Normandy"},{"id":"837900","latitude":"50.81666700","longitude":"-0.95000000","name":"North Hayling"},{"id":"837907","latitude":"51.11666700","longitude":"-1.20000000","name":"Northington"},{"id":"837924","latitude":"50.93333300","longitude":"-0.85000000","name":"North Marden"},{"id":"837955","latitude":"50.95000000","longitude":"-1.36666700","name":"North Stoneham"},{"id":"837966","latitude":"51.20000000","longitude":"-1.18333300","name":"North Waltham"},{"id":"838024","latitude":"50.93333300","longitude":"-1.48333300","name":"Nursling"},{"id":"838028","latitude":"51.18333300","longitude":"-1.11666700","name":"Nutley"},{"id":"838029","latitude":"50.93333300","longitude":"-1.48333300","name":"Nutshalling"},{"id":"838036","latitude":"53.00000000","longitude":"-1.91666700","name":"Oakamoor"},{"id":"838041","latitude":"51.11666700","longitude":"-0.91666700","name":"Oak Hangar"},{"id":"838045","latitude":"51.25000000","longitude":"-1.18333300","name":"Oakley"},{"id":"838071","latitude":"51.25000000","longitude":"-0.93333300","name":"Odiham"},{"id":"838204","latitude":"51.00000000","longitude":"-1.35000000","name":"Otterbourne"},{"id":"838226","latitude":"53.68333300","longitude":"-0.75000000","name":"Ousefleet"},{"id":"838254","latitude":"51.06666700","longitude":"-1.20000000","name":"Ovington"},{"id":"838257","latitude":"50.93333300","longitude":"-1.53333300","name":"Ower"},{"id":"838260","latitude":"51.00000000","longitude":"-1.26666700","name":"Owslebury"},{"id":"838395","latitude":"51.48333300","longitude":"-1.33333300","name":"Peasemore"},{"id":"838407","latitude":"51.81666700","longitude":"0.90000000","name":"Peldon"},{"id":"838484","latitude":"51.21666700","longitude":"-1.51666700","name":"Penton Mewsey"},{"id":"838535","latitude":"51.00000000","longitude":"-0.93333300","name":"Petersfield"},{"id":"838571","latitude":"51.25000000","longitude":"-0.86666700","name":"Pilcot"},{"id":"838572","latitude":"51.25000000","longitude":"-0.86666700","name":"Pilcott"},{"id":"838619","latitude":"51.05000000","longitude":"-1.35000000","name":"Pitt"},{"id":"838624","latitude":"50.96666700","longitude":"-1.60000000","name":"Plaitford"},{"id":"838749","latitude":"51.18333300","longitude":"-1.20000000","name":"Popham"},{"id":"838752","latitude":"50.83333300","longitude":"-1.11666700","name":"Porchester"},{"id":"838769","latitude":"50.83333300","longitude":"-1.11666700","name":"Portchester"},{"id":"838841","latitude":"53.73333300","longitude":"-2.15000000","name":"Portsmouth"},{"id":"838881","latitude":"50.76666700","longitude":"-2.68333300","name":"Powerstock"},{"id":"838909","latitude":"51.16666700","longitude":"-1.13333300","name":"Preston Candover"},{"id":"838934","latitude":"51.03333300","longitude":"-1.03333300","name":"Privett"},{"id":"839062","latitude":"51.03333300","longitude":"-0.85000000","name":"Rake"},{"id":"839064","latitude":"50.81666700","longitude":"-2.61666700","name":"Rampisham"},{"id":"839155","latitude":"50.98333300","longitude":"-1.71666700","name":"Redlynch"},{"id":"839170","latitude":"53.68333300","longitude":"-0.78333300","name":"Reedness"},{"id":"839290","latitude":"50.85000000","longitude":"-1.78333300","name":"Ringwood"},{"id":"839328","latitude":"52.95000000","longitude":"-1.83333300","name":"Rocester"},{"id":"839336","latitude":"50.95000000","longitude":"-1.83333300","name":"Rockbourne"},{"id":"839364","latitude":"51.00000000","longitude":"-0.83333300","name":"Rogate"},{"id":"839380","latitude":"50.98333300","longitude":"-1.50000000","name":"Romsey"},{"id":"839437","latitude":"51.28333300","longitude":"-0.96666700","name":"Rotherwick"},{"id":"839464","latitude":"51.85000000","longitude":"0.95000000","name":"Rowhedge"},{"id":"839466","latitude":"50.88333300","longitude":"-0.95000000","name":"Rowlands Castle"},{"id":"839666","latitude":"50.83333300","longitude":"-1.81666700","name":"Saint Ives"},{"id":"839784","latitude":"53.70000000","longitude":"-0.81666700","name":"Saltmarshe"},{"id":"839785","latitude":"53.70000000","longitude":"-0.81666700","name":"Saltmarsh"},{"id":"840068","latitude":"51.16666700","longitude":"-1.00000000","name":"Shalden"},{"id":"840090","latitude":"51.01666700","longitude":"-1.31666700","name":"Shawford"},{"id":"840097","latitude":"50.91666700","longitude":"-1.18333300","name":"Shedfield"},{"id":"840107","latitude":"51.00000000","longitude":"-0.91666700","name":"Sheet"},{"id":"840144","latitude":"51.28333300","longitude":"-1.10000000","name":"Sherborne Saint John"},{"id":"840153","latitude":"50.98333300","longitude":"-1.58333300","name":"Sherfield English"},{"id":"840154","latitude":"51.30000000","longitude":"-1.01666700","name":"Sherfield"},{"id":"840155","latitude":"51.30000000","longitude":"-1.01666700","name":"Sherfield upon Loddon"},{"id":"840170","latitude":"50.91666700","longitude":"-1.18333300","name":"Shidfield"},{"id":"840284","latitude":"51.35000000","longitude":"-1.06666700","name":"Silchester"},{"id":"840347","latitude":"53.71666700","longitude":"-0.83333300","name":"Skelton"},{"id":"840444","latitude":"50.93333300","longitude":"-1.13333300","name":"Soberton"},{"id":"840497","latitude":"50.85000000","longitude":"-0.91666700","name":"Southbourne"},{"id":"840521","latitude":"50.93333300","longitude":"-1.85000000","name":"South Damerham"},{"id":"840538","latitude":"50.96666700","longitude":"-0.88333300","name":"South Harting"},{"id":"840539","latitude":"50.78333300","longitude":"-0.96666700","name":"South Hayling"},{"id":"840592","latitude":"50.78333300","longitude":"-1.06666700","name":"Southsea"},{"id":"840598","latitude":"50.93333300","longitude":"-1.36666700","name":"South Stoneham"},{"id":"840841","latitude":"51.01666700","longitude":"-0.93333300","name":"Steep"},{"id":"840889","latitude":"51.10000000","longitude":"-1.48333300","name":"Stockbridge"},{"id":"840989","latitude":"50.90000000","longitude":"-1.63333300","name":"Stony Cross Inn"},{"id":"840990","latitude":"50.90000000","longitude":"-1.63333300","name":"Stony Cross"},{"id":"841003","latitude":"50.88333300","longitude":"-0.85000000","name":"Stoughton"},{"id":"841049","latitude":"51.36666700","longitude":"-1.01666700","name":"Stratfield Mortimer"},{"id":"841050","latitude":"51.35000000","longitude":"-1.00000000","name":"Stratfield Saye"},{"id":"841191","latitude":"52.73333300","longitude":"0.06666700","name":"Sutton Saint James"},{"id":"841224","latitude":"50.93333300","longitude":"-1.18333300","name":"Swanmore"},{"id":"841240","latitude":"50.78333300","longitude":"-1.60000000","name":"Sway"},{"id":"841241","latitude":"50.93333300","longitude":"-1.36666700","name":"Swaythling"},{"id":"841251","latitude":"53.68333300","longitude":"-0.83333300","name":"Swinefleet"},{"id":"841288","latitude":"51.33333300","longitude":"-1.11666700","name":"Tadley"},{"id":"841327","latitude":"51.26666700","longitude":"-1.51666700","name":"Tangley"},{"id":"841566","latitude":"51.85000000","longitude":"1.03333300","name":"Thorrington"},{"id":"841591","latitude":"51.20000000","longitude":"-1.58333300","name":"Thruxton"},{"id":"841630","latitude":"51.06666700","longitude":"-1.18333300","name":"Tichborne"},{"id":"841678","latitude":"51.01666700","longitude":"-1.50000000","name":"Timsbury"},{"id":"841697","latitude":"50.83333300","longitude":"-1.23333300","name":"Titchfield"},{"id":"841731","latitude":"50.78333300","longitude":"-2.63333300","name":"Toller Porcorum"},{"id":"841732","latitude":"50.78333300","longitude":"-2.63333300","name":"Toller"},{"id":"841753","latitude":"51.21666700","longitude":"-0.73333300","name":"Tongham"},{"id":"841980","latitude":"51.21666700","longitude":"-1.01666700","name":"Tunworth"},{"id":"842011","latitude":"51.01666700","longitude":"-1.31666700","name":"Twyford"},{"id":"842092","latitude":"50.96666700","longitude":"-1.23333300","name":"Upham"},{"id":"842107","latitude":"52.16666700","longitude":"-1.28333300","name":"Upper Boddington"},{"id":"842115","latitude":"51.18333300","longitude":"-1.48333300","name":"Upper Clatford"},{"id":"842139","latitude":"50.91666700","longitude":"-0.86666700","name":"Upper Marden"},{"id":"842147","latitude":"51.08333300","longitude":"-1.43333300","name":"Upper Somborne"},{"id":"842158","latitude":"51.21666700","longitude":"-1.00000000","name":"Upton Grey"},{"id":"842212","latitude":"51.30000000","longitude":"-1.51666700","name":"Vernham Dean"},{"id":"842213","latitude":"51.30000000","longitude":"-1.51666700","name":"Vernhams Dean"},{"id":"842399","latitude":"51.00000000","longitude":"-1.10000000","name":"Warnford"},{"id":"842425","latitude":"51.36666700","longitude":"-1.16666700","name":"Wasing"},{"id":"842440","latitude":"50.86666700","longitude":"-1.01666700","name":"Waterlooville"},{"id":"842441","latitude":"50.86666700","longitude":"-1.01666700","name":"Waterloo"},{"id":"842591","latitude":"50.85000000","longitude":"-0.91666700","name":"Westbourne"},{"id":"842634","latitude":"51.03333300","longitude":"-1.63333300","name":"West Dean"},{"id":"842681","latitude":"50.96666700","longitude":"-0.90000000","name":"West Harting"},{"id":"842696","latitude":"50.80000000","longitude":"-0.86666700","name":"West Itchenor"},{"id":"842723","latitude":"51.01666700","longitude":"-1.08333300","name":"West Meon"},{"id":"842735","latitude":"51.21666700","longitude":"-1.01666700","name":"Weston Corbett"},{"id":"842744","latitude":"51.21666700","longitude":"-1.01666700","name":"Weston Patrick"},{"id":"842758","latitude":"51.21666700","longitude":"-1.01666700","name":"Weston"},{"id":"842801","latitude":"50.80000000","longitude":"-0.90000000","name":"West Thorney"},{"id":"842805","latitude":"51.05000000","longitude":"-1.06666700","name":"West Tisted"},{"id":"842811","latitude":"50.96666700","longitude":"-1.58333300","name":"West Wellow"},{"id":"842816","latitude":"50.76666700","longitude":"-0.90000000","name":"West Wittering"},{"id":"842821","latitude":"51.11666700","longitude":"-0.93333300","name":"West Worldham"},{"id":"842837","latitude":"51.21666700","longitude":"-1.55000000","name":"Weyhill"},{"id":"842846","latitude":"52.78333300","longitude":"-0.03333300","name":"Whaplode"},{"id":"842873","latitude":"51.15000000","longitude":"-1.41666700","name":"Wherwell"},{"id":"842921","latitude":"51.00000000","longitude":"-1.65000000","name":"Whiteparish"},{"id":"842932","latitude":"53.68333300","longitude":"-0.76666700","name":"Whitgift"},{"id":"842950","latitude":"50.96666700","longitude":"-1.81666700","name":"Whitsbury"},{"id":"842997","latitude":"50.90000000","longitude":"-1.16666700","name":"Wickham"},{"id":"843013","latitude":"51.13333300","longitude":"-1.10000000","name":"Wield"},{"id":"843106","latitude":"51.01666700","longitude":"-1.31666700","name":"Winchester"},{"id":"843107","latitude":"51.26666700","longitude":"-0.88333300","name":"Winchfield"},{"id":"843117","latitude":"51.85000000","longitude":"0.96666700","name":"Winehoe"},{"id":"843230","latitude":"51.85000000","longitude":"0.96666700","name":"Wivenhoe"},{"id":"843257","latitude":"51.31666700","longitude":"-1.20000000","name":"Wolverton"},{"id":"843348","latitude":"51.26666700","longitude":"-1.15000000","name":"Wooton Saint Lawrence"},{"id":"843359","latitude":"53.00000000","longitude":"-1.85000000","name":"Wootton"},{"id":"843386","latitude":"52.18333300","longitude":"-1.35000000","name":"Wormleighton"},{"id":"843406","latitude":"51.25000000","longitude":"-1.13333300","name":"Worting"},{"id":"843486","latitude":"51.85000000","longitude":"0.96666700","name":"Wyvenhoe"},{"id":"843538","latitude":"53.70000000","longitude":"-0.76666700","name":"Yokefleet"}]