[{"id":"823212","latitude":"-3.45000000","longitude":"10.66666670","name":"Bana"},{"id":"823213","latitude":"-3.10000000","longitude":"11.70000000","name":"Banda Namba"},{"id":"823250","latitude":"-3.13333330","longitude":"11.31666670","name":"Bayadi"},{"id":"823273","latitude":"-3.48333330","longitude":"10.76666670","name":"Bend\u00e9 Passi Mogno"},{"id":"823276","latitude":"-2.91666670","longitude":"11.53333330","name":"Benga"},{"id":"823287","latitude":"-2.85000000","longitude":"10.28333330","name":"Beni Bantou"},{"id":"823315","latitude":"-2.80000000","longitude":"10.18333330","name":"Bibonga"},{"id":"823316","latitude":"-3.21666670","longitude":"11.45000000","name":"Bibora"},{"id":"823322","latitude":"-3.15000000","longitude":"11.33333330","name":"Biello"},{"id":"823329","latitude":"-2.41666670","longitude":"10.95000000","name":"Bignendzi"},{"id":"823331","latitude":"-2.55000000","longitude":"11.18333330","name":"Bihindou"},{"id":"823332","latitude":"-3.35000000","longitude":"10.70000000","name":"Bikamba"},{"id":"823338","latitude":"-2.66666670","longitude":"11.10000000","name":"Bikendzi"},{"id":"823347","latitude":"-2.36666670","longitude":"11.03333330","name":"Bila Gouambi"},{"id":"823349","latitude":"-3.36666670","longitude":"10.68333330","name":"Bilanga"},{"id":"823354","latitude":"-2.61666670","longitude":"11.30000000","name":"Bilemba"},{"id":"823355","latitude":"-2.43333330","longitude":"10.71666670","name":"Bilengui"},{"id":"823368","latitude":"-2.91666670","longitude":"11.25000000","name":"Bilombi"},{"id":"823369","latitude":"-2.25000000","longitude":"11.01666670","name":"Bilombika Keri"},{"id":"823395","latitude":"-2.60000000","longitude":"10.85000000","name":"Birenki"},{"id":"823396","latitude":"-2.43333330","longitude":"11.05000000","name":"Birouki"},{"id":"823427","latitude":"-2.88333330","longitude":"11.13333330","name":"Bivanga"},{"id":"823478","latitude":"-2.83333330","longitude":"10.30000000","name":"Bouda"},{"id":"823481","latitude":"-3.08333330","longitude":"11.63333330","name":"Boudiombi"},{"id":"823488","latitude":"-3.75000000","longitude":"11.20000000","name":"Bouggou"},{"id":"823489","latitude":"-2.45000000","longitude":"10.73333330","name":"Bougoulou"},{"id":"823492","latitude":"-3.21666670","longitude":"11.43333330","name":"Boukagni"},{"id":"823494","latitude":"-3.76666670","longitude":"11.01666670","name":"Boukena Boumounou"},{"id":"823500","latitude":"-2.61666670","longitude":"10.86666670","name":"Boulembi"},{"id":"823519","latitude":"-2.85000000","longitude":"11.30000000","name":"Bouneni"},{"id":"823522","latitude":"-2.75000000","longitude":"11.11666670","name":"Boungou Bouliba"},{"id":"823544","latitude":"-2.61666670","longitude":"11.23333330","name":"Bouyanga"},{"id":"823567","latitude":"-2.91666670","longitude":"11.50000000","name":"Caye"},{"id":"823600","latitude":"-3.76666670","longitude":"11.15000000","name":"Dend"},{"id":"823601","latitude":"-3.30000000","longitude":"10.61666670","name":"Dend\u00e9"},{"id":"823602","latitude":"-3.76666670","longitude":"11.15000000","name":"Dendo"},{"id":"823623","latitude":"-2.71666670","longitude":"11.41666670","name":"Diboueta"},{"id":"823624","latitude":"-2.91666670","longitude":"10.51666670","name":"Diboufou"},{"id":"823627","latitude":"-2.68333330","longitude":"10.91666670","name":"Diboumba"},{"id":"823628","latitude":"-2.91666670","longitude":"10.51666670","name":"Diboumfou"},{"id":"823636","latitude":"-2.98333330","longitude":"10.85000000","name":"Difounda"},{"id":"823639","latitude":"-2.56666670","longitude":"10.91666670","name":"Digayi"},{"id":"823642","latitude":"-2.76666670","longitude":"10.36666670","name":"Digoba"},{"id":"823643","latitude":"-2.86666670","longitude":"11.08333330","name":"Digondji"},{"id":"823644","latitude":"-2.98333330","longitude":"10.56666670","name":"Digongo"},{"id":"823646","latitude":"-2.85000000","longitude":"10.61666670","name":"Digoungou"},{"id":"823648","latitude":"-2.85000000","longitude":"11.60000000","name":"Dikassa I"},{"id":"823651","latitude":"-2.66666670","longitude":"11.18333330","name":"Dikoulou Dimossi"},{"id":"823652","latitude":"-3.00000000","longitude":"11.20000000","name":"Dikoundou"},{"id":"823653","latitude":"-2.26666670","longitude":"11.05000000","name":"Dikouta"},{"id":"823657","latitude":"-3.01666670","longitude":"10.85000000","name":"Dilemba"},{"id":"823658","latitude":"-2.76666670","longitude":"10.40000000","name":"Dili\u00e9liga"},{"id":"823659","latitude":"-2.76666670","longitude":"10.40000000","name":"Dili\u00e9nga"},{"id":"823660","latitude":"-2.76666670","longitude":"10.40000000","name":"Dilli\u00e9liga"},{"id":"823669","latitude":"-2.58333330","longitude":"11.15000000","name":"Dinguilila"},{"id":"823674","latitude":"-2.88333330","longitude":"10.46666670","name":"Disofou"},{"id":"823675","latitude":"-2.31666670","longitude":"10.61666670","name":"Dissala"},{"id":"823680","latitude":"-2.31666670","longitude":"11.08333330","name":"Dissiala"},{"id":"823683","latitude":"-3.26666670","longitude":"10.68333330","name":"Ditoumba Nzambi"},{"id":"823686","latitude":"-2.71666670","longitude":"11.15000000","name":"Divangui"},{"id":"823688","latitude":"-2.56666670","longitude":"11.16666670","name":"Diveia"},{"id":"823691","latitude":"-2.98333330","longitude":"11.78333330","name":"Div\u00e9vi"},{"id":"823692","latitude":"-2.56666670","longitude":"11.16666670","name":"Diveya"},{"id":"823693","latitude":"-2.48333330","longitude":"10.91666670","name":"Divina"},{"id":"823698","latitude":"-2.60000000","longitude":"10.95000000","name":"Divoko"},{"id":"823703","latitude":"-2.88333330","longitude":"11.45000000","name":"Djaouri"},{"id":"823705","latitude":"-2.93333330","longitude":"10.35000000","name":"Djema"},{"id":"823706","latitude":"-2.93333330","longitude":"10.35000000","name":"Dj\u00e9mba"},{"id":"823732","latitude":"-3.08333330","longitude":"10.60000000","name":"Dola"},{"id":"823742","latitude":"-3.00000000","longitude":"10.38333330","name":"Douanga"},{"id":"823745","latitude":"-2.75000000","longitude":"10.83333330","name":"Doubagni"},{"id":"823749","latitude":"-2.81666670","longitude":"11.05000000","name":"Doubogno"},{"id":"823750","latitude":"-3.21666670","longitude":"10.53333330","name":"Douboumo"},{"id":"823751","latitude":"-2.38333330","longitude":"11.00000000","name":"Doufouma"},{"id":"823752","latitude":"-3.13333330","longitude":"11.71666670","name":"Dougalou"},{"id":"823753","latitude":"-2.71666670","longitude":"10.95000000","name":"Dougandou I"},{"id":"823754","latitude":"-2.71666670","longitude":"10.93333330","name":"Dougandou II"},{"id":"823756","latitude":"-2.93333330","longitude":"10.48333330","name":"Dougou Mamba"},{"id":"823757","latitude":"-3.10000000","longitude":"10.78333330","name":"Douigny"},{"id":"823758","latitude":"-2.91666670","longitude":"11.01666670","name":"Doukaki"},{"id":"823760","latitude":"-2.58333330","longitude":"11.33333330","name":"Doukanga"},{"id":"823761","latitude":"-2.30000000","longitude":"11.06666670","name":"Doukendema"},{"id":"823762","latitude":"-2.90000000","longitude":"11.15000000","name":"Doukoumou"},{"id":"823763","latitude":"-3.30000000","longitude":"11.65000000","name":"Douli"},{"id":"823773","latitude":"-2.78333330","longitude":"10.41666670","name":"Doungou"},{"id":"823775","latitude":"-2.70000000","longitude":"11.50000000","name":"Dounguila"},{"id":"823776","latitude":"-3.38333330","longitude":"10.71666670","name":"Dounvou"},{"id":"823779","latitude":"-2.68333330","longitude":"11.16666670","name":"Doussoundzi"},{"id":"823780","latitude":"-2.76666670","longitude":"11.56666670","name":"Douzanza"},{"id":"823782","latitude":"-3.01666670","longitude":"11.11666670","name":"Dovoyi"},{"id":"824069","latitude":"-2.43333330","longitude":"10.96666670","name":"Foundou Nzambi"},{"id":"824083","latitude":"-2.56666670","longitude":"11.30000000","name":"Gnali"},{"id":"824088","latitude":"-3.03333330","longitude":"10.45000000","name":"Gobini"},{"id":"824089","latitude":"-2.96666670","longitude":"11.51666670","name":"Gondzi"},{"id":"824097","latitude":"-3.18333330","longitude":"10.75000000","name":"Goumbou"},{"id":"824116","latitude":"-3.15000000","longitude":"11.31666670","name":"Iantsi"},{"id":"824122","latitude":"-2.73333330","longitude":"10.73333330","name":"Ibanga"},{"id":"824135","latitude":"-3.35000000","longitude":"10.70000000","name":"Idemba"},{"id":"824148","latitude":"-2.56666670","longitude":"11.30000000","name":"Igala"},{"id":"824167","latitude":"-2.78333330","longitude":"11.08333330","name":"Ikeri Issiana"},{"id":"824172","latitude":"-3.13333330","longitude":"11.33333330","name":"Ikoli"},{"id":"824181","latitude":"-2.43333330","longitude":"10.96666670","name":"Il\u00e9ka"},{"id":"824184","latitude":"-3.10000000","longitude":"11.50000000","name":"Ilendo"},{"id":"824187","latitude":"-2.63333330","longitude":"11.21666670","name":"Iloba Songui"},{"id":"824188","latitude":"-2.45000000","longitude":"11.10000000","name":"Iloga Magounga"},{"id":"824189","latitude":"-2.68333330","longitude":"11.16666670","name":"Ilogo"},{"id":"824193","latitude":"-2.80000000","longitude":"11.08333330","name":"Iloumi Ilongo Dibora"},{"id":"824194","latitude":"-2.96666670","longitude":"11.08333330","name":"Imboko"},{"id":"824201","latitude":"-2.81666670","longitude":"10.31666670","name":"Inanga"},{"id":"824211","latitude":"-2.40000000","longitude":"11.11666670","name":"Ineni Magno"},{"id":"824223","latitude":"-2.85000000","longitude":"11.48333330","name":"Inominomio"},{"id":"824242","latitude":"-3.20000000","longitude":"11.71666670","name":"Irandou"},{"id":"824244","latitude":"-2.71666670","longitude":"11.08333330","name":"Irendou"},{"id":"824248","latitude":"-2.91666670","longitude":"11.66666670","name":"Iroungou"},{"id":"824249","latitude":"-2.80000000","longitude":"10.16666670","name":"Isogni"},{"id":"824250","latitude":"-2.48333330","longitude":"10.90000000","name":"Isogni Salou"},{"id":"824259","latitude":"-2.70000000","longitude":"11.16666670","name":"Issibou"},{"id":"824260","latitude":"-2.85000000","longitude":"11.23333330","name":"Issigou"},{"id":"824289","latitude":"-2.81666670","longitude":"11.06666670","name":"Ivoumounou"},{"id":"824290","latitude":"-2.90000000","longitude":"11.50000000","name":"Ivoundou"},{"id":"824293","latitude":"-3.00000000","longitude":"11.11666670","name":"Iyantzi"},{"id":"824304","latitude":"-2.98333330","longitude":"11.10000000","name":"Kabi"},{"id":"824305","latitude":"-2.73333330","longitude":"11.51666670","name":"Kabo Nzambi"},{"id":"824310","latitude":"-2.46666670","longitude":"10.93333330","name":"Kaka"},{"id":"824311","latitude":"-2.93333330","longitude":"11.03333330","name":"Kaki"},{"id":"824318","latitude":"-3.11666670","longitude":"11.71666670","name":"Kamba"},{"id":"824319","latitude":"-2.76666670","longitude":"11.31666670","name":"Kambala"},{"id":"824321","latitude":"-2.60000000","longitude":"11.25000000","name":"Kanapo"},{"id":"824340","latitude":"-3.73333330","longitude":"11.03333330","name":"Kayes Congo"},{"id":"824342","latitude":"-2.88333330","longitude":"11.61666670","name":"Kebili"},{"id":"824345","latitude":"-2.80000000","longitude":"10.10000000","name":"Keleba"},{"id":"824346","latitude":"-2.65000000","longitude":"11.18333330","name":"Kelili"},{"id":"824365","latitude":"-2.46666670","longitude":"10.93333330","name":"K\u00e9ri"},{"id":"824366","latitude":"-2.78333330","longitude":"11.08333330","name":"Keri Nzambi"},{"id":"824384","latitude":"-2.58333330","longitude":"11.26666670","name":"Koko Magoma"},{"id":"824400","latitude":"-2.38333330","longitude":"10.68333330","name":"Kondzi"},{"id":"824418","latitude":"-2.48333330","longitude":"10.75000000","name":"Kouango"},{"id":"824444","latitude":"-2.31666670","longitude":"11.06666670","name":"Koumougani"},{"id":"824445","latitude":"-2.81666670","longitude":"10.95000000","name":"Koumougari"},{"id":"824454","latitude":"-3.35000000","longitude":"11.63333330","name":"Kouri"},{"id":"824484","latitude":"-2.51666670","longitude":"11.20000000","name":"Latsa"},{"id":"824544","latitude":"-3.08333330","longitude":"11.18333330","name":"Lembe"},{"id":"824642","latitude":"-2.63333330","longitude":"10.90000000","name":"Louango"},{"id":"824643","latitude":"-3.15000000","longitude":"11.31666670","name":"Louangou"},{"id":"824654","latitude":"-3.75000000","longitude":"11.03333330","name":"Loungou Zambi"},{"id":"824656","latitude":"-2.31666670","longitude":"10.61666670","name":"Loussala"},{"id":"824659","latitude":"-3.35000000","longitude":"10.70000000","name":"Mabagou"},{"id":"824660","latitude":"-2.35000000","longitude":"11.08333330","name":"Mabala"},{"id":"824676","latitude":"-3.26666670","longitude":"11.55000000","name":"Mabili"},{"id":"824678","latitude":"-3.33333330","longitude":"10.70000000","name":"Maboka"},{"id":"824680","latitude":"-3.01666670","longitude":"11.51666670","name":"Mabou"},{"id":"824681","latitude":"-2.71666670","longitude":"11.00000000","name":"Mabouma"},{"id":"824683","latitude":"-2.86666670","longitude":"11.01666670","name":"Mabounga"},{"id":"824684","latitude":"-2.73333330","longitude":"11.13333330","name":"Mabouriga"},{"id":"824685","latitude":"-2.98333330","longitude":"11.71666670","name":"Maboussou"},{"id":"824715","latitude":"-2.46666670","longitude":"10.91666670","name":"Madonga"},{"id":"824724","latitude":"-2.91666670","longitude":"11.36666670","name":"Magabica"},{"id":"824726","latitude":"-2.80000000","longitude":"10.95000000","name":"Magabiga"},{"id":"824727","latitude":"-2.58333330","longitude":"10.83333330","name":"Magabika"},{"id":"824730","latitude":"-2.81666670","longitude":"11.06666670","name":"Magassiala"},{"id":"824738","latitude":"-3.28333330","longitude":"11.71666670","name":"Magonga"},{"id":"824740","latitude":"-2.35000000","longitude":"11.05000000","name":"Magoumba"},{"id":"824742","latitude":"-2.43333330","longitude":"11.08333330","name":"Magounga"},{"id":"824747","latitude":"-3.35000000","longitude":"11.65000000","name":"Mahina Bouissi"},{"id":"824756","latitude":"-2.50000000","longitude":"10.90000000","name":"Makabana"},{"id":"824757","latitude":"-3.06666670","longitude":"10.81666670","name":"Makaba Ndilo"},{"id":"824764","latitude":"-2.93333330","longitude":"11.70000000","name":"Makanana"},{"id":"824766","latitude":"-3.13333330","longitude":"11.33333330","name":"Makanda"},{"id":"824768","latitude":"-3.21666670","longitude":"11.46666670","name":"Makanga"},{"id":"824777","latitude":"-3.35000000","longitude":"10.68333330","name":"Makiena"},{"id":"824778","latitude":"-3.35000000","longitude":"11.65000000","name":"Makina-Bouissi"},{"id":"824789","latitude":"-3.36666670","longitude":"11.65000000","name":"Makounou"},{"id":"824791","latitude":"-2.33333330","longitude":"11.06666670","name":"Malaba"},{"id":"824792","latitude":"-2.75000000","longitude":"11.53333330","name":"Malabilila"},{"id":"824796","latitude":"-3.16666670","longitude":"11.43333330","name":"Malanga"},{"id":"824813","latitude":"-2.68333330","longitude":"11.05000000","name":"Malimba"},{"id":"824816","latitude":"-3.56666670","longitude":"10.88333330","name":"Mallemb\u00e9"},{"id":"824818","latitude":"-2.45000000","longitude":"10.86666670","name":"Malolo"},{"id":"824859","latitude":"-2.43333330","longitude":"11.08333330","name":"Mangounga"},{"id":"824870","latitude":"-2.55000000","longitude":"10.81666670","name":"Maoumba"},{"id":"824894","latitude":"-2.83333330","longitude":"11.03333330","name":"Massanga III"},{"id":"824895","latitude":"-2.83333330","longitude":"11.05000000","name":"Massanga II"},{"id":"824896","latitude":"-2.83333330","longitude":"11.05000000","name":"Massanga I"},{"id":"824897","latitude":"-2.83333330","longitude":"11.05000000","name":"Massanga IV"},{"id":"824899","latitude":"-2.65000000","longitude":"11.31666670","name":"Massanga"},{"id":"824919","latitude":"-2.73333330","longitude":"11.13333330","name":"Massoli Oubala"},{"id":"824922","latitude":"-2.48333330","longitude":"11.20000000","name":"Massoti"},{"id":"824928","latitude":"-3.46666670","longitude":"10.75000000","name":"Matchiti"},{"id":"824940","latitude":"-2.68333330","longitude":"11.36666670","name":"Matoungou"},{"id":"824941","latitude":"-3.06666670","longitude":"11.60000000","name":"Matsanfou"},{"id":"824944","latitude":"-3.23333330","longitude":"11.50000000","name":"Matsoumba"},{"id":"824952","latitude":"-3.41666670","longitude":"10.65000000","name":"Mavumba"},{"id":"824954","latitude":"-2.96666670","longitude":"10.56666670","name":"Mayamba"},{"id":"824977","latitude":"-2.73333330","longitude":"10.81666670","name":"Mayombo"},{"id":"824978","latitude":"-3.41666670","longitude":"10.65000000","name":"Mayoumba"},{"id":"824980","latitude":"-3.41666670","longitude":"10.65000000","name":"Mayumba"},{"id":"824998","latitude":"-3.03333330","longitude":"11.71666670","name":"Mb\u00e9kila"},{"id":"825010","latitude":"-2.66666670","longitude":"11.35000000","name":"Mbidiga"},{"id":"825028","latitude":"-2.93333330","longitude":"10.38333330","name":"Mbissi"},{"id":"825044","latitude":"-2.98333330","longitude":"10.88333330","name":"Mboma"},{"id":"825067","latitude":"-3.26666670","longitude":"10.68333330","name":"Mbouissi"},{"id":"825069","latitude":"-2.45000000","longitude":"10.73333330","name":"Mboukou"},{"id":"825070","latitude":"-2.68333330","longitude":"10.61666670","name":"Mboula"},{"id":"825206","latitude":"-2.56666670","longitude":"10.83333330","name":"Mfoukoualou"},{"id":"825225","latitude":"-2.93333330","longitude":"11.25000000","name":"Mibili"},{"id":"825234","latitude":"-2.75000000","longitude":"11.43333330","name":"Midouma"},{"id":"825237","latitude":"-2.53333330","longitude":"11.18333330","name":"Migamba"},{"id":"825240","latitude":"-2.80000000","longitude":"11.05000000","name":"Migoma"},{"id":"825241","latitude":"-3.03333330","longitude":"10.83333330","name":"Miguengui"},{"id":"825244","latitude":"-2.91666670","longitude":"11.68333330","name":"Mikanda"},{"id":"825245","latitude":"-2.73333330","longitude":"11.35000000","name":"Mikanga"},{"id":"825249","latitude":"-2.46666670","longitude":"10.80000000","name":"Mikoko"},{"id":"825262","latitude":"-2.65000000","longitude":"10.68333330","name":"Milando"},{"id":"825263","latitude":"-3.03333330","longitude":"10.43333330","name":"Milandou"},{"id":"825266","latitude":"-2.98333330","longitude":"10.85000000","name":"Milolo"},{"id":"825288","latitude":"-2.65000000","longitude":"11.45000000","name":"Mindoubi"},{"id":"825297","latitude":"-3.01666670","longitude":"10.85000000","name":"Minguengu\u00e9"},{"id":"825307","latitude":"-2.76666670","longitude":"10.88333330","name":"Minziandzi"},{"id":"825315","latitude":"-3.25000000","longitude":"10.68333330","name":"Mirendi"},{"id":"825318","latitude":"-2.45000000","longitude":"11.18333330","name":"Missassa"},{"id":"825322","latitude":"-2.71666670","longitude":"11.15000000","name":"Missigou"},{"id":"825325","latitude":"-2.50000000","longitude":"10.76666670","name":"Missoti"},{"id":"825326","latitude":"-2.96666670","longitude":"11.80000000","name":"Missouli"},{"id":"825346","latitude":"-2.35000000","longitude":"11.05000000","name":"Mivangiri"},{"id":"825347","latitude":"-2.78333330","longitude":"11.28333330","name":"Mivengui"},{"id":"825348","latitude":"-2.80000000","longitude":"11.06666670","name":"Mivoka"},{"id":"825352","latitude":"-2.56666670","longitude":"11.28333330","name":"Moabi Koudou"},{"id":"825353","latitude":"-2.40000000","longitude":"10.98333330","name":"Moabi"},{"id":"825354","latitude":"-2.88333330","longitude":"11.13333330","name":"Moabi-Tsao"},{"id":"825363","latitude":"-2.78333330","longitude":"11.08333330","name":"Mogno Souka"},{"id":"825372","latitude":"-3.26666670","longitude":"11.50000000","name":"Molito"},{"id":"825387","latitude":"-3.05000000","longitude":"10.48333330","name":"Mongo Milando"},{"id":"825402","latitude":"-2.80000000","longitude":"10.10000000","name":"Mossamala"},{"id":"825420","latitude":"-2.53333330","longitude":"10.60000000","name":"Moubou"},{"id":"825438","latitude":"-2.91666670","longitude":"10.50000000","name":"Mouenda"},{"id":"825439","latitude":"-2.65000000","longitude":"11.16666670","name":"Mouetji"},{"id":"825442","latitude":"-2.76666670","longitude":"10.90000000","name":"Mougando Dimbo"},{"id":"825443","latitude":"-2.76666670","longitude":"10.96666670","name":"Mougandza"},{"id":"825446","latitude":"-2.88333330","longitude":"11.60000000","name":"Mougnigou II"},{"id":"825448","latitude":"-2.90000000","longitude":"11.63333330","name":"Mougnigou"},{"id":"825449","latitude":"-3.08333330","longitude":"10.80000000","name":"Mougnimbou"},{"id":"825462","latitude":"-2.71666670","longitude":"10.70000000","name":"Mougoudi"},{"id":"825464","latitude":"-2.35000000","longitude":"10.63333330","name":"Mougouma"},{"id":"825472","latitude":"-2.43333330","longitude":"10.93333330","name":"Moukaba Neny"},{"id":"825474","latitude":"-2.61666670","longitude":"11.38333330","name":"Moukakala"},{"id":"825477","latitude":"-3.08333330","longitude":"11.63333330","name":"Moukambo"},{"id":"825479","latitude":"-2.88333330","longitude":"10.48333330","name":"Moukangi"},{"id":"825481","latitude":"-2.51666670","longitude":"11.20000000","name":"Moukenja"},{"id":"825488","latitude":"-3.03333330","longitude":"10.48333330","name":"Moukondo"},{"id":"825489","latitude":"-2.86666670","longitude":"10.26666670","name":"Moukongo Ndend\u00e9"},{"id":"825506","latitude":"-2.66666670","longitude":"10.68333330","name":"Moulagasiala"},{"id":"825508","latitude":"-2.65000000","longitude":"10.98333330","name":"Moulamba"},{"id":"825510","latitude":"-2.61666670","longitude":"11.13333330","name":"Moulandou"},{"id":"825516","latitude":"-2.58333330","longitude":"11.26666670","name":"Moulonda"},{"id":"825517","latitude":"-3.08333330","longitude":"10.45000000","name":"Moulondo"},{"id":"825524","latitude":"-3.35000000","longitude":"10.70000000","name":"Moumou Boumba"},{"id":"825529","latitude":"-2.48333330","longitude":"10.58333330","name":"Mounanga"},{"id":"825536","latitude":"-2.95000000","longitude":"11.41666670","name":"Moungoundi"},{"id":"825552","latitude":"-3.35000000","longitude":"11.63333330","name":"Mouralou"},{"id":"825553","latitude":"-2.73333330","longitude":"10.96666670","name":"Mourambo Kata"},{"id":"825554","latitude":"-2.66666670","longitude":"11.03333330","name":"Mourima"},{"id":"825556","latitude":"-2.75000000","longitude":"11.11666670","name":"Mouringa Issenguele"},{"id":"825557","latitude":"-3.28333330","longitude":"11.71666670","name":"Mouroungouya"},{"id":"825562","latitude":"-2.95000000","longitude":"11.71666670","name":"Moussamba"},{"id":"825564","latitude":"-2.95000000","longitude":"11.71666670","name":"Moussambo"},{"id":"825565","latitude":"-2.78333330","longitude":"10.08333330","name":"Moussamo Niambi"},{"id":"825568","latitude":"-2.41666670","longitude":"10.95000000","name":"Moussamou Kougou"},{"id":"825570","latitude":"-3.28333330","longitude":"11.60000000","name":"Moussamou Ygoyo"},{"id":"825571","latitude":"-2.60000000","longitude":"10.66666670","name":"Moussangala"},{"id":"825575","latitude":"-2.80000000","longitude":"11.46666670","name":"Moussitoulela"},{"id":"825577","latitude":"-2.48333330","longitude":"10.83333330","name":"Moussitou"},{"id":"825585","latitude":"-2.40000000","longitude":"10.96666670","name":"Moutoumba"},{"id":"825586","latitude":"-2.41666670","longitude":"10.95000000","name":"Moutoungou"},{"id":"825588","latitude":"-3.01666670","longitude":"10.85000000","name":"Mouvanga"},{"id":"825589","latitude":"-2.58333330","longitude":"10.65000000","name":"Mouvanga-Panza"},{"id":"825590","latitude":"-2.58333330","longitude":"10.65000000","name":"Mouvango-Pinza"},{"id":"825596","latitude":"-3.31666670","longitude":"10.70000000","name":"Mouyamba"},{"id":"825601","latitude":"-2.53333330","longitude":"10.80000000","name":"Mouyombi-Tali"},{"id":"825605","latitude":"-3.16666670","longitude":"10.76666670","name":"Mouyoungou"},{"id":"825677","latitude":"-2.45000000","longitude":"10.73333330","name":"N'Boukou"},{"id":"825686","latitude":"-2.48333330","longitude":"10.76666670","name":"Ndend\u00e9"},{"id":"825688","latitude":"-3.18333330","longitude":"11.71666670","name":"Ndendi"},{"id":"825689","latitude":"-2.81666670","longitude":"11.25000000","name":"Ndenga"},{"id":"825735","latitude":"-2.55000000","longitude":"10.90000000","name":"Nfigou"},{"id":"825765","latitude":"-3.33333330","longitude":"10.70000000","name":"Ngondi"},{"id":"825795","latitude":"-2.95000000","longitude":"11.45000000","name":"Ngoula"},{"id":"825807","latitude":"-2.51666670","longitude":"10.90000000","name":"Ngoungou"},{"id":"825811","latitude":"-3.00000000","longitude":"11.11666670","name":"Ngoussou"},{"id":"825817","latitude":"-2.46666670","longitude":"11.18333330","name":"Nguenda"},{"id":"825818","latitude":"-2.46666670","longitude":"11.18333330","name":"Nguenda Pahilo"},{"id":"825826","latitude":"-2.56666670","longitude":"11.30000000","name":"Niali"},{"id":"825843","latitude":"-2.90000000","longitude":"11.38333330","name":"Niengo"},{"id":"825844","latitude":"-3.76666670","longitude":"11.01666670","name":"Nienzi Mogne"},{"id":"825846","latitude":"-2.98333330","longitude":"10.85000000","name":"Nilolo"},{"id":"825941","latitude":"-2.55000000","longitude":"10.81666670","name":"Noumbou"},{"id":"825978","latitude":"-2.71666670","longitude":"11.15000000","name":"Nvounda"},{"id":"825985","latitude":"-2.61666670","longitude":"10.68333330","name":"Nyanga"},{"id":"825987","latitude":"-2.61666670","longitude":"10.68333330","name":"Nyanga-Vembe"},{"id":"826012","latitude":"-2.73333330","longitude":"11.41666670","name":"Nzanza"},{"id":"826032","latitude":"-2.75000000","longitude":"10.96666670","name":"Nzenzila"},{"id":"826037","latitude":"-2.96666670","longitude":"11.56666670","name":"Nzinga"},{"id":"826041","latitude":"-2.98333330","longitude":"11.60000000","name":"Nzinga Tchi"},{"id":"826164","latitude":"-2.80000000","longitude":"11.25000000","name":"Ombila"},{"id":"826230","latitude":"-2.71666670","longitude":"11.38333330","name":"Oueliga"},{"id":"826231","latitude":"-2.85000000","longitude":"10.46666670","name":"Oueligha"},{"id":"826276","latitude":"-2.48333330","longitude":"10.81666670","name":"Pabo Nzambi"},{"id":"826282","latitude":"-2.80000000","longitude":"10.98333330","name":"Pahilou"},{"id":"826284","latitude":"-2.75000000","longitude":"10.86666670","name":"Pahou N'Zambi"},{"id":"826286","latitude":"-2.75000000","longitude":"10.86666670","name":"Pahouzambi"},{"id":"826287","latitude":"-3.03333330","longitude":"11.13333330","name":"Pananga"},{"id":"826292","latitude":"-3.23333330","longitude":"10.56666670","name":"Panga"},{"id":"826297","latitude":"-2.76666670","longitude":"10.05000000","name":"Passeur"},{"id":"826304","latitude":"-3.26666670","longitude":"10.68333330","name":"Pembi"},{"id":"826305","latitude":"-3.11666670","longitude":"11.26666670","name":"Pemo"},{"id":"826306","latitude":"-2.70000000","longitude":"11.16666670","name":"P\u00e9nignioundo"},{"id":"826307","latitude":"-2.70000000","longitude":"11.16666670","name":"Peni Gnoundou"},{"id":"826332","latitude":"-2.93333330","longitude":"11.31666670","name":"Poka"},{"id":"826334","latitude":"-2.45000000","longitude":"10.95000000","name":"Polombya"},{"id":"826338","latitude":"-2.40000000","longitude":"10.70000000","name":"Porro"},{"id":"826344","latitude":"-3.10000000","longitude":"11.65000000","name":"Poudi"},{"id":"826347","latitude":"-2.96666670","longitude":"10.85000000","name":"Pounga-Nganda"},{"id":"826357","latitude":"-3.23333330","longitude":"11.50000000","name":"Povo"},{"id":"826360","latitude":"-2.96666670","longitude":"10.95000000","name":"Randi II"},{"id":"826361","latitude":"-2.98333330","longitude":"10.93333330","name":"Randi I"},{"id":"826366","latitude":"-2.46666670","longitude":"10.95000000","name":"Rima Nzala"},{"id":"826368","latitude":"-3.11666670","longitude":"11.70000000","name":"Rinanzala"},{"id":"826369","latitude":"-2.75000000","longitude":"10.80000000","name":"Riranzala"},{"id":"826377","latitude":"-3.80000000","longitude":"11.01666670","name":"Sainte-Marie"},{"id":"826402","latitude":"-2.36666670","longitude":"11.01666670","name":"Sanda"},{"id":"826404","latitude":"-3.05000000","longitude":"10.83333330","name":"Sanga For\u00eat"},{"id":"826408","latitude":"-2.96666670","longitude":"10.95000000","name":"Sanga-Plaine"},{"id":"826409","latitude":"-2.98333330","longitude":"10.85000000","name":"Sanga"},{"id":"826423","latitude":"-3.83333330","longitude":"11.03333330","name":"S\u00e9tt\u00e9 Banda"},{"id":"826442","latitude":"-3.01666670","longitude":"10.85000000","name":"Singa Plaine"},{"id":"826443","latitude":"-2.90000000","longitude":"11.18333330","name":"Singna"},{"id":"826447","latitude":"-2.41666670","longitude":"10.96666670","name":"Soangui"},{"id":"826453","latitude":"-2.48333330","longitude":"10.58333330","name":"Souangui"},{"id":"826459","latitude":"-2.36666670","longitude":"11.01666670","name":"Soukila"},{"id":"826470","latitude":"-2.75000000","longitude":"11.11666670","name":"Tando Filou"},{"id":"826482","latitude":"-2.85000000","longitude":"11.03333330","name":"Tchibanga"},{"id":"826484","latitude":"-3.90000000","longitude":"11.13333330","name":"Tchibenda"},{"id":"826485","latitude":"-3.73333330","longitude":"11.05000000","name":"Tchigana"},{"id":"826487","latitude":"-3.81666670","longitude":"11.01666670","name":"Tchimbia"},{"id":"826488","latitude":"-3.51666670","longitude":"10.81666670","name":"Tchingondo"},{"id":"826491","latitude":"-3.90000000","longitude":"11.13333330","name":"Tchitend\u00e9"},{"id":"826503","latitude":"-3.60000000","longitude":"10.96666670","name":"Tia"},{"id":"826506","latitude":"-3.76666670","longitude":"11.01666670","name":"Toco Tsiala"},{"id":"826510","latitude":"-2.65000000","longitude":"10.63333330","name":"Tonokamba"},{"id":"826511","latitude":"-2.70000000","longitude":"11.38333330","name":"Tono Sangana"},{"id":"826512","latitude":"-3.03333330","longitude":"10.83333330","name":"Tono"},{"id":"826519","latitude":"-2.68333330","longitude":"10.70000000","name":"Toulougaba"},{"id":"826520","latitude":"-2.55000000","longitude":"11.16666670","name":"Toumba"},{"id":"826539","latitude":"-2.76666670","longitude":"11.11666670","name":"Tsegnou Bila"},{"id":"826549","latitude":"-2.80000000","longitude":"10.16666670","name":"Tsogni"},{"id":"826550","latitude":"-3.05000000","longitude":"10.43333330","name":"Tsogui"},{"id":"826553","latitude":"-2.33333330","longitude":"11.05000000","name":"Tsouka"},{"id":"826555","latitude":"-2.86666670","longitude":"11.66666670","name":"Tumba"},{"id":"826579","latitude":"-3.80000000","longitude":"11.01666670","name":"Village Sainte Marie"},{"id":"826586","latitude":"-2.63333330","longitude":"11.13333330","name":"Voulougandou"},{"id":"826587","latitude":"-3.23333330","longitude":"11.73333330","name":"Voumvou"},{"id":"826593","latitude":"-2.85000000","longitude":"11.26666670","name":"Yabala"},{"id":"826603","latitude":"-3.08333330","longitude":"11.23333330","name":"Yandji"},{"id":"826609","latitude":"-2.60000000","longitude":"11.36666670","name":"Yelo"},{"id":"826611","latitude":"-2.81666670","longitude":"10.06666670","name":"Yendji"},{"id":"826622","latitude":"-3.03333330","longitude":"10.43333330","name":"Y\u00e9y\u00e9ha"},{"id":"826623","latitude":"-3.03333330","longitude":"10.43333330","name":"Yeyena"},{"id":"826624","latitude":"-3.03333330","longitude":"10.43333330","name":"Yeyenga"},{"id":"826637","latitude":"-2.61666670","longitude":"11.41666670","name":"Yongo"},{"id":"826649","latitude":"-3.15000000","longitude":"11.30000000","name":"Youmbou"},{"id":"826651","latitude":"-3.68333330","longitude":"11.10000000","name":"Yoyo"},{"id":"826656","latitude":"-3.41666670","longitude":"10.70000000","name":"Zambi Zanza"},{"id":"826662","latitude":"-2.88333330","longitude":"10.20000000","name":"Zangui Mamba"},{"id":"826663","latitude":"-3.50000000","longitude":"10.83333330","name":"Zembi-Zanza"}]