[{"id":"826686","latitude":"51.78333300","longitude":"0.26666700","name":"Abbess Roding"},{"id":"826849","latitude":"51.50000000","longitude":"-0.25000000","name":"Acton"},{"id":"826941","latitude":"52.05000000","longitude":"0.98333300","name":"Aldham"},{"id":"826954","latitude":"51.50000000","longitude":"-1.20000000","name":"Aldworth"},{"id":"827031","latitude":"51.65000000","longitude":"0.75000000","name":"Althorne"},{"id":"827191","latitude":"51.91666700","longitude":"0.98333300","name":"Ardleigh"},{"id":"827288","latitude":"51.35000000","longitude":"0.30000000","name":"Ash"},{"id":"827306","latitude":"52.05000000","longitude":"0.31666700","name":"Ashdon"},{"id":"827307","latitude":"51.66666700","longitude":"0.85000000","name":"Asheldham"},{"id":"827308","latitude":"52.05000000","longitude":"0.55000000","name":"Ashen"},{"id":"827350","latitude":"52.03333300","longitude":"-0.15000000","name":"Ashwell"},{"id":"827382","latitude":"52.50000000","longitude":"-1.88333300","name":"Aston"},{"id":"827387","latitude":"52.45000000","longitude":"-2.55000000","name":"Aston Botterell"},{"id":"827477","latitude":"51.48333300","longitude":"0.25000000","name":"Aveley"},{"id":"827756","latitude":"51.53333300","longitude":"0.08333300","name":"Barking"},{"id":"827757","latitude":"51.58333300","longitude":"0.08333300","name":"Barkingside"},{"id":"827758","latitude":"51.53333300","longitude":"0.08333300","name":"Barking Town"},{"id":"827761","latitude":"52.00000000","longitude":"0.01666700","name":"Barkway"},{"id":"827766","latitude":"52.03333300","longitude":"0.03333300","name":"Barley"},{"id":"827767","latitude":"51.56666700","longitude":"0.78333300","name":"Barling"},{"id":"827801","latitude":"51.85000000","longitude":"0.40000000","name":"Barnston"},{"id":"827869","latitude":"51.56666700","longitude":"0.46666700","name":"Basildon"},{"id":"827893","latitude":"51.60000000","longitude":"0.56666700","name":"Battlesbridge"},{"id":"827909","latitude":"52.11666700","longitude":"1.06666700","name":"Baylham"},{"id":"827914","latitude":"52.01666700","longitude":"-0.86666700","name":"Beachampton"},{"id":"827954","latitude":"51.51666700","longitude":"0.06666700","name":"Beckton"},{"id":"828000","latitude":"52.03333300","longitude":"0.63333300","name":"Belchamp Otten"},{"id":"828001","latitude":"52.03333300","longitude":"0.63333300","name":"Belchamp Otton"},{"id":"828002","latitude":"52.05000000","longitude":"0.61666700","name":"Belchamp Saint Paul"},{"id":"828012","latitude":"51.50000000","longitude":"0.25000000","name":"Belhus"},{"id":"828037","latitude":"52.01666700","longitude":"1.10000000","name":"Belstead"},{"id":"828056","latitude":"51.53333300","longitude":"0.55000000","name":"Benfleet"},{"id":"828072","latitude":"51.98333300","longitude":"1.08333300","name":"Bentley"},{"id":"828091","latitude":"51.50000000","longitude":"-0.06666700","name":"Bermondsey"},{"id":"828158","latitude":"51.68333300","longitude":"0.58333300","name":"Bickacre"},{"id":"828169","latitude":"51.68333300","longitude":"0.58333300","name":"Bicknacre"},{"id":"828198","latitude":"51.61666700","longitude":"0.41666700","name":"Billericay"},{"id":"828232","latitude":"51.88333300","longitude":"0.18333300","name":"Birchanger"},{"id":"828233","latitude":"51.83333300","longitude":"0.81666700","name":"Birch"},{"id":"828239","latitude":"52.05000000","longitude":"0.50000000","name":"Birdbrook"},{"id":"828332","latitude":"51.68333300","longitude":"0.31666700","name":"Blackmore"},{"id":"828333","latitude":"51.85000000","longitude":"0.55000000","name":"Black Notley"},{"id":"828400","latitude":"51.98333300","longitude":"-0.73333300","name":"Bletchley"},{"id":"828414","latitude":"51.51666700","longitude":"-0.11666700","name":"Bloomsbury"},{"id":"828443","latitude":"51.71666700","longitude":"0.21666700","name":"Bobbingworth"},{"id":"828444","latitude":"51.90000000","longitude":"0.55000000","name":"Bocking"},{"id":"828445","latitude":"51.90000000","longitude":"0.55000000","name":"Bocking Churchstreet"},{"id":"828518","latitude":"52.48333300","longitude":"-1.85000000","name":"Bordesley"},{"id":"828519","latitude":"51.76666700","longitude":"0.55000000","name":"Boreham"},{"id":"828531","latitude":"51.28333300","longitude":"0.30000000","name":"Borough Green"},{"id":"828615","latitude":"51.55000000","longitude":"0.51666700","name":"Bowers Gifford"},{"id":"828633","latitude":"51.95000000","longitude":"0.91666700","name":"Boxted"},{"id":"828660","latitude":"51.93333300","longitude":"1.11666700","name":"Bradfield"},{"id":"828682","latitude":"51.71666700","longitude":"0.90000000","name":"Bradwell"},{"id":"828683","latitude":"51.71666700","longitude":"0.90000000","name":"Bradwell Juxta Mare"},{"id":"828684","latitude":"51.71666700","longitude":"0.90000000","name":"Bradwell-near-the Sea"},{"id":"828685","latitude":"51.71666700","longitude":"0.90000000","name":"Bradwell on Sea"},{"id":"828698","latitude":"51.88333300","longitude":"0.56666700","name":"Braintree"},{"id":"828761","latitude":"51.80000000","longitude":"0.70000000","name":"Braxted"},{"id":"828788","latitude":"51.31666700","longitude":"0.58333300","name":"Bredhurst"},{"id":"828797","latitude":"51.55000000","longitude":"-0.26666700","name":"Brent"},{"id":"828803","latitude":"51.61666700","longitude":"0.31666700","name":"Brentwood"},{"id":"828989","latitude":"51.76666700","longitude":"0.46666700","name":"Broomfield"},{"id":"829031","latitude":"51.91666700","longitude":"0.30000000","name":"Broxted"},{"id":"829078","latitude":"51.63333300","longitude":"0.03333300","name":"Buckhurst Hill"},{"id":"829082","latitude":"51.98333300","longitude":"-0.01666700","name":"Buckland"},{"id":"829171","latitude":"51.61666700","longitude":"0.83333300","name":"Burnham"},{"id":"829176","latitude":"51.61666700","longitude":"0.83333300","name":"Burnham on Crouch"},{"id":"829235","latitude":"52.46666700","longitude":"-2.56666700","name":"Burwarton"},{"id":"829279","latitude":"52.00000000","longitude":"-0.15000000","name":"Bygrave"},{"id":"829330","latitude":"52.03333300","longitude":"-0.18333300","name":"Caldecote"},{"id":"829362","latitude":"52.03333300","longitude":"-0.83333300","name":"Calverton"},{"id":"829400","latitude":"51.60000000","longitude":"0.75000000","name":"Canewdon"},{"id":"829401","latitude":"51.60000000","longitude":"0.75000000","name":"Canewelon"},{"id":"829437","latitude":"52.00000000","longitude":"1.06666700","name":"Capel Saint Mary"},{"id":"829598","latitude":"51.98333300","longitude":"0.60000000","name":"Castle Hedingham"},{"id":"829653","latitude":"52.08333300","longitude":"0.63333300","name":"Cavendish"},{"id":"829767","latitude":"51.81666700","longitude":"0.51666700","name":"Chatley"},{"id":"829771","latitude":"52.03333300","longitude":"1.05000000","name":"Chattisham"},{"id":"829796","latitude":"51.98333300","longitude":"1.21666700","name":"Chelmondiston"},{"id":"829798","latitude":"51.73333300","longitude":"0.48333300","name":"Chelmsford"},{"id":"829837","latitude":"52.06666700","longitude":"0.20000000","name":"Chesterford"},{"id":"829867","latitude":"51.91666700","longitude":"0.30000000","name":"Chickney"},{"id":"829873","latitude":"51.61666700","longitude":"0.08333300","name":"Chigwell"},{"id":"829900","latitude":"51.61666700","longitude":"0.01666700","name":"Chingford"},{"id":"829906","latitude":"51.65000000","longitude":"-0.20000000","name":"Chipping Barnet"},{"id":"829910","latitude":"51.70000000","longitude":"0.25000000","name":"Chipping Ongar"},{"id":"829925","latitude":"51.48333300","longitude":"-0.26666700","name":"Chiswick"},{"id":"830004","latitude":"51.51666700","longitude":"-0.08333300","name":"City of London"},{"id":"830017","latitude":"51.78333300","longitude":"1.16666700","name":"Clacton"},{"id":"830018","latitude":"51.78333300","longitude":"1.16666700","name":"Clacton-on-Sea"},{"id":"830037","latitude":"52.08333300","longitude":"0.58333300","name":"Clare"},{"id":"830081","latitude":"52.45000000","longitude":"-2.65000000","name":"Clee Saint Margaret"},{"id":"830087","latitude":"52.38333300","longitude":"-2.48333300","name":"Cleobury Mortimer"},{"id":"830088","latitude":"52.48333300","longitude":"-2.56666700","name":"Cleobury North"},{"id":"830206","latitude":"51.65000000","longitude":"-0.16666700","name":"Cockfosters"},{"id":"830213","latitude":"52.13333300","longitude":"1.11666700","name":"Coddenham"},{"id":"830233","latitude":"51.86666700","longitude":"0.68333300","name":"Coggeshall"},{"id":"830243","latitude":"51.88333300","longitude":"0.90000000","name":"Colchester"},{"id":"830252","latitude":"51.66666700","longitude":"0.66666700","name":"Cold Norton"},{"id":"830295","latitude":"51.73333300","longitude":"-0.25000000","name":"Colney Heath"},{"id":"830400","latitude":"51.85000000","longitude":"0.80000000","name":"Copford"},{"id":"830463","latitude":"51.51666700","longitude":"0.51666700","name":"Coryton"},{"id":"830467","latitude":"52.06666700","longitude":"-0.85000000","name":"Cosgrove"},{"id":"830533","latitude":"51.50000000","longitude":"-0.13333300","name":"Covent Garden"},{"id":"830645","latitude":"52.16666700","longitude":"1.06666700","name":"Creeting"},{"id":"830646","latitude":"52.16666700","longitude":"1.06666700","name":"Creeting Saint Mary"},{"id":"830658","latitude":"51.85000000","longitude":"0.60000000","name":"Cressing"},{"id":"830683","latitude":"51.55000000","longitude":"-0.21666700","name":"Cricklewood"},{"id":"831017","latitude":"51.70000000","longitude":"0.56666700","name":"Danbury"},{"id":"831059","latitude":"52.05000000","longitude":"-0.85000000","name":"Deanshanger"},{"id":"831067","latitude":"51.95000000","longitude":"0.98333300","name":"Dedham"},{"id":"831093","latitude":"51.68333300","longitude":"0.86666700","name":"Dengie"},{"id":"831103","latitude":"52.05000000","longitude":"-0.85000000","name":"Denshanger"},{"id":"831215","latitude":"52.50000000","longitude":"-2.56666700","name":"Ditton Priors"},{"id":"831247","latitude":"51.55000000","longitude":"-0.23333300","name":"Dollis Hill"},{"id":"831296","latitude":"51.93333300","longitude":"1.30000000","name":"Dovercourt"},{"id":"831486","latitude":"51.88333300","longitude":"0.36666700","name":"Dunmow"},{"id":"831536","latitude":"52.08333300","longitude":"0.15000000","name":"Duxford"},{"id":"831568","latitude":"51.93333300","longitude":"0.70000000","name":"Earls Colne"},{"id":"831595","latitude":"51.63333300","longitude":"-0.15000000","name":"East Barnet"},{"id":"831597","latitude":"51.96666700","longitude":"1.01666700","name":"East Bergholt"},{"id":"831645","latitude":"51.58333300","longitude":"-0.16666700","name":"East Finchley"},{"id":"831662","latitude":"51.66666700","longitude":"0.55000000","name":"East Hanningfield"},{"id":"831674","latitude":"51.56666700","longitude":"0.35000000","name":"East Horndon"},{"id":"831829","latitude":"51.60000000","longitude":"-0.06666700","name":"Edmonton"},{"id":"831930","latitude":"51.91666700","longitude":"0.23333300","name":"Elsenham"},{"id":"831940","latitude":"51.63333300","longitude":"-0.28333300","name":"Elstree"},{"id":"831980","latitude":"51.66666700","longitude":"-0.01666700","name":"Enfield Lock"},{"id":"831995","latitude":"51.70000000","longitude":"0.11666700","name":"Epping"},{"id":"831996","latitude":"51.71666700","longitude":"0.08333300","name":"Epping Green"},{"id":"832020","latitude":"51.95000000","longitude":"1.23333300","name":"Erwarton"},{"id":"832128","latitude":"51.63333300","longitude":"0.68333300","name":"Fambridge"},{"id":"832144","latitude":"52.43333300","longitude":"-2.53333300","name":"Farlow"},{"id":"832176","latitude":"51.81666700","longitude":"0.61666700","name":"Faulkbourne"},{"id":"832198","latitude":"51.85000000","longitude":"0.71666700","name":"Feering"},{"id":"832216","latitude":"51.85000000","longitude":"0.40000000","name":"Felsted"},{"id":"832287","latitude":"51.96666700","longitude":"0.45000000","name":"Finchingfield"},{"id":"832288","latitude":"51.60000000","longitude":"-0.16666700","name":"Finchley"},{"id":"832308","latitude":"51.50000000","longitude":"-0.08333300","name":"Finsbury"},{"id":"832384","latitude":"51.51666700","longitude":"0.48333300","name":"Fobbing"},{"id":"832438","latitude":"51.31666700","longitude":"0.13333300","name":"Fort Halstead"},{"id":"832464","latitude":"51.60000000","longitude":"0.90000000","name":"Foulness"},{"id":"832523","latitude":"51.66666700","longitude":"0.36666700","name":"Freyerning"},{"id":"832527","latitude":"51.61666700","longitude":"0.15000000","name":"Friern Barnet"},{"id":"832533","latitude":"51.83333300","longitude":"1.25000000","name":"Frinton"},{"id":"832534","latitude":"51.83333300","longitude":"1.25000000","name":"Frinton-on-Sea"},{"id":"832590","latitude":"51.73333300","longitude":"0.26666700","name":"Fyfield"},{"id":"832614","latitude":"51.70000000","longitude":"0.46666700","name":"Galleywood"},{"id":"832732","latitude":"52.01666700","longitude":"0.65000000","name":"Gestingthorne"},{"id":"832733","latitude":"52.01666700","longitude":"0.65000000","name":"Gestingthorpe"},{"id":"832898","latitude":"51.56666700","longitude":"-0.21666700","name":"Golders Green"},{"id":"832899","latitude":"51.73333300","longitude":"0.75000000","name":"Goldhanger"},{"id":"832904","latitude":"51.78333300","longitude":"0.35000000","name":"Good Easter"},{"id":"832908","latitude":"51.56666700","longitude":"0.11666700","name":"Goodmayes"},{"id":"832923","latitude":"51.51666700","longitude":"-1.13333300","name":"Goring"},{"id":"832946","latitude":"51.93333300","longitude":"0.58333300","name":"Gosfield"},{"id":"833024","latitude":"51.70000000","longitude":"0.50000000","name":"Great Baddow"},{"id":"833026","latitude":"51.93333300","longitude":"0.48333300","name":"Great Bardfield"},{"id":"833041","latitude":"51.80000000","longitude":"0.70000000","name":"Great Braxted"},{"id":"833042","latitude":"52.11666700","longitude":"0.98333300","name":"Great Bricett"},{"id":"833048","latitude":"51.58333300","longitude":"0.41666700","name":"Great Burstead"},{"id":"833049","latitude":"51.83333300","longitude":"0.31666700","name":"Great Canfield"},{"id":"833053","latitude":"52.06666700","longitude":"0.20000000","name":"Great Chesterford"},{"id":"833056","latitude":"52.03333300","longitude":"0.06666700","name":"Great Chishall"},{"id":"833057","latitude":"51.80000000","longitude":"1.15000000","name":"Great Clacton"},{"id":"833072","latitude":"51.88333300","longitude":"0.36666700","name":"Great Dunmow"},{"id":"833073","latitude":"51.90000000","longitude":"0.33333300","name":"Great Easton"},{"id":"833100","latitude":"51.81666700","longitude":"1.20000000","name":"Great Holland"},{"id":"833101","latitude":"51.93333300","longitude":"0.86666700","name":"Great Horkesley"},{"id":"833111","latitude":"51.81666700","longitude":"0.51666700","name":"Great Leighs"},{"id":"833117","latitude":"51.96666700","longitude":"0.65000000","name":"Great Maplestead"},{"id":"833129","latitude":"51.90000000","longitude":"1.20000000","name":"Great Oakley"},{"id":"833148","latitude":"51.90000000","longitude":"0.46666700","name":"Great Saling"},{"id":"833150","latitude":"51.98333300","longitude":"0.40000000","name":"Great Sampford"},{"id":"833171","latitude":"51.80000000","longitude":"0.70000000","name":"Great Totham"},{"id":"833175","latitude":"51.78333300","longitude":"0.45000000","name":"Great Waltham"},{"id":"833176","latitude":"51.60000000","longitude":"0.28333300","name":"Great Warley Street"},{"id":"833179","latitude":"51.80000000","longitude":"0.85000000","name":"Great Wigborough"},{"id":"833189","latitude":"52.01666700","longitude":"0.56666700","name":"Great Yeldham"},{"id":"833211","latitude":"51.70000000","longitude":"0.20000000","name":"Greensted"},{"id":"833323","latitude":"52.00000000","longitude":"0.31666700","name":"Gwimbach"},{"id":"833356","latitude":"52.05000000","longitude":"0.95000000","name":"Hadleigh"},{"id":"833362","latitude":"52.06666700","longitude":"0.26666700","name":"Hadstock"},{"id":"833406","latitude":"51.31666700","longitude":"0.13333300","name":"Halstead"},{"id":"833407","latitude":"51.31666700","longitude":"0.13333300","name":"Halsted"},{"id":"833447","latitude":"51.55000000","longitude":"-0.18333300","name":"Hampstead"},{"id":"833448","latitude":"51.48333300","longitude":"-1.23333300","name":"Hampstead Norris"},{"id":"833517","latitude":"51.58333300","longitude":"-0.08333300","name":"Haringey"},{"id":"833519","latitude":"51.96666700","longitude":"1.20000000","name":"Harkstead"},{"id":"833523","latitude":"51.53333300","longitude":"-0.25000000","name":"Harlesden"},{"id":"833524","latitude":"51.53333300","longitude":"-0.25000000","name":"Harlesdon"},{"id":"833530","latitude":"51.78333300","longitude":"0.16666700","name":"Harlow"},{"id":"833592","latitude":"51.95000000","longitude":"1.30000000","name":"Harwich"},{"id":"833593","latitude":"51.95000000","longitude":"1.30000000","name":"Harwick"},{"id":"833615","latitude":"51.83333300","longitude":"0.25000000","name":"Hatfield Broad Oak"},{"id":"833617","latitude":"51.80000000","longitude":"0.21666700","name":"Hatfield Heath"},{"id":"833618","latitude":"51.78333300","longitude":"0.60000000","name":"Hatfield Peverel"},{"id":"833666","latitude":"51.58333300","longitude":"0.66666700","name":"Hawkwell"},{"id":"833789","latitude":"52.01666700","longitude":"0.38333300","name":"Hempstead"},{"id":"833809","latitude":"51.93333300","longitude":"0.25000000","name":"Henham"},{"id":"833876","latitude":"51.73333300","longitude":"0.68333300","name":"Heybridge"},{"id":"833877","latitude":"52.05000000","longitude":"0.08333300","name":"Heydon"},{"id":"833892","latitude":"51.96666700","longitude":"0.96666700","name":"Higham"},{"id":"833902","latitude":"51.55000000","longitude":"-0.10000000","name":"Highbury"},{"id":"833908","latitude":"51.80000000","longitude":"0.35000000","name":"High Easter"},{"id":"833917","latitude":"51.55000000","longitude":"-0.15000000","name":"Highgate"},{"id":"833933","latitude":"51.70000000","longitude":"0.26666700","name":"High Ongar"},{"id":"833936","latitude":"51.81666700","longitude":"0.33333300","name":"High Roding"},{"id":"833998","latitude":"52.05000000","longitude":"1.05000000","name":"Hintlesham"},{"id":"834010","latitude":"52.08333300","longitude":"0.18333300","name":"Hinxton"},{"id":"834011","latitude":"52.05000000","longitude":"-0.18333300","name":"Hinxworth"},{"id":"834030","latitude":"51.58333300","longitude":"0.65000000","name":"Hockley"},{"id":"834052","latitude":"51.51666700","longitude":"-0.11666700","name":"Holborn"},{"id":"834055","latitude":"51.98333300","longitude":"1.16666700","name":"Holbrook"},{"id":"834168","latitude":"51.93333300","longitude":"0.86666700","name":"Horkesley"},{"id":"834177","latitude":"51.55000000","longitude":"0.21666700","name":"Hornchurch"},{"id":"834188","latitude":"51.58333300","longitude":"-0.11666700","name":"Hornsey"},{"id":"834261","latitude":"51.53333300","longitude":"-0.08333300","name":"Hoxton"},{"id":"834299","latitude":"52.10000000","longitude":"0.55000000","name":"Hundon"},{"id":"834350","latitude":"51.61666700","longitude":"0.36666700","name":"Hutton"},{"id":"834379","latitude":"52.06666700","longitude":"0.18333300","name":"Ickleton"},{"id":"834436","latitude":"51.66666700","longitude":"0.38333300","name":"Ingatestone"},{"id":"834452","latitude":"51.58333300","longitude":"0.33333300","name":"Ingrave"},{"id":"834532","latitude":"51.81666700","longitude":"0.73333300","name":"Inworth"},{"id":"834536","latitude":"51.55000000","longitude":"-1.08333300","name":"Ipsden"},{"id":"834667","latitude":"52.00000000","longitude":"-0.05000000","name":"Kelshall"},{"id":"834674","latitude":"51.66666700","longitude":"0.28333300","name":"Kelvedon Hatch"},{"id":"834675","latitude":"51.83333300","longitude":"0.71666700","name":"Kelvedon"},{"id":"834715","latitude":"51.58333300","longitude":"-0.30000000","name":"Kenton"},{"id":"835057","latitude":"51.83333300","longitude":"1.23333300","name":"Kirby Cross"},{"id":"835230","latitude":"51.30000000","longitude":"0.10000000","name":"Knockholt"},{"id":"835288","latitude":"51.55000000","longitude":"0.41666700","name":"Laindon Hills"},{"id":"835289","latitude":"51.56666700","longitude":"0.43333300","name":"Laindon"},{"id":"835333","latitude":"51.55000000","longitude":"0.41666700","name":"Langdon Hills"},{"id":"835337","latitude":"51.75000000","longitude":"0.66666700","name":"Langford"},{"id":"835347","latitude":"51.98333300","longitude":"0.10000000","name":"Langley"},{"id":"835409","latitude":"51.66666700","longitude":"0.73333300","name":"Latchingdon and Snoreham"},{"id":"835410","latitude":"51.66666700","longitude":"0.73333300","name":"Latchingdon"},{"id":"835434","latitude":"51.93333300","longitude":"1.03333300","name":"Lawford"},{"id":"835447","latitude":"51.83333300","longitude":"0.85000000","name":"Layer de la Haye"},{"id":"835448","latitude":"51.81666700","longitude":"0.80000000","name":"Layer Marney"},{"id":"835449","latitude":"52.01666700","longitude":"0.96666700","name":"Layham"},{"id":"835591","latitude":"52.00000000","longitude":"1.25000000","name":"Levington"},{"id":"835601","latitude":"51.88333300","longitude":"0.86666700","name":"Lexden"},{"id":"835656","latitude":"51.91666700","longitude":"0.38333300","name":"Lindsell"},{"id":"835712","latitude":"51.73333300","longitude":"0.56666700","name":"Little Baddow"},{"id":"835718","latitude":"51.88333300","longitude":"1.08333300","name":"Little Bentley"},{"id":"835727","latitude":"51.91666700","longitude":"1.05000000","name":"Little Bromley"},{"id":"835729","latitude":"51.56666700","longitude":"0.40000000","name":"Little Burstead"},{"id":"835730","latitude":"52.03333300","longitude":"0.21666700","name":"Littlebury"},{"id":"835732","latitude":"51.85000000","longitude":"0.30000000","name":"Little Canfield"},{"id":"835736","latitude":"52.05000000","longitude":"0.18333300","name":"Little Chesterford"},{"id":"835738","latitude":"51.81666700","longitude":"1.13333300","name":"Little Clacton"},{"id":"835752","latitude":"51.86666700","longitude":"0.40000000","name":"Little Dunmow"},{"id":"835771","latitude":"51.80000000","longitude":"1.20000000","name":"Little Holland"},{"id":"835795","latitude":"51.91666700","longitude":"1.23333300","name":"Little Oakley"},{"id":"835834","latitude":"52.05000000","longitude":"0.25000000","name":"Little Walden"},{"id":"835836","latitude":"51.80000000","longitude":"0.48333300","name":"Little Waltham"},{"id":"835837","latitude":"51.60000000","longitude":"0.31666700","name":"Little Warley"},{"id":"835841","latitude":"51.80000000","longitude":"0.86666700","name":"Little Wigborough"},{"id":"836444","latitude":"51.63333300","longitude":"0.06666700","name":"Loughton"},{"id":"836481","latitude":"51.36666700","longitude":"0.66666700","name":"Lower Halstow"},{"id":"836485","latitude":"51.55000000","longitude":"-0.11666700","name":"Lower Holloway"},{"id":"836517","latitude":"51.46666700","longitude":"0.40000000","name":"Low Street"},{"id":"836686","latitude":"51.58333300","longitude":"-0.18333300","name":"Maida Vale"},{"id":"836701","latitude":"51.71666700","longitude":"0.68333300","name":"Malden"},{"id":"836703","latitude":"51.71666700","longitude":"0.68333300","name":"Maldon"},{"id":"836744","latitude":"51.95000000","longitude":"1.06666700","name":"Manningtree"},{"id":"836764","latitude":"51.96666700","longitude":"0.65000000","name":"Maplestead"},{"id":"836791","latitude":"51.78333300","longitude":"0.31666700","name":"Margaret Roding"},{"id":"836792","latitude":"51.68333300","longitude":"0.41666700","name":"Margaretting"},{"id":"836817","latitude":"51.90000000","longitude":"0.68333300","name":"Markshall"},{"id":"836818","latitude":"51.86666700","longitude":"0.78333300","name":"Marks Tey"},{"id":"836890","latitude":"51.50000000","longitude":"-0.15000000","name":"Marylebone"},{"id":"836897","latitude":"51.78333300","longitude":"0.21666700","name":"Matching"},{"id":"836924","latitude":"51.50000000","longitude":"-0.15000000","name":"Mayfair"},{"id":"836926","latitude":"51.65000000","longitude":"0.78333300","name":"Mayland"},{"id":"837035","latitude":"51.83333300","longitude":"0.75000000","name":"Messing"},{"id":"837132","latitude":"51.91666700","longitude":"0.90000000","name":"Mile End"},{"id":"837143","latitude":"51.61666700","longitude":"-0.21666700","name":"Mil Hill"},{"id":"837151","latitude":"51.61666700","longitude":"-0.21666700","name":"Mill Hill"},{"id":"837225","latitude":"51.93333300","longitude":"1.08333300","name":"Mistley"},{"id":"837341","latitude":"51.73333300","longitude":"0.21666700","name":"Moreton"},{"id":"837399","latitude":"51.53333300","longitude":"-1.15000000","name":"Moulsford"},{"id":"837416","latitude":"51.63333300","longitude":"0.35000000","name":"Mountnessing"},{"id":"837474","latitude":"51.68333300","longitude":"0.71666700","name":"Mundon"},{"id":"837535","latitude":"51.98333300","longitude":"-0.85000000","name":"Nash"},{"id":"837544","latitude":"51.63333300","longitude":"0.23333300","name":"Navestock"},{"id":"837549","latitude":"51.55000000","longitude":"-0.25000000","name":"Neasden"},{"id":"837560","latitude":"52.48333300","longitude":"-2.53333300","name":"Neenton"},{"id":"837602","latitude":"51.58333300","longitude":"0.50000000","name":"Nevendon"},{"id":"837612","latitude":"51.65000000","longitude":"-0.16666700","name":"New Barnet"},{"id":"837699","latitude":"51.35000000","longitude":"0.66666700","name":"Newington"},{"id":"837748","latitude":"51.61666700","longitude":"-0.13333300","name":"New Southgate"},{"id":"837763","latitude":"51.96666700","longitude":"-0.76666700","name":"Newton Longville"},{"id":"837844","latitude":"51.51666700","longitude":"-0.25000000","name":"North Acton"},{"id":"837850","latitude":"51.70000000","longitude":"-0.15000000","name":"Northaw"},{"id":"837870","latitude":"52.48333300","longitude":"-2.56666700","name":"North Cleobury"},{"id":"837892","latitude":"51.63333300","longitude":"0.68333300","name":"North Fambridge"},{"id":"837936","latitude":"51.53333300","longitude":"0.30000000","name":"North Ockendon"},{"id":"837967","latitude":"51.70000000","longitude":"0.16666700","name":"North Weald"},{"id":"837976","latitude":"51.50000000","longitude":"0.06666700","name":"North Woolwich"},{"id":"837987","latitude":"51.71666700","longitude":"0.31666700","name":"Norton Heath"},{"id":"838081","latitude":"52.10000000","longitude":"1.01666700","name":"Offton"},{"id":"838253","latitude":"52.05000000","longitude":"0.55000000","name":"Ovington"},{"id":"838285","latitude":"51.50000000","longitude":"-0.18333300","name":"Paddington"},{"id":"838308","latitude":"51.61666700","longitude":"-0.10000000","name":"Palmers Green"},{"id":"838318","latitude":"51.88333300","longitude":"0.51666700","name":"Panfield"},{"id":"838340","latitude":"51.93333300","longitude":"1.25000000","name":"Parkeston"},{"id":"838360","latitude":"52.03333300","longitude":"-0.85000000","name":"Passenham"},{"id":"838378","latitude":"51.88333300","longitude":"0.65000000","name":"Pattiswick"},{"id":"838523","latitude":"52.50000000","longitude":"-1.90000000","name":"Perry Barr"},{"id":"838612","latitude":"51.55000000","longitude":"0.50000000","name":"Pitsea"},{"id":"838639","latitude":"51.80000000","longitude":"0.41666700","name":"Pleshey"},{"id":"838693","latitude":"51.63333300","longitude":"-0.03333300","name":"Ponders End"},{"id":"838855","latitude":"52.11666700","longitude":"0.58333300","name":"Poslingford"},{"id":"838866","latitude":"51.76666700","longitude":"0.11666700","name":"Potter Street"},{"id":"838918","latitude":"51.56666700","longitude":"-0.30000000","name":"Preston Road"},{"id":"838944","latitude":"51.55000000","longitude":"0.30000000","name":"Puddle Dock"},{"id":"838965","latitude":"51.48333300","longitude":"0.23333300","name":"Purfleet"},{"id":"838967","latitude":"51.66666700","longitude":"0.65000000","name":"Purleigh"},{"id":"839043","latitude":"52.00000000","longitude":"0.33333300","name":"Radwinter"},{"id":"839055","latitude":"51.35000000","longitude":"0.60000000","name":"Rainham"},{"id":"839071","latitude":"51.93333300","longitude":"1.21666700","name":"Ramsey"},{"id":"839128","latitude":"51.60000000","longitude":"0.56666700","name":"Rawreth"},{"id":"839130","latitude":"52.01666700","longitude":"0.98333300","name":"Raydon"},{"id":"839131","latitude":"51.58333300","longitude":"0.61666700","name":"Rayleigh"},{"id":"839132","latitude":"51.86666700","longitude":"0.58333300","name":"Rayne"},{"id":"839171","latitude":"52.00000000","longitude":"-0.01666700","name":"Reed"},{"id":"839199","latitude":"51.65000000","longitude":"0.55000000","name":"Rettendon"},{"id":"839259","latitude":"51.68333300","longitude":"-0.23333300","name":"Ridge"},{"id":"839261","latitude":"52.05000000","longitude":"0.53333300","name":"Ridgewell"},{"id":"839263","latitude":"52.05000000","longitude":"0.53333300","name":"Ridgwell"},{"id":"839266","latitude":"51.33333300","longitude":"0.31666700","name":"Ridley"},{"id":"839284","latitude":"52.13333300","longitude":"0.98333300","name":"Ringshall"},{"id":"839311","latitude":"51.83333300","longitude":"0.66666700","name":"Rivenhall"},{"id":"839333","latitude":"51.58333300","longitude":"0.71666700","name":"Rochford"},{"id":"839480","latitude":"51.75000000","longitude":"0.38333300","name":"Roxwell"},{"id":"839569","latitude":"52.01666700","longitude":"0.25000000","name":"Saffron Walden"},{"id":"839670","latitude":"51.53333300","longitude":"-0.18333300","name":"Saint Johns Wood"},{"id":"839677","latitude":"51.70000000","longitude":"0.81666700","name":"Saint Lawrence"},{"id":"839700","latitude":"51.50000000","longitude":"-0.15000000","name":"Saint Marylebone"},{"id":"839724","latitude":"51.80000000","longitude":"1.08333300","name":"Saint Osyth"},{"id":"839725","latitude":"51.53333300","longitude":"-0.13333300","name":"Saint Pancras"},{"id":"839751","latitude":"51.78333300","longitude":"0.81666700","name":"Salcott"},{"id":"839783","latitude":"52.48333300","longitude":"-1.85000000","name":"Saltley"},{"id":"839820","latitude":"51.98333300","longitude":"-0.06666700","name":"Sandon"},{"id":"840050","latitude":"51.56666700","longitude":"0.10000000","name":"Seven Kings"},{"id":"840070","latitude":"51.93333300","longitude":"0.50000000","name":"Shalford"},{"id":"840105","latitude":"51.80000000","longitude":"0.16666700","name":"Sheering"},{"id":"840115","latitude":"52.00000000","longitude":"0.95000000","name":"Shelley"},{"id":"840117","latitude":"51.51666700","longitude":"0.51666700","name":"Shell Haven"},{"id":"840124","latitude":"51.61666700","longitude":"0.31666700","name":"Shenfield"},{"id":"840126","latitude":"52.00000000","longitude":"-0.76666700","name":"Shenley Brook End"},{"id":"840127","latitude":"52.01666700","longitude":"-0.78333300","name":"Shenley Church End"},{"id":"840128","latitude":"51.68333300","longitude":"-0.26666700","name":"Shenley"},{"id":"840133","latitude":"51.50000000","longitude":"-0.21666700","name":"Shepherds Bush"},{"id":"840135","latitude":"51.50000000","longitude":"-0.21666700","name":"Shephers Bush"},{"id":"840223","latitude":"51.53333300","longitude":"-0.08333300","name":"Shoreditch"},{"id":"840226","latitude":"51.31666700","longitude":"0.18333300","name":"Shoreham"},{"id":"840233","latitude":"51.95000000","longitude":"1.26666700","name":"Shotley Gate"},{"id":"840234","latitude":"51.96666700","longitude":"1.25000000","name":"Shotley"},{"id":"840264","latitude":"51.96666700","longitude":"0.58333300","name":"Sible Hedingham"},{"id":"840301","latitude":"52.41666700","longitude":"-2.56666700","name":"Silvington"},{"id":"840442","latitude":"51.66666700","longitude":"0.73333300","name":"Snoreham"},{"id":"840461","latitude":"52.10000000","longitude":"1.05000000","name":"Somersham"},{"id":"840493","latitude":"51.53333300","longitude":"0.55000000","name":"South Benfleet"},{"id":"840535","latitude":"51.61666700","longitude":"-0.10000000","name":"Southgate"},{"id":"840537","latitude":"51.63333300","longitude":"0.51666700","name":"South Hanningfield"},{"id":"840561","latitude":"51.68333300","longitude":"-0.23333300","name":"South Mimms"},{"id":"840562","latitude":"51.65000000","longitude":"0.83333300","name":"Southminster"},{"id":"840574","latitude":"51.50000000","longitude":"0.30000000","name":"South Ockedon"},{"id":"840575","latitude":"51.50000000","longitude":"0.30000000","name":"South Ockendon"},{"id":"840596","latitude":"51.53333300","longitude":"-1.13333300","name":"South Stoke"},{"id":"840606","latitude":"51.50000000","longitude":"-0.08333300","name":"Southwark"},{"id":"840647","latitude":"51.51666700","longitude":"-0.08333300","name":"Spitalfields"},{"id":"840723","latitude":"52.01666700","longitude":"0.50000000","name":"Stambourne"},{"id":"840741","latitude":"51.66666700","longitude":"0.21666700","name":"Stanford Rivers"},{"id":"840764","latitude":"51.90000000","longitude":"0.20000000","name":"Stansted Mountfitchet"},{"id":"840765","latitude":"51.31666700","longitude":"0.30000000","name":"Stansted"},{"id":"840789","latitude":"51.63333300","longitude":"0.16666700","name":"Stapleford Abbots"},{"id":"840795","latitude":"51.66666700","longitude":"0.16666700","name":"Stapleford Tawney"},{"id":"840827","latitude":"51.88333300","longitude":"0.41666700","name":"Stebbing"},{"id":"840838","latitude":"52.05000000","longitude":"-0.11666700","name":"Steeple Morden"},{"id":"840839","latitude":"51.68333300","longitude":"0.80000000","name":"Steeple"},{"id":"840882","latitude":"51.88333300","longitude":"0.61666700","name":"Stisted"},{"id":"840891","latitude":"51.31666700","longitude":"0.65000000","name":"Stockbury"},{"id":"840904","latitude":"51.65000000","longitude":"0.43333300","name":"Stock"},{"id":"840921","latitude":"52.06666700","longitude":"0.55000000","name":"Stoke by Clare"},{"id":"840943","latitude":"51.56666700","longitude":"-0.08333300","name":"Stoke Newington"},{"id":"840951","latitude":"52.43333300","longitude":"-2.63333300","name":"Stoke Saint Milborough"},{"id":"840957","latitude":"52.06666700","longitude":"0.55000000","name":"Stoke"},{"id":"840971","latitude":"51.61666700","longitude":"-0.28333300","name":"Stone Grove"},{"id":"840993","latitude":"52.05000000","longitude":"-0.85000000","name":"Stony Stratford"},{"id":"841002","latitude":"52.45000000","longitude":"-2.48333300","name":"Stottesden"},{"id":"841077","latitude":"51.51666700","longitude":"-1.15000000","name":"Streatley"},{"id":"841085","latitude":"52.03333300","longitude":"0.16666700","name":"Strethall"},{"id":"841136","latitude":"51.96666700","longitude":"1.15000000","name":"Stutton"},{"id":"841294","latitude":"51.86666700","longitude":"0.25000000","name":"Takeley"},{"id":"841426","latitude":"51.80000000","longitude":"0.55000000","name":"Terling"},{"id":"841453","latitude":"51.48333300","longitude":"0.50000000","name":"Thames Haven"},{"id":"841460","latitude":"51.95000000","longitude":"0.36666700","name":"Thaxted"},{"id":"841472","latitude":"51.58333300","longitude":"-0.25000000","name":"The Hyde"},{"id":"841477","latitude":"52.01666700","longitude":"-0.05000000","name":"Therfield"},{"id":"841484","latitude":"51.66666700","longitude":"0.10000000","name":"Theydon Bois"},{"id":"841550","latitude":"51.85000000","longitude":"1.16666700","name":"Thorpe le Soken"},{"id":"841649","latitude":"51.45000000","longitude":"0.36666700","name":"Tilbury Fort"},{"id":"841650","latitude":"52.03333300","longitude":"0.56666700","name":"Tilbury Juxta Clare"},{"id":"841651","latitude":"51.45000000","longitude":"0.36666700","name":"Tilbury"},{"id":"841658","latitude":"51.68333300","longitude":"0.88333300","name":"Tillingham"},{"id":"841671","latitude":"51.90000000","longitude":"0.31666700","name":"Tilty"},{"id":"841690","latitude":"51.81666700","longitude":"0.75000000","name":"Tiptree"},{"id":"841735","latitude":"51.75000000","longitude":"0.83333300","name":"Tollesbury"},{"id":"841736","latitude":"51.76666700","longitude":"0.80000000","name":"Tolleshunt D'Arcy"},{"id":"841737","latitude":"51.78333300","longitude":"0.78333300","name":"Tolleshunt Knights"},{"id":"841738","latitude":"51.75000000","longitude":"0.76666700","name":"Tolleshunt Major"},{"id":"841765","latitude":"52.00000000","longitude":"0.53333300","name":"Toppesfield"},{"id":"841805","latitude":"51.80000000","longitude":"0.70000000","name":"Totham"},{"id":"841811","latitude":"51.60000000","longitude":"-0.06666700","name":"Tottenham"},{"id":"841812","latitude":"51.63333300","longitude":"-0.20000000","name":"Totteridge"},{"id":"841925","latitude":"51.30000000","longitude":"0.35000000","name":"Trotterscliffe"},{"id":"841953","latitude":"52.48333300","longitude":"-2.65000000","name":"Tugford"},{"id":"842057","latitude":"51.93333300","longitude":"0.21666700","name":"Ugley"},{"id":"842090","latitude":"51.36666700","longitude":"0.65000000","name":"Upchurch"},{"id":"842100","latitude":"51.55000000","longitude":"0.25000000","name":"Upminster"},{"id":"842114","latitude":"51.56666700","longitude":"-0.05000000","name":"Upper Clapton"},{"id":"842130","latitude":"51.56666700","longitude":"-0.13333300","name":"Upper Holloway"},{"id":"842200","latitude":"51.55000000","longitude":"0.46666700","name":"Vange"},{"id":"842224","latitude":"51.78333300","longitude":"0.83333300","name":"Virley"},{"id":"842310","latitude":"51.68333300","longitude":"0.01666700","name":"Waltham Abbey"},{"id":"842312","latitude":"51.68333300","longitude":"0.03333300","name":"Waltham Holy Cross"},{"id":"842328","latitude":"51.85000000","longitude":"1.28333300","name":"Walton-on-the-Naze"},{"id":"842390","latitude":"51.60000000","longitude":"0.28333300","name":"Warley"},{"id":"842461","latitude":"52.11666700","longitude":"0.95000000","name":"Wattisham"},{"id":"842478","latitude":"51.58333300","longitude":"-0.28333300","name":"Wealdstone"},{"id":"842503","latitude":"51.85000000","longitude":"1.11666700","name":"Weeley"},{"id":"842553","latitude":"52.00000000","longitude":"0.31666700","name":"Wenbech"},{"id":"842554","latitude":"52.00000000","longitude":"0.18333300","name":"Wenden Ambo"},{"id":"842555","latitude":"52.00000000","longitude":"0.18333300","name":"Wendens Ambo"},{"id":"842589","latitude":"51.91666700","longitude":"0.83333300","name":"West Bergholt"},{"id":"842678","latitude":"51.65000000","longitude":"0.50000000","name":"West Hanningfield"},{"id":"842724","latitude":"51.76666700","longitude":"0.90000000","name":"West Mersea"},{"id":"842802","latitude":"51.46666700","longitude":"0.25000000","name":"West Thurrock"},{"id":"842803","latitude":"51.45000000","longitude":"0.43333300","name":"West Tilbury"},{"id":"842829","latitude":"51.95000000","longitude":"0.48333300","name":"Wethersfield"},{"id":"842840","latitude":"51.98333300","longitude":"-0.81666700","name":"Whaddon"},{"id":"842854","latitude":"52.06666700","longitude":"0.95000000","name":"Whatfield"},{"id":"842874","latitude":"51.63333300","longitude":"-0.16666700","name":"Whetstone"},{"id":"842920","latitude":"51.83333300","longitude":"0.58333300","name":"White Notley"},{"id":"842922","latitude":"51.80000000","longitude":"0.26666700","name":"White Roding"},{"id":"842991","latitude":"51.60000000","longitude":"0.51666700","name":"Wickford"},{"id":"842992","latitude":"51.78333300","longitude":"0.66666700","name":"Wickham Bishops"},{"id":"843007","latitude":"51.70000000","longitude":"0.45000000","name":"Widford"},{"id":"843051","latitude":"51.55000000","longitude":"-0.21666700","name":"Willesden Green"},{"id":"843052","latitude":"51.53333300","longitude":"-0.23333300","name":"Willesden"},{"id":"843057","latitude":"51.75000000","longitude":"0.31666700","name":"Willingale Doe"},{"id":"843058","latitude":"51.75000000","longitude":"0.31666700","name":"Willingale"},{"id":"843093","latitude":"52.00000000","longitude":"0.31666700","name":"Wimbeis"},{"id":"843094","latitude":"52.00000000","longitude":"0.31666700","name":"Wimbish"},{"id":"843101","latitude":"52.00000000","longitude":"0.31666700","name":"Winbeche"},{"id":"843108","latitude":"51.63333300","longitude":"-0.10000000","name":"Winchmore Hill"},{"id":"843116","latitude":"52.00000000","longitude":"0.31666700","name":"Winebisc"},{"id":"843199","latitude":"51.78333300","longitude":"0.63333300","name":"Witham"},{"id":"843225","latitude":"52.51666700","longitude":"-1.88333300","name":"Witton"},{"id":"843233","latitude":"51.90000000","longitude":"1.15000000","name":"Wix"},{"id":"843256","latitude":"52.05000000","longitude":"-0.81666700","name":"Wolverton"},{"id":"843282","latitude":"51.61666700","longitude":"0.03333300","name":"Woodford Green"},{"id":"843284","latitude":"51.60000000","longitude":"0.01666700","name":"Woodford"},{"id":"843289","latitude":"51.65000000","longitude":"0.60000000","name":"Woodham Ferrers"},{"id":"843290","latitude":"51.70000000","longitude":"0.63333300","name":"Woodham Mortimer"},{"id":"843339","latitude":"52.00000000","longitude":"1.18333300","name":"Woolverstone"},{"id":"843415","latitude":"51.95000000","longitude":"1.16666700","name":"Wrabness"},{"id":"843441","latitude":"51.71666700","longitude":"0.43333300","name":"Writtle"},{"id":"843444","latitude":"51.30000000","longitude":"0.31666700","name":"Wrotham"},{"id":"843469","latitude":"52.00000000","longitude":"0.31666700","name":"Wymbyshe"},{"id":"843520","latitude":"52.01666700","longitude":"0.56666700","name":"Yeldham"}]