[{"id":"822796","latitude":"-1.00000000","longitude":"11.45000000","name":"Aboukoua"},{"id":"822851","latitude":"-1.53333330","longitude":"10.18333330","name":"Agouma"},{"id":"823002","latitude":"-0.93333330","longitude":"11.45000000","name":"Ancien Matica"},{"id":"823004","latitude":"-1.18333330","longitude":"11.60000000","name":"Ancien Mimongo"},{"id":"823054","latitude":"-1.53333330","longitude":"10.18333330","name":"Angouma"},{"id":"823098","latitude":"-1.40000000","longitude":"9.96666670","name":"Assibouka"},{"id":"823171","latitude":"-1.33333330","longitude":"10.83333330","name":"Ayoumba"},{"id":"823172","latitude":"-1.88333330","longitude":"11.23333330","name":"Ayoumbi"},{"id":"823184","latitude":"-0.98333330","longitude":"11.46666670","name":"Babini"},{"id":"823192","latitude":"-1.88333330","longitude":"11.81666670","name":"Bagny"},{"id":"823194","latitude":"-1.61666670","longitude":"10.20000000","name":"Bakal\u00e9"},{"id":"823195","latitude":"-2.31666670","longitude":"12.26666670","name":"Bakamba"},{"id":"823197","latitude":"-2.31666670","longitude":"12.20000000","name":"Balamboula"},{"id":"823201","latitude":"-2.15000000","longitude":"11.88333330","name":"Bama"},{"id":"823202","latitude":"-1.55000000","longitude":"10.61666670","name":"Bambari"},{"id":"823216","latitude":"-2.40000000","longitude":"11.70000000","name":"Bandoungou"},{"id":"823223","latitude":"-2.33333330","longitude":"12.46666670","name":"Banginga"},{"id":"823226","latitude":"-2.43333330","longitude":"11.20000000","name":"Bangola"},{"id":"823227","latitude":"-2.11666670","longitude":"11.73333330","name":"Bangondji"},{"id":"823229","latitude":"-2.18333330","longitude":"12.05000000","name":"Bangondzi-Badouma"},{"id":"823233","latitude":"-1.86666670","longitude":"11.25000000","name":"Bano\u00ef"},{"id":"823234","latitude":"-2.10000000","longitude":"12.18333330","name":"Baposo"},{"id":"823235","latitude":"-2.10000000","longitude":"12.18333330","name":"Baposso"},{"id":"823237","latitude":"-2.10000000","longitude":"12.18333330","name":"Baposso le Petit"},{"id":"823238","latitude":"-2.10000000","longitude":"12.18333330","name":"Baposso le Pointe"},{"id":"823251","latitude":"-1.91666670","longitude":"12.01666670","name":"Bayoukou"},{"id":"823252","latitude":"-1.85000000","longitude":"11.00000000","name":"Beau Village"},{"id":"823283","latitude":"-2.13333330","longitude":"12.31666670","name":"Bengu\u00e9 Mamba"},{"id":"823284","latitude":"-2.13333330","longitude":"12.31666670","name":"Bengu\u00e9-Memba"},{"id":"823295","latitude":"-2.15000000","longitude":"11.50000000","name":"Benza"},{"id":"823296","latitude":"-1.80000000","longitude":"11.00000000","name":"Benz\u00e9"},{"id":"823297","latitude":"-2.03333330","longitude":"11.63333330","name":"Benzo"},{"id":"823301","latitude":"-1.88333330","longitude":"10.66666670","name":"Biamani"},{"id":"823318","latitude":"-1.01666670","longitude":"11.43333330","name":"Bichouin"},{"id":"823348","latitude":"-2.36666670","longitude":"12.06666670","name":"Bilamba"},{"id":"823350","latitude":"-1.75000000","longitude":"10.18333330","name":"Bilanzambi"},{"id":"823352","latitude":"-1.56666670","longitude":"10.06666670","name":"Bilazambi"},{"id":"823358","latitude":"-1.95000000","longitude":"11.46666670","name":"Billengu\u00e9"},{"id":"823359","latitude":"-1.95000000","longitude":"10.63333330","name":"Billengui"},{"id":"823360","latitude":"-1.86666670","longitude":"10.98333330","name":"Billengui I"},{"id":"823361","latitude":"-1.85000000","longitude":"10.96666670","name":"Billengui II"},{"id":"823362","latitude":"-1.83333330","longitude":"10.93333330","name":"Billengui III"},{"id":"823367","latitude":"-2.08333330","longitude":"11.60000000","name":"Bilolo"},{"id":"823373","latitude":"-1.51666670","longitude":"10.33333330","name":"Bimogon"},{"id":"823375","latitude":"-2.31666670","longitude":"11.65000000","name":"Bina-Lttemba"},{"id":"823376","latitude":"-2.15000000","longitude":"12.05000000","name":"Binambi"},{"id":"823379","latitude":"-1.15000000","longitude":"10.70000000","name":"Binda"},{"id":"823381","latitude":"-1.61666670","longitude":"10.21666670","name":"Bind\u00e9li"},{"id":"823391","latitude":"-2.00000000","longitude":"11.08333330","name":"Binienzi"},{"id":"823394","latitude":"-1.13333330","longitude":"10.78333330","name":"Biogou"},{"id":"823439","latitude":"-1.50000000","longitude":"10.20000000","name":"Boali"},{"id":"823446","latitude":"-1.91666670","longitude":"12.20000000","name":"Bola-Pessou"},{"id":"823450","latitude":"-2.31666670","longitude":"12.05000000","name":"Bolobilemb\u00e9"},{"id":"823468","latitude":"-1.51666670","longitude":"10.51666670","name":"Bordou"},{"id":"823471","latitude":"-1.51666670","longitude":"11.81666670","name":"Bouali"},{"id":"823472","latitude":"-1.65000000","longitude":"11.98333330","name":"Bouatou"},{"id":"823473","latitude":"-1.08333330","longitude":"11.25000000","name":"Boubapobo"},{"id":"823474","latitude":"-1.98333330","longitude":"11.81666670","name":"Bouboulou"},{"id":"823476","latitude":"-1.91666670","longitude":"10.65000000","name":"Boucanga"},{"id":"823477","latitude":"-1.13333330","longitude":"11.85000000","name":"Boucimbi"},{"id":"823480","latitude":"-2.01666670","longitude":"11.61666670","name":"Boudianguila"},{"id":"823490","latitude":"-2.11666670","longitude":"11.18333330","name":"Bouhoulou"},{"id":"823493","latitude":"-2.16666670","longitude":"11.51666670","name":"Boukandi"},{"id":"823496","latitude":"-1.41666670","longitude":"10.21666670","name":"Boukou"},{"id":"823497","latitude":"-2.25000000","longitude":"11.90000000","name":"Boulamba"},{"id":"823498","latitude":"-2.30000000","longitude":"11.91666670","name":"Boulamboula"},{"id":"823501","latitude":"-1.43333330","longitude":"12.00000000","name":"Boulembo"},{"id":"823502","latitude":"-1.51666670","longitude":"10.18333330","name":"Boulongo-Bouangani"},{"id":"823503","latitude":"-2.23333330","longitude":"11.80000000","name":"Bouloula"},{"id":"823504","latitude":"-1.91666670","longitude":"11.80000000","name":"Bouloulou"},{"id":"823507","latitude":"-2.35000000","longitude":"12.45000000","name":"Boumaga"},{"id":"823513","latitude":"-2.30000000","longitude":"12.11666670","name":"Boumi"},{"id":"823514","latitude":"-2.35000000","longitude":"12.45000000","name":"Boumiga"},{"id":"823518","latitude":"-1.65000000","longitude":"11.96666670","name":"Boundzoukou"},{"id":"823521","latitude":"-2.23333330","longitude":"11.51666670","name":"Boungolo"},{"id":"823523","latitude":"-1.85000000","longitude":"10.53333330","name":"Boungou"},{"id":"823525","latitude":"-2.16666670","longitude":"11.73333330","name":"Boungoumana"},{"id":"823526","latitude":"-1.51666670","longitude":"10.50000000","name":"Boungounga"},{"id":"823529","latitude":"-2.20000000","longitude":"11.55000000","name":"Bouroumba"},{"id":"823533","latitude":"-1.23333330","longitude":"11.08333330","name":"Boussouka"},{"id":"823536","latitude":"-1.08333330","longitude":"11.25000000","name":"Boutapobo"},{"id":"823539","latitude":"-1.08333330","longitude":"11.25000000","name":"Boutijobo"},{"id":"823540","latitude":"-1.08333330","longitude":"11.25000000","name":"Boutipabo"},{"id":"823541","latitude":"-1.46666670","longitude":"11.88333330","name":"Boutombi"},{"id":"823542","latitude":"-1.46666670","longitude":"11.88333330","name":"Boutomoi"},{"id":"823554","latitude":"-1.86666670","longitude":"12.15000000","name":"Camba Mongo"},{"id":"823555","latitude":"-1.53333330","longitude":"10.55000000","name":"Cameroun"},{"id":"823556","latitude":"-1.41666670","longitude":"11.73333330","name":"Camp de Banga"},{"id":"823557","latitude":"-1.40000000","longitude":"11.71666670","name":"Camp de Doungo"},{"id":"823558","latitude":"-1.50000000","longitude":"11.48333330","name":"Camp de Ekoua"},{"id":"823559","latitude":"-1.45000000","longitude":"11.70000000","name":"Camp de Massima"},{"id":"823560","latitude":"-1.38333330","longitude":"11.68333330","name":"Camp de Moumba"},{"id":"823561","latitude":"-1.46666670","longitude":"11.60000000","name":"Camp de Mouramda"},{"id":"823562","latitude":"-1.51666670","longitude":"11.50000000","name":"Camp de Obaka"},{"id":"823563","latitude":"-1.53333330","longitude":"11.46666670","name":"Camp de Pounga"},{"id":"823566","latitude":"-1.26666670","longitude":"11.75000000","name":"Canda"},{"id":"823575","latitude":"-1.26666670","longitude":"11.30000000","name":"Comi"},{"id":"823584","latitude":"-2.05000000","longitude":"11.61666670","name":"Cougni"},{"id":"823585","latitude":"-1.66666670","longitude":"11.85000000","name":"Cougny"},{"id":"823587","latitude":"-1.20000000","longitude":"10.93333330","name":"Coundou"},{"id":"823588","latitude":"-1.08333330","longitude":"11.21666670","name":"Coungou"},{"id":"823593","latitude":"-1.70000000","longitude":"10.91666670","name":"Dangui"},{"id":"823595","latitude":"-1.53333330","longitude":"10.18333330","name":"Debarcad\u00e8re d'Angouma"},{"id":"823597","latitude":"-1.68333330","longitude":"10.73333330","name":"D\u00e9gueli"},{"id":"823598","latitude":"-2.11666670","longitude":"10.85000000","name":"Degu\u00e9ri"},{"id":"823608","latitude":"-1.96666670","longitude":"11.60000000","name":"Dianga"},{"id":"823609","latitude":"-1.78333330","longitude":"10.40000000","name":"Diangui"},{"id":"823611","latitude":"-2.31666670","longitude":"12.45000000","name":"Dianza"},{"id":"823612","latitude":"-1.53333330","longitude":"11.91666670","name":"Dibagni"},{"id":"823613","latitude":"-1.13333330","longitude":"11.68333330","name":"Dibamba"},{"id":"823614","latitude":"-1.25000000","longitude":"11.73333330","name":"Dibandi"},{"id":"823616","latitude":"-1.53333330","longitude":"10.68333330","name":"Dibimba"},{"id":"823618","latitude":"-1.60000000","longitude":"9.95000000","name":"Dibotin\u00e9fata"},{"id":"823619","latitude":"-1.66666670","longitude":"11.95000000","name":"Dibouangni"},{"id":"823620","latitude":"-2.10000000","longitude":"11.60000000","name":"Dibouangui"},{"id":"823626","latitude":"-2.30000000","longitude":"11.45000000","name":"Diboumba"},{"id":"823629","latitude":"-1.43333330","longitude":"11.76666670","name":"Diboundi"},{"id":"823631","latitude":"-1.56666670","longitude":"10.50000000","name":"Di\u00e9kok\u00e9"},{"id":"823634","latitude":"-1.91666670","longitude":"12.11666670","name":"Diengu\u00e9"},{"id":"823637","latitude":"-2.00000000","longitude":"11.25000000","name":"Digaba"},{"id":"823638","latitude":"-1.86666670","longitude":"11.78333330","name":"Digambo"},{"id":"823640","latitude":"-1.45000000","longitude":"10.58333330","name":"Dign\u00ef\u00e9toumba"},{"id":"823641","latitude":"-1.45000000","longitude":"10.58333330","name":"Digny\u00e9toumba"},{"id":"823645","latitude":"-1.63333330","longitude":"11.88333330","name":"Digoumbi"},{"id":"823647","latitude":"-1.58333330","longitude":"10.10000000","name":"Diguela"},{"id":"823649","latitude":"-1.90000000","longitude":"11.18333330","name":"Dikoka"},{"id":"823650","latitude":"-1.20000000","longitude":"11.63333330","name":"Dikouka"},{"id":"823654","latitude":"-1.95000000","longitude":"11.11666670","name":"Dilalou"},{"id":"823661","latitude":"-2.03333330","longitude":"11.61666670","name":"Dilolo"},{"id":"823662","latitude":"-2.23333330","longitude":"11.61666670","name":"Dimba"},{"id":"823663","latitude":"-1.48333330","longitude":"11.86666670","name":"Dimbou"},{"id":"823665","latitude":"-1.55000000","longitude":"10.16666670","name":"Dimbougui"},{"id":"823666","latitude":"-1.93333330","longitude":"11.00000000","name":"Dimina"},{"id":"823670","latitude":"-2.40000000","longitude":"11.50000000","name":"Diolo"},{"id":"823671","latitude":"-1.60000000","longitude":"10.88333330","name":"Diombi"},{"id":"823672","latitude":"-1.45000000","longitude":"11.93333330","name":"Dipouya"},{"id":"823673","latitude":"-1.65000000","longitude":"11.83333330","name":"Dirembo"},{"id":"823676","latitude":"-1.15000000","longitude":"10.75000000","name":"Dissango"},{"id":"823677","latitude":"-2.00000000","longitude":"10.83333330","name":"Dissegui"},{"id":"823678","latitude":"-1.15000000","longitude":"10.75000000","name":"Dissengo"},{"id":"823679","latitude":"-1.98333330","longitude":"10.83333330","name":"Dissengui"},{"id":"823681","latitude":"-1.15000000","longitude":"10.75000000","name":"Dissingo"},{"id":"823682","latitude":"-1.85000000","longitude":"11.66666670","name":"Ditadi"},{"id":"823684","latitude":"-1.68333330","longitude":"10.73333330","name":"Ditounga"},{"id":"823685","latitude":"-1.16666670","longitude":"10.58333330","name":"Divangui"},{"id":"823689","latitude":"-1.65000000","longitude":"11.81666670","name":"Div\u00e9lo"},{"id":"823690","latitude":"-2.23333330","longitude":"11.28333330","name":"Div\u00e9vi"},{"id":"823694","latitude":"-1.10000000","longitude":"11.71666670","name":"Divinda"},{"id":"823696","latitude":"-1.25000000","longitude":"11.48333330","name":"Divind\u00e9"},{"id":"823699","latitude":"-1.70000000","longitude":"11.88333330","name":"Divolo"},{"id":"823735","latitude":"-1.46666670","longitude":"11.55000000","name":"Dondo"},{"id":"823736","latitude":"-1.20000000","longitude":"11.05000000","name":"Dondo I"},{"id":"823737","latitude":"-1.21666670","longitude":"11.06666670","name":"Dondo Moucoubango"},{"id":"823744","latitude":"-2.26666670","longitude":"11.46666670","name":"Doubagni"},{"id":"823746","latitude":"-1.96666670","longitude":"10.90000000","name":"Doubambi"},{"id":"823747","latitude":"-1.88333330","longitude":"11.06666670","name":"Doubani"},{"id":"823748","latitude":"-1.65000000","longitude":"11.75000000","name":"Doubi"},{"id":"823755","latitude":"-2.10000000","longitude":"10.91666670","name":"Dougayi"},{"id":"823759","latitude":"-2.13333330","longitude":"11.18333330","name":"Doukanga"},{"id":"823778","latitude":"-2.63333330","longitude":"11.63333330","name":"Doussala"},{"id":"823787","latitude":"-1.33333330","longitude":"11.80000000","name":"Dyanga"},{"id":"823788","latitude":"-2.31666670","longitude":"12.45000000","name":"Dyanza"},{"id":"823790","latitude":"-1.91666670","longitude":"12.11666670","name":"Dyengu\u00e9"},{"id":"823792","latitude":"-1.96666670","longitude":"12.25000000","name":"Dyenza"},{"id":"823793","latitude":"-1.96666670","longitude":"12.25000000","name":"Dyenz\u00e9"},{"id":"823802","latitude":"-1.58333330","longitude":"11.58333330","name":"Ebando"},{"id":"823833","latitude":"-1.25000000","longitude":"11.51666670","name":"Eboundji"},{"id":"823839","latitude":"-1.35000000","longitude":"11.31666670","name":"E\u00e7oukou"},{"id":"823855","latitude":"-1.88333330","longitude":"11.25000000","name":"Egmounga"},{"id":"823856","latitude":"-1.58333330","longitude":"10.88333330","name":"Egnounga"},{"id":"823858","latitude":"-1.81666670","longitude":"11.50000000","name":"Egoumbi"},{"id":"823869","latitude":"-1.51666670","longitude":"11.78333330","name":"Ekeka"},{"id":"823870","latitude":"-1.18333330","longitude":"11.08333330","name":"Ek\u00e9ngue"},{"id":"823872","latitude":"-1.06666670","longitude":"11.73333330","name":"Ekika"},{"id":"823974","latitude":"-1.35000000","longitude":"11.31666670","name":"Essoukou"},{"id":"823976","latitude":"-1.76666670","longitude":"11.53333330","name":"Etaba"},{"id":"823985","latitude":"-1.48333330","longitude":"11.58333330","name":"\u00c9t\u00e9k\u00e9"},{"id":"823989","latitude":"-1.30000000","longitude":"11.61666670","name":"\u00c9toughi"},{"id":"824010","latitude":"-1.11666670","longitude":"11.70000000","name":"Evouta"},{"id":"824011","latitude":"-1.25000000","longitude":"11.31666670","name":"Evouta II"},{"id":"824023","latitude":"-1.28333330","longitude":"11.43333330","name":"Eya Nioy"},{"id":"824030","latitude":"-1.28333330","longitude":"11.45000000","name":"Eyoumbi"},{"id":"824035","latitude":"-0.95000000","longitude":"10.61666670","name":"Fala"},{"id":"824040","latitude":"-2.30000000","longitude":"11.31666670","name":"Fera"},{"id":"824052","latitude":"-2.18333330","longitude":"11.11666670","name":"Fouelou"},{"id":"824053","latitude":"-1.21666670","longitude":"10.60000000","name":"Fougamou"},{"id":"824070","latitude":"-1.11666670","longitude":"10.63333330","name":"Fouramouanga"},{"id":"824071","latitude":"-2.20000000","longitude":"11.53333330","name":"Fouroumanga"},{"id":"824075","latitude":"-1.08333330","longitude":"10.80000000","name":"Galoua"},{"id":"824080","latitude":"-1.21666670","longitude":"11.26666670","name":"Gh\u00e9bida"},{"id":"824081","latitude":"-1.21666670","longitude":"11.26666670","name":"Gh\u00e8diba"},{"id":"824082","latitude":"-1.20000000","longitude":"10.68333330","name":"Gikiba"},{"id":"824087","latitude":"-1.45000000","longitude":"11.16666670","name":"Gnyoungou"},{"id":"824096","latitude":"-2.10000000","longitude":"10.55000000","name":"Goulouga\u00ef"},{"id":"824103","latitude":"-1.45000000","longitude":"11.70000000","name":"Grand Mobigou"},{"id":"824107","latitude":"-1.05000000","longitude":"11.38333330","name":"Guiabeta"},{"id":"824108","latitude":"-1.21666670","longitude":"11.26666670","name":"Guidiba"},{"id":"824109","latitude":"-1.61666670","longitude":"10.68333330","name":"Guidouma"},{"id":"824111","latitude":"-2.35000000","longitude":"11.68333330","name":"Guilingono"},{"id":"824112","latitude":"-1.63333330","longitude":"10.26666670","name":"Guisse"},{"id":"824117","latitude":"-1.65000000","longitude":"11.76666670","name":"Ibaga"},{"id":"824120","latitude":"-2.23333330","longitude":"11.11666670","name":"Ibamba"},{"id":"824126","latitude":"-1.88333330","longitude":"11.65000000","name":"Ibembo"},{"id":"824130","latitude":"-1.45000000","longitude":"11.95000000","name":"Iboundji"},{"id":"824131","latitude":"-1.90000000","longitude":"11.16666670","name":"Icoumba"},{"id":"824133","latitude":"-1.36666670","longitude":"11.78333330","name":"Idema"},{"id":"824134","latitude":"-1.36666670","longitude":"11.78333330","name":"Idemba"},{"id":"824136","latitude":"-1.56666670","longitude":"11.58333330","name":"Idemba I"},{"id":"824137","latitude":"-1.56666670","longitude":"11.58333330","name":"Idemba II"},{"id":"824138","latitude":"-2.21666670","longitude":"11.68333330","name":"Idemb\u00e9"},{"id":"824140","latitude":"-2.01666670","longitude":"11.56666670","name":"Idiata"},{"id":"824145","latitude":"-1.90000000","longitude":"10.93333330","name":"Idouma"},{"id":"824146","latitude":"-1.38333330","longitude":"10.61666670","name":"Idoumi"},{"id":"824147","latitude":"-2.00000000","longitude":"11.58333330","name":"Idounda"},{"id":"824152","latitude":"-1.43333330","longitude":"10.20000000","name":"Igolani"},{"id":"824153","latitude":"-1.66666670","longitude":"11.55000000","name":"Igouba"},{"id":"824154","latitude":"-2.38333330","longitude":"11.23333330","name":"Igoudi"},{"id":"824157","latitude":"-1.90000000","longitude":"11.08333330","name":"Igouna"},{"id":"824163","latitude":"-1.01666670","longitude":"11.75000000","name":"Ikembel\u00e9"},{"id":"824170","latitude":"-1.66666670","longitude":"11.88333330","name":"Ikika"},{"id":"824173","latitude":"-2.26666670","longitude":"11.63333330","name":"Ikone"},{"id":"824176","latitude":"-2.11666670","longitude":"11.50000000","name":"Ikouka"},{"id":"824178","latitude":"-2.21666670","longitude":"11.58333330","name":"Ikoya"},{"id":"824179","latitude":"-2.26666670","longitude":"11.30000000","name":"Ilala"},{"id":"824182","latitude":"-2.45000000","longitude":"11.33333330","name":"Ilelo"},{"id":"824183","latitude":"-1.96666670","longitude":"11.13333330","name":"Ilendo"},{"id":"824185","latitude":"-2.13333330","longitude":"10.86666670","name":"Ilendou"},{"id":"824186","latitude":"-2.26666670","longitude":"11.30000000","name":"Illala"},{"id":"824196","latitude":"-1.58333330","longitude":"11.95000000","name":"Im\u00e9no"},{"id":"824198","latitude":"-1.70000000","longitude":"11.88333330","name":"Im\u00e9no-Mbila"},{"id":"824200","latitude":"-1.71666670","longitude":"10.35000000","name":"Inanga"},{"id":"824203","latitude":"-1.01666670","longitude":"11.33333330","name":"Indamba"},{"id":"824204","latitude":"-1.13333330","longitude":"10.73333330","name":"Ind\u00e9nd\u00e9"},{"id":"824205","latitude":"-1.20000000","longitude":"11.68333330","name":"Indimba"},{"id":"824219","latitude":"-2.31666670","longitude":"11.85000000","name":"Ingounda"},{"id":"824221","latitude":"-2.63333330","longitude":"11.61666670","name":"Inguel\u00e9"},{"id":"824222","latitude":"-1.70000000","longitude":"10.30000000","name":"Iniounga"},{"id":"824234","latitude":"-2.05000000","longitude":"12.46666670","name":"Iouatsi"},{"id":"824235","latitude":"-1.91666670","longitude":"11.46666670","name":"Ipamboua"},{"id":"824239","latitude":"-1.55000000","longitude":"11.88333330","name":"Ipoungou"},{"id":"824241","latitude":"-2.61666670","longitude":"11.63333330","name":"Irandou"},{"id":"824243","latitude":"-2.58333330","longitude":"11.61666670","name":"Irendi"},{"id":"824246","latitude":"-2.38333330","longitude":"11.41666670","name":"Irogo"},{"id":"824247","latitude":"-2.23333330","longitude":"11.45000000","name":"Irougou"},{"id":"824254","latitude":"-2.01666670","longitude":"11.68333330","name":"Issala"},{"id":"824256","latitude":"-1.85000000","longitude":"11.85000000","name":"Issiamboula"},{"id":"824257","latitude":"-2.36666670","longitude":"11.68333330","name":"Issiapi"},{"id":"824262","latitude":"-1.70000000","longitude":"11.43333330","name":"Issinga"},{"id":"824268","latitude":"-2.11666670","longitude":"11.50000000","name":"Itaba"},{"id":"824269","latitude":"-1.90000000","longitude":"10.83333330","name":"Itala"},{"id":"824271","latitude":"-2.01666670","longitude":"12.03333330","name":"Itava"},{"id":"824276","latitude":"-2.18333330","longitude":"11.51666670","name":"Itogo"},{"id":"824278","latitude":"-1.30000000","longitude":"11.61666670","name":"Itoughi"},{"id":"824279","latitude":"-2.00000000","longitude":"11.50000000","name":"Itougou"},{"id":"824280","latitude":"-1.75000000","longitude":"11.55000000","name":"Itougui"},{"id":"824281","latitude":"-1.61666670","longitude":"11.73333330","name":"Itsanga"},{"id":"824282","latitude":"-1.63333330","longitude":"11.75000000","name":"Itsango"},{"id":"824283","latitude":"-1.71666670","longitude":"11.56666670","name":"Itsigou"},{"id":"824284","latitude":"-2.21666670","longitude":"11.83333330","name":"Itsila"},{"id":"824286","latitude":"-1.53333330","longitude":"9.98333330","name":"Ivanga"},{"id":"824291","latitude":"-1.11666670","longitude":"11.70000000","name":"Ivouta"},{"id":"824292","latitude":"-1.25000000","longitude":"11.10000000","name":"Ivouti"},{"id":"824308","latitude":"-2.40000000","longitude":"11.35000000","name":"Kaga II"},{"id":"824309","latitude":"-2.41666670","longitude":"11.35000000","name":"Kaga I"},{"id":"824314","latitude":"-0.95000000","longitude":"10.61666670","name":"Kalingou\u00e9"},{"id":"824315","latitude":"-0.71666670","longitude":"11.81666670","name":"Kamal\u00e9t\u00e9"},{"id":"824316","latitude":"-2.35000000","longitude":"11.35000000","name":"Kamba I"},{"id":"824317","latitude":"-2.25000000","longitude":"11.45000000","name":"Kamba"},{"id":"824322","latitude":"-1.46666670","longitude":"11.93333330","name":"Kanda"},{"id":"824328","latitude":"-2.30000000","longitude":"11.61666670","name":"Kanga"},{"id":"824343","latitude":"-1.98333330","longitude":"10.61666670","name":"K\u00e9di"},{"id":"824350","latitude":"-1.68333330","longitude":"11.45000000","name":"Kemb\u00e9l\u00e9"},{"id":"824355","latitude":"-0.98333330","longitude":"10.50000000","name":"Kenibe\u00ef"},{"id":"824357","latitude":"-1.93333330","longitude":"11.48333330","name":"Kenz\u00e9"},{"id":"824358","latitude":"-2.06666670","longitude":"11.71666670","name":"Kenzo"},{"id":"824361","latitude":"-1.98333330","longitude":"11.03333330","name":"Keri II"},{"id":"824362","latitude":"-1.95000000","longitude":"11.01666670","name":"Keri I"},{"id":"824364","latitude":"-1.95000000","longitude":"11.01666670","name":"Keri"},{"id":"824374","latitude":"-1.63333330","longitude":"10.15000000","name":"Kiagui"},{"id":"824376","latitude":"-1.68333330","longitude":"11.45000000","name":"Kimb\u00e9l\u00e9"},{"id":"824383","latitude":"-1.70000000","longitude":"10.75000000","name":"Kokolo"},{"id":"824385","latitude":"-2.06666670","longitude":"11.00000000","name":"Koko Maguema"},{"id":"824387","latitude":"-0.91666670","longitude":"10.60000000","name":"Kolimboung"},{"id":"824390","latitude":"-2.06666670","longitude":"11.15000000","name":"Koma"},{"id":"824392","latitude":"-1.60000000","longitude":"9.90000000","name":"Kombitoumba"},{"id":"824394","latitude":"-1.05000000","longitude":"10.80000000","name":"Komi"},{"id":"824399","latitude":"-2.21666670","longitude":"11.60000000","name":"Kondiri"},{"id":"824410","latitude":"-2.10000000","longitude":"11.91666670","name":"Kotto"},{"id":"824413","latitude":"-2.23333330","longitude":"11.50000000","name":"Kouagna"},{"id":"824419","latitude":"-2.06666670","longitude":"11.13333330","name":"Kouangou"},{"id":"824424","latitude":"-2.45000000","longitude":"11.53333330","name":"Kougouri"},{"id":"824431","latitude":"-1.78333330","longitude":"12.00000000","name":"Koumala"},{"id":"824439","latitude":"-1.80000000","longitude":"11.98333330","name":"Koumba"},{"id":"824440","latitude":"-2.10000000","longitude":"10.63333330","name":"Koumbanou"},{"id":"824451","latitude":"-1.20000000","longitude":"10.93333330","name":"Koundou"},{"id":"824453","latitude":"-1.08333330","longitude":"11.21666670","name":"Koungou"},{"id":"824455","latitude":"-1.53333330","longitude":"10.26666670","name":"Kouroussou"},{"id":"824456","latitude":"-2.40000000","longitude":"12.25000000","name":"Kousou"},{"id":"824458","latitude":"-2.38333330","longitude":"11.75000000","name":"Kouya"},{"id":"824460","latitude":"-1.53333330","longitude":"10.26666670","name":"Kroussou"},{"id":"824462","latitude":"-2.31666670","longitude":"11.75000000","name":"Kwangou"},{"id":"824470","latitude":"-1.10000000","longitude":"11.73333330","name":"Lambar\u00e9n\u00e9"},{"id":"824483","latitude":"-1.46666670","longitude":"10.66666670","name":"Latanda"},{"id":"824485","latitude":"-1.80000000","longitude":"11.93333330","name":"L\u00e9bagni"},{"id":"824487","latitude":"-1.80000000","longitude":"11.93333330","name":"Lebagny"},{"id":"824491","latitude":"-2.33333330","longitude":"11.90000000","name":"Leba"},{"id":"824492","latitude":"-2.20000000","longitude":"11.50000000","name":"L\u00e9bamba"},{"id":"824493","latitude":"-2.41666670","longitude":"12.06666670","name":"Lebasa"},{"id":"824494","latitude":"-2.41666670","longitude":"12.06666670","name":"Lebassa"},{"id":"824501","latitude":"-2.06666670","longitude":"11.85000000","name":"Lebengo"},{"id":"824512","latitude":"-2.18333330","longitude":"11.85000000","name":"Legala"},{"id":"824516","latitude":"-1.98333330","longitude":"12.31666670","name":"Lekala"},{"id":"824526","latitude":"-1.00000000","longitude":"10.65000000","name":"L\u00e9kengu\u00e9"},{"id":"824528","latitude":"-2.30000000","longitude":"11.61666670","name":"Lekimbou"},{"id":"824529","latitude":"-2.28333330","longitude":"11.80000000","name":"Lekindou"},{"id":"824538","latitude":"-2.05000000","longitude":"12.15000000","name":"Lelend\u00e9"},{"id":"824539","latitude":"-2.16666670","longitude":"11.85000000","name":"Lelongo"},{"id":"824541","latitude":"-2.13333330","longitude":"12.31666670","name":"L\u00e9manga"},{"id":"824542","latitude":"-2.00000000","longitude":"12.31666670","name":"Lemba"},{"id":"824543","latitude":"-2.31666670","longitude":"11.15000000","name":"Lembayoungou"},{"id":"824545","latitude":"-1.40000000","longitude":"10.20000000","name":"Lembodouma"},{"id":"824546","latitude":"-1.70000000","longitude":"10.76666670","name":"Lemboudouma"},{"id":"824547","latitude":"-2.20000000","longitude":"11.55000000","name":"Lemboumbou"},{"id":"824549","latitude":"-2.13333330","longitude":"12.31666670","name":"Lemenga"},{"id":"824551","latitude":"-2.36666670","longitude":"11.75000000","name":"Lendabengui"},{"id":"824560","latitude":"-2.05000000","longitude":"11.63333330","name":"Lenzongo"},{"id":"824564","latitude":"-2.18333330","longitude":"12.21666670","name":"L\u00e9p\u00e9p\u00e9"},{"id":"824568","latitude":"-1.88333330","longitude":"11.93333330","name":"Lessabou"},{"id":"824571","latitude":"-2.15000000","longitude":"11.68333330","name":"Letemb\u00e9"},{"id":"824574","latitude":"-2.33333330","longitude":"11.65000000","name":"Levama"},{"id":"824576","latitude":"-1.76666670","longitude":"11.90000000","name":"Levayou"},{"id":"824577","latitude":"-2.11666670","longitude":"11.61666670","name":"Leveve"},{"id":"824579","latitude":"-1.96666670","longitude":"12.25000000","name":"Levinda"},{"id":"824584","latitude":"-2.15000000","longitude":"12.23333330","name":"Leyounga"},{"id":"824590","latitude":"-2.06666670","longitude":"11.85000000","name":"Libengo"},{"id":"824598","latitude":"-0.96666670","longitude":"11.48333330","name":"Lidiembo"},{"id":"824599","latitude":"-0.96666670","longitude":"11.48333330","name":"Lidyembo"},{"id":"824601","latitude":"-2.13333330","longitude":"10.83333330","name":"Liembo Douma"},{"id":"824606","latitude":"-0.90000000","longitude":"10.60000000","name":"Likila"},{"id":"824610","latitude":"-2.08333330","longitude":"11.91666670","name":"Likoye"},{"id":"824618","latitude":"-1.90000000","longitude":"11.88333330","name":"Lingoye"},{"id":"824627","latitude":"-2.38333330","longitude":"11.36666670","name":"Litouga"},{"id":"824630","latitude":"-1.90000000","longitude":"11.93333330","name":"Livikou"},{"id":"824641","latitude":"-1.98333330","longitude":"11.16666670","name":"Louango"},{"id":"824644","latitude":"-2.23333330","longitude":"11.88333330","name":"Louba"},{"id":"824646","latitude":"-2.41666670","longitude":"12.06666670","name":"Loubasa"},{"id":"824648","latitude":"-1.96666670","longitude":"11.15000000","name":"Loukaba"},{"id":"824649","latitude":"-2.21666670","longitude":"11.58333330","name":"Loukila"},{"id":"824650","latitude":"-1.91666670","longitude":"11.80000000","name":"Loulou"},{"id":"824651","latitude":"-1.13333330","longitude":"11.55000000","name":"Lounalou"},{"id":"824652","latitude":"-2.15000000","longitude":"11.75000000","name":"Loundzou"},{"id":"824655","latitude":"-2.15000000","longitude":"11.75000000","name":"Lounzou"},{"id":"824657","latitude":"-1.98333330","longitude":"11.31666670","name":"Lvouta"},{"id":"824663","latitude":"-2.45000000","longitude":"11.26666670","name":"Mabanga"},{"id":"824667","latitude":"-1.38333330","longitude":"11.78333330","name":"Mabangui"},{"id":"824673","latitude":"-1.95000000","longitude":"10.96666670","name":"Mabengo"},{"id":"824675","latitude":"-1.51666670","longitude":"10.46666670","name":"Mabey"},{"id":"824692","latitude":"-1.93333330","longitude":"10.96666670","name":"Macanda"},{"id":"824697","latitude":"-1.96666670","longitude":"11.91666670","name":"Macouti"},{"id":"824700","latitude":"-1.38333330","longitude":"11.63333330","name":"Ma\u00e7wi"},{"id":"824702","latitude":"-1.21666670","longitude":"10.61666670","name":"Madangou"},{"id":"824709","latitude":"-2.25000000","longitude":"12.35000000","name":"Madiba"},{"id":"824710","latitude":"-1.58333330","longitude":"10.05000000","name":"Madiela"},{"id":"824712","latitude":"-2.15000000","longitude":"11.61666670","name":"Madioumba"},{"id":"824725","latitude":"-2.56666670","longitude":"11.60000000","name":"Magabiga"},{"id":"824728","latitude":"-1.65000000","longitude":"11.65000000","name":"Magagana"},{"id":"824739","latitude":"-2.15000000","longitude":"11.61666670","name":"Magouanga"},{"id":"824741","latitude":"-1.55000000","longitude":"11.73333330","name":"Magounga"},{"id":"824743","latitude":"-2.31666670","longitude":"11.41666670","name":"Magueni"},{"id":"824744","latitude":"-2.30000000","longitude":"11.46666670","name":"Maguidou"},{"id":"824750","latitude":"-2.20000000","longitude":"11.56666670","name":"Mahounda"},{"id":"824752","latitude":"-2.33333330","longitude":"11.33333330","name":"Mahounga"},{"id":"824755","latitude":"-2.25000000","longitude":"11.45000000","name":"Makabana"},{"id":"824762","latitude":"-1.43333330","longitude":"10.20000000","name":"Makana"},{"id":"824765","latitude":"-1.93333330","longitude":"10.96666670","name":"Makanda"},{"id":"824770","latitude":"-1.91666670","longitude":"11.48333330","name":"Makangonio"},{"id":"824775","latitude":"-2.10000000","longitude":"11.88333330","name":"Makegni"},{"id":"824784","latitude":"-2.21666670","longitude":"11.50000000","name":"Makombo"},{"id":"824785","latitude":"-2.30000000","longitude":"11.76666670","name":"Makondzi"},{"id":"824790","latitude":"-1.91666670","longitude":"11.10000000","name":"Malaba"},{"id":"824795","latitude":"-2.38333330","longitude":"12.25000000","name":"Malanga"},{"id":"824810","latitude":"-2.20000000","longitude":"11.88333330","name":"Malessi"},{"id":"824812","latitude":"-1.73333330","longitude":"10.81666670","name":"Malimba"},{"id":"824814","latitude":"-2.41666670","longitude":"12.23333330","name":"Malinga"},{"id":"824821","latitude":"-1.51666670","longitude":"10.46666670","name":"Malongo-Mob\u00e9i"},{"id":"824822","latitude":"-1.13333330","longitude":"11.85000000","name":"Mamagnia"},{"id":"824823","latitude":"-1.26666670","longitude":"11.80000000","name":"Mamania"},{"id":"824824","latitude":"-2.05000000","longitude":"12.13333330","name":"Mamaososi"},{"id":"824827","latitude":"-1.60000000","longitude":"10.11666670","name":"Mambi"},{"id":"824828","latitude":"-1.35000000","longitude":"10.23333330","name":"Mamboukou"},{"id":"824829","latitude":"-1.98333330","longitude":"12.31666670","name":"Mambounga"},{"id":"824830","latitude":"-1.93333330","longitude":"11.93333330","name":"Mamboungou"},{"id":"824837","latitude":"-1.98333330","longitude":"12.31666670","name":"Manbounga"},{"id":"824839","latitude":"-1.28333330","longitude":"10.61666670","name":"Mandilou"},{"id":"824840","latitude":"-1.26666670","longitude":"10.98333330","name":"Mandi"},{"id":"824841","latitude":"-1.60000000","longitude":"10.43333330","name":"Mandji-Kili"},{"id":"824843","latitude":"-1.41666670","longitude":"10.63333330","name":"Mandji"},{"id":"824849","latitude":"-2.03333330","longitude":"12.33333330","name":"Mandzi"},{"id":"824857","latitude":"-2.06666670","longitude":"12.33333330","name":"Mangoubou"},{"id":"824858","latitude":"-1.63333330","longitude":"9.88333330","name":"Mangoumbou I"},{"id":"824873","latitude":"-2.21666670","longitude":"11.50000000","name":"Mapanga"},{"id":"824881","latitude":"-1.98333330","longitude":"11.71666670","name":"Maremba"},{"id":"824883","latitude":"-1.38333330","longitude":"11.63333330","name":"Masoui"},{"id":"824891","latitude":"-1.68333330","longitude":"10.16666670","name":"Massana"},{"id":"824892","latitude":"-1.76666670","longitude":"11.81666670","name":"Massandz\u00e9"},{"id":"824900","latitude":"-2.13333330","longitude":"10.85000000","name":"Massaya"},{"id":"824903","latitude":"-2.03333330","longitude":"11.51666670","name":"Massegu\u00e9"},{"id":"824906","latitude":"-1.68333330","longitude":"11.93333330","name":"Massendjo"},{"id":"824913","latitude":"-1.81666670","longitude":"11.51666670","name":"Massika"},{"id":"824914","latitude":"-1.45000000","longitude":"11.70000000","name":"Massima"},{"id":"824917","latitude":"-1.45000000","longitude":"10.23333330","name":"Massimbou"},{"id":"824924","latitude":"-1.61666670","longitude":"9.93333330","name":"Massouka"},{"id":"824929","latitude":"-2.36666670","longitude":"11.73333330","name":"Matembel\u00e9"},{"id":"824932","latitude":"-0.93333330","longitude":"11.45000000","name":"Matica"},{"id":"824942","latitude":"-2.28333330","longitude":"11.88333330","name":"Matsingou"},{"id":"824943","latitude":"-2.03333330","longitude":"11.91666670","name":"Matsioumba"},{"id":"824945","latitude":"-1.28333330","longitude":"11.30000000","name":"Mavaco"},{"id":"824949","latitude":"-2.40000000","longitude":"11.41666670","name":"Mavoula"},{"id":"824951","latitude":"-1.56666670","longitude":"10.03333330","name":"Mavou"},{"id":"824956","latitude":"-1.68333330","longitude":"11.85000000","name":"Mayani"},{"id":"824969","latitude":"-2.23333330","longitude":"11.46666670","name":"Mayenga"},{"id":"824973","latitude":"-1.28333330","longitude":"11.81666670","name":"Mayengu\u00e9"},{"id":"824979","latitude":"-2.31666670","longitude":"11.90000000","name":"Mayumba et Leb\u00e9"},{"id":"824981","latitude":"-2.40000000","longitude":"12.23333330","name":"Mazinga"},{"id":"824982","latitude":"-1.16666670","longitude":"10.91666670","name":"Mbadi"},{"id":"824987","latitude":"-1.90000000","longitude":"11.96666670","name":"Mbama"},{"id":"824988","latitude":"-2.15000000","longitude":"11.88333330","name":"M'Bama"},{"id":"824995","latitude":"-1.91666670","longitude":"11.48333330","name":"Mbaya"},{"id":"825005","latitude":"-2.03333330","longitude":"11.11666670","name":"Mbengu\u00e9"},{"id":"825014","latitude":"-1.63333330","longitude":"10.70000000","name":"Mbigou"},{"id":"825015","latitude":"-1.88333330","longitude":"11.93333330","name":"M'bigou"},{"id":"825016","latitude":"-1.88333330","longitude":"11.93333330","name":"Mbigou"},{"id":"825018","latitude":"-1.56666670","longitude":"10.06666670","name":"Mbila Nzambi"},{"id":"825020","latitude":"-1.95000000","longitude":"11.78333330","name":"Mbimba"},{"id":"825021","latitude":"-2.31666670","longitude":"11.65000000","name":"Mbina Letembe"},{"id":"825024","latitude":"-1.93333330","longitude":"11.81666670","name":"Mbinga"},{"id":"825033","latitude":"-2.05000000","longitude":"11.73333330","name":"Mbojo"},{"id":"825063","latitude":"-2.25000000","longitude":"11.45000000","name":"Mbouda II"},{"id":"825064","latitude":"-2.28333330","longitude":"11.60000000","name":"Mbouda"},{"id":"825068","latitude":"-1.71666670","longitude":"10.80000000","name":"Mboukou"},{"id":"825077","latitude":"-2.08333330","longitude":"11.15000000","name":"Mboungou"},{"id":"825141","latitude":"-1.68333330","longitude":"10.40000000","name":"M\u00e8li"},{"id":"825144","latitude":"-1.31666670","longitude":"11.33333330","name":"Memba"},{"id":"825169","latitude":"-1.58333330","longitude":"10.13333330","name":"Messana"},{"id":"825205","latitude":"-1.73333330","longitude":"11.90000000","name":"Mfoubou"},{"id":"825228","latitude":"-2.26666670","longitude":"11.91666670","name":"Mibouka"},{"id":"825230","latitude":"-2.10000000","longitude":"11.78333330","name":"Micouma"},{"id":"825239","latitude":"-2.13333330","longitude":"10.81666670","name":"Migola"},{"id":"825242","latitude":"-2.31666670","longitude":"11.33333330","name":"Mihoumbi"},{"id":"825246","latitude":"-1.65000000","longitude":"11.60000000","name":"Mikengu\u00e9"},{"id":"825248","latitude":"-2.35000000","longitude":"11.53333330","name":"Mikidou"},{"id":"825255","latitude":"-1.91666670","longitude":"12.21666670","name":"Mikouandza II"},{"id":"825256","latitude":"-1.95000000","longitude":"12.23333330","name":"Mikouandza le Petit"},{"id":"825258","latitude":"-1.76666670","longitude":"12.03333330","name":"Mikouma"},{"id":"825260","latitude":"-1.76666670","longitude":"12.03333330","name":"Mikoumou"},{"id":"825267","latitude":"-1.18333330","longitude":"11.60000000","name":"Mimango"},{"id":"825270","latitude":"-2.00000000","longitude":"11.56666670","name":"Mimba"},{"id":"825271","latitude":"-0.93333330","longitude":"10.60000000","name":"Mimbanda"},{"id":"825276","latitude":"-1.63333330","longitude":"11.65000000","name":"Mimongo"},{"id":"825282","latitude":"-2.30000000","longitude":"11.43333330","name":"Mindala"},{"id":"825292","latitude":"-2.46666670","longitude":"11.33333330","name":"Minganga"},{"id":"825294","latitude":"-2.11666670","longitude":"10.90000000","name":"Mingola"},{"id":"825309","latitude":"-1.91666670","longitude":"11.46666670","name":"Miongo"},{"id":"825316","latitude":"-2.36666670","longitude":"12.40000000","name":"Misonyi"},{"id":"825321","latitude":"-2.18333330","longitude":"11.60000000","name":"Missigou"},{"id":"825329","latitude":"-1.95000000","longitude":"11.48333330","name":"Mitingo"},{"id":"825330","latitude":"-1.83333330","longitude":"11.50000000","name":"Mitingou"},{"id":"825331","latitude":"-1.88333330","longitude":"12.13333330","name":"Mitoundoulou"},{"id":"825335","latitude":"-2.25000000","longitude":"12.30000000","name":"Mitsandzal\u00e9 le Grand"},{"id":"825337","latitude":"-2.35000000","longitude":"11.80000000","name":"Mitsangou"},{"id":"825338","latitude":"-1.48333330","longitude":"10.56666670","name":"Mitsangui"},{"id":"825339","latitude":"-2.16666670","longitude":"11.68333330","name":"Mitsiengui"},{"id":"825350","latitude":"-2.18333330","longitude":"11.76666670","name":"Miyanga"},{"id":"825351","latitude":"-1.25000000","longitude":"11.80000000","name":"Miyoumba"},{"id":"825356","latitude":"-1.35000000","longitude":"11.60000000","name":"Mobigou"},{"id":"825357","latitude":"-1.66666670","longitude":"10.91666670","name":"Mobouka"},{"id":"825362","latitude":"-1.36666670","longitude":"11.38333330","name":"Moghoumou"},{"id":"825367","latitude":"-1.36666670","longitude":"11.38333330","name":"Mogoumou"},{"id":"825376","latitude":"-1.95000000","longitude":"12.23333330","name":"Mombi"},{"id":"825380","latitude":"-1.78333330","longitude":"10.98333330","name":"Mondo II"},{"id":"825384","latitude":"-2.15000000","longitude":"11.50000000","name":"Mondou"},{"id":"825389","latitude":"-2.51666670","longitude":"11.56666670","name":"Mongoungou"},{"id":"825400","latitude":"-1.18333330","longitude":"10.93333330","name":"Mopounga"},{"id":"825408","latitude":"-2.46666670","longitude":"11.53333330","name":"Mouamba"},{"id":"825410","latitude":"-1.76666670","longitude":"10.40000000","name":"Moubaga"},{"id":"825411","latitude":"-1.88333330","longitude":"11.70000000","name":"Moubana"},{"id":"825414","latitude":"-1.20000000","longitude":"10.86666670","name":"Moubighou"},{"id":"825415","latitude":"-1.20000000","longitude":"10.86666670","name":"Moubigou"},{"id":"825417","latitude":"-1.55000000","longitude":"11.20000000","name":"Moubongou"},{"id":"825418","latitude":"-2.30000000","longitude":"11.46666670","name":"Mouboukou"},{"id":"825419","latitude":"-2.25000000","longitude":"11.71666670","name":"Mouboumboulou"},{"id":"825421","latitude":"-1.55000000","longitude":"11.20000000","name":"Mouboungou"},{"id":"825422","latitude":"-2.30000000","longitude":"12.31666670","name":"Moucouagna"},{"id":"825426","latitude":"-1.66666670","longitude":"11.30000000","name":"Moucouna"},{"id":"825427","latitude":"-1.98333330","longitude":"11.65000000","name":"Moucwagna"},{"id":"825428","latitude":"-2.21666670","longitude":"11.50000000","name":"Moudiapoula"},{"id":"825429","latitude":"-1.66666670","longitude":"10.35000000","name":"Moudimba"},{"id":"825430","latitude":"-2.26666670","longitude":"11.46666670","name":"Moudiombi"},{"id":"825431","latitude":"-2.40000000","longitude":"11.45000000","name":"Moudjina"},{"id":"825432","latitude":"-1.76666670","longitude":"12.06666670","name":"Moudouma"},{"id":"825435","latitude":"-2.36666670","longitude":"12.13333330","name":"Mouek\u00e9"},{"id":"825436","latitude":"-2.51666670","longitude":"11.56666670","name":"Mouell\u00e9"},{"id":"825441","latitude":"-2.13333330","longitude":"11.50000000","name":"Mougambi"},{"id":"825444","latitude":"-1.93333330","longitude":"11.66666670","name":"Moughiba"},{"id":"825445","latitude":"-1.30000000","longitude":"11.78333330","name":"Mougnegou"},{"id":"825450","latitude":"-1.60000000","longitude":"11.76666670","name":"Mougnygou"},{"id":"825451","latitude":"-1.28333330","longitude":"10.88333330","name":"Mougoko"},{"id":"825452","latitude":"-2.15000000","longitude":"12.41666670","name":"Mougombo"},{"id":"825454","latitude":"-2.15000000","longitude":"12.41666670","name":"Mougomibo"},{"id":"825456","latitude":"-2.01666670","longitude":"11.63333330","name":"Mougonga"},{"id":"825463","latitude":"-2.51666670","longitude":"11.56666670","name":"Mougouma"},{"id":"825465","latitude":"-1.03333330","longitude":"11.75000000","name":"Mougoumou"},{"id":"825466","latitude":"-2.25000000","longitude":"10.63333330","name":"Mougounda"},{"id":"825467","latitude":"-1.86666670","longitude":"11.01666670","name":"Mouila"},{"id":"825470","latitude":"-1.33333330","longitude":"10.80000000","name":"Moukaba"},{"id":"825473","latitude":"-1.56666670","longitude":"10.01666670","name":"Moukabou"},{"id":"825475","latitude":"-2.13333330","longitude":"12.05000000","name":"Moukama"},{"id":"825476","latitude":"-2.13333330","longitude":"12.05000000","name":"Moukamba"},{"id":"825478","latitude":"-1.46666670","longitude":"11.91666670","name":"Moukandi"},{"id":"825480","latitude":"-2.20000000","longitude":"11.60000000","name":"Moukanza"},{"id":"825482","latitude":"-1.98333330","longitude":"10.86666670","name":"Moukiba II"},{"id":"825483","latitude":"-2.10000000","longitude":"10.96666670","name":"Moukidi"},{"id":"825484","latitude":"-1.96666670","longitude":"12.40000000","name":"Moukimbi"},{"id":"825485","latitude":"-1.48333330","longitude":"11.73333330","name":"Moukinga"},{"id":"825487","latitude":"-1.90000000","longitude":"12.18333330","name":"Moukombo"},{"id":"825490","latitude":"-2.53333330","longitude":"11.58333330","name":"Moukoro"},{"id":"825491","latitude":"-1.98333330","longitude":"11.65000000","name":"Moukouagna I"},{"id":"825492","latitude":"-1.91666670","longitude":"12.18333330","name":"Moukouagna"},{"id":"825494","latitude":"-2.10000000","longitude":"11.50000000","name":"Moukoua"},{"id":"825495","latitude":"-2.30000000","longitude":"12.31666670","name":"Moukouanga"},{"id":"825496","latitude":"-1.21666670","longitude":"11.06666670","name":"Moukoubango"},{"id":"825497","latitude":"-2.21666670","longitude":"11.88333330","name":"Moukoumamadi"},{"id":"825499","latitude":"-1.50000000","longitude":"11.78333330","name":"Moukoumou"},{"id":"825500","latitude":"-2.23333330","longitude":"12.03333330","name":"Moukoumou-Nangadi"},{"id":"825501","latitude":"-1.68333330","longitude":"9.86666670","name":"Moukouna"},{"id":"825503","latitude":"-2.18333330","longitude":"11.61666670","name":"Moukoundou"},{"id":"825504","latitude":"-2.26666670","longitude":"11.73333330","name":"Moukoundza"},{"id":"825505","latitude":"-2.18333330","longitude":"11.23333330","name":"Moulaba"},{"id":"825507","latitude":"-1.03333330","longitude":"10.68333330","name":"Moulamba"},{"id":"825509","latitude":"-1.98333330","longitude":"11.05000000","name":"Moulandou Fouala"},{"id":"825513","latitude":"-2.18333330","longitude":"11.31666670","name":"Mouliangoula"},{"id":"825520","latitude":"-1.95000000","longitude":"12.06666670","name":"Moulounda"},{"id":"825522","latitude":"-1.16666670","longitude":"11.68333330","name":"Moumba"},{"id":"825523","latitude":"-1.66666670","longitude":"10.41666670","name":"Moumbou"},{"id":"825528","latitude":"-1.91666670","longitude":"11.30000000","name":"Mounanga"},{"id":"825530","latitude":"-1.51666670","longitude":"10.68333330","name":"Moundouma"},{"id":"825531","latitude":"-1.41666670","longitude":"11.05000000","name":"Moundou"},{"id":"825532","latitude":"-0.98333330","longitude":"10.63333330","name":"Moundounga"},{"id":"825533","latitude":"-1.93333330","longitude":"11.46666670","name":"Mounenga"},{"id":"825534","latitude":"-2.51666670","longitude":"11.30000000","name":"Moungale"},{"id":"825537","latitude":"-1.91666670","longitude":"11.93333330","name":"Mounguembi"},{"id":"825538","latitude":"-2.16666670","longitude":"11.11666670","name":"Mounianga"},{"id":"825539","latitude":"-1.71666670","longitude":"10.95000000","name":"Mouniegou"},{"id":"825540","latitude":"-1.30000000","longitude":"11.88333330","name":"Mounongo"},{"id":"825542","latitude":"-1.28333330","longitude":"11.38333330","name":"Moupaka"},{"id":"825543","latitude":"-2.31666670","longitude":"12.00000000","name":"Moupata"},{"id":"825546","latitude":"-1.38333330","longitude":"10.63333330","name":"Mouponou"},{"id":"825547","latitude":"-1.65000000","longitude":"10.40000000","name":"Moupossi"},{"id":"825548","latitude":"-2.36666670","longitude":"11.81666670","name":"Moupoundi"},{"id":"825549","latitude":"-2.13333330","longitude":"11.83333330","name":"Moupoungou"},{"id":"825550","latitude":"-1.06666670","longitude":"10.71666670","name":"Moupoupa"},{"id":"825555","latitude":"-2.30000000","longitude":"11.46666670","name":"Mourimbo"},{"id":"825558","latitude":"-2.20000000","longitude":"11.85000000","name":"Mouroussi"},{"id":"825561","latitude":"-2.16666670","longitude":"11.33333330","name":"Moussamba"},{"id":"825563","latitude":"-2.10000000","longitude":"11.08333330","name":"Moussambo"},{"id":"825569","latitude":"-1.56666670","longitude":"10.15000000","name":"Moussamou"},{"id":"825573","latitude":"-1.71666670","longitude":"11.35000000","name":"Moussigu\u00e9"},{"id":"825574","latitude":"-1.46666670","longitude":"11.75000000","name":"Moussima"},{"id":"825576","latitude":"-2.13333330","longitude":"11.50000000","name":"Moussitou"},{"id":"825578","latitude":"-2.20000000","longitude":"11.68333330","name":"Moussombi"},{"id":"825579","latitude":"-2.36666670","longitude":"11.46666670","name":"Moussonga"},{"id":"825580","latitude":"-2.03333330","longitude":"10.75000000","name":"Moussoudou"},{"id":"825581","latitude":"-1.30000000","longitude":"10.66666670","name":"Moutambi"},{"id":"825582","latitude":"-2.03333330","longitude":"11.01666670","name":"Moutassou"},{"id":"825584","latitude":"-1.46666670","longitude":"10.30000000","name":"Mout\u00e9ti"},{"id":"825587","latitude":"-1.98333330","longitude":"11.18333330","name":"Moutsima"},{"id":"825593","latitude":"-1.81666670","longitude":"11.90000000","name":"Mouvindou"},{"id":"825595","latitude":"-1.81666670","longitude":"11.75000000","name":"Mouyamba"},{"id":"825599","latitude":"-2.61666670","longitude":"11.61666670","name":"Mouyiamba"},{"id":"825600","latitude":"-2.35000000","longitude":"11.68333330","name":"Mouyombi"},{"id":"825603","latitude":"-2.35000000","longitude":"11.40000000","name":"Mouyondzi"},{"id":"825604","latitude":"-1.56666670","longitude":"11.88333330","name":"Mouyoumbi"},{"id":"825606","latitude":"-2.06666670","longitude":"11.05000000","name":"Mouzoum\u00e9"},{"id":"825612","latitude":"-1.53333330","longitude":"10.28333330","name":"Moyenou"},{"id":"825613","latitude":"-2.35000000","longitude":"11.68333330","name":"Moyombi"},{"id":"825667","latitude":"-1.98333330","longitude":"11.90000000","name":"Myanga"},{"id":"825671","latitude":"-1.71666670","longitude":"10.93333330","name":"Namba"},{"id":"825674","latitude":"-2.16666670","longitude":"11.21666670","name":"Nangha"},{"id":"825685","latitude":"-2.38333330","longitude":"11.38333330","name":"Ndend\u00e9"},{"id":"825691","latitude":"-1.28333330","longitude":"11.75000000","name":"Ndengu\u00e9"},{"id":"825693","latitude":"-1.48333330","longitude":"11.86666670","name":"N Dimbou"},{"id":"825694","latitude":"-1.78333330","longitude":"12.06666670","name":"Ndindi"},{"id":"825695","latitude":"-2.15000000","longitude":"11.75000000","name":"Ndinga Lebala"},{"id":"825696","latitude":"-1.28333330","longitude":"11.75000000","name":"Ndinghi"},{"id":"825697","latitude":"-1.08333330","longitude":"11.73333330","name":"Ndingui"},{"id":"825703","latitude":"-1.65000000","longitude":"10.71666670","name":"Ndjol\u00e9"},{"id":"825707","latitude":"-1.23333330","longitude":"11.65000000","name":"Ndogo"},{"id":"825718","latitude":"-1.53333330","longitude":"11.71666670","name":"Ndoubi"},{"id":"825719","latitude":"-1.98333330","longitude":"11.50000000","name":"Ndougou"},{"id":"825722","latitude":"-2.35000000","longitude":"11.55000000","name":"Ndouma"},{"id":"825727","latitude":"-1.36666670","longitude":"11.56666670","name":"Ndoungou"},{"id":"825732","latitude":"-1.16666670","longitude":"10.58333330","name":"Nengu\u00e9 Dioni"},{"id":"825741","latitude":"-2.03333330","longitude":"10.78333330","name":"Nganda"},{"id":"825743","latitude":"-2.26666670","longitude":"11.13333330","name":"Nganga"},{"id":"825747","latitude":"-1.81666670","longitude":"11.00000000","name":"Ngoguina II"},{"id":"825748","latitude":"-1.83333330","longitude":"11.00000000","name":"Ngoguina I"},{"id":"825757","latitude":"-2.53333330","longitude":"11.58333330","name":"Ngoma"},{"id":"825759","latitude":"-1.61666670","longitude":"10.90000000","name":"Ngombi"},{"id":"825762","latitude":"-1.98333330","longitude":"11.61666670","name":"Ngomo Boulango"},{"id":"825764","latitude":"-1.98333330","longitude":"11.63333330","name":"Ngomo"},{"id":"825766","latitude":"-1.50000000","longitude":"11.88333330","name":"Ngondo"},{"id":"825767","latitude":"-2.26666670","longitude":"11.45000000","name":"Ngondzi"},{"id":"825776","latitude":"-2.16666670","longitude":"11.50000000","name":"Ngossi"},{"id":"825780","latitude":"-1.91666670","longitude":"11.13333330","name":"Ngoua Bikoka"},{"id":"825784","latitude":"-1.45000000","longitude":"11.51666670","name":"Ngouassa Mabounda"},{"id":"825785","latitude":"-1.26666670","longitude":"11.36666670","name":"Ngouassa"},{"id":"825787","latitude":"-1.45000000","longitude":"11.51666670","name":"Ngouaza Mabounza"},{"id":"825789","latitude":"-2.26666670","longitude":"11.91666670","name":"Ngoubounambougou"},{"id":"825791","latitude":"-1.56666670","longitude":"10.01666670","name":"Ngoudou"},{"id":"825797","latitude":"-1.90000000","longitude":"11.20000000","name":"Ngoumbi II"},{"id":"825798","latitude":"-1.90000000","longitude":"11.21666670","name":"Ngoumbi I"},{"id":"825801","latitude":"-1.65000000","longitude":"10.31666670","name":"Ngoumou"},{"id":"825803","latitude":"-1.75000000","longitude":"10.96666670","name":"Ngoundou"},{"id":"825804","latitude":"-2.23333330","longitude":"11.46666670","name":"Ngoundzi"},{"id":"825809","latitude":"-2.15000000","longitude":"11.88333330","name":"Ngoungui"},{"id":"825810","latitude":"-2.38333330","longitude":"11.41666670","name":"Ngoussou"},{"id":"825812","latitude":"-2.40000000","longitude":"11.43333330","name":"Ngoyo"},{"id":"825816","latitude":"-2.38333330","longitude":"11.48333330","name":"Nguenda"},{"id":"825819","latitude":"-1.60000000","longitude":"10.63333330","name":"Nguenza"},{"id":"825821","latitude":"-1.45000000","longitude":"11.51666670","name":"Ngwassa Mab"},{"id":"825822","latitude":"-1.45000000","longitude":"11.51666670","name":"Ngwassa Mabounza"},{"id":"825823","latitude":"-1.45000000","longitude":"11.51666670","name":"Ngwassa Mabouuza"},{"id":"825825","latitude":"-2.41666670","longitude":"11.53333330","name":"Niali"},{"id":"825831","latitude":"-1.60000000","longitude":"10.13333330","name":"Niambipanga"},{"id":"825837","latitude":"-1.98333330","longitude":"11.68333330","name":"Nianga"},{"id":"825840","latitude":"-2.11666670","longitude":"10.71666670","name":"Nieguianou"},{"id":"825841","latitude":"-1.60000000","longitude":"10.63333330","name":"Niembipanga"},{"id":"825849","latitude":"-1.03333330","longitude":"11.51666670","name":"Niol\u00e9"},{"id":"825852","latitude":"-1.61666670","longitude":"11.58333330","name":"Niongu\u00e9"},{"id":"825853","latitude":"-1.38333330","longitude":"11.35000000","name":"Niongui"},{"id":"825904","latitude":"-1.05000000","longitude":"10.80000000","name":"N'Komi"},{"id":"825979","latitude":"-1.60000000","longitude":"10.13333330","name":"Nyambipanga"},{"id":"825981","latitude":"-1.63333330","longitude":"11.65000000","name":"Nyamo"},{"id":"825982","latitude":"-2.00000000","longitude":"11.73333330","name":"Nyanga II"},{"id":"825983","latitude":"-1.90000000","longitude":"11.38333330","name":"Nyanga Moubighou"},{"id":"825984","latitude":"-1.90000000","longitude":"11.38333330","name":"Nyanga"},{"id":"825988","latitude":"-1.96666670","longitude":"11.58333330","name":"Nyembo"},{"id":"825990","latitude":"-1.45000000","longitude":"11.16666670","name":"Nyoungou"},{"id":"825991","latitude":"-1.28333330","longitude":"11.43333330","name":"Nyoy"},{"id":"825995","latitude":"-2.18333330","longitude":"11.11666670","name":"Nza\u00ef"},{"id":"825996","latitude":"-1.93333330","longitude":"11.11666670","name":"Nzakoumenga"},{"id":"826005","latitude":"-1.93333330","longitude":"11.76666670","name":"Nzambi-Minongo"},{"id":"826007","latitude":"-2.13333330","longitude":"10.75000000","name":"Nzambi"},{"id":"826013","latitude":"-1.91666670","longitude":"11.73333330","name":"Nzao"},{"id":"826025","latitude":"-2.25000000","longitude":"11.85000000","name":"Nzembi"},{"id":"826030","latitude":"-2.20000000","longitude":"11.76666670","name":"Nzenz\u00e9l\u00e9"},{"id":"826035","latitude":"-2.08333330","longitude":"11.81666670","name":"Nzila-Kala"},{"id":"826045","latitude":"-2.26666670","longitude":"11.63333330","name":"Nzingui"},{"id":"826080","latitude":"-2.33333330","longitude":"12.33333330","name":"Nzoudi"},{"id":"826088","latitude":"-1.06666670","longitude":"10.81666670","name":"Obaye"},{"id":"826097","latitude":"-1.06666670","longitude":"10.81666670","name":"Obeye"},{"id":"826105","latitude":"-1.30000000","longitude":"11.31666670","name":"Obo\u00ef"},{"id":"826141","latitude":"-1.28333330","longitude":"11.10000000","name":"Okondja"},{"id":"826157","latitude":"-1.56666670","longitude":"10.03333330","name":"Oloumi"},{"id":"826223","latitude":"-1.96666670","longitude":"11.53333330","name":"Ouaka"},{"id":"826229","latitude":"-2.13333330","longitude":"10.88333330","name":"Oueliga"},{"id":"826238","latitude":"-1.98333330","longitude":"11.65000000","name":"Outavou"},{"id":"826277","latitude":"-1.31666670","longitude":"10.61666670","name":"Paga-Dianzi"},{"id":"826279","latitude":"-1.58333330","longitude":"10.66666670","name":"Paga"},{"id":"826280","latitude":"-1.55000000","longitude":"10.25000000","name":"Paguignambi"},{"id":"826291","latitude":"-2.38333330","longitude":"11.46666670","name":"Panga"},{"id":"826299","latitude":"-2.01666670","longitude":"10.81666670","name":"Pegny Ivolo"},{"id":"826300","latitude":"-2.03333330","longitude":"10.80000000","name":"Pegny-Sampana"},{"id":"826301","latitude":"-2.18333330","longitude":"11.71666670","name":"Peki\u00e9"},{"id":"826309","latitude":"-2.23333330","longitude":"11.68333330","name":"Peti"},{"id":"826311","latitude":"-1.20000000","longitude":"11.00000000","name":"Petit Dondo"},{"id":"826316","latitude":"-1.35000000","longitude":"10.63333330","name":"Petit Mandilou"},{"id":"826318","latitude":"-1.55000000","longitude":"11.30000000","name":"Petit Masango"},{"id":"826319","latitude":"-1.40000000","longitude":"11.68333330","name":"Petit Mobigou"},{"id":"826323","latitude":"-1.20000000","longitude":"11.68333330","name":"Pingo"},{"id":"826324","latitude":"-1.20000000","longitude":"11.68333330","name":"Pingou"},{"id":"826326","latitude":"-1.55000000","longitude":"11.30000000","name":"Piti Masango"},{"id":"826327","latitude":"-1.70000000","longitude":"11.36666670","name":"Piti Massango"},{"id":"826333","latitude":"-2.11666670","longitude":"10.90000000","name":"Polo Mbya"},{"id":"826335","latitude":"-1.41666670","longitude":"10.21666670","name":"Poloumbia"},{"id":"826337","latitude":"-2.56666670","longitude":"11.61666670","name":"Porro"},{"id":"826343","latitude":"-2.03333330","longitude":"11.63333330","name":"Poudi"},{"id":"826346","latitude":"-1.50000000","longitude":"11.50000000","name":"Poumbou"},{"id":"826348","latitude":"-1.23333330","longitude":"11.78333330","name":"Pounga"},{"id":"826351","latitude":"-1.51666670","longitude":"10.56666670","name":"Poungou II"},{"id":"826352","latitude":"-1.56666670","longitude":"10.63333330","name":"Poungou I"},{"id":"826353","latitude":"-1.51666670","longitude":"10.56666670","name":"Poungou"},{"id":"826355","latitude":"-1.60000000","longitude":"11.66666670","name":"Poungui"},{"id":"826388","latitude":"-1.58333330","longitude":"10.08333330","name":"Salamou"},{"id":"826392","latitude":"-1.55000000","longitude":"10.31666670","name":"Salano"},{"id":"826396","latitude":"-1.06666670","longitude":"10.71666670","name":"Samba"},{"id":"826400","latitude":"-1.75000000","longitude":"10.25000000","name":"Samouganga"},{"id":"826405","latitude":"-2.15000000","longitude":"11.11666670","name":"Sanga II"},{"id":"826406","latitude":"-2.13333330","longitude":"11.11666670","name":"Sanga I"},{"id":"826407","latitude":"-1.70000000","longitude":"10.40000000","name":"Sangala"},{"id":"826413","latitude":"-2.13333330","longitude":"11.18333330","name":"Sangha"},{"id":"826418","latitude":"-2.20000000","longitude":"12.03333330","name":"Sapina-Wata"},{"id":"826422","latitude":"-2.16666670","longitude":"11.76666670","name":"Sengui"},{"id":"826424","latitude":"-1.71666670","longitude":"10.78333330","name":"Sett\u00e9-Cama"},{"id":"826425","latitude":"-2.33333330","longitude":"11.18333330","name":"Sette Cama"},{"id":"826432","latitude":"-2.13333330","longitude":"11.90000000","name":"Siba"},{"id":"826441","latitude":"-1.03333330","longitude":"10.66666670","name":"Sindara"},{"id":"826446","latitude":"-2.28333330","longitude":"11.46666670","name":"Soangui"},{"id":"826448","latitude":"-1.23333330","longitude":"11.55000000","name":"Soga II"},{"id":"826449","latitude":"-1.58333330","longitude":"11.76666670","name":"Soga"},{"id":"826457","latitude":"-2.55000000","longitude":"11.60000000","name":"Souka"},{"id":"826462","latitude":"-1.90000000","longitude":"11.95000000","name":"Sounga"},{"id":"826466","latitude":"-1.95000000","longitude":"11.93333330","name":"Takamondzikou"},{"id":"826467","latitude":"-1.55000000","longitude":"11.51666670","name":"Taki"},{"id":"826469","latitude":"-1.55000000","longitude":"11.76666670","name":"Tamba"},{"id":"826471","latitude":"-1.90000000","longitude":"10.68333330","name":"Tandou Filou"},{"id":"826478","latitude":"-2.06666670","longitude":"10.61666670","name":"Tchengu\u00e9-Paga"},{"id":"826479","latitude":"-1.65000000","longitude":"11.98333330","name":"Tchengu\u00e9"},{"id":"826481","latitude":"-2.06666670","longitude":"10.61666670","name":"Tchengui-Paga"},{"id":"826489","latitude":"-2.11666670","longitude":"11.66666670","name":"Tchioumbi II"},{"id":"826490","latitude":"-2.10000000","longitude":"11.68333330","name":"Tchioumbi I"},{"id":"826499","latitude":"-1.25000000","longitude":"10.95000000","name":"T\u00e9ndi"},{"id":"826505","latitude":"-2.13333330","longitude":"12.41666670","name":"Tinga-Tseng\u00e9"},{"id":"826515","latitude":"-1.70000000","longitude":"10.93333330","name":"Toubaganga"},{"id":"826516","latitude":"-1.53333330","longitude":"10.45000000","name":"Toubaghengui"},{"id":"826528","latitude":"-2.26666670","longitude":"11.46666670","name":"Tsade"},{"id":"826530","latitude":"-1.15000000","longitude":"11.68333330","name":"Tsamba"},{"id":"826532","latitude":"-1.26666670","longitude":"11.86666670","name":"Tsambo"},{"id":"826533","latitude":"-1.26666670","longitude":"11.86666670","name":"Tsambou"},{"id":"826537","latitude":"-2.46666670","longitude":"11.26666670","name":"Tsangui"},{"id":"826542","latitude":"-1.30000000","longitude":"11.85000000","name":"Tsengui"},{"id":"826543","latitude":"-1.58333330","longitude":"10.63333330","name":"Tsienguifala"},{"id":"826544","latitude":"-1.50000000","longitude":"10.66666670","name":"Tsiengui Panga"},{"id":"826545","latitude":"-1.50000000","longitude":"10.53333330","name":"Tsifala"},{"id":"826554","latitude":"-2.13333330","longitude":"11.61666670","name":"Tsoumbi"},{"id":"826564","latitude":"-1.40000000","longitude":"11.78333330","name":"Vedi"},{"id":"826573","latitude":"-2.15000000","longitude":"11.88333330","name":"Village Bama"},{"id":"826583","latitude":"-2.33333330","longitude":"12.26666670","name":"Vodvi"},{"id":"826588","latitude":"-1.25000000","longitude":"11.10000000","name":"Vouta"},{"id":"826589","latitude":"-2.33333330","longitude":"12.26666670","name":"Vouvi"},{"id":"826595","latitude":"-1.96666670","longitude":"11.70000000","name":"Yamba Boualou"},{"id":"826596","latitude":"-1.81666670","longitude":"10.91666670","name":"Yamba III"},{"id":"826597","latitude":"-1.81666670","longitude":"10.91666670","name":"Yamba II"},{"id":"826598","latitude":"-1.81666670","longitude":"10.88333330","name":"Yamba I"},{"id":"826600","latitude":"-1.81666670","longitude":"10.88333330","name":"Yamba"},{"id":"826608","latitude":"-2.40000000","longitude":"11.23333330","name":"Yello"},{"id":"826610","latitude":"-1.43333330","longitude":"10.61666670","name":"Yembi"},{"id":"826613","latitude":"-2.23333330","longitude":"11.26666670","name":"Yengu\u00e9"},{"id":"826614","latitude":"-1.98333330","longitude":"11.30000000","name":"Yengui"},{"id":"826616","latitude":"-1.70000000","longitude":"11.55000000","name":"Yeno"},{"id":"826619","latitude":"-2.15000000","longitude":"10.66666670","name":"Yetsou II"},{"id":"826620","latitude":"-2.13333330","longitude":"10.68333330","name":"Yetsou I"},{"id":"826621","latitude":"-2.13333330","longitude":"10.70000000","name":"Yetsou"},{"id":"826635","latitude":"-1.43333330","longitude":"10.61666670","name":"Yombi"},{"id":"826638","latitude":"-2.15000000","longitude":"11.73333330","name":"Yongulssa"}]