[{"id":"826689","latitude":"55.85000000","longitude":"-2.38333300","name":"Abbey Saint Bathans"},{"id":"826695","latitude":"55.60000000","longitude":"-2.78333300","name":"Abbotsford"},{"id":"826967","latitude":"55.78333300","longitude":"-2.21666700","name":"Allanton"},{"id":"827088","latitude":"55.50000000","longitude":"-2.58333300","name":"Ancrum"},{"id":"827316","latitude":"55.61666700","longitude":"-2.91666700","name":"Ashiesteel"},{"id":"827319","latitude":"55.48333300","longitude":"-2.83333300","name":"Ashkirk"},{"id":"827509","latitude":"55.85000000","longitude":"-2.13333300","name":"Ayton"},{"id":"827875","latitude":"55.70000000","longitude":"-2.60000000","name":"Bassendean"},{"id":"827968","latitude":"55.45000000","longitude":"-2.63333300","name":"Bedrule"},{"id":"828246","latitude":"55.65000000","longitude":"-2.33333300","name":"Birgham"},{"id":"828369","latitude":"55.68333300","longitude":"-2.73333300","name":"Blainslie"},{"id":"828499","latitude":"55.40000000","longitude":"-2.65000000","name":"Bonchester Bridge"},{"id":"828610","latitude":"55.55000000","longitude":"-2.71666700","name":"Bowden"},{"id":"828618","latitude":"55.53333300","longitude":"-2.90000000","name":"Bowhill"},{"id":"828744","latitude":"55.61666700","longitude":"-2.16666700","name":"Branxton"},{"id":"828856","latitude":"55.43333300","longitude":"-2.73333300","name":"Briery Yards"},{"id":"828913","latitude":"55.56666700","longitude":"-2.93333300","name":"Broadmeadows"},{"id":"829067","latitude":"55.41666700","longitude":"-3.06666700","name":"Buccleuch"},{"id":"829182","latitude":"55.85000000","longitude":"-2.08333300","name":"Burnmouth"},{"id":"829281","latitude":"55.80000000","longitude":"-2.60000000","name":"Byrecleuck"},{"id":"829282","latitude":"55.80000000","longitude":"-2.60000000","name":"Byrecleugh"},{"id":"829460","latitude":"55.63333300","longitude":"-3.11666700","name":"Cardrona Mains"},{"id":"829471","latitude":"55.61666700","longitude":"-2.33333300","name":"Carham"},{"id":"829483","latitude":"55.78333300","longitude":"-3.33333300","name":"Carlops"},{"id":"829612","latitude":"55.20000000","longitude":"-2.76666700","name":"Castleton"},{"id":"829721","latitude":"55.45000000","longitude":"-3.21666700","name":"Chapelhope"},{"id":"829840","latitude":"55.38333300","longitude":"-2.60000000","name":"Chesters"},{"id":"829918","latitude":"55.80000000","longitude":"-2.20000000","name":"Chirnside"},{"id":"830146","latitude":"55.61666700","longitude":"-2.86666700","name":"Clovenfords"},{"id":"830198","latitude":"55.93333300","longitude":"-2.36666700","name":"Cockburnspath"},{"id":"830250","latitude":"55.88333300","longitude":"-2.16666700","name":"Coldingham"},{"id":"830256","latitude":"55.65000000","longitude":"-2.25000000","name":"Coldstream"},{"id":"830594","latitude":"55.50000000","longitude":"-2.50000000","name":"Crailing"},{"id":"830610","latitude":"55.85000000","longitude":"-2.51666700","name":"Cranshaws"},{"id":"830732","latitude":"55.75000000","longitude":"-2.91666700","name":"Crookston"},{"id":"831033","latitude":"55.60000000","longitude":"-2.75000000","name":"Darnick"},{"id":"831096","latitude":"55.45000000","longitude":"-2.68333300","name":"Denholm"},{"id":"831248","latitude":"55.70000000","longitude":"-3.41666700","name":"Dolphinton"},{"id":"831405","latitude":"55.66666700","longitude":"-2.10000000","name":"Duddo"},{"id":"831465","latitude":"55.93333300","longitude":"-2.36666700","name":"Dunglass"},{"id":"831502","latitude":"55.76666700","longitude":"-2.35000000","name":"Duns"},{"id":"831514","latitude":"55.71666700","longitude":"-3.48333300","name":"Dunsyre"},{"id":"831574","latitude":"55.63333300","longitude":"-2.66666700","name":"Earlston"},{"id":"831651","latitude":"55.68333300","longitude":"-2.53333300","name":"East Gordon"},{"id":"831781","latitude":"55.66666700","longitude":"-2.38333300","name":"Eccles"},{"id":"831789","latitude":"55.51666700","longitude":"-2.46666700","name":"Eckford"},{"id":"831795","latitude":"55.71666700","longitude":"-3.21666700","name":"Eddleston"},{"id":"831830","latitude":"55.61666700","longitude":"-2.41666700","name":"Ednam"},{"id":"831831","latitude":"55.78333300","longitude":"-2.28333300","name":"Edrom"},{"id":"831892","latitude":"55.83333300","longitude":"-2.43333300","name":"Ellem"},{"id":"831893","latitude":"55.83333300","longitude":"-2.43333300","name":"Ellemford"},{"id":"832039","latitude":"55.63333300","longitude":"-2.10000000","name":"Etal"},{"id":"832049","latitude":"55.50000000","longitude":"-2.96666700","name":"Ettrickbridge End"},{"id":"832050","latitude":"55.50000000","longitude":"-2.96666700","name":"Ettrick Bridge"},{"id":"832094","latitude":"55.86666700","longitude":"-2.10000000","name":"Eyemouth"},{"id":"832390","latitude":"55.73333300","longitude":"-2.36666700","name":"Fogo"},{"id":"832467","latitude":"55.55000000","longitude":"-2.91666700","name":"Foulshiels"},{"id":"832468","latitude":"55.73333300","longitude":"-2.90000000","name":"Fountainhall"},{"id":"832479","latitude":"55.55000000","longitude":"-2.91666700","name":"Fowlshiels"},{"id":"832554","latitude":"55.55000000","longitude":"-2.38333300","name":"Frogden"},{"id":"832600","latitude":"55.60000000","longitude":"-2.81666700","name":"Gafashiels"},{"id":"832608","latitude":"55.60000000","longitude":"-2.81666700","name":"Galashiels"},{"id":"832695","latitude":"55.60000000","longitude":"-2.73333300","name":"Gattonside"},{"id":"832917","latitude":"55.68333300","longitude":"-2.55000000","name":"Gordon"},{"id":"832998","latitude":"55.88333300","longitude":"-2.30000000","name":"Grantshouse"},{"id":"833207","latitude":"55.70000000","longitude":"-2.46666700","name":"Greenlaw"},{"id":"833546","latitude":"55.53333300","longitude":"-2.58333300","name":"Harrietfield"},{"id":"833547","latitude":"55.53333300","longitude":"-2.58333300","name":"Harrietsfield"},{"id":"833653","latitude":"55.43333300","longitude":"-2.78333300","name":"Hawick"},{"id":"833836","latitude":"55.75000000","longitude":"-2.96666700","name":"Heriot"},{"id":"834024","latitude":"55.38333300","longitude":"-2.65000000","name":"Hobkirk"},{"id":"834180","latitude":"55.73333300","longitude":"-2.16666700","name":"Horndean"},{"id":"834242","latitude":"55.46666700","longitude":"-2.35000000","name":"Hounam"},{"id":"834243","latitude":"55.86666700","longitude":"-2.25000000","name":"Houndwood"},{"id":"834257","latitude":"55.46666700","longitude":"-2.35000000","name":"Hownam"},{"id":"834294","latitude":"55.66666700","longitude":"-2.46666700","name":"Hume"},{"id":"834354","latitude":"55.76666700","longitude":"-2.15000000","name":"Hutton"},{"id":"834462","latitude":"55.61666700","longitude":"-3.06666700","name":"Innerleithen"},{"id":"834464","latitude":"55.95000000","longitude":"-2.41666700","name":"Innerwick"},{"id":"834591","latitude":"55.46666700","longitude":"-2.56666700","name":"Jedburgh"},{"id":"834592","latitude":"55.46666700","longitude":"-2.56666700","name":"Jedburg"},{"id":"834668","latitude":"55.58333300","longitude":"-2.43333300","name":"Kelso"},{"id":"834731","latitude":"55.11666700","longitude":"-2.81666700","name":"Kershopefoot"},{"id":"835121","latitude":"55.50000000","longitude":"-2.98333300","name":"Kirkhope"},{"id":"835158","latitude":"55.41666700","longitude":"-2.73333300","name":"Kirkton"},{"id":"835160","latitude":"55.61666700","longitude":"-3.23333300","name":"Kirkton Manor"},{"id":"835279","latitude":"55.71666700","longitude":"-2.18333300","name":"Ladykirk"},{"id":"835383","latitude":"55.48333300","longitude":"-2.60000000","name":"Lanton"},{"id":"835414","latitude":"55.70000000","longitude":"-2.75000000","name":"Lauder"},{"id":"835517","latitude":"55.68333300","longitude":"-2.66666700","name":"Legerwood"},{"id":"835541","latitude":"55.68333300","longitude":"-2.33333300","name":"Leitholm"},{"id":"835632","latitude":"55.51666700","longitude":"-2.73333300","name":"Lilliesleaf"},{"id":"835650","latitude":"55.56666700","longitude":"-2.80000000","name":"Lindean"},{"id":"835667","latitude":"55.45000000","longitude":"-2.56666700","name":"Lintalee"},{"id":"835675","latitude":"55.51666700","longitude":"-2.36666700","name":"Linton"},{"id":"836365","latitude":"55.80000000","longitude":"-2.50000000","name":"Longformacus"},{"id":"836392","latitude":"55.53333300","longitude":"-2.66666700","name":"Longnewton"},{"id":"836920","latitude":"55.55000000","longitude":"-2.61666700","name":"Maxton"},{"id":"836977","latitude":"55.58333300","longitude":"-2.71666700","name":"Melrose"},{"id":"837119","latitude":"55.53333300","longitude":"-2.75000000","name":"Midlem"},{"id":"837217","latitude":"55.46666700","longitude":"-2.68333300","name":"Minto"},{"id":"837302","latitude":"55.86666700","longitude":"-2.43333300","name":"Monynut"},{"id":"837327","latitude":"55.51666700","longitude":"-2.36666700","name":"Morebattle"},{"id":"837567","latitude":"55.61666700","longitude":"-2.50000000","name":"Nenthorn"},{"id":"837584","latitude":"55.86666700","longitude":"-2.43333300","name":"Nether Monynut"},{"id":"837663","latitude":"55.16666700","longitude":"-2.81666700","name":"Newcastleton"},{"id":"837805","latitude":"55.58333300","longitude":"-2.68333300","name":"Newtown Saint Boswells"},{"id":"837822","latitude":"55.51666700","longitude":"-2.51666700","name":"Nisbet"},{"id":"837833","latitude":"55.71666700","longitude":"-2.15000000","name":"Norham"},{"id":"838111","latitude":"55.91666700","longitude":"-2.41666700","name":"Oldhamstocks"},{"id":"838271","latitude":"55.45000000","longitude":"-2.48333300","name":"Oxnam"},{"id":"838276","latitude":"55.76666700","longitude":"-2.80000000","name":"Oxton"},{"id":"838403","latitude":"55.63333300","longitude":"-3.18333300","name":"Peebles"},{"id":"838690","latitude":"55.73333300","longitude":"-2.41666700","name":"Polwarth"},{"id":"838927","latitude":"55.33333300","longitude":"-2.83333300","name":"Priesthaugh"},{"id":"839187","latitude":"55.88333300","longitude":"-2.28333300","name":"Renton Barns"},{"id":"839188","latitude":"55.88333300","longitude":"-2.28333300","name":"Renton"},{"id":"839197","latitude":"55.85000000","longitude":"-2.18333300","name":"Reston"},{"id":"839320","latitude":"55.41666700","longitude":"-2.90000000","name":"Roberton"},{"id":"839376","latitude":"55.71666700","longitude":"-3.33333300","name":"Romannobridge"},{"id":"839476","latitude":"55.56666700","longitude":"-2.48333300","name":"Roxburgh"},{"id":"839572","latitude":"55.90000000","longitude":"-2.13333300","name":"Saint Abbs"},{"id":"839574","latitude":"55.85000000","longitude":"-2.50000000","name":"Saint Agnes"},{"id":"839593","latitude":"55.56666700","longitude":"-2.65000000","name":"Saint Boswells"},{"id":"839861","latitude":"55.26666700","longitude":"-2.68333300","name":"Saughtree"},{"id":"840016","latitude":"55.53333300","longitude":"-2.85000000","name":"Selkirk"},{"id":"840327","latitude":"55.96666700","longitude":"-2.41666700","name":"Skateraw"},{"id":"840408","latitude":"55.61666700","longitude":"-2.56666700","name":"Smailholm"},{"id":"840522","latitude":"55.36666700","longitude":"-2.58333300","name":"Southdean"},{"id":"840681","latitude":"55.60000000","longitude":"-2.38333300","name":"Sprouston"},{"id":"840870","latitude":"55.63333300","longitude":"-2.45000000","name":"Stichill"},{"id":"840888","latitude":"55.61666700","longitude":"-3.30000000","name":"Stobo"},{"id":"841028","latitude":"55.70000000","longitude":"-2.85000000","name":"Stow"},{"id":"841265","latitude":"55.71666700","longitude":"-2.26666700","name":"Swinton"},{"id":"841444","latitude":"55.33333300","longitude":"-2.93333300","name":"Teviothead"},{"id":"841799","latitude":"55.63333300","longitude":"-2.83333300","name":"Torwoodlee"},{"id":"841826","latitude":"55.55000000","longitude":"-2.28333300","name":"Town Yetholm"},{"id":"841840","latitude":"55.60000000","longitude":"-3.06666700","name":"Traquair"},{"id":"842271","latitude":"55.63333300","longitude":"-3.01666700","name":"Walkerburn"},{"id":"842385","latitude":"55.63333300","longitude":"-2.26666700","name":"Wark"},{"id":"842492","latitude":"55.75000000","longitude":"-2.56666700","name":"Wedderlie"},{"id":"842666","latitude":"55.68333300","longitude":"-2.55000000","name":"West Gordon"},{"id":"842715","latitude":"55.75000000","longitude":"-3.35000000","name":"West Linton"},{"id":"842788","latitude":"55.73333300","longitude":"-2.58333300","name":"Westruther"},{"id":"842951","latitude":"55.75000000","longitude":"-2.21666700","name":"Whitsome"},{"id":"842970","latitude":"55.48333300","longitude":"-2.38333300","name":"Whitton"},{"id":"843092","latitude":"55.43333300","longitude":"-2.78333300","name":"Wilton"},{"id":"843241","latitude":"55.36666700","longitude":"-2.65000000","name":"Wolfelee"},{"id":"843244","latitude":"55.36666700","longitude":"-2.65000000","name":"Wolflee"},{"id":"843503","latitude":"55.51666700","longitude":"-3.05000000","name":"Yarrow"}]