[{"id":"826683","latitude":"52.30000000","longitude":"-2.36666700","name":"Abberley"},{"id":"826699","latitude":"52.15000000","longitude":"-1.96666700","name":"Abbots Lench"},{"id":"826783","latitude":"52.15000000","longitude":"-1.96666700","name":"Ab Lench"},{"id":"827047","latitude":"52.33333300","longitude":"-1.95000000","name":"Alvechurch"},{"id":"827539","latitude":"52.08333300","longitude":"-1.88333300","name":"Badsey"},{"id":"827803","latitude":"52.35000000","longitude":"-1.98333300","name":"Barnt Green"},{"id":"828057","latitude":"52.08333300","longitude":"-1.93333300","name":"Bengeworth"},{"id":"828075","latitude":"52.28333300","longitude":"-2.00000000","name":"Bentley"},{"id":"828079","latitude":"52.31666700","longitude":"-1.90000000","name":"Beoley"},{"id":"828098","latitude":"52.30000000","longitude":"-2.63333300","name":"Berrington"},{"id":"828113","latitude":"52.10000000","longitude":"-2.13333300","name":"Besford"},{"id":"828148","latitude":"52.38333300","longitude":"-2.31666700","name":"Bewdley"},{"id":"828516","latitude":"52.31666700","longitude":"-2.56666700","name":"Boraston"},{"id":"828922","latitude":"50.93333300","longitude":"-2.96666700","name":"Broadway"},{"id":"828967","latitude":"52.33333300","longitude":"-2.06666700","name":"Bromsgrove"},{"id":"829087","latitude":"52.01666700","longitude":"-1.86666700","name":"Buckland"},{"id":"829750","latitude":"52.10000000","longitude":"-1.98333300","name":"Charlton"},{"id":"829881","latitude":"52.03333300","longitude":"-1.88333300","name":"Childs Wickham"},{"id":"829882","latitude":"52.03333300","longitude":"-1.88333300","name":"Childs Wykeham"},{"id":"829970","latitude":"52.08333300","longitude":"-1.81666700","name":"Church Honeybourne"},{"id":"829976","latitude":"52.15000000","longitude":"-1.95000000","name":"Church Lench"},{"id":"830083","latitude":"52.13333300","longitude":"-1.86666700","name":"Cleeve Prior"},{"id":"830229","latitude":"52.36666700","longitude":"-1.98333300","name":"Cofton Hackett"},{"id":"830475","latitude":"52.36666700","longitude":"-1.98333300","name":"Coston Hackett"},{"id":"830547","latitude":"52.08333300","longitude":"-1.83333300","name":"Cow Honeybourne"},{"id":"830771","latitude":"52.31666700","longitude":"-2.23333300","name":"Crossway Green"},{"id":"830788","latitude":"52.20000000","longitude":"-2.11666700","name":"Crowle"},{"id":"830904","latitude":"51.96666700","longitude":"-1.86666700","name":"Cutsdean"},{"id":"831230","latitude":"52.35000000","longitude":"-2.10000000","name":"Dodford"},{"id":"831297","latitude":"52.28333300","longitude":"-2.20000000","name":"Doverdale"},{"id":"831327","latitude":"52.13333300","longitude":"-2.21666700","name":"Draycott"},{"id":"831348","latitude":"52.26666700","longitude":"-2.15000000","name":"Droitwich"},{"id":"831914","latitude":"52.31666700","longitude":"-2.15000000","name":"Elmbridge"},{"id":"832069","latitude":"52.08333300","longitude":"-1.93333300","name":"Evesham"},{"id":"832247","latitude":"52.23333300","longitude":"-2.20000000","name":"Fernhill Heath"},{"id":"833069","latitude":"52.35000000","longitude":"-2.10000000","name":"Great Dodford"},{"id":"833109","latitude":"52.26666700","longitude":"-2.55000000","name":"Great Kyre"},{"id":"833116","latitude":"52.11666700","longitude":"-2.31666700","name":"Great Malvern"},{"id":"833213","latitude":"52.33333300","longitude":"-2.63333300","name":"Greet"},{"id":"833463","latitude":"52.26666700","longitude":"-2.05000000","name":"Hanbury"},{"id":"833471","latitude":"52.08333300","longitude":"-2.23333300","name":"Hanley Castle"},{"id":"833589","latitude":"52.13333300","longitude":"-1.91666700","name":"Harvington"},{"id":"833710","latitude":"52.28333300","longitude":"-1.93333300","name":"Headless Cross"},{"id":"833824","latitude":"52.20000000","longitude":"-2.23333300","name":"Henwick"},{"id":"833985","latitude":"52.23333300","longitude":"-2.08333300","name":"Himbleton"},{"id":"833992","latitude":"52.20000000","longitude":"-2.18333300","name":"Hindlip"},{"id":"834005","latitude":"52.05000000","longitude":"-1.95000000","name":"Hinton"},{"id":"834007","latitude":"52.05000000","longitude":"-1.95000000","name":"Hinton on the Green"},{"id":"834124","latitude":"52.08333300","longitude":"-1.83333300","name":"Honeybourne"},{"id":"834143","latitude":"52.35000000","longitude":"-2.61666700","name":"Hope Baggott"},{"id":"834144","latitude":"52.35000000","longitude":"-2.61666700","name":"Hope Bagot"},{"id":"834158","latitude":"52.38333300","longitude":"-1.95000000","name":"Hopwood"},{"id":"834681","latitude":"52.13333300","longitude":"-2.20000000","name":"Kempsey"},{"id":"834763","latitude":"52.38333300","longitude":"-2.25000000","name":"Kidderminster"},{"id":"835265","latitude":"52.26666700","longitude":"-2.55000000","name":"Kyre"},{"id":"835266","latitude":"52.26666700","longitude":"-2.55000000","name":"Kyre Magna"},{"id":"835345","latitude":"52.15000000","longitude":"-2.40000000","name":"Langley Green"},{"id":"835616","latitude":"52.36666700","longitude":"-2.05000000","name":"Lickey End"},{"id":"835617","latitude":"52.36666700","longitude":"-2.05000000","name":"Lickey"},{"id":"835749","latitude":"52.33333300","longitude":"-2.10000000","name":"Little Dodford"},{"id":"835783","latitude":"52.06666700","longitude":"-2.33333300","name":"Little Malvern"},{"id":"835829","latitude":"52.10000000","longitude":"-1.88333300","name":"Littleton"},{"id":"836377","latitude":"52.15000000","longitude":"-2.40000000","name":"Longley Green"},{"id":"836381","latitude":"52.13333300","longitude":"-1.78333300","name":"Long Marsden"},{"id":"836384","latitude":"52.13333300","longitude":"-1.78333300","name":"Long Marston"},{"id":"836658","latitude":"52.11666700","longitude":"-2.28333300","name":"Madresfield"},{"id":"836716","latitude":"52.13333300","longitude":"-2.30000000","name":"Malvern Link"},{"id":"836717","latitude":"52.11666700","longitude":"-2.31666700","name":"Malvern"},{"id":"836718","latitude":"52.06666700","longitude":"-2.31666700","name":"Malvern Wells"},{"id":"836867","latitude":"52.23333300","longitude":"-2.16666700","name":"Martin Hussingtree"},{"id":"836901","latitude":"52.11666700","longitude":"-2.40000000","name":"Mathon"},{"id":"838074","latitude":"52.10000000","longitude":"-1.91666700","name":"Offenham"},{"id":"838401","latitude":"52.11666700","longitude":"-1.80000000","name":"Pebworth"},{"id":"838476","latitude":"52.31666700","longitude":"-2.40000000","name":"Pensax"},{"id":"838513","latitude":"52.15000000","longitude":"-2.10000000","name":"Peopleton"},{"id":"838525","latitude":"52.11666700","longitude":"-2.06666700","name":"Pershore"},{"id":"838597","latitude":"52.11666700","longitude":"-2.18333300","name":"Pirton"},{"id":"838883","latitude":"52.16666700","longitude":"-2.25000000","name":"Powick"},{"id":"839032","latitude":"52.30000000","longitude":"-1.93333300","name":"Radditch"},{"id":"839148","latitude":"52.30000000","longitude":"-1.93333300","name":"Redditch"},{"id":"839247","latitude":"52.36666700","longitude":"-2.31666700","name":"Ribbesford"},{"id":"839350","latitude":"52.33333300","longitude":"-2.40000000","name":"Rock"},{"id":"839997","latitude":"52.03333300","longitude":"-1.96666700","name":"Sedgeberrow"},{"id":"840053","latitude":"52.10000000","longitude":"-2.21666700","name":"Seven Stoke"},{"id":"840055","latitude":"52.10000000","longitude":"-2.21666700","name":"Severn Stoke"},{"id":"840118","latitude":"52.26666700","longitude":"-2.40000000","name":"Shelsley Beauchamp"},{"id":"840119","latitude":"52.26666700","longitude":"-2.40000000","name":"Shelsley"},{"id":"840443","latitude":"52.00000000","longitude":"-1.85000000","name":"Snowshill"},{"id":"840555","latitude":"52.10000000","longitude":"-1.88333300","name":"South Littleton"},{"id":"840641","latitude":"52.18333300","longitude":"-2.15000000","name":"Spetchley"},{"id":"840780","latitude":"52.00000000","longitude":"-1.90000000","name":"Stanton"},{"id":"840782","latitude":"51.98333300","longitude":"-1.91666700","name":"Stanway"},{"id":"840948","latitude":"52.30000000","longitude":"-2.06666700","name":"Stoke Prior"},{"id":"841011","latitude":"52.35000000","longitude":"-2.26666700","name":"Stourport"},{"id":"841345","latitude":"52.31666700","longitude":"-2.00000000","name":"Tardebigge"},{"id":"841346","latitude":"52.31666700","longitude":"-2.00000000","name":"Tardebigg"},{"id":"841421","latitude":"52.30000000","longitude":"-2.58333300","name":"Tenbury"},{"id":"841422","latitude":"52.30000000","longitude":"-2.58333300","name":"Tenbury Wells"},{"id":"841583","latitude":"52.15000000","longitude":"-2.03333300","name":"Throckmorton"},{"id":"841716","latitude":"51.98333300","longitude":"-1.93333300","name":"Toddington"},{"id":"842161","latitude":"52.06666700","longitude":"-2.21666700","name":"Upton-on-Severn"},{"id":"842165","latitude":"52.06666700","longitude":"-2.21666700","name":"Upton upon Severn"},{"id":"842174","latitude":"52.06666700","longitude":"-2.21666700","name":"Upton"},{"id":"842176","latitude":"52.30000000","longitude":"-2.10000000","name":"Upton Warren"},{"id":"842221","latitude":"52.33333300","longitude":"-2.01666700","name":"Vigo"},{"id":"842230","latitude":"52.11666700","longitude":"-2.15000000","name":"Wadborough"},{"id":"842518","latitude":"52.05000000","longitude":"-2.30000000","name":"Welland"},{"id":"842746","latitude":"52.05000000","longitude":"-1.81666700","name":"Weston Subedge"},{"id":"843255","latitude":"52.41666700","longitude":"-2.25000000","name":"Wolverley"},{"id":"843366","latitude":"52.20000000","longitude":"-2.20000000","name":"Worcester"},{"id":"843384","latitude":"52.01666700","longitude":"-1.93333300","name":"Wormington"}]