[{"id":"826694","latitude":"50.66666700","longitude":"-2.60000000","name":"Abbotsbury"},{"id":"827259","latitude":"50.70000000","longitude":"-2.03333300","name":"Arne"},{"id":"827356","latitude":"50.73333300","longitude":"-2.66666700","name":"Askerswell"},{"id":"827923","latitude":"50.80000000","longitude":"-2.75000000","name":"Beaminster"},{"id":"828069","latitude":"51.63333300","longitude":"-1.11666700","name":"Benson"},{"id":"828084","latitude":"50.75000000","longitude":"-2.21666700","name":"Bere Regis"},{"id":"828219","latitude":"50.65000000","longitude":"-2.45000000","name":"Bincombe"},{"id":"828379","latitude":"50.86666700","longitude":"-2.16666700","name":"Blandford"},{"id":"828380","latitude":"50.86666700","longitude":"-2.16666700","name":"Blandford Forum"},{"id":"828545","latitude":"50.73333300","longitude":"-1.85000000","name":"Boscombe"},{"id":"828587","latitude":"51.07444400","longitude":"-2.32777800","name":"Bourton"},{"id":"828604","latitude":"50.70000000","longitude":"-2.25000000","name":"Bovington Camp"},{"id":"828678","latitude":"50.73333300","longitude":"-2.73333300","name":"Bradpole"},{"id":"828712","latitude":"53.88333300","longitude":"-1.61666700","name":"Bramhope"},{"id":"828853","latitude":"50.73333300","longitude":"-2.71666700","name":"Bridport"},{"id":"828912","latitude":"50.68333300","longitude":"-2.38333300","name":"Broadmayne"},{"id":"828917","latitude":"50.75000000","longitude":"-1.98333300","name":"Broadstone"},{"id":"828921","latitude":"50.65000000","longitude":"-2.46666700","name":"Broadway"},{"id":"828927","latitude":"50.65000000","longitude":"-2.46666700","name":"Broadwey"},{"id":"828928","latitude":"50.81666700","longitude":"-2.80000000","name":"Broadwindsor"},{"id":"828929","latitude":"50.81666700","longitude":"-2.80000000","name":"Broadwinsor"},{"id":"829077","latitude":"51.02000000","longitude":"-2.34916700","name":"Buckhorn Weston"},{"id":"829201","latitude":"50.81666700","longitude":"-2.81666700","name":"Burstock"},{"id":"829207","latitude":"50.70000000","longitude":"-2.71666700","name":"Burton Bradstock"},{"id":"829210","latitude":"50.73333300","longitude":"-1.75000000","name":"Burton"},{"id":"829403","latitude":"50.76666700","longitude":"-1.95000000","name":"Canford Magna"},{"id":"829614","latitude":"50.56666700","longitude":"-2.45000000","name":"Castletown"},{"id":"829684","latitude":"50.80000000","longitude":"-2.46666700","name":"Cerne Abbas"},{"id":"829697","latitude":"50.85000000","longitude":"-1.96666700","name":"Chalbury"},{"id":"829699","latitude":"50.65000000","longitude":"-2.30000000","name":"Chaldon"},{"id":"829700","latitude":"50.65000000","longitude":"-2.30000000","name":"Chaldon Herring"},{"id":"829753","latitude":"50.83333300","longitude":"-2.15000000","name":"Charlton Marshall"},{"id":"829757","latitude":"50.73333300","longitude":"-2.45000000","name":"Charminster"},{"id":"829758","latitude":"50.73333300","longitude":"-2.90000000","name":"Charmouth"},{"id":"829826","latitude":"50.78333300","longitude":"-2.33333300","name":"Cheselbourne"},{"id":"829831","latitude":"50.56666700","longitude":"-2.45000000","name":"Chesil"},{"id":"829832","latitude":"50.56666700","longitude":"-2.45000000","name":"Chesilton"},{"id":"829865","latitude":"50.61666700","longitude":"-2.50000000","name":"Chickerell"},{"id":"829871","latitude":"50.71666700","longitude":"-2.81666700","name":"Chideock"},{"id":"829878","latitude":"50.91666700","longitude":"-2.23333300","name":"Child Okeford"},{"id":"829921","latitude":"51.68333300","longitude":"-1.13333300","name":"Chislehampton"},{"id":"829924","latitude":"50.56666700","longitude":"-2.45000000","name":"Chiswell"},{"id":"829947","latitude":"50.73333300","longitude":"-1.76666700","name":"Christchurch"},{"id":"830111","latitude":"51.65000000","longitude":"-1.20000000","name":"Clifton Hampden"},{"id":"830336","latitude":"50.73333300","longitude":"-2.61666700","name":"Compton Abbas"},{"id":"830416","latitude":"50.63333300","longitude":"-2.05000000","name":"Corfe Castle"},{"id":"830418","latitude":"50.78333300","longitude":"-2.03333300","name":"Corfe Mullen"},{"id":"830601","latitude":"50.90000000","longitude":"-1.91666700","name":"Cranborne"},{"id":"830956","latitude":"50.90000000","longitude":"-1.85000000","name":"Daggons"},{"id":"831152","latitude":"50.78333300","longitude":"-2.31666700","name":"Dewlish"},{"id":"831270","latitude":"50.71666700","longitude":"-2.43333300","name":"Dorchester"},{"id":"831330","latitude":"51.65000000","longitude":"-1.13333300","name":"Drayton"},{"id":"831335","latitude":"51.65000000","longitude":"-1.13333300","name":"Drayton Saint Leonard"},{"id":"831534","latitude":"50.86666700","longitude":"-2.20000000","name":"Durweston"},{"id":"831611","latitude":"50.65000000","longitude":"-2.30000000","name":"East Chaldon"},{"id":"831698","latitude":"50.63333300","longitude":"-2.20000000","name":"East Lulworth"},{"id":"831712","latitude":"50.53333300","longitude":"-2.45000000","name":"Easton"},{"id":"831719","latitude":"50.96666700","longitude":"-2.23333300","name":"East Orchard"},{"id":"831721","latitude":"50.76666700","longitude":"-1.85000000","name":"East Parley"},{"id":"831738","latitude":"50.68333300","longitude":"-2.18333300","name":"East Stoke"},{"id":"831740","latitude":"51.00583300","longitude":"-2.28694400","name":"East Stour"},{"id":"831826","latitude":"50.90000000","longitude":"-1.90000000","name":"Edmondsham"},{"id":"832244","latitude":"50.80000000","longitude":"-1.86666700","name":"Fern Down"},{"id":"832397","latitude":"50.95000000","longitude":"-2.18333300","name":"Fontmell Magna"},{"id":"832445","latitude":"50.55000000","longitude":"-2.45000000","name":"Fortuneswell"},{"id":"832494","latitude":"50.75000000","longitude":"-2.53333300","name":"Frampton"},{"id":"832559","latitude":"50.76666700","longitude":"-2.56666700","name":"Frome Vauchurch"},{"id":"832753","latitude":"51.40000000","longitude":"0.56666700","name":"Gillingham"},{"id":"832881","latitude":"50.76666700","longitude":"-2.46666700","name":"Godmanstone"},{"id":"833242","latitude":"50.73333300","longitude":"-2.51666700","name":"Grimstone"},{"id":"833271","latitude":"50.55000000","longitude":"-2.42500000","name":"Grove"},{"id":"833441","latitude":"50.93333300","longitude":"-2.26666700","name":"Hammoon"},{"id":"833446","latitude":"50.78333300","longitude":"-1.91666700","name":"Hampreston"},{"id":"833459","latitude":"50.71666700","longitude":"-2.00000000","name":"Hamworth"},{"id":"833460","latitude":"50.71666700","longitude":"-2.00000000","name":"Hamworthy"},{"id":"833599","latitude":"50.86666700","longitude":"-2.36666700","name":"Haselbury Bryan"},{"id":"833682","latitude":"50.95000000","longitude":"-2.46666700","name":"Haydon"},{"id":"833841","latitude":"50.76666700","longitude":"-1.81666700","name":"Herne"},{"id":"833906","latitude":"50.73888900","longitude":"-1.69166700","name":"Highcliffe"},{"id":"833921","latitude":"51.43333300","longitude":"0.55000000","name":"High Halstow"},{"id":"833981","latitude":"50.83333300","longitude":"-2.31666700","name":"Hilton"},{"id":"834062","latitude":"50.75000000","longitude":"-1.81666700","name":"Holdenhurst"},{"id":"834112","latitude":"50.90000000","longitude":"-2.43333300","name":"Holwell"},{"id":"834135","latitude":"51.40000000","longitude":"0.56666700","name":"Hoo"},{"id":"834211","latitude":"50.85000000","longitude":"-1.95000000","name":"Horton"},{"id":"834330","latitude":"50.76666700","longitude":"-1.81666700","name":"Hurn"},{"id":"834394","latitude":"50.73333300","longitude":"-1.80000000","name":"Iford"},{"id":"834578","latitude":"50.91666700","longitude":"-2.20000000","name":"Iwerne Courtney"},{"id":"834579","latitude":"50.93333300","longitude":"-2.18333300","name":"Iwerne Minster"},{"id":"834905","latitude":"50.61666700","longitude":"-2.11666700","name":"Kimeridge"},{"id":"834906","latitude":"50.61666700","longitude":"-2.11666700","name":"Kimmeridge"},{"id":"834958","latitude":"51.43333300","longitude":"0.60000000","name":"Kingsnorth"},{"id":"834960","latitude":"51.43333300","longitude":"0.60000000","name":"Kingsnorth-on-Medway"},{"id":"834975","latitude":"50.61666700","longitude":"-2.06666700","name":"Kingston"},{"id":"835369","latitude":"50.60000000","longitude":"-2.01666700","name":"Langton Matravers"},{"id":"835635","latitude":"50.91666700","longitude":"-2.53333300","name":"Lillington"},{"id":"835724","latitude":"50.70000000","longitude":"-2.58333300","name":"Little Bredy"},{"id":"835845","latitude":"51.63333300","longitude":"-1.20000000","name":"Little Wittenham"},{"id":"836315","latitude":"50.73333300","longitude":"-2.71666700","name":"Loders"},{"id":"836342","latitude":"50.71666700","longitude":"-2.61666700","name":"Long Bredy"},{"id":"836346","latitude":"50.91666700","longitude":"-2.50000000","name":"Long Burton"},{"id":"836368","latitude":"50.76666700","longitude":"-1.90000000","name":"Longham"},{"id":"836566","latitude":"50.63055600","longitude":"-2.23333300","name":"Lulworth Camp"},{"id":"836606","latitude":"50.91666700","longitude":"-2.36666700","name":"Lydlinch"},{"id":"836610","latitude":"50.73333300","longitude":"-2.93333300","name":"Lyme Regis"},{"id":"836632","latitude":"50.75000000","longitude":"-2.06666700","name":"Lytchett Matravers"},{"id":"836633","latitude":"50.73333300","longitude":"-2.05000000","name":"Lytchett Minster"},{"id":"836689","latitude":"50.76666700","longitude":"-2.56666700","name":"Maiden Newton"},{"id":"836755","latitude":"50.95000000","longitude":"-2.26666700","name":"Manston"},{"id":"836769","latitude":"50.85000000","longitude":"-2.40000000","name":"Mappowder"},{"id":"836828","latitude":"50.96666700","longitude":"-2.31666700","name":"Marnhull"},{"id":"836841","latitude":"51.68333300","longitude":"-1.18333300","name":"Marsh Baldon"},{"id":"836848","latitude":"50.78333300","longitude":"-2.86666700","name":"Marshwood"},{"id":"836960","latitude":"50.61388900","longitude":"-2.45277800","name":"Melcombe Regis"},{"id":"837124","latitude":"50.76666700","longitude":"-2.28333300","name":"Milborne"},{"id":"837126","latitude":"50.76666700","longitude":"-2.28333300","name":"Milborne Saint Andrew"},{"id":"837179","latitude":"50.80000000","longitude":"-2.28333300","name":"Milton Abbas"},{"id":"837198","latitude":"51.05472200","longitude":"-2.28916700","name":"Milton on Stour"},{"id":"837288","latitude":"50.68333300","longitude":"-2.45000000","name":"Monkton"},{"id":"837329","latitude":"50.73333300","longitude":"-2.85000000","name":"Morecombelake"},{"id":"837331","latitude":"50.73333300","longitude":"-2.85000000","name":"Morecomb"},{"id":"837340","latitude":"50.70000000","longitude":"-2.28333300","name":"Moreton"},{"id":"837390","latitude":"51.02555600","longitude":"-2.21472200","name":"Motcombe"},{"id":"837575","latitude":"50.78333300","longitude":"-2.75000000","name":"Netherbury"},{"id":"837577","latitude":"50.78333300","longitude":"-2.46666700","name":"Nether Cerne"},{"id":"838162","latitude":"50.95000000","longitude":"-2.25000000","name":"Orchard"},{"id":"838193","latitude":"50.63333300","longitude":"-2.36666700","name":"Osmington"},{"id":"838232","latitude":"50.63611100","longitude":"-2.43194400","name":"Overcombe"},{"id":"838256","latitude":"50.66666700","longitude":"-2.33333300","name":"Owermoigne"},{"id":"838347","latitude":"50.71666700","longitude":"-1.93333300","name":"Parkstone"},{"id":"838349","latitude":"50.76666700","longitude":"-1.86666700","name":"Parley"},{"id":"838565","latitude":"50.76666700","longitude":"-2.40000000","name":"Piddlehinton"},{"id":"838566","latitude":"50.75000000","longitude":"-2.35000000","name":"Piddletown"},{"id":"838567","latitude":"50.78333300","longitude":"-2.41666700","name":"Piddletrenthide"},{"id":"838578","latitude":"50.78333300","longitude":"-2.83333300","name":"Pilsdon"},{"id":"838584","latitude":"50.88333300","longitude":"-2.13333300","name":"Pimperne"},{"id":"838741","latitude":"53.90000000","longitude":"-1.61666700","name":"Poole"},{"id":"838745","latitude":"53.90000000","longitude":"-1.61666700","name":"Pool-in-Wharfedale"},{"id":"838747","latitude":"53.90000000","longitude":"-1.61666700","name":"Pool"},{"id":"838779","latitude":"50.66666700","longitude":"-2.56666700","name":"Portesham"},{"id":"838808","latitude":"50.66666700","longitude":"-2.56666700","name":"Portisham"},{"id":"838884","latitude":"50.65000000","longitude":"-2.36666700","name":"Poxwell"},{"id":"838916","latitude":"50.65000000","longitude":"-2.41666700","name":"Preston"},{"id":"838945","latitude":"50.76666700","longitude":"-2.40000000","name":"Puddlehinton"},{"id":"838946","latitude":"50.75000000","longitude":"-2.35000000","name":"Puddletown"},{"id":"838947","latitude":"50.78333300","longitude":"-2.41666700","name":"Puddletrenthide"},{"id":"838962","latitude":"50.68333300","longitude":"-2.65000000","name":"Puncknowle"},{"id":"838963","latitude":"50.68333300","longitude":"-2.65000000","name":"Puncknowll"},{"id":"839034","latitude":"50.61666700","longitude":"-2.46666700","name":"Radipole"},{"id":"839285","latitude":"50.63333300","longitude":"-2.35000000","name":"Ringstead"},{"id":"839359","latitude":"50.60000000","longitude":"-2.45000000","name":"Rodwell"},{"id":"839651","latitude":"50.90000000","longitude":"-1.95000000","name":"Saint Giles"},{"id":"839681","latitude":"50.83333300","longitude":"-1.85000000","name":"Saint Leonards"},{"id":"839699","latitude":"51.45000000","longitude":"0.60000000","name":"Saint Mary Hoo"},{"id":"839702","latitude":"51.45000000","longitude":"0.60000000","name":"Saint Marys Hoo"},{"id":"839818","latitude":"50.88333300","longitude":"-1.81666700","name":"Sandleheath"},{"id":"840064","latitude":"51.00527800","longitude":"-2.19333300","name":"Shaftesbury"},{"id":"840078","latitude":"50.81666700","longitude":"-2.08333300","name":"Shapwick"},{"id":"840082","latitude":"51.43333300","longitude":"0.56666700","name":"Sharnal Street"},{"id":"840145","latitude":"50.95000000","longitude":"-2.50000000","name":"Sherborne"},{"id":"840146","latitude":"50.95000000","longitude":"-2.50000000","name":"Sherbourne"},{"id":"840180","latitude":"50.90000000","longitude":"-2.25000000","name":"Shillingstone"},{"id":"840252","latitude":"50.91666700","longitude":"-2.20000000","name":"Shroton"},{"id":"840294","latitude":"51.06222200","longitude":"-2.31305600","name":"Silton"},{"id":"840495","latitude":"50.71666700","longitude":"-1.80000000","name":"Southbourne on Sea"},{"id":"840496","latitude":"50.71666700","longitude":"-1.80000000","name":"Southbourne"},{"id":"840693","latitude":"51.66666700","longitude":"-1.13333300","name":"Stadhampton"},{"id":"840700","latitude":"53.93333300","longitude":"-1.61666700","name":"Stainburn"},{"id":"840840","latitude":"50.70000000","longitude":"-2.53333300","name":"Steepleton"},{"id":"840872","latitude":"50.83333300","longitude":"-2.23333300","name":"Stickland Winterborne"},{"id":"840887","latitude":"50.66666700","longitude":"-2.10000000","name":"Stoborough"},{"id":"840918","latitude":"50.80000000","longitude":"-2.78333300","name":"Stoke Abbott"},{"id":"840956","latitude":"51.43333300","longitude":"0.61666700","name":"Stoke"},{"id":"841010","latitude":"50.88333300","longitude":"-2.20000000","name":"Stourpaine"},{"id":"841012","latitude":"50.98333300","longitude":"-2.28333300","name":"Stour Provost"},{"id":"841013","latitude":"51.00583300","longitude":"-2.28694400","name":"Stour"},{"id":"841071","latitude":"50.73333300","longitude":"-2.50000000","name":"Stratton"},{"id":"841120","latitude":"50.63333300","longitude":"-1.93333300","name":"Studland"},{"id":"841130","latitude":"50.91666700","longitude":"-2.28333300","name":"Sturminster Newton"},{"id":"841219","latitude":"50.60000000","longitude":"-1.96666700","name":"Swanage"},{"id":"841269","latitude":"50.68333300","longitude":"-2.66666700","name":"Swyre"},{"id":"841355","latitude":"50.83333300","longitude":"-2.11666700","name":"Tarrant Keynston"},{"id":"841356","latitude":"50.86666700","longitude":"-2.08333300","name":"Tarrant Monkton"},{"id":"841357","latitude":"50.85000000","longitude":"-2.08333300","name":"Tarrant Rushton"},{"id":"841574","latitude":"50.85000000","longitude":"-1.88333300","name":"Three Legged Cross"},{"id":"841713","latitude":"50.98333300","longitude":"-2.28333300","name":"Todbere"},{"id":"841714","latitude":"50.98333300","longitude":"-2.28333300","name":"Todber"},{"id":"841740","latitude":"50.75000000","longitude":"-2.30000000","name":"Tolpuddle"},{"id":"841763","latitude":"51.68333300","longitude":"-1.16666700","name":"Toot Baldon"},{"id":"841989","latitude":"50.73333300","longitude":"-2.23333300","name":"Turners Puddle"},{"id":"842028","latitude":"50.61666700","longitude":"-2.16666700","name":"Tyneham"},{"id":"842081","latitude":"50.61666700","longitude":"-1.96666700","name":"Ulwell"},{"id":"842099","latitude":"50.73333300","longitude":"-2.96666700","name":"Uplyme"},{"id":"842168","latitude":"50.64666700","longitude":"-2.36444400","name":"Upton"},{"id":"842178","latitude":"50.66666700","longitude":"-2.48333300","name":"Upwey"},{"id":"842216","latitude":"50.86666700","longitude":"-1.86666700","name":"Verwood"},{"id":"842373","latitude":"50.68333300","longitude":"-2.11666700","name":"Wareham"},{"id":"842508","latitude":"53.91666700","longitude":"-1.56666700","name":"Weeton"},{"id":"842585","latitude":"50.71666700","longitude":"-2.76666700","name":"West Bay"},{"id":"842609","latitude":"50.65000000","longitude":"-2.31666700","name":"West Chaldon"},{"id":"842612","latitude":"50.61666700","longitude":"-2.50000000","name":"West Chickerel"},{"id":"842620","latitude":"50.73333300","longitude":"-2.61666700","name":"West Compton Abbas"},{"id":"842621","latitude":"50.73333300","longitude":"-2.61666700","name":"West Compton"},{"id":"842717","latitude":"50.61666700","longitude":"-2.25000000","name":"West Lulworth"},{"id":"842756","latitude":"50.54027800","longitude":"-2.44861100","name":"Weston"},{"id":"842769","latitude":"50.95000000","longitude":"-2.25000000","name":"West Orchard"},{"id":"842772","latitude":"50.76666700","longitude":"-1.86666700","name":"West Parley"},{"id":"842804","latitude":"50.61666700","longitude":"-2.16666700","name":"West Tineham"},{"id":"842838","latitude":"50.60000000","longitude":"-2.45000000","name":"Weymouth"},{"id":"842890","latitude":"50.75000000","longitude":"-2.85000000","name":"Whitchurch Canonicorum"},{"id":"842895","latitude":"50.68333300","longitude":"-2.40000000","name":"Whitcombe"},{"id":"842901","latitude":"50.80000000","longitude":"-2.23333300","name":"Whitechurch"},{"id":"843097","latitude":"50.78333300","longitude":"-1.98333300","name":"Wimborne Minster"},{"id":"843098","latitude":"50.90000000","longitude":"-1.95000000","name":"Wimborne Saint Giles"},{"id":"843099","latitude":"50.78333300","longitude":"-1.98333300","name":"Wimborne"},{"id":"843123","latitude":"50.65000000","longitude":"-2.26666700","name":"Winfrith Newburgh"},{"id":"843124","latitude":"50.65000000","longitude":"-2.26666700","name":"Winfrith"},{"id":"843152","latitude":"50.71666700","longitude":"-2.55000000","name":"Winterborne Abbas"},{"id":"843154","latitude":"50.68333300","longitude":"-2.45000000","name":"Winterborne Monkton"},{"id":"843155","latitude":"50.70000000","longitude":"-2.53333300","name":"Winterborne Steepleton"},{"id":"843156","latitude":"50.83333300","longitude":"-2.23333300","name":"Winterborne Stickland"},{"id":"843175","latitude":"50.73333300","longitude":"-1.86666700","name":"Winton"},{"id":"843194","latitude":"50.85000000","longitude":"-2.01666700","name":"Witchampton"},{"id":"843220","latitude":"51.63333300","longitude":"-1.21666700","name":"Wittenham"},{"id":"843310","latitude":"50.71666700","longitude":"-2.33333300","name":"Woodsford"},{"id":"843327","latitude":"50.85000000","longitude":"-2.31666700","name":"Woolland"},{"id":"843342","latitude":"50.66666700","longitude":"-2.21666700","name":"Wool"},{"id":"843353","latitude":"50.75000000","longitude":"-2.90000000","name":"Wootton Fitzpaine"},{"id":"843358","latitude":"50.75000000","longitude":"-2.90000000","name":"Wootton"},{"id":"843402","latitude":"50.60000000","longitude":"-2.03333300","name":"Worth Matravers"},{"id":"843403","latitude":"50.60000000","longitude":"-2.03333300","name":"Worth"},{"id":"843464","latitude":"50.58333300","longitude":"-2.48333300","name":"Wyke Regis"}]