[{"id":"826705","latitude":"53.23333300","longitude":"-4.01666700","name":"Aber"},{"id":"826722","latitude":"53.28333300","longitude":"-3.83333300","name":"Aberconway"},{"id":"826747","latitude":"53.28333300","longitude":"-3.58333300","name":"Abergele"},{"id":"828137","latitude":"53.08333300","longitude":"-3.80000000","name":"Bettws-y-coed"},{"id":"828354","latitude":"52.98333300","longitude":"-3.93333300","name":"Blaenau Festiniog"},{"id":"828355","latitude":"52.98333300","longitude":"-3.93333300","name":"Blaenau-Ffestiniog"},{"id":"829425","latitude":"53.10000000","longitude":"-3.91666700","name":"Capel-Curig"},{"id":"829429","latitude":"53.06666700","longitude":"-3.76666700","name":"Capel Garmon"},{"id":"830317","latitude":"53.30000000","longitude":"-3.75000000","name":"Colwyn Bay"},{"id":"830380","latitude":"53.28333300","longitude":"-3.83333300","name":"Conway"},{"id":"830385","latitude":"53.28333300","longitude":"-3.83333300","name":"Conwy"},{"id":"830973","latitude":"53.16666700","longitude":"-3.83333300","name":"Dalgarrog"},{"id":"831077","latitude":"53.28333300","longitude":"-3.83333300","name":"Deganwy"},{"id":"831193","latitude":"53.25000000","longitude":"-3.55000000","name":"Dinorben"},{"id":"831240","latitude":"53.16666700","longitude":"-3.83333300","name":"Dolgarog"},{"id":"831241","latitude":"53.16666700","longitude":"-3.83333300","name":"Dolgarrog"},{"id":"831250","latitude":"53.05000000","longitude":"-3.88333300","name":"Dolwyddelan"},{"id":"833331","latitude":"53.13333300","longitude":"-3.68333300","name":"Gwytherin"},{"id":"835024","latitude":"53.25000000","longitude":"-3.51666700","name":"Kinmel"},{"id":"835898","latitude":"53.15000000","longitude":"-3.80000000","name":"Llanddaget"},{"id":"835912","latitude":"53.15000000","longitude":"-3.80000000","name":"Llanddoget"},{"id":"835915","latitude":"53.28333300","longitude":"-3.63333300","name":"Llanddulas"},{"id":"835946","latitude":"53.30000000","longitude":"-3.75000000","name":"Llandrillo"},{"id":"835948","latitude":"53.30000000","longitude":"-3.75000000","name":"Llandrillo-yn-Rh\u00f4s"},{"id":"835951","latitude":"53.28333300","longitude":"-3.80000000","name":"Llandudno Junction"},{"id":"835952","latitude":"53.33333300","longitude":"-3.83333300","name":"Llandudno"},{"id":"835997","latitude":"53.25000000","longitude":"-3.98333300","name":"Llanfairfechan"},{"id":"836002","latitude":"53.21666700","longitude":"-3.60000000","name":"Llanfair Talhaiarn"},{"id":"836074","latitude":"53.18333300","longitude":"-3.68333300","name":"Llangerniew"},{"id":"836165","latitude":"53.15000000","longitude":"-3.80000000","name":"Llanrwst"},{"id":"836173","latitude":"53.16666700","longitude":"-3.60000000","name":"Llansannan"},{"id":"836231","latitude":"53.15000000","longitude":"-3.80000000","name":"Llanwrst"},{"id":"837236","latitude":"53.28333300","longitude":"-3.75000000","name":"Mochdre"},{"id":"838447","latitude":"53.03333300","longitude":"-3.80000000","name":"Penmachno"},{"id":"838448","latitude":"53.26666700","longitude":"-3.93333300","name":"Penmaen-mawr"},{"id":"838488","latitude":"53.05000000","longitude":"-3.68333300","name":"Pentre-Foelas"},{"id":"838492","latitude":"53.05000000","longitude":"-3.68333300","name":"Pentre Voelas"},{"id":"839223","latitude":"53.30000000","longitude":"-3.75000000","name":"Rh\u00f4s-on-Sea"},{"id":"841860","latitude":"53.15000000","longitude":"-3.83333300","name":"Trefriw"},{"id":"843547","latitude":"53.01666700","longitude":"-3.73333300","name":"Yspytty Evan"},{"id":"843548","latitude":"53.01666700","longitude":"-3.73333300","name":"Yspytty-Ifan"}]