[{"id":"826698","latitude":"51.70000000","longitude":"-0.41666700","name":"Abbots Langley"},{"id":"826923","latitude":"51.80000000","longitude":"-0.60000000","name":"Aldbury"},{"id":"827177","latitude":"51.91666700","longitude":"-0.08333300","name":"Ardeley"},{"id":"827296","latitude":"52.30000000","longitude":"-1.15000000","name":"Ashby"},{"id":"827304","latitude":"52.30000000","longitude":"-1.15000000","name":"Ashby Saint Ledgers"},{"id":"827367","latitude":"51.93333300","longitude":"-0.01666700","name":"Aspenden"},{"id":"827383","latitude":"51.88333300","longitude":"-0.15000000","name":"Aston"},{"id":"827389","latitude":"51.80000000","longitude":"-0.71666700","name":"Aston Clinton"},{"id":"827390","latitude":"51.90000000","longitude":"-0.15000000","name":"Aston End"},{"id":"827504","latitude":"51.83333300","longitude":"-0.25000000","name":"Ayot Saint Lawrence"},{"id":"827505","latitude":"51.81666700","longitude":"-0.21666700","name":"Ayot Saint Peter"},{"id":"827574","latitude":"51.98333300","longitude":"-0.18333300","name":"Baldock"},{"id":"827731","latitude":"52.31666700","longitude":"-1.20000000","name":"Barby"},{"id":"827790","latitude":"51.65000000","longitude":"-0.20000000","name":"Barnet"},{"id":"827908","latitude":"51.75000000","longitude":"-0.10000000","name":"Bayford"},{"id":"828060","latitude":"51.88333300","longitude":"-0.10000000","name":"Benington"},{"id":"828065","latitude":"51.88333300","longitude":"-0.10000000","name":"Bennington"},{"id":"828281","latitude":"51.76666700","longitude":"-0.16666700","name":"Bishops Hatfield"},{"id":"828521","latitude":"51.65000000","longitude":"-0.26666700","name":"Borehamwood"},{"id":"828707","latitude":"51.81666700","longitude":"-0.10000000","name":"Bramfield"},{"id":"828752","latitude":"51.90000000","longitude":"0.01666700","name":"Braughing"},{"id":"829027","latitude":"51.73333300","longitude":"0.00000000","name":"Broxbourne"},{"id":"829083","latitude":"51.80000000","longitude":"-0.71666700","name":"Buckland"},{"id":"829134","latitude":"51.95000000","longitude":"-0.01666700","name":"Buntingford"},{"id":"829247","latitude":"51.63333300","longitude":"-0.36666700","name":"Bushey"},{"id":"829785","latitude":"51.83333300","longitude":"-0.66666700","name":"Cheddington"},{"id":"829827","latitude":"51.93333300","longitude":"-0.20000000","name":"Chesfield"},{"id":"829828","latitude":"51.93333300","longitude":"-0.20000000","name":"Chesfield Park"},{"id":"829933","latitude":"51.93333300","longitude":"-0.20000000","name":"Chivesfield"},{"id":"829936","latitude":"51.75000000","longitude":"-0.65000000","name":"Cholesbury"},{"id":"830138","latitude":"51.96666700","longitude":"-0.15000000","name":"Clothall"},{"id":"830219","latitude":"51.85000000","longitude":"-0.23333300","name":"Codicote"},{"id":"830244","latitude":"52.36666700","longitude":"-1.03333300","name":"Cold Ashby"},{"id":"830262","latitude":"51.78333300","longitude":"-0.13333300","name":"Cole Green"},{"id":"830493","latitude":"51.93333300","longitude":"-0.08333300","name":"Cottered"},{"id":"830679","latitude":"52.33333300","longitude":"-1.13333300","name":"Crick"},{"id":"830835","latitude":"51.71666700","longitude":"-0.11666700","name":"Cuffley"},{"id":"831044","latitude":"51.85000000","longitude":"-0.15000000","name":"Datchworth"},{"id":"831168","latitude":"51.81666700","longitude":"-0.18333300","name":"Digswell"},{"id":"831655","latitude":"52.30000000","longitude":"-1.01666700","name":"East Haddon"},{"id":"832037","latitude":"51.75000000","longitude":"-0.15000000","name":"Essendon"},{"id":"832634","latitude":"51.80000000","longitude":"-0.20000000","name":"Garden City"},{"id":"832888","latitude":"51.70000000","longitude":"-0.08333300","name":"Goffs Oak"},{"id":"833005","latitude":"51.93333300","longitude":"-0.20000000","name":"Graveley"},{"id":"833019","latitude":"51.78333300","longitude":"-0.01666700","name":"Great Amwell"},{"id":"833092","latitude":"51.83333300","longitude":"0.18333300","name":"Great Hallingbury"},{"id":"833126","latitude":"51.90000000","longitude":"-0.01666700","name":"Great Munden"},{"id":"833139","latitude":"51.76666700","longitude":"0.08333300","name":"Great Parndon"},{"id":"833397","latitude":"51.83333300","longitude":"0.18333300","name":"Hallingbury"},{"id":"833539","latitude":"51.80000000","longitude":"-0.35000000","name":"Harpenden"},{"id":"833778","latitude":"51.75000000","longitude":"-0.46666700","name":"Hemel Hempstead"},{"id":"833850","latitude":"51.80000000","longitude":"-0.06666700","name":"Hertford"},{"id":"833851","latitude":"51.78333300","longitude":"-0.10000000","name":"Hertingfordbury"},{"id":"833944","latitude":"51.81666700","longitude":"-0.20000000","name":"High Welwyn"},{"id":"834020","latitude":"51.95000000","longitude":"-0.26666700","name":"Hitchin"},{"id":"834036","latitude":"51.75000000","longitude":"0.00000000","name":"Hoddesdon"},{"id":"834574","latitude":"51.83333300","longitude":"-0.61666700","name":"Ivinghoe"},{"id":"834888","latitude":"52.33333300","longitude":"-1.16666700","name":"Kilsby"},{"id":"834951","latitude":"51.70000000","longitude":"-0.45000000","name":"Kings Langley"},{"id":"835208","latitude":"51.86666700","longitude":"-0.20000000","name":"Knebworth"},{"id":"835710","latitude":"51.78333300","longitude":"-0.03333300","name":"Little Amwell"},{"id":"835719","latitude":"51.75000000","longitude":"-0.11666700","name":"Little Berkhampstead"},{"id":"835763","latitude":"51.88333300","longitude":"0.08333300","name":"Little Hadham"},{"id":"835792","latitude":"51.86666700","longitude":"-0.05000000","name":"Little Munden"},{"id":"835847","latitude":"51.91666700","longitude":"-0.21666700","name":"Little Wymondley"},{"id":"836345","latitude":"52.30000000","longitude":"-1.06666700","name":"Long Buckby"},{"id":"836383","latitude":"51.81666700","longitude":"-0.70000000","name":"Long Marston"},{"id":"836863","latitude":"51.81666700","longitude":"-0.66666700","name":"Marsworth"},{"id":"837085","latitude":"51.71666700","longitude":"0.03333300","name":"Middle Street"},{"id":"837442","latitude":"51.85000000","longitude":"0.08333300","name":"Much Hadham"},{"id":"837548","latitude":"51.73333300","longitude":"0.06666700","name":"Nazeing"},{"id":"837687","latitude":"51.71666700","longitude":"-0.10000000","name":"Newgate Street"},{"id":"837869","latitude":"51.76666700","longitude":"-0.58333300","name":"Northchurch"},{"id":"837926","latitude":"51.73333300","longitude":"-0.23333300","name":"North Mimms"},{"id":"837994","latitude":"52.26666700","longitude":"-1.11666700","name":"Norton"},{"id":"838322","latitude":"51.80000000","longitude":"-0.13333300","name":"Panshanger"},{"id":"838614","latitude":"51.81666700","longitude":"-0.61666700","name":"Pitstone"},{"id":"838864","latitude":"51.68333300","longitude":"-0.16666700","name":"Potters Bar"},{"id":"838940","latitude":"51.90000000","longitude":"0.00000000","name":"Puckeridge"},{"id":"839036","latitude":"51.68333300","longitude":"-0.31666700","name":"Radlett"},{"id":"839258","latitude":"51.63333300","longitude":"-0.46666700","name":"Rickmansworth"},{"id":"839484","latitude":"51.76666700","longitude":"0.03333300","name":"Roydon"},{"id":"839564","latitude":"51.86666700","longitude":"-0.05000000","name":"Sacomb"},{"id":"839575","latitude":"51.75000000","longitude":"-0.33333300","name":"Saint Albans"},{"id":"839866","latitude":"51.81666700","longitude":"0.15000000","name":"Sawbridgeworth"},{"id":"840099","latitude":"51.88333300","longitude":"-0.16666700","name":"Sheephall"},{"id":"840132","latitude":"51.88333300","longitude":"-0.16666700","name":"Shephall"},{"id":"840733","latitude":"51.88333300","longitude":"0.03333300","name":"Standon"},{"id":"840762","latitude":"51.78333300","longitude":"0.01666700","name":"Stanstead Abbots"},{"id":"840791","latitude":"51.83333300","longitude":"-0.10000000","name":"Stapleford"},{"id":"840857","latitude":"51.91666700","longitude":"-0.21666700","name":"Stevenage"},{"id":"841445","latitude":"51.81666700","longitude":"-0.15000000","name":"Tewin"},{"id":"841499","latitude":"51.85000000","longitude":"0.15000000","name":"Thorley"},{"id":"841507","latitude":"52.36666700","longitude":"-1.01666700","name":"Thornby"},{"id":"841596","latitude":"51.83333300","longitude":"-0.01666700","name":"Thundridge"},{"id":"841916","latitude":"51.78333300","longitude":"-0.65000000","name":"Tring"},{"id":"842275","latitude":"51.91666700","longitude":"-0.13333300","name":"Walkern"},{"id":"842311","latitude":"51.70000000","longitude":"-0.01666700","name":"Waltham Cross"},{"id":"842376","latitude":"51.80000000","longitude":"-0.03333300","name":"Ware"},{"id":"842451","latitude":"51.66666700","longitude":"-0.40000000","name":"Watford"},{"id":"842462","latitude":"51.85000000","longitude":"-0.10000000","name":"Watton at Stone"},{"id":"842463","latitude":"51.85000000","longitude":"-0.10000000","name":"Watton"},{"id":"842542","latitude":"52.28333300","longitude":"-1.15000000","name":"Welton"},{"id":"842546","latitude":"51.80000000","longitude":"-0.20000000","name":"Welwyn Garden City"},{"id":"842547","latitude":"51.83333300","longitude":"-0.21666700","name":"Welwyn"},{"id":"842670","latitude":"52.33333300","longitude":"-1.06666700","name":"West Haddon"},{"id":"842726","latitude":"51.91666700","longitude":"0.00000000","name":"Westmill"},{"id":"842759","latitude":"51.95000000","longitude":"-0.16666700","name":"Weston"},{"id":"842869","latitude":"51.86666700","longitude":"-0.08333300","name":"Whempstead"},{"id":"843008","latitude":"51.81666700","longitude":"0.03333300","name":"Widford"},{"id":"843018","latitude":"51.76666700","longitude":"-0.63333300","name":"Wigginton"},{"id":"843387","latitude":"51.71666700","longitude":"-0.01666700","name":"Wormley"},{"id":"843459","latitude":"51.95000000","longitude":"0.00000000","name":"Wyddial"},{"id":"843523","latitude":"52.36666700","longitude":"-1.11666700","name":"Yelvertoft"}]