[{"id":"826693","latitude":"52.80000000","longitude":"-1.86666700","name":"Abbots Bromley"},{"id":"826855","latitude":"52.75000000","longitude":"-2.10000000","name":"Acton Trussell"},{"id":"827012","latitude":"52.71666700","longitude":"-1.73333300","name":"Alrewas"},{"id":"827107","latitude":"54.10000000","longitude":"-5.88333300","name":"Annalong"},{"id":"827190","latitude":"54.41666700","longitude":"-5.51666700","name":"Ardkeen"},{"id":"827253","latitude":"52.73333300","longitude":"-1.88333300","name":"Armitage"},{"id":"827396","latitude":"52.75000000","longitude":"-2.10000000","name":"Aston Trussell"},{"id":"827473","latitude":"52.65000000","longitude":"-1.56666700","name":"Austrey"},{"id":"827652","latitude":"54.06666700","longitude":"-5.95000000","name":"Ballymartin"},{"id":"827750","latitude":"54.33333300","longitude":"-5.51666700","name":"Bar Hall"},{"id":"827849","latitude":"52.75000000","longitude":"-1.71666700","name":"Barton"},{"id":"827860","latitude":"52.75000000","longitude":"-1.71666700","name":"Barton under Needwood"},{"id":"827967","latitude":"52.76666700","longitude":"-2.06666700","name":"Bednall"},{"id":"827995","latitude":"52.40000000","longitude":"-3.18333300","name":"Beguildy"},{"id":"827999","latitude":"52.40000000","longitude":"-2.11666700","name":"Belbroughton"},{"id":"828112","latitude":"52.56666700","longitude":"-1.98333300","name":"Bescot"},{"id":"828138","latitude":"52.43333300","longitude":"-3.16666700","name":"Bettws y Crwyn"},{"id":"828163","latitude":"52.71666700","longitude":"-2.16666700","name":"Bickford"},{"id":"828215","latitude":"52.56666700","longitude":"-2.06666700","name":"Bilston"},{"id":"828413","latitude":"54.16666700","longitude":"-5.86666700","name":"Bloody Bridge"},{"id":"828442","latitude":"52.51666700","longitude":"-2.28333300","name":"Bobbington"},{"id":"828648","latitude":"54.10000000","longitude":"-5.96666700","name":"Brackenagh"},{"id":"828672","latitude":"52.75000000","longitude":"-2.18333300","name":"Bradley"},{"id":"828804","latitude":"51.00000000","longitude":"0.85000000","name":"Brenzett"},{"id":"828808","latitude":"52.48333300","longitude":"-2.13333300","name":"Bretell Lane"},{"id":"828810","latitude":"52.48333300","longitude":"-2.13333300","name":"Brettell Lane"},{"id":"828816","latitude":"52.68333300","longitude":"-2.16666700","name":"Brewood"},{"id":"828855","latitude":"52.48333300","longitude":"-2.11666700","name":"Brierley Hill"},{"id":"828982","latitude":"50.98333300","longitude":"0.83333300","name":"Brookland"},{"id":"828986","latitude":"52.40000000","longitude":"-2.15000000","name":"Broom"},{"id":"829186","latitude":"52.68333300","longitude":"-1.90000000","name":"Burntwood"},{"id":"829331","latitude":"52.55000000","longitude":"-1.48333300","name":"Caldecote"},{"id":"829408","latitude":"52.68333300","longitude":"-2.01666700","name":"Cannock"},{"id":"829691","latitude":"52.35000000","longitude":"-2.16666700","name":"Chaddesley Corbett"},{"id":"829764","latitude":"52.66666700","longitude":"-1.91666700","name":"Chasetown"},{"id":"829779","latitude":"52.85000000","longitude":"-2.21666700","name":"Chebsey"},{"id":"829786","latitude":"53.06666700","longitude":"-2.03333300","name":"Cheddleton"},{"id":"829963","latitude":"52.75000000","longitude":"-2.23333300","name":"Church Eaton"},{"id":"829973","latitude":"52.41666700","longitude":"-2.18333300","name":"Churchill"},{"id":"830086","latitude":"52.41666700","longitude":"-2.11666700","name":"Clent"},{"id":"830102","latitude":"52.68333300","longitude":"-1.61666700","name":"Clifton Campville"},{"id":"830132","latitude":"54.41666700","longitude":"-5.46666700","name":"Cloghy"},{"id":"830153","latitude":"52.41666700","longitude":"-3.03333300","name":"Clun"},{"id":"830308","latitude":"52.76666700","longitude":"-1.91666700","name":"Colton"},{"id":"830314","latitude":"52.78333300","longitude":"-1.98333300","name":"Colwich"},{"id":"830405","latitude":"52.76666700","longitude":"-2.13333300","name":"Coppenhall"},{"id":"830465","latitude":"52.55000000","longitude":"-2.08333300","name":"Coseley"},{"id":"830569","latitude":"52.45000000","longitude":"-2.08333300","name":"Cradley"},{"id":"830792","latitude":"52.71666700","longitude":"-1.70000000","name":"Croxall"},{"id":"830832","latitude":"51.78333300","longitude":"-0.91666700","name":"Cuddington"},{"id":"830889","latitude":"52.71666700","longitude":"-1.81666700","name":"Curborough"},{"id":"831026","latitude":"52.56666700","longitude":"-2.03333300","name":"Darlaston"},{"id":"831124","latitude":"52.80000000","longitude":"-2.16666700","name":"Derrington"},{"id":"831195","latitude":"51.78333300","longitude":"-0.88333300","name":"Dinton"},{"id":"831299","latitude":"52.90000000","longitude":"-1.81666700","name":"Doveridge"},{"id":"831329","latitude":"52.60000000","longitude":"-1.71666700","name":"Drayton Bassett"},{"id":"831482","latitude":"54.15000000","longitude":"-5.88333300","name":"Dunmore"},{"id":"831507","latitude":"52.76666700","longitude":"-1.73333300","name":"Dunstall"},{"id":"831512","latitude":"52.75000000","longitude":"-2.10000000","name":"Dunston"},{"id":"831783","latitude":"52.85000000","longitude":"-2.25000000","name":"Eccleshall"},{"id":"831814","latitude":"52.70000000","longitude":"-1.68333300","name":"Edingale"},{"id":"831874","latitude":"52.68333300","longitude":"-1.71666700","name":"Elford"},{"id":"831896","latitude":"52.83333300","longitude":"-2.23333300","name":"Ellenhall"},{"id":"831919","latitude":"52.31666700","longitude":"-2.20000000","name":"Elmley Lovett"},{"id":"831978","latitude":"53.08333300","longitude":"-2.11666700","name":"Endon"},{"id":"831993","latitude":"52.48333300","longitude":"-2.26666700","name":"Enville"},{"id":"832132","latitude":"52.68333300","longitude":"-1.86666700","name":"Farewell"},{"id":"832190","latitude":"52.61666700","longitude":"-1.70000000","name":"Fazeley"},{"id":"832202","latitude":"52.41666700","longitude":"-3.23333300","name":"Felindre"},{"id":"832469","latitude":"52.68333300","longitude":"-2.11666700","name":"Four Ashes"},{"id":"832499","latitude":"52.41666700","longitude":"-2.00000000","name":"Frankley"},{"id":"832601","latitude":"52.70000000","longitude":"-2.13333300","name":"Gailey"},{"id":"832786","latitude":"52.63333300","longitude":"-1.66666700","name":"Glascote"},{"id":"832788","latitude":"54.13333300","longitude":"-5.90000000","name":"Glasdrumman"},{"id":"832927","latitude":"52.51666700","longitude":"-2.13333300","name":"Gornalwood"},{"id":"833028","latitude":"52.55000000","longitude":"-1.95000000","name":"Great Barr"},{"id":"833044","latitude":"52.83333300","longitude":"-2.16666700","name":"Great Bridgeford"},{"id":"833187","latitude":"52.68333300","longitude":"-2.01666700","name":"Great Wyrley"},{"id":"833249","latitude":"52.85000000","longitude":"-1.93333300","name":"Grindley"},{"id":"833382","latitude":"52.45000000","longitude":"-2.05000000","name":"Halesowen"},{"id":"833387","latitude":"52.51666700","longitude":"-2.26666700","name":"Halfpenny Green"},{"id":"833440","latitude":"52.65000000","longitude":"-1.88333300","name":"Hammerwich"},{"id":"833455","latitude":"52.76666700","longitude":"-1.83333300","name":"Hamstall"},{"id":"833456","latitude":"52.76666700","longitude":"-1.83333300","name":"Hamstall Ridware"},{"id":"833576","latitude":"52.33333300","longitude":"-2.23333300","name":"Hartlebury"},{"id":"833596","latitude":"52.45000000","longitude":"-2.06666700","name":"Hasbury"},{"id":"833601","latitude":"52.68333300","longitude":"-1.70000000","name":"Haselour"},{"id":"833635","latitude":"52.78333300","longitude":"-2.20000000","name":"Haughton"},{"id":"833718","latitude":"52.53333300","longitude":"-2.28333300","name":"Healthton"},{"id":"833744","latitude":"52.70000000","longitude":"-2.00000000","name":"Hednesford"},{"id":"833953","latitude":"52.91666700","longitude":"-2.08333300","name":"Hilderstone"},{"id":"833986","latitude":"52.51666700","longitude":"-2.15000000","name":"Himley"},{"id":"834156","latitude":"52.83333300","longitude":"-2.10000000","name":"Hopton"},{"id":"834213","latitude":"53.11666700","longitude":"-2.08333300","name":"Horton"},{"id":"834313","latitude":"52.70000000","longitude":"-2.03333300","name":"Huntington"},{"id":"834407","latitude":"52.43333300","longitude":"-2.05000000","name":"Illey"},{"id":"834439","latitude":"52.81666700","longitude":"-2.03333300","name":"Ingestre"},{"id":"834624","latitude":"54.38333300","longitude":"-5.46666700","name":"Kearney"},{"id":"834625","latitude":"54.38333300","longitude":"-5.46666700","name":"Kearny"},{"id":"834762","latitude":"52.68333300","longitude":"-2.21666700","name":"Kiddemore Green"},{"id":"834788","latitude":"54.33333300","longitude":"-5.55000000","name":"Kilclief"},{"id":"834805","latitude":"54.06666700","longitude":"-6.01666700","name":"Kilkeel"},{"id":"834933","latitude":"52.73333300","longitude":"-1.81666700","name":"Kings Bromley"},{"id":"834981","latitude":"52.85000000","longitude":"-1.90000000","name":"Kingston"},{"id":"834995","latitude":"52.48333300","longitude":"-2.18333300","name":"Kingswinford"},{"id":"835052","latitude":"52.45000000","longitude":"-2.23333300","name":"Kinvere"},{"id":"835126","latitude":"54.43333300","longitude":"-5.48333300","name":"Kirkistown"},{"id":"835387","latitude":"52.71666700","longitude":"-2.20000000","name":"Lapley"},{"id":"835507","latitude":"53.10000000","longitude":"-2.01666700","name":"Leek"},{"id":"835615","latitude":"52.68333300","longitude":"-1.81666700","name":"Lichfield"},{"id":"835726","latitude":"52.83333300","longitude":"-2.18333300","name":"Little Bridgeford"},{"id":"836003","latitude":"52.38333300","longitude":"-3.11666700","name":"Llanfair Waterdine"},{"id":"836210","latitude":"52.38333300","longitude":"-3.11666700","name":"Llanvair Waterdine"},{"id":"836344","latitude":"52.40000000","longitude":"-1.98333300","name":"Longbridge"},{"id":"836355","latitude":"52.71666700","longitude":"-1.88333300","name":"Longdon"},{"id":"836480","latitude":"52.51666700","longitude":"-2.11666700","name":"Lower Gornal"},{"id":"836500","latitude":"52.63333300","longitude":"-1.88333300","name":"Lower Stonnall"},{"id":"836503","latitude":"51.80000000","longitude":"-0.93333300","name":"Lower Winchendon"},{"id":"836727","latitude":"52.56666700","longitude":"-1.51666700","name":"Mancetter"},{"id":"836776","latitude":"52.85000000","longitude":"-1.83333300","name":"Marchington Woodlands"},{"id":"836860","latitude":"52.93333300","longitude":"-1.78333300","name":"Marston Montgomery"},{"id":"836940","latitude":"53.15000000","longitude":"-2.01666700","name":"Meerbrook"},{"id":"837138","latitude":"52.78333300","longitude":"-2.05000000","name":"Milford"},{"id":"837203","latitude":"52.88333300","longitude":"-2.05000000","name":"Milwich"},{"id":"837231","latitude":"52.73333300","longitude":"-2.16666700","name":"Mitton"},{"id":"837241","latitude":"52.93333300","longitude":"-2.11666700","name":"Moddershall"},{"id":"837429","latitude":"54.10000000","longitude":"-6.03333300","name":"Moyad"},{"id":"837589","latitude":"52.48333300","longitude":"-2.08333300","name":"Netherton"},{"id":"837660","latitude":"52.43333300","longitude":"-3.11666700","name":"Newcastle"},{"id":"837775","latitude":"52.65000000","longitude":"-1.58333300","name":"Newton"},{"id":"837785","latitude":"52.65000000","longitude":"-1.58333300","name":"Newton Regis"},{"id":"837894","latitude":"52.41666700","longitude":"-1.96666700","name":"Northfield"},{"id":"837981","latitude":"52.86666700","longitude":"-2.20000000","name":"Norton Bridge"},{"id":"837982","latitude":"52.68333300","longitude":"-1.96666700","name":"Norton Canes"},{"id":"838064","latitude":"52.53333300","longitude":"-2.03333300","name":"Ocker Hill"},{"id":"838100","latitude":"52.55000000","longitude":"-1.53333300","name":"Oldbury"},{"id":"838112","latitude":"52.48333300","longitude":"-2.06666700","name":"Old Hill"},{"id":"838152","latitude":"53.08333300","longitude":"-1.93333300","name":"Onecote"},{"id":"838441","latitude":"52.73333300","longitude":"-2.11666700","name":"Penkridge"},{"id":"838524","latitude":"52.86666700","longitude":"-2.28333300","name":"Pershall"},{"id":"838591","latitude":"52.75000000","longitude":"-1.83333300","name":"Pipe Ridware"},{"id":"838757","latitude":"54.38333300","longitude":"-5.55000000","name":"Portaferry"},{"id":"838763","latitude":"54.45000000","longitude":"-5.45000000","name":"Portavogie"},{"id":"839019","latitude":"52.46666700","longitude":"-2.01666700","name":"Quinton"},{"id":"839085","latitude":"52.81666700","longitude":"-2.20000000","name":"Ranton"},{"id":"839278","latitude":"54.43333300","longitude":"-5.45000000","name":"Ringboy"},{"id":"839313","latitude":"54.05000000","longitude":"-5.98333300","name":"Riverside"},{"id":"839382","latitude":"52.41666700","longitude":"-2.05000000","name":"Romsley"},{"id":"839468","latitude":"52.48333300","longitude":"-2.06666700","name":"Rowley Regis"},{"id":"839469","latitude":"52.48333300","longitude":"-2.06666700","name":"Rowley"},{"id":"839492","latitude":"52.40000000","longitude":"-2.01666700","name":"Rubery"},{"id":"839502","latitude":"53.11666700","longitude":"-2.06666700","name":"Rudyard"},{"id":"839506","latitude":"52.76666700","longitude":"-1.93333300","name":"Rugeley"},{"id":"839527","latitude":"52.33333300","longitude":"-2.18333300","name":"Rushock"},{"id":"839788","latitude":"52.85000000","longitude":"-2.06666700","name":"Salt"},{"id":"839821","latitude":"52.86666700","longitude":"-2.08333300","name":"Sandon"},{"id":"839833","latitude":"52.50000000","longitude":"-1.96666700","name":"Sandwell"},{"id":"839923","latitude":"52.56666700","longitude":"-2.25000000","name":"Scisdon"},{"id":"840003","latitude":"52.53333300","longitude":"-2.11666700","name":"Sedgley"},{"id":"840010","latitude":"52.81666700","longitude":"-2.18333300","name":"Seighford"},{"id":"840011","latitude":"52.56666700","longitude":"-2.25000000","name":"Seisdon"},{"id":"840081","latitude":"52.66666700","longitude":"-2.08333300","name":"Shareshill"},{"id":"840129","latitude":"52.63333300","longitude":"-1.83333300","name":"Shenstone"},{"id":"840255","latitude":"52.80000000","longitude":"-2.01666700","name":"Shugborough"},{"id":"840259","latitude":"52.63333300","longitude":"-1.61666700","name":"Shuttington"},{"id":"840401","latitude":"52.88333300","longitude":"-2.26666700","name":"Slindon"},{"id":"840417","latitude":"52.50000000","longitude":"-2.00000000","name":"Smethwick"},{"id":"840426","latitude":"51.01666700","longitude":"0.83333300","name":"Snargate"},{"id":"840458","latitude":"52.90000000","longitude":"-1.80000000","name":"Somersal Herbert"},{"id":"840459","latitude":"52.90000000","longitude":"-1.80000000","name":"Somersall Herbert"},{"id":"840695","latitude":"52.80000000","longitude":"-2.10000000","name":"Stafford"},{"id":"840717","latitude":"52.41666700","longitude":"-2.15000000","name":"Stakenbridge"},{"id":"840965","latitude":"52.63333300","longitude":"-1.90000000","name":"Stonall"},{"id":"840978","latitude":"51.00000000","longitude":"0.76666700","name":"Stone"},{"id":"840988","latitude":"52.63333300","longitude":"-1.90000000","name":"Stonnall"},{"id":"841021","latitude":"52.83333300","longitude":"-2.00000000","name":"Stowe"},{"id":"841044","latitude":"54.36666700","longitude":"-5.50000000","name":"Strangford"},{"id":"841091","latitude":"52.70000000","longitude":"-2.16666700","name":"Stretton"},{"id":"841144","latitude":"52.88333300","longitude":"-2.28333300","name":"Sugnall"},{"id":"841230","latitude":"52.53333300","longitude":"-2.01666700","name":"Swan Village"},{"id":"841261","latitude":"52.91666700","longitude":"-2.21666700","name":"Swinnerton"},{"id":"841268","latitude":"52.91666700","longitude":"-2.21666700","name":"Swynnerton"},{"id":"841321","latitude":"52.61666700","longitude":"-1.68333300","name":"Tamworth"},{"id":"841547","latitude":"52.66666700","longitude":"-1.61666700","name":"Thorpe Constantine"},{"id":"841689","latitude":"52.51666700","longitude":"-2.08333300","name":"Tipton"},{"id":"841707","latitude":"52.80000000","longitude":"-2.03333300","name":"Tixall"},{"id":"841796","latitude":"52.35000000","longitude":"-2.23333300","name":"Torton"},{"id":"841945","latitude":"52.53333300","longitude":"-2.23333300","name":"Trysull"},{"id":"842131","latitude":"53.13333300","longitude":"-1.98333300","name":"Upper Hulme"},{"id":"842148","latitude":"52.61666700","longitude":"-1.90000000","name":"Upper Stonnall"},{"id":"842154","latitude":"51.81666700","longitude":"-0.91666700","name":"Upper Winchendon"},{"id":"842194","latitude":"52.90000000","longitude":"-1.85000000","name":"Uttoxeter"},{"id":"842231","latitude":"51.83333300","longitude":"-0.91666700","name":"Waddesdon"},{"id":"842469","latitude":"51.05000000","longitude":"0.83333300","name":"Wavehorne"},{"id":"842494","latitude":"52.55000000","longitude":"-2.01666700","name":"Wednesbury"},{"id":"842495","latitude":"52.60000000","longitude":"-2.08333300","name":"Wednesfield"},{"id":"842499","latitude":"52.61666700","longitude":"-1.78333300","name":"Weeford"},{"id":"842597","latitude":"52.51666700","longitude":"-2.00000000","name":"West Bromwich"},{"id":"842625","latitude":"51.83333300","longitude":"-0.95000000","name":"Westcott"},{"id":"842753","latitude":"52.83333300","longitude":"-2.03333300","name":"Weston upon Trent"},{"id":"842764","latitude":"52.83333300","longitude":"-2.03333300","name":"Weston"},{"id":"842864","latitude":"52.71666700","longitude":"-2.21666700","name":"Wheaton Aston"},{"id":"842933","latitude":"52.85000000","longitude":"-2.15000000","name":"Whitgreave"},{"id":"842934","latitude":"52.56666700","longitude":"-1.51666700","name":"Whitherley"},{"id":"842962","latitude":"52.68333300","longitude":"-1.76666700","name":"Whittington"},{"id":"842985","latitude":"52.73333300","longitude":"-1.73333300","name":"Wichnor"},{"id":"843011","latitude":"54.18333300","longitude":"-5.88333300","name":"Widows Row"},{"id":"843019","latitude":"52.65000000","longitude":"-1.68333300","name":"Wigginton"},{"id":"843046","latitude":"52.60000000","longitude":"-2.03333300","name":"Willenhall"},{"id":"843078","latitude":"52.60000000","longitude":"-1.66666700","name":"Wilnecote"},{"id":"843222","latitude":"51.00000000","longitude":"0.70000000","name":"Wittersham"},{"id":"843262","latitude":"52.53333300","longitude":"-2.18333300","name":"Wombourn"},{"id":"843311","latitude":"52.50000000","longitude":"-2.11666700","name":"Woodside"},{"id":"843367","latitude":"52.46666700","longitude":"-2.16666700","name":"Wordesley"},{"id":"843368","latitude":"52.46666700","longitude":"-2.16666700","name":"Wordsley"},{"id":"843454","latitude":"52.73333300","longitude":"-1.73333300","name":"Wychnor"},{"id":"843460","latitude":"52.73333300","longitude":"-1.73333300","name":"Wyehnor"},{"id":"843476","latitude":"52.68333300","longitude":"-2.01666700","name":"Wyrley"},{"id":"843542","latitude":"52.75000000","longitude":"-1.78333300","name":"Yoxall"}]