[{"id":"826707","latitude":"51.69888900","longitude":"-3.42694400","name":"Aberaman"},{"id":"826724","latitude":"51.63916700","longitude":"-3.33666700","name":"Abercynon"},{"id":"826726","latitude":"51.71500000","longitude":"-3.45416700","name":"Aberdare"},{"id":"826766","latitude":"51.71944400","longitude":"-3.43027800","name":"Aber-nant"},{"id":"826768","latitude":"51.63916700","longitude":"-3.33666700","name":"Aberoynon"},{"id":"827957","latitude":"51.55750000","longitude":"-3.35611100","name":"Beddau"},{"id":"829062","latitude":"51.53944400","longitude":"-3.46416700","name":"Brynna"},{"id":"830164","latitude":"51.62666700","longitude":"-3.47611100","name":"Clydach Vale"},{"id":"830223","latitude":"51.56611100","longitude":"-3.41500000","name":"Coedely"},{"id":"830224","latitude":"51.56611100","longitude":"-3.41500000","name":"Coed Ely"},{"id":"830633","latitude":"51.90000000","longitude":"-3.61666700","name":"Cray"},{"id":"830909","latitude":"51.68611100","longitude":"-3.44166700","name":"Cwmaman"},{"id":"830916","latitude":"51.70555600","longitude":"-3.40944400","name":"Cwmbach"},{"id":"830925","latitude":"51.72055600","longitude":"-3.47277800","name":"Cwmdare"},{"id":"830936","latitude":"51.65361100","longitude":"-3.51972200","name":"Cwmparc"},{"id":"832243","latitude":"51.66055600","longitude":"-3.44750000","name":"Ferndale"},{"id":"832745","latitude":"51.59138900","longitude":"-3.47166700","name":"Gilfach Goch"},{"id":"833799","latitude":"51.58277800","longitude":"-3.45527800","name":"Hendreforgan"},{"id":"833800","latitude":"51.58277800","longitude":"-3.45527800","name":"Hendre-Forgan"},{"id":"834016","latitude":"51.73916700","longitude":"-3.51027800","name":"Hirwain"},{"id":"834017","latitude":"51.73916700","longitude":"-3.51027800","name":"Hirwaun"},{"id":"836112","latitude":"51.54027800","longitude":"-3.44194400","name":"Llanharan"},{"id":"836113","latitude":"51.51416700","longitude":"-3.42722200","name":"Llanharry"},{"id":"836114","latitude":"51.51416700","longitude":"-3.42722200","name":"Llanhary"},{"id":"836120","latitude":"51.55555600","longitude":"-3.33666700","name":"Llanilltud Faerdref"},{"id":"836199","latitude":"51.54027800","longitude":"-3.37388900","name":"Llantrisant"},{"id":"836200","latitude":"51.54027800","longitude":"-3.37388900","name":"Llantrissant"},{"id":"836202","latitude":"51.55555600","longitude":"-3.33666700","name":"Llantwit Fardre"},{"id":"836204","latitude":"51.55555600","longitude":"-3.33666700","name":"Llantwitt-fardre"},{"id":"836205","latitude":"51.55555600","longitude":"-3.33666700","name":"Llantwitvairdre"},{"id":"836228","latitude":"51.65000000","longitude":"-3.40000000","name":"Llanwonno"},{"id":"836260","latitude":"51.73500000","longitude":"-3.45944400","name":"Llwydcoed"},{"id":"836263","latitude":"51.63333300","longitude":"-3.45000000","name":"Llwynpia"},{"id":"836265","latitude":"51.63333300","longitude":"-3.45000000","name":"Llwyn-y-pia"},{"id":"836266","latitude":"51.63333300","longitude":"-3.45000000","name":"Llwynypia"},{"id":"836663","latitude":"51.67527800","longitude":"-3.48666700","name":"Maerdy"},{"id":"836783","latitude":"51.67527800","longitude":"-3.48666700","name":"Mardy"},{"id":"837408","latitude":"51.67888900","longitude":"-3.38055600","name":"Mountain Ash"},{"id":"837519","latitude":"51.56083300","longitude":"-3.26666700","name":"Nantgarw"},{"id":"838429","latitude":"51.76861100","longitude":"-3.52444400","name":"Penderyn"},{"id":"838511","latitude":"51.73166700","longitude":"-3.48250000","name":"Penywaun"},{"id":"838738","latitude":"51.60138900","longitude":"-3.34472200","name":"Pontypridd"},{"id":"838799","latitude":"51.61305600","longitude":"-3.40361100","name":"Porth"},{"id":"839210","latitude":"51.73972200","longitude":"-3.55944400","name":"Rhigos"},{"id":"839213","latitude":"51.65000000","longitude":"-3.48333300","name":"Rhondda"},{"id":"841759","latitude":"51.62027800","longitude":"-3.45472200","name":"Tonypandy"},{"id":"841760","latitude":"51.58361100","longitude":"-3.42527800","name":"Tonyrefail"},{"id":"841859","latitude":"51.58527800","longitude":"-3.32694400","name":"Treforest"},{"id":"841868","latitude":"51.61194400","longitude":"-3.38416700","name":"Trehafod"},{"id":"841870","latitude":"51.67138900","longitude":"-3.52972200","name":"Treherbert"},{"id":"841889","latitude":"51.66083300","longitude":"-3.50555600","name":"Treorchy"},{"id":"841890","latitude":"51.66083300","longitude":"-3.50555600","name":"Treorci"},{"id":"841891","latitude":"51.66083300","longitude":"-3.50555600","name":"Treorky"},{"id":"843552","latitude":"51.80000000","longitude":"-3.55000000","name":"Ystradfellte"}]