[{"id":"103708","latitude":"-31.38333330","longitude":"-64.18333330","name":"17 de Octubre"},{"id":"103756","latitude":"-33.16666670","longitude":"-65.00000000","name":"Achiras"},{"id":"103769","latitude":"-33.61666670","longitude":"-64.03333330","name":"Adelia Mar\u00eda"},{"id":"103801","latitude":"-30.81666670","longitude":"-64.20000000","name":"Agua de las Piedras"},{"id":"103802","latitude":"-30.71666670","longitude":"-64.10000000","name":"Agua del Cha\u00f1ar"},{"id":"103804","latitude":"-31.25000000","longitude":"-65.33333330","name":"Agua del Tala"},{"id":"103805","latitude":"-31.06666670","longitude":"-64.30000000","name":"Agua de Oro"},{"id":"103806","latitude":"-30.78333330","longitude":"-65.35000000","name":"Agua de Ram\u00f3n"},{"id":"103817","latitude":"-30.78333330","longitude":"-65.35000000","name":"Aguas de Ram\u00f3n"},{"id":"103822","latitude":"-30.86666670","longitude":"-64.56666670","name":"\u00c1guila Blanca"},{"id":"103834","latitude":"-29.55000000","longitude":"-64.15000000","name":"Ah\u00ed Veremos"},{"id":"103860","latitude":"-32.75000000","longitude":"-64.33333330","name":"Alcira"},{"id":"103862","latitude":"-33.11666670","longitude":"-62.10000000","name":"Aldao"},{"id":"103908","latitude":"-33.61666670","longitude":"-62.61666670","name":"A. Ledesma"},{"id":"103911","latitude":"-33.35000000","longitude":"-63.71666670","name":"Alejandro"},{"id":"103914","latitude":"-33.35000000","longitude":"-63.71666670","name":"Alejandro Roca"},{"id":"103916","latitude":"-33.61666670","longitude":"-62.61666670","name":"Alejo Ledesma"},{"id":"103939","latitude":"-31.95000000","longitude":"-62.48333330","name":"Alicia"},{"id":"103944","latitude":"-32.20000000","longitude":"-64.25000000","name":"Almafuerte"},{"id":"103955","latitude":"-32.68333330","longitude":"-64.73333330","name":"Alpa Corral"},{"id":"103960","latitude":"-29.80000000","longitude":"-63.61666670","name":"Alta C\u00f3rdoba"},{"id":"103961","latitude":"-31.60000000","longitude":"-64.36666670","name":"Alta de la Piedra"},{"id":"103963","latitude":"-31.66666670","longitude":"-64.43333330","name":"Alta Gracia"},{"id":"103971","latitude":"-31.78333330","longitude":"-65.16666670","name":"Altautina"},{"id":"103973","latitude":"-32.35000000","longitude":"-62.88333330","name":"Alto Alegre"},{"id":"103976","latitude":"-31.38333330","longitude":"-64.18333330","name":"Alto Cordoba"},{"id":"103977","latitude":"-30.40000000","longitude":"-64.03333330","name":"Alto de Flores"},{"id":"103980","latitude":"-31.60000000","longitude":"-64.36666670","name":"Alto de la Piedra"},{"id":"103986","latitude":"-31.38333330","longitude":"-65.20000000","name":"Alto del Tala"},{"id":"103988","latitude":"-31.05000000","longitude":"-64.46666670","name":"Alto de San Pedro"},{"id":"103991","latitude":"-30.91666670","longitude":"-64.30000000","name":"Alto Fresco"},{"id":"104003","latitude":"-31.05000000","longitude":"-64.46666670","name":"Alto San Pedro"},{"id":"104004","latitude":"-30.95000000","longitude":"-62.35000000","name":"Altos de Chipi\u00f3n"},{"id":"104006","latitude":"-30.18333330","longitude":"-64.11666670","name":"Alto Verde"},{"id":"104034","latitude":"-32.18333330","longitude":"-64.58333330","name":"Amboy"},{"id":"104036","latitude":"-31.48333330","longitude":"-65.05000000","name":"Ambul"},{"id":"104054","latitude":"-32.40000000","longitude":"-63.06666670","name":"Ana Zumar\u00e1n"},{"id":"104097","latitude":"-31.73333330","longitude":"-64.40000000","name":"Anisacate"},{"id":"104098","latitude":"-31.73333330","longitude":"-64.40000000","name":"Anizacate"},{"id":"104150","latitude":"-30.13333330","longitude":"-64.73333330","name":"\u00c1rbol Blanco"},{"id":"104168","latitude":"-31.35000000","longitude":"-64.25000000","name":"Arg\u00fcello"},{"id":"104169","latitude":"-33.63333330","longitude":"-62.41666670","name":"Arias"},{"id":"104184","latitude":"-31.41666670","longitude":"-63.05000000","name":"Arroyito"},{"id":"104190","latitude":"-32.20000000","longitude":"-63.16666670","name":"Arroyo Algod\u00f3n"},{"id":"104193","latitude":"-32.48333330","longitude":"-63.38333330","name":"Arroyo Cabral"},{"id":"104197","latitude":"-31.55000000","longitude":"-63.21666670","name":"Arroyo de \u00c1lvarez"},{"id":"104224","latitude":"-32.16666670","longitude":"-63.88333330","name":"Ascasubi"},{"id":"104226","latitude":"-30.95000000","longitude":"-64.26666670","name":"Ascochinga"},{"id":"104228","latitude":"-33.63333330","longitude":"-63.20000000","name":"Assunta"},{"id":"104234","latitude":"-30.88333330","longitude":"-63.68333330","name":"Atahona"},{"id":"104244","latitude":"-31.98333330","longitude":"-64.70000000","name":"Atos Pampa"},{"id":"104255","latitude":"-32.65000000","longitude":"-63.23333330","name":"Ausonia"},{"id":"104259","latitude":"-30.58333330","longitude":"-64.20000000","name":"Avellaneda"},{"id":"104301","latitude":"-31.71666670","longitude":"-64.33333330","name":"Bajo Chico"},{"id":"104306","latitude":"-31.61666670","longitude":"-64.21666670","name":"Bajo Grande"},{"id":"104330","latitude":"-31.80000000","longitude":"-65.68333330","name":"Balde de la Mora"},{"id":"104342","latitude":"-32.55000000","longitude":"-62.98333330","name":"Ballesteros"},{"id":"104343","latitude":"-32.58333330","longitude":"-63.03333330","name":"Ballesteros Sud"},{"id":"104344","latitude":"-32.58333330","longitude":"-63.03333330","name":"Ballesteros Sur"},{"id":"104345","latitude":"-31.00000000","longitude":"-62.66666670","name":"Balnearia"},{"id":"104373","latitude":"-30.76666670","longitude":"-65.03333330","name":"Ba\u00f1ado de Soto"},{"id":"104414","latitude":"-30.86666670","longitude":"-64.08333330","name":"Barranca Yaco"},{"id":"104417","latitude":"-29.71666670","longitude":"-64.21666670","name":"Barreal"},{"id":"104422","latitude":"-33.35000000","longitude":"-63.30000000","name":"Barreto"},{"id":"104438","latitude":"-32.70000000","longitude":"-62.11666670","name":"Barrio del Panal"},{"id":"104443","latitude":"-31.45000000","longitude":"-64.25000000","name":"Barrio Flores"},{"id":"104446","latitude":"-32.63333330","longitude":"-62.30000000","name":"Barrio La Fortuna"},{"id":"104452","latitude":"-32.16666670","longitude":"-64.13333330","name":"Barrio Monte Grande"},{"id":"104467","latitude":"-30.36666670","longitude":"-65.30000000","name":"Batea"},{"id":"104492","latitude":"-29.53333330","longitude":"-64.16666670","name":"Bella Vista"},{"id":"104506","latitude":"-32.61666670","longitude":"-62.70000000","name":"Bell Ville"},{"id":"104511","latitude":"-33.03333330","longitude":"-63.68333330","name":"Bengolea"},{"id":"104515","latitude":"-33.58333330","longitude":"-62.73333330","name":"Benjam\u00ed Gould"},{"id":"104517","latitude":"-33.58333330","longitude":"-62.73333330","name":"Benjam\u00edn Gould"},{"id":"104539","latitude":"-33.35000000","longitude":"-63.30000000","name":"Berreta"},{"id":"104543","latitude":"-32.46666670","longitude":"-64.40000000","name":"Berrotar\u00e1n"},{"id":"104549","latitude":"-31.30000000","longitude":"-64.46666670","name":"Bialet Mass\u00e9"},{"id":"104562","latitude":"-31.26666670","longitude":"-63.86666670","name":"Blas de Rosales"},{"id":"104570","latitude":"-33.31666670","longitude":"-64.73333330","name":"Boca del Tigre"},{"id":"104602","latitude":"-31.56666670","longitude":"-64.18333330","name":"Bouwer"},{"id":"104616","latitude":"-33.46666670","longitude":"-62.71666670","name":"Bremen"},{"id":"104618","latitude":"-30.86666670","longitude":"-62.03333330","name":"Brinkman"},{"id":"104619","latitude":"-30.86666670","longitude":"-62.03333330","name":"Brinkmann"},{"id":"104624","latitude":"-34.71666670","longitude":"-63.51666670","name":"Buchardo"},{"id":"104631","latitude":"-31.73333330","longitude":"-64.10000000","name":"Buena Vista"},{"id":"104640","latitude":"-31.21666670","longitude":"-63.31666670","name":"Buey Muerto"},{"id":"104641","latitude":"-33.51666670","longitude":"-64.68333330","name":"Bulnes"},{"id":"104644","latitude":"-34.75000000","longitude":"-63.60000000","name":"Burmeister"},{"id":"104664","latitude":"-31.36666670","longitude":"-64.56666670","name":"Cabalonga"},{"id":"104665","latitude":"-31.21666670","longitude":"-64.36666670","name":"Cabana"},{"id":"104666","latitude":"-30.76666670","longitude":"-64.21666670","name":"Caba\u00f1a de R\u00edo Pinto"},{"id":"104673","latitude":"-30.98333330","longitude":"-63.83333330","name":"Cabinda"},{"id":"104674","latitude":"-31.31666670","longitude":"-63.13333330","name":"Cabituyo"},{"id":"104679","latitude":"-32.80000000","longitude":"-63.86666670","name":"Cabrera"},{"id":"104689","latitude":"-29.61666670","longitude":"-64.05000000","name":"Cachi Yaco"},{"id":"104691","latitude":"-29.61666670","longitude":"-64.05000000","name":"Cachi Yacu"},{"id":"104693","latitude":"-30.53333330","longitude":"-65.26666670","name":"Cachiyuyo"},{"id":"104700","latitude":"-31.31666670","longitude":"-65.50000000","name":"Cadillo"},{"id":"104719","latitude":"-30.53333330","longitude":"-64.35000000","name":"Calch\u00edn"},{"id":"104721","latitude":"-33.11666670","longitude":"-62.10000000","name":"Caldao"},{"id":"104722","latitude":"-33.11666670","longitude":"-62.10000000","name":"C. Aldao"},{"id":"104728","latitude":"-31.78333330","longitude":"-65.15000000","name":"Calera"},{"id":"104740","latitude":"-32.05000000","longitude":"-64.46666670","name":"Calmayo"},{"id":"104748","latitude":"-33.11666670","longitude":"-62.10000000","name":"Camilo Aldao"},{"id":"104749","latitude":"-30.06666670","longitude":"-64.05000000","name":"Cami\u00f1aga"},{"id":"104750","latitude":"-30.06666670","longitude":"-64.05000000","name":"Caminiaga"},{"id":"104774","latitude":"-30.05000000","longitude":"-63.60000000","name":"Campo Grande"},{"id":"104793","latitude":"-30.06666670","longitude":"-63.35000000","name":"Ca\u00f1ada"},{"id":"104795","latitude":"-32.38333330","longitude":"-64.55000000","name":"Ca\u00f1ada de \u00c1lvarez"},{"id":"104796","latitude":"-31.11666670","longitude":"-64.66666670","name":"Ca\u00f1ada de Coro"},{"id":"104799","latitude":"-30.86666670","longitude":"-63.81666670","name":"Ca\u00f1ada de Jume"},{"id":"104801","latitude":"-31.11666670","longitude":"-64.66666670","name":"Ca\u00f1ada del Coro"},{"id":"104803","latitude":"-30.71666670","longitude":"-63.71666670","name":"Ca\u00f1ada de Luque"},{"id":"104804","latitude":"-31.41666670","longitude":"-63.58333330","name":"Ca\u00f1ada de Machado"},{"id":"104806","latitude":"-30.76666670","longitude":"-64.21666670","name":"Ca\u00f1ada de R\u00edo Pinto"},{"id":"104807","latitude":"-31.30000000","longitude":"-65.20000000","name":"Ca\u00f1ada de Salas"},{"id":"104808","latitude":"-30.55000000","longitude":"-63.50000000","name":"Ca\u00f1ada Honda"},{"id":"104811","latitude":"-32.31666670","longitude":"-65.10000000","name":"Ca\u00f1ada La Negra"},{"id":"104813","latitude":"-30.90000000","longitude":"-64.33333330","name":"Ca\u00f1ada Martel"},{"id":"104819","latitude":"-34.83333330","longitude":"-64.58333330","name":"Ca\u00f1ada Verde"},{"id":"104832","latitude":"-33.55000000","longitude":"-62.88333330","name":"Canals"},{"id":"104838","latitude":"-29.81666670","longitude":"-63.33333330","name":"Candelaria"},{"id":"104844","latitude":"-29.81666670","longitude":"-63.33333330","name":"Candelaria Norte"},{"id":"104845","latitude":"-30.81666670","longitude":"-63.80000000","name":"Candelarias"},{"id":"104846","latitude":"-30.81666670","longitude":"-63.80000000","name":"Candelaria Sud"},{"id":"104847","latitude":"-30.81666670","longitude":"-63.80000000","name":"Candelaria Totoral"},{"id":"104849","latitude":"-31.10000000","longitude":"-64.36666670","name":"Candonga"},{"id":"104857","latitude":"-32.63333330","longitude":"-64.60000000","name":"Cano"},{"id":"104865","latitude":"-30.83333330","longitude":"-64.66666670","name":"Canteras Quilpo"},{"id":"104874","latitude":"-31.25000000","longitude":"-63.78333330","name":"Capilla de Dolores"},{"id":"104875","latitude":"-31.28333330","longitude":"-63.41666670","name":"Capilla de la Sagrada Familia"},{"id":"104876","latitude":"-31.40000000","longitude":"-65.45000000","name":"Capilla del Carmen"},{"id":"104877","latitude":"-30.85000000","longitude":"-64.51666670","name":"Capilla del Monte"},{"id":"104878","latitude":"-31.43333330","longitude":"-63.81666670","name":"Capilla de los Remedios"},{"id":"104881","latitude":"-32.13333330","longitude":"-65.21666670","name":"Capilla de Romero"},{"id":"104882","latitude":"-31.50000000","longitude":"-62.81666670","name":"Capilla de San Antonio"},{"id":"104883","latitude":"-30.58333330","longitude":"-63.71666670","name":"Capilla de Sit\u00f3n"},{"id":"104884","latitude":"-31.43333330","longitude":"-63.81666670","name":"Capilla Remedios"},{"id":"104896","latitude":"-33.25000000","longitude":"-62.28333330","name":"Capit\u00e1n General Bernardo O'Higgins"},{"id":"104917","latitude":"-34.06666670","longitude":"-63.61666670","name":"Carapalig\u00fce"},{"id":"104918","latitude":"-30.65000000","longitude":"-64.10000000","name":"Carapato"},{"id":"104924","latitude":"-32.48333330","longitude":"-63.10000000","name":"Carcano"},{"id":"104952","latitude":"-32.91666670","longitude":"-64.03333330","name":"Carnerillo"},{"id":"104954","latitude":"-33.51666670","longitude":"-64.21666670","name":"Carolina"},{"id":"104956","latitude":"-31.03333330","longitude":"-64.08333330","name":"Caroya"},{"id":"104964","latitude":"-31.16666670","longitude":"-64.18333330","name":"Carreta Quebrada"},{"id":"104966","latitude":"-31.86666670","longitude":"-63.13333330","name":"Carrilobo"},{"id":"104977","latitude":"-31.35000000","longitude":"-64.40000000","name":"Casa Bamba"},{"id":"104983","latitude":"-31.36666670","longitude":"-64.45000000","name":"Casaffousth"},{"id":"104985","latitude":"-31.16666670","longitude":"-64.48333330","name":"Casa Grande"},{"id":"104994","latitude":"-32.58333330","longitude":"-64.25000000","name":"Casas Coloradas"},{"id":"104998","latitude":"-31.18333330","longitude":"-64.61666670","name":"Cascada de Olaen"},{"id":"105000","latitude":"-32.30000000","longitude":"-62.90000000","name":"Caser\u00edo La Lonja"},{"id":"105009","latitude":"-29.81666670","longitude":"-64.06666670","name":"Caspi"},{"id":"105014","latitude":"-31.36666670","longitude":"-64.45000000","name":"Cassaffousth"},{"id":"105027","latitude":"-33.25000000","longitude":"-62.60000000","name":"Castro Urdiales"},{"id":"105038","latitude":"-31.36666670","longitude":"-64.56666670","name":"Cavalango"},{"id":"105039","latitude":"-33.48333330","longitude":"-62.35000000","name":"Cavanagh"},{"id":"105044","latitude":"-32.78333330","longitude":"-63.11666670","name":"Cayuqueo"},{"id":"105088","latitude":"-30.10000000","longitude":"-63.93333330","name":"Cerro Colorado"},{"id":"105115","latitude":"-30.80000000","longitude":"-65.66666670","name":"Chacho"},{"id":"105121","latitude":"-30.45000000","longitude":"-64.05000000","name":"Chacras Viejas"},{"id":"105123","latitude":"-33.55000000","longitude":"-65.00000000","name":"Chaj\u00e1n"},{"id":"105125","latitude":"-30.65000000","longitude":"-63.60000000","name":"Chalacea Centro"},{"id":"105126","latitude":"-30.73333330","longitude":"-63.56666670","name":"Chalacea"},{"id":"105133","latitude":"-31.41666670","longitude":"-65.10000000","name":"Chamic\u00f3"},{"id":"105139","latitude":"-33.28333330","longitude":"-64.81666670","name":"Cha\u00f1aritas"},{"id":"105143","latitude":"-33.28333330","longitude":"-64.81666670","name":"Cha\u00f1aritos"},{"id":"105153","latitude":"-30.00000000","longitude":"-63.88333330","name":"Cha\u00f1ar Viejo"},{"id":"105154","latitude":"-31.40000000","longitude":"-65.45000000","name":"Chancan\u00ed"},{"id":"105165","latitude":"-31.11666670","longitude":"-64.75000000","name":"Characate"},{"id":"105170","latitude":"-30.76666670","longitude":"-64.53333330","name":"Charbonier"},{"id":"105174","latitude":"-33.01666670","longitude":"-64.06666670","name":"Charras"},{"id":"105187","latitude":"-33.10000000","longitude":"-63.28333330","name":"Chaz\u00f3n"},{"id":"105209","latitude":"-32.33333330","longitude":"-62.50000000","name":"Chilibroste"},{"id":"105251","latitude":"-31.98333330","longitude":"-65.10000000","name":"Chuchiras"},{"id":"105253","latitude":"-33.01666670","longitude":"-64.18333330","name":"Chucul"},{"id":"105258","latitude":"-30.46666670","longitude":"-64.66666670","name":"Chu\u00f1a"},{"id":"105259","latitude":"-29.93333330","longitude":"-64.11666670","name":"Chu\u00f1a Huasi"},{"id":"105262","latitude":"-30.15000000","longitude":"-63.93333330","name":"Churqui Ca\u00f1ada"},{"id":"105263","latitude":"-30.15000000","longitude":"-63.93333330","name":"Churqui"},{"id":"105274","latitude":"-31.73333330","longitude":"-65.11666670","name":"Ci\u00e9naga de Allende"},{"id":"105275","latitude":"-31.26666670","longitude":"-64.93333330","name":"Ci\u00e9naga de Britos"},{"id":"105276","latitude":"-31.05000000","longitude":"-65.30000000","name":"Ci\u00e9naga del Coro"},{"id":"105292","latitude":"-32.85000000","longitude":"-64.26666670","name":"Cinco Esquinas"},{"id":"105294","latitude":"-32.30000000","longitude":"-62.65000000","name":"Cintra"},{"id":"105303","latitude":"-31.41666670","longitude":"-63.58333330","name":"Ciudad de Machado"},{"id":"105320","latitude":"-33.53333330","longitude":"-63.33333330","name":"Clausurada"},{"id":"105358","latitude":"-31.93333330","longitude":"-63.40000000","name":"Colazo"},{"id":"105360","latitude":"-31.93333330","longitude":"-63.40000000","name":"Colazzo"},{"id":"105386","latitude":"-32.03333330","longitude":"-63.86666670","name":"Colonia Almada"},{"id":"105392","latitude":"-31.13333330","longitude":"-62.23333330","name":"Colonia Anita"},{"id":"105404","latitude":"-33.30000000","longitude":"-62.70000000","name":"Colonia Bismarck"},{"id":"105408","latitude":"-33.46666670","longitude":"-62.71666670","name":"Colonia Bremen"},{"id":"105416","latitude":"-31.03333330","longitude":"-64.08333330","name":"Colonia Caroya"},{"id":"105432","latitude":"-31.20000000","longitude":"-62.98333330","name":"Colonia Coyunda"},{"id":"105441","latitude":"-33.03333330","longitude":"-64.43333330","name":"Colonia El Carmen"},{"id":"105443","latitude":"-32.75000000","longitude":"-62.35000000","name":"Colonia el Chaj\u00e1"},{"id":"105445","latitude":"-31.08333330","longitude":"-63.16666670","name":"Colonia El Fort\u00edn"},{"id":"105453","latitude":"-31.00000000","longitude":"-63.05000000","name":"Colonia El Tostado"},{"id":"105462","latitude":"-33.11666670","longitude":"-62.31666670","name":"Colonia General Baldissera"},{"id":"105464","latitude":"-31.65000000","longitude":"-63.03333330","name":"Colonia General Deheza"},{"id":"105472","latitude":"-30.85000000","longitude":"-64.26666670","name":"Colonia Hogar"},{"id":"105475","latitude":"-31.23333330","longitude":"-64.05000000","name":"Colonia Holandesa"},{"id":"105492","latitude":"-31.21666670","longitude":"-63.21666670","name":"Colonia Las Cuatro Esquinas"},{"id":"105497","latitude":"-31.21666670","longitude":"-63.03333330","name":"Colonia La Tordilla"},{"id":"105500","latitude":"-30.36666670","longitude":"-62.11666670","name":"Colonia Mackinlay"},{"id":"105505","latitude":"-31.25000000","longitude":"-62.35000000","name":"Colonia Marina"},{"id":"105514","latitude":"-31.66666670","longitude":"-63.31666670","name":"Colonia Minetti"},{"id":"105533","latitude":"-33.25000000","longitude":"-62.28333330","name":"Colonia Progreso"},{"id":"105535","latitude":"-31.63333330","longitude":"-62.36666670","name":"Colonia Prosperidad"},{"id":"105538","latitude":"-31.26666670","longitude":"-64.01666670","name":"Colonia R\u00edo Chico"},{"id":"105543","latitude":"-32.31666670","longitude":"-63.48333330","name":"Colonia San Antonio"},{"id":"105544","latitude":"-31.53333330","longitude":"-62.71666670","name":"Colonia San Bartolom\u00e9"},{"id":"105557","latitude":"-30.78333330","longitude":"-61.91666670","name":"Colonia San Pedro"},{"id":"105558","latitude":"-31.26666670","longitude":"-62.81666670","name":"Colonia San Rafael"},{"id":"105561","latitude":"-32.08333330","longitude":"-63.98333330","name":"Colonia Santa Catalina"},{"id":"105563","latitude":"-31.58333330","longitude":"-62.41666670","name":"Colonia Santa Mar\u00eda"},{"id":"105591","latitude":"-31.23333330","longitude":"-64.08333330","name":"Colonia Tirolesa"},{"id":"105594","latitude":"-31.05000000","longitude":"-62.35000000","name":"Colonia Udine"},{"id":"105597","latitude":"-31.03333330","longitude":"-62.25000000","name":"Colonia Valtelina"},{"id":"105598","latitude":"-31.03333330","longitude":"-62.25000000","name":"Colonia Valterina"},{"id":"105599","latitude":"-32.86666670","longitude":"-61.96666670","name":"Colonia Veinticinco"},{"id":"105603","latitude":"-31.88333330","longitude":"-63.53333330","name":"Colonia Videla"},{"id":"105608","latitude":"-31.03333330","longitude":"-62.25000000","name":"Colonia Waltelina"},{"id":"105633","latitude":"-31.31666670","longitude":"-62.83333330","name":"Concepci\u00f3n"},{"id":"105648","latitude":"-32.33333330","longitude":"-64.26666670","name":"C\u00f3ndores"},{"id":"105657","latitude":"-32.08333330","longitude":"-65.23333330","name":"Conlara"},{"id":"105668","latitude":"-30.65000000","longitude":"-64.51666670","name":"Copacabana"},{"id":"105670","latitude":"-31.56666670","longitude":"-64.70000000","name":"Copina"},{"id":"105678","latitude":"-31.45000000","longitude":"-63.98333330","name":"Coraz\u00f3n de Mar\u00eda"},{"id":"105684","latitude":"-31.40000000","longitude":"-64.18333330","name":"C\u00f3rdoba"},{"id":"105687","latitude":"-33.51666670","longitude":"-64.21666670","name":"Corolina"},{"id":"105693","latitude":"-32.85000000","longitude":"-64.36666670","name":"Coronel Baigorria"},{"id":"105725","latitude":"-33.63333330","longitude":"-64.60000000","name":"Coronel Moldes"},{"id":"105732","latitude":"-31.48333330","longitude":"-64.16666670","name":"Coronel Olmedo"},{"id":"105754","latitude":"-30.28333330","longitude":"-64.05000000","name":"Corral de Barranca"},{"id":"105755","latitude":"-33.28333330","longitude":"-62.20000000","name":"Corral de Bustos"},{"id":"105758","latitude":"-32.06666670","longitude":"-62.80000000","name":"Corral del Bajo"},{"id":"105760","latitude":"-31.78333330","longitude":"-63.01666670","name":"Corral de Mulas"},{"id":"105763","latitude":"-32.05000000","longitude":"-64.20000000","name":"Corralito"},{"id":"105779","latitude":"-31.71666670","longitude":"-64.10000000","name":"Cosme"},{"id":"105780","latitude":"-31.71666670","longitude":"-64.10000000","name":"Cosme Norte"},{"id":"105781","latitude":"-31.88333330","longitude":"-64.11666670","name":"Cosme Sud"},{"id":"105782","latitude":"-31.25000000","longitude":"-64.48333330","name":"Cosqu\u00edn"},{"id":"105789","latitude":"-31.65000000","longitude":"-63.76666670","name":"Costa Sacate"},{"id":"105790","latitude":"-30.91666670","longitude":"-62.08333330","name":"Cotagaita"},{"id":"105801","latitude":"-30.65000000","longitude":"-64.06666670","name":"Crest\u00f3n de Piedra"},{"id":"105809","latitude":"-33.00750000","longitude":"-61.81305560","name":"Cruz Alta"},{"id":"105810","latitude":"-30.96666670","longitude":"-64.48333330","name":"Cruz Chica"},{"id":"105811","latitude":"-31.06666670","longitude":"-64.95000000","name":"Cruz de Ca\u00f1a"},{"id":"105813","latitude":"-30.73333330","longitude":"-64.80000000","name":"Cruz del Eje"},{"id":"105815","latitude":"-30.98333330","longitude":"-63.95000000","name":"Cruz del Quemado"},{"id":"105817","latitude":"-30.93333330","longitude":"-64.50000000","name":"Cruz Grande"},{"id":"105819","latitude":"-30.50000000","longitude":"-64.31666670","name":"Cruz Mojada"},{"id":"105827","latitude":"-32.71666670","longitude":"-62.61666670","name":"Cuatro Caminos"},{"id":"105833","latitude":"-33.06666670","longitude":"-64.56666670","name":"Cuatro Vientos"},{"id":"105838","latitude":"-30.98333330","longitude":"-64.60000000","name":"Cuchi Corral"},{"id":"105847","latitude":"-31.15000000","longitude":"-64.55000000","name":"Cueva de los Indios"},{"id":"105848","latitude":"-31.30000000","longitude":"-64.56666670","name":"Cueva de los Pajaritos"},{"id":"105862","latitude":"-34.06666670","longitude":"-63.61666670","name":"Curapalig\u00fc\u00e9"},{"id":"105876","latitude":"-31.65000000","longitude":"-63.03333330","name":"Daheza"},{"id":"105878","latitude":"-32.60000000","longitude":"-63.58333330","name":"Dalmacio V\u00e9lez"},{"id":"105879","latitude":"-32.60000000","longitude":"-63.58333330","name":"Dalmacio V\u00e9lez S\u00e1rsfield"},{"id":"105888","latitude":"-30.43333330","longitude":"-64.35000000","name":"De\u00e1n Funes"},{"id":"105892","latitude":"-32.73333330","longitude":"-63.76666670","name":"Deheza"},{"id":"105895","latitude":"-34.36666670","longitude":"-64.70000000","name":"De la Serna"},{"id":"105896","latitude":"-34.36666670","longitude":"-64.48333330","name":"Del Campillo"},{"id":"105901","latitude":"-30.63333330","longitude":"-64.23333330","name":"Delicia"},{"id":"105920","latitude":"-31.81666670","longitude":"-64.30000000","name":"Despe\u00f1aderos"},{"id":"105924","latitude":"-32.40000000","longitude":"-63.06666670","name":"Desv\u00edo A. Zumar\u00e1n"},{"id":"105929","latitude":"-32.30000000","longitude":"-63.23333330","name":"Desv\u00edo Las Mojarras"},{"id":"105938","latitude":"-31.40000000","longitude":"-62.31666670","name":"Devoto"},{"id":"105950","latitude":"-31.00000000","longitude":"-63.31666670","name":"Diego de Rojas"},{"id":"105960","latitude":"-32.16666670","longitude":"-64.36666670","name":"Dique Nivelador"},{"id":"105973","latitude":"-31.35000000","longitude":"-64.46666670","name":"Doctor Enrique Z\u00e1rate"},{"id":"105978","latitude":"-30.81666670","longitude":"-63.86666670","name":"Doctor Nicasio Salas Oro\u00f1o"},{"id":"105979","latitude":"-30.81666670","longitude":"-63.86666670","name":"Doctor N. Salas Oro\u00f1o"},{"id":"105985","latitude":"-30.90000000","longitude":"-64.53333330","name":"Dolores"},{"id":"105992","latitude":"-30.78333330","longitude":"-65.08333330","name":"Dominguito"},{"id":"106020","latitude":"-31.33333330","longitude":"-64.33333330","name":"Dumesnil"},{"id":"106023","latitude":"-31.33333330","longitude":"-64.65000000","name":"Durazno"},{"id":"106030","latitude":"-32.60000000","longitude":"-63.58333330","name":"D. V\u00e9lez"},{"id":"106031","latitude":"-32.60000000","longitude":"-63.58333330","name":"D. V\u00e9lez S\u00e1rsfield"},{"id":"106072","latitude":"-31.75000000","longitude":"-62.90000000","name":"El Ara\u00f1ado"},{"id":"106075","latitude":"-30.40000000","longitude":"-64.06666670","name":"El Arroyo"},{"id":"106079","latitude":"-29.83333330","longitude":"-63.60000000","name":"El Bajo Hondo"},{"id":"106083","latitude":"-30.35000000","longitude":"-63.81666670","name":"El Ba\u00f1ado"},{"id":"106100","latitude":"-30.66666670","longitude":"-64.90000000","name":"El Brete"},{"id":"106106","latitude":"-31.31666670","longitude":"-65.50000000","name":"El Cadillo"},{"id":"106113","latitude":"-31.90000000","longitude":"-65.45000000","name":"El Ca\u00f1averal"},{"id":"106114","latitude":"-32.63333330","longitude":"-64.60000000","name":"El Cano"},{"id":"106117","latitude":"-31.90000000","longitude":"-64.38333330","name":"El Carmen"},{"id":"106139","latitude":"-30.80000000","longitude":"-65.66666670","name":"El Chacho"},{"id":"106141","latitude":"-31.41666670","longitude":"-65.10000000","name":"El Chamico"},{"id":"106169","latitude":"-29.68333330","longitude":"-63.78333330","name":"El Coro"},{"id":"106172","latitude":"-31.03333330","longitude":"-63.61666670","name":"El Crisp\u00edn"},{"id":"106178","latitude":"-31.65000000","longitude":"-64.26666670","name":"El Destino"},{"id":"106186","latitude":"-30.46666670","longitude":"-63.53333330","name":"El Durazno"},{"id":"106193","latitude":"-32.56666670","longitude":"-64.38333330","name":"Elena"},{"id":"106199","latitude":"-30.51666670","longitude":"-64.18333330","name":"El Estanque"},{"id":"106201","latitude":"-31.63333330","longitude":"-65.10000000","name":"El Faro"},{"id":"106203","latitude":"-32.11666670","longitude":"-62.41666670","name":"El Florentino"},{"id":"106204","latitude":"-31.96666670","longitude":"-62.31666670","name":"El Fort\u00edn"},{"id":"106206","latitude":"-31.41666670","longitude":"-62.98333330","name":"El Fuertecito"},{"id":"106209","latitude":"-31.31666670","longitude":"-64.13333330","name":"El Gateado"},{"id":"106220","latitude":"-29.83333330","longitude":"-62.56666670","name":"El Hualco"},{"id":"106241","latitude":"-31.08333330","longitude":"-64.30000000","name":"El Manzano"},{"id":"106251","latitude":"-31.58333330","longitude":"-65.11666670","name":"El Mirador"},{"id":"106254","latitude":"-30.58333330","longitude":"-62.86666670","name":"El Mistolar"},{"id":"106257","latitude":"-30.01666670","longitude":"-62.53333330","name":"El Moj\u00f3n"},{"id":"106259","latitude":"-30.31666670","longitude":"-64.15000000","name":"El Molino"},{"id":"106270","latitude":"-32.25000000","longitude":"-64.30000000","name":"El Montecillo"},{"id":"106294","latitude":"-34.21666670","longitude":"-65.00000000","name":"El Pampero"},{"id":"106297","latitude":"-32.11666670","longitude":"-64.48333330","name":"El Parador"},{"id":"106313","latitude":"-30.13333330","longitude":"-64.03333330","name":"El Perchel"},{"id":"106326","latitude":"-31.70000000","longitude":"-65.30000000","name":"El Poniente"},{"id":"106329","latitude":"-31.83333330","longitude":"-65.20000000","name":"El Portezuelo"},{"id":"106333","latitude":"-30.36666670","longitude":"-64.35000000","name":"El Portillo"},{"id":"106346","latitude":"-31.11666670","longitude":"-64.30000000","name":"El Pueblito"},{"id":"106350","latitude":"-31.40000000","longitude":"-63.06666670","name":"El Puente"},{"id":"106351","latitude":"-31.41666670","longitude":"-62.98333330","name":"El Puertecito"},{"id":"106352","latitude":"-29.56666670","longitude":"-64.06666670","name":"El Puestito"},{"id":"106358","latitude":"-30.35000000","longitude":"-64.66666670","name":"El Quebracho"},{"id":"106367","latitude":"-33.66666670","longitude":"-63.53333330","name":"El Rastreador"},{"id":"106369","latitude":"-30.15000000","longitude":"-63.46666670","name":"El Recreo"},{"id":"106375","latitude":"-31.18333330","longitude":"-64.48333330","name":"El Retiro"},{"id":"106378","latitude":"-30.45000000","longitude":"-64.18333330","name":"El Retumbadero"},{"id":"106390","latitude":"-30.98333330","longitude":"-64.46666670","name":"El Rosario"},{"id":"106397","latitude":"-32.16666670","longitude":"-64.26666670","name":"El Salto"},{"id":"106398","latitude":"-32.13333330","longitude":"-64.21666670","name":"El Salto Norte"},{"id":"106401","latitude":"-31.10000000","longitude":"-64.31666670","name":"El Sauce"},{"id":"106417","latitude":"-30.71666670","longitude":"-63.30000000","name":"El Suncho"},{"id":"106421","latitude":"-31.80000000","longitude":"-64.48333330","name":"El Tala"},{"id":"106427","latitude":"-32.93333330","longitude":"-64.53333330","name":"El Tambo"},{"id":"106432","latitude":"-31.38333330","longitude":"-62.80000000","name":"El T\u00edo"},{"id":"106436","latitude":"-31.00000000","longitude":"-63.05000000","name":"El Tostado"},{"id":"106447","latitude":"-29.78333330","longitude":"-64.53333330","name":"El Tuscal"},{"id":"106452","latitude":"-30.36666670","longitude":"-63.63333330","name":"El Vence"},{"id":"106463","latitude":"-30.85000000","longitude":"-64.56666670","name":"El Zapato"},{"id":"106467","latitude":"-32.18333330","longitude":"-64.41666670","name":"Embalse"},{"id":"106469","latitude":"-32.16666670","longitude":"-64.41666670","name":"Embalse Ministro Juan Pistarini"},{"id":"106493","latitude":"-30.16666670","longitude":"-63.41666670","name":"Encrucijadas"},{"id":"106508","latitude":"-31.60000000","longitude":"-64.76666670","name":"Ensenadas"},{"id":"106523","latitude":"-33.16666670","longitude":"-62.75000000","name":"Escalante"},{"id":"106528","latitude":"-30.73333330","longitude":"-64.58333330","name":"Escobar"},{"id":"106544","latitude":"-33.01666670","longitude":"-64.36666670","name":"Espinillo"},{"id":"106547","latitude":"-33.01666670","longitude":"-64.36666670","name":"Espinillos"},{"id":"106548","latitude":"-33.01666670","longitude":"-64.36666670","name":"Espirillos"},{"id":"106552","latitude":"-31.30000000","longitude":"-65.06666670","name":"Esquina"},{"id":"106587","latitude":"-30.86666670","longitude":"-64.08333330","name":"Estancia Barranca Yaco"},{"id":"106598","latitude":"-31.13333330","longitude":"-65.26666670","name":"Estancia de Guadalupe"},{"id":"106632","latitude":"-31.26666670","longitude":"-65.61666670","name":"Estancia Mall\u00edn"},{"id":"106639","latitude":"-31.16666670","longitude":"-64.61666670","name":"Estancia Olaen"},{"id":"106662","latitude":"-30.93333330","longitude":"-64.08333330","name":"Estancia Sinsacate"},{"id":"106693","latitude":"-32.93333330","longitude":"-63.25000000","name":"Etruria"},{"id":"106695","latitude":"-29.93333330","longitude":"-63.58333330","name":"Eufrasio Loza"},{"id":"106724","latitude":"-31.58333330","longitude":"-64.45000000","name":"Falda del Carmen"},{"id":"106753","latitude":"-31.46666670","longitude":"-64.13333330","name":"Ferreyra"},{"id":"106774","latitude":"-32.38333330","longitude":"-62.20000000","name":"Flora"},{"id":"106838","latitude":"-33.71666670","longitude":"-64.53333330","name":"Fragueiro"},{"id":"106839","latitude":"-33.71666670","longitude":"-64.53333330","name":"Fragueyro"},{"id":"106854","latitude":"-34.01666670","longitude":"-63.46666670","name":"Fray Cayetano Rodr\u00edguez"},{"id":"106855","latitude":"-34.01666670","longitude":"-63.46666670","name":"Fray C. Rodr\u00edguez"},{"id":"106863","latitude":"-31.16666670","longitude":"-62.10000000","name":"Freire"},{"id":"106865","latitude":"-31.16666670","longitude":"-62.10000000","name":"Freyre"},{"id":"106869","latitude":"-31.13333330","longitude":"-62.80000000","name":"Frontera"},{"id":"106923","latitude":"-34.01666670","longitude":"-63.85000000","name":"Gavil\u00e1n"},{"id":"106944","latitude":"-33.11666670","longitude":"-62.31666670","name":"General Baldissera"},{"id":"106947","latitude":"-32.80000000","longitude":"-63.86666670","name":"General Cabrera"},{"id":"106954","latitude":"-32.73333330","longitude":"-63.76666670","name":"General Daheza"},{"id":"106957","latitude":"-32.73333330","longitude":"-63.76666670","name":"General Deheza"},{"id":"106965","latitude":"-32.31666670","longitude":"-63.86666670","name":"General Fotheringham"},{"id":"106992","latitude":"-34.01666670","longitude":"-63.93333330","name":"General Levalle"},{"id":"107004","latitude":"-30.70000000","longitude":"-64.06666670","name":"General Mitre"},{"id":"107015","latitude":"-32.83333330","longitude":"-62.86666670","name":"General Ordonez"},{"id":"107018","latitude":"-33.88333330","longitude":"-65.01666670","name":"General Paunero"},{"id":"107021","latitude":"-31.13333330","longitude":"-64.15000000","name":"General Paz"},{"id":"107031","latitude":"-32.73333330","longitude":"-61.91666670","name":"General Roca"},{"id":"107043","latitude":"-33.93333330","longitude":"-64.25000000","name":"General Soler"},{"id":"107050","latitude":"-33.73333330","longitude":"-63.10000000","name":"General Viamonte"},{"id":"107178","latitude":"-30.48333330","longitude":"-65.05000000","name":"Guanaco Muerto"},{"id":"107192","latitude":"-34.10000000","longitude":"-63.53333330","name":"Guardia Vieja"},{"id":"107193","latitude":"-31.08333330","longitude":"-65.33333330","name":"Guasapampa"},{"id":"107198","latitude":"-33.45000000","longitude":"-62.45000000","name":"Guatimoz\u00edn"},{"id":"107221","latitude":"-31.31666670","longitude":"-64.16666670","name":"Gui\u00f1az\u00fa"},{"id":"107234","latitude":"-32.80000000","longitude":"-62.95000000","name":"Haras General Paz"},{"id":"107246","latitude":"-32.41666670","longitude":"-63.73333330","name":"Hernando"},{"id":"107259","latitude":"-31.01666670","longitude":"-65.10000000","name":"Higuera"},{"id":"107276","latitude":"-33.20000000","longitude":"-64.45000000","name":"Holmberg"},{"id":"107279","latitude":"-31.90000000","longitude":"-64.98333330","name":"Hornillos"},{"id":"107306","latitude":"-33.66666670","longitude":"-63.63333330","name":"Huanchilla"},{"id":"107307","latitude":"-33.66666670","longitude":"-63.63333330","name":"Huanchillas"},{"id":"107318","latitude":"-30.60000000","longitude":"-64.75000000","name":"Huascha"},{"id":"107330","latitude":"-31.06666670","longitude":"-64.50000000","name":"Huerta Grande"},{"id":"107332","latitude":"-32.51666670","longitude":"-64.70000000","name":"Huerta Vieja"},{"id":"107335","latitude":"-34.83333330","longitude":"-64.38333330","name":"Huinca Renanc\u00f3"},{"id":"107363","latitude":"-32.80000000","longitude":"-63.03333330","name":"Ideazabal"},{"id":"107364","latitude":"-32.80000000","longitude":"-63.03333330","name":"Idiaz\u00e1bal"},{"id":"107368","latitude":"-30.66666670","longitude":"-65.26666670","name":"Iglesia Vieja"},{"id":"107375","latitude":"-31.78333330","longitude":"-63.66666670","name":"Impira"},{"id":"107409","latitude":"-34.78333330","longitude":"-64.80000000","name":"Ingeniero Malm\u00e9n"},{"id":"107451","latitude":"-32.93333330","longitude":"-62.23333330","name":"Inriville"},{"id":"107454","latitude":"-30.41666670","longitude":"-64.21666670","name":"Intiguasi"},{"id":"107455","latitude":"-30.41666670","longitude":"-64.21666670","name":"Inti Huasi"},{"id":"107475","latitude":"-30.58333330","longitude":"-64.35000000","name":"Ischil\u00edn"},{"id":"107476","latitude":"-30.58333330","longitude":"-64.40000000","name":"Ischil\u00edn Viejo"},{"id":"107482","latitude":"-30.03333330","longitude":"-64.43333330","name":"Isla de San Antonio"},{"id":"107483","latitude":"-30.03333330","longitude":"-64.43333330","name":"Isla San Antonio"},{"id":"107485","latitude":"-33.23333330","longitude":"-62.40000000","name":"Isla Verde"},{"id":"107495","latitude":"-34.78333330","longitude":"-63.76666670","name":"Ital\u00f3"},{"id":"107517","latitude":"-30.41666670","longitude":"-64.53333330","name":"Jaime Perez"},{"id":"107518","latitude":"-30.41666670","longitude":"-64.53333330","name":"Jaime Peter"},{"id":"107521","latitude":"-32.15000000","longitude":"-63.46666670","name":"James Craik"},{"id":"107545","latitude":"-30.95000000","longitude":"-62.50000000","name":"J. Cort\u00e9s"},{"id":"107549","latitude":"-31.40000000","longitude":"-62.46666670","name":"Jeanmaire"},{"id":"107552","latitude":"-30.95000000","longitude":"-62.50000000","name":"Jer\u00f3nimo Cort\u00e9s"},{"id":"107554","latitude":"-30.98333330","longitude":"-64.10000000","name":"Jes\u00fas Mar\u00eda"},{"id":"107582","latitude":"-30.95000000","longitude":"-62.50000000","name":"Jos\u00e9 Cort\u00e9s"},{"id":"107584","latitude":"-31.80000000","longitude":"-64.41666670","name":"Jos\u00e9 de la Quintana"},{"id":"107604","latitude":"-34.50000000","longitude":"-63.93333330","name":"Jovita"},{"id":"107606","latitude":"-32.88333330","longitude":"-62.66666670","name":"J. Posse"},{"id":"107655","latitude":"-31.26666670","longitude":"-64.16666670","name":"Ju\u00e1rez Celman"},{"id":"107675","latitude":"-32.88333330","longitude":"-62.66666670","name":"Justiniano Posse"},{"id":"107692","latitude":"-30.96666670","longitude":"-62.83333330","name":"Kil\u00f3metro 267"},{"id":"107715","latitude":"-32.96666670","longitude":"-64.60000000","name":"La Aguada"},{"id":"107726","latitude":"-31.21666670","longitude":"-65.30000000","name":"La Argentina"},{"id":"107741","latitude":"-30.36666670","longitude":"-65.30000000","name":"La Batea"},{"id":"107744","latitude":"-31.15000000","longitude":"-65.26666670","name":"La Bismutina"},{"id":"107751","latitude":"-31.73333330","longitude":"-64.46666670","name":"La Bolsa"},{"id":"107754","latitude":"-33.15000000","longitude":"-62.85000000","name":"Laborde"},{"id":"107757","latitude":"-34.11666670","longitude":"-63.40000000","name":"Laboulaye"},{"id":"107763","latitude":"-31.16666670","longitude":"-63.58333330","name":"La Buena Parada"},{"id":"107770","latitude":"-31.33333330","longitude":"-64.33333330","name":"La Calera"},{"id":"107775","latitude":"-30.06666670","longitude":"-63.35000000","name":"La Ca\u00f1ada"},{"id":"107784","latitude":"-33.43333330","longitude":"-63.30000000","name":"La Carlota"},{"id":"107793","latitude":"-32.20000000","longitude":"-64.28333330","name":"La Cascada"},{"id":"107795","latitude":"-33.96666670","longitude":"-64.08333330","name":"La Cautiva"},{"id":"107799","latitude":"-33.96666670","longitude":"-62.98333330","name":"La Cesira"},{"id":"107816","latitude":"-31.21666670","longitude":"-62.61666670","name":"La Colonial"},{"id":"107823","latitude":"-31.48333330","longitude":"-62.91666670","name":"La Cortadera"},{"id":"107831","latitude":"-32.30000000","longitude":"-64.50000000","name":"La Cruz"},{"id":"107834","latitude":"-31.41666670","longitude":"-64.48333330","name":"La Cuesta"},{"id":"107836","latitude":"-30.96666670","longitude":"-64.50000000","name":"La Cumbre"},{"id":"107845","latitude":"-32.38333330","longitude":"-64.26666670","name":"La Dormida"},{"id":"107858","latitude":"-30.31666670","longitude":"-63.71666670","name":"La Esperanza"},{"id":"107866","latitude":"-32.95000000","longitude":"-64.51666670","name":"La Esquina"},{"id":"107870","latitude":"-31.13333330","longitude":"-65.26666670","name":"La Estanca"},{"id":"107872","latitude":"-31.13333330","longitude":"-65.26666670","name":"La Estancia"},{"id":"107877","latitude":"-31.08333330","longitude":"-64.50000000","name":"La Falda"},{"id":"107893","latitude":"-31.40000000","longitude":"-62.63333330","name":"La Francia"},{"id":"107897","latitude":"-33.21666670","longitude":"-64.26666670","name":"La Gilda"},{"id":"107912","latitude":"-31.01666670","longitude":"-64.26666670","name":"La Granja"},{"id":"107914","latitude":"-31.63333330","longitude":"-64.46666670","name":"La Gruta"},{"id":"107919","latitude":"-33.21666670","longitude":"-64.26666670","name":"La Guilda"},{"id":"107927","latitude":"-34.16666670","longitude":"-62.83333330","name":"Laguna del Monte"},{"id":"107928","latitude":"-29.81666670","longitude":"-63.15000000","name":"Laguna del Suncho"},{"id":"107934","latitude":"-31.76666670","longitude":"-63.80000000","name":"Laguna Larga"},{"id":"107939","latitude":"-33.86666670","longitude":"-64.86666670","name":"Laguna Oscura"},{"id":"107940","latitude":"-33.86666670","longitude":"-64.86666670","name":"Laguna Osura"},{"id":"107944","latitude":"-31.76666670","longitude":"-63.93333330","name":"Lagunilla"},{"id":"107946","latitude":"-33.05000000","longitude":"-63.91666670","name":"Lagunillas"},{"id":"107950","latitude":"-32.55000000","longitude":"-63.13333330","name":"La Herradura"},{"id":"107954","latitude":"-30.26666670","longitude":"-64.13333330","name":"La Higuera"},{"id":"107969","latitude":"-30.31666670","longitude":"-64.31666670","name":"La Isabela"},{"id":"107971","latitude":"-30.03333330","longitude":"-64.43333330","name":"La Isla de San Antonio"},{"id":"107977","latitude":"-33.88333330","longitude":"-62.85000000","name":"La Italiana"},{"id":"107982","latitude":"-30.53333330","longitude":"-64.63333330","name":"La Juanita"},{"id":"107985","latitude":"-30.21666670","longitude":"-64.46666670","name":"La Laguna"},{"id":"107997","latitude":"-32.31666670","longitude":"-62.88333330","name":"La Lonja"},{"id":"108003","latitude":"-30.63333330","longitude":"-64.41666670","name":"La Luna"},{"id":"108007","latitude":"-30.43333330","longitude":"-64.18333330","name":"La Majadilla"},{"id":"108008","latitude":"-29.71666670","longitude":"-64.11666670","name":"La Maladilla"},{"id":"108035","latitude":"-31.31666670","longitude":"-65.35000000","name":"La Mudana"},{"id":"108036","latitude":"-34.75000000","longitude":"-64.91666670","name":"La Nacional"},{"id":"108048","latitude":"-31.00000000","longitude":"-63.31666670","name":"La Noria"},{"id":"108052","latitude":"-30.26666670","longitude":"-64.43333330","name":"La Olla"},{"id":"108056","latitude":"-32.61666670","longitude":"-63.41666670","name":"La Palestina"},{"id":"108062","latitude":"-30.93333330","longitude":"-64.28333330","name":"La Pampa"},{"id":"108063","latitude":"-30.90000000","longitude":"-62.23333330","name":"La Paquita"},{"id":"108065","latitude":"-30.86666670","longitude":"-62.98333330","name":"La Para"},{"id":"108070","latitude":"-31.51666670","longitude":"-65.50000000","name":"La Patria"},{"id":"108074","latitude":"-30.95000000","longitude":"-64.25000000","name":"La Paz"},{"id":"108080","latitude":"-34.75000000","longitude":"-65.03333330","name":"La Penca"},{"id":"108090","latitude":"-31.01666670","longitude":"-65.36666670","name":"La Playa"},{"id":"108091","latitude":"-32.10000000","longitude":"-63.03333330","name":"La Playosa"},{"id":"108092","latitude":"-32.06666670","longitude":"-65.03333330","name":"La Poblaci\u00f3n"},{"id":"108097","latitude":"-30.55000000","longitude":"-63.51666670","name":"La Posta"},{"id":"108103","latitude":"-29.98333330","longitude":"-63.93333330","name":"La Primavera"},{"id":"108108","latitude":"-30.30000000","longitude":"-63.48333330","name":"La Providencia"},{"id":"108111","latitude":"-30.86666670","longitude":"-63.26666670","name":"La Puerta"},{"id":"108124","latitude":"-31.06666670","longitude":"-63.15000000","name":"La Quinta"},{"id":"108125","latitude":"-30.93333330","longitude":"-64.05000000","name":"La Ramada"},{"id":"108135","latitude":"-31.31666670","longitude":"-63.25000000","name":"La Represa"},{"id":"108140","latitude":"-30.16666670","longitude":"-62.96666670","name":"La Rinconada"},{"id":"108154","latitude":"-34.78333330","longitude":"-64.63333330","name":"Larsen"},{"id":"108159","latitude":"-33.28333330","longitude":"-63.98333330","name":"Las Acequias"},{"id":"108160","latitude":"-33.28333330","longitude":"-63.98333330","name":"Las Acequitas"},{"id":"108166","latitude":"-33.28333330","longitude":"-63.98333330","name":"Las Arequias"},{"id":"108169","latitude":"-30.35000000","longitude":"-63.58333330","name":"Las Arrias"},{"id":"108171","latitude":"-31.03333330","longitude":"-63.06666670","name":"Las Aver\u00edas"},{"id":"108174","latitude":"-32.10000000","longitude":"-64.33333330","name":"Las Bajadas"},{"id":"108181","latitude":"-31.81666670","longitude":"-64.96666670","name":"Las Calles"},{"id":"108182","latitude":"-31.36666670","longitude":"-65.26666670","name":"Las Ca\u00f1adas"},{"id":"108186","latitude":"-30.08333330","longitude":"-64.70000000","name":"Las Ca\u00f1as"},{"id":"108189","latitude":"-32.15000000","longitude":"-63.33333330","name":"Las Ca\u00f1ita"},{"id":"108190","latitude":"-32.86666670","longitude":"-64.75000000","name":"Las Ca\u00f1itas"},{"id":"108199","latitude":"-30.28333330","longitude":"-64.38333330","name":"Las Chacras"},{"id":"108205","latitude":"-30.06666670","longitude":"-64.33333330","name":"Las Chilcas"},{"id":"108216","latitude":"-30.48333330","longitude":"-64.15000000","name":"Las Cortaderas"},{"id":"108228","latitude":"-31.60000000","longitude":"-64.76666670","name":"Las Ensenadas"},{"id":"108230","latitude":"-30.73333330","longitude":"-64.58333330","name":"Las Escobas"},{"id":"108237","latitude":"-32.46666670","longitude":"-64.13333330","name":"Las Gamas"},{"id":"108246","latitude":"-31.56666670","longitude":"-63.91666670","name":"Las Heras"},{"id":"108251","latitude":"-33.10000000","longitude":"-64.28333330","name":"Las Higueras"},{"id":"108262","latitude":"-32.51666670","longitude":"-63.96666670","name":"Las Isletillas"},{"id":"108268","latitude":"-31.81666670","longitude":"-63.43333330","name":"Las Junturas"},{"id":"108270","latitude":"-32.48333330","longitude":"-64.31666670","name":"Las Lagunillas"},{"id":"108274","latitude":"-33.15000000","longitude":"-62.85000000","name":"Las Liebres"},{"id":"108292","latitude":"-32.30000000","longitude":"-63.23333330","name":"Las Mojarras"},{"id":"108295","latitude":"-30.28333330","longitude":"-62.53333330","name":"Las Mostazas"},{"id":"108298","latitude":"-31.63333330","longitude":"-65.33333330","name":"Las Obscuras"},{"id":"108302","latitude":"-30.48333330","longitude":"-64.03333330","name":"Las Olivas"},{"id":"108304","latitude":"-31.63333330","longitude":"-65.33333330","name":"Las Oscuras"},{"id":"108310","latitude":"-30.55000000","longitude":"-64.30000000","name":"Las Palmas"},{"id":"108312","latitude":"-30.65000000","longitude":"-64.40000000","name":"Las Palmas Sur"},{"id":"108314","latitude":"-30.83333330","longitude":"-63.46666670","name":"Las Palmitas"},{"id":"108320","latitude":"-30.56666670","longitude":"-64.00000000","name":"Las Pe\u00f1as"},{"id":"108322","latitude":"-32.53333330","longitude":"-64.10000000","name":"Las Pe\u00f1as Sur"},{"id":"108324","latitude":"-32.68333330","longitude":"-63.68333330","name":"Las Perdices"},{"id":"108329","latitude":"-32.40000000","longitude":"-63.20000000","name":"Las Playas"},{"id":"108332","latitude":"-31.85000000","longitude":"-64.98333330","name":"Las Rabonas"},{"id":"108334","latitude":"-31.93333330","longitude":"-65.06666670","name":"Las Rosas"},{"id":"108336","latitude":"-30.71666670","longitude":"-63.20000000","name":"Las Saladas"},{"id":"108342","latitude":"-30.75000000","longitude":"-64.21666670","name":"Las Talas"},{"id":"108344","latitude":"-30.73333330","longitude":"-65.13333330","name":"Las Tapias"},{"id":"108357","latitude":"-30.15000000","longitude":"-64.93333330","name":"Las Toscas"},{"id":"108362","latitude":"-30.33333330","longitude":"-64.35000000","name":"Las Trampas"},{"id":"108370","latitude":"-30.38333330","longitude":"-64.56666670","name":"Las Tuscas"},{"id":"108374","latitude":"-31.80000000","longitude":"-62.63333330","name":"Las Varas"},{"id":"108376","latitude":"-31.86666670","longitude":"-62.71666670","name":"Las Varillas"},{"id":"108378","latitude":"-33.28333330","longitude":"-64.58333330","name":"Las Vertientes"},{"id":"108384","latitude":"-31.45000000","longitude":"-65.30000000","name":"La Tablada"},{"id":"108386","latitude":"-30.75000000","longitude":"-64.21666670","name":"La Tala"},{"id":"108391","latitude":"-32.03333330","longitude":"-62.46666670","name":"La Tigra"},{"id":"108393","latitude":"-30.20000000","longitude":"-64.01666670","name":"La Toma"},{"id":"108397","latitude":"-33.81666670","longitude":"-64.45000000","name":"La Tosquita"},{"id":"108405","latitude":"-30.65000000","longitude":"-64.23333330","name":"La Tuna"},{"id":"108407","latitude":"-30.65000000","longitude":"-64.23333330","name":"La Tuna Sur"},{"id":"108431","latitude":"-31.66666670","longitude":"-62.26666670","name":"La Vigilancia"},{"id":"108455","latitude":"-34.50000000","longitude":"-64.80000000","name":"Lecueder"},{"id":"108456","latitude":"-33.61666670","longitude":"-62.61666670","name":"Ledesma"},{"id":"108458","latitude":"-34.20000000","longitude":"-62.96666670","name":"Leguizam\u00f3n"},{"id":"108465","latitude":"-32.65000000","longitude":"-62.30000000","name":"Leones"},{"id":"108496","latitude":"-29.81666670","longitude":"-62.80000000","name":"Limache"},{"id":"108531","latitude":"-29.65000000","longitude":"-64.20000000","name":"Loma Blanca"},{"id":"108544","latitude":"-31.25000000","longitude":"-64.30000000","name":"Lomas de San Jos\u00e9"},{"id":"108576","latitude":"-30.40000000","longitude":"-63.80000000","name":"Los \u00c1lamos"},{"id":"108579","latitude":"-34.81666670","longitude":"-64.71666670","name":"Los Alfalfares"},{"id":"108582","latitude":"-29.83333330","longitude":"-63.76666670","name":"Los Algarrobos"},{"id":"108584","latitude":"-31.16666670","longitude":"-64.30000000","name":"Los Altos"},{"id":"108601","latitude":"-31.33333330","longitude":"-64.23333330","name":"Los Boulevares"},{"id":"108603","latitude":"-31.33333330","longitude":"-64.23333330","name":"Los Bulevares"},{"id":"108604","latitude":"-30.08333330","longitude":"-64.46666670","name":"Los Cadillos"},{"id":"108606","latitude":"-31.91666670","longitude":"-65.25000000","name":"Los Callejones"},{"id":"108611","latitude":"-29.66666670","longitude":"-63.51666670","name":"Los Cerrillos"},{"id":"108616","latitude":"-30.48333330","longitude":"-64.18333330","name":"Los Cha\u00f1ares"},{"id":"108619","latitude":"-31.40000000","longitude":"-63.33333330","name":"Los Cha\u00f1aritos"},{"id":"108622","latitude":"-30.26666670","longitude":"-64.40000000","name":"Los Churquis"},{"id":"108624","latitude":"-33.40000000","longitude":"-63.48333330","name":"Los Cisnes"},{"id":"108625","latitude":"-30.91666670","longitude":"-64.50000000","name":"Los Cocos"},{"id":"108627","latitude":"-30.85000000","longitude":"-63.91666670","name":"Los Cometierra"},{"id":"108628","latitude":"-32.33333330","longitude":"-64.26666670","name":"Los C\u00f3ndores"},{"id":"108635","latitude":"-31.15000000","longitude":"-64.03333330","name":"Los Espinillos"},{"id":"108639","latitude":"-31.40000000","longitude":"-64.78333330","name":"Los Gigantes"},{"id":"108646","latitude":"-31.90000000","longitude":"-64.98333330","name":"Los Hornillos"},{"id":"108649","latitude":"-33.40000000","longitude":"-64.53333330","name":"Los Jag\u00fceles"},{"id":"108658","latitude":"-32.23333330","longitude":"-65.05000000","name":"Los Manantiales"},{"id":"108661","latitude":"-31.58333330","longitude":"-65.55000000","name":"Los Medanitos"},{"id":"108666","latitude":"-30.60000000","longitude":"-63.90000000","name":"Los Mistoles"},{"id":"108670","latitude":"-31.85000000","longitude":"-64.38333330","name":"Los Molinos"},{"id":"108673","latitude":"-30.76666670","longitude":"-64.93333330","name":"Los Molles"},{"id":"108679","latitude":"-31.11666670","longitude":"-65.00000000","name":"Los Morteritos"},{"id":"108688","latitude":"-31.63333330","longitude":"-64.40000000","name":"Los Olivares"},{"id":"108703","latitude":"-32.46666670","longitude":"-64.33333330","name":"Los Poleos"},{"id":"108705","latitude":"-30.03333330","longitude":"-62.53333330","name":"Los Porongos"},{"id":"108706","latitude":"-32.13333330","longitude":"-64.03333330","name":"Los Potreros"},{"id":"108707","latitude":"-30.51666670","longitude":"-64.25000000","name":"Los Pozos"},{"id":"108711","latitude":"-31.20000000","longitude":"-64.36666670","name":"Los Quebrachitos"},{"id":"108719","latitude":"-31.91666670","longitude":"-64.58333330","name":"Los Reartes"},{"id":"108725","latitude":"-30.55000000","longitude":"-64.35000000","name":"Los Ruices"},{"id":"108726","latitude":"-30.55000000","longitude":"-64.35000000","name":"Los Ruisez"},{"id":"108730","latitude":"-30.73333330","longitude":"-64.70000000","name":"Los Sauces"},{"id":"108737","latitude":"-32.96666670","longitude":"-62.01666670","name":"Los Surgentes"},{"id":"108742","latitude":"-30.51666670","longitude":"-64.56666670","name":"Los Tartagos"},{"id":"108745","latitude":"-30.71666670","longitude":"-64.03333330","name":"Los Timones"},{"id":"108747","latitude":"-31.86666670","longitude":"-65.46666670","name":"Los Toscas"},{"id":"108749","latitude":"-32.05000000","longitude":"-63.20000000","name":"Los Zorros"},{"id":"108753","latitude":"-31.65000000","longitude":"-64.08333330","name":"Lozada"},{"id":"108757","latitude":"-32.53333330","longitude":"-63.48333330","name":"Luca"},{"id":"108766","latitude":"-29.80000000","longitude":"-64.71666670","name":"Lucio V. Mansilla"},{"id":"108767","latitude":"-29.80000000","longitude":"-64.71666670","name":"Lucio V. Mansillo"},{"id":"108789","latitude":"-31.65000000","longitude":"-63.36666670","name":"Luque"},{"id":"108792","latitude":"-33.30000000","longitude":"-64.75000000","name":"Luti"},{"id":"108793","latitude":"-33.30000000","longitude":"-64.75000000","name":"Lutti"},{"id":"108794","latitude":"-31.31666670","longitude":"-62.13333330","name":"Luxardo"},{"id":"108795","latitude":"-32.15000000","longitude":"-65.06666670","name":"Luyaba"},{"id":"108803","latitude":"-30.56666670","longitude":"-64.13333330","name":"Macha"},{"id":"108808","latitude":"-33.90000000","longitude":"-64.38333330","name":"Mackenna"},{"id":"108832","latitude":"-31.20000000","longitude":"-64.88333330","name":"Majada de Santiago"},{"id":"108839","latitude":"-31.46666670","longitude":"-64.36666670","name":"Malague\u00f1o"},{"id":"108844","latitude":"-33.48333330","longitude":"-64.43333330","name":"Malena"},{"id":"108849","latitude":"-31.26666670","longitude":"-65.61666670","name":"Mall\u00edn"},{"id":"108854","latitude":"-31.38333330","longitude":"-64.06666670","name":"Malvinas Argentinas"},{"id":"108865","latitude":"-29.86666670","longitude":"-63.88333330","name":"Manantiales"},{"id":"108874","latitude":"-31.83333330","longitude":"-63.75000000","name":"Manfredi"},{"id":"108897","latitude":"-30.88333330","longitude":"-63.53333330","name":"Maquinaria Gallini"},{"id":"108900","latitude":"-30.88333330","longitude":"-63.53333330","name":"Maquinista Gallini"},{"id":"108912","latitude":"-30.80000000","longitude":"-62.88333330","name":"Mar Chiquita"},{"id":"108913","latitude":"-32.70000000","longitude":"-62.10000000","name":"Marcos Ju\u00e1rez"},{"id":"108970","latitude":"-30.96666670","longitude":"-62.83333330","name":"Marull"},{"id":"108978","latitude":"-34.46666670","longitude":"-64.20000000","name":"Mataldi"},{"id":"108988","latitude":"-31.73333330","longitude":"-63.51666670","name":"Matorrales"},{"id":"108989","latitude":"-34.46666670","longitude":"-64.20000000","name":"Mattaldi"},{"id":"109029","latitude":"-33.16666670","longitude":"-62.75000000","name":"M\u00e9danos de las Ca\u00f1as"},{"id":"109035","latitude":"-31.21666670","longitude":"-63.86666670","name":"Media Luna"},{"id":"109039","latitude":"-30.65000000","longitude":"-64.95000000","name":"Media Naranja"},{"id":"109048","latitude":"-34.33333330","longitude":"-63.43333330","name":"Melo"},{"id":"109051","latitude":"-31.26666670","longitude":"-64.30000000","name":"Mendiolaza"},{"id":"109056","latitude":"-31.53333330","longitude":"-63.38333330","name":"Mercedes"},{"id":"109068","latitude":"-31.08333330","longitude":"-65.08333330","name":"Mesa de Mariano"},{"id":"109096","latitude":"-31.71666670","longitude":"-65.00000000","name":"Mina Clavero"},{"id":"109115","latitude":"-30.90000000","longitude":"-62.66666670","name":"Miramar"},{"id":"109147","latitude":"-34.10000000","longitude":"-65.06666670","name":"Modestino Pizarro"},{"id":"109148","latitude":"-31.58333330","longitude":"-65.23333330","name":"Mogigasta"},{"id":"109154","latitude":"-31.58333330","longitude":"-65.23333330","name":"Mojigasta"},{"id":"109161","latitude":"-33.63333330","longitude":"-64.60000000","name":"Moldes"},{"id":"109162","latitude":"-31.20000000","longitude":"-64.48333330","name":"Molinari"},{"id":"109167","latitude":"-31.85000000","longitude":"-64.38333330","name":"Molinos"},{"id":"109181","latitude":"-32.13333330","longitude":"-64.38333330","name":"Monsalvo"},{"id":"109188","latitude":"-32.91666670","longitude":"-62.45000000","name":"Monte Buey"},{"id":"109194","latitude":"-31.35000000","longitude":"-63.95000000","name":"Monte Cristo"},{"id":"109196","latitude":"-32.61666670","longitude":"-62.60000000","name":"Monte de Le\u00f1a"},{"id":"109197","latitude":"-33.63333330","longitude":"-63.90000000","name":"Monte de los Gauchos"},{"id":"109198","latitude":"-30.96666670","longitude":"-63.60000000","name":"Monte del Rosario"},{"id":"109203","latitude":"-29.91666670","longitude":"-62.21666670","name":"Monte Grande"},{"id":"109207","latitude":"-32.61666670","longitude":"-62.60000000","name":"Monte Le\u00f1a"},{"id":"109213","latitude":"-33.20000000","longitude":"-62.60000000","name":"Monte Maize"},{"id":"109214","latitude":"-33.20000000","longitude":"-62.60000000","name":"Monte Ma\u00edz"},{"id":"109220","latitude":"-31.91666670","longitude":"-64.23333330","name":"Monte Ralo"},{"id":"109222","latitude":"-31.50000000","longitude":"-62.16666670","name":"Monte Redondo"},{"id":"109228","latitude":"-31.10000000","longitude":"-68.90000000","name":"Monte Tala"},{"id":"109251","latitude":"-32.60000000","longitude":"-62.83333330","name":"Morrison"},{"id":"109254","latitude":"-30.70000000","longitude":"-62.00000000","name":"Morteros"},{"id":"109276","latitude":"-30.88333330","longitude":"-64.01666670","name":"Mula Muerta"},{"id":"109291","latitude":"-31.43333330","longitude":"-65.06666670","name":"Mussi"},{"id":"109334","latitude":"-34.83333330","longitude":"-64.48333330","name":"Nazca"},{"id":"109336","latitude":"-34.41666670","longitude":"-64.33333330","name":"N. Bruzone"},{"id":"109355","latitude":"-34.41666670","longitude":"-64.33333330","name":"Nicol\u00e1s Bruzone"},{"id":"109364","latitude":"-31.16666670","longitude":"-65.16666670","name":"Ninalqu\u00edn"},{"id":"109365","latitude":"-30.95000000","longitude":"-63.86666670","name":"Ninte"},{"id":"109375","latitude":"-32.36666670","longitude":"-62.31666670","name":"Noetinger"},{"id":"109381","latitude":"-31.76666670","longitude":"-65.00000000","name":"Nono"},{"id":"109393","latitude":"-31.21666670","longitude":"-63.73333330","name":"Nueva Andaluc\u00eda"},{"id":"109422","latitude":"-31.16666670","longitude":"-63.95000000","name":"N\u00fa\u00f1ez del Prado"},{"id":"109423","latitude":"-31.16666670","longitude":"-63.95000000","name":"N\u00fa\u00f1ez de Prado"},{"id":"109430","latitude":"-30.76666670","longitude":"-63.41666670","name":"Obispo Trejo"},{"id":"109449","latitude":"-30.45000000","longitude":"-64.13333330","name":"Ojo de Agua Norte"},{"id":"109451","latitude":"-30.45000000","longitude":"-64.13333330","name":"Ojo de Agua"},{"id":"109457","latitude":"-31.16666670","longitude":"-64.61666670","name":"Olaen"},{"id":"109458","latitude":"-33.05000000","longitude":"-63.91666670","name":"Olaeta"},{"id":"109459","latitude":"-31.16666670","longitude":"-64.61666670","name":"Olain"},{"id":"109467","latitude":"-32.05000000","longitude":"-63.56666670","name":"Oliva"},{"id":"109470","latitude":"-32.05000000","longitude":"-63.56666670","name":"Olivia"},{"id":"109472","latitude":"-33.50000000","longitude":"-63.16666670","name":"Olmos"},{"id":"109482","latitude":"-34.76666670","longitude":"-63.66666670","name":"Onagoity"},{"id":"109483","latitude":"-31.91666670","longitude":"-63.66666670","name":"Oncativo"},{"id":"109485","latitude":"-30.76666670","longitude":"-64.43333330","name":"Ongamira"},{"id":"109493","latitude":"-30.18333330","longitude":"-64.31666670","name":"Orcosuni"},{"id":"109494","latitude":"-32.83333330","longitude":"-62.86666670","name":"Ord\u00f3\u00f1ez"},{"id":"109498","latitude":"-31.05000000","longitude":"-64.81666670","name":"Oro Grueso"},{"id":"109520","latitude":"-31.56666670","longitude":"-65.20000000","name":"Pachango"},{"id":"109521","latitude":"-33.76666670","longitude":"-63.48333330","name":"Pacheco de Melo"},{"id":"109543","latitude":"-31.21666670","longitude":"-64.28333330","name":"Pajas Blancas"},{"id":"109579","latitude":"-30.45000000","longitude":"-63.90000000","name":"Paloma Puj\u00edo"},{"id":"109592","latitude":"-29.55000000","longitude":"-64.13333330","name":"Palos Secos"},{"id":"109624","latitude":"-32.23333330","longitude":"-63.63333330","name":"Pampayasta Norte"},{"id":"109625","latitude":"-32.25000000","longitude":"-63.65000000","name":"Pampayasta"},{"id":"109626","latitude":"-32.25000000","longitude":"-63.65000000","name":"Pampayasta Sur"},{"id":"109633","latitude":"-31.63333330","longitude":"-65.05000000","name":"Panaholma"},{"id":"109635","latitude":"-31.63333330","longitude":"-65.05000000","name":"Panaolma"},{"id":"109641","latitude":"-32.68333330","longitude":"-65.00000000","name":"Papagallos"},{"id":"109642","latitude":"-32.68333330","longitude":"-65.00000000","name":"Papagayos"},{"id":"109682","latitude":"-33.13333330","longitude":"-63.05000000","name":"Pascanas"},{"id":"109683","latitude":"-32.75000000","longitude":"-63.33333330","name":"Pasco"},{"id":"109706","latitude":"-32.81666670","longitude":"-64.56666670","name":"Paso del R\u00edo Seco"},{"id":"109728","latitude":"-30.76666670","longitude":"-65.18333330","name":"Paso Viejo"},{"id":"109748","latitude":"-33.88333330","longitude":"-65.01666670","name":"Paunero"},{"id":"109766","latitude":"-33.26666670","longitude":"-63.30000000","name":"Pedro E. Funes"},{"id":"109767","latitude":"-31.36666670","longitude":"-63.53333330","name":"Pedro E. Vivas"},{"id":"109778","latitude":"-34.60000000","longitude":"-64.71666670","name":"Pegasano"},{"id":"109788","latitude":"-34.75000000","longitude":"-65.03333330","name":"Penca"},{"id":"109792","latitude":"-31.41666670","longitude":"-63.58333330","name":"Peralta"},{"id":"109795","latitude":"-31.05000000","longitude":"-64.61666670","name":"Perchel"},{"id":"109810","latitude":"-32.65000000","longitude":"-62.30000000","name":"Per\u00f3n"},{"id":"109832","latitude":"-30.80000000","longitude":"-65.16666670","name":"Pichanas"},{"id":"109847","latitude":"-32.90000000","longitude":"-64.78333330","name":"Piedra Blanca"},{"id":"109855","latitude":"-31.91666670","longitude":"-65.15000000","name":"Piedra Pintada"},{"id":"109858","latitude":"-31.21666670","longitude":"-65.15000000","name":"Piedras Anchas"},{"id":"109859","latitude":"-29.71666670","longitude":"-63.61666670","name":"Piedras Blancas"},{"id":"109863","latitude":"-30.78333330","longitude":"-65.41666670","name":"Piedrita Blanca"},{"id":"109865","latitude":"-31.33333330","longitude":"-65.31666670","name":"Piedritas Rosadas"},{"id":"109873","latitude":"-31.68333330","longitude":"-63.90000000","name":"Pilar"},{"id":"109884","latitude":"-31.15000000","longitude":"-65.48333330","name":"Pinas"},{"id":"109885","latitude":"-34.83333330","longitude":"-63.90000000","name":"Pinc\u00e9n"},{"id":"109891","latitude":"-30.81666670","longitude":"-64.20000000","name":"Pinto"},{"id":"109894","latitude":"-30.95000000","longitude":"-64.63333330","name":"Pintos"},{"id":"109902","latitude":"-31.30000000","longitude":"-63.78333330","name":"Piquilin"},{"id":"109903","latitude":"-31.30000000","longitude":"-63.78333330","name":"Piquill\u00edn"},{"id":"109919","latitude":"-30.88333330","longitude":"-62.76666670","name":"Playa Grande"},{"id":"109921","latitude":"-31.53333330","longitude":"-63.18333330","name":"Plaza Bruno"},{"id":"109922","latitude":"-31.95000000","longitude":"-63.36666670","name":"Plaza Colazo"},{"id":"109923","latitude":"-31.65000000","longitude":"-63.03333330","name":"Plaza Deheza"},{"id":"109924","latitude":"-30.95000000","longitude":"-63.26666670","name":"Plaza de Mercedes"},{"id":"109926","latitude":"-31.30000000","longitude":"-62.23333330","name":"Plaza Luxardo"},{"id":"109928","latitude":"-31.36666670","longitude":"-62.11666670","name":"Plaza San Francisco"},{"id":"109929","latitude":"-31.91666670","longitude":"-63.46666670","name":"Plaza Videla"},{"id":"109939","latitude":"-31.48333330","longitude":"-65.26666670","name":"Pocho"},{"id":"109962","latitude":"-31.01666670","longitude":"-62.06666670","name":"Porte\u00f1a"},{"id":"109994","latitude":"-32.11666670","longitude":"-62.41666670","name":"Potro Muerto"},{"id":"110005","latitude":"-31.28333330","longitude":"-63.28333330","name":"Pozo de la Loma"},{"id":"110007","latitude":"-31.90000000","longitude":"-65.50000000","name":"Pozo de la Pampa"},{"id":"110009","latitude":"-30.71666670","longitude":"-63.08333330","name":"Pozo de las Palomas"},{"id":"110013","latitude":"-32.03333330","longitude":"-65.30000000","name":"Pozo del Cha\u00f1ar"},{"id":"110016","latitude":"-32.03333330","longitude":"-62.91666670","name":"Pozo del Molle"},{"id":"110018","latitude":"-30.83333330","longitude":"-63.60000000","name":"Pozo del Moro"},{"id":"110025","latitude":"-31.61666670","longitude":"-64.48333330","name":"Pozo del Tala"},{"id":"110027","latitude":"-31.11666670","longitude":"-64.18333330","name":"Pozo del Tigre"},{"id":"110067","latitude":"-33.90000000","longitude":"-64.53333330","name":"Pretot Freire"},{"id":"110068","latitude":"-33.90000000","longitude":"-64.53333330","name":"Pretot Freyre"},{"id":"110091","latitude":"-32.01666670","longitude":"-65.05000000","name":"Pueblito"},{"id":"110104","latitude":"-33.30000000","longitude":"-62.18333330","name":"Pueblo Italiano"},{"id":"110124","latitude":"-32.83333330","longitude":"-62.83333330","name":"Pueblo Viejo"},{"id":"110138","latitude":"-32.45000000","longitude":"-64.21666670","name":"Puerta Colorada"},{"id":"110294","latitude":"-30.25000000","longitude":"-63.40000000","name":"Puesto de Castro"},{"id":"110296","latitude":"-30.78333330","longitude":"-63.93333330","name":"Puesto del Rosario"},{"id":"110303","latitude":"-30.21666670","longitude":"-63.56666670","name":"Puesto Luna"},{"id":"110309","latitude":"-30.46666670","longitude":"-63.80000000","name":"Puesto San Jos\u00e9"},{"id":"110331","latitude":"-31.05000000","longitude":"-63.71666670","name":"Punta del Agua"},{"id":"110363","latitude":"-31.55000000","longitude":"-62.23333330","name":"Quebracho Herrado"},{"id":"110364","latitude":"-32.26666670","longitude":"-65.05000000","name":"Quebracho Ladeado"},{"id":"110369","latitude":"-31.90000000","longitude":"-65.03333330","name":"Quebrada de los Pozos"},{"id":"110387","latitude":"-30.20000000","longitude":"-64.48333330","name":"Quilino"},{"id":"110408","latitude":"-31.65000000","longitude":"-64.26666670","name":"Rafael Garc\u00eda"},{"id":"110427","latitude":"-32.48333330","longitude":"-63.10000000","name":"Ram\u00f3n C\u00e1rcano"},{"id":"110429","latitude":"-32.48333330","longitude":"-63.10000000","name":"Ram\u00f3n J. C\u00e1rcano"},{"id":"110445","latitude":"-31.11666670","longitude":"-63.76666670","name":"Rangel"},{"id":"110448","latitude":"-34.83333330","longitude":"-64.10000000","name":"Ranqueles"},{"id":"110460","latitude":"-30.98333330","longitude":"-65.23333330","name":"Rara Fortuna"},{"id":"110468","latitude":"-30.08333330","longitude":"-63.83333330","name":"Rayo Cortado"},{"id":"110471","latitude":"-32.48333330","longitude":"-63.10000000","name":"R. C\u00e1rcano"},{"id":"110473","latitude":"-31.36666670","longitude":"-64.21666670","name":"R. D. Busto"},{"id":"110480","latitude":"-31.91666670","longitude":"-64.58333330","name":"Reartes"},{"id":"110491","latitude":"-33.20000000","longitude":"-63.86666670","name":"Reducci\u00f3n"},{"id":"110496","latitude":"-31.43333330","longitude":"-63.81666670","name":"Remedios"},{"id":"110537","latitude":"-32.23333330","longitude":"-64.78333330","name":"Rinc\u00f3n de Luna"},{"id":"110541","latitude":"-31.60000000","longitude":"-63.63333330","name":"Rinc\u00f3n"},{"id":"110545","latitude":"-31.31666670","longitude":"-64.31666670","name":"R. Indarte"},{"id":"110547","latitude":"-34.05000000","longitude":"-63.75000000","name":"R\u00edo Bamba"},{"id":"110549","latitude":"-31.16666670","longitude":"-64.33333330","name":"R\u00edo Ceballos"},{"id":"110551","latitude":"-31.26666670","longitude":"-64.01666670","name":"R\u00edo Chico"},{"id":"110559","latitude":"-33.13333330","longitude":"-64.35000000","name":"R\u00edo Cuarto"},{"id":"110563","latitude":"-32.53333330","longitude":"-64.58333330","name":"R\u00edo de los Sauces"},{"id":"110569","latitude":"-31.31666670","longitude":"-64.96666670","name":"R\u00edo Hondo"},{"id":"110572","latitude":"-30.70000000","longitude":"-64.18333330","name":"R\u00edo Manzano"},{"id":"110580","latitude":"-31.33333330","longitude":"-63.61666670","name":"R\u00edo Primero"},{"id":"110583","latitude":"-29.90000000","longitude":"-63.71666670","name":"R\u00edo Seco"},{"id":"110586","latitude":"-31.66666670","longitude":"-63.91666670","name":"R\u00edo Segundo"},{"id":"110589","latitude":"-32.18333330","longitude":"-64.10000000","name":"R\u00edo Tercero"},{"id":"110591","latitude":"-29.86666670","longitude":"-63.06666670","name":"R\u00edo Viejo"},{"id":"110594","latitude":"-31.16666670","longitude":"-64.33333330","name":"R\u00edo Zeballos"},{"id":"110606","latitude":"-31.31666670","longitude":"-64.31666670","name":"Rivera Indarte"},{"id":"110625","latitude":"-30.93333330","longitude":"-65.31666670","name":"Rodeo Grande"},{"id":"110632","latitude":"-32.91666670","longitude":"-64.66666670","name":"Rodeo Viejo"},{"id":"110636","latitude":"-31.36666670","longitude":"-64.21666670","name":"Rodr\u00edguez del Busto"},{"id":"110651","latitude":"-34.16666670","longitude":"-63.16666670","name":"Rosales"},{"id":"110660","latitude":"-30.90000000","longitude":"-64.33333330","name":"Rosario"},{"id":"110685","latitude":"-33.86666670","longitude":"-63.43333330","name":"Ruiz D\u00edaz de Guzm\u00e1n"},{"id":"110690","latitude":"-32.18333330","longitude":"-64.48333330","name":"Rumipal"},{"id":"110693","latitude":"-30.90000000","longitude":"-65.26666670","name":"Rumiyaco"},{"id":"110705","latitude":"-31.66666670","longitude":"-63.06666670","name":"Sacanta"},{"id":"110710","latitude":"-31.28333330","longitude":"-63.41666670","name":"Sagrada Familia"},{"id":"110711","latitude":"-31.38333330","longitude":"-63.41666670","name":"Sagrado Temple"},{"id":"110713","latitude":"-30.56666670","longitude":"-64.55000000","name":"Sagui\u00f3n"},{"id":"110715","latitude":"-32.40000000","longitude":"-62.10000000","name":"Saira"},{"id":"110723","latitude":"-32.93333330","longitude":"-62.35000000","name":"Saladillo"},{"id":"110740","latitude":"-31.30000000","longitude":"-64.33333330","name":"Sald\u00e1n"},{"id":"110742","latitude":"-34.23333330","longitude":"-63.43333330","name":"Salguero"},{"id":"110746","latitude":"-31.31666670","longitude":"-65.08333330","name":"Salsacate"},{"id":"110748","latitude":"-31.15000000","longitude":"-64.31666670","name":"Salsipuedes"},{"id":"110754","latitude":"-32.16666670","longitude":"-64.26666670","name":"Salto"},{"id":"110763","latitude":"-33.38333330","longitude":"-64.71666670","name":"Sampacho"},{"id":"110766","latitude":"-32.51666670","longitude":"-63.25000000","name":"Sanabria"},{"id":"110772","latitude":"-31.98333330","longitude":"-64.38333330","name":"San Agust\u00edn"},{"id":"110779","latitude":"-33.23333330","longitude":"-64.15000000","name":"San Ambrosio"},{"id":"110785","latitude":"-31.48333330","longitude":"-64.51666670","name":"San Antonio de Arredondo"},{"id":"110788","latitude":"-32.20000000","longitude":"-62.63333330","name":"San Antonio de Lit\u00edn"},{"id":"110797","latitude":"-30.40000000","longitude":"-65.08333330","name":"San Antonio"},{"id":"110812","latitude":"-31.53333330","longitude":"-62.71666670","name":"San Bartolom\u00e9"},{"id":"110813","latitude":"-33.48333330","longitude":"-64.31666670","name":"San Basilio"},{"id":"110817","latitude":"-30.81666670","longitude":"-64.01666670","name":"San Bernardino"},{"id":"110832","latitude":"-31.18333330","longitude":"-65.10000000","name":"San Carlos Minas"},{"id":"110834","latitude":"-29.60000000","longitude":"-64.81666670","name":"San Carlos"},{"id":"110845","latitude":"-31.71666670","longitude":"-64.63333330","name":"San Clemente"},{"id":"110846","latitude":"-31.71666670","longitude":"-64.10000000","name":"San Cosme"},{"id":"110859","latitude":"-30.91666670","longitude":"-64.55000000","name":"San Esteban"},{"id":"110861","latitude":"-32.25000000","longitude":"-62.48333330","name":"San Eusebio"},{"id":"110873","latitude":"-31.28333330","longitude":"-64.40000000","name":"San Fernando"},{"id":"110877","latitude":"-29.78333330","longitude":"-63.93333330","name":"San Francisco de Cha\u00f1ar"},{"id":"110879","latitude":"-29.78333330","longitude":"-63.93333330","name":"San Francisco del Cha\u00f1ar"},{"id":"110883","latitude":"-31.43333330","longitude":"-62.08333330","name":"San Francisco"},{"id":"110901","latitude":"-29.90000000","longitude":"-64.10000000","name":"San Ger\u00f3nimo"},{"id":"110905","latitude":"-30.23333330","longitude":"-64.36666670","name":"San Gregorio"},{"id":"110915","latitude":"-30.96666670","longitude":"-64.53333330","name":"San Ignacio"},{"id":"110933","latitude":"-32.03333330","longitude":"-65.05000000","name":"San Javier"},{"id":"110942","latitude":"-29.90000000","longitude":"-64.10000000","name":"San Jer\u00f3nimo"},{"id":"110947","latitude":"-34.50000000","longitude":"-63.70000000","name":"San Joaqu\u00edn"},{"id":"110950","latitude":"-30.91666670","longitude":"-64.31666670","name":"San Jorge"},{"id":"110958","latitude":"-30.35000000","longitude":"-63.93333330","name":"San Jos\u00e9 de la Dormida"},{"id":"110962","latitude":"-30.01666670","longitude":"-64.63333330","name":"San Jos\u00e9 de las Salinas"},{"id":"110966","latitude":"-32.30000000","longitude":"-62.28333330","name":"San Jos\u00e9 del Salte\u00f1o"},{"id":"110970","latitude":"-30.01666670","longitude":"-64.63333330","name":"San Jos\u00e9"},{"id":"110996","latitude":"-30.86666670","longitude":"-64.23333330","name":"San Lorenzo"},{"id":"111005","latitude":"-29.83333330","longitude":"-63.43333330","name":"San Luis"},{"id":"111010","latitude":"-30.78333330","longitude":"-64.65000000","name":"San Marcos"},{"id":"111011","latitude":"-30.78333330","longitude":"-64.65000000","name":"San Marcos Sierra"},{"id":"111012","latitude":"-32.63333330","longitude":"-62.46666670","name":"San Marcos Sur"},{"id":"111040","latitude":"-29.76666670","longitude":"-63.75000000","name":"San Miguel"},{"id":"111052","latitude":"-32.30000000","longitude":"-63.86666670","name":"San Nicol\u00e1s"},{"id":"111066","latitude":"-30.45000000","longitude":"-64.45000000","name":"San Pedro de Toyos"},{"id":"111067","latitude":"-30.08333330","longitude":"-64.15000000","name":"San Pedro Norte"},{"id":"111070","latitude":"-29.70000000","longitude":"-63.55000000","name":"San Pedro"},{"id":"111079","latitude":"-31.53333330","longitude":"-63.78333330","name":"San Rafael"},{"id":"111094","latitude":"-31.35000000","longitude":"-64.46666670","name":"San Roque"},{"id":"111108","latitude":"-33.53333330","longitude":"-63.05000000","name":"San Severo"},{"id":"111111","latitude":"-29.85000000","longitude":"-63.83333330","name":"Santa Ana"},{"id":"111123","latitude":"-30.86666670","longitude":"-64.25000000","name":"Santa Catalina"},{"id":"111126","latitude":"-32.33333330","longitude":"-62.50000000","name":"Santa Cecilia"},{"id":"111135","latitude":"-30.25000000","longitude":"-64.16666670","name":"Santa Cruz"},{"id":"111144","latitude":"-30.11666670","longitude":"-63.85000000","name":"Santa Elena"},{"id":"111148","latitude":"-33.18333330","longitude":"-63.30000000","name":"Santa Eufemia"},{"id":"111154","latitude":"-31.48333330","longitude":"-64.23333330","name":"Santa Isabel"},{"id":"111167","latitude":"-34.50000000","longitude":"-63.93333330","name":"Santa Magdalena"},{"id":"111170","latitude":"-31.26666670","longitude":"-64.46666670","name":"Santa Mar\u00eda de Punilla"},{"id":"111171","latitude":"-31.70000000","longitude":"-62.48333330","name":"Santa Maria Laspiur"},{"id":"111175","latitude":"-30.71666670","longitude":"-63.96666670","name":"Santa Mar\u00eda"},{"id":"111186","latitude":"-32.06666670","longitude":"-64.55000000","name":"Santa Rosa de Calamuchita"},{"id":"111187","latitude":"-32.06666670","longitude":"-64.55000000","name":"Santa Rosa de Calamuchito"},{"id":"111193","latitude":"-31.15000000","longitude":"-63.38333330","name":"Santa Rosa de R\u00edo 1"},{"id":"111194","latitude":"-31.15000000","longitude":"-63.38333330","name":"Santa Rosa de R\u00edo Primero"},{"id":"111198","latitude":"-29.80000000","longitude":"-63.46666670","name":"Santa Rosa"},{"id":"111212","latitude":"-30.83333330","longitude":"-64.36666670","name":"Santa Sabina"},{"id":"111216","latitude":"-31.08333330","longitude":"-63.96666670","name":"Santa Teresa"},{"id":"111223","latitude":"-33.05000000","longitude":"-63.26666670","name":"Santa Victoria"},{"id":"111230","latitude":"-31.38333330","longitude":"-63.41666670","name":"Santiago Temple"},{"id":"111255","latitude":"-31.06666670","longitude":"-64.33333330","name":"San Vicente"},{"id":"111262","latitude":"-31.41666670","longitude":"-64.15000000","name":"San Vincente"},{"id":"111274","latitude":"-30.76666670","longitude":"-64.10000000","name":"Sarmiento"},{"id":"111279","latitude":"-31.70000000","longitude":"-62.48333330","name":"Saturnino M. Laspiur"},{"id":"111280","latitude":"-31.70000000","longitude":"-62.48333330","name":"Saturnio M. Laspiuro"},{"id":"111283","latitude":"-30.35000000","longitude":"-64.46666670","name":"Sauce Chiquito"},{"id":"111284","latitude":"-32.55000000","longitude":"-64.25000000","name":"Saucecito"},{"id":"111285","latitude":"-31.23333330","longitude":"-65.03333330","name":"Sauce de los Quevedos"},{"id":"111305","latitude":"-30.15000000","longitude":"-63.58333330","name":"Sebasti\u00e1n Elcano"},{"id":"111317","latitude":"-30.91666670","longitude":"-61.98333330","name":"Seeber"},{"id":"111336","latitude":"-34.45000000","longitude":"-63.55000000","name":"Serrano"},{"id":"111337","latitude":"-30.63333330","longitude":"-65.38333330","name":"Serrezuela"},{"id":"111369","latitude":"-32.25000000","longitude":"-62.91666670","name":"Silvio Pellico"},{"id":"111371","latitude":"-30.48333330","longitude":"-63.96666670","name":"Simbolar"},{"id":"111382","latitude":"-30.93333330","longitude":"-64.08333330","name":"Sinsacate"},{"id":"111383","latitude":"-30.93333330","longitude":"-64.08333330","name":"Sinsacote"},{"id":"111386","latitude":"-30.58333330","longitude":"-63.71666670","name":"Sit\u00f3n"},{"id":"111390","latitude":"-32.06666670","longitude":"-64.38333330","name":"Soconcho"},{"id":"111417","latitude":"-30.85000000","longitude":"-64.98333330","name":"Soto"},{"id":"111429","latitude":"-33.43333330","longitude":"-64.83333330","name":"Suco"},{"id":"111432","latitude":"-30.30000000","longitude":"-63.16666670","name":"Suerte Nueva"},{"id":"111441","latitude":"-31.11666670","longitude":"-65.16666670","name":"Sunchal"},{"id":"111457","latitude":"-30.51666670","longitude":"-64.46666670","name":"Surisaltana"},{"id":"111458","latitude":"-30.51666670","longitude":"-64.46666670","name":"Surisultana"},{"id":"111468","latitude":"-30.76666670","longitude":"-64.93333330","name":"Tabaquillo"},{"id":"111473","latitude":"-31.45000000","longitude":"-65.30000000","name":"Tablada"},{"id":"111488","latitude":"-29.80000000","longitude":"-63.10000000","name":"Taco Pozo"},{"id":"111510","latitude":"-31.35000000","longitude":"-64.96666670","name":"Tala Ca\u00f1ada"},{"id":"111512","latitude":"-32.33333330","longitude":"-64.71666670","name":"Tala Cruz"},{"id":"111514","latitude":"-31.25000000","longitude":"-65.18333330","name":"Talaini"},{"id":"111518","latitude":"-31.11666670","longitude":"-63.58333330","name":"Tala Norte"},{"id":"111550","latitude":"-32.25000000","longitude":"-63.98333330","name":"Tancacha"},{"id":"111552","latitude":"-31.35000000","longitude":"-64.56666670","name":"Tanti Nuevo"},{"id":"111553","latitude":"-31.33333330","longitude":"-64.60000000","name":"Tanti"},{"id":"111556","latitude":"-32.81666670","longitude":"-64.75000000","name":"Tapas"},{"id":"111560","latitude":"-30.73333330","longitude":"-65.13333330","name":"Tapias"},{"id":"111572","latitude":"-31.61666670","longitude":"-65.16666670","name":"Tasma"},{"id":"111579","latitude":"-32.63333330","longitude":"-64.28333330","name":"Tegua"},{"id":"111582","latitude":"-31.38333330","longitude":"-63.96666670","name":"Tejeda"},{"id":"111611","latitude":"-31.05000000","longitude":"-64.51666670","name":"Thea"},{"id":"111615","latitude":"-32.70000000","longitude":"-63.45000000","name":"Ticino"},{"id":"111618","latitude":"-32.25000000","longitude":"-64.68333330","name":"Tigre Muerto"},{"id":"111623","latitude":"-32.18333330","longitude":"-65.21666670","name":"Tilquicho"},{"id":"111632","latitude":"-31.13333330","longitude":"-63.90000000","name":"Tinoco"},{"id":"111639","latitude":"-32.28333330","longitude":"-63.36666670","name":"T\u00edo Pujio"},{"id":"111665","latitude":"-31.56666670","longitude":"-64.01666670","name":"Toledo"},{"id":"111683","latitude":"-31.08333330","longitude":"-62.96666670","name":"Toro Pugio"},{"id":"111684","latitude":"-31.08333330","longitude":"-62.96666670","name":"Toro Puj\u00edo"},{"id":"111686","latitude":"-31.28333330","longitude":"-65.13333330","name":"Toros Muertos"},{"id":"111699","latitude":"-30.98333330","longitude":"-65.26666670","name":"Tosno"},{"id":"111700","latitude":"-33.81666670","longitude":"-64.45000000","name":"Tosquitas"},{"id":"111701","latitude":"-33.81666670","longitude":"-64.45000000","name":"Tosquita"},{"id":"111703","latitude":"-29.63333330","longitude":"-64.85000000","name":"Totoralejos"},{"id":"111704","latitude":"-30.81666670","longitude":"-63.71666670","name":"Totoral"},{"id":"111718","latitude":"-31.68333330","longitude":"-65.01666670","name":"Tr\u00e1nsito de San Alberto"},{"id":"111719","latitude":"-31.41666670","longitude":"-63.18333330","name":"Tr\u00e1nsito"},{"id":"111723","latitude":"-32.13333330","longitude":"-65.05000000","name":"Traves\u00eda"},{"id":"111733","latitude":"-30.91666670","longitude":"-65.03333330","name":"Tres \u00c1rboles"},{"id":"111766","latitude":"-32.40000000","longitude":"-64.11666670","name":"Tres Pozos"},{"id":"111779","latitude":"-31.08333330","longitude":"-62.48333330","name":"Trinchera"},{"id":"111787","latitude":"-30.75000000","longitude":"-65.25000000","name":"Tuclame"},{"id":"111800","latitude":"-30.40000000","longitude":"-64.11666670","name":"Tulumba"},{"id":"111824","latitude":"-33.03333330","longitude":"-63.51666670","name":"Ucacha"},{"id":"111840","latitude":"-31.23333330","longitude":"-64.31666670","name":"Unquillo"},{"id":"111879","latitude":"-31.11666670","longitude":"-64.48333330","name":"Valle Hermoso"},{"id":"111892","latitude":"-33.88333330","longitude":"-64.70000000","name":"Vashington"},{"id":"111925","latitude":"-33.73333330","longitude":"-63.10000000","name":"Viamonte"},{"id":"111942","latitude":"-33.90000000","longitude":"-64.38333330","name":"Vicu\u00f1a Mackenna"},{"id":"111960","latitude":"-30.68333330","longitude":"-64.33333330","name":"Villa Albertina"},{"id":"111961","latitude":"-33.10000000","longitude":"-64.35000000","name":"Villa Alem"},{"id":"111963","latitude":"-30.46666670","longitude":"-64.31666670","name":"Villa Alicia"},{"id":"111964","latitude":"-31.30000000","longitude":"-64.30000000","name":"Villa Allende"},{"id":"111972","latitude":"-31.73333330","longitude":"-64.40000000","name":"Villa Anizacate"},{"id":"111976","latitude":"-32.66666670","longitude":"-62.10000000","name":"Villa Argentina"},{"id":"111977","latitude":"-32.16666670","longitude":"-63.88333330","name":"Villa Ascasubi"},{"id":"111987","latitude":"-31.36666670","longitude":"-64.25000000","name":"Villa Belgrano"},{"id":"111989","latitude":"-31.63333330","longitude":"-64.95000000","name":"Villa Benegas"},{"id":"111993","latitude":"-31.26666670","longitude":"-64.48333330","name":"Villa Bustos"},{"id":"111998","latitude":"-29.81666670","longitude":"-63.33333330","name":"Villa Candelaria"},{"id":"111999","latitude":"-31.40000000","longitude":"-64.51666670","name":"Villa Carlos Paz"},{"id":"112006","latitude":"-31.08333330","longitude":"-64.31666670","name":"Villa Cerro Azul"},{"id":"112013","latitude":"-31.15000000","longitude":"-64.36666670","name":"Villa Colachanga"},{"id":"112014","latitude":"-31.15000000","longitude":"-64.36666670","name":"Villa Colanchanga"},{"id":"112015","latitude":"-33.30000000","longitude":"-62.18333330","name":"Villa Colonia Italiana"},{"id":"112018","latitude":"-31.31666670","longitude":"-62.83333330","name":"Villa Concepci\u00f3n del T\u00edo"},{"id":"112019","latitude":"-31.31666670","longitude":"-62.83333330","name":"Villa Concepci\u00f3n"},{"id":"112021","latitude":"-31.45000000","longitude":"-63.98333330","name":"Villa Coraz\u00f3n de Mar\u00eda"},{"id":"112028","latitude":"-31.68333330","longitude":"-65.01666670","name":"Villa Cura Brochero"},{"id":"112031","latitude":"-31.53333330","longitude":"-63.38333330","name":"Villa de Carmen"},{"id":"112032","latitude":"-32.16666670","longitude":"-64.48333330","name":"Villa de Dique"},{"id":"112034","latitude":"-31.93333330","longitude":"-65.06666670","name":"Villa de Las Rosas"},{"id":"112036","latitude":"-32.16666670","longitude":"-64.48333330","name":"Villa del Dique"},{"id":"112037","latitude":"-31.40000000","longitude":"-64.51666670","name":"Villa del Lago"},{"id":"112041","latitude":"-31.58333330","longitude":"-63.53333330","name":"Villa del Rosario"},{"id":"112044","latitude":"-30.81666670","longitude":"-63.71666670","name":"Villa del Totoral"},{"id":"112045","latitude":"-31.45000000","longitude":"-63.20000000","name":"Villa del Tr\u00e1nsito"},{"id":"112046","latitude":"-29.90000000","longitude":"-63.71666670","name":"Villa de Mar\u00eda"},{"id":"112050","latitude":"-31.58333330","longitude":"-63.53333330","name":"Villa de Rosario"},{"id":"112051","latitude":"-30.85000000","longitude":"-64.98333330","name":"Villa de Soto"},{"id":"112055","latitude":"-32.16666670","longitude":"-64.48333330","name":"Villa Dique"},{"id":"112057","latitude":"-31.93333330","longitude":"-65.20000000","name":"Villa Dolores"},{"id":"112070","latitude":"-32.83333330","longitude":"-62.30000000","name":"Villa Elisa"},{"id":"112080","latitude":"-31.36666670","longitude":"-64.10000000","name":"Villa Esqui\u00fa"},{"id":"112090","latitude":"-30.88333330","longitude":"-63.13333330","name":"Villa Fontana"},{"id":"112096","latitude":"-31.33333330","longitude":"-64.55000000","name":"Villa Garc\u00eda"},{"id":"112100","latitude":"-31.98333330","longitude":"-64.56666670","name":"Villa General Belgrano"},{"id":"112102","latitude":"-30.70000000","longitude":"-64.06666670","name":"Villa General Mitre"},{"id":"112109","latitude":"-31.03333330","longitude":"-64.48333330","name":"Villa Giardino"},{"id":"112112","latitude":"-31.33333330","longitude":"-64.16666670","name":"Villa Gran Parque"},{"id":"112117","latitude":"-30.66666670","longitude":"-64.16666670","name":"Villa Guti\u00e9rrez"},{"id":"112124","latitude":"-34.83333330","longitude":"-64.58333330","name":"Villa Huidobro"},{"id":"112125","latitude":"-31.48333330","longitude":"-64.56666670","name":"Villa Icho Cruz"},{"id":"112127","latitude":"-31.45000000","longitude":"-64.51666670","name":"Villa Independencia"},{"id":"112145","latitude":"-31.93333330","longitude":"-65.06666670","name":"Villa Las Rosas"},{"id":"112155","latitude":"-31.83333330","longitude":"-64.50000000","name":"Villa Los Molinos"},{"id":"112170","latitude":"-32.41666670","longitude":"-63.25000000","name":"Villa Mar\u00eda"},{"id":"112187","latitude":"-34.71666670","longitude":"-64.63333330","name":"Villa Moderna"},{"id":"112198","latitude":"-32.43333330","longitude":"-63.25000000","name":"Villa Nueva"},{"id":"112204","latitude":"-31.18333330","longitude":"-64.31666670","name":"Villa \u00d1u Por\u00e1"},{"id":"112222","latitude":"-30.20000000","longitude":"-64.48333330","name":"Villa Quilino"},{"id":"112228","latitude":"-33.20000000","longitude":"-63.86666670","name":"Villa Reducci\u00f3n"},{"id":"112234","latitude":"-31.45000000","longitude":"-64.16666670","name":"Villa Revol"},{"id":"112240","latitude":"-30.41666670","longitude":"-63.48333330","name":"Villa Rosario del Saladillo"},{"id":"112243","latitude":"-34.28333330","longitude":"-63.25000000","name":"Villa Rossi"},{"id":"112245","latitude":"-32.18333330","longitude":"-64.48333330","name":"Villa Rumipal"},{"id":"112250","latitude":"-30.73333330","longitude":"-63.40000000","name":"Villa San Antonio"},{"id":"112253","latitude":"-31.65000000","longitude":"-62.86666670","name":"Villa San Esteban"},{"id":"112265","latitude":"-31.45000000","longitude":"-64.45000000","name":"Villa San Nicol\u00e1s"},{"id":"112268","latitude":"-31.15000000","longitude":"-63.38333330","name":"Villa Santa Rosa"},{"id":"112274","latitude":"-34.11666670","longitude":"-64.73333330","name":"Villa Sarmiento"},{"id":"112281","latitude":"-31.75000000","longitude":"-64.46666670","name":"Villa Serranita"},{"id":"112291","latitude":"-30.40000000","longitude":"-64.11666670","name":"Villa Tulumba"},{"id":"112297","latitude":"-34.33333330","longitude":"-64.91666670","name":"Villa Valeria"},{"id":"112298","latitude":"-31.26666670","longitude":"-63.06666670","name":"Villa Vaudagna"},{"id":"112299","latitude":"-31.26666670","longitude":"-62.70000000","name":"Villa Vieja"},{"id":"112301","latitude":"-31.35000000","longitude":"-65.10000000","name":"Villa Viso"},{"id":"112303","latitude":"-32.11666670","longitude":"-64.75000000","name":"Villa Yacanto"},{"id":"112330","latitude":"-34.23333330","longitude":"-62.83333330","name":"Vivero"},{"id":"112343","latitude":"-34.93333330","longitude":"-64.31666670","name":"Walt"},{"id":"112346","latitude":"-33.88333330","longitude":"-64.70000000","name":"Washington"},{"id":"112347","latitude":"-34.93333330","longitude":"-64.31666670","name":"Watt"},{"id":"112349","latitude":"-33.16666670","longitude":"-62.75000000","name":"Wenceslao Escalante"},{"id":"112354","latitude":"-32.11666670","longitude":"-64.75000000","name":"Yacanto Chico"},{"id":"112355","latitude":"-32.11666670","longitude":"-64.75000000","name":"Yacanto de Calamuchita"},{"id":"112356","latitude":"-32.05000000","longitude":"-65.05000000","name":"Yacanto"},{"id":"112383","latitude":"-31.16666670","longitude":"-63.58333330","name":"Yegua Muerta"},{"id":"112394","latitude":"-31.45000000","longitude":"-64.36666670","name":"Yoccina"},{"id":"112395","latitude":"-31.45000000","longitude":"-64.36666670","name":"Yocsina"}]