[{"id":"826701","latitude":"52.38333300","longitude":"-0.18333300","name":"Abbots Ripton"},{"id":"826704","latitude":"52.38333300","longitude":"-0.18333300","name":"Abbotts Ripton"},{"id":"826790","latitude":"53.76666700","longitude":"-2.35000000","name":"Accrington"},{"id":"826867","latitude":"51.93333300","longitude":"-1.65000000","name":"Addlestrop"},{"id":"826871","latitude":"51.93333300","longitude":"-1.65000000","name":"Adlestrop"},{"id":"826873","latitude":"53.60000000","longitude":"-2.60000000","name":"Adlington"},{"id":"826894","latitude":"53.46666700","longitude":"-2.93333300","name":"Aintree"},{"id":"826979","latitude":"52.60000000","longitude":"-0.78333300","name":"Allexton"},{"id":"827008","latitude":"52.11666700","longitude":"0.75000000","name":"Alpheton"},{"id":"827028","latitude":"53.53333300","longitude":"-3.01666700","name":"Altcar"},{"id":"827030","latitude":"53.80000000","longitude":"-2.35000000","name":"Altham"},{"id":"827064","latitude":"50.91666700","longitude":"-0.53333300","name":"Amberley"},{"id":"827079","latitude":"51.70000000","longitude":"-1.88333300","name":"Ampney"},{"id":"827082","latitude":"51.70000000","longitude":"-1.88333300","name":"Ampney Saint Peter"},{"id":"827109","latitude":"54.25000000","longitude":"-3.40000000","name":"Annaside"},{"id":"827153","latitude":"53.56666700","longitude":"-2.71666700","name":"Appley Bridge"},{"id":"827333","latitude":"52.06666700","longitude":"-2.51666700","name":"Ashperton"},{"id":"827344","latitude":"51.63333300","longitude":"-1.93333300","name":"Ashton Keynes"},{"id":"827368","latitude":"52.01666700","longitude":"-0.63333300","name":"Aspley Guise"},{"id":"827378","latitude":"53.50000000","longitude":"-2.45000000","name":"Astley"},{"id":"827406","latitude":"53.51666700","longitude":"-2.50000000","name":"Atherton"},{"id":"827461","latitude":"53.53333300","longitude":"-2.91666700","name":"Aughton"},{"id":"827519","latitude":"51.98333300","longitude":"-2.91666700","name":"Bacton"},{"id":"827522","latitude":"53.70000000","longitude":"-2.18333300","name":"Bacup"},{"id":"827695","latitude":"53.71666700","longitude":"-2.66666700","name":"Bamber Bridge"},{"id":"827739","latitude":"54.06666700","longitude":"-2.83333300","name":"Bare"},{"id":"827797","latitude":"53.91666700","longitude":"-2.18333300","name":"Barnoldswick"},{"id":"827831","latitude":"53.85000000","longitude":"-2.21666700","name":"Barrowford"},{"id":"827847","latitude":"53.56666700","longitude":"-2.96666700","name":"Barton"},{"id":"827856","latitude":"53.48333300","longitude":"-2.35000000","name":"Barton on Irwell"},{"id":"827862","latitude":"53.48333300","longitude":"-2.35000000","name":"Barton upon Irwell"},{"id":"827881","latitude":"50.83333300","longitude":"-2.55000000","name":"Batcombe"},{"id":"827903","latitude":"53.73333300","longitude":"-2.35000000","name":"Baxenden"},{"id":"828019","latitude":"53.98333300","longitude":"-2.15000000","name":"Bell Busk"},{"id":"828033","latitude":"53.63333300","longitude":"-2.50000000","name":"Belmont"},{"id":"828041","latitude":"52.60000000","longitude":"-0.78333300","name":"Belton"},{"id":"828077","latitude":"55.83333300","longitude":"-3.65000000","name":"Bents"},{"id":"828162","latitude":"53.51666700","longitude":"-2.83333300","name":"Bickerstaffe"},{"id":"828193","latitude":"50.91666700","longitude":"-0.60000000","name":"Bignor"},{"id":"828197","latitude":"52.10000000","longitude":"0.91666700","name":"Bildeston"},{"id":"828234","latitude":"53.56666700","longitude":"-2.21666700","name":"Birch"},{"id":"828320","latitude":"55.86666700","longitude":"-3.63333300","name":"Blackburn"},{"id":"828374","latitude":"52.06666700","longitude":"-2.93333300","name":"Blakemere"},{"id":"828423","latitude":"53.48333300","longitude":"-3.05000000","name":"Blundellsands"},{"id":"828425","latitude":"51.60000000","longitude":"-1.80000000","name":"Blunsdon"},{"id":"828426","latitude":"51.60000000","longitude":"-1.80000000","name":"Blunsdon Saint Andrew"},{"id":"828427","latitude":"52.35000000","longitude":"0.01666700","name":"Bluntisham"},{"id":"828485","latitude":"55.91666700","longitude":"-2.78333300","name":"Bolton"},{"id":"828487","latitude":"53.93333300","longitude":"-2.33333300","name":"Bolton by Bowland"},{"id":"828489","latitude":"54.08333300","longitude":"-2.78333300","name":"Bolton le Sands"},{"id":"828515","latitude":"53.46666700","longitude":"-3.01666700","name":"Bootle"},{"id":"828607","latitude":"51.98333300","longitude":"-0.66666700","name":"Bow Brickhill"},{"id":"828643","latitude":"52.21666700","longitude":"-0.66666700","name":"Bozeat"},{"id":"828647","latitude":"53.93333300","longitude":"-2.21666700","name":"Bracewell"},{"id":"828725","latitude":"52.90000000","longitude":"-1.91666700","name":"Bramshall"},{"id":"828737","latitude":"52.16666700","longitude":"-2.31666700","name":"Bransford"},{"id":"828790","latitude":"52.10000000","longitude":"-2.98333300","name":"Bredwardine"},{"id":"828798","latitude":"52.10000000","longitude":"0.83333300","name":"Brent Eleigh"},{"id":"828809","latitude":"53.66666700","longitude":"-2.80000000","name":"Bretherton"},{"id":"828811","latitude":"52.15000000","longitude":"0.88333300","name":"Brettenham"},{"id":"828854","latitude":"53.81666700","longitude":"-2.23333300","name":"Brierfield"},{"id":"828865","latitude":"53.41666700","longitude":"-1.41666700","name":"Brightside"},{"id":"828885","latitude":"53.68333300","longitude":"-2.56666700","name":"Brinscall"},{"id":"828902","latitude":"51.60000000","longitude":"-1.78333300","name":"Broad Blunsdon"},{"id":"828919","latitude":"52.20000000","longitude":"-2.36666700","name":"Broadwas"},{"id":"828924","latitude":"51.95000000","longitude":"-1.70000000","name":"Broadwell"},{"id":"829007","latitude":"53.81666700","longitude":"-2.73333300","name":"Broughton"},{"id":"829092","latitude":"50.83333300","longitude":"-2.45000000","name":"Buckland Newton"},{"id":"829181","latitude":"53.80000000","longitude":"-2.23333300","name":"Burnley"},{"id":"829196","latitude":"53.60000000","longitude":"-2.86666700","name":"Burscough"},{"id":"829241","latitude":"50.90000000","longitude":"-0.56666700","name":"Bury"},{"id":"829278","latitude":"52.08333300","longitude":"-2.88333300","name":"Byford"},{"id":"829486","latitude":"52.18333300","longitude":"-0.60000000","name":"Carlton"},{"id":"829539","latitude":"53.43333300","longitude":"-2.38333300","name":"Carrington"},{"id":"829577","latitude":"52.21666700","longitude":"-0.73333300","name":"Castle Ashby"},{"id":"829609","latitude":"53.58333300","longitude":"-2.18333300","name":"Castleton"},{"id":"829637","latitude":"53.86666700","longitude":"-2.76666700","name":"Catterall"},{"id":"829685","latitude":"51.66666700","longitude":"-1.91666700","name":"Cerney"},{"id":"829687","latitude":"51.96666700","longitude":"-2.21666700","name":"Chaceley"},{"id":"829765","latitude":"53.88333300","longitude":"-2.35000000","name":"Chatburn"},{"id":"829781","latitude":"52.93333300","longitude":"-1.95000000","name":"Checkley"},{"id":"829795","latitude":"52.18333300","longitude":"-0.60000000","name":"Chellington"},{"id":"829802","latitude":"52.08333300","longitude":"0.90000000","name":"Chelsworth"},{"id":"829821","latitude":"52.76666700","longitude":"-2.50000000","name":"Cherrington"},{"id":"829849","latitude":"50.86666700","longitude":"-2.56666700","name":"Chetnole"},{"id":"829883","latitude":"53.38333300","longitude":"-2.88333300","name":"Childwall"},{"id":"829908","latitude":"53.88333300","longitude":"-2.58333300","name":"Chipping"},{"id":"829923","latitude":"51.33333300","longitude":"1.20000000","name":"Chislet"},{"id":"829942","latitude":"53.65000000","longitude":"-2.61666700","name":"Chorley"},{"id":"829959","latitude":"53.75000000","longitude":"-2.38333300","name":"Church"},{"id":"829971","latitude":"51.90000000","longitude":"-1.58333300","name":"Churchill"},{"id":"829975","latitude":"52.91666700","longitude":"-1.96666700","name":"Church Leigh"},{"id":"830071","latitude":"53.76666700","longitude":"-2.38333300","name":"Clayton le Moor"},{"id":"830072","latitude":"53.76666700","longitude":"-2.38333300","name":"Clayton le Moors"},{"id":"830121","latitude":"53.86666700","longitude":"-2.40000000","name":"Clitheroe"},{"id":"830201","latitude":"53.95000000","longitude":"-2.81666700","name":"Cockerham"},{"id":"830205","latitude":"52.15000000","longitude":"0.78333300","name":"Cockfield"},{"id":"830247","latitude":"52.15000000","longitude":"-0.63333300","name":"Cold Brayfield"},{"id":"830293","latitude":"52.36666700","longitude":"0.01666700","name":"Colne"},{"id":"830325","latitude":"51.93333300","longitude":"-2.16666700","name":"Combe Hill"},{"id":"830362","latitude":"53.98333300","longitude":"-2.15000000","name":"Coniston Cold"},{"id":"830395","latitude":"51.93333300","longitude":"-2.16666700","name":"Coombe Hill"},{"id":"830408","latitude":"53.61666700","longitude":"-2.65000000","name":"Coppull"},{"id":"830424","latitude":"54.30000000","longitude":"-3.36666700","name":"Corney"},{"id":"830430","latitude":"51.93333300","longitude":"-1.60000000","name":"Cornwell"},{"id":"830616","latitude":"53.71666700","longitude":"-2.28333300","name":"Crashaw Booth"},{"id":"830618","latitude":"55.46666700","longitude":"-1.58333300","name":"Craster"},{"id":"830630","latitude":"53.71666700","longitude":"-2.28333300","name":"Crawshaw Booth"},{"id":"830682","latitude":"51.63333300","longitude":"-1.85000000","name":"Cricklade"},{"id":"830704","latitude":"53.43333300","longitude":"-2.55000000","name":"Croft"},{"id":"830708","latitude":"55.81666700","longitude":"-3.66666700","name":"Crofthead"},{"id":"830725","latitude":"53.38333300","longitude":"-2.76666700","name":"Cronton"},{"id":"830738","latitude":"53.47777800","longitude":"-3.03333300","name":"Crosby"},{"id":"830773","latitude":"53.65000000","longitude":"-2.76666700","name":"Croston"},{"id":"830808","latitude":"52.75000000","longitude":"-2.55000000","name":"Crudgington"},{"id":"830809","latitude":"52.75000000","longitude":"-2.55000000","name":"Crudington"},{"id":"830841","latitude":"53.45000000","longitude":"-2.51666700","name":"Culcheth"},{"id":"831042","latitude":"53.70000000","longitude":"-2.46666700","name":"Darwen"},{"id":"831050","latitude":"53.45000000","longitude":"-2.36666700","name":"Davyhulme"},{"id":"831075","latitude":"51.96666700","longitude":"-2.20000000","name":"Deerhurst"},{"id":"831113","latitude":"52.20000000","longitude":"-0.76666700","name":"Denton"},{"id":"831222","latitude":"52.20000000","longitude":"-2.36666700","name":"Doddenham"},{"id":"831284","latitude":"52.06666700","longitude":"-3.00000000","name":"Dorstone"},{"id":"831308","latitude":"51.90000000","longitude":"-2.20000000","name":"Down Hatherley"},{"id":"831556","latitude":"53.91666700","longitude":"-2.11666700","name":"Earby"},{"id":"831561","latitude":"52.35000000","longitude":"0.01666700","name":"Earith"},{"id":"831704","latitude":"53.95000000","longitude":"-2.13333300","name":"East Marton"},{"id":"831735","latitude":"55.90000000","longitude":"-2.83333300","name":"East Saltoun"},{"id":"831741","latitude":"51.30000000","longitude":"1.25000000","name":"East Stourmouth"},{"id":"831779","latitude":"53.48333300","longitude":"-2.33333300","name":"Eccles"},{"id":"831785","latitude":"53.63333300","longitude":"-2.71666700","name":"Eccleston"},{"id":"831798","latitude":"53.66666700","longitude":"-2.30000000","name":"Edenfield"},{"id":"831895","latitude":"53.51666700","longitude":"-2.41666700","name":"Ellenbrook"},{"id":"831905","latitude":"55.51666700","longitude":"-1.71666700","name":"Ellingham"},{"id":"831923","latitude":"51.28333300","longitude":"1.25000000","name":"Elmstone"},{"id":"831934","latitude":"53.93333300","longitude":"-2.11666700","name":"Elslack"},{"id":"831941","latitude":"53.83333300","longitude":"-2.88333300","name":"Elswick"},{"id":"831963","latitude":"55.48333300","longitude":"-1.61666700","name":"Embleton"},{"id":"832053","latitude":"53.65000000","longitude":"-2.66666700","name":"Euxton"},{"id":"832058","latitude":"51.95000000","longitude":"-1.66666700","name":"Evenlode"},{"id":"832065","latitude":"50.83333300","longitude":"-2.60000000","name":"Evershot"},{"id":"832077","latitude":"53.68333300","longitude":"-2.31666700","name":"Ewood Bridge"},{"id":"832101","latitude":"52.73333300","longitude":"-2.51666700","name":"Eyton"},{"id":"832102","latitude":"52.73333300","longitude":"-2.51666700","name":"Eyton upon the Weald Moors"},{"id":"832104","latitude":"53.66666700","longitude":"-2.16666700","name":"Facit"},{"id":"832135","latitude":"53.71666700","longitude":"-2.70000000","name":"Farington"},{"id":"832166","latitude":"53.71666700","longitude":"-2.70000000","name":"Farrington"},{"id":"832175","latitude":"55.81666700","longitude":"-3.71666700","name":"Fauldhouse"},{"id":"832189","latitude":"53.46666700","longitude":"-2.93333300","name":"Fazakerley"},{"id":"832215","latitude":"52.16666700","longitude":"0.85000000","name":"Felsham"},{"id":"832223","latitude":"53.71666700","longitude":"-2.53333300","name":"Feniscowles"},{"id":"832225","latitude":"53.71666700","longitude":"-2.53333300","name":"Fenniscowles"},{"id":"832359","latitude":"53.91666700","longitude":"-3.00000000","name":"Fleetwood"},{"id":"832374","latitude":"53.45000000","longitude":"-2.38333300","name":"Flixton"},{"id":"832423","latitude":"53.55000000","longitude":"-3.05000000","name":"Formby"},{"id":"832442","latitude":"53.95000000","longitude":"-2.78333300","name":"Forton"},{"id":"832465","latitude":"53.86666700","longitude":"-2.16666700","name":"Foulridge"},{"id":"832507","latitude":"53.75000000","longitude":"-2.86666700","name":"Freckleton"},{"id":"832558","latitude":"50.81666700","longitude":"-2.56666700","name":"Frome Saint Quinton"},{"id":"832611","latitude":"53.98333300","longitude":"-2.78333300","name":"Galgate"},{"id":"832656","latitude":"53.90000000","longitude":"-2.76666700","name":"Garstang"},{"id":"832738","latitude":"55.90000000","longitude":"-2.73333300","name":"Gifford"},{"id":"832768","latitude":"53.93333300","longitude":"-2.26666700","name":"Gisburn"},{"id":"832796","latitude":"53.98333300","longitude":"-2.85000000","name":"Glasson"},{"id":"832802","latitude":"53.43333300","longitude":"-2.46666700","name":"Glazebrook"},{"id":"832803","latitude":"53.46666700","longitude":"-2.50000000","name":"Glazebury"},{"id":"832891","latitude":"53.46666700","longitude":"-2.60000000","name":"Golborne"},{"id":"832914","latitude":"53.81666700","longitude":"-2.66666700","name":"Goosnargh"},{"id":"833018","latitude":"53.53333300","longitude":"-3.01666700","name":"Great Altcar"},{"id":"833038","latitude":"52.78333300","longitude":"-2.53333300","name":"Great Bolas"},{"id":"833065","latitude":"53.48333300","longitude":"-3.01666700","name":"Great Crosby"},{"id":"833075","latitude":"53.85000000","longitude":"-2.86666700","name":"Great Eccleston"},{"id":"833097","latitude":"53.78333300","longitude":"-2.41666700","name":"Great Harwood"},{"id":"833123","latitude":"53.83333300","longitude":"-2.43333300","name":"Great Mitton"},{"id":"833145","latitude":"51.96666700","longitude":"-1.51666700","name":"Great Rollright"},{"id":"833163","latitude":"52.35000000","longitude":"-0.20000000","name":"Great Stukeley"},{"id":"833239","latitude":"53.80000000","longitude":"-2.63333300","name":"Grimsargh"},{"id":"833248","latitude":"53.90000000","longitude":"-2.36666700","name":"Grindleton"},{"id":"833269","latitude":"51.31666700","longitude":"1.20000000","name":"Grove Ferry"},{"id":"833368","latitude":"53.60000000","longitude":"-2.58333300","name":"Haigh"},{"id":"833403","latitude":"53.58333300","longitude":"-2.95000000","name":"Halsall"},{"id":"833414","latitude":"54.06666700","longitude":"-2.76666700","name":"Halton"},{"id":"833417","latitude":"53.98333300","longitude":"-2.25000000","name":"Halton West"},{"id":"833427","latitude":"53.86666700","longitude":"-2.95000000","name":"Hambleton"},{"id":"833486","latitude":"53.78333300","longitude":"-2.31666700","name":"Hapton"},{"id":"833554","latitude":"52.18333300","longitude":"-0.60000000","name":"Harrold"},{"id":"833555","latitude":"53.93333300","longitude":"-2.38333300","name":"Harrop Fold"},{"id":"833566","latitude":"52.13333300","longitude":"0.68333300","name":"Hartest"},{"id":"833569","latitude":"52.33333300","longitude":"-0.15000000","name":"Hartford"},{"id":"833604","latitude":"53.70000000","longitude":"-2.33333300","name":"Haslingden"},{"id":"833720","latitude":"53.66666700","longitude":"-2.61666700","name":"Heapey"},{"id":"833729","latitude":"54.03333300","longitude":"-2.85000000","name":"Heaton"},{"id":"833763","latitude":"53.98333300","longitude":"-2.21666700","name":"Hellifield"},{"id":"833767","latitude":"53.68333300","longitude":"-2.33333300","name":"Helmshore"},{"id":"833782","latitude":"52.31666700","longitude":"-0.10000000","name":"Hemingford Abbots"},{"id":"833783","latitude":"52.31666700","longitude":"-0.11666700","name":"Hemingford Grey"},{"id":"833784","latitude":"52.31666700","longitude":"-0.11666700","name":"Hemingford"},{"id":"833852","latitude":"53.70000000","longitude":"-2.85000000","name":"Hesketh Bank"},{"id":"833861","latitude":"54.08333300","longitude":"-2.81666700","name":"Hest Bank"},{"id":"833882","latitude":"54.03333300","longitude":"-2.90000000","name":"Heysham"},{"id":"833885","latitude":"51.93333300","longitude":"-1.48333300","name":"Heythrop"},{"id":"833886","latitude":"53.58333300","longitude":"-2.21666700","name":"Heywood"},{"id":"833912","latitude":"54.05000000","longitude":"-2.53333300","name":"Higher Thrushgill"},{"id":"833940","latitude":"53.51666700","longitude":"-3.05000000","name":"Hightown"},{"id":"833951","latitude":"51.20000000","longitude":"0.23333300","name":"Hildenborough"},{"id":"834019","latitude":"52.11666700","longitude":"0.90000000","name":"Hitcham"},{"id":"834044","latitude":"53.71666700","longitude":"-2.58333300","name":"Hoghton"},{"id":"834141","latitude":"53.70000000","longitude":"-2.80000000","name":"Hoole"},{"id":"834219","latitude":"53.60000000","longitude":"-2.55000000","name":"Horwich"},{"id":"834231","latitude":"50.88333300","longitude":"-0.55000000","name":"Houghton"},{"id":"834297","latitude":"53.76666700","longitude":"-2.35000000","name":"Huncoat"},{"id":"834309","latitude":"52.33333300","longitude":"-0.16666700","name":"Huntingdon and Peterborough"},{"id":"834335","latitude":"53.83333300","longitude":"-2.48333300","name":"Hurst Green"},{"id":"834351","latitude":"53.73333300","longitude":"-2.76666700","name":"Hutton"},{"id":"834358","latitude":"53.40000000","longitude":"-2.85000000","name":"Huyton"},{"id":"834359","latitude":"53.40000000","longitude":"-2.81666700","name":"Huyton Quarry"},{"id":"834360","latitude":"53.40000000","longitude":"-2.85000000","name":"Huyton with Roby"},{"id":"834381","latitude":"53.86666700","longitude":"-2.05000000","name":"Ickornshaw"},{"id":"834421","latitude":"53.51666700","longitude":"-3.01666700","name":"Ince Blundell"},{"id":"834445","latitude":"53.85000000","longitude":"-2.70000000","name":"Inglewhite"},{"id":"834469","latitude":"53.83333300","longitude":"-2.83333300","name":"Inskip"},{"id":"834547","latitude":"53.43333300","longitude":"-2.41666700","name":"Irlam"},{"id":"834651","latitude":"53.88333300","longitude":"-2.15000000","name":"Kelbrook"},{"id":"834721","latitude":"53.45000000","longitude":"-2.53333300","name":"Kenyon"},{"id":"834730","latitude":"52.05000000","longitude":"0.91666700","name":"Kersey"},{"id":"834901","latitude":"53.43333300","longitude":"-1.38333300","name":"Kimberworth"},{"id":"834925","latitude":"51.90000000","longitude":"-1.61666700","name":"Kingham"},{"id":"834972","latitude":"52.01666700","longitude":"-2.83333300","name":"Kingstone"},{"id":"835031","latitude":"52.13333300","longitude":"-2.95000000","name":"Kinnersley"},{"id":"835112","latitude":"53.78333300","longitude":"-2.86666700","name":"Kirkham"},{"id":"835202","latitude":"53.35000000","longitude":"-0.75000000","name":"Knaith"},{"id":"835317","latitude":"54.06666700","longitude":"-2.83333300","name":"Lancaster"},{"id":"835328","latitude":"53.85000000","longitude":"-2.11666700","name":"Laneshaw Bridge"},{"id":"835426","latitude":"52.16666700","longitude":"-0.65000000","name":"Lavendon"},{"id":"835427","latitude":"52.10000000","longitude":"0.80000000","name":"Lavenham"},{"id":"835441","latitude":"52.15000000","longitude":"0.73333300","name":"Lawshall"},{"id":"835464","latitude":"53.76666700","longitude":"-2.80000000","name":"Lea"},{"id":"835477","latitude":"53.76666700","longitude":"-2.80000000","name":"Lea Town"},{"id":"835523","latitude":"53.48333300","longitude":"-2.51666700","name":"Leigh"},{"id":"835526","latitude":"51.55000000","longitude":"0.66666700","name":"Leigh-on-Sea"},{"id":"835582","latitude":"52.11666700","longitude":"-2.96666700","name":"Letton"},{"id":"835604","latitude":"53.68333300","longitude":"-2.70000000","name":"Leyland"},{"id":"835630","latitude":"52.73333300","longitude":"-2.40000000","name":"Lilleshall"},{"id":"835707","latitude":"53.46666700","longitude":"-3.00000000","name":"Litherland"},{"id":"835722","latitude":"53.33333300","longitude":"-0.76666700","name":"Littleborough"},{"id":"835742","latitude":"51.96666700","longitude":"-1.61666700","name":"Little Compton"},{"id":"835784","latitude":"52.03333300","longitude":"-2.48333300","name":"Little Marche"},{"id":"835785","latitude":"52.03333300","longitude":"-2.48333300","name":"Little Marcle"},{"id":"835804","latitude":"52.40000000","longitude":"-0.15000000","name":"Little Raveley"},{"id":"835807","latitude":"51.96666700","longitude":"-1.56666700","name":"Little Rollright"},{"id":"835824","latitude":"52.35000000","longitude":"-0.21666700","name":"Little Stukeley"},{"id":"836359","latitude":"52.75000000","longitude":"-2.41666700","name":"Longford"},{"id":"836400","latitude":"53.83333300","longitude":"-2.58333300","name":"Longridge"},{"id":"836414","latitude":"53.71666700","longitude":"-2.80000000","name":"Longton"},{"id":"836472","latitude":"53.71666700","longitude":"-2.46666700","name":"Lower Darrven"},{"id":"836473","latitude":"53.71666700","longitude":"-2.46666700","name":"Lower Darwen"},{"id":"836522","latitude":"53.46666700","longitude":"-2.58333300","name":"Lowton"},{"id":"836533","latitude":"55.55000000","longitude":"-1.75000000","name":"Lucker"},{"id":"836603","latitude":"51.56666700","longitude":"-1.86666700","name":"Lydiard Millicent"},{"id":"836605","latitude":"53.51666700","longitude":"-2.96666700","name":"Lydiate"},{"id":"836657","latitude":"52.03333300","longitude":"-2.85000000","name":"Madley"},{"id":"836683","latitude":"53.51666700","longitude":"-2.95000000","name":"Maghull"},{"id":"836750","latitude":"52.10000000","longitude":"-2.91666700","name":"Mansel Gamage"},{"id":"836759","latitude":"52.61666700","longitude":"-0.70000000","name":"Manton"},{"id":"836840","latitude":"53.96666700","longitude":"-2.63333300","name":"Marshaw"},{"id":"836873","latitude":"52.23333300","longitude":"-2.36666700","name":"Martley"},{"id":"836915","latitude":"53.61666700","longitude":"-2.76666700","name":"Mawdesley"},{"id":"836928","latitude":"53.71666700","longitude":"-2.51666700","name":"Meadowbank"},{"id":"836958","latitude":"50.85000000","longitude":"-2.58333300","name":"Melbury Bubb"},{"id":"837051","latitude":"52.00000000","longitude":"-3.00000000","name":"Michaelchurch Escley"},{"id":"837091","latitude":"53.55000000","longitude":"-2.20000000","name":"Middleton"},{"id":"837175","latitude":"53.60000000","longitude":"-2.10000000","name":"Milnrow"},{"id":"837183","latitude":"52.18333300","longitude":"-0.51666700","name":"Milton Ernest"},{"id":"837208","latitude":"51.61666700","longitude":"-1.95000000","name":"Minety"},{"id":"837235","latitude":"52.08333300","longitude":"-2.93333300","name":"Moccas"},{"id":"837279","latitude":"52.08333300","longitude":"0.86666700","name":"Monks Eleigh"},{"id":"837309","latitude":"52.11666700","longitude":"-2.90000000","name":"Moorhampton"},{"id":"837328","latitude":"54.06666700","longitude":"-2.85000000","name":"Morecambe"},{"id":"837330","latitude":"54.06666700","longitude":"-2.85000000","name":"Morecombe"},{"id":"837400","latitude":"52.05000000","longitude":"-0.66666700","name":"Moulsoe"},{"id":"837443","latitude":"53.70000000","longitude":"-2.80000000","name":"Much Hoole"},{"id":"837444","latitude":"52.00000000","longitude":"-2.50000000","name":"Much Marcle"},{"id":"837491","latitude":"52.73333300","longitude":"-2.41666700","name":"Muxton"},{"id":"837558","latitude":"52.31666700","longitude":"-0.01666700","name":"Needingworth"},{"id":"837564","latitude":"53.83333300","longitude":"-2.20000000","name":"Nelson"},{"id":"837671","latitude":"53.45000000","longitude":"-2.56666700","name":"Newchurch"},{"id":"837690","latitude":"55.53333300","longitude":"-1.71666700","name":"Newham"},{"id":"837694","latitude":"53.60000000","longitude":"-2.08333300","name":"New Hey"},{"id":"837761","latitude":"53.45000000","longitude":"-2.60000000","name":"Newton-le-Willows"},{"id":"837769","latitude":"53.95000000","longitude":"-2.46666700","name":"Newton"},{"id":"837867","latitude":"55.48333300","longitude":"-1.73333300","name":"North Charlton"},{"id":"837968","latitude":"53.35000000","longitude":"-0.86666700","name":"North Wheatley"},{"id":"837983","latitude":"52.13333300","longitude":"-2.90000000","name":"Norton Canon"},{"id":"837995","latitude":"51.91666700","longitude":"-2.20000000","name":"Norton"},{"id":"838037","latitude":"52.70000000","longitude":"-2.43333300","name":"Oakengates"},{"id":"838046","latitude":"52.16666700","longitude":"-0.51666700","name":"Oakley"},{"id":"838070","latitude":"52.20000000","longitude":"-0.58333300","name":"Odell"},{"id":"838113","latitude":"52.36666700","longitude":"-0.08333300","name":"Old Hurst"},{"id":"838179","latitude":"53.56666700","longitude":"-2.90000000","name":"Ormskirk"},{"id":"838199","latitude":"53.73333300","longitude":"-2.40000000","name":"Oswaldtwistle"},{"id":"838236","latitude":"52.31666700","longitude":"0.01666700","name":"Over"},{"id":"838242","latitude":"54.00000000","longitude":"-2.85000000","name":"Overton"},{"id":"838290","latitude":"53.78333300","longitude":"-2.31666700","name":"Padiham"},{"id":"838336","latitude":"53.58333300","longitude":"-2.76666700","name":"Parbold"},{"id":"838372","latitude":"53.48333300","longitude":"-2.40000000","name":"Patricroft"},{"id":"838384","latitude":"52.18333300","longitude":"-0.55000000","name":"Pavenham"},{"id":"838388","latitude":"53.95000000","longitude":"-2.26666700","name":"Paythorne"},{"id":"838432","latitude":"53.85000000","longitude":"-2.36666700","name":"Pendleton"},{"id":"838480","latitude":"51.16666700","longitude":"0.18333300","name":"Penshurst"},{"id":"838497","latitude":"53.75000000","longitude":"-2.73333300","name":"Penwortham"},{"id":"838530","latitude":"52.03333300","longitude":"-2.95000000","name":"Peterchurch"},{"id":"838575","latitude":"53.93333300","longitude":"-2.91666700","name":"Pilling"},{"id":"838890","latitude":"53.91666700","longitude":"-2.96666700","name":"Preesall"},{"id":"838897","latitude":"53.41666700","longitude":"-2.80000000","name":"Prescot"},{"id":"838898","latitude":"53.41666700","longitude":"-2.80000000","name":"Prescott"},{"id":"838913","latitude":"52.73333300","longitude":"-2.46666700","name":"Preston-on-the-Weald Moors"},{"id":"838914","latitude":"52.06666700","longitude":"-2.90000000","name":"Preston on Wye"},{"id":"838917","latitude":"53.76666700","longitude":"-2.71666700","name":"Preston"},{"id":"838919","latitude":"52.73333300","longitude":"-2.46666700","name":"Preston upon the Weald Moors"},{"id":"838971","latitude":"51.58333300","longitude":"-1.86666700","name":"Purton"},{"id":"838972","latitude":"51.60000000","longitude":"-1.86666700","name":"Purton Stoke"},{"id":"838974","latitude":"52.03333300","longitude":"-2.51666700","name":"Putley"},{"id":"839054","latitude":"53.51666700","longitude":"-2.80000000","name":"Rainford"},{"id":"839056","latitude":"53.40000000","longitude":"-2.76666700","name":"Rainhill"},{"id":"839057","latitude":"53.40000000","longitude":"-2.76666700","name":"Rainhull"},{"id":"839113","latitude":"52.40000000","longitude":"-0.15000000","name":"Raveley"},{"id":"839129","latitude":"53.70000000","longitude":"-2.28333300","name":"Rawtenstall"},{"id":"839262","latitude":"52.00000000","longitude":"-0.58333300","name":"Ridgmont"},{"id":"839267","latitude":"52.60000000","longitude":"-0.73333300","name":"Ridlington"},{"id":"839275","latitude":"53.90000000","longitude":"-2.30000000","name":"Rimington"},{"id":"839314","latitude":"53.61666700","longitude":"-2.56666700","name":"Rivington"},{"id":"839327","latitude":"53.41666700","longitude":"-2.85000000","name":"Roby"},{"id":"839349","latitude":"55.46666700","longitude":"-1.66666700","name":"Rock"},{"id":"839351","latitude":"53.68333300","longitude":"-2.51666700","name":"Roddlesworth"},{"id":"839373","latitude":"51.96666700","longitude":"-1.51666700","name":"Rollwright"},{"id":"839503","latitude":"53.61666700","longitude":"-2.83333300","name":"Rufford"},{"id":"839563","latitude":"53.81666700","longitude":"-2.33333300","name":"Sabden"},{"id":"839571","latitude":"52.03333300","longitude":"-0.63333300","name":"Sainford"},{"id":"839687","latitude":"52.00000000","longitude":"-2.95000000","name":"Saint Margaret"},{"id":"839712","latitude":"53.85000000","longitude":"-2.81666700","name":"Saint Michaels on Wyre"},{"id":"839714","latitude":"53.85000000","longitude":"-2.81666700","name":"Saint Michaels"},{"id":"839758","latitude":"51.93333300","longitude":"-1.58333300","name":"Salford"},{"id":"839775","latitude":"53.90000000","longitude":"-2.16666700","name":"Salterforth"},{"id":"839786","latitude":"55.90000000","longitude":"-2.83333300","name":"Salton"},{"id":"839790","latitude":"53.76666700","longitude":"-2.61666700","name":"Samlesbury"},{"id":"839856","latitude":"51.33333300","longitude":"1.23333300","name":"Sarre"},{"id":"839868","latitude":"53.90000000","longitude":"-2.35000000","name":"Sawley"},{"id":"839911","latitude":"53.60000000","longitude":"-2.93333300","name":"Scarisbrick"},{"id":"839936","latitude":"53.93333300","longitude":"-2.76666700","name":"Scorton"},{"id":"839941","latitude":"54.01666700","longitude":"-2.78333300","name":"Scotforth"},{"id":"839970","latitude":"53.46666700","longitude":"-3.01666700","name":"Seaforth"},{"id":"840008","latitude":"53.50000000","longitude":"-2.96666700","name":"Sefton"},{"id":"840031","latitude":"52.08333300","longitude":"0.91666700","name":"Semer"},{"id":"840091","latitude":"53.68333300","longitude":"-2.16666700","name":"Shawforth"},{"id":"840184","latitude":"52.11666700","longitude":"0.71666700","name":"Shimpling"},{"id":"840208","latitude":"53.95000000","longitude":"-2.76666700","name":"Shireshead"},{"id":"840274","latitude":"51.68333300","longitude":"-1.95000000","name":"Siddington"},{"id":"840342","latitude":"53.53333300","longitude":"-2.80000000","name":"Skelmersdale"},{"id":"840380","latitude":"53.96666700","longitude":"-2.45000000","name":"Slaidburn"},{"id":"840419","latitude":"53.63333300","longitude":"-2.11666700","name":"Smithy Bridge"},{"id":"840450","latitude":"53.65000000","longitude":"-2.83333300","name":"Sollom"},{"id":"840462","latitude":"52.38333300","longitude":"0.00000000","name":"Somersham"},{"id":"840505","latitude":"51.66666700","longitude":"-1.91666700","name":"South Cerney"},{"id":"840506","latitude":"55.46666700","longitude":"-1.73333300","name":"South Charlton"},{"id":"840609","latitude":"53.35000000","longitude":"-0.85000000","name":"South Wheatley"},{"id":"840669","latitude":"53.63333300","longitude":"-2.66666700","name":"Springfield"},{"id":"840672","latitude":"53.63333300","longitude":"-2.66666700","name":"Springfields"},{"id":"840757","latitude":"52.16666700","longitude":"0.75000000","name":"Stanningfield"},{"id":"840798","latitude":"51.25000000","longitude":"1.25000000","name":"Staple"},{"id":"840809","latitude":"52.10000000","longitude":"-2.91666700","name":"Staunton on Wye"},{"id":"840812","latitude":"52.10000000","longitude":"-2.91666700","name":"Staunton"},{"id":"840818","latitude":"51.91666700","longitude":"-2.16666700","name":"Staverton"},{"id":"840861","latitude":"52.16666700","longitude":"-0.55000000","name":"Stevington"},{"id":"841009","latitude":"51.30000000","longitude":"1.25000000","name":"Stourmouth"},{"id":"841025","latitude":"51.93333300","longitude":"-1.73333300","name":"Stow on the Wold"},{"id":"841125","latitude":"52.35000000","longitude":"-0.21666700","name":"Stukeley"},{"id":"841132","latitude":"53.35000000","longitude":"-0.81666700","name":"Sturton le Steeple"},{"id":"841134","latitude":"53.35000000","longitude":"-0.81666700","name":"Sturton"},{"id":"841259","latitude":"55.53333300","longitude":"-1.66666700","name":"Swinhoe"},{"id":"841263","latitude":"53.50000000","longitude":"-2.35000000","name":"Swinton"},{"id":"841349","latitude":"53.66666700","longitude":"-2.83333300","name":"Tarleton"},{"id":"841351","latitude":"53.98333300","longitude":"-2.61666700","name":"Tarnbrook"},{"id":"841404","latitude":"53.41666700","longitude":"-1.38333300","name":"Templeborough"},{"id":"841405","latitude":"53.41666700","longitude":"-1.38333300","name":"Templebrough"},{"id":"841536","latitude":"53.50000000","longitude":"-3.00000000","name":"Thornton"},{"id":"841590","latitude":"54.05000000","longitude":"-2.53333300","name":"Thrushgill"},{"id":"841789","latitude":"54.05000000","longitude":"-2.83333300","name":"Torrisholme"},{"id":"841822","latitude":"53.55000000","longitude":"-2.90000000","name":"Town Green"},{"id":"841836","latitude":"53.46666700","longitude":"-2.33333300","name":"Trafford Park"},{"id":"841881","latitude":"52.71666700","longitude":"-2.46666700","name":"Trench"},{"id":"841983","latitude":"52.01666700","longitude":"-2.93333300","name":"Turnastone"},{"id":"841994","latitude":"52.16666700","longitude":"-0.63333300","name":"Turvey"},{"id":"842017","latitude":"52.05000000","longitude":"-2.90000000","name":"Tyberton"},{"id":"842025","latitude":"53.51666700","longitude":"-2.46666700","name":"Tyldesley"},{"id":"842094","latitude":"53.53333300","longitude":"-2.71666700","name":"Upholland"},{"id":"842182","latitude":"53.45000000","longitude":"-2.35000000","name":"Urmston"},{"id":"842226","latitude":"52.01666700","longitude":"-2.91666700","name":"Vowchurch"},{"id":"842233","latitude":"53.88333300","longitude":"-2.41666700","name":"Waddington"},{"id":"842270","latitude":"53.51666700","longitude":"-2.40000000","name":"Walkden"},{"id":"842324","latitude":"53.73333300","longitude":"-2.66666700","name":"Walton le Dale"},{"id":"842327","latitude":"53.45000000","longitude":"-2.95000000","name":"Walton on the Hill"},{"id":"842338","latitude":"53.45000000","longitude":"-2.95000000","name":"Walton"},{"id":"842364","latitude":"52.40000000","longitude":"-0.06666700","name":"Warboys"},{"id":"842372","latitude":"53.65000000","longitude":"-2.13333300","name":"Wardle"},{"id":"842374","latitude":"55.53333300","longitude":"-1.76666700","name":"Warenford"},{"id":"842406","latitude":"52.16666700","longitude":"-0.68333300","name":"Warrington"},{"id":"842417","latitude":"53.76666700","longitude":"-2.88333300","name":"Warton"},{"id":"842442","latitude":"53.46666700","longitude":"-3.01666700","name":"Waterloo"},{"id":"842443","latitude":"53.46666700","longitude":"-3.01666700","name":"Waterloo with Seaforth"},{"id":"842470","latitude":"52.01666700","longitude":"-0.66666700","name":"Wavendon"},{"id":"842479","latitude":"51.21666700","longitude":"0.18333300","name":"Weald"},{"id":"842673","latitude":"53.98333300","longitude":"-2.25000000","name":"West Halton"},{"id":"842686","latitude":"53.55000000","longitude":"-2.85000000","name":"Westhead"},{"id":"842687","latitude":"52.31666700","longitude":"-0.10000000","name":"West Hemingford"},{"id":"842721","latitude":"53.95000000","longitude":"-2.16666700","name":"West Marton"},{"id":"842844","latitude":"53.81666700","longitude":"-2.41666700","name":"Whalley"},{"id":"842862","latitude":"53.35000000","longitude":"-0.86666700","name":"Wheatley"},{"id":"842885","latitude":"54.23333300","longitude":"-3.36666700","name":"Whitbeck"},{"id":"842886","latitude":"52.21666700","longitude":"-2.40000000","name":"Whitbourne"},{"id":"842888","latitude":"55.86666700","longitude":"-3.68333300","name":"Whitburn"},{"id":"842927","latitude":"53.91666700","longitude":"-2.51666700","name":"Whitewell"},{"id":"843049","latitude":"52.11666700","longitude":"-3.00000000","name":"Willersley"},{"id":"843060","latitude":"52.31666700","longitude":"0.06666700","name":"Willingham"},{"id":"843109","latitude":"53.41666700","longitude":"-1.43333300","name":"Wincobank"},{"id":"843132","latitude":"51.26666700","longitude":"1.21666700","name":"Wingham"},{"id":"843135","latitude":"52.60000000","longitude":"-0.68333300","name":"Wing"},{"id":"843141","latitude":"53.91666700","longitude":"-2.81666700","name":"Winmarleigh"},{"id":"843192","latitude":"52.40000000","longitude":"-0.10000000","name":"Wistow"},{"id":"843211","latitude":"53.70000000","longitude":"-2.55000000","name":"Withnell"},{"id":"843234","latitude":"52.00000000","longitude":"-0.63333300","name":"Woburn Sands"},{"id":"843235","latitude":"51.98333300","longitude":"-0.61666700","name":"Woburn"},{"id":"843263","latitude":"52.70000000","longitude":"-2.45000000","name":"Wombridge"},{"id":"843296","latitude":"52.36666700","longitude":"-0.06666700","name":"Woodhurst"},{"id":"843306","latitude":"53.80000000","longitude":"-2.75000000","name":"Woodplumpton"},{"id":"843326","latitude":"52.01666700","longitude":"-2.56666700","name":"Woolhope"},{"id":"843338","latitude":"53.36666700","longitude":"-2.86666700","name":"Woolton"},{"id":"843347","latitude":"50.86666700","longitude":"-2.45000000","name":"Wooton Glanville"},{"id":"843354","latitude":"50.86666700","longitude":"-2.45000000","name":"Wootton Glanville"},{"id":"843392","latitude":"53.50000000","longitude":"-2.38333300","name":"Worsley"},{"id":"843394","latitude":"53.78333300","longitude":"-2.18333300","name":"Worsthorne"},{"id":"843395","latitude":"53.78333300","longitude":"-2.18333300","name":"Worsthorn"},{"id":"843484","latitude":"52.33333300","longitude":"-0.11666700","name":"Wyton"},{"id":"843494","latitude":"52.20000000","longitude":"-0.73333300","name":"Yardley Hastings"},{"id":"843513","latitude":"52.11666700","longitude":"-2.86666700","name":"Yazor"},{"id":"843533","latitude":"50.90000000","longitude":"-2.56666700","name":"Yetminster"}]