[{"id":"826721","latitude":"57.55000000","longitude":"-2.61666700","name":"Aberchirder"},{"id":"826730","latitude":"57.65000000","longitude":"-2.18333300","name":"Aberdour"},{"id":"826784","latitude":"57.08333300","longitude":"-2.83333300","name":"Aboine"},{"id":"826785","latitude":"57.08333300","longitude":"-2.83333300","name":"Aboyne"},{"id":"826942","latitude":"57.45000000","longitude":"-1.88333300","name":"Aldie"},{"id":"826959","latitude":"57.21666700","longitude":"-2.70000000","name":"Alford"},{"id":"827045","latitude":"57.61666700","longitude":"-2.53333300","name":"Alvah"},{"id":"827160","latitude":"56.85000000","longitude":"-2.31666700","name":"Arbuthnott"},{"id":"827263","latitude":"56.80000000","longitude":"-2.63333300","name":"Arnhall"},{"id":"827421","latitude":"56.90000000","longitude":"-2.45000000","name":"Auchinblae"},{"id":"827427","latitude":"57.11666700","longitude":"-2.73333300","name":"Auchinhove"},{"id":"827430","latitude":"57.30000000","longitude":"-2.61666700","name":"Auchleven"},{"id":"827431","latitude":"57.36666700","longitude":"-2.01666700","name":"Auchmacoy"},{"id":"827438","latitude":"57.46666700","longitude":"-2.11666700","name":"Auchnagatt"},{"id":"827446","latitude":"57.45000000","longitude":"-2.46666700","name":"Auchterless"},{"id":"827523","latitude":"57.25000000","longitude":"-3.08333300","name":"Badaneoin"},{"id":"827530","latitude":"57.25000000","longitude":"-3.08333300","name":"Badenyon"},{"id":"827593","latitude":"57.05000000","longitude":"-2.96666700","name":"Ballaterach"},{"id":"827594","latitude":"57.05000000","longitude":"-3.05000000","name":"Ballater"},{"id":"827595","latitude":"57.05000000","longitude":"-2.96666700","name":"Ballaterich"},{"id":"827615","latitude":"57.03333300","longitude":"-2.70000000","name":"Ballogie"},{"id":"827677","latitude":"57.25000000","longitude":"-2.05000000","name":"Balmedie"},{"id":"827703","latitude":"57.05000000","longitude":"-2.51666700","name":"Banchory"},{"id":"827704","latitude":"57.10000000","longitude":"-2.15000000","name":"Banchory Devenick"},{"id":"827707","latitude":"57.66666700","longitude":"-2.53333300","name":"Banff"},{"id":"828011","latitude":"57.25000000","longitude":"-2.10000000","name":"Belhelvie"},{"id":"828013","latitude":"57.20000000","longitude":"-3.06666700","name":"Bellabeg"},{"id":"828058","latitude":"56.80000000","longitude":"-2.31666700","name":"Benholm"},{"id":"828103","latitude":"56.85000000","longitude":"-2.26666700","name":"Bervie"},{"id":"828119","latitude":"57.36666700","longitude":"-2.36666700","name":"Bethelnie"},{"id":"828250","latitude":"57.01666700","longitude":"-3.08333300","name":"Birkhall"},{"id":"828257","latitude":"57.05000000","longitude":"-2.73333300","name":"Birse"},{"id":"828321","latitude":"57.20000000","longitude":"-2.30000000","name":"Blackburn"},{"id":"828325","latitude":"57.40000000","longitude":"-2.48333300","name":"Blackford"},{"id":"828330","latitude":"57.15000000","longitude":"-2.88333300","name":"Blackmill"},{"id":"828448","latitude":"57.46666700","longitude":"-1.78333300","name":"Boddam"},{"id":"828466","latitude":"57.48333300","longitude":"-2.68333300","name":"Bognie"},{"id":"828467","latitude":"57.48333300","longitude":"-2.68333300","name":"Bogniebrae"},{"id":"828586","latitude":"57.30000000","longitude":"-2.33333300","name":"Bourtie"},{"id":"828638","latitude":"57.65000000","longitude":"-2.60000000","name":"Boyndie"},{"id":"828689","latitude":"57.01666700","longitude":"-3.38333300","name":"Braemar"},{"id":"828824","latitude":"57.40000000","longitude":"-2.81666700","name":"Bridgend"},{"id":"828830","latitude":"57.23333300","longitude":"-2.73333300","name":"Bridge of Alford"},{"id":"828837","latitude":"57.05000000","longitude":"-3.06666700","name":"Bridge of Gairn"},{"id":"828841","latitude":"57.05000000","longitude":"-2.65000000","name":"Bridge of Potarch"},{"id":"829117","latitude":"57.43333300","longitude":"-1.81666700","name":"Bullers of Buchan"},{"id":"829179","latitude":"57.48333300","longitude":"-1.78333300","name":"Burnhaven"},{"id":"829316","latitude":"57.63333300","longitude":"-1.93333300","name":"Cairness"},{"id":"829318","latitude":"57.03333300","longitude":"-3.23333300","name":"Cairn-na-Cuimhne"},{"id":"829510","latitude":"57.03333300","longitude":"-3.23333300","name":"Carnaquheen"},{"id":"829524","latitude":"57.03333300","longitude":"-3.23333300","name":"Carn-na-Cuimhne"},{"id":"829569","latitude":"57.20000000","longitude":"-2.26666700","name":"Caskieben"},{"id":"829640","latitude":"56.88333300","longitude":"-2.20000000","name":"Catterline"},{"id":"829718","latitude":"57.30000000","longitude":"-2.46666700","name":"Chapel Garioch"},{"id":"829723","latitude":"57.30000000","longitude":"-2.46666700","name":"Chapel of Garioch"},{"id":"830045","latitude":"57.31666700","longitude":"-2.76666700","name":"Clatt"},{"id":"830143","latitude":"57.28333300","longitude":"-2.90000000","name":"Clova"},{"id":"830158","latitude":"57.55000000","longitude":"-2.61666700","name":"Clunie"},{"id":"830192","latitude":"57.46666700","longitude":"-2.71666700","name":"Cobairdy"},{"id":"830197","latitude":"57.15000000","longitude":"-3.23333300","name":"Cock Bridge"},{"id":"830235","latitude":"57.05000000","longitude":"-3.11666700","name":"Coilacriech"},{"id":"830255","latitude":"57.13333300","longitude":"-2.93333300","name":"Coldstone"},{"id":"830279","latitude":"57.35000000","longitude":"-1.93333300","name":"Collieston"},{"id":"830299","latitude":"57.36666700","longitude":"-2.58333300","name":"Colpy"},{"id":"830300","latitude":"57.18333300","longitude":"-3.05000000","name":"Colquhonie"},{"id":"830301","latitude":"57.18333300","longitude":"-3.05000000","name":"Colquhonny"},{"id":"830333","latitude":"57.65000000","longitude":"-1.90000000","name":"Combs"},{"id":"830334","latitude":"57.15000000","longitude":"-2.53333300","name":"Comers"},{"id":"830389","latitude":"57.03333300","longitude":"-2.20000000","name":"Cookney"},{"id":"830397","latitude":"57.65000000","longitude":"-1.90000000","name":"Coombs"},{"id":"830426","latitude":"57.60000000","longitude":"-2.70000000","name":"Cornhill"},{"id":"830447","latitude":"57.15000000","longitude":"-2.75000000","name":"Corse"},{"id":"830450","latitude":"57.15000000","longitude":"-2.50000000","name":"Corsindae"},{"id":"830507","latitude":"57.10000000","longitude":"-2.80000000","name":"Coull"},{"id":"830577","latitude":"57.35000000","longitude":"-2.25000000","name":"Craigdam"},{"id":"830579","latitude":"57.21666700","longitude":"-2.46666700","name":"Craigearn"},{"id":"830620","latitude":"57.03333300","longitude":"-3.20000000","name":"Crathie"},{"id":"830631","latitude":"56.90000000","longitude":"-2.20000000","name":"Crawton"},{"id":"830689","latitude":"57.60000000","longitude":"-1.90000000","name":"Crimond"},{"id":"830775","latitude":"57.66666700","longitude":"-2.31666700","name":"Crovie"},{"id":"830807","latitude":"57.41666700","longitude":"-1.83333300","name":"Cruden Bay"},{"id":"830866","latitude":"57.38333300","longitude":"-2.56666700","name":"Culsalmond"},{"id":"830875","latitude":"57.53333300","longitude":"-2.33333300","name":"Cuminestown"},{"id":"830902","latitude":"57.31666700","longitude":"-2.81666700","name":"Cushnie"},{"id":"831049","latitude":"57.33333300","longitude":"-2.41666700","name":"Daviot"},{"id":"831102","latitude":"57.48333300","longitude":"-1.86666700","name":"Dens"},{"id":"831190","latitude":"57.05000000","longitude":"-2.90000000","name":"Dinnet"},{"id":"831311","latitude":"57.03333300","longitude":"-2.11666700","name":"Downies"},{"id":"831363","latitude":"57.43333300","longitude":"-2.68333300","name":"Drumblade"},{"id":"831374","latitude":"57.40000000","longitude":"-2.85000000","name":"Drumfergue"},{"id":"831380","latitude":"56.91666700","longitude":"-2.35000000","name":"Drumlithie"},{"id":"831459","latitude":"57.15000000","longitude":"-2.40000000","name":"Dunecht"},{"id":"831481","latitude":"57.58333300","longitude":"-2.50000000","name":"Dunlugas"},{"id":"831495","latitude":"56.95000000","longitude":"-2.23333300","name":"Dunnottar"},{"id":"831531","latitude":"57.05000000","longitude":"-2.38333300","name":"Durris"},{"id":"831788","latitude":"57.13333300","longitude":"-2.43333300","name":"Echt"},{"id":"831911","latitude":"57.35000000","longitude":"-2.08333300","name":"Ellon"},{"id":"832261","latitude":"57.55000000","longitude":"-2.01666700","name":"Fetterangus"},{"id":"832262","latitude":"56.85000000","longitude":"-2.56666700","name":"Fettercairn"},{"id":"832263","latitude":"56.95000000","longitude":"-2.23333300","name":"Fetteresso"},{"id":"832294","latitude":"57.06666700","longitude":"-2.10000000","name":"Findon"},{"id":"832297","latitude":"57.33333300","longitude":"-2.36666700","name":"Fingask"},{"id":"832311","latitude":"57.23333300","longitude":"-2.26666700","name":"Fintray"},{"id":"832314","latitude":"57.01666700","longitude":"-2.66666700","name":"Finzean"},{"id":"832414","latitude":"57.65000000","longitude":"-2.75000000","name":"Fordyce"},{"id":"832475","latitude":"57.30000000","longitude":"-2.03333300","name":"Foveran"},{"id":"832504","latitude":"57.68333300","longitude":"-2.01666700","name":"Fraserburgh"},{"id":"832595","latitude":"57.41666700","longitude":"-2.38333300","name":"Fyvie"},{"id":"832625","latitude":"57.65000000","longitude":"-2.35000000","name":"Gamrie"},{"id":"832635","latitude":"57.66666700","longitude":"-2.33333300","name":"Gardenstown"},{"id":"832644","latitude":"57.13333300","longitude":"-2.35000000","name":"Garlogie"},{"id":"832645","latitude":"57.55000000","longitude":"-2.31666700","name":"Garmond"},{"id":"832675","latitude":"56.81666700","longitude":"-2.41666700","name":"Garvock"},{"id":"832814","latitude":"57.56666700","longitude":"-2.73333300","name":"Glen Barry"},{"id":"832815","latitude":"56.91666700","longitude":"-2.38333300","name":"Glenbervie"},{"id":"832819","latitude":"57.21666700","longitude":"-3.03333300","name":"Glenbucket"},{"id":"832918","latitude":"57.43333300","longitude":"-2.50000000","name":"Gordonstown"},{"id":"832953","latitude":"56.81666700","longitude":"-2.28333300","name":"Gourdon"},{"id":"833628","latitude":"57.41666700","longitude":"-1.90000000","name":"Hatton"},{"id":"833629","latitude":"57.23333300","longitude":"-2.26666700","name":"Hatton of Fintray"},{"id":"834014","latitude":"57.08333300","longitude":"-2.45000000","name":"Hirn"},{"id":"834025","latitude":"56.96666700","longitude":"-2.40000000","name":"Hobseat"},{"id":"834316","latitude":"57.45000000","longitude":"-2.78333300","name":"Huntly"},{"id":"834429","latitude":"57.06666700","longitude":"-2.55000000","name":"Inchmarlo"},{"id":"834458","latitude":"57.43333300","longitude":"-2.13333300","name":"Inkhorn"},{"id":"834466","latitude":"57.33333300","longitude":"-2.61666700","name":"Insch"},{"id":"834473","latitude":"57.66666700","longitude":"-1.91666700","name":"Inverallochy"},{"id":"834479","latitude":"56.85000000","longitude":"-2.26666700","name":"Inverbervie"},{"id":"834487","latitude":"57.16666700","longitude":"-3.11666700","name":"Inverernan"},{"id":"834488","latitude":"56.96666700","longitude":"-3.50000000","name":"Inverey"},{"id":"834491","latitude":"57.01666700","longitude":"-3.26666700","name":"Invergelder"},{"id":"834502","latitude":"57.01666700","longitude":"-3.25000000","name":"Inver"},{"id":"834507","latitude":"57.50000000","longitude":"-2.61666700","name":"Inverkeithny"},{"id":"834528","latitude":"57.51666700","longitude":"-1.83333300","name":"Inverugie"},{"id":"834529","latitude":"57.51666700","longitude":"-1.83333300","name":"Inverugie Mill"},{"id":"834530","latitude":"57.26666700","longitude":"-2.36666700","name":"Inverurie"},{"id":"834604","latitude":"56.78333300","longitude":"-2.33333300","name":"Johnshaven"},{"id":"834639","latitude":"57.25000000","longitude":"-2.65000000","name":"Keig"},{"id":"834649","latitude":"57.50000000","longitude":"-2.35000000","name":"Keithan"},{"id":"834679","latitude":"57.23333300","longitude":"-2.45000000","name":"Kemnay"},{"id":"834696","latitude":"57.35000000","longitude":"-2.76666700","name":"Kennethmont"},{"id":"834797","latitude":"57.23333300","longitude":"-2.86666700","name":"Kildrummy"},{"id":"834909","latitude":"57.21666700","longitude":"-2.28333300","name":"Kinaldie"},{"id":"834915","latitude":"57.06666700","longitude":"-2.68333300","name":"Kincardine O'Neil"},{"id":"834918","latitude":"56.86666700","longitude":"-2.23333300","name":"Kineff"},{"id":"834919","latitude":"57.20000000","longitude":"-2.31666700","name":"Kinellar"},{"id":"835025","latitude":"57.26666700","longitude":"-2.30000000","name":"Kinmuck"},{"id":"835027","latitude":"56.86666700","longitude":"-2.23333300","name":"Kinneff"},{"id":"835030","latitude":"57.16666700","longitude":"-2.45000000","name":"Kinnernie"},{"id":"835034","latitude":"57.08333300","longitude":"-2.91666700","name":"Kinord"},{"id":"835043","latitude":"57.21666700","longitude":"-2.35000000","name":"Kintore"},{"id":"835119","latitude":"57.35000000","longitude":"-2.76666700","name":"Kirkhill of Kennethmont"},{"id":"835163","latitude":"57.38333300","longitude":"-2.56666700","name":"Kirkton of Culsalmond"},{"id":"835164","latitude":"57.05000000","longitude":"-2.38333300","name":"Kirkton of Durris"},{"id":"835165","latitude":"57.21666700","longitude":"-3.03333300","name":"Kirkton of Glenbuchat"},{"id":"835169","latitude":"57.35000000","longitude":"-2.01666700","name":"Kirkton of Logie Buchan"},{"id":"835171","latitude":"57.15000000","longitude":"-2.33333300","name":"Kirkton of Skene"},{"id":"835173","latitude":"57.61666700","longitude":"-2.53333300","name":"Kirktown of Alvah"},{"id":"835174","latitude":"57.45000000","longitude":"-2.46666700","name":"Kirktown of Auchterless"},{"id":"835175","latitude":"57.30000000","longitude":"-2.33333300","name":"Kirktown of Bourtie"},{"id":"835176","latitude":"57.31666700","longitude":"-2.76666700","name":"Kirktown of Clatt"},{"id":"835179","latitude":"57.35000000","longitude":"-1.93333300","name":"Kirktown of Slains"},{"id":"835393","latitude":"57.46666700","longitude":"-2.60000000","name":"Largue"},{"id":"835423","latitude":"56.81666700","longitude":"-2.45000000","name":"Laurencekirk"},{"id":"835554","latitude":"57.16666700","longitude":"-2.78333300","name":"Leochel-Cushnie"},{"id":"835555","latitude":"57.16666700","longitude":"-2.78333300","name":"Leochel"},{"id":"835564","latitude":"57.30000000","longitude":"-2.66666700","name":"Leslie"},{"id":"836323","latitude":"57.35000000","longitude":"-2.01666700","name":"Logie Buchan"},{"id":"836380","latitude":"57.65000000","longitude":"-2.43333300","name":"Longmanhill"},{"id":"836403","latitude":"57.51666700","longitude":"-1.93333300","name":"Longside"},{"id":"836567","latitude":"57.11666700","longitude":"-2.68333300","name":"Lumphanan"},{"id":"836568","latitude":"57.25000000","longitude":"-2.86666700","name":"Lumsden"},{"id":"836638","latitude":"57.66666700","longitude":"-2.48333300","name":"Macduff"},{"id":"836829","latitude":"57.53333300","longitude":"-2.66666700","name":"Marnoch"},{"id":"836887","latitude":"57.08333300","longitude":"-2.23333300","name":"Maryculter"},{"id":"836889","latitude":"56.76666700","longitude":"-2.51666700","name":"Marykirk"},{"id":"836909","latitude":"57.51666700","longitude":"-2.10000000","name":"Maud"},{"id":"836949","latitude":"57.08333300","longitude":"-2.91666700","name":"Meikle Kinord"},{"id":"836951","latitude":"57.36666700","longitude":"-2.45000000","name":"Meikle Wartle"},{"id":"837040","latitude":"57.41666700","longitude":"-2.23333300","name":"Methlick"},{"id":"837123","latitude":"57.13333300","longitude":"-2.93333300","name":"Migvie"},{"id":"837195","latitude":"57.11666700","longitude":"-2.73333300","name":"Milton of Auchinhove"},{"id":"837216","latitude":"57.51666700","longitude":"-2.00000000","name":"Mintlaw"},{"id":"837301","latitude":"57.21666700","longitude":"-2.51666700","name":"Monymusk"},{"id":"837409","latitude":"57.56666700","longitude":"-2.55000000","name":"Mountblairy"},{"id":"837437","latitude":"57.01666700","longitude":"-2.16666700","name":"Muchalls"},{"id":"837458","latitude":"57.20000000","longitude":"-2.31666700","name":"Muir of Kinellar"},{"id":"837581","latitude":"57.48333300","longitude":"-1.91666700","name":"Nether Kilmundy"},{"id":"837583","latitude":"57.48333300","longitude":"-1.91666700","name":"Nether Kinmundy"},{"id":"837585","latitude":"57.48333300","longitude":"-2.13333300","name":"Nethermuir"},{"id":"837606","latitude":"57.65000000","longitude":"-2.18333300","name":"New Aberdour"},{"id":"837646","latitude":"57.30000000","longitude":"-2.00000000","name":"Newburgh"},{"id":"837656","latitude":"57.56666700","longitude":"-2.30000000","name":"Newbyth"},{"id":"837677","latitude":"57.50000000","longitude":"-2.20000000","name":"New Deer"},{"id":"837706","latitude":"57.58333300","longitude":"-2.00000000","name":"New Leads"},{"id":"837710","latitude":"57.26666700","longitude":"-2.18333300","name":"New Machar"},{"id":"837711","latitude":"57.26666700","longitude":"-2.18333300","name":"Newmacher"},{"id":"837727","latitude":"57.58333300","longitude":"-2.18333300","name":"New Pitsligo"},{"id":"837758","latitude":"57.03333300","longitude":"-2.15000000","name":"Newtonhill"},{"id":"838109","latitude":"57.51666700","longitude":"-2.03333300","name":"Old Deer"},{"id":"838120","latitude":"57.31666700","longitude":"-2.31666700","name":"Oldmeldrum"},{"id":"838126","latitude":"57.35000000","longitude":"-2.53333300","name":"Old Rayne"},{"id":"838164","latitude":"57.10000000","longitude":"-2.90000000","name":"Ordie"},{"id":"838279","latitude":"57.31666700","longitude":"-2.53333300","name":"Oyne"},{"id":"838312","latitude":"57.05000000","longitude":"-2.98333300","name":"Pananich"},{"id":"838321","latitude":"57.05000000","longitude":"-2.98333300","name":"Pannanich"},{"id":"838453","latitude":"57.66666700","longitude":"-2.25000000","name":"Pennan"},{"id":"838532","latitude":"57.50000000","longitude":"-1.78333300","name":"Peterhead"},{"id":"838600","latitude":"57.38333300","longitude":"-1.95000000","name":"Pitburg"},{"id":"838601","latitude":"57.31666700","longitude":"-2.45000000","name":"Pitcaple"},{"id":"838604","latitude":"57.23333300","longitude":"-2.53333300","name":"Pitfichie"},{"id":"838607","latitude":"57.38333300","longitude":"-1.95000000","name":"Pitlurg"},{"id":"838608","latitude":"57.33333300","longitude":"-2.18333300","name":"Pitmedden"},{"id":"838617","latitude":"57.30000000","longitude":"-2.51666700","name":"Pittodrie"},{"id":"838620","latitude":"57.31666700","longitude":"-2.23333300","name":"Pittrichie"},{"id":"838621","latitude":"57.68333300","longitude":"-2.08333300","name":"Pittulie"},{"id":"838622","latitude":"57.56666700","longitude":"-2.45000000","name":"Plaidy"},{"id":"838775","latitude":"57.26666700","longitude":"-2.36666700","name":"Port Elphinstone"},{"id":"838777","latitude":"57.41666700","longitude":"-1.83333300","name":"Port Erroll"},{"id":"838778","latitude":"57.41666700","longitude":"-1.83333300","name":"Port Errol"},{"id":"838812","latitude":"57.05000000","longitude":"-2.10000000","name":"Portlethen"},{"id":"838843","latitude":"57.68333300","longitude":"-2.68333300","name":"Portsoy"},{"id":"838858","latitude":"57.05000000","longitude":"-2.65000000","name":"Potarch Bridge"},{"id":"838859","latitude":"57.05000000","longitude":"-2.65000000","name":"Potarch"},{"id":"839045","latitude":"57.08333300","longitude":"-2.50000000","name":"Raemoir"},{"id":"839095","latitude":"57.63333300","longitude":"-2.03333300","name":"Rathen"},{"id":"839133","latitude":"57.35000000","longitude":"-2.53333300","name":"Rayne"},{"id":"839246","latitude":"57.31666700","longitude":"-2.83333300","name":"Rhynie"},{"id":"839317","latitude":"56.86666700","longitude":"-2.26666700","name":"Roadside"},{"id":"839392","latitude":"57.55000000","longitude":"-1.88333300","name":"Rora Greens"},{"id":"839393","latitude":"57.55000000","longitude":"-1.88333300","name":"Rora"},{"id":"839403","latitude":"57.68333300","longitude":"-2.11666700","name":"Rosehearty"},{"id":"839441","latitude":"57.40000000","longitude":"-2.46666700","name":"Rothienorman"},{"id":"839605","latitude":"57.61666700","longitude":"-2.23333300","name":"Saint Catherines Wells"},{"id":"839613","latitude":"57.65000000","longitude":"-1.90000000","name":"Saint Combs"},{"id":"839616","latitude":"56.76666700","longitude":"-2.40000000","name":"Saint Cyrus"},{"id":"839640","latitude":"57.55000000","longitude":"-1.83333300","name":"Saint Fergus"},{"id":"839803","latitude":"57.68333300","longitude":"-2.75000000","name":"Sandend"},{"id":"839811","latitude":"57.68333300","longitude":"-2.06666700","name":"Sandhaven"},{"id":"839921","latitude":"57.41666700","longitude":"-2.16666700","name":"Schivas"},{"id":"840326","latitude":"57.03333300","longitude":"-2.15000000","name":"Skateraw"},{"id":"840351","latitude":"57.15000000","longitude":"-2.33333300","name":"Skene"},{"id":"840381","latitude":"57.35000000","longitude":"-1.93333300","name":"Slains"},{"id":"840405","latitude":"57.41666700","longitude":"-2.73333300","name":"Slioch"},{"id":"840972","latitude":"56.95000000","longitude":"-2.20000000","name":"Stonehaven"},{"id":"841033","latitude":"57.01666700","longitude":"-2.53333300","name":"Strachan"},{"id":"841059","latitude":"57.18333300","longitude":"-3.03333300","name":"Strathdon"},{"id":"841095","latitude":"57.56666700","longitude":"-2.08333300","name":"Strichen"},{"id":"841115","latitude":"57.50000000","longitude":"-2.05000000","name":"Stuartfield"},{"id":"841348","latitude":"57.13333300","longitude":"-2.86666700","name":"Tarland"},{"id":"841360","latitude":"57.36666700","longitude":"-2.21666700","name":"Tarves"},{"id":"841449","latitude":"57.25000000","longitude":"-2.38333300","name":"Thainstone"},{"id":"841450","latitude":"57.25000000","longitude":"-2.38333300","name":"Thainston"},{"id":"841641","latitude":"57.45000000","longitude":"-2.36666700","name":"Tifty"},{"id":"841654","latitude":"57.28333300","longitude":"-2.13333300","name":"Tillery"},{"id":"841657","latitude":"57.61666700","longitude":"-2.18333300","name":"Tillinamolt"},{"id":"841660","latitude":"57.18333300","longitude":"-2.58333300","name":"Tillyfourie"},{"id":"841661","latitude":"57.16666700","longitude":"-2.66666700","name":"Tillyfour"},{"id":"841662","latitude":"57.38333300","longitude":"-2.83333300","name":"Tillyminnate"},{"id":"841776","latitude":"57.15000000","longitude":"-3.16666700","name":"Tornahaish"},{"id":"841780","latitude":"57.10000000","longitude":"-2.61666700","name":"Torphins"},{"id":"841817","latitude":"57.20000000","longitude":"-2.65000000","name":"Tough"},{"id":"841820","latitude":"57.18333300","longitude":"-2.93333300","name":"Towie"},{"id":"841967","latitude":"57.25000000","longitude":"-2.73333300","name":"Tullynessle"},{"id":"841992","latitude":"57.53333300","longitude":"-2.45000000","name":"Turriff"},{"id":"842033","latitude":"57.65000000","longitude":"-2.10000000","name":"Tyrie Mains"},{"id":"842413","latitude":"57.36666700","longitude":"-2.45000000","name":"Wartle"},{"id":"842448","latitude":"57.33333300","longitude":"-2.00000000","name":"Waterside"},{"id":"842530","latitude":"57.41666700","longitude":"-2.60000000","name":"Wells of Ythan"},{"id":"842911","latitude":"57.66666700","longitude":"-2.58333300","name":"Whitehills"},{"id":"842916","latitude":"57.21666700","longitude":"-2.61666700","name":"Whitehouse"},{"id":"843560","latitude":"57.36666700","longitude":"-2.18333300","name":"Ythsie"}]