[{"id":"826731","latitude":"56.05000000","longitude":"-3.30000000","name":"Aberdour"},{"id":"827117","latitude":"56.21666700","longitude":"-2.70000000","name":"Anster"},{"id":"827121","latitude":"56.21666700","longitude":"-2.70000000","name":"Anstruther"},{"id":"827122","latitude":"56.21666700","longitude":"-2.68333300","name":"Anstruther Easter"},{"id":"827123","latitude":"56.21666700","longitude":"-2.70000000","name":"Anstruther Wester"},{"id":"827444","latitude":"56.13333300","longitude":"-3.26666700","name":"Auchterderran"},{"id":"827447","latitude":"56.28333300","longitude":"-3.21666700","name":"Auchtermuchty"},{"id":"827449","latitude":"56.10000000","longitude":"-3.25000000","name":"Auchtertool"},{"id":"827516","latitude":"56.26666700","longitude":"-2.91666700","name":"Backmuir of New Gilston"},{"id":"827609","latitude":"56.15000000","longitude":"-3.33333300","name":"Ballingry"},{"id":"827678","latitude":"56.40000000","longitude":"-3.03333300","name":"Balmerino"},{"id":"827682","latitude":"56.36666700","longitude":"-2.91666700","name":"Balmullo"},{"id":"828372","latitude":"56.06666700","longitude":"-3.60000000","name":"Blairhall"},{"id":"828437","latitude":"56.31666700","longitude":"-2.70000000","name":"Boarhills"},{"id":"829075","latitude":"56.16666700","longitude":"-3.01666700","name":"Buckhaven and Methil"},{"id":"829076","latitude":"56.16666700","longitude":"-3.03333300","name":"Buckhaven"},{"id":"829185","latitude":"56.05000000","longitude":"-3.23333300","name":"Burntisland"},{"id":"829317","latitude":"56.05000000","longitude":"-3.53333300","name":"Cairneyhill"},{"id":"829385","latitude":"56.18333300","longitude":"-3.05000000","name":"Cameron Bridge"},{"id":"829386","latitude":"56.30000000","longitude":"-2.83333300","name":"Cameron"},{"id":"829451","latitude":"56.13333300","longitude":"-3.25000000","name":"Cardenden"},{"id":"829513","latitude":"56.25000000","longitude":"-2.75000000","name":"Carnbee"},{"id":"829675","latitude":"56.21666700","longitude":"-2.70000000","name":"Cellardyke"},{"id":"829683","latitude":"56.28333300","longitude":"-2.96666700","name":"Ceres"},{"id":"829743","latitude":"56.03333300","longitude":"-3.50000000","name":"Charlestown"},{"id":"830272","latitude":"56.21666700","longitude":"-2.83333300","name":"Colinsburgh"},{"id":"830278","latitude":"56.30000000","longitude":"-3.15000000","name":"Collessie"},{"id":"830542","latitude":"56.11666700","longitude":"-3.35000000","name":"Cowdenbeath"},{"id":"830588","latitude":"56.28333300","longitude":"-3.00000000","name":"Craigrothie"},{"id":"830593","latitude":"56.26666700","longitude":"-2.63333300","name":"Crail"},{"id":"830752","latitude":"56.05000000","longitude":"-3.50000000","name":"Crossford"},{"id":"830758","latitude":"56.06666700","longitude":"-3.38333300","name":"Crossgates"},{"id":"830865","latitude":"56.05000000","longitude":"-3.61666700","name":"Culross"},{"id":"830887","latitude":"56.31666700","longitude":"-3.01666700","name":"Cupar"},{"id":"831261","latitude":"56.06666700","longitude":"-3.35000000","name":"Donibristle"},{"id":"831446","latitude":"56.33333300","longitude":"-3.15000000","name":"Dunbog"},{"id":"831461","latitude":"56.08333300","longitude":"-3.46666700","name":"Dunfermline"},{"id":"831473","latitude":"56.28333300","longitude":"-2.73333300","name":"Dunino"},{"id":"831548","latitude":"56.13333300","longitude":"-3.11666700","name":"Dysart"},{"id":"831571","latitude":"56.18333300","longitude":"-2.83333300","name":"Earlsferry"},{"id":"831591","latitude":"56.21666700","longitude":"-2.68333300","name":"East Anstruther"},{"id":"831752","latitude":"56.15000000","longitude":"-3.06666700","name":"East Wemyss"},{"id":"831878","latitude":"56.20000000","longitude":"-2.81666700","name":"Elie"},{"id":"832123","latitude":"56.25000000","longitude":"-3.20000000","name":"Falkland"},{"id":"832257","latitude":"56.45000000","longitude":"-2.88333300","name":"Ferry Port-on-Craig"},{"id":"832400","latitude":"56.08333300","longitude":"-3.36666700","name":"Fordel"},{"id":"832401","latitude":"56.08333300","longitude":"-3.36666700","name":"Fordell"},{"id":"832521","latitude":"56.23333300","longitude":"-3.15000000","name":"Freuchie"},{"id":"832693","latitude":"56.26666700","longitude":"-3.31666700","name":"Gateside"},{"id":"832761","latitude":"56.26666700","longitude":"-2.91666700","name":"Gilston"},{"id":"832851","latitude":"56.20000000","longitude":"-3.18333300","name":"Glenrothes"},{"id":"833941","latitude":"56.05000000","longitude":"-3.60000000","name":"High Valleyfield"},{"id":"834506","latitude":"56.03333300","longitude":"-3.38333300","name":"Inverkeithing"},{"id":"834673","latitude":"56.13333300","longitude":"-3.38333300","name":"Kelty"},{"id":"834704","latitude":"56.20000000","longitude":"-3.05000000","name":"Kennoway"},{"id":"834789","latitude":"56.20000000","longitude":"-2.81666700","name":"Kilconquhar"},{"id":"834842","latitude":"56.36666700","longitude":"-3.00000000","name":"Kilmany"},{"id":"834845","latitude":"56.31666700","longitude":"-3.03333300","name":"Kilmaron"},{"id":"834884","latitude":"56.23333300","longitude":"-2.68333300","name":"Kilrenny"},{"id":"834913","latitude":"56.06666700","longitude":"-3.71666700","name":"Kincardine"},{"id":"834927","latitude":"56.06666700","longitude":"-3.16666700","name":"Kinghorn"},{"id":"834928","latitude":"56.16666700","longitude":"-3.23333300","name":"Kinglassie"},{"id":"834930","latitude":"56.30000000","longitude":"-2.65000000","name":"Kingsbarns"},{"id":"834949","latitude":"56.25000000","longitude":"-3.11666700","name":"Kingskettle"},{"id":"835101","latitude":"56.11666700","longitude":"-3.16666700","name":"Kirkcaldy"},{"id":"835168","latitude":"56.21666700","longitude":"-2.91666700","name":"Kirkton of Largo"},{"id":"835278","latitude":"56.26666700","longitude":"-3.13333300","name":"Ladybank"},{"id":"835390","latitude":"56.20000000","longitude":"-2.93333300","name":"Largo"},{"id":"835391","latitude":"56.25000000","longitude":"-2.85000000","name":"Largo Ward"},{"id":"835565","latitude":"56.20000000","longitude":"-3.21666700","name":"Leslie"},{"id":"835583","latitude":"56.38333300","longitude":"-2.88333300","name":"Leuchars"},{"id":"835585","latitude":"53.88333300","longitude":"-0.31666700","name":"Leven"},{"id":"835641","latitude":"56.03333300","longitude":"-3.46666700","name":"Limekilns"},{"id":"835654","latitude":"56.33333300","longitude":"-3.18333300","name":"Lindores"},{"id":"836291","latitude":"56.13333300","longitude":"-3.31666700","name":"Lochgelly"},{"id":"836325","latitude":"56.36666700","longitude":"-2.96666700","name":"Logie"},{"id":"836490","latitude":"56.20000000","longitude":"-2.93333300","name":"Lower Largo"},{"id":"836523","latitude":"56.05000000","longitude":"-3.56666700","name":"Low Torry"},{"id":"836572","latitude":"56.20000000","longitude":"-2.95000000","name":"Lundin Links"},{"id":"836586","latitude":"56.35000000","longitude":"-3.08333300","name":"Luthrie"},{"id":"836813","latitude":"56.20000000","longitude":"-3.13333300","name":"Markinch"},{"id":"837038","latitude":"56.16666700","longitude":"-3.01666700","name":"Methil"},{"id":"837196","latitude":"56.18333300","longitude":"-3.10000000","name":"Milton of Balgonie"},{"id":"837200","latitude":"56.18333300","longitude":"-3.10000000","name":"Miltown"},{"id":"837271","latitude":"56.30000000","longitude":"-3.13333300","name":"Monimail"},{"id":"837304","latitude":"56.33333300","longitude":"-3.06666700","name":"Moonzie"},{"id":"837582","latitude":"56.21666700","longitude":"-2.70000000","name":"Nether Kilrenny"},{"id":"837647","latitude":"56.33333300","longitude":"-3.25000000","name":"Newburgh"},{"id":"837730","latitude":"56.43333300","longitude":"-2.91666700","name":"Newport"},{"id":"837732","latitude":"56.43333300","longitude":"-2.91666700","name":"Newport-On-Tay"},{"id":"837945","latitude":"56.00000000","longitude":"-3.40000000","name":"North Queensferry"},{"id":"838048","latitude":"56.06666700","longitude":"-3.55000000","name":"Oakley"},{"id":"838368","latitude":"56.10000000","longitude":"-3.15000000","name":"Pathhead"},{"id":"838548","latitude":"56.05000000","longitude":"-3.16666700","name":"Pettycur"},{"id":"838605","latitude":"56.26666700","longitude":"-3.06666700","name":"Pitlessie"},{"id":"838611","latitude":"56.30000000","longitude":"-2.93333300","name":"Pitscottie"},{"id":"838615","latitude":"56.20000000","longitude":"-2.73333300","name":"Pittenweem"},{"id":"839033","latitude":"56.26666700","longitude":"-2.86666700","name":"Radernie"},{"id":"839429","latitude":"56.03333300","longitude":"-3.43333300","name":"Rosyth"},{"id":"839579","latitude":"56.33333300","longitude":"-2.78333300","name":"Saint Andrews"},{"id":"839617","latitude":"56.03333300","longitude":"-3.35000000","name":"Saint Davids"},{"id":"839716","latitude":"56.20000000","longitude":"-2.76666700","name":"Saint Monance"},{"id":"839717","latitude":"56.20000000","longitude":"-2.76666700","name":"Saint Monans"},{"id":"839762","latitude":"56.10000000","longitude":"-3.56666700","name":"Saline"},{"id":"840307","latitude":"56.11666700","longitude":"-3.15000000","name":"Sinclairtown"},{"id":"840671","latitude":"56.28333300","longitude":"-3.06666700","name":"Springfield"},{"id":"841061","latitude":"56.33333300","longitude":"-2.86666700","name":"Strathkinness"},{"id":"841062","latitude":"56.26666700","longitude":"-3.26666700","name":"Strathmiglo"},{"id":"841382","latitude":"56.45000000","longitude":"-2.88333300","name":"Tayport"},{"id":"841542","latitude":"56.16666700","longitude":"-3.15000000","name":"Thornton"},{"id":"841792","latitude":"56.05000000","longitude":"-3.55000000","name":"Torryburn"},{"id":"841794","latitude":"56.05000000","longitude":"-3.56666700","name":"Torry"},{"id":"841823","latitude":"56.08333300","longitude":"-3.43333300","name":"Townhill"},{"id":"842138","latitude":"56.21666700","longitude":"-2.91666700","name":"Upper Largo"},{"id":"842197","latitude":"56.05000000","longitude":"-3.60000000","name":"Valleyfield"},{"id":"842577","latitude":"56.21666700","longitude":"-2.70000000","name":"West Anstruther"},{"id":"842813","latitude":"56.13333300","longitude":"-3.08333300","name":"West Wemyss"},{"id":"843385","latitude":"56.41666700","longitude":"-2.98333300","name":"Wormit"}]