[{"id":"826710","latitude":"56.31666700","longitude":"-3.35000000","name":"Aberargie"},{"id":"826716","latitude":"56.36666700","longitude":"-3.75000000","name":"Abercairny"},{"id":"826725","latitude":"56.35000000","longitude":"-3.50000000","name":"Aberdalgie"},{"id":"826741","latitude":"56.61666700","longitude":"-3.85000000","name":"Aberfeldy"},{"id":"826767","latitude":"56.33333300","longitude":"-3.33333300","name":"Abernethy"},{"id":"826804","latitude":"56.55000000","longitude":"-4.01666700","name":"Acharn"},{"id":"826999","latitude":"56.40000000","longitude":"-3.55000000","name":"Almondbank"},{"id":"827062","latitude":"56.61666700","longitude":"-3.21666700","name":"Alyth"},{"id":"827085","latitude":"56.50000000","longitude":"-3.78333300","name":"Amulree"},{"id":"827163","latitude":"56.51666700","longitude":"-4.10000000","name":"Ardalnaig"},{"id":"827192","latitude":"56.55000000","longitude":"-3.20000000","name":"Ardler"},{"id":"827221","latitude":"56.51666700","longitude":"-4.10000000","name":"Ardtalnaig"},{"id":"827230","latitude":"56.36666700","longitude":"-4.21666700","name":"Ardvorlich"},{"id":"827262","latitude":"56.28333300","longitude":"-3.38333300","name":"Arngask"},{"id":"827437","latitude":"56.46666700","longitude":"-3.90000000","name":"Auchnafree"},{"id":"827443","latitude":"56.30000000","longitude":"-3.70000000","name":"Auchterarder"},{"id":"827567","latitude":"56.43333300","longitude":"-3.35000000","name":"Balbeggie"},{"id":"827610","latitude":"56.63333300","longitude":"-3.65000000","name":"Ballinluig"},{"id":"827612","latitude":"56.66666700","longitude":"-3.45000000","name":"Ballintuim"},{"id":"827687","latitude":"56.71666700","longitude":"-3.51666700","name":"Balnald"},{"id":"827714","latitude":"56.50000000","longitude":"-3.50000000","name":"Bankfoot"},{"id":"828255","latitude":"56.55000000","longitude":"-3.58333300","name":"Birnam"},{"id":"828326","latitude":"56.25000000","longitude":"-3.76666700","name":"Blackford"},{"id":"828370","latitude":"56.75000000","longitude":"-3.85000000","name":"Blair Atholl"},{"id":"828371","latitude":"56.58333300","longitude":"-3.33333300","name":"Blairgowrie"},{"id":"828654","latitude":"56.25000000","longitude":"-3.88333300","name":"Braco"},{"id":"828832","latitude":"56.58333300","longitude":"-4.31666700","name":"Bridge of Balgie"},{"id":"828833","latitude":"56.63333300","longitude":"-3.40000000","name":"Bridge of Cally"},{"id":"828836","latitude":"56.33333300","longitude":"-3.40000000","name":"Bridge of Earn"},{"id":"828838","latitude":"56.68333300","longitude":"-4.45000000","name":"Bridge of Gaur"},{"id":"828843","latitude":"56.76666700","longitude":"-3.83333300","name":"Bridge of Tilt"},{"id":"829068","latitude":"56.41666700","longitude":"-3.71666700","name":"Buchanty"},{"id":"829365","latitude":"56.68333300","longitude":"-4.41666700","name":"Camasericht"},{"id":"829389","latitude":"56.66666700","longitude":"-4.36666700","name":"Camghouran"},{"id":"829442","latitude":"56.53333300","longitude":"-3.48333300","name":"Caputh"},{"id":"829469","latitude":"56.50000000","longitude":"-3.36666700","name":"Cargill"},{"id":"829550","latitude":"56.26666700","longitude":"-3.51666700","name":"Carsebreck"},{"id":"829568","latitude":"56.53333300","longitude":"-4.45000000","name":"Cashlie"},{"id":"829845","latitude":"56.58333300","longitude":"-4.11666700","name":"Chesthill"},{"id":"830159","latitude":"56.56666700","longitude":"-3.45000000","name":"Clunie"},{"id":"830276","latitude":"56.46666700","longitude":"-3.28333300","name":"Collace"},{"id":"830348","latitude":"56.36666700","longitude":"-4.00000000","name":"Comrie"},{"id":"830520","latitude":"56.55000000","longitude":"-3.26666700","name":"Coupar Angus"},{"id":"830576","latitude":"56.65000000","longitude":"-3.20000000","name":"Craig"},{"id":"830581","latitude":"56.60000000","longitude":"-3.33333300","name":"Craighall"},{"id":"830632","latitude":"56.73333300","longitude":"-3.38333300","name":"Cray"},{"id":"830684","latitude":"56.36666700","longitude":"-3.83333300","name":"Crieff"},{"id":"830731","latitude":"56.16666700","longitude":"-3.55000000","name":"Crook of Devon"},{"id":"830966","latitude":"56.31666700","longitude":"-4.06666700","name":"Dalclathick"},{"id":"830980","latitude":"56.66666700","longitude":"-4.28333300","name":"Dall"},{"id":"831060","latitude":"56.53333300","longitude":"-3.75000000","name":"Deanshaugh"},{"id":"831085","latitude":"56.53333300","longitude":"-3.45000000","name":"Delvine"},{"id":"831300","latitude":"56.60000000","longitude":"-3.61666700","name":"Dowally"},{"id":"831352","latitude":"56.31666700","longitude":"-3.38333300","name":"Dron"},{"id":"831426","latitude":"56.60000000","longitude":"-3.93333300","name":"Dull"},{"id":"831437","latitude":"56.70000000","longitude":"-4.10000000","name":"Dunalastair"},{"id":"831440","latitude":"56.66666700","longitude":"-4.48333300","name":"Dunan"},{"id":"831475","latitude":"56.38333300","longitude":"-4.03333300","name":"Dunira"},{"id":"831476","latitude":"56.56666700","longitude":"-3.58333300","name":"Dunkeld"},{"id":"831492","latitude":"56.30000000","longitude":"-3.58333300","name":"Dunning"},{"id":"831630","latitude":"56.70000000","longitude":"-4.03333300","name":"Easter Bohespie"},{"id":"832017","latitude":"56.38333300","longitude":"-3.20000000","name":"Errol"},{"id":"832192","latitude":"56.56666700","longitude":"-4.06666700","name":"Fearnan"},{"id":"832242","latitude":"56.56666700","longitude":"-4.06666700","name":"Fernan"},{"id":"832303","latitude":"56.66666700","longitude":"-4.41666700","name":"Finnart"},{"id":"832420","latitude":"56.33333300","longitude":"-3.48333300","name":"Forgandenny"},{"id":"832435","latitude":"56.33333300","longitude":"-3.53333300","name":"Forteviot"},{"id":"832440","latitude":"56.58333300","longitude":"-4.05000000","name":"Fortingall"},{"id":"832452","latitude":"56.68333300","longitude":"-3.96666700","name":"Foss"},{"id":"832453","latitude":"56.20000000","longitude":"-3.56666700","name":"Fossoway"},{"id":"832461","latitude":"56.41666700","longitude":"-3.78333300","name":"Foulford"},{"id":"832757","latitude":"56.38333300","longitude":"-3.80000000","name":"Gilmerton"},{"id":"832822","latitude":"56.36666700","longitude":"-3.30000000","name":"Glencarse"},{"id":"832826","latitude":"56.21666700","longitude":"-3.61666700","name":"Glendevon"},{"id":"832829","latitude":"56.26666700","longitude":"-3.40000000","name":"Glenfarg"},{"id":"832852","latitude":"56.48333300","longitude":"-3.65000000","name":"Glenshee"},{"id":"832981","latitude":"56.65000000","longitude":"-3.76666700","name":"Grandtully"},{"id":"833208","latitude":"56.23333300","longitude":"-3.88333300","name":"Greenloaning"},{"id":"833284","latitude":"56.46666700","longitude":"-3.40000000","name":"Guildtown"},{"id":"834434","latitude":"56.43333300","longitude":"-3.16666700","name":"Inchture"},{"id":"834461","latitude":"56.68333300","longitude":"-4.18333300","name":"Innerhadden"},{"id":"834465","latitude":"56.60000000","longitude":"-4.30000000","name":"Innerwick"},{"id":"834492","latitude":"56.41666700","longitude":"-4.03333300","name":"Invergeldie"},{"id":"834494","latitude":"56.45000000","longitude":"-3.05000000","name":"Invergowrie"},{"id":"834496","latitude":"56.68333300","longitude":"-4.18333300","name":"Inverhadden"},{"id":"834514","latitude":"56.53333300","longitude":"-4.56666700","name":"Invermearan"},{"id":"834515","latitude":"56.53333300","longitude":"-4.56666700","name":"Invermeran"},{"id":"834642","latitude":"56.40000000","longitude":"-3.66666700","name":"Keillour"},{"id":"834645","latitude":"56.40000000","longitude":"-3.66666700","name":"Keilour"},{"id":"834694","latitude":"56.56666700","longitude":"-3.98333300","name":"Kenmore"},{"id":"834821","latitude":"56.68333300","longitude":"-4.38333300","name":"Killichonan"},{"id":"834890","latitude":"56.40000000","longitude":"-3.25000000","name":"Kilspindie"},{"id":"834916","latitude":"56.51666700","longitude":"-3.38333300","name":"Kinclaven"},{"id":"834922","latitude":"56.36666700","longitude":"-3.35000000","name":"Kinfauns"},{"id":"834944","latitude":"56.68333300","longitude":"-3.40000000","name":"Kingseat"},{"id":"835015","latitude":"56.51666700","longitude":"-3.83333300","name":"Kinloch"},{"id":"835021","latitude":"56.70000000","longitude":"-4.18333300","name":"Kinloch Rannoch"},{"id":"835026","latitude":"56.43333300","longitude":"-3.23333300","name":"Kinnaird"},{"id":"835037","latitude":"56.20000000","longitude":"-3.41666700","name":"Kinross"},{"id":"835139","latitude":"56.71666700","longitude":"-3.48333300","name":"Kirkmichael"},{"id":"835433","latitude":"56.51666700","longitude":"-4.15000000","name":"Lawers"},{"id":"836326","latitude":"56.63333300","longitude":"-3.68333300","name":"Logierait"},{"id":"836364","latitude":"56.45000000","longitude":"-3.11666700","name":"Longforgan"},{"id":"836570","latitude":"56.45000000","longitude":"-3.46666700","name":"Luncarty"},{"id":"836650","latitude":"56.36666700","longitude":"-3.70000000","name":"Madderty"},{"id":"836946","latitude":"56.58333300","longitude":"-3.15000000","name":"Meigle"},{"id":"836950","latitude":"56.53333300","longitude":"-3.36666700","name":"Meikleour"},{"id":"837041","latitude":"56.41666700","longitude":"-3.56666700","name":"Methven"},{"id":"837087","latitude":"56.20000000","longitude":"-3.56666700","name":"Middleton Fossoway"},{"id":"837156","latitude":"56.35000000","longitude":"-3.96666700","name":"Mill of Fortune"},{"id":"837173","latitude":"56.21666700","longitude":"-3.41666700","name":"Milnathort"},{"id":"837194","latitude":"56.36666700","longitude":"-3.75000000","name":"Milton of Abercairny"},{"id":"837303","latitude":"56.40000000","longitude":"-3.80000000","name":"Monzie"},{"id":"837334","latitude":"56.48333300","longitude":"-4.26666700","name":"Morenish"},{"id":"837398","latitude":"56.70000000","longitude":"-3.71666700","name":"Moulin"},{"id":"837490","latitude":"56.31666700","longitude":"-3.83333300","name":"Muthill"},{"id":"837741","latitude":"56.41666700","longitude":"-3.40000000","name":"New Scone"},{"id":"838527","latitude":"56.40000000","longitude":"-3.43333300","name":"Perth"},{"id":"838606","latitude":"56.70000000","longitude":"-3.71666700","name":"Pitlochry"},{"id":"839061","latitude":"56.41666700","longitude":"-3.25000000","name":"Rait"},{"id":"839109","latitude":"56.58333300","longitude":"-3.31666700","name":"Rattray"},{"id":"839176","latitude":"56.60000000","longitude":"-3.51666700","name":"Reichip"},{"id":"839182","latitude":"56.56666700","longitude":"-4.01666700","name":"Remony"},{"id":"839269","latitude":"56.60000000","longitude":"-3.51666700","name":"Riechip"},{"id":"839394","latitude":"56.58333300","longitude":"-4.21666700","name":"Roromore"},{"id":"839395","latitude":"56.58333300","longitude":"-4.21666700","name":"Roro"},{"id":"839406","latitude":"56.56666700","longitude":"-3.28333300","name":"Rosemount"},{"id":"839509","latitude":"56.16666700","longitude":"-3.58333300","name":"Rumblingbridge"},{"id":"839642","latitude":"56.38333300","longitude":"-4.11666700","name":"Saint Fillans"},{"id":"839695","latitude":"56.45000000","longitude":"-3.38333300","name":"Saint Martins"},{"id":"840649","latitude":"56.80000000","longitude":"-3.46666700","name":"Spital of Glenshee"},{"id":"840651","latitude":"56.80000000","longitude":"-3.46666700","name":"Spittal of Glenshee"},{"id":"840752","latitude":"56.46666700","longitude":"-3.45000000","name":"Stanley"},{"id":"840862","latitude":"56.60000000","longitude":"-3.68333300","name":"Stewartfield"},{"id":"841041","latitude":"56.75000000","longitude":"-3.56666700","name":"Straloch"},{"id":"841105","latitude":"56.56666700","longitude":"-4.06666700","name":"Stron-fearnan"},{"id":"841111","latitude":"56.75000000","longitude":"-3.91666700","name":"Struan"},{"id":"841645","latitude":"56.65000000","longitude":"-4.66666700","name":"Tigh na Cruach"},{"id":"841646","latitude":"56.65000000","longitude":"-4.66666700","name":"Tigh na Cruaiche"},{"id":"841647","latitude":"56.68333300","longitude":"-4.45000000","name":"Tighnalinn"},{"id":"841915","latitude":"56.75000000","longitude":"-4.08333300","name":"Trinafour"},{"id":"841958","latitude":"56.48333300","longitude":"-3.56666700","name":"Tulliebelton"},{"id":"841959","latitude":"56.65000000","longitude":"-3.61666700","name":"Tulliemet"},{"id":"841963","latitude":"56.48333300","longitude":"-3.56666700","name":"Tullybelton"},{"id":"841965","latitude":"56.65000000","longitude":"-3.61666700","name":"Tullymet"},{"id":"841974","latitude":"56.70000000","longitude":"-4.01666700","name":"Tummel Bridge"},{"id":"841991","latitude":"56.51666700","longitude":"-3.86666700","name":"Turrerich"},{"id":"842504","latitude":"56.61666700","longitude":"-3.88333300","name":"Weem"},{"id":"842651","latitude":"56.40000000","longitude":"-3.66666700","name":"Wester Keilour"},{"id":"842899","latitude":"56.65000000","longitude":"-4.00000000","name":"White Bridge"},{"id":"843313","latitude":"56.51666700","longitude":"-3.28333300","name":"Woodside"}]