[{"id":"826709","latitude":"57.30000000","longitude":"-4.26666700","name":"Aberarder"},{"id":"826720","latitude":"57.23333300","longitude":"-4.36666700","name":"Aberchalder"},{"id":"826792","latitude":"56.83333300","longitude":"-5.13333300","name":"Achafubil"},{"id":"826793","latitude":"57.88333300","longitude":"-5.58333300","name":"Achagarve"},{"id":"826794","latitude":"57.30000000","longitude":"-4.90000000","name":"Achagate"},{"id":"826798","latitude":"57.61666700","longitude":"-4.90000000","name":"Achanalt"},{"id":"826799","latitude":"58.30000000","longitude":"-4.30000000","name":"Achaneas"},{"id":"826800","latitude":"57.98333300","longitude":"-4.41666700","name":"Achany"},{"id":"826801","latitude":"56.83333300","longitude":"-5.13333300","name":"Achaphubuil"},{"id":"826802","latitude":"56.73333300","longitude":"-5.78333300","name":"Acharacle"},{"id":"826803","latitude":"56.58333300","longitude":"-5.73333300","name":"Acharn"},{"id":"826806","latitude":"56.63333300","longitude":"-5.28333300","name":"Acharra"},{"id":"826808","latitude":"58.00000000","longitude":"-5.31666700","name":"Acheniner"},{"id":"826809","latitude":"58.00000000","longitude":"-5.31666700","name":"Acheninver"},{"id":"826810","latitude":"57.40000000","longitude":"-5.45000000","name":"Achentee"},{"id":"826811","latitude":"58.26666700","longitude":"-3.91666700","name":"Achentoul"},{"id":"826812","latitude":"58.30000000","longitude":"-4.91666700","name":"Achfarrie"},{"id":"826813","latitude":"58.30000000","longitude":"-4.91666700","name":"Achfarry"},{"id":"826814","latitude":"58.30000000","longitude":"-4.91666700","name":"Achfary"},{"id":"826815","latitude":"58.01666700","longitude":"-5.36666700","name":"Achiltibuie"},{"id":"826816","latitude":"57.96666700","longitude":"-4.40000000","name":"Achinduich"},{"id":"826817","latitude":"57.40000000","longitude":"-5.45000000","name":"Achintee"},{"id":"826818","latitude":"58.26666700","longitude":"-3.91666700","name":"Achintoul"},{"id":"826819","latitude":"57.38333300","longitude":"-5.53333300","name":"Achintraid"},{"id":"826820","latitude":"57.16666700","longitude":"-4.85000000","name":"Achlain"},{"id":"826821","latitude":"58.41666700","longitude":"-5.00000000","name":"Achlighness"},{"id":"826822","latitude":"58.41666700","longitude":"-5.00000000","name":"Achlyness"},{"id":"826823","latitude":"58.16666700","longitude":"-5.30000000","name":"Achmelvich"},{"id":"826824","latitude":"57.33333300","longitude":"-5.56666700","name":"Achmore"},{"id":"826828","latitude":"56.50000000","longitude":"-5.50000000","name":"Achnacroish"},{"id":"826829","latitude":"57.88333300","longitude":"-5.58333300","name":"Achnagarve"},{"id":"826830","latitude":"57.95000000","longitude":"-4.51666700","name":"Achnahanat"},{"id":"826831","latitude":"57.95000000","longitude":"-4.51666700","name":"Achnahannet"},{"id":"826832","latitude":"57.58333300","longitude":"-5.10000000","name":"Achnasheen"},{"id":"826834","latitude":"57.98333300","longitude":"-4.58333300","name":"Achness"},{"id":"826835","latitude":"58.43333300","longitude":"-4.98333300","name":"Achriesgill"},{"id":"826836","latitude":"57.60000000","longitude":"-4.53333300","name":"Achterneed"},{"id":"826838","latitude":"58.46666700","longitude":"-3.13333300","name":"Ackergill"},{"id":"826879","latitude":"57.38333300","longitude":"-3.45000000","name":"Advie"},{"id":"826896","latitude":"57.03333300","longitude":"-5.95000000","name":"Aird of Sleat"},{"id":"826903","latitude":"57.06666700","longitude":"-5.76666700","name":"Airor"},{"id":"826966","latitude":"57.50000000","longitude":"-4.15000000","name":"Allanfearn"},{"id":"826982","latitude":"57.55000000","longitude":"-5.60000000","name":"Alligin"},{"id":"826991","latitude":"57.23333300","longitude":"-5.18333300","name":"Alltbeath"},{"id":"826993","latitude":"58.36666700","longitude":"-4.63333300","name":"Alltnacaillich"},{"id":"826994","latitude":"57.23333300","longitude":"-4.55000000","name":"Alltsigh"},{"id":"827004","latitude":"57.68333300","longitude":"-4.25000000","name":"Alness"},{"id":"827022","latitude":"58.05000000","longitude":"-5.45000000","name":"Altandhu"},{"id":"827023","latitude":"58.05000000","longitude":"-5.45000000","name":"Altandon"},{"id":"827024","latitude":"58.20000000","longitude":"-4.03333300","name":"Altandoune"},{"id":"827025","latitude":"58.05000000","longitude":"-5.45000000","name":"Altandow"},{"id":"827026","latitude":"58.20000000","longitude":"-4.03333300","name":"Altanduin"},{"id":"827029","latitude":"57.80000000","longitude":"-5.80000000","name":"Altgreshan"},{"id":"827035","latitude":"58.26666700","longitude":"-4.45000000","name":"Altnaharra"},{"id":"827057","latitude":"57.15000000","longitude":"-3.86666700","name":"Alvie"},{"id":"827093","latitude":"56.83333300","longitude":"-6.21666700","name":"An Gallanach"},{"id":"827096","latitude":"50.81666700","longitude":"-0.48333300","name":"Angmering"},{"id":"827097","latitude":"57.73333300","longitude":"-4.00000000","name":"Ankerville"},{"id":"827098","latitude":"57.73333300","longitude":"-3.98333300","name":"Ankerville Corner"},{"id":"827142","latitude":"57.41666700","longitude":"-5.81666700","name":"Applecross"},{"id":"827154","latitude":"58.25000000","longitude":"-5.11666700","name":"Aravar"},{"id":"827166","latitude":"57.06666700","longitude":"-5.90000000","name":"Ardavasar"},{"id":"827170","latitude":"57.85000000","longitude":"-5.08333300","name":"Ardcharnich"},{"id":"827174","latitude":"57.48333300","longitude":"-3.75000000","name":"Ardclach"},{"id":"827180","latitude":"57.56666700","longitude":"-4.03333300","name":"Ardersier"},{"id":"827187","latitude":"56.71666700","longitude":"-5.25000000","name":"Ardgour"},{"id":"827188","latitude":"57.55000000","longitude":"-5.70000000","name":"Ardheslaig"},{"id":"827197","latitude":"57.91666700","longitude":"-5.20000000","name":"Ardmair"},{"id":"827203","latitude":"57.91666700","longitude":"-5.20000000","name":"Ardmuir"},{"id":"827204","latitude":"57.25000000","longitude":"-5.10000000","name":"Ardnamulloch"},{"id":"827205","latitude":"57.36666700","longitude":"-5.51666700","name":"Ardnarff"},{"id":"827206","latitude":"56.68333300","longitude":"-5.58333300","name":"Ardnastang"},{"id":"827213","latitude":"56.73333300","longitude":"-5.76666700","name":"Ardshealach"},{"id":"827214","latitude":"56.73333300","longitude":"-5.76666700","name":"Ardshieloch"},{"id":"827218","latitude":"56.66666700","longitude":"-5.98333300","name":"Ardslignish"},{"id":"827223","latitude":"56.75000000","longitude":"-5.86666700","name":"Ardtoe"},{"id":"827225","latitude":"57.63333300","longitude":"-4.38333300","name":"Ardullie"},{"id":"827226","latitude":"58.25000000","longitude":"-5.11666700","name":"Ardvar"},{"id":"827227","latitude":"57.06666700","longitude":"-5.90000000","name":"Ardvasar"},{"id":"827228","latitude":"57.06666700","longitude":"-5.90000000","name":"Ardvazar"},{"id":"827229","latitude":"56.95000000","longitude":"-4.45000000","name":"Ardverikie"},{"id":"827236","latitude":"56.91666700","longitude":"-5.83333300","name":"Arisaig"},{"id":"827248","latitude":"58.55000000","longitude":"-4.10000000","name":"Armadale"},{"id":"827265","latitude":"57.13333300","longitude":"-5.55000000","name":"Arnisdale"},{"id":"827266","latitude":"57.45000000","longitude":"-6.03333300","name":"Arnish"},{"id":"827370","latitude":"57.88333300","longitude":"-4.11666700","name":"Astail"},{"id":"827372","latitude":"57.88333300","longitude":"-4.11666700","name":"Astel"},{"id":"827375","latitude":"57.88333300","longitude":"-4.11666700","name":"Astle"},{"id":"827407","latitude":"57.25000000","longitude":"-5.10000000","name":"Athnamulloch"},{"id":"827426","latitude":"58.56666700","longitude":"-3.08333300","name":"Auchingill"},{"id":"827429","latitude":"58.26666700","longitude":"-3.91666700","name":"Auchintoul"},{"id":"827442","latitude":"57.98333300","longitude":"-4.58333300","name":"Auchness"},{"id":"827448","latitude":"57.60000000","longitude":"-4.53333300","name":"Auchterneed"},{"id":"827451","latitude":"58.56666700","longitude":"-3.08333300","name":"Auckingill"},{"id":"827463","latitude":"57.56666700","longitude":"-3.81666700","name":"Auldearn"},{"id":"827465","latitude":"57.83333300","longitude":"-5.58333300","name":"Aultbea"},{"id":"827466","latitude":"57.80000000","longitude":"-5.80000000","name":"Aultgrishin"},{"id":"827468","latitude":"58.58333300","longitude":"-4.03333300","name":"Aultivullin"},{"id":"827470","latitude":"57.88333300","longitude":"-5.18333300","name":"Aultnaharrie"},{"id":"827480","latitude":"57.20000000","longitude":"-3.83333300","name":"Aviemore"},{"id":"827482","latitude":"57.56666700","longitude":"-4.16666700","name":"Avoch"},{"id":"827514","latitude":"57.98333300","longitude":"-3.96666700","name":"Backie"},{"id":"827515","latitude":"57.98333300","longitude":"-3.96666700","name":"Backies"},{"id":"827524","latitude":"58.15000000","longitude":"-3.55000000","name":"Badbea"},{"id":"827526","latitude":"58.31666700","longitude":"-5.15000000","name":"Badcall"},{"id":"827527","latitude":"57.86666700","longitude":"-5.33333300","name":"Badcaul"},{"id":"827529","latitude":"58.00000000","longitude":"-5.31666700","name":"Badenscallie"},{"id":"827535","latitude":"57.90000000","longitude":"-5.38333300","name":"Badluachrach"},{"id":"827536","latitude":"57.90000000","longitude":"-5.38333300","name":"Badluchrach"},{"id":"827538","latitude":"57.86666700","longitude":"-5.28333300","name":"Badrallach"},{"id":"827562","latitude":"57.80000000","longitude":"-3.90000000","name":"Baladie"},{"id":"827563","latitude":"57.80000000","longitude":"-3.90000000","name":"Balaldie"},{"id":"827566","latitude":"57.10000000","longitude":"-4.00000000","name":"Balavil"},{"id":"827568","latitude":"57.56666700","longitude":"-3.88333300","name":"Balblair"},{"id":"827569","latitude":"58.21666700","longitude":"-5.35000000","name":"Balchladich"},{"id":"827582","latitude":"57.75000000","longitude":"-3.90000000","name":"Balintore"},{"id":"827586","latitude":"56.66666700","longitude":"-5.11666700","name":"Ballachuhsh"},{"id":"827587","latitude":"56.66666700","longitude":"-5.11666700","name":"Ballachulish"},{"id":"827588","latitude":"56.70000000","longitude":"-5.18333300","name":"Ballachulist"},{"id":"827597","latitude":"58.21666700","longitude":"-5.35000000","name":"Ballchladdich"},{"id":"827598","latitude":"58.21666700","longitude":"-5.35000000","name":"Ballcladdich"},{"id":"827672","latitude":"57.28333300","longitude":"-5.61666700","name":"Balmacara"},{"id":"827673","latitude":"57.28333300","longitude":"-5.61666700","name":"Balmacarra"},{"id":"827676","latitude":"58.58333300","longitude":"-4.78333300","name":"Balmakiel"},{"id":"827681","latitude":"57.38333300","longitude":"-4.38333300","name":"Balmore"},{"id":"827684","latitude":"57.18333300","longitude":"-4.86666700","name":"Balnacarn"},{"id":"827685","latitude":"58.58333300","longitude":"-4.78333300","name":"Balnakeil"},{"id":"827686","latitude":"58.58333300","longitude":"-4.78333300","name":"Balnakiel"},{"id":"827699","latitude":"56.85000000","longitude":"-5.08333300","name":"Banavie"},{"id":"827725","latitude":"57.73333300","longitude":"-3.95000000","name":"Barachie"},{"id":"827729","latitude":"57.71666700","longitude":"-4.10000000","name":"Barbaraville"},{"id":"827740","latitude":"57.50000000","longitude":"-3.93333300","name":"Barevan"},{"id":"827810","latitude":"56.63333300","longitude":"-5.88333300","name":"Barr"},{"id":"827819","latitude":"57.06666700","longitude":"-5.51666700","name":"Barrisdale"},{"id":"827928","latitude":"57.33333300","longitude":"-4.65000000","name":"Bearnock"},{"id":"827934","latitude":"57.46666700","longitude":"-4.46666700","name":"Beauly"},{"id":"828014","latitude":"57.43333300","longitude":"-4.46666700","name":"Belladrum"},{"id":"828025","latitude":"57.10000000","longitude":"-4.00000000","name":"Belleville"},{"id":"828029","latitude":"56.56666700","longitude":"-5.70000000","name":"Belloch"},{"id":"828032","latitude":"57.56666700","longitude":"-4.26666700","name":"Belmaduthy"},{"id":"828092","latitude":"57.20000000","longitude":"-5.60000000","name":"Bernera"},{"id":"828093","latitude":"57.45000000","longitude":"-6.40000000","name":"Bernisdale"},{"id":"828095","latitude":"58.18333300","longitude":"-3.48333300","name":"Berriedale"},{"id":"828140","latitude":"58.53333300","longitude":"-4.23333300","name":"Bettyhill"},{"id":"828194","latitude":"57.73333300","longitude":"-5.76666700","name":"Big Sand"},{"id":"828196","latitude":"58.46666700","longitude":"-3.23333300","name":"Bilbster"},{"id":"828253","latitude":"52.08333300","longitude":"-2.10000000","name":"Birlingham"},{"id":"828366","latitude":"56.83333300","longitude":"-5.20000000","name":"Blaich"},{"id":"828368","latitude":"56.75000000","longitude":"-5.78333300","name":"Blain"},{"id":"828439","latitude":"57.73333300","longitude":"-4.38333300","name":"Boath"},{"id":"828440","latitude":"57.33333300","longitude":"-3.73333300","name":"Boat of Garten"},{"id":"828470","latitude":"56.90000000","longitude":"-4.81666700","name":"Bohenie"},{"id":"828472","latitude":"56.90000000","longitude":"-4.81666700","name":"Bohuntine"},{"id":"828476","latitude":"57.28333300","longitude":"-4.46666700","name":"Boleskine"},{"id":"828495","latitude":"57.88333300","longitude":"-4.35000000","name":"Bonar Bridge"},{"id":"828504","latitude":"56.60000000","longitude":"-5.96666700","name":"Bonnavoulin"},{"id":"828524","latitude":"57.48333300","longitude":"-6.71666700","name":"Boreraig"},{"id":"828528","latitude":"58.21666700","longitude":"-3.48333300","name":"Borgue"},{"id":"828532","latitude":"57.48333300","longitude":"-6.71666700","name":"Borreraig"},{"id":"828539","latitude":"57.45000000","longitude":"-6.25000000","name":"Borve"},{"id":"828612","latitude":"58.53333300","longitude":"-3.31666700","name":"Bower"},{"id":"828614","latitude":"58.55000000","longitude":"-3.30000000","name":"Bowermadden"},{"id":"828616","latitude":"58.53333300","longitude":"-3.31666700","name":"Bowertower"},{"id":"828645","latitude":"57.36666700","longitude":"-6.40000000","name":"Bracadale"},{"id":"828650","latitude":"57.55000000","longitude":"-4.01666700","name":"Brackley"},{"id":"828651","latitude":"58.15000000","longitude":"-5.21666700","name":"Brackloch"},{"id":"828655","latitude":"56.98333300","longitude":"-5.76666700","name":"Bracora"},{"id":"828688","latitude":"57.23333300","longitude":"-5.83333300","name":"Braekish"},{"id":"828690","latitude":"57.75000000","longitude":"-5.03333300","name":"Braemore"},{"id":"828760","latitude":"58.56666700","longitude":"-4.03333300","name":"Brawl"},{"id":"828770","latitude":"57.23333300","longitude":"-5.83333300","name":"Breakish"},{"id":"828771","latitude":"58.15000000","longitude":"-5.21666700","name":"Breakloch"},{"id":"828826","latitude":"57.55000000","longitude":"-4.80000000","name":"Bridgend"},{"id":"828842","latitude":"56.88333300","longitude":"-4.85000000","name":"Bridge of Roy"},{"id":"828879","latitude":"57.33333300","longitude":"-4.20000000","name":"Brin"},{"id":"828905","latitude":"57.23333300","longitude":"-5.91666700","name":"Broadford"},{"id":"828933","latitude":"57.43333300","longitude":"-6.01666700","name":"Brochel"},{"id":"828995","latitude":"58.01666700","longitude":"-3.86666700","name":"Brora"},{"id":"829001","latitude":"58.65000000","longitude":"-3.33333300","name":"Brough"},{"id":"829064","latitude":"57.20000000","longitude":"-6.30000000","name":"Bualintur"},{"id":"829127","latitude":"56.60000000","longitude":"-5.96666700","name":"Bunavullin"},{"id":"829129","latitude":"57.28333300","longitude":"-5.50000000","name":"Bundalloch"},{"id":"829349","latitude":"57.05000000","longitude":"-5.90000000","name":"Calligarry"},{"id":"829353","latitude":"57.78333300","longitude":"-4.00000000","name":"Calrossie"},{"id":"829366","latitude":"57.41666700","longitude":"-5.80000000","name":"Camasterach"},{"id":"829367","latitude":"57.36666700","longitude":"-6.16666700","name":"Camastianavaig"},{"id":"829368","latitude":"57.20000000","longitude":"-6.13333300","name":"Camasunary"},{"id":"829369","latitude":"57.21666700","longitude":"-5.23333300","name":"Camban"},{"id":"829392","latitude":"57.56666700","longitude":"-4.03333300","name":"Campbelltown"},{"id":"829404","latitude":"58.63333300","longitude":"-3.11666700","name":"Canisbay"},{"id":"829407","latitude":"57.35000000","longitude":"-4.76666700","name":"Cannich"},{"id":"829443","latitude":"57.06666700","longitude":"-5.98333300","name":"Caradal"},{"id":"829446","latitude":"57.30000000","longitude":"-6.36666700","name":"Carbost"},{"id":"829507","latitude":"56.68333300","longitude":"-5.08333300","name":"Carnach"},{"id":"829517","latitude":"56.83333300","longitude":"-6.20000000","name":"Carndearg"},{"id":"829526","latitude":"57.43333300","longitude":"-3.88333300","name":"Carnoch"},{"id":"829534","latitude":"57.28333300","longitude":"-3.81666700","name":"Carrbridge"},{"id":"829567","latitude":"58.40000000","longitude":"-4.63333300","name":"Cashel Dhu"},{"id":"829615","latitude":"58.58333300","longitude":"-3.38333300","name":"Castletown"},{"id":"829632","latitude":"57.00000000","longitude":"-4.25000000","name":"Catlodge"},{"id":"829657","latitude":"57.51666700","longitude":"-3.93333300","name":"Cawdor"},{"id":"829667","latitude":"58.60000000","longitude":"-4.93333300","name":"Cearbhag"},{"id":"829998","latitude":"56.63333300","longitude":"-5.43333300","name":"Cilmalieu"},{"id":"830014","latitude":"58.18333300","longitude":"-5.31666700","name":"Clachtoll"},{"id":"830042","latitude":"57.86666700","longitude":"-4.11666700","name":"Clashmore"},{"id":"830043","latitude":"58.21666700","longitude":"-5.31666700","name":"Clashnessie"},{"id":"830075","latitude":"56.91666700","longitude":"-6.15000000","name":"Cleadale"},{"id":"830095","latitude":"58.26666700","longitude":"-4.41666700","name":"Clibreck"},{"id":"830147","latitude":"56.71666700","longitude":"-5.30000000","name":"Clovulin"},{"id":"830148","latitude":"56.71666700","longitude":"-5.30000000","name":"Clovullin"},{"id":"830151","latitude":"57.48333300","longitude":"-3.86666700","name":"Clunas"},{"id":"830155","latitude":"57.30000000","longitude":"-4.01666700","name":"Clune"},{"id":"830156","latitude":"56.95000000","longitude":"-4.96666700","name":"Clunes"},{"id":"830169","latitude":"58.03333300","longitude":"-3.88333300","name":"Clyne"},{"id":"830170","latitude":"58.03333300","longitude":"-3.88333300","name":"Clynekirkton"},{"id":"830234","latitude":"57.23333300","longitude":"-4.13333300","name":"Coignashie"},{"id":"830236","latitude":"57.30000000","longitude":"-5.65000000","name":"Coillemore"},{"id":"830237","latitude":"57.35000000","longitude":"-6.38333300","name":"Coillore"},{"id":"830241","latitude":"57.45000000","longitude":"-6.65000000","name":"Colbost"},{"id":"830329","latitude":"52.06666700","longitude":"-2.06666700","name":"Comberton"},{"id":"830349","latitude":"57.56666700","longitude":"-4.43333300","name":"Conan Bridge"},{"id":"830372","latitude":"57.56666700","longitude":"-4.43333300","name":"Conon Bridge"},{"id":"830379","latitude":"57.56666700","longitude":"-4.56666700","name":"Contin"},{"id":"830433","latitude":"56.85000000","longitude":"-5.10000000","name":"Corpach"},{"id":"830435","latitude":"56.71666700","longitude":"-5.23333300","name":"Corran"},{"id":"830438","latitude":"57.31666700","longitude":"-4.68333300","name":"Corrimany"},{"id":"830439","latitude":"57.31666700","longitude":"-4.68333300","name":"Corrimony"},{"id":"830442","latitude":"56.78333300","longitude":"-5.33333300","name":"Corrlarach"},{"id":"830443","latitude":"57.35000000","longitude":"-3.95000000","name":"Corrybrough"},{"id":"830444","latitude":"58.18333300","longitude":"-4.78333300","name":"Corrykinloch"},{"id":"830504","latitude":"57.23333300","longitude":"-4.93333300","name":"Cougie"},{"id":"830505","latitude":"57.43333300","longitude":"-5.40000000","name":"Coulags"},{"id":"830506","latitude":"57.91666700","longitude":"-4.01666700","name":"Coul"},{"id":"830508","latitude":"57.30000000","longitude":"-5.65000000","name":"Coulmore"},{"id":"830525","latitude":"57.40000000","longitude":"-5.58333300","name":"Courthill"},{"id":"830529","latitude":"57.85000000","longitude":"-5.70000000","name":"Cove"},{"id":"830571","latitude":"57.41666700","longitude":"-4.13333300","name":"Craggie"},{"id":"830575","latitude":"57.48333300","longitude":"-5.26666700","name":"Craig"},{"id":"830617","latitude":"57.36666700","longitude":"-4.80000000","name":"Craskie"},{"id":"830655","latitude":"57.86666700","longitude":"-4.28333300","name":"Creich"},{"id":"830694","latitude":"57.31666700","longitude":"-4.23333300","name":"Croachy"},{"id":"830714","latitude":"57.88333300","longitude":"-4.58333300","name":"Croick"},{"id":"830716","latitude":"57.66666700","longitude":"-4.03333300","name":"Cromarty"},{"id":"830717","latitude":"57.33333300","longitude":"-3.53333300","name":"Cromdale"},{"id":"830747","latitude":"58.51666700","longitude":"-4.26666700","name":"Crossburn"},{"id":"830767","latitude":"58.61666700","longitude":"-3.66666700","name":"Crosskirk"},{"id":"830803","latitude":"57.51666700","longitude":"-4.03333300","name":"Croy"},{"id":"830821","latitude":"57.55000000","longitude":"-5.83333300","name":"Cuaig"},{"id":"830836","latitude":"56.63333300","longitude":"-5.30000000","name":"Cuil"},{"id":"830839","latitude":"57.60000000","longitude":"-4.33333300","name":"Culbokie"},{"id":"830844","latitude":"58.23333300","longitude":"-5.35000000","name":"Culkein"},{"id":"830859","latitude":"57.96666700","longitude":"-4.01666700","name":"Culmailie"},{"id":"830860","latitude":"57.96666700","longitude":"-4.01666700","name":"Culmaily"},{"id":"830864","latitude":"57.91666700","longitude":"-4.40000000","name":"Culrain"},{"id":"830895","latitude":"57.30000000","longitude":"-3.66666700","name":"Curr"},{"id":"830962","latitude":"57.18333300","longitude":"-4.23333300","name":"Dalbeg"},{"id":"830965","latitude":"57.20000000","longitude":"-4.80000000","name":"Dalchreichart"},{"id":"830967","latitude":"57.53333300","longitude":"-4.05000000","name":"Dalcross"},{"id":"830971","latitude":"56.76666700","longitude":"-5.70000000","name":"Dalelea"},{"id":"830972","latitude":"56.76666700","longitude":"-5.70000000","name":"Dalelia"},{"id":"830990","latitude":"57.23333300","longitude":"-4.10000000","name":"Dalmigavie"},{"id":"830992","latitude":"57.25000000","longitude":"-3.90000000","name":"Dalnahaitnach"},{"id":"830993","latitude":"56.61666700","longitude":"-4.98333300","name":"Dalness"},{"id":"830994","latitude":"57.46666700","longitude":"-4.05000000","name":"Dalroy"},{"id":"831010","latitude":"57.18333300","longitude":"-4.23333300","name":"Dalveg"},{"id":"831011","latitude":"57.35000000","longitude":"-3.48333300","name":"Dalvey"},{"id":"831012","latitude":"56.93333300","longitude":"-4.23333300","name":"Dalwhinnie"},{"id":"831076","latitude":"52.08333300","longitude":"-2.11666700","name":"Defford"},{"id":"831123","latitude":"57.36666700","longitude":"-3.60000000","name":"Derraid"},{"id":"831156","latitude":"57.56666700","longitude":"-5.66666700","name":"Diabaig"},{"id":"831157","latitude":"57.56666700","longitude":"-5.66666700","name":"Dibaig"},{"id":"831159","latitude":"56.95000000","longitude":"-6.28333300","name":"Dibidil"},{"id":"831188","latitude":"57.60000000","longitude":"-4.45000000","name":"Dingwall"},{"id":"831272","latitude":"57.36666700","longitude":"-4.33333300","name":"Dores"},{"id":"831277","latitude":"57.28333300","longitude":"-5.51666700","name":"Dornie"},{"id":"831278","latitude":"57.86666700","longitude":"-4.03333300","name":"Dornoch"},{"id":"831280","latitude":"58.46666700","longitude":"-3.61666700","name":"Dorrery"},{"id":"831293","latitude":"58.56666700","longitude":"-3.73333300","name":"Dounreay"},{"id":"831347","latitude":"56.60000000","longitude":"-6.00000000","name":"Drimnin"},{"id":"831362","latitude":"58.23333300","longitude":"-5.20000000","name":"Drumbeg"},{"id":"831373","latitude":"57.20000000","longitude":"-5.86666700","name":"Drumfearn"},{"id":"831375","latitude":"57.03333300","longitude":"-4.28333300","name":"Drumgask"},{"id":"831382","latitude":"57.01666700","longitude":"-4.53333300","name":"Drummin"},{"id":"831385","latitude":"57.33333300","longitude":"-4.48333300","name":"Drumnadrochit"},{"id":"831398","latitude":"57.28333300","longitude":"-6.30000000","name":"Drynoch"},{"id":"831420","latitude":"57.31666700","longitude":"-5.68333300","name":"Duirinish"},{"id":"831421","latitude":"56.83333300","longitude":"-5.25000000","name":"Duisky"},{"id":"831429","latitude":"57.43333300","longitude":"-3.78333300","name":"Dulsie"},{"id":"831439","latitude":"57.26666700","longitude":"-5.98333300","name":"Dunan"},{"id":"831444","latitude":"58.25000000","longitude":"-3.41666700","name":"Dunbeath"},{"id":"831453","latitude":"57.20000000","longitude":"-4.76666700","name":"Dundreggan"},{"id":"831458","latitude":"57.28333300","longitude":"-5.50000000","name":"Dundulloch"},{"id":"831490","latitude":"58.51666700","longitude":"-3.33333300","name":"Dunnet"},{"id":"831499","latitude":"58.56666700","longitude":"-3.73333300","name":"Dunreay"},{"id":"831519","latitude":"57.43333300","longitude":"-6.58333300","name":"Dunvegan"},{"id":"831526","latitude":"58.56666700","longitude":"-4.75000000","name":"Durness"},{"id":"831535","latitude":"57.30000000","longitude":"-3.76666700","name":"Duthil"},{"id":"831550","latitude":"57.35000000","longitude":"-6.45000000","name":"Eabost"},{"id":"831566","latitude":"57.56666700","longitude":"-6.38333300","name":"Earlish"},{"id":"831587","latitude":"56.86666700","longitude":"-5.26666700","name":"Eassifern"},{"id":"831608","latitude":"58.63333300","longitude":"-3.11666700","name":"East Canisbay"},{"id":"831623","latitude":"57.31666700","longitude":"-4.23333300","name":"East Croachy"},{"id":"831631","latitude":"58.03333300","longitude":"-3.86666700","name":"Easter Clynekirkton"},{"id":"831634","latitude":"57.83333300","longitude":"-4.28333300","name":"Easter Fearn"},{"id":"831638","latitude":"57.75000000","longitude":"-3.93333300","name":"Easter Rarichie"},{"id":"831639","latitude":"57.55000000","longitude":"-4.48333300","name":"Easter Urray"},{"id":"831688","latitude":"56.66666700","longitude":"-5.13333300","name":"East Laroch"},{"id":"831791","latitude":"52.06666700","longitude":"-2.11666700","name":"Eckington"},{"id":"831794","latitude":"57.83333300","longitude":"-4.16666700","name":"Edderton"},{"id":"831812","latitude":"57.45000000","longitude":"-6.43333300","name":"Edinbain"},{"id":"831863","latitude":"57.21666700","longitude":"-3.95000000","name":"Eil"},{"id":"831876","latitude":"57.15000000","longitude":"-6.10000000","name":"Elgol"},{"id":"831879","latitude":"57.21666700","longitude":"-3.95000000","name":"Elie"},{"id":"831926","latitude":"58.05000000","longitude":"-5.01666700","name":"Elphin"},{"id":"831964","latitude":"57.90000000","longitude":"-3.98333300","name":"Embo"},{"id":"832002","latitude":"57.30000000","longitude":"-5.70000000","name":"Erbusag"},{"id":"832003","latitude":"57.30000000","longitude":"-5.70000000","name":"Erbusaig"},{"id":"832007","latitude":"58.46666700","longitude":"-4.68333300","name":"Eriboll"},{"id":"832014","latitude":"57.76666700","longitude":"-5.78333300","name":"Erradale"},{"id":"832015","latitude":"58.46666700","longitude":"-4.68333300","name":"Erriboll"},{"id":"832016","latitude":"57.26666700","longitude":"-4.36666700","name":"Errogie"},{"id":"832030","latitude":"57.43333300","longitude":"-4.56666700","name":"Eskadale"},{"id":"832042","latitude":"57.63333300","longitude":"-4.05000000","name":"Ethie"},{"id":"832046","latitude":"57.03333300","longitude":"-4.15000000","name":"Etteridge"},{"id":"832055","latitude":"57.66666700","longitude":"-4.33333300","name":"Evanton"},{"id":"832056","latitude":"57.88333300","longitude":"-4.08333300","name":"Evelix"},{"id":"832098","latitude":"57.46666700","longitude":"-6.40000000","name":"Eyre"},{"id":"832105","latitude":"57.40000000","longitude":"-4.11666700","name":"Faillie"},{"id":"832107","latitude":"57.76666700","longitude":"-5.13333300","name":"Fain"},{"id":"832164","latitude":"57.35000000","longitude":"-4.20000000","name":"Farr"},{"id":"832171","latitude":"56.75000000","longitude":"-6.08333300","name":"Faskadale"},{"id":"832172","latitude":"57.31666700","longitude":"-4.80000000","name":"Fasnakyle"},{"id":"832173","latitude":"56.86666700","longitude":"-5.26666700","name":"Fassfern"},{"id":"832193","latitude":"57.76666700","longitude":"-3.96666700","name":"Fearn"},{"id":"832194","latitude":"57.56666700","longitude":"-5.81666700","name":"Fearnmore"},{"id":"832245","latitude":"57.48333300","longitude":"-3.73333300","name":"Ferness"},{"id":"832249","latitude":"57.30000000","longitude":"-6.38333300","name":"Fernilea"},{"id":"832260","latitude":"57.11666700","longitude":"-3.90000000","name":"Feshiebridge"},{"id":"832330","latitude":"57.30000000","longitude":"-6.43333300","name":"Fiskavaig"},{"id":"832339","latitude":"56.55000000","longitude":"-5.85000000","name":"Fiunary"},{"id":"832345","latitude":"52.11666700","longitude":"-2.01666700","name":"Fladbury"},{"id":"832349","latitude":"57.50000000","longitude":"-6.40000000","name":"Flashader"},{"id":"832377","latitude":"57.65000000","longitude":"-6.25000000","name":"Flodigarry"},{"id":"832388","latitude":"57.60000000","longitude":"-4.48333300","name":"Fodderty"},{"id":"832430","latitude":"58.28333300","longitude":"-3.33333300","name":"Forse"},{"id":"832431","latitude":"58.40000000","longitude":"-3.88333300","name":"Forsinain"},{"id":"832432","latitude":"58.35000000","longitude":"-3.90000000","name":"Forsinard"},{"id":"832433","latitude":"57.13333300","longitude":"-4.68333300","name":"Fort Augustus"},{"id":"832437","latitude":"57.56666700","longitude":"-4.03333300","name":"Fort George"},{"id":"832444","latitude":"57.58333300","longitude":"-4.13333300","name":"Fortrose"},{"id":"832447","latitude":"56.81666700","longitude":"-5.11666700","name":"Fort William"},{"id":"832486","latitude":"57.23333300","longitude":"-4.48333300","name":"Foyers"},{"id":"832520","latitude":"58.58333300","longitude":"-3.08333300","name":"Freswick"},{"id":"832566","latitude":"56.55000000","longitude":"-5.85000000","name":"Fuenary House"},{"id":"832583","latitude":"56.55000000","longitude":"-5.85000000","name":"Funary House"},{"id":"832605","latitude":"57.70000000","longitude":"-5.66666700","name":"Gairloch"},{"id":"832606","latitude":"56.91666700","longitude":"-5.00000000","name":"Gairlochy"},{"id":"832613","latitude":"56.83333300","longitude":"-6.21666700","name":"Gallanach"},{"id":"832616","latitude":"56.86666700","longitude":"-6.15000000","name":"Galmisdale"},{"id":"832621","latitude":"57.48333300","longitude":"-6.70000000","name":"Galtrigill"},{"id":"832631","latitude":"57.66666700","longitude":"-4.65000000","name":"Garbad"},{"id":"832632","latitude":"57.66666700","longitude":"-4.65000000","name":"Garbat"},{"id":"832649","latitude":"57.63333300","longitude":"-6.20000000","name":"Garrafad"},{"id":"832672","latitude":"56.83333300","longitude":"-5.31666700","name":"Garvan"},{"id":"832673","latitude":"57.61666700","longitude":"-4.70000000","name":"Garve"},{"id":"832713","latitude":"57.56666700","longitude":"-6.56666700","name":"Geary"},{"id":"832754","latitude":"58.63333300","longitude":"-3.18333300","name":"Gills"},{"id":"832817","latitude":"56.68333300","longitude":"-5.90000000","name":"Glenborrodale"},{"id":"832823","latitude":"56.56666700","longitude":"-5.01666700","name":"Glenceitlein"},{"id":"832824","latitude":"56.66666700","longitude":"-5.81666700","name":"Glencripesdale"},{"id":"832827","latitude":"56.95000000","longitude":"-6.28333300","name":"Glendibadle"},{"id":"832828","latitude":"57.21666700","longitude":"-5.63333300","name":"Glenelg"},{"id":"832832","latitude":"57.88333300","longitude":"-4.36666700","name":"Glenfield"},{"id":"832833","latitude":"56.86666700","longitude":"-5.45000000","name":"Glenfinnan"},{"id":"832840","latitude":"56.68333300","longitude":"-5.95000000","name":"Glenmore"},{"id":"832849","latitude":"57.98333300","longitude":"-4.60000000","name":"Glenrossal"},{"id":"832855","latitude":"57.63333300","longitude":"-4.11666700","name":"Glenurguhart"},{"id":"832876","latitude":"58.25000000","longitude":"-3.73333300","name":"Gobernuisgach"},{"id":"832877","latitude":"58.25000000","longitude":"-3.73333300","name":"Gobernuisgeach"},{"id":"832901","latitude":"57.96666700","longitude":"-3.96666700","name":"Golspie"},{"id":"832916","latitude":"58.05000000","longitude":"-3.95000000","name":"Gordonbush"},{"id":"832931","latitude":"57.61666700","longitude":"-4.68333300","name":"Gorstan"},{"id":"832932","latitude":"56.75000000","longitude":"-5.86666700","name":"Gortencorn"},{"id":"832933","latitude":"56.75000000","longitude":"-5.86666700","name":"Gorteneorn"},{"id":"832934","latitude":"56.76666700","longitude":"-5.91666700","name":"Gortenfern"},{"id":"832942","latitude":"56.75000000","longitude":"-5.86666700","name":"Gortoncorn"},{"id":"832943","latitude":"56.76666700","longitude":"-5.91666700","name":"Gortonfern"},{"id":"832996","latitude":"57.31666700","longitude":"-3.61666700","name":"Grantown"},{"id":"832997","latitude":"57.31666700","longitude":"-3.61666700","name":"Grantown on Spey"},{"id":"833060","latitude":"52.06666700","longitude":"-2.06666700","name":"Great Comberton"},{"id":"833195","latitude":"57.05000000","longitude":"-4.95000000","name":"Greenfield"},{"id":"833206","latitude":"58.58333300","longitude":"-3.31666700","name":"Greenland"},{"id":"833222","latitude":"57.51666700","longitude":"-6.43333300","name":"Greshornish"},{"id":"833274","latitude":"58.31666700","longitude":"-4.33333300","name":"Gruamabeag"},{"id":"833275","latitude":"58.31666700","longitude":"-4.33333300","name":"Grubbeg"},{"id":"833277","latitude":"58.31666700","longitude":"-4.33333300","name":"Grumbeg"},{"id":"833390","latitude":"57.55000000","longitude":"-6.60000000","name":"Halistra"},{"id":"833392","latitude":"58.50000000","longitude":"-3.50000000","name":"Halkirk"},{"id":"833400","latitude":"57.53333300","longitude":"-6.60000000","name":"Hallin"},{"id":"833750","latitude":"58.50000000","longitude":"-4.65000000","name":"Heilam"},{"id":"833751","latitude":"58.50000000","longitude":"-4.65000000","name":"Heilem"},{"id":"833752","latitude":"58.50000000","longitude":"-4.65000000","name":"Heilim"},{"id":"833766","latitude":"58.11666700","longitude":"-3.66666700","name":"Helmsdale"},{"id":"833968","latitude":"57.76666700","longitude":"-3.96666700","name":"Hill of Fearn"},{"id":"833975","latitude":"57.76666700","longitude":"-3.88333300","name":"Hilltown"},{"id":"833984","latitude":"57.76666700","longitude":"-3.88333300","name":"Hilton of Cadboll"},{"id":"834296","latitude":"58.65000000","longitude":"-3.10000000","name":"Huna"},{"id":"834342","latitude":"57.46666700","longitude":"-6.68333300","name":"Husabost"},{"id":"834391","latitude":"57.60000000","longitude":"-6.38333300","name":"Idrigil"},{"id":"834428","latitude":"57.05000000","longitude":"-5.00000000","name":"Inchlaggan"},{"id":"834431","latitude":"58.15000000","longitude":"-4.98333300","name":"Inch-na-damff"},{"id":"834432","latitude":"58.15000000","longitude":"-4.98333300","name":"Inchnadamph"},{"id":"834467","latitude":"57.45000000","longitude":"-4.20000000","name":"Inshes"},{"id":"834468","latitude":"57.08333300","longitude":"-3.95000000","name":"Insh"},{"id":"834471","latitude":"56.86666700","longitude":"-5.68333300","name":"Inverailort"},{"id":"834472","latitude":"57.55000000","longitude":"-5.60000000","name":"Inveralligin"},{"id":"834474","latitude":"57.93333300","longitude":"-4.40000000","name":"Inveran"},{"id":"834478","latitude":"57.80000000","longitude":"-5.65000000","name":"Inverasdale"},{"id":"834480","latitude":"57.80000000","longitude":"-5.05000000","name":"Inverbroom"},{"id":"834481","latitude":"57.35000000","longitude":"-4.73333300","name":"Invercannich"},{"id":"834482","latitude":"57.98333300","longitude":"-4.58333300","name":"Invercassley"},{"id":"834485","latitude":"56.68333300","longitude":"-5.10000000","name":"Invercoe"},{"id":"834486","latitude":"57.16666700","longitude":"-3.80000000","name":"Inverdruie"},{"id":"834489","latitude":"57.26666700","longitude":"-4.46666700","name":"Inverfarigaig"},{"id":"834490","latitude":"57.03333300","longitude":"-4.78333300","name":"Invergarry"},{"id":"834493","latitude":"57.68333300","longitude":"-4.18333300","name":"Invergordon"},{"id":"834495","latitude":"57.10000000","longitude":"-5.71666700","name":"Inverguseran"},{"id":"834498","latitude":"57.03333300","longitude":"-5.66666700","name":"Inverie"},{"id":"834501","latitude":"57.23333300","longitude":"-5.46666700","name":"Inverinate"},{"id":"834503","latitude":"57.81666700","longitude":"-3.91666700","name":"Inver"},{"id":"834504","latitude":"57.23333300","longitude":"-5.46666700","name":"Inverinyate"},{"id":"834509","latitude":"58.11666700","longitude":"-5.26666700","name":"Inverkirkaig"},{"id":"834510","latitude":"57.81666700","longitude":"-5.05000000","name":"Inverlael"},{"id":"834511","latitude":"57.26666700","longitude":"-3.88333300","name":"Inverlaidnan"},{"id":"834512","latitude":"56.88333300","longitude":"-4.73333300","name":"Inverlair"},{"id":"834513","latitude":"56.95000000","longitude":"-5.06666700","name":"Inver Mallie"},{"id":"834518","latitude":"57.21666700","longitude":"-4.63333300","name":"Invermoriston"},{"id":"834519","latitude":"57.21666700","longitude":"-4.63333300","name":"Invermorriston"},{"id":"834520","latitude":"58.50000000","longitude":"-4.21666700","name":"Invernaver"},{"id":"834521","latitude":"57.46666700","longitude":"-4.23333300","name":"Inverness"},{"id":"834524","latitude":"56.68333300","longitude":"-5.36666700","name":"Inversanda"},{"id":"834525","latitude":"57.21666700","longitude":"-5.41666700","name":"Invershiel"},{"id":"834526","latitude":"57.93333300","longitude":"-4.40000000","name":"Invershin"},{"id":"834531","latitude":"57.18333300","longitude":"-4.80000000","name":"Inverwick"},{"id":"834561","latitude":"57.15000000","longitude":"-5.78333300","name":"Isleornsay"},{"id":"834585","latitude":"57.55000000","longitude":"-4.53333300","name":"Jamestown"},{"id":"834587","latitude":"58.26666700","longitude":"-3.36666700","name":"Janetstown"},{"id":"834590","latitude":"57.40000000","longitude":"-5.50000000","name":"Jean Town"},{"id":"834596","latitude":"57.65000000","longitude":"-4.13333300","name":"Jemimaville"},{"id":"834622","latitude":"58.55000000","longitude":"-4.78333300","name":"Kealdale"},{"id":"834628","latitude":"58.60000000","longitude":"-4.93333300","name":"Kearvaig"},{"id":"834648","latitude":"58.53333300","longitude":"-3.11666700","name":"Keiss"},{"id":"834693","latitude":"57.56666700","longitude":"-5.75000000","name":"Kenmore"},{"id":"834707","latitude":"56.65000000","longitude":"-5.25000000","name":"Kentallen"},{"id":"834718","latitude":"56.75000000","longitude":"-5.85000000","name":"Kentra"},{"id":"834722","latitude":"58.55000000","longitude":"-4.78333300","name":"Keoldale"},{"id":"834728","latitude":"57.68333300","longitude":"-5.65000000","name":"Kerrysdale"},{"id":"834734","latitude":"57.50000000","longitude":"-4.25000000","name":"Kessock"},{"id":"834776","latitude":"57.20000000","longitude":"-5.96666700","name":"Kilbride"},{"id":"834783","latitude":"56.50000000","longitude":"-5.53333300","name":"Kilcheran"},{"id":"834785","latitude":"56.70000000","longitude":"-6.10000000","name":"Kilchoan"},{"id":"834794","latitude":"56.88333300","longitude":"-6.08333300","name":"Kildonan"},{"id":"834796","latitude":"56.88333300","longitude":"-6.08333300","name":"Kildonnan"},{"id":"834802","latitude":"57.01666700","longitude":"-4.83333300","name":"Kilfinnan"},{"id":"834823","latitude":"57.31666700","longitude":"-5.41666700","name":"Killilan"},{"id":"834840","latitude":"57.68333300","longitude":"-6.28333300","name":"Kilmaluag"},{"id":"834841","latitude":"57.68333300","longitude":"-6.28333300","name":"Kilmaluaig"},{"id":"834843","latitude":"57.18333300","longitude":"-6.01666700","name":"Kilmarie"},{"id":"834859","latitude":"57.46666700","longitude":"-4.53333300","name":"Kilmorack"},{"id":"834863","latitude":"57.10000000","longitude":"-5.88333300","name":"Kilmore"},{"id":"834866","latitude":"56.75000000","longitude":"-6.03333300","name":"Kilmory"},{"id":"834867","latitude":"58.08333300","longitude":"-3.73333300","name":"Kilmote"},{"id":"834868","latitude":"57.43333300","longitude":"-6.55000000","name":"Kilmuir"},{"id":"834876","latitude":"58.13333300","longitude":"-3.81666700","name":"Kilournan"},{"id":"834893","latitude":"57.65000000","longitude":"-6.40000000","name":"Kilvaxter"},{"id":"834911","latitude":"58.25000000","longitude":"-3.93333300","name":"Kinbrace"},{"id":"834914","latitude":"57.86666700","longitude":"-4.35000000","name":"Kincardine"},{"id":"834917","latitude":"57.13333300","longitude":"-3.91666700","name":"Kincraig"},{"id":"834935","latitude":"57.51666700","longitude":"-6.35000000","name":"Kingsburgh"},{"id":"835007","latitude":"57.08333300","longitude":"-4.05000000","name":"Kingussie"},{"id":"835009","latitude":"56.88333300","longitude":"-5.66666700","name":"Kinloch-Ailort"},{"id":"835010","latitude":"58.46666700","longitude":"-5.05000000","name":"Kinlochbervie"},{"id":"835011","latitude":"56.85000000","longitude":"-5.33333300","name":"Kinlocheil"},{"id":"835012","latitude":"57.60000000","longitude":"-5.33333300","name":"Kinlochewe"},{"id":"835013","latitude":"57.10000000","longitude":"-5.36666700","name":"Kinloch Hourn"},{"id":"835014","latitude":"57.20000000","longitude":"-5.81666700","name":"Kinloch"},{"id":"835016","latitude":"56.70000000","longitude":"-4.96666700","name":"Kinlochleven"},{"id":"835017","latitude":"56.78333300","longitude":"-5.71666700","name":"Kinlochmoidart"},{"id":"835018","latitude":"56.71666700","longitude":"-4.95000000","name":"Kinlochmore"},{"id":"835019","latitude":"57.10000000","longitude":"-5.36666700","name":"Kinlochourn"},{"id":"835020","latitude":"57.10000000","longitude":"-5.36666700","name":"Kinlochowen"},{"id":"835022","latitude":"56.61666700","longitude":"-5.83333300","name":"Kinlochteacuis"},{"id":"835036","latitude":"57.13333300","longitude":"-3.88333300","name":"Kinrara"},{"id":"835039","latitude":"57.21666700","longitude":"-5.45000000","name":"Kintail"},{"id":"835045","latitude":"58.03333300","longitude":"-3.81666700","name":"Kintradwell"},{"id":"835118","latitude":"57.46666700","longitude":"-4.43333300","name":"Kirkhill"},{"id":"835159","latitude":"57.26666700","longitude":"-5.58333300","name":"Kirkton"},{"id":"835191","latitude":"58.53333300","longitude":"-4.15000000","name":"Kirtomy"},{"id":"835196","latitude":"57.40000000","longitude":"-5.58333300","name":"Kishorn"},{"id":"835200","latitude":"58.26666700","longitude":"-4.41666700","name":"Klibreck"},{"id":"835201","latitude":"58.25000000","longitude":"-3.93333300","name":"Kmbrace"},{"id":"835223","latitude":"58.03333300","longitude":"-5.01666700","name":"Knockan"},{"id":"835227","latitude":"57.53333300","longitude":"-4.26666700","name":"Knockbain"},{"id":"835229","latitude":"57.30000000","longitude":"-4.81666700","name":"Knockfin"},{"id":"835257","latitude":"57.26666700","longitude":"-5.73333300","name":"Kyleakin"},{"id":"835258","latitude":"57.26666700","longitude":"-5.71666700","name":"Kyle of Lochalsh"},{"id":"835259","latitude":"57.26666700","longitude":"-5.71666700","name":"Kyle of Lochash"},{"id":"835260","latitude":"57.23333300","longitude":"-5.68333300","name":"Kylerhea"},{"id":"835261","latitude":"57.98333300","longitude":"-5.60000000","name":"Kylesmorar"},{"id":"835262","latitude":"58.26666700","longitude":"-5.03333300","name":"Kylestrome"},{"id":"835281","latitude":"57.03333300","longitude":"-4.26666700","name":"Laggan"},{"id":"835286","latitude":"57.86666700","longitude":"-5.53333300","name":"Laide"},{"id":"835287","latitude":"57.86666700","longitude":"-5.53333300","name":"Laid"},{"id":"835290","latitude":"58.03333300","longitude":"-4.40000000","name":"Lairg"},{"id":"835372","latitude":"57.96666700","longitude":"-4.68333300","name":"Langwell"},{"id":"835399","latitude":"56.66666700","longitude":"-5.13333300","name":"Laroch"},{"id":"835412","latitude":"58.28333300","longitude":"-3.38333300","name":"Latheron"},{"id":"835488","latitude":"57.86666700","longitude":"-5.08333300","name":"Leckmelm"},{"id":"835489","latitude":"57.86666700","longitude":"-5.08333300","name":"Leckmeln"},{"id":"835493","latitude":"58.08333300","longitude":"-4.98333300","name":"Ledbeg"},{"id":"835495","latitude":"58.06666700","longitude":"-4.96666700","name":"Ledmore"},{"id":"835577","latitude":"57.68333300","longitude":"-5.43333300","name":"Letterewe"},{"id":"835578","latitude":"57.26666700","longitude":"-5.51666700","name":"Letterfearn"},{"id":"835579","latitude":"56.98333300","longitude":"-4.86666700","name":"Letterfinlay"},{"id":"835597","latitude":"57.31666700","longitude":"-4.50000000","name":"Lewiston"},{"id":"835618","latitude":"56.66666700","longitude":"-5.63333300","name":"Liddesdale"},{"id":"835741","latitude":"52.08333300","longitude":"-2.05000000","name":"Little Comberton"},{"id":"835745","latitude":"57.86666700","longitude":"-4.28333300","name":"Little Creich"},{"id":"835756","latitude":"57.93333300","longitude":"-4.01666700","name":"Littleferry"},{"id":"835761","latitude":"57.85000000","longitude":"-5.46666700","name":"Little Gruinard"},{"id":"836276","latitude":"56.88333300","longitude":"-5.66666700","name":"Lochailort"},{"id":"836277","latitude":"56.53333300","longitude":"-5.78333300","name":"Lochaline"},{"id":"836278","latitude":"57.26666700","longitude":"-5.58333300","name":"Lochalsh"},{"id":"836282","latitude":"57.40000000","longitude":"-5.50000000","name":"Lochcarron"},{"id":"836288","latitude":"57.40000000","longitude":"-4.36666700","name":"Lochend"},{"id":"836295","latitude":"58.13333300","longitude":"-5.25000000","name":"Lochinver"},{"id":"836302","latitude":"56.78333300","longitude":"-4.73333300","name":"Lochtreighead"},{"id":"836329","latitude":"57.51666700","longitude":"-5.88333300","name":"Lonbain"},{"id":"836330","latitude":"57.51666700","longitude":"-5.88333300","name":"Lonban"},{"id":"836337","latitude":"58.33333300","longitude":"-4.88333300","name":"Lone"},{"id":"836429","latitude":"56.66666700","longitude":"-5.13333300","name":"Lorach"},{"id":"836431","latitude":"57.38333300","longitude":"-6.70000000","name":"Lorgill"},{"id":"836436","latitude":"58.06666700","longitude":"-3.78333300","name":"Lothbeg"},{"id":"836474","latitude":"57.36666700","longitude":"-3.60000000","name":"Lower Derraid"},{"id":"836475","latitude":"57.56666700","longitude":"-5.66666700","name":"Lower Diabaig"},{"id":"836476","latitude":"58.58333300","longitude":"-3.75000000","name":"Lower Dounreay"},{"id":"836479","latitude":"57.88333300","longitude":"-4.36666700","name":"Lower Gledfield"},{"id":"836530","latitude":"57.96666700","longitude":"-4.78333300","name":"Lubcroy"},{"id":"836579","latitude":"57.26666700","longitude":"-5.81666700","name":"Lusa"},{"id":"836583","latitude":"57.51666700","longitude":"-6.53333300","name":"Lusta"},{"id":"836594","latitude":"58.30000000","longitude":"-3.30000000","name":"Lybster"},{"id":"836613","latitude":"50.81666700","longitude":"-0.55000000","name":"Lyminster"},{"id":"836696","latitude":"57.35000000","longitude":"-3.48333300","name":"Mains of Dalvey"},{"id":"836706","latitude":"57.00000000","longitude":"-5.83333300","name":"Mallaig Beg"},{"id":"836707","latitude":"57.00000000","longitude":"-5.83333300","name":"Mallaig"},{"id":"836930","latitude":"57.01666700","longitude":"-4.53333300","name":"Meallgarve"},{"id":"836963","latitude":"57.01666700","longitude":"-4.53333300","name":"Melgarve"},{"id":"836969","latitude":"57.85000000","longitude":"-5.61666700","name":"Mellon Charles"},{"id":"836976","latitude":"58.51666700","longitude":"-4.43333300","name":"Melness"},{"id":"836986","latitude":"57.80000000","longitude":"-5.81666700","name":"Melvaig"},{"id":"836988","latitude":"58.55000000","longitude":"-3.91666700","name":"Melvich"},{"id":"837048","latitude":"58.63333300","longitude":"-3.23333300","name":"Mey"},{"id":"837068","latitude":"58.33333300","longitude":"-3.20000000","name":"Mid Clyth"},{"id":"837121","latitude":"57.80000000","longitude":"-5.68333300","name":"Midtown Brae"},{"id":"837147","latitude":"58.58333300","longitude":"-4.03333300","name":"Millburn"},{"id":"837162","latitude":"57.35000000","longitude":"-4.50000000","name":"Millton"},{"id":"837171","latitude":"57.88333300","longitude":"-4.08333300","name":"Milltown of Evelix"},{"id":"837177","latitude":"57.45000000","longitude":"-6.73333300","name":"Milovaig"},{"id":"837192","latitude":"57.35000000","longitude":"-4.50000000","name":"Milton"},{"id":"837259","latitude":"56.88333300","longitude":"-4.80000000","name":"Monessie"},{"id":"837283","latitude":"57.63333300","longitude":"-6.38333300","name":"Monkstadt"},{"id":"837372","latitude":"57.21666700","longitude":"-5.38333300","name":"Morvich"},{"id":"837436","latitude":"56.90000000","longitude":"-4.60000000","name":"Moy"},{"id":"837451","latitude":"57.38333300","longitude":"-6.26666700","name":"Mugeary"},{"id":"837459","latitude":"57.51666700","longitude":"-4.45000000","name":"Muir of Ord"},{"id":"837476","latitude":"57.53333300","longitude":"-4.25000000","name":"Munlochy"},{"id":"837492","latitude":"58.45000000","longitude":"-3.41666700","name":"Mybster"},{"id":"837508","latitude":"57.78333300","longitude":"-5.65000000","name":"Naast"},{"id":"837514","latitude":"57.58333300","longitude":"-3.86666700","name":"Nairn"},{"id":"837541","latitude":"57.78333300","longitude":"-5.65000000","name":"Naust"},{"id":"837545","latitude":"58.13333300","longitude":"-3.63333300","name":"Navidale"},{"id":"837554","latitude":"58.23333300","longitude":"-5.20000000","name":"Nedd"},{"id":"837701","latitude":"57.43333300","longitude":"-5.45000000","name":"New Kelso"},{"id":"837765","latitude":"57.06666700","longitude":"-4.13333300","name":"Newtonmore"},{"id":"837818","latitude":"57.71666700","longitude":"-4.00000000","name":"Nigg"},{"id":"837851","latitude":"56.70000000","longitude":"-5.18333300","name":"North Ballachulish"},{"id":"837891","latitude":"57.76666700","longitude":"-5.78333300","name":"North Erradale"},{"id":"837910","latitude":"57.50000000","longitude":"-4.25000000","name":"North Kessock"},{"id":"838056","latitude":"57.90000000","longitude":"-5.56666700","name":"Obbenin"},{"id":"838059","latitude":"57.90000000","longitude":"-5.56666700","name":"Obinan"},{"id":"838061","latitude":"58.30000000","longitude":"-3.25000000","name":"Occumster"},{"id":"838063","latitude":"57.98333300","longitude":"-4.60000000","name":"Ochtow"},{"id":"838066","latitude":"56.75000000","longitude":"-6.00000000","name":"Ockle"},{"id":"838091","latitude":"58.25000000","longitude":"-5.25000000","name":"Oldany"},{"id":"838130","latitude":"58.48333300","longitude":"-5.08333300","name":"Oldshore Beg"},{"id":"838131","latitude":"58.46666700","longitude":"-5.06666700","name":"Oldshoremore"},{"id":"838132","latitude":"58.46666700","longitude":"-5.06666700","name":"Oldshore More"},{"id":"838133","latitude":"58.48333300","longitude":"-5.08333300","name":"Oldshore"},{"id":"838142","latitude":"57.35000000","longitude":"-6.13333300","name":"Ollach"},{"id":"838154","latitude":"56.70000000","longitude":"-5.21666700","name":"Onich"},{"id":"838160","latitude":"57.40000000","longitude":"-6.56666700","name":"Orbost"},{"id":"838166","latitude":"57.13333300","longitude":"-5.95000000","name":"Ord"},{"id":"838222","latitude":"56.70000000","longitude":"-5.21666700","name":"Ounich"},{"id":"838237","latitude":"58.16666700","longitude":"-4.68333300","name":"Overscaig"},{"id":"838278","latitude":"57.96666700","longitude":"-4.71666700","name":"Oykell Bridge"},{"id":"838391","latitude":"56.86666700","longitude":"-5.76666700","name":"Peanmeanach"},{"id":"838392","latitude":"56.86666700","longitude":"-5.76666700","name":"Peanmeannach"},{"id":"838640","latitude":"57.33333300","longitude":"-5.65000000","name":"Plockton"},{"id":"838668","latitude":"58.03333300","longitude":"-5.38333300","name":"Polbain"},{"id":"838672","latitude":"58.00000000","longitude":"-5.31666700","name":"Polglass"},{"id":"838673","latitude":"50.83333300","longitude":"-0.51666700","name":"Poling"},{"id":"838743","latitude":"57.75000000","longitude":"-5.61666700","name":"Poolewe"},{"id":"838758","latitude":"58.50000000","longitude":"-4.70000000","name":"Portaneon"},{"id":"838759","latitude":"56.55000000","longitude":"-5.40000000","name":"Port Appin"},{"id":"838786","latitude":"58.10000000","longitude":"-3.68333300","name":"Portgower"},{"id":"838791","latitude":"57.70000000","longitude":"-5.78333300","name":"Port Henderson"},{"id":"838816","latitude":"57.83333300","longitude":"-3.80000000","name":"Portmahomack"},{"id":"838819","latitude":"56.56666700","longitude":"-5.36666700","name":"Portnacroish"},{"id":"838822","latitude":"57.33333300","longitude":"-6.40000000","name":"Port na Long"},{"id":"838823","latitude":"58.50000000","longitude":"-4.70000000","name":"Portnancon"},{"id":"838824","latitude":"57.33333300","longitude":"-6.40000000","name":"Port nan Long"},{"id":"838832","latitude":"57.40000000","longitude":"-6.20000000","name":"Portree"},{"id":"838834","latitude":"58.56666700","longitude":"-3.93333300","name":"Portskerra"},{"id":"838835","latitude":"58.56666700","longitude":"-3.93333300","name":"Portskerry"},{"id":"838936","latitude":"57.90000000","longitude":"-4.06666700","name":"Proncy"},{"id":"838958","latitude":"57.85000000","longitude":"-4.13333300","name":"Pulrossie"},{"id":"839053","latitude":"56.63333300","longitude":"-5.85000000","name":"Rahoy"},{"id":"839063","latitude":"57.40000000","longitude":"-6.73333300","name":"Ramasaig"},{"id":"839087","latitude":"57.73333300","longitude":"-3.95000000","name":"Rarichie"},{"id":"839137","latitude":"58.55000000","longitude":"-3.80000000","name":"Reay"},{"id":"839145","latitude":"57.51666700","longitude":"-4.53333300","name":"Redcastle"},{"id":"839177","latitude":"58.06666700","longitude":"-5.43333300","name":"Reiff"},{"id":"839180","latitude":"56.71666700","longitude":"-5.71666700","name":"Reisipol"},{"id":"839192","latitude":"57.36666700","longitude":"-5.60000000","name":"Reraig"},{"id":"839193","latitude":"56.71666700","longitude":"-5.71666700","name":"Resipol"},{"id":"839194","latitude":"57.65000000","longitude":"-4.25000000","name":"Resolis"},{"id":"839205","latitude":"58.41666700","longitude":"-4.16666700","name":"Rhefail"},{"id":"839207","latitude":"58.11666700","longitude":"-4.43333300","name":"Rhian"},{"id":"839208","latitude":"58.41666700","longitude":"-4.98333300","name":"Rhiconich"},{"id":"839209","latitude":"58.41666700","longitude":"-4.16666700","name":"Rhifail"},{"id":"839211","latitude":"58.03333300","longitude":"-4.11666700","name":"Rhilochan"},{"id":"839249","latitude":"58.45000000","longitude":"-4.43333300","name":"Ribigill"},{"id":"839309","latitude":"58.53333300","longitude":"-4.65000000","name":"Rispond"},{"id":"839318","latitude":"57.38333300","longitude":"-6.55000000","name":"Roag"},{"id":"839342","latitude":"57.81666700","longitude":"-3.81666700","name":"Rockfield"},{"id":"839363","latitude":"58.00000000","longitude":"-4.13333300","name":"Rogart"},{"id":"839402","latitude":"57.96666700","longitude":"-4.56666700","name":"Rosehall"},{"id":"839405","latitude":"57.60000000","longitude":"-4.11666700","name":"Rosemarkie"},{"id":"839411","latitude":"56.85000000","longitude":"-5.76666700","name":"Roshven"},{"id":"839421","latitude":"57.68333300","longitude":"-4.20000000","name":"Rosskeen"},{"id":"839440","latitude":"57.13333300","longitude":"-3.85000000","name":"Rothiemurchus"},{"id":"839483","latitude":"56.88333300","longitude":"-4.85000000","name":"Roybridge"},{"id":"839519","latitude":"57.73333300","longitude":"-3.95000000","name":"Rureichie"},{"id":"839540","latitude":"57.06666700","longitude":"-4.03333300","name":"Ruthven"},{"id":"839746","latitude":"58.03333300","longitude":"-4.45000000","name":"Salachadh"},{"id":"839747","latitude":"56.71666700","longitude":"-5.30000000","name":"Salachan"},{"id":"839748","latitude":"58.03333300","longitude":"-4.45000000","name":"Salachy"},{"id":"839755","latitude":"56.71666700","longitude":"-5.78333300","name":"Salen"},{"id":"839764","latitude":"56.71666700","longitude":"-5.30000000","name":"Sallachan"},{"id":"839765","latitude":"57.31666700","longitude":"-5.48333300","name":"Sallachy"},{"id":"839827","latitude":"57.73333300","longitude":"-5.76666700","name":"Sand"},{"id":"839831","latitude":"57.73333300","longitude":"-5.76666700","name":"Sands"},{"id":"839837","latitude":"58.51666700","longitude":"-5.06666700","name":"Sandwood"},{"id":"839840","latitude":"58.55000000","longitude":"-4.70000000","name":"Sangobeg"},{"id":"839848","latitude":"58.38333300","longitude":"-3.15000000","name":"Sarclet"},{"id":"839898","latitude":"56.80000000","longitude":"-5.53333300","name":"Scamadale"},{"id":"839900","latitude":"56.80000000","longitude":"-5.53333300","name":"Scamodale"},{"id":"839908","latitude":"57.51666700","longitude":"-4.98333300","name":"Scardroy"},{"id":"839909","latitude":"58.65000000","longitude":"-3.26666700","name":"Scarfskerry"},{"id":"839930","latitude":"57.30000000","longitude":"-6.15000000","name":"Sconser"},{"id":"839932","latitude":"57.91666700","longitude":"-5.36666700","name":"Scoraig"},{"id":"839944","latitude":"56.71666700","longitude":"-5.56666700","name":"Scotstown"},{"id":"839949","latitude":"58.35000000","longitude":"-5.16666700","name":"Scourie"},{"id":"839950","latitude":"58.61666700","longitude":"-3.53333300","name":"Scrabster"},{"id":"839959","latitude":"58.51666700","longitude":"-4.36666700","name":"Scullomie"},{"id":"840058","latitude":"58.51666700","longitude":"-4.36666700","name":"Sgulomie"},{"id":"840074","latitude":"57.73333300","longitude":"-3.91666700","name":"Shandwick"},{"id":"840110","latitude":"58.50000000","longitude":"-5.11666700","name":"Sheigra"},{"id":"840171","latitude":"56.75000000","longitude":"-5.80000000","name":"Shiel Bridge"},{"id":"840172","latitude":"57.51666700","longitude":"-5.65000000","name":"Shieldaig"},{"id":"840189","latitude":"58.08333300","longitude":"-4.46666700","name":"Shinness"},{"id":"840212","latitude":"57.03333300","longitude":"-4.40000000","name":"Shirramore"},{"id":"840317","latitude":"57.75000000","longitude":"-4.26666700","name":"Sittenham"},{"id":"840324","latitude":"58.58333300","longitude":"-3.68333300","name":"Skaill"},{"id":"840325","latitude":"58.38333300","longitude":"-4.20000000","name":"Skail"},{"id":"840328","latitude":"57.45000000","longitude":"-6.31666700","name":"Skeabost"},{"id":"840337","latitude":"57.93333300","longitude":"-4.05000000","name":"Skelbo"},{"id":"840362","latitude":"57.43333300","longitude":"-6.61666700","name":"Skinidin"},{"id":"840373","latitude":"57.60000000","longitude":"-6.40000000","name":"Skudiburgh"},{"id":"840374","latitude":"57.60000000","longitude":"-6.40000000","name":"Skudiburg"},{"id":"840375","latitude":"58.51666700","longitude":"-4.36666700","name":"Skullomie"},{"id":"840376","latitude":"57.30000000","longitude":"-3.66666700","name":"Skye of Curr"},{"id":"840378","latitude":"57.88333300","longitude":"-5.63333300","name":"Slaggan"},{"id":"840394","latitude":"57.03333300","longitude":"-5.95000000","name":"Sleat"},{"id":"840398","latitude":"58.58333300","longitude":"-3.20000000","name":"Slickly"},{"id":"840481","latitude":"57.00000000","longitude":"-5.50000000","name":"Sourlies"},{"id":"840530","latitude":"57.68333300","longitude":"-5.76666700","name":"South Erradale"},{"id":"840547","latitude":"57.48333300","longitude":"-4.25000000","name":"South Kessock"},{"id":"840632","latitude":"56.88333300","longitude":"-4.90000000","name":"Spean Bridge"},{"id":"840646","latitude":"57.86666700","longitude":"-4.23333300","name":"Spinningdale"},{"id":"840694","latitude":"57.61666700","longitude":"-6.20000000","name":"Staffin"},{"id":"840822","latitude":"58.46666700","longitude":"-3.06666700","name":"Staxigoe"},{"id":"840843","latitude":"57.51666700","longitude":"-6.56666700","name":"Stein"},{"id":"840845","latitude":"57.63333300","longitude":"-6.23333300","name":"Stencholl"},{"id":"840847","latitude":"57.63333300","longitude":"-6.23333300","name":"Stenscholl"},{"id":"840884","latitude":"57.75000000","longitude":"-4.26666700","name":"Stittenham"},{"id":"840915","latitude":"58.20000000","longitude":"-5.33333300","name":"Stoer"},{"id":"841005","latitude":"56.98333300","longitude":"-5.68333300","name":"Stoule"},{"id":"841006","latitude":"56.98333300","longitude":"-5.68333300","name":"Stoul"},{"id":"841058","latitude":"57.43333300","longitude":"-5.41666700","name":"Strathcarron"},{"id":"841060","latitude":"57.71666700","longitude":"-5.71666700","name":"Strath Gairloch"},{"id":"841063","latitude":"57.58333300","longitude":"-4.55000000","name":"Strathpeffer"},{"id":"841064","latitude":"57.71666700","longitude":"-5.71666700","name":"Strath"},{"id":"841066","latitude":"58.55000000","longitude":"-3.98333300","name":"Strathy"},{"id":"841099","latitude":"57.26666700","longitude":"-5.96666700","name":"Strollamus"},{"id":"841100","latitude":"57.33333300","longitude":"-5.56666700","name":"Stromeferry"},{"id":"841107","latitude":"56.68333300","longitude":"-5.56666700","name":"Strontian"},{"id":"841110","latitude":"57.38333300","longitude":"-6.40000000","name":"Struan"},{"id":"841114","latitude":"57.40000000","longitude":"-4.65000000","name":"Struy"},{"id":"841255","latitude":"58.30000000","longitude":"-3.31666700","name":"Swiney"},{"id":"841280","latitude":"58.36666700","longitude":"-4.23333300","name":"Syre"},{"id":"841293","latitude":"57.80000000","longitude":"-4.06666700","name":"Tain"},{"id":"841301","latitude":"57.28333300","longitude":"-6.45000000","name":"Talisker"},{"id":"841306","latitude":"58.51666700","longitude":"-4.43333300","name":"Talmine"},{"id":"841307","latitude":"58.51666700","longitude":"-4.43333300","name":"Talmin"},{"id":"841339","latitude":"57.05000000","longitude":"-6.58333300","name":"Tarbert"},{"id":"841342","latitude":"56.96666700","longitude":"-5.63333300","name":"Tarbet"},{"id":"841359","latitude":"57.11666700","longitude":"-5.96666700","name":"Tarskavaig"},{"id":"841385","latitude":"57.11666700","longitude":"-5.83333300","name":"Teanga"},{"id":"841386","latitude":"57.11666700","longitude":"-5.83333300","name":"Teangue"},{"id":"841587","latitude":"58.38333300","longitude":"-3.13333300","name":"Thrumster"},{"id":"841615","latitude":"58.60000000","longitude":"-3.50000000","name":"Thurso"},{"id":"841724","latitude":"57.13333300","longitude":"-5.96666700","name":"Tokavaig"},{"id":"841725","latitude":"57.45000000","longitude":"-6.30000000","name":"Tole"},{"id":"841742","latitude":"57.33333300","longitude":"-3.98333300","name":"Tomatin"},{"id":"841743","latitude":"57.16666700","longitude":"-4.86666700","name":"Tomcrasky"},{"id":"841744","latitude":"57.06666700","longitude":"-5.05000000","name":"Tomdoun"},{"id":"841745","latitude":"57.30000000","longitude":"-4.80000000","name":"Tomich"},{"id":"841758","latitude":"58.46666700","longitude":"-4.41666700","name":"Tongue"},{"id":"841768","latitude":"57.96666700","longitude":"-4.10000000","name":"Torboll"},{"id":"841769","latitude":"56.86666700","longitude":"-5.06666700","name":"Torcastle"},{"id":"841770","latitude":"57.36666700","longitude":"-4.20000000","name":"Tordarroch"},{"id":"841771","latitude":"57.53333300","longitude":"-4.31666700","name":"Tore"},{"id":"841772","latitude":"56.91666700","longitude":"-4.56666700","name":"T\u00f2rgulbin"},{"id":"841775","latitude":"57.05000000","longitude":"-5.93333300","name":"Tormore"},{"id":"841777","latitude":"57.31666700","longitude":"-4.38333300","name":"Torness"},{"id":"841783","latitude":"57.20000000","longitude":"-6.03333300","name":"Torran"},{"id":"841788","latitude":"57.20000000","longitude":"-6.03333300","name":"Torrin"},{"id":"841790","latitude":"58.00000000","longitude":"-4.41666700","name":"Torroboll"},{"id":"841801","latitude":"57.38333300","longitude":"-5.80000000","name":"Toscaig"},{"id":"841803","latitude":"57.26666700","longitude":"-5.53333300","name":"Totag"},{"id":"841804","latitude":"57.26666700","longitude":"-5.53333300","name":"Totaig"},{"id":"841839","latitude":"58.45000000","longitude":"-3.88333300","name":"Trantlebeg"},{"id":"841927","latitude":"57.55000000","longitude":"-6.61666700","name":"Troumpan"},{"id":"841937","latitude":"57.55000000","longitude":"-6.61666700","name":"Trumpan"},{"id":"841954","latitude":"57.78333300","longitude":"-5.56666700","name":"Tuirnaig"},{"id":"842043","latitude":"57.35000000","longitude":"-5.78333300","name":"Uags"},{"id":"842059","latitude":"57.46666700","longitude":"-6.68333300","name":"Uig"},{"id":"842062","latitude":"58.35000000","longitude":"-3.15000000","name":"Ulbster"},{"id":"842068","latitude":"57.90000000","longitude":"-5.16666700","name":"Ullapool"},{"id":"842083","latitude":"58.23333300","longitude":"-5.00000000","name":"Unapool"},{"id":"842086","latitude":"57.60000000","longitude":"-6.63333300","name":"Unish"},{"id":"842112","latitude":"58.35000000","longitude":"-3.25000000","name":"Upper Camster"},{"id":"842118","latitude":"57.38333300","longitude":"-3.61666700","name":"Upper Derraid"},{"id":"842119","latitude":"57.56666700","longitude":"-5.65000000","name":"Upper Diabaig"},{"id":"842120","latitude":"58.56666700","longitude":"-3.71666700","name":"Upper Dounreay"},{"id":"842121","latitude":"57.63333300","longitude":"-4.05000000","name":"Upper Eathie"},{"id":"842123","latitude":"57.63333300","longitude":"-4.05000000","name":"Upper Ethie"},{"id":"842180","latitude":"57.51666700","longitude":"-3.86666700","name":"Urchany"},{"id":"842184","latitude":"57.53333300","longitude":"-4.48333300","name":"Urray"},{"id":"842459","latitude":"58.46666700","longitude":"-3.30000000","name":"Watten"},{"id":"842608","latitude":"58.63333300","longitude":"-3.13333300","name":"West Canisbay"},{"id":"842629","latitude":"57.30000000","longitude":"-4.25000000","name":"West Croachy"},{"id":"842643","latitude":"58.03333300","longitude":"-3.88333300","name":"Wester Clynekirkton"},{"id":"842645","latitude":"58.45000000","longitude":"-3.50000000","name":"Westerdale"},{"id":"842646","latitude":"57.85000000","longitude":"-4.30000000","name":"Wester Fearn"},{"id":"842650","latitude":"57.18333300","longitude":"-4.80000000","name":"Wester Inverwick"},{"id":"842654","latitude":"57.73333300","longitude":"-3.96666700","name":"Wester Rarichie"},{"id":"842655","latitude":"57.53333300","longitude":"-4.48333300","name":"Wester Urray"},{"id":"842707","latitude":"58.05000000","longitude":"-4.20000000","name":"West Langwell"},{"id":"842708","latitude":"56.66666700","longitude":"-5.15000000","name":"West Laroch"},{"id":"842841","latitude":"58.35000000","longitude":"-3.16666700","name":"Whale Goe"},{"id":"842843","latitude":"58.35000000","longitude":"-3.16666700","name":"Whaligoe"},{"id":"843001","latitude":"58.43333300","longitude":"-3.08333300","name":"Wick"},{"id":"843312","latitude":"57.35000000","longitude":"-4.20000000","name":"Woodside"}]