[{"id":"826748","latitude":"51.98305600","longitude":"-4.06027800","name":"Abergorlech"},{"id":"826749","latitude":"51.98305600","longitude":"-4.06027800","name":"Abergorloch"},{"id":"826752","latitude":"51.86472200","longitude":"-4.27166700","name":"Abergwili"},{"id":"826765","latitude":"51.88138900","longitude":"-4.41555600","name":"Abernant"},{"id":"826769","latitude":"52.13333300","longitude":"-4.55000000","name":"Aberporth"},{"id":"826995","latitude":"51.96194400","longitude":"-4.26333300","name":"Alltwalis"},{"id":"827076","latitude":"51.79194400","longitude":"-3.98916700","name":"Ammanford"},{"id":"827702","latitude":"51.78666700","longitude":"-4.19305600","name":"Bancffosfelen"},{"id":"827705","latitude":"51.83750000","longitude":"-4.43250000","name":"Banc-y-felin"},{"id":"827706","latitude":"51.83750000","longitude":"-4.43250000","name":"Bancyfelin"},{"id":"828128","latitude":"51.78333300","longitude":"-3.98333300","name":"Bettws"},{"id":"828132","latitude":"52.08333300","longitude":"-4.48333300","name":"Bettws-Evan"},{"id":"828133","latitude":"52.08333300","longitude":"-4.48333300","name":"Bettws Ffan"},{"id":"828362","latitude":"52.10000000","longitude":"-4.53333300","name":"Blaenporth"},{"id":"828363","latitude":"51.91444400","longitude":"-4.56666700","name":"Blaenwaun"},{"id":"828778","latitude":"51.95194400","longitude":"-4.14750000","name":"Brechfa"},{"id":"828923","latitude":"51.76472200","longitude":"-4.47277800","name":"Broadway"},{"id":"828970","latitude":"51.73333300","longitude":"-4.18333300","name":"Brondini"},{"id":"828971","latitude":"52.05000000","longitude":"-4.50000000","name":"Brongwyn"},{"id":"828974","latitude":"51.88888900","longitude":"-4.30444400","name":"Bronwydd Arms"},{"id":"828978","latitude":"51.75611100","longitude":"-4.51361100","name":"Brook"},{"id":"829045","latitude":"51.80000000","longitude":"-3.86666700","name":"Brynamman"},{"id":"829195","latitude":"51.68833300","longitude":"-4.24444400","name":"Burry Port"},{"id":"829273","latitude":"51.89638900","longitude":"-4.37166700","name":"Bwlchnewydd"},{"id":"829280","latitude":"51.67138900","longitude":"-4.10111100","name":"Bynea"},{"id":"829300","latitude":"51.85916700","longitude":"-4.31166700","name":"Caerfyrddin"},{"id":"829305","latitude":"51.85916700","longitude":"-4.31166700","name":"Caermarthen"},{"id":"829312","latitude":"52.03333300","longitude":"-3.93333300","name":"Caio"},{"id":"829420","latitude":"51.92138900","longitude":"-4.05944400","name":"Cape Isaac"},{"id":"829426","latitude":"52.11666700","longitude":"-4.36666700","name":"Capel-Cynon"},{"id":"829427","latitude":"51.85861100","longitude":"-4.21166700","name":"Capel Dewi"},{"id":"829431","latitude":"51.87944400","longitude":"-4.23111100","name":"Capel Gwyn"},{"id":"829432","latitude":"51.78277800","longitude":"-4.04194400","name":"Capel Hendre"},{"id":"829433","latitude":"51.99944400","longitude":"-4.49361100","name":"Capel-Ifan"},{"id":"829434","latitude":"51.92138900","longitude":"-4.05944400","name":"Capel Isaac"},{"id":"829435","latitude":"51.99944400","longitude":"-4.49361100","name":"Capel Iwan"},{"id":"829436","latitude":"51.71666700","longitude":"-4.26666700","name":"Capel Llandurry"},{"id":"829499","latitude":"51.85916700","longitude":"-4.31166700","name":"Carmarthen"},{"id":"829501","latitude":"51.82861100","longitude":"-4.05111100","name":"Carmel"},{"id":"829565","latitude":"51.73583300","longitude":"-4.22416700","name":"Carway"},{"id":"829573","latitude":"52.03333300","longitude":"-4.46666700","name":"Castell Newydd Emlyn"},{"id":"829671","latitude":"51.80277800","longitude":"-4.09777800","name":"Cefneithin"},{"id":"829673","latitude":"51.89666700","longitude":"-4.63250000","name":"Cefn-y-pant"},{"id":"829682","latitude":"52.03333300","longitude":"-4.53333300","name":"Cenarth"},{"id":"830001","latitude":"52.03333300","longitude":"-3.83333300","name":"Cilycwm"},{"id":"830154","latitude":"51.84055600","longitude":"-4.73166700","name":"Clunderwen"},{"id":"830168","latitude":"51.84055600","longitude":"-4.73166700","name":"Clynderwen"},{"id":"830381","latitude":"52.03333300","longitude":"-3.93333300","name":"Conwil Caio"},{"id":"830382","latitude":"52.03333300","longitude":"-3.93333300","name":"Conwil Cayo"},{"id":"830383","latitude":"51.92138900","longitude":"-4.36777800","name":"Conwil-Elvet"},{"id":"830384","latitude":"51.92138900","longitude":"-4.36777800","name":"Conwil-in-Elvet"},{"id":"830524","latitude":"51.88361100","longitude":"-4.09750000","name":"Court Henry"},{"id":"830702","latitude":"51.82222200","longitude":"-4.31194400","name":"Croesyceilog"},{"id":"830726","latitude":"51.75000000","longitude":"-4.61666700","name":"Cronware"},{"id":"830759","latitude":"51.79305600","longitude":"-4.08750000","name":"Cross Hands"},{"id":"830760","latitude":"51.87472200","longitude":"-4.62527800","name":"Crosshands"},{"id":"830815","latitude":"51.75000000","longitude":"-4.61666700","name":"Crunwear"},{"id":"830816","latitude":"51.79611100","longitude":"-4.21638900","name":"Crwbin"},{"id":"830915","latitude":"51.90416700","longitude":"-4.54138900","name":"Cwmbach"},{"id":"830921","latitude":"52.05000000","longitude":"-4.48333300","name":"Cwm-coy"},{"id":"830926","latitude":"51.95444400","longitude":"-4.36583300","name":"Cwmduad"},{"id":"830928","latitude":"51.83305600","longitude":"-4.61888900","name":"Cwm-felin-boeth"},{"id":"830929","latitude":"51.83305600","longitude":"-4.61888900","name":"Cwmfelin Boeth"},{"id":"830930","latitude":"51.89388900","longitude":"-4.57555600","name":"Cwmfelin Mynach"},{"id":"830931","latitude":"51.83222200","longitude":"-4.28916700","name":"Cwmffrwd"},{"id":"830932","latitude":"51.83222200","longitude":"-4.28916700","name":"Cwmffwrd"},{"id":"830933","latitude":"51.82027800","longitude":"-4.18916700","name":"Cwmisfael"},{"id":"830937","latitude":"52.00000000","longitude":"-4.40000000","name":"Cwmpencraig"},{"id":"830938","latitude":"52.00000000","longitude":"-4.40000000","name":"Cwm-pengraig"},{"id":"830941","latitude":"51.67138900","longitude":"-4.10111100","name":"Cwnfelin"},{"id":"830942","latitude":"52.10000000","longitude":"-4.21666700","name":"Cwrt-newydd"},{"id":"830943","latitude":"51.73638900","longitude":"-4.30333300","name":"Cydweli"},{"id":"830944","latitude":"51.78333300","longitude":"-4.60000000","name":"Cyffic"},{"id":"830948","latitude":"52.05000000","longitude":"-3.75000000","name":"Cynghordy"},{"id":"830949","latitude":"51.74361100","longitude":"-4.18750000","name":"Cynheidre"},{"id":"830951","latitude":"51.92138900","longitude":"-4.36777800","name":"Cynwyl Elfed"},{"id":"831141","latitude":"51.83333300","longitude":"-4.00000000","name":"Derwydd"},{"id":"831178","latitude":"51.94277800","longitude":"-4.51277800","name":"Dinas"},{"id":"831245","latitude":"51.98500000","longitude":"-4.28138900","name":"Dolgran"},{"id":"831337","latitude":"51.79638900","longitude":"-4.13416700","name":"Drefach"},{"id":"831399","latitude":"51.86361100","longitude":"-4.10083300","name":"Drysllwyn"},{"id":"831400","latitude":"51.86361100","longitude":"-4.10083300","name":"Dryslwyn"},{"id":"831840","latitude":"51.89500000","longitude":"-4.71166700","name":"Efailwen"},{"id":"831855","latitude":"51.76666700","longitude":"-4.56666700","name":"Eglwys-Cymmyn"},{"id":"832024","latitude":"51.93361100","longitude":"-4.36583300","name":"Esgair"},{"id":"832203","latitude":"51.87166700","longitude":"-4.10111100","name":"Felindre"},{"id":"832207","latitude":"51.70138900","longitude":"-4.14083300","name":"Felinfoel"},{"id":"832208","latitude":"51.90083300","longitude":"-4.16888900","name":"Felingwmuchaf"},{"id":"832258","latitude":"51.76666700","longitude":"-4.36666700","name":"Ferryside"},{"id":"832265","latitude":"51.86666700","longitude":"-3.98333300","name":"Ffair-f\u00e2ch"},{"id":"832268","latitude":"51.72527800","longitude":"-4.05777800","name":"Fforest"},{"id":"832270","latitude":"51.87027800","longitude":"-4.32250000","name":"Ffynnon-ddrain"},{"id":"832344","latitude":"51.72638900","longitude":"-4.18861100","name":"Five Roads"},{"id":"832647","latitude":"51.78333300","longitude":"-3.90000000","name":"Garnant"},{"id":"832721","latitude":"51.88388900","longitude":"-4.50722200","name":"Gelliwen"},{"id":"832722","latitude":"51.88388900","longitude":"-4.50722200","name":"Gellywen"},{"id":"832778","latitude":"51.80000000","longitude":"-3.93333300","name":"Glanamman"},{"id":"832780","latitude":"51.90666700","longitude":"-4.70027800","name":"Glandy Cross"},{"id":"832896","latitude":"51.85750000","longitude":"-4.04750000","name":"Golden Grove"},{"id":"832930","latitude":"51.80305600","longitude":"-4.07472200","name":"Gorslas"},{"id":"833231","latitude":"51.77083300","longitude":"-4.03805600","name":"Greynor"},{"id":"833322","latitude":"51.98305600","longitude":"-4.14027800","name":"Gwernogle"},{"id":"833328","latitude":"51.99722200","longitude":"-4.23750000","name":"Gwyddgrug"},{"id":"833388","latitude":"51.96666700","longitude":"-3.70000000","name":"Halfway"},{"id":"833651","latitude":"52.08333300","longitude":"-4.41666700","name":"Hawen"},{"id":"833737","latitude":"51.91638900","longitude":"-4.65111100","name":"Hebron"},{"id":"833801","latitude":"51.78277800","longitude":"-4.04194400","name":"Hendre"},{"id":"833802","latitude":"51.81888900","longitude":"-4.61527800","name":"Hendy Gwyn"},{"id":"833803","latitude":"51.71638900","longitude":"-4.05888900","name":"Hendy"},{"id":"833814","latitude":"51.84861100","longitude":"-4.64388900","name":"Henllan Amgoed"},{"id":"833838","latitude":"51.95000000","longitude":"-4.38333300","name":"Hermon"},{"id":"834040","latitude":"51.91666700","longitude":"-4.00000000","name":"Hoel-galed"},{"id":"834767","latitude":"51.73638900","longitude":"-4.30333300","name":"Kidwelly"},{"id":"835415","latitude":"51.77027800","longitude":"-4.46472200","name":"Laugharne"},{"id":"835871","latitude":"51.86083300","longitude":"-4.13277800","name":"Llanarthney"},{"id":"835886","latitude":"51.87888900","longitude":"-4.59277800","name":"Llanboidy"},{"id":"835897","latitude":"51.77194400","longitude":"-4.49222200","name":"Llandawke"},{"id":"835899","latitude":"51.82722200","longitude":"-4.17444400","name":"Llanddarog"},{"id":"835901","latitude":"51.90000000","longitude":"-3.78333300","name":"Llanddausaint"},{"id":"835906","latitude":"51.90000000","longitude":"-3.78333300","name":"Llanddeusant"},{"id":"835914","latitude":"51.80166700","longitude":"-4.53138900","name":"Llanddowror"},{"id":"835918","latitude":"51.81944400","longitude":"-4.00527800","name":"Llandebie"},{"id":"835921","latitude":"51.78083300","longitude":"-4.29833300","name":"Llandefaelog"},{"id":"835922","latitude":"51.78083300","longitude":"-4.29833300","name":"Llandefailog"},{"id":"835924","latitude":"51.78083300","longitude":"-4.29833300","name":"Llandefeilog"},{"id":"835932","latitude":"51.88277800","longitude":"-3.99638900","name":"Llandeilo"},{"id":"835937","latitude":"51.88277800","longitude":"-3.99638900","name":"Llandilo"},{"id":"835943","latitude":"51.98333300","longitude":"-3.78333300","name":"Llandovery"},{"id":"835945","latitude":"51.80166700","longitude":"-4.53138900","name":"Llandowror"},{"id":"835956","latitude":"51.81944400","longitude":"-4.00527800","name":"Llandybie"},{"id":"835960","latitude":"51.71666700","longitude":"-4.26666700","name":"Llandyry"},{"id":"835963","latitude":"52.03333300","longitude":"-4.30000000","name":"Llandyssil"},{"id":"835965","latitude":"52.03333300","longitude":"-4.30000000","name":"Llandyssul"},{"id":"835967","latitude":"51.74500000","longitude":"-4.04750000","name":"Llanedy"},{"id":"835969","latitude":"51.87083300","longitude":"-4.15361100","name":"Llanegwad"},{"id":"835974","latitude":"51.67611100","longitude":"-4.15666700","name":"Llanelli"},{"id":"835976","latitude":"51.67611100","longitude":"-4.15666700","name":"Llanelly"},{"id":"835993","latitude":"52.03333300","longitude":"-3.73333300","name":"Llanfair-ar-y-bryn"},{"id":"836004","latitude":"51.84083300","longitude":"-4.68694400","name":"Llanfallteg East"},{"id":"836005","latitude":"51.84083300","longitude":"-4.68694400","name":"Llanfallteg"},{"id":"836006","latitude":"51.83333300","longitude":"-4.70000000","name":"Llanfallteg West"},{"id":"836007","latitude":"51.84083300","longitude":"-4.68694400","name":"Llanfalteg"},{"id":"836016","latitude":"52.01666700","longitude":"-4.25000000","name":"Llanfihangel-ar-Arth"},{"id":"836029","latitude":"51.98333300","longitude":"-4.11666700","name":"Llanfihangel-Rhos-y-corn"},{"id":"836033","latitude":"51.88361100","longitude":"-4.19500000","name":"Llanfihangel-uwch-Gwili"},{"id":"836043","latitude":"51.92805600","longitude":"-4.09888900","name":"Llanfyndd"},{"id":"836044","latitude":"51.92805600","longitude":"-4.09888900","name":"Llanfynydd"},{"id":"836047","latitude":"51.95000000","longitude":"-3.86666700","name":"Llangadock"},{"id":"836050","latitude":"51.81833300","longitude":"-4.34750000","name":"Llangain"},{"id":"836056","latitude":"51.87972200","longitude":"-4.05611100","name":"Llangathen"},{"id":"836069","latitude":"51.80416700","longitude":"-4.24138900","name":"Llangendeirne"},{"id":"836070","latitude":"51.69500000","longitude":"-4.08416700","name":"Llangennech"},{"id":"836072","latitude":"51.69500000","longitude":"-4.08416700","name":"Llangennoch"},{"id":"836077","latitude":"51.84833300","longitude":"-4.54194400","name":"Llanginning"},{"id":"836079","latitude":"51.90805600","longitude":"-4.65111100","name":"Llanglydwen"},{"id":"836085","latitude":"52.15000000","longitude":"-4.48333300","name":"Llangranog"},{"id":"836086","latitude":"52.15000000","longitude":"-4.48333300","name":"Llangranwg"},{"id":"836089","latitude":"52.06666700","longitude":"-4.40000000","name":"Llangunllo"},{"id":"836091","latitude":"51.85555600","longitude":"-4.27555600","name":"Llangunnor"},{"id":"836106","latitude":"51.84833300","longitude":"-4.54194400","name":"Llangynin"},{"id":"836107","latitude":"52.06666700","longitude":"-4.40000000","name":"Llangynllo"},{"id":"836108","latitude":"51.82111100","longitude":"-4.40972200","name":"Llangynog"},{"id":"836124","latitude":"51.94222200","longitude":"-4.24000000","name":"Llanllawddog"},{"id":"836125","latitude":"51.94222200","longitude":"-4.24000000","name":"Llanllawdog"},{"id":"836132","latitude":"51.84416700","longitude":"-4.34555600","name":"Llanllwch"},{"id":"836138","latitude":"51.75000000","longitude":"-4.53250000","name":"Llanmiloe"},{"id":"836144","latitude":"51.75361100","longitude":"-4.11777800","name":"Llannon"},{"id":"836149","latitude":"51.93888900","longitude":"-4.30138900","name":"Llanpumpsaint"},{"id":"836150","latitude":"51.93888900","longitude":"-4.30138900","name":"Llanpumsaint"},{"id":"836166","latitude":"51.76361100","longitude":"-4.49277800","name":"Llansadurnen"},{"id":"836167","latitude":"51.76361100","longitude":"-4.49277800","name":"Llansadwrnen"},{"id":"836168","latitude":"51.95000000","longitude":"-3.90000000","name":"Llansadwrn"},{"id":"836172","latitude":"51.74611100","longitude":"-4.34388900","name":"Llansaint"},{"id":"836181","latitude":"52.00000000","longitude":"-4.01666700","name":"Llansawel"},{"id":"836188","latitude":"51.77222200","longitude":"-4.39138900","name":"Llansteffan"},{"id":"836189","latitude":"51.77222200","longitude":"-4.39138900","name":"Llanstephan"},{"id":"836221","latitude":"52.08333300","longitude":"-4.20000000","name":"Llanwenog"},{"id":"836223","latitude":"51.90861100","longitude":"-4.53055600","name":"Llanwinio"},{"id":"836229","latitude":"51.96666700","longitude":"-3.86666700","name":"Llanwrda"},{"id":"836237","latitude":"51.78555600","longitude":"-4.41222200","name":"Llanybre"},{"id":"836238","latitude":"51.78555600","longitude":"-4.41222200","name":"Llanybri"},{"id":"836239","latitude":"52.06666700","longitude":"-4.16666700","name":"Llanybyther"},{"id":"836264","latitude":"51.80500000","longitude":"-4.61472200","name":"Llwyn-y-brain"},{"id":"836272","latitude":"51.95000000","longitude":"-3.63333300","name":"Llywell"},{"id":"836273","latitude":"51.95000000","longitude":"-3.63333300","name":"Llywel"},{"id":"836327","latitude":"51.87972200","longitude":"-4.66527800","name":"Login"},{"id":"836669","latitude":"51.82972200","longitude":"-4.08222200","name":"Maesybont"},{"id":"836831","latitude":"51.75000000","longitude":"-4.60000000","name":"Marras"},{"id":"836834","latitude":"51.75000000","longitude":"-4.60000000","name":"Marros"},{"id":"836943","latitude":"51.85972200","longitude":"-4.48638900","name":"Meidrim"},{"id":"836952","latitude":"51.77305600","longitude":"-4.23166700","name":"Meinciau"},{"id":"837026","latitude":"51.86305600","longitude":"-4.39611100","name":"Merthyr"},{"id":"837348","latitude":"51.79638900","longitude":"-4.36583300","name":"Morfa Bach"},{"id":"837494","latitude":"51.95000000","longitude":"-3.78333300","name":"Myddfai"},{"id":"837496","latitude":"51.85972200","longitude":"-4.48638900","name":"Mydrim"},{"id":"837518","latitude":"51.86972200","longitude":"-4.18972200","name":"Nantgaredig"},{"id":"837525","latitude":"51.84222200","longitude":"-4.23722200","name":"Nantycaws"},{"id":"837658","latitude":"52.03333300","longitude":"-4.46666700","name":"Newcastle Emlyn"},{"id":"837672","latitude":"51.89194400","longitude":"-4.35444400","name":"Newchurch"},{"id":"838324","latitude":"51.91277800","longitude":"-4.11027800","name":"Pantglas Hall"},{"id":"838329","latitude":"51.76666700","longitude":"-4.00000000","name":"Pant-y-ffynnon"},{"id":"838330","latitude":"51.76666700","longitude":"-4.00000000","name":"Pantyffynon"},{"id":"838413","latitude":"51.68916700","longitude":"-4.27722200","name":"Pembrey"},{"id":"838420","latitude":"52.00000000","longitude":"-4.40000000","name":"Penboyr"},{"id":"838421","latitude":"52.13333300","longitude":"-4.50000000","name":"Penbryn"},{"id":"838422","latitude":"52.00361100","longitude":"-4.26444400","name":"Pencader"},{"id":"838430","latitude":"51.74638900","longitude":"-4.56527800","name":"Pendine"},{"id":"838490","latitude":"51.82472200","longitude":"-4.01444400","name":"Pentre-Gwenlais"},{"id":"838491","latitude":"51.90500000","longitude":"-4.31361100","name":"Pentre-Morgan"},{"id":"838498","latitude":"51.89583300","longitude":"-4.01277800","name":"Pen-y-banc"},{"id":"838501","latitude":"51.91333300","longitude":"-4.46333300","name":"Pen-y-bont"},{"id":"838508","latitude":"51.80250000","longitude":"-4.05305600","name":"Pen-y-groes"},{"id":"838694","latitude":"51.79250000","longitude":"-4.26083300","name":"Pontantwn"},{"id":"838697","latitude":"51.93222200","longitude":"-4.26750000","name":"Pontarsais"},{"id":"838705","latitude":"51.76111100","longitude":"-4.20777800","name":"Pont Henri"},{"id":"838708","latitude":"52.06666700","longitude":"-4.53333300","name":"Pont Hirwaun"},{"id":"838729","latitude":"51.75388900","longitude":"-4.22055600","name":"Pontyates"},{"id":"838730","latitude":"51.75388900","longitude":"-4.22055600","name":"Pont Yates"},{"id":"838731","latitude":"51.77750000","longitude":"-4.16972200","name":"Pontyberem"},{"id":"838732","latitude":"51.77750000","longitude":"-4.16972200","name":"Pont-y-Berem"},{"id":"838801","latitude":"51.82111100","longitude":"-4.14888900","name":"Porthyrhyd"},{"id":"838802","latitude":"52.01666700","longitude":"-3.88333300","name":"Porth-y-rhyd"},{"id":"838895","latitude":"52.06666700","longitude":"-4.30000000","name":"Pren-gwyn"},{"id":"838960","latitude":"52.03333300","longitude":"-3.95000000","name":"Pumpsaint"},{"id":"838981","latitude":"51.68916700","longitude":"-4.20361100","name":"Pwll"},{"id":"838982","latitude":"51.82027800","longitude":"-4.51416700","name":"Pwll-trap"},{"id":"839165","latitude":"51.77666700","longitude":"-4.60444400","name":"Red Roses"},{"id":"839224","latitude":"51.99305600","longitude":"-4.36194400","name":"Rhos"},{"id":"839233","latitude":"51.79194400","longitude":"-3.98916700","name":"Rhydaman"},{"id":"839234","latitude":"51.91305600","longitude":"-4.27305600","name":"Rhyd-ar-caeau"},{"id":"839235","latitude":"51.91305600","longitude":"-4.27305600","name":"Rhydargaeau"},{"id":"839236","latitude":"52.01666700","longitude":"-4.06666700","name":"Rhydcwmerau"},{"id":"839237","latitude":"52.01666700","longitude":"-4.06666700","name":"Rhyd-cymmerau"},{"id":"839239","latitude":"52.10000000","longitude":"-4.40000000","name":"Rhyd Lewis"},{"id":"839240","latitude":"52.08333300","longitude":"-4.28333300","name":"Rhyd Owen"},{"id":"839243","latitude":"51.84638900","longitude":"-4.65944400","name":"Rhydywrach"},{"id":"839606","latitude":"51.81666700","longitude":"-4.50000000","name":"Saint Clears"},{"id":"839659","latitude":"51.74777800","longitude":"-4.37138900","name":"Saint Ishmael"},{"id":"839660","latitude":"51.74777800","longitude":"-4.37138900","name":"Saint Ishmaels"},{"id":"839753","latitude":"51.91666700","longitude":"-4.00111100","name":"Salem"},{"id":"839798","latitude":"51.81666700","longitude":"-4.50000000","name":"Sancl\u00ear"},{"id":"839849","latitude":"51.84472200","longitude":"-4.41416700","name":"Sarnau"},{"id":"839854","latitude":"51.79194400","longitude":"-4.02833300","name":"Saron"},{"id":"841275","latitude":"51.74027800","longitude":"-4.15722200","name":"Sylen"},{"id":"841304","latitude":"51.97277800","longitude":"-3.99861100","name":"Talley"},{"id":"841309","latitude":"51.90277800","longitude":"-4.42555600","name":"Talog"},{"id":"841843","latitude":"51.93333300","longitude":"-3.61666700","name":"Trecastle"},{"id":"841866","latitude":"52.06666700","longitude":"-4.31666700","name":"Tre-groes"},{"id":"841871","latitude":"51.90000000","longitude":"-4.46666700","name":"Trelech-a'r-Bettws"},{"id":"841872","latitude":"51.94444400","longitude":"-4.50000000","name":"Trelech"},{"id":"841914","latitude":"51.71861100","longitude":"-4.24138900","name":"Trimsaran"},{"id":"841917","latitude":"52.08333300","longitude":"-4.45000000","name":"Troedyraur"},{"id":"841918","latitude":"51.96194400","longitude":"-4.26333300","name":"Troedyrhew"},{"id":"841923","latitude":"51.68333300","longitude":"-4.13333300","name":"Trostre"},{"id":"841972","latitude":"51.78361100","longitude":"-4.10972200","name":"Tumble"},{"id":"842015","latitude":"51.90000000","longitude":"-3.81666700","name":"Twyn Llanan"},{"id":"842019","latitude":"51.77805600","longitude":"-4.02000000","name":"Tycroes"},{"id":"842030","latitude":"51.94444400","longitude":"-4.50000000","name":"Ty-newydd-trelech"},{"id":"842208","latitude":"52.00000000","longitude":"-4.40000000","name":"Velindre"},{"id":"842468","latitude":"51.95000000","longitude":"-4.38333300","name":"Waun-d\u00eag"},{"id":"842938","latitude":"51.81888900","longitude":"-4.61527800","name":"Whitland"}]