[{"id":"826743","latitude":"51.40000000","longitude":"-0.91666700","name":"Aberfield"},{"id":"827158","latitude":"51.40000000","longitude":"-0.91666700","name":"Arborfield"},{"id":"834336","latitude":"51.43333300","longitude":"-0.85000000","name":"Hurst"},{"id":"840193","latitude":"51.48333300","longitude":"-0.90000000","name":"Shiplake"},{"id":"840466","latitude":"51.46666700","longitude":"-0.90000000","name":"Sonning"},{"id":"842013","latitude":"51.46666700","longitude":"-0.85000000","name":"Twyford"},{"id":"842243","latitude":"51.48333300","longitude":"-0.86666700","name":"Wagrave"},{"id":"842314","latitude":"51.46666700","longitude":"-0.80000000","name":"Waltham Saint Lawrence"},{"id":"842378","latitude":"51.48333300","longitude":"-0.86666700","name":"Wargrave"},{"id":"843142","latitude":"51.41666700","longitude":"-0.86666700","name":"Winnersh"},{"id":"843236","latitude":"51.41666700","longitude":"-0.83333300","name":"Wokingham"},{"id":"843302","latitude":"51.45000000","longitude":"-0.88333300","name":"Woodley"}]