[{"id":"826744","latitude":"53.81666700","longitude":"-1.33333300","name":"Aberford"},{"id":"826789","latitude":"53.90000000","longitude":"-1.10000000","name":"Acaster Malbis"},{"id":"826839","latitude":"54.03333300","longitude":"-0.80000000","name":"Acklam"},{"id":"826841","latitude":"53.65000000","longitude":"-1.33333300","name":"Ackworth"},{"id":"826845","latitude":"53.95000000","longitude":"-1.13333300","name":"Acomb"},{"id":"826861","latitude":"53.93333300","longitude":"-1.88333300","name":"Addingham"},{"id":"826872","latitude":"53.66666700","longitude":"-0.73333300","name":"Adlingfleet"},{"id":"826902","latitude":"53.71666700","longitude":"-0.90000000","name":"Airmyn"},{"id":"826905","latitude":"54.01666700","longitude":"-2.15000000","name":"Airton"},{"id":"826907","latitude":"54.45000000","longitude":"-0.66666700","name":"Aislaby"},{"id":"826919","latitude":"54.08333300","longitude":"-1.38333300","name":"Aldborough"},{"id":"826922","latitude":"53.81666700","longitude":"-0.11666700","name":"Aldbrough"},{"id":"826945","latitude":"54.06666700","longitude":"-1.28333300","name":"Aldlwark"},{"id":"826950","latitude":"54.06666700","longitude":"-1.28333300","name":"Aldwark"},{"id":"826964","latitude":"53.68333300","longitude":"-0.66666700","name":"Alkborough"},{"id":"826974","latitude":"54.21666700","longitude":"-0.65000000","name":"Allerston"},{"id":"826975","latitude":"54.01666700","longitude":"-1.36666700","name":"Allerton"},{"id":"826976","latitude":"54.01666700","longitude":"-1.36666700","name":"Allerton Mauleverer"},{"id":"827003","latitude":"54.08333300","longitude":"-1.23333300","name":"Alne"},{"id":"827038","latitude":"53.70000000","longitude":"-1.43333300","name":"Altofts"},{"id":"827052","latitude":"53.68333300","longitude":"-1.53333300","name":"Alverthorpe"},{"id":"827077","latitude":"54.15000000","longitude":"-0.85000000","name":"Amotherby"},{"id":"827080","latitude":"51.71666700","longitude":"-1.90000000","name":"Ampney Crucis"},{"id":"827081","latitude":"51.71666700","longitude":"-1.86666700","name":"Ampney Saint Mary"},{"id":"827086","latitude":"52.96666700","longitude":"-0.53333300","name":"Ancaster"},{"id":"827099","latitude":"53.73333300","longitude":"-0.43333300","name":"Anlaby"},{"id":"827133","latitude":"53.03333300","longitude":"-0.35000000","name":"Anwick"},{"id":"827136","latitude":"53.83333300","longitude":"-1.70000000","name":"Apperley"},{"id":"827137","latitude":"53.83333300","longitude":"-1.70000000","name":"Apperley Bridge"},{"id":"827138","latitude":"54.30000000","longitude":"-2.21666700","name":"Appersett"},{"id":"827141","latitude":"52.66666700","longitude":"-1.51666700","name":"Appleby Magna"},{"id":"827150","latitude":"54.26666700","longitude":"-0.86666700","name":"Appleton le Moor"},{"id":"827151","latitude":"54.26666700","longitude":"-0.86666700","name":"Appleton le Moors"},{"id":"827152","latitude":"54.03333300","longitude":"-1.91666700","name":"Appletreewick"},{"id":"827216","latitude":"53.71666700","longitude":"-1.55000000","name":"Ardsley"},{"id":"827217","latitude":"53.71666700","longitude":"-1.55000000","name":"Ardsley East"},{"id":"827247","latitude":"51.75000000","longitude":"-1.83333300","name":"Arlington"},{"id":"827258","latitude":"54.13333300","longitude":"-2.10000000","name":"Arncliffe"},{"id":"827270","latitude":"53.88333300","longitude":"-0.43333300","name":"Arram"},{"id":"827287","latitude":"52.98333300","longitude":"-0.33333300","name":"Asgarby"},{"id":"827290","latitude":"52.15000000","longitude":"1.16666700","name":"Ashbocking"},{"id":"827298","latitude":"53.08333300","longitude":"-0.43333300","name":"Ashby"},{"id":"827300","latitude":"53.08333300","longitude":"-0.43333300","name":"Ashby de la Launde"},{"id":"827310","latitude":"52.21666700","longitude":"1.23333300","name":"Ashfield"},{"id":"827326","latitude":"52.50000000","longitude":"-0.81666700","name":"Ashley"},{"id":"827359","latitude":"53.93333300","longitude":"-1.18333300","name":"Askham Richard"},{"id":"827360","latitude":"54.30000000","longitude":"-2.08333300","name":"Askrigg"},{"id":"827400","latitude":"52.93333300","longitude":"-0.40000000","name":"Aswarby"},{"id":"827413","latitude":"53.93333300","longitude":"-0.20000000","name":"Atwick"},{"id":"827462","latitude":"53.83333300","longitude":"-0.93333300","name":"Aughton"},{"id":"827474","latitude":"54.10000000","longitude":"-2.35000000","name":"Austwick"},{"id":"827497","latitude":"53.55000000","longitude":"-0.18333300","name":"Aylesby"},{"id":"827507","latitude":"54.28333300","longitude":"-1.98333300","name":"Aysgarth"},{"id":"827508","latitude":"54.23333300","longitude":"-0.48333300","name":"Ayton"},{"id":"827510","latitude":"54.16666700","longitude":"-1.60000000","name":"Azerley"},{"id":"827540","latitude":"53.61666700","longitude":"-1.30000000","name":"Badsworth"},{"id":"827552","latitude":"53.85000000","longitude":"-1.76666700","name":"Baildon"},{"id":"827558","latitude":"54.30000000","longitude":"-2.10000000","name":"Bainbridge"},{"id":"827559","latitude":"53.95000000","longitude":"-0.53333300","name":"Bainton"},{"id":"827571","latitude":"54.20000000","longitude":"-1.45000000","name":"Baldersby"},{"id":"827737","latitude":"53.88333300","longitude":"-1.43333300","name":"Bardsey"},{"id":"827759","latitude":"53.66666700","longitude":"-1.91666700","name":"Barkisland"},{"id":"827760","latitude":"52.95000000","longitude":"-0.60000000","name":"Barkston"},{"id":"827769","latitude":"53.75000000","longitude":"-1.01666700","name":"Barlow"},{"id":"827771","latitude":"53.75000000","longitude":"-0.95000000","name":"Barmby"},{"id":"827772","latitude":"53.75000000","longitude":"-0.95000000","name":"Barmby on the Marsh"},{"id":"827777","latitude":"54.00000000","longitude":"-0.21666700","name":"Barmston"},{"id":"827782","latitude":"53.51666700","longitude":"-1.26666700","name":"Barnbrough"},{"id":"827799","latitude":"51.73333300","longitude":"-1.88333300","name":"Barnsley"},{"id":"827802","latitude":"52.90000000","longitude":"-0.90000000","name":"Barnstone"},{"id":"827827","latitude":"53.68333300","longitude":"-0.38333300","name":"Barrow"},{"id":"827833","latitude":"53.68333300","longitude":"-0.38333300","name":"Barrow-on-Humber"},{"id":"827834","latitude":"53.68333300","longitude":"-0.38333300","name":"Barrow upon Humber"},{"id":"827851","latitude":"53.66666700","longitude":"-0.43333300","name":"Barton"},{"id":"827854","latitude":"54.15000000","longitude":"-0.88333300","name":"Barton le Street"},{"id":"827855","latitude":"54.05000000","longitude":"-0.90000000","name":"Barton le Willows"},{"id":"827861","latitude":"53.66666700","longitude":"-0.43333300","name":"Barton upon Humber"},{"id":"827878","latitude":"53.11666700","longitude":"-0.63333300","name":"Bassingham"},{"id":"827889","latitude":"53.70000000","longitude":"-1.63333300","name":"Batley Carr"},{"id":"827890","latitude":"54.45000000","longitude":"-1.08333300","name":"Battersby"},{"id":"827948","latitude":"54.40000000","longitude":"-0.73333300","name":"Beck Hole"},{"id":"827955","latitude":"54.28333300","longitude":"-1.58333300","name":"Bedale"},{"id":"827979","latitude":"53.96666700","longitude":"-0.26666700","name":"Beeford"},{"id":"828024","latitude":"54.33333300","longitude":"-1.81666700","name":"Bellerby"},{"id":"828049","latitude":"54.13333300","longitude":"-0.16666700","name":"Bempton"},{"id":"828059","latitude":"54.01666700","longitude":"-1.15000000","name":"Beningbrough"},{"id":"828064","latitude":"54.01666700","longitude":"-1.15000000","name":"Benningbrough"},{"id":"828068","latitude":"53.91666700","longitude":"-1.80000000","name":"Ben Rhydding"},{"id":"828115","latitude":"54.06666700","longitude":"-0.21666700","name":"Bessingby"},{"id":"828149","latitude":"53.93333300","longitude":"-0.23333300","name":"Bewholme"},{"id":"828156","latitude":"51.75000000","longitude":"-1.81666700","name":"Bibury"},{"id":"828171","latitude":"51.28333300","longitude":"0.66666700","name":"Bicknor"},{"id":"828195","latitude":"53.91666700","longitude":"-1.18333300","name":"Bilbrough"},{"id":"828206","latitude":"54.60000000","longitude":"-1.30000000","name":"Billingham"},{"id":"828207","latitude":"54.60000000","longitude":"-1.30000000","name":"Billingham-on-Tees"},{"id":"828217","latitude":"53.95000000","longitude":"-1.26666700","name":"Bilton"},{"id":"828223","latitude":"53.85000000","longitude":"-1.83333300","name":"Bingley"},{"id":"828244","latitude":"54.06666700","longitude":"-0.73333300","name":"Birdsall"},{"id":"828249","latitude":"53.75000000","longitude":"-1.68333300","name":"Birkenshaw"},{"id":"828259","latitude":"53.73333300","longitude":"-1.65000000","name":"Birstall"},{"id":"828273","latitude":"54.08333300","longitude":"-1.50000000","name":"Bishop Monkton"},{"id":"828301","latitude":"53.93333300","longitude":"-1.10000000","name":"Bishopthorne"},{"id":"828302","latitude":"53.93333300","longitude":"-1.10000000","name":"Bishopthorpe"},{"id":"828417","latitude":"53.08333300","longitude":"-0.41666700","name":"Bloxholm"},{"id":"828418","latitude":"53.08333300","longitude":"-0.41666700","name":"Bloxholme"},{"id":"828421","latitude":"53.98333300","longitude":"-1.75000000","name":"Blubberhouses"},{"id":"828486","latitude":"53.96666700","longitude":"-1.88333300","name":"Bolton Bridge"},{"id":"828491","latitude":"53.86666700","longitude":"-1.20000000","name":"Bolton Percy"},{"id":"828492","latitude":"53.51666700","longitude":"-1.31666700","name":"Bolton upon Dearne"},{"id":"828497","latitude":"53.61666700","longitude":"-0.48333300","name":"Bonby"},{"id":"828530","latitude":"54.08333300","longitude":"-1.40000000","name":"Boroughbridge"},{"id":"828551","latitude":"54.03333300","longitude":"-0.90000000","name":"Bossall"},{"id":"828554","latitude":"53.90000000","longitude":"-1.35000000","name":"Boston Spa"},{"id":"828574","latitude":"51.20000000","longitude":"0.70000000","name":"Boughton Malherbe"},{"id":"828597","latitude":"54.13333300","longitude":"-1.81666700","name":"Bouthwaite"},{"id":"828639","latitude":"54.08333300","longitude":"-0.25000000","name":"Boynton"},{"id":"828667","latitude":"51.00000000","longitude":"-3.18333300","name":"Bradford"},{"id":"828674","latitude":"53.55000000","longitude":"-0.13333300","name":"Bradley"},{"id":"828676","latitude":"52.86666700","longitude":"-1.13333300","name":"Bradmore"},{"id":"828692","latitude":"54.11666700","longitude":"-1.35000000","name":"Brafferton"},{"id":"828700","latitude":"53.43333300","longitude":"-1.20000000","name":"Braithwell"},{"id":"828711","latitude":"53.88333300","longitude":"-1.35000000","name":"Bramham"},{"id":"828731","latitude":"53.91666700","longitude":"-0.30000000","name":"Brandesburton"},{"id":"828734","latitude":"53.91666700","longitude":"-0.30000000","name":"Brandsburton"},{"id":"828735","latitude":"54.13333300","longitude":"-1.10000000","name":"Brandsby"},{"id":"828741","latitude":"53.06666700","longitude":"-0.63333300","name":"Brant Broughton"},{"id":"828753","latitude":"53.05000000","longitude":"-0.43333300","name":"Brauncewell"},{"id":"828766","latitude":"53.76666700","longitude":"-1.08333300","name":"Brayton"},{"id":"828813","latitude":"53.61666700","longitude":"-1.56666700","name":"Bretton"},{"id":"828852","latitude":"54.09500000","longitude":"-0.20805600","name":"Bridlington"},{"id":"828859","latitude":"53.96666700","longitude":"-0.35000000","name":"Brigham"},{"id":"828860","latitude":"53.70000000","longitude":"-1.78333300","name":"Brighouse"},{"id":"828939","latitude":"53.60000000","longitude":"-1.76666700","name":"Brockholes"},{"id":"828941","latitude":"53.58333300","longitude":"-0.28333300","name":"Brocklesby"},{"id":"828948","latitude":"53.55000000","longitude":"-1.26666700","name":"Brodsworth"},{"id":"828956","latitude":"51.23333300","longitude":"0.66666700","name":"Bromfield"},{"id":"828963","latitude":"54.21666700","longitude":"-0.55000000","name":"Brompton"},{"id":"828998","latitude":"53.71666700","longitude":"-1.26666700","name":"Brotherton"},{"id":"828999","latitude":"54.56666700","longitude":"-0.93333300","name":"Brotton"},{"id":"829000","latitude":"53.70000000","longitude":"-0.58333300","name":"Brough"},{"id":"829004","latitude":"54.50000000","longitude":"-2.31666700","name":"Brough Sowerby"},{"id":"829013","latitude":"52.81666700","longitude":"-0.98333300","name":"Broughton"},{"id":"829020","latitude":"52.81666700","longitude":"-0.98333300","name":"Broughton Sulney"},{"id":"829026","latitude":"54.30000000","longitude":"-0.55000000","name":"Broxa"},{"id":"829066","latitude":"53.81666700","longitude":"-0.91666700","name":"Bubwith"},{"id":"829072","latitude":"54.18333300","longitude":"-2.08333300","name":"Buckden"},{"id":"829122","latitude":"54.08333300","longitude":"-0.91666700","name":"Bulmer"},{"id":"829133","latitude":"52.85000000","longitude":"-1.13333300","name":"Bunny"},{"id":"829143","latitude":"52.11666700","longitude":"1.25000000","name":"Burgh"},{"id":"829161","latitude":"53.91666700","longitude":"-1.75000000","name":"Burley"},{"id":"829162","latitude":"53.91666700","longitude":"-1.75000000","name":"Burley in Wharfedale"},{"id":"829166","latitude":"52.88333300","longitude":"-1.56666700","name":"Burnaston"},{"id":"829167","latitude":"53.75000000","longitude":"-1.10000000","name":"Burn"},{"id":"829169","latitude":"54.26666700","longitude":"-1.51666700","name":"Burneston"},{"id":"829180","latitude":"54.31666700","longitude":"-0.43333300","name":"Burniston"},{"id":"829184","latitude":"54.05000000","longitude":"-1.95000000","name":"Burnsall"},{"id":"829197","latitude":"53.91666700","longitude":"-0.33333300","name":"Burshill"},{"id":"829204","latitude":"53.73333300","longitude":"-0.13333300","name":"Burstwick"},{"id":"829206","latitude":"54.05000000","longitude":"-0.30000000","name":"Burton Agnes"},{"id":"829218","latitude":"53.81666700","longitude":"-0.20000000","name":"Burton Constable"},{"id":"829219","latitude":"54.11666700","longitude":"-0.33333300","name":"Burton Fleming"},{"id":"829224","latitude":"54.06666700","longitude":"-1.50000000","name":"Burton Leonard"},{"id":"829229","latitude":"53.76666700","longitude":"-0.10000000","name":"Burton Pidsea"},{"id":"829230","latitude":"53.73333300","longitude":"-1.26666700","name":"Burton Salmon"},{"id":"829243","latitude":"54.06666700","longitude":"-0.78333300","name":"Burythorpe"},{"id":"829252","latitude":"53.03333300","longitude":"-0.38333300","name":"Buskington"},{"id":"829262","latitude":"53.75000000","longitude":"-1.80000000","name":"Buttershaw"},{"id":"829266","latitude":"54.11666700","longitude":"-0.48333300","name":"Butterwick"},{"id":"829328","latitude":"54.26666700","longitude":"-1.86666700","name":"Caldbergh"},{"id":"829332","latitude":"52.51666700","longitude":"-0.71666700","name":"Caldecott"},{"id":"829361","latitude":"53.81666700","longitude":"-1.68333300","name":"Calverley"},{"id":"829382","latitude":"54.23333300","longitude":"-2.26666700","name":"Cam"},{"id":"829390","latitude":"54.23333300","longitude":"-2.26666700","name":"Cam Houses"},{"id":"829480","latitude":"53.66666700","longitude":"-1.30000000","name":"Carleton"},{"id":"829492","latitude":"53.10000000","longitude":"-0.65000000","name":"Carlton"},{"id":"829495","latitude":"53.10000000","longitude":"-0.65000000","name":"Carlton le Moorland"},{"id":"829497","latitude":"52.98333300","longitude":"-0.60000000","name":"Carlton Scroop"},{"id":"829506","latitude":"54.06666700","longitude":"-0.25000000","name":"Carnaby"},{"id":"829532","latitude":"54.30000000","longitude":"-1.98333300","name":"Carperby"},{"id":"829562","latitude":"54.23333300","longitude":"-1.51666700","name":"Carthorpe"},{"id":"829564","latitude":"53.55000000","longitude":"-1.78333300","name":"Cartworth"},{"id":"829591","latitude":"52.83333300","longitude":"-1.33333300","name":"Castle Donington"},{"id":"829592","latitude":"52.83333300","longitude":"-1.33333300","name":"Castle Donnington"},{"id":"829596","latitude":"53.71666700","longitude":"-1.35000000","name":"Castleford"},{"id":"829610","latitude":"54.45000000","longitude":"-0.93333300","name":"Castleton"},{"id":"829636","latitude":"53.96666700","longitude":"-1.31666700","name":"Cattal"},{"id":"829643","latitude":"53.98333300","longitude":"-0.93333300","name":"Catton"},{"id":"829644","latitude":"53.88333300","longitude":"-0.28333300","name":"Catwick"},{"id":"829658","latitude":"53.83333300","longitude":"-1.11666700","name":"Cawood"},{"id":"829661","latitude":"54.28333300","longitude":"-0.80000000","name":"Cawthorn"},{"id":"829665","latitude":"53.01666700","longitude":"-0.60000000","name":"Caythorpe"},{"id":"829666","latitude":"54.23333300","longitude":"-0.36666700","name":"Cayton"},{"id":"829719","latitude":"53.71666700","longitude":"-1.11666700","name":"Chapel Haddlesey"},{"id":"829761","latitude":"52.15000000","longitude":"1.30000000","name":"Charsfield"},{"id":"829794","latitude":"52.85000000","longitude":"-1.43333300","name":"Chellaston"},{"id":"829877","latitude":"52.68333300","longitude":"-1.56666700","name":"Chilcote"},{"id":"829940","latitude":"54.38333300","longitude":"-1.13333300","name":"Chop Gate"},{"id":"829965","latitude":"53.81666700","longitude":"-1.21666700","name":"Church Fenton"},{"id":"829989","latitude":"53.75000000","longitude":"-1.58333300","name":"Churwell"},{"id":"830030","latitude":"54.10000000","longitude":"-2.38333300","name":"Clapham"},{"id":"830070","latitude":"53.55000000","longitude":"-1.31666700","name":"Clayton"},{"id":"830073","latitude":"53.60000000","longitude":"-1.61666700","name":"Clayton West"},{"id":"830079","latitude":"53.71666700","longitude":"-1.71666700","name":"Cleckheaton"},{"id":"830080","latitude":"53.55000000","longitude":"-0.05000000","name":"Clee"},{"id":"830110","latitude":"53.96666700","longitude":"-1.10000000","name":"Clifton"},{"id":"830136","latitude":"52.11666700","longitude":"1.25000000","name":"Clopton"},{"id":"830142","latitude":"54.33333300","longitude":"-0.43333300","name":"Cloughton"},{"id":"830284","latitude":"53.90000000","longitude":"-1.40000000","name":"Collingham"},{"id":"830296","latitude":"51.76666700","longitude":"-1.88333300","name":"Coln Rogers"},{"id":"830298","latitude":"51.78333300","longitude":"-1.86666700","name":"Coln Saint Denis"},{"id":"830303","latitude":"52.88333300","longitude":"-0.95000000","name":"Colston Bassett"},{"id":"830309","latitude":"54.15000000","longitude":"-1.03333300","name":"Colton"},{"id":"830359","latitude":"53.48333300","longitude":"-1.23333300","name":"Conisborough"},{"id":"830360","latitude":"53.48333300","longitude":"-1.23333300","name":"Conisbrough"},{"id":"830364","latitude":"54.10000000","longitude":"-2.03333300","name":"Conistone"},{"id":"830373","latitude":"53.91666700","longitude":"-2.01666700","name":"Cononley"},{"id":"830376","latitude":"54.31666700","longitude":"-1.73333300","name":"Constable Burton"},{"id":"830401","latitude":"54.06666700","longitude":"-1.48333300","name":"Copgrove"},{"id":"830404","latitude":"53.91666700","longitude":"-1.13333300","name":"Copmanthorpe"},{"id":"830409","latitude":"54.13333300","longitude":"-1.48333300","name":"Copt Hewick"},{"id":"830473","latitude":"52.81666700","longitude":"-1.13333300","name":"Costock"},{"id":"830480","latitude":"52.90000000","longitude":"-1.03333300","name":"Cotgrave"},{"id":"830492","latitude":"54.33333300","longitude":"-2.25000000","name":"Cotterdale"},{"id":"830499","latitude":"52.48333300","longitude":"-0.75000000","name":"Cottingham"},{"id":"830512","latitude":"54.15000000","longitude":"-1.03333300","name":"Coulton"},{"id":"830521","latitude":"54.55000000","longitude":"-2.45000000","name":"Coupland"},{"id":"830536","latitude":"54.26666700","longitude":"-1.83333300","name":"Coverham"},{"id":"830549","latitude":"54.06666700","longitude":"-0.51666700","name":"Cowlam"},{"id":"830555","latitude":"53.96666700","longitude":"-1.35000000","name":"Cowthorpe"},{"id":"830568","latitude":"54.03333300","longitude":"-2.03333300","name":"Cracoe"},{"id":"830595","latitude":"54.30000000","longitude":"-1.61666700","name":"Crakehall"},{"id":"830596","latitude":"54.06666700","longitude":"-0.86666700","name":"Crambe"},{"id":"830611","latitude":"53.95000000","longitude":"-0.43333300","name":"Cranswick"},{"id":"830613","latitude":"53.03333300","longitude":"-0.46666700","name":"Cranwell"},{"id":"830621","latitude":"54.45000000","longitude":"-1.31666700","name":"Crathorne"},{"id":"830635","latitude":"54.13333300","longitude":"-1.15000000","name":"Crayke"},{"id":"830665","latitude":"52.18333300","longitude":"1.26666700","name":"Cretingham"},{"id":"830687","latitude":"53.63333300","longitude":"-1.53333300","name":"Crigglestone"},{"id":"830696","latitude":"54.55000000","longitude":"-2.40000000","name":"Croasdale"},{"id":"830709","latitude":"53.65000000","longitude":"-1.41666700","name":"Crofton"},{"id":"830734","latitude":"54.28333300","longitude":"-0.83333300","name":"Cropton"},{"id":"830735","latitude":"52.90000000","longitude":"-0.98333300","name":"Cropwell Bishop"},{"id":"830736","latitude":"52.91666700","longitude":"-0.98333300","name":"Cropwell Butler"},{"id":"830737","latitude":"52.91666700","longitude":"-0.98333300","name":"Cropwell"},{"id":"830750","latitude":"54.55000000","longitude":"-2.40000000","name":"Crossdale"},{"id":"830757","latitude":"53.80000000","longitude":"-1.45000000","name":"Cross Gates"},{"id":"830782","latitude":"52.16666700","longitude":"1.13333300","name":"Crowfield"},{"id":"830800","latitude":"53.60000000","longitude":"-0.35000000","name":"Croxton"},{"id":"830851","latitude":"53.81666700","longitude":"-1.90000000","name":"Cullingworth"},{"id":"830885","latitude":"54.13333300","longitude":"-1.35000000","name":"Cundall"},{"id":"830964","latitude":"54.13333300","longitude":"-1.03333300","name":"Dalby"},{"id":"831004","latitude":"54.18333300","longitude":"-1.35000000","name":"Dalton"},{"id":"831009","latitude":"54.45000000","longitude":"-1.36666700","name":"Dalton upon Tees"},{"id":"831031","latitude":"53.23333300","longitude":"-0.85000000","name":"Darlton"},{"id":"831035","latitude":"53.66666700","longitude":"-1.25000000","name":"Darrington"},{"id":"831063","latitude":"52.13333300","longitude":"1.28333300","name":"Debach"},{"id":"831065","latitude":"52.21666700","longitude":"1.18333300","name":"Debenham"},{"id":"831072","latitude":"54.20000000","longitude":"-2.16666700","name":"Deepdale"},{"id":"831078","latitude":"53.90000000","longitude":"-1.05000000","name":"Deighton"},{"id":"831088","latitude":"53.56666700","longitude":"-1.66666700","name":"Denby Dale"},{"id":"831097","latitude":"53.78333300","longitude":"-1.90000000","name":"Denholme"},{"id":"831115","latitude":"53.93333300","longitude":"-1.78333300","name":"Denton"},{"id":"831142","latitude":"52.43333300","longitude":"-0.81666700","name":"Desborough"},{"id":"831153","latitude":"53.70000000","longitude":"-1.61666700","name":"Dewsbury"},{"id":"831166","latitude":"53.08333300","longitude":"-0.36666700","name":"Digby"},{"id":"831176","latitude":"53.66666700","longitude":"0.11666700","name":"Dimlington"},{"id":"831204","latitude":"52.80000000","longitude":"-1.33333300","name":"Diseworth"},{"id":"831205","latitude":"54.15000000","longitude":"-1.41666700","name":"Dishforth"},{"id":"831283","latitude":"53.06666700","longitude":"-0.38333300","name":"Dorrington"},{"id":"831321","latitude":"53.96666700","longitude":"-1.95000000","name":"Draughton"},{"id":"831322","latitude":"53.71666700","longitude":"-0.98333300","name":"Drax"},{"id":"831340","latitude":"53.70000000","longitude":"-1.61666700","name":"Drewsbury"},{"id":"831342","latitude":"54.00000000","longitude":"-0.43333300","name":"Driffield"},{"id":"831344","latitude":"53.75000000","longitude":"-1.66666700","name":"Drighlington"},{"id":"831345","latitude":"53.75000000","longitude":"-1.66666700","name":"Drightlington"},{"id":"831419","latitude":"54.08333300","longitude":"-0.65000000","name":"Duggleby"},{"id":"831462","latitude":"53.51666700","longitude":"-1.75000000","name":"Dunford Bridge"},{"id":"831494","latitude":"53.95000000","longitude":"-0.25000000","name":"Dunnington"},{"id":"831513","latitude":"53.78333300","longitude":"-0.38333300","name":"Dunswell"},{"id":"831572","latitude":"52.21666700","longitude":"1.26666700","name":"Earl Soham"},{"id":"831579","latitude":"54.00000000","longitude":"-1.05000000","name":"Earswick"},{"id":"831583","latitude":"53.66666700","longitude":"0.11666700","name":"Easington"},{"id":"831584","latitude":"54.11666700","longitude":"-1.20000000","name":"Easingwold"},{"id":"831657","latitude":"53.66666700","longitude":"-0.28333300","name":"East Halton"},{"id":"831663","latitude":"53.65000000","longitude":"-1.30000000","name":"East Hardwick"},{"id":"831669","latitude":"54.33333300","longitude":"-1.73333300","name":"East Hauxwell"},{"id":"831671","latitude":"54.16666700","longitude":"-0.58333300","name":"East Heslerton"},{"id":"831692","latitude":"52.81666700","longitude":"-1.16666700","name":"East Leake"},{"id":"831699","latitude":"54.10000000","longitude":"-0.55000000","name":"East Lutton"},{"id":"831756","latitude":"54.26666700","longitude":"-1.76666700","name":"East Witton"},{"id":"831759","latitude":"53.71666700","longitude":"-2.05000000","name":"Eastwood"},{"id":"831771","latitude":"54.21666700","longitude":"-0.60000000","name":"Ebberston"},{"id":"831774","latitude":"53.96666700","longitude":"-1.08333300","name":"Eboracum"},{"id":"831859","latitude":"53.21666700","longitude":"-0.90000000","name":"Egmanton"},{"id":"831861","latitude":"54.43333300","longitude":"-0.75000000","name":"Egton"},{"id":"831872","latitude":"54.06666700","longitude":"-2.36666700","name":"Eldroth"},{"id":"831889","latitude":"53.68333300","longitude":"-1.83333300","name":"Elland"},{"id":"831897","latitude":"54.51666700","longitude":"-0.76666700","name":"Ellerby"},{"id":"831909","latitude":"54.23333300","longitude":"-1.70000000","name":"Ellington"},{"id":"831913","latitude":"53.73333300","longitude":"-0.56666700","name":"Elloughton"},{"id":"831932","latitude":"53.60000000","longitude":"-0.43333300","name":"Elsham"},{"id":"831967","latitude":"53.96666700","longitude":"-1.98333300","name":"Embsay"},{"id":"831968","latitude":"53.61666700","longitude":"-1.63333300","name":"Emley"},{"id":"831972","latitude":"54.01666700","longitude":"-0.45000000","name":"Emswell with Little Driffield"},{"id":"832023","latitude":"53.88333300","longitude":"-1.05000000","name":"Escrick"},{"id":"832028","latitude":"53.85000000","longitude":"-1.71666700","name":"Esholt"},{"id":"832029","latitude":"53.98333300","longitude":"-2.10000000","name":"Eshton"},{"id":"832075","latitude":"53.00000000","longitude":"-0.33333300","name":"Ewerby"},{"id":"832143","latitude":"54.10000000","longitude":"-1.06666700","name":"Farlington"},{"id":"832159","latitude":"53.91666700","longitude":"-1.66666700","name":"Farnley"},{"id":"832160","latitude":"53.60000000","longitude":"-1.75000000","name":"Farnley Tyas"},{"id":"832168","latitude":"53.80000000","longitude":"-1.66666700","name":"Farsley"},{"id":"832191","latitude":"54.21666700","longitude":"-1.70000000","name":"Fearby"},{"id":"832195","latitude":"53.70000000","longitude":"-1.36666700","name":"Featherstone"},{"id":"832199","latitude":"54.36666700","longitude":"-2.01666700","name":"Feetham"},{"id":"832221","latitude":"53.63333300","longitude":"-1.71666700","name":"Fenay Bridge"},{"id":"832232","latitude":"53.03333300","longitude":"-0.68333300","name":"Fenton"},{"id":"832251","latitude":"54.03333300","longitude":"-1.43333300","name":"Ferrensby"},{"id":"832252","latitude":"53.71666700","longitude":"-0.50000000","name":"Ferriby"},{"id":"832254","latitude":"53.70000000","longitude":"-1.26666700","name":"Ferrybridge"},{"id":"832264","latitude":"53.98333300","longitude":"-1.70000000","name":"Fewston"},{"id":"832276","latitude":"54.21000000","longitude":"-0.28916700","name":"Filey"},{"id":"832282","latitude":"54.01666700","longitude":"-0.61666700","name":"Fimber"},{"id":"832290","latitude":"52.85000000","longitude":"-1.53333300","name":"Findern"},{"id":"832296","latitude":"54.30000000","longitude":"-1.71666700","name":"Fingall"},{"id":"832299","latitude":"54.30000000","longitude":"-1.71666700","name":"Finghall"},{"id":"832347","latitude":"54.10000000","longitude":"-0.11666700","name":"Flamborough"},{"id":"832355","latitude":"54.03333300","longitude":"-0.95000000","name":"Flaxton"},{"id":"832356","latitude":"53.23333300","longitude":"-0.80000000","name":"Fledborough"},{"id":"832369","latitude":"53.80000000","longitude":"-0.16666700","name":"Flinton"},{"id":"832376","latitude":"53.61666700","longitude":"-1.65000000","name":"Flockton"},{"id":"832387","latitude":"53.66666700","longitude":"-0.71666700","name":"Fockerby"},{"id":"832389","latitude":"53.81666700","longitude":"-0.86666700","name":"Foggathorpe"},{"id":"832395","latitude":"54.20000000","longitude":"-0.38333300","name":"Folkton"},{"id":"832412","latitude":"54.15000000","longitude":"-0.38333300","name":"Fordon"},{"id":"832455","latitude":"53.98333300","longitude":"-0.31666700","name":"Foston"},{"id":"832456","latitude":"53.98333300","longitude":"-0.31666700","name":"Foston on the Wolds"},{"id":"832482","latitude":"54.13333300","longitude":"-0.45000000","name":"Foxholes"},{"id":"832489","latitude":"54.03333300","longitude":"-0.23333300","name":"Fraisthorpe"},{"id":"832498","latitude":"52.18333300","longitude":"1.21666700","name":"Framsden"},{"id":"832526","latitude":"54.01666700","longitude":"-0.66666700","name":"Fridaythorpe"},{"id":"832567","latitude":"53.03333300","longitude":"-0.58333300","name":"Fulbeck"},{"id":"832571","latitude":"53.93333300","longitude":"-1.06666700","name":"Fulford"},{"id":"832593","latitude":"54.41666700","longitude":"-0.53333300","name":"Fylingdales"},{"id":"832594","latitude":"54.41666700","longitude":"-0.53333300","name":"Fyling Thorpe"},{"id":"832624","latitude":"54.23333300","longitude":"-1.90000000","name":"Gammersgill"},{"id":"832629","latitude":"54.18333300","longitude":"-0.48333300","name":"Ganton"},{"id":"832638","latitude":"53.78333300","longitude":"-1.38333300","name":"Garforth"},{"id":"832639","latitude":"53.98333300","longitude":"-2.10000000","name":"Gargrave"},{"id":"832667","latitude":"53.80000000","longitude":"-0.06666700","name":"Garton"},{"id":"832668","latitude":"54.01666700","longitude":"-0.50000000","name":"Garton on the Wolds"},{"id":"832683","latitude":"53.75000000","longitude":"-1.15000000","name":"Gateforth"},{"id":"832684","latitude":"53.93333300","longitude":"-1.06666700","name":"Gate Fulford"},{"id":"832685","latitude":"53.98333300","longitude":"-0.93333300","name":"Gate Helmsley"},{"id":"832689","latitude":"54.28333300","longitude":"-1.50000000","name":"Gatenby"},{"id":"832712","latitude":"54.21666700","longitude":"-2.33333300","name":"Gearstones"},{"id":"832739","latitude":"54.05000000","longitude":"-2.26666700","name":"Giggleswick"},{"id":"832742","latitude":"53.76666700","longitude":"-1.61666700","name":"Gildersome"},{"id":"832748","latitude":"54.28333300","longitude":"-0.95000000","name":"Gillamoor"},{"id":"832750","latitude":"54.18333300","longitude":"-1.06666700","name":"Gilling East"},{"id":"832752","latitude":"54.18333300","longitude":"-1.06666700","name":"Gilling"},{"id":"832874","latitude":"54.38333300","longitude":"-0.71666700","name":"Goathland"},{"id":"832900","latitude":"53.98333300","longitude":"-1.41666700","name":"Goldsborough"},{"id":"832913","latitude":"53.71666700","longitude":"-0.86666700","name":"Goole"},{"id":"832959","latitude":"53.66666700","longitude":"-0.33333300","name":"Goxhill"},{"id":"832978","latitude":"52.90000000","longitude":"-0.88333300","name":"Granby"},{"id":"832994","latitude":"54.11666700","longitude":"-1.65000000","name":"Grantley"},{"id":"833002","latitude":"54.06666700","longitude":"-2.00000000","name":"Grassington"},{"id":"833023","latitude":"54.50000000","longitude":"-1.13333300","name":"Great Ayton"},{"id":"833059","latitude":"53.56666700","longitude":"-0.08333300","name":"Great Coates"},{"id":"833062","latitude":"53.86666700","longitude":"-0.11666700","name":"Great Cowden"},{"id":"833070","latitude":"54.00000000","longitude":"-0.43333300","name":"Great Driffield"},{"id":"833074","latitude":"52.51666700","longitude":"-0.75000000","name":"Great Easton"},{"id":"833076","latitude":"54.23333300","longitude":"-0.91666700","name":"Great Edston"},{"id":"833094","latitude":"54.63333300","longitude":"-1.23333300","name":"Greatham"},{"id":"833099","latitude":"53.68333300","longitude":"-1.11666700","name":"Great Heck"},{"id":"833105","latitude":"53.55000000","longitude":"-1.35000000","name":"Great Houghton"},{"id":"833112","latitude":"53.55000000","longitude":"-0.28333300","name":"Great Limber"},{"id":"833130","latitude":"52.45000000","longitude":"-0.71666700","name":"Great Oakley"},{"id":"833135","latitude":"54.05000000","longitude":"-1.31666700","name":"Great Ouseburn"},{"id":"833156","latitude":"54.43333300","longitude":"-1.46666700","name":"Great Smeaton"},{"id":"833197","latitude":"54.00000000","longitude":"-1.30000000","name":"Green Hammerton"},{"id":"833203","latitude":"54.06666700","longitude":"-1.81666700","name":"Greenhow"},{"id":"833204","latitude":"54.06666700","longitude":"-1.81666700","name":"Greenhow Hill"},{"id":"833215","latitude":"53.68333300","longitude":"-1.86666700","name":"Greetland"},{"id":"833229","latitude":"54.18333300","longitude":"-1.65000000","name":"Grewelthorpe"},{"id":"833245","latitude":"54.11666700","longitude":"-0.26666700","name":"Grindale"},{"id":"833256","latitude":"54.36666700","longitude":"-1.93333300","name":"Grinton"},{"id":"833257","latitude":"54.21666700","longitude":"-0.33333300","name":"Gristhorpe"},{"id":"833266","latitude":"54.43333300","longitude":"-0.71666700","name":"Grosmont"},{"id":"833288","latitude":"54.53333300","longitude":"-1.15000000","name":"Guisborough"},{"id":"833289","latitude":"53.86666700","longitude":"-1.71666700","name":"Guiseley"},{"id":"833298","latitude":"54.36666700","longitude":"-2.06666700","name":"Gunnerside"},{"id":"833336","latitude":"53.60000000","longitude":"-0.25000000","name":"Habrough"},{"id":"833341","latitude":"54.33333300","longitude":"-1.60000000","name":"Hackforth"},{"id":"833344","latitude":"54.28333300","longitude":"-0.50000000","name":"Hackness"},{"id":"833350","latitude":"53.71666700","longitude":"-1.11666700","name":"Haddesley"},{"id":"833369","latitude":"53.60000000","longitude":"-1.55000000","name":"Haigh"},{"id":"833405","latitude":"53.71666700","longitude":"-0.08333300","name":"Halsham"},{"id":"833411","latitude":"54.16666700","longitude":"-2.18333300","name":"Halton Gill"},{"id":"833429","latitude":"53.76666700","longitude":"-1.16666700","name":"Hambleton"},{"id":"833439","latitude":"53.98333300","longitude":"-1.30000000","name":"Hammerton"},{"id":"833512","latitude":"53.90000000","longitude":"-1.50000000","name":"Harewood"},{"id":"833529","latitude":"53.51666700","longitude":"-1.26666700","name":"Harlington"},{"id":"833538","latitude":"54.21666700","longitude":"-1.00000000","name":"Harome"},{"id":"833540","latitude":"54.03333300","longitude":"-0.33333300","name":"Harpham"},{"id":"833548","latitude":"51.23333300","longitude":"0.68333300","name":"Harrietsham"},{"id":"833588","latitude":"54.21666700","longitude":"-1.00000000","name":"Harum"},{"id":"833621","latitude":"52.78333300","longitude":"-1.25000000","name":"Hathern"},{"id":"833638","latitude":"54.33333300","longitude":"-1.73333300","name":"Hauxwell"},{"id":"833652","latitude":"54.30000000","longitude":"-2.20000000","name":"Hawes"},{"id":"833654","latitude":"50.98333300","longitude":"-3.18333300","name":"Hawkaller"},{"id":"833670","latitude":"53.81666700","longitude":"-1.95000000","name":"Haworth"},{"id":"833672","latitude":"54.45000000","longitude":"-0.56666700","name":"Hawsker"},{"id":"833677","latitude":"54.01666700","longitude":"-1.06666700","name":"Haxby"},{"id":"833683","latitude":"52.93333300","longitude":"-0.48333300","name":"Haydor"},{"id":"833703","latitude":"53.51666700","longitude":"-1.71666700","name":"Hazelhead"},{"id":"833705","latitude":"53.51666700","longitude":"-1.71666700","name":"Hazlehead Bridge"},{"id":"833716","latitude":"54.21666700","longitude":"-1.73333300","name":"Healey"},{"id":"833717","latitude":"53.56666700","longitude":"-0.16666700","name":"Healing"},{"id":"833722","latitude":"53.01666700","longitude":"-0.41666700","name":"Heasingham"},{"id":"833734","latitude":"53.75000000","longitude":"-2.01666700","name":"Hebden Bridge"},{"id":"833735","latitude":"54.06666700","longitude":"-1.95000000","name":"Hebden"},{"id":"833739","latitude":"53.68333300","longitude":"-1.11666700","name":"Heck"},{"id":"833741","latitude":"53.70000000","longitude":"-1.66666700","name":"Heckmondwike"},{"id":"833745","latitude":"53.73333300","longitude":"-0.18333300","name":"Hedon"},{"id":"833769","latitude":"54.11666700","longitude":"-0.53333300","name":"Helperthorpe"},{"id":"833780","latitude":"53.76666700","longitude":"-0.98333300","name":"Hemingbrough"},{"id":"833820","latitude":"53.70000000","longitude":"-1.10000000","name":"Hensall"},{"id":"833830","latitude":"53.75000000","longitude":"-2.01666700","name":"Heptonstall"},{"id":"833832","latitude":"53.55000000","longitude":"-1.75000000","name":"Hepworth"},{"id":"833855","latitude":"54.16666700","longitude":"-0.60000000","name":"Heslerton"},{"id":"833856","latitude":"53.95000000","longitude":"-1.03333300","name":"Heslington"},{"id":"833857","latitude":"53.96666700","longitude":"-1.20000000","name":"Hessay"},{"id":"833860","latitude":"53.71666700","longitude":"-0.43333300","name":"Hessle"},{"id":"833867","latitude":"54.01666700","longitude":"-2.05000000","name":"Hetton"},{"id":"833879","latitude":"52.93333300","longitude":"-0.48333300","name":"Heydour"},{"id":"833888","latitude":"53.53333300","longitude":"-1.28333300","name":"Hickleton"},{"id":"833890","latitude":"53.65000000","longitude":"-1.33333300","name":"High Ackworth"},{"id":"833915","latitude":"53.80000000","longitude":"-0.90000000","name":"Highfield"},{"id":"833926","latitude":"54.10000000","longitude":"-0.85000000","name":"High Hutton"},{"id":"833979","latitude":"53.78333300","longitude":"-0.05000000","name":"Hilston"},{"id":"833983","latitude":"54.56666700","longitude":"-2.41666700","name":"Hilton"},{"id":"833988","latitude":"54.53333300","longitude":"-0.76666700","name":"Hinderwell"},{"id":"834069","latitude":"51.25000000","longitude":"0.65000000","name":"Hollingbourne"},{"id":"834076","latitude":"53.70000000","longitude":"0.03333300","name":"Hollym"},{"id":"834077","latitude":"53.55000000","longitude":"-1.81666700","name":"Holmbridge"},{"id":"834080","latitude":"53.55000000","longitude":"-1.81666700","name":"Holmebridge"},{"id":"834087","latitude":"53.55000000","longitude":"-1.83333300","name":"Holme"},{"id":"834093","latitude":"53.83333300","longitude":"-0.76666700","name":"Holme upon Spalding Moor"},{"id":"834095","latitude":"53.55000000","longitude":"-1.76666700","name":"Holmfirth"},{"id":"834098","latitude":"53.68333300","longitude":"0.06666700","name":"Holmpton"},{"id":"834102","latitude":"53.96666700","longitude":"-0.96666700","name":"Holtby"},{"id":"834115","latitude":"54.61666700","longitude":"-2.15000000","name":"Holwick"},{"id":"834122","latitude":"53.76666700","longitude":"-1.61666700","name":"Home of the Gilders"},{"id":"834130","latitude":"52.96666700","longitude":"-0.58333300","name":"Honington"},{"id":"834133","latitude":"53.60000000","longitude":"-1.80000000","name":"Honley"},{"id":"834142","latitude":"53.46666700","longitude":"-1.26666700","name":"Hooton Roberts"},{"id":"834161","latitude":"53.66666700","longitude":"-1.55000000","name":"Horbury"},{"id":"834169","latitude":"53.65000000","longitude":"-0.51666700","name":"Horkstow"},{"id":"834175","latitude":"54.33333300","longitude":"-1.66666700","name":"Hornby"},{"id":"834187","latitude":"53.90000000","longitude":"-0.16666700","name":"Hornsea"},{"id":"834215","latitude":"54.13333300","longitude":"-2.28333300","name":"Horton"},{"id":"834217","latitude":"54.13333300","longitude":"-2.28333300","name":"Horton in Ribblesdale"},{"id":"834225","latitude":"52.98333300","longitude":"-0.66666700","name":"Hougham"},{"id":"834228","latitude":"53.00000000","longitude":"-0.61666700","name":"Hough"},{"id":"834229","latitude":"53.00000000","longitude":"-0.61666700","name":"Hough on the Hill"},{"id":"834235","latitude":"53.55000000","longitude":"-1.35000000","name":"Houghton"},{"id":"834249","latitude":"54.16666700","longitude":"-0.96666700","name":"Hovingham"},{"id":"834250","latitude":"54.16666700","longitude":"-0.96666700","name":"Hovingham Spa"},{"id":"834251","latitude":"53.73333300","longitude":"-0.86666700","name":"Howden"},{"id":"834268","latitude":"54.08333300","longitude":"-1.13333300","name":"Huby"},{"id":"834275","latitude":"53.98333300","longitude":"-0.65000000","name":"Huggate"},{"id":"834289","latitude":"53.53333300","longitude":"-0.03333300","name":"Humberstone"},{"id":"834290","latitude":"53.53333300","longitude":"-0.03333300","name":"Humberston"},{"id":"834292","latitude":"53.78333300","longitude":"-0.15000000","name":"Humbleton"},{"id":"834304","latitude":"54.16666700","longitude":"-0.31666700","name":"Hunmanby"},{"id":"834314","latitude":"54.00000000","longitude":"-1.05000000","name":"Huntington"},{"id":"834318","latitude":"54.33333300","longitude":"-1.70000000","name":"Hunton"},{"id":"834348","latitude":"54.23333300","longitude":"-0.50000000","name":"Hutton Bushel"},{"id":"834353","latitude":"53.96666700","longitude":"-0.43333300","name":"Hutton"},{"id":"834355","latitude":"54.28333300","longitude":"-0.91666700","name":"Hutton le Hole"},{"id":"834388","latitude":"53.83333300","longitude":"-1.73333300","name":"Idle"},{"id":"834406","latitude":"53.91666700","longitude":"-1.81666700","name":"Ilkley"},{"id":"834437","latitude":"53.55000000","longitude":"-1.66666700","name":"Ingbirchworth"},{"id":"834438","latitude":"54.08333300","longitude":"-1.55000000","name":"Ingerthorpe"},{"id":"834442","latitude":"54.10000000","longitude":"-2.38333300","name":"Ingleborough"},{"id":"834443","latitude":"54.43333300","longitude":"-1.10000000","name":"Ingleby"},{"id":"834539","latitude":"53.51666700","longitude":"-0.20000000","name":"Irby"},{"id":"834540","latitude":"53.51666700","longitude":"-0.20000000","name":"Irby upon Humber"},{"id":"834613","latitude":"53.96666700","longitude":"-1.08333300","name":"Jorvik"},{"id":"834632","latitude":"53.56666700","longitude":"-0.25000000","name":"Keelby"},{"id":"834637","latitude":"52.81666700","longitude":"-1.26666700","name":"Kegworth"},{"id":"834652","latitude":"52.95000000","longitude":"-0.50000000","name":"Kelby"},{"id":"834654","latitude":"54.06666700","longitude":"-1.83333300","name":"Keld Houses"},{"id":"834655","latitude":"54.40000000","longitude":"-2.16666700","name":"Keld"},{"id":"834741","latitude":"52.18333300","longitude":"1.31666700","name":"Kettleburgh"},{"id":"834746","latitude":"54.13333300","longitude":"-2.05000000","name":"Kettlewell"},{"id":"834754","latitude":"53.70000000","longitude":"-0.11666700","name":"Keyingham"},{"id":"834792","latitude":"54.46666700","longitude":"-1.06666700","name":"Kildale"},{"id":"834804","latitude":"54.05000000","longitude":"-0.36666700","name":"Kilham"},{"id":"834828","latitude":"53.58333300","longitude":"-0.26666700","name":"Killingholme"},{"id":"834870","latitude":"53.46666700","longitude":"-1.30000000","name":"Kilnhurst"},{"id":"834873","latitude":"53.61666700","longitude":"0.13333300","name":"Kilnsea"},{"id":"834874","latitude":"54.10000000","longitude":"-2.03333300","name":"Kilnsey"},{"id":"834875","latitude":"53.93333300","longitude":"-0.48333300","name":"Kilnwick"},{"id":"834957","latitude":"52.83333300","longitude":"-1.41666700","name":"King's Newton"},{"id":"834983","latitude":"52.83333300","longitude":"-1.25000000","name":"Kingston"},{"id":"834986","latitude":"52.83333300","longitude":"-1.25000000","name":"Kingston on Soar"},{"id":"835035","latitude":"52.85000000","longitude":"-0.98333300","name":"Kinoulton"},{"id":"835053","latitude":"53.76666700","longitude":"-1.36666700","name":"Kippax"},{"id":"835060","latitude":"54.43333300","longitude":"-1.16666700","name":"Kirby"},{"id":"835064","latitude":"54.26666700","longitude":"-0.93333300","name":"Kirby Moorside"},{"id":"835067","latitude":"54.00000000","longitude":"-0.75000000","name":"Kirby Underdale"},{"id":"835069","latitude":"54.26666700","longitude":"-1.41666700","name":"Kirby Wiske"},{"id":"835079","latitude":"53.98333300","longitude":"-0.50000000","name":"Kirkburn"},{"id":"835080","latitude":"53.60000000","longitude":"-1.70000000","name":"Kirkburton"},{"id":"835081","latitude":"54.35000000","longitude":"-1.56666700","name":"Kirkby Fleetham"},{"id":"835082","latitude":"54.08333300","longitude":"-0.61666700","name":"Kirkby Grindalythe"},{"id":"835090","latitude":"54.03333300","longitude":"-2.15000000","name":"Kirkby Malham"},{"id":"835092","latitude":"54.16666700","longitude":"-1.65000000","name":"Kirkby Malzeard"},{"id":"835094","latitude":"54.26666700","longitude":"-0.93333300","name":"Kirkby Moorside"},{"id":"835099","latitude":"54.00000000","longitude":"-0.75000000","name":"Kirkby Underdale"},{"id":"835100","latitude":"54.26666700","longitude":"-1.41666700","name":"Kirkby Wiske"},{"id":"835109","latitude":"53.75000000","longitude":"-0.45000000","name":"Kirk Ella"},{"id":"835111","latitude":"53.70000000","longitude":"-1.55000000","name":"Kirkhamgate"},{"id":"835113","latitude":"54.08333300","longitude":"-0.86666700","name":"Kirkham"},{"id":"835114","latitude":"53.98333300","longitude":"-1.30000000","name":"Kirk Hammerton"},{"id":"835130","latitude":"54.48333300","longitude":"-1.33333300","name":"Kirk Leavington"},{"id":"835131","latitude":"54.48333300","longitude":"-1.33333300","name":"Kirklevington"},{"id":"835133","latitude":"54.21666700","longitude":"-1.50000000","name":"Kirklington"},{"id":"835183","latitude":"53.58333300","longitude":"-0.33333300","name":"Kirmington"},{"id":"835205","latitude":"54.00000000","longitude":"-1.46666700","name":"Knaresborough"},{"id":"835209","latitude":"53.73333300","longitude":"-0.88333300","name":"Knedlington"},{"id":"835210","latitude":"53.16666700","longitude":"-0.95000000","name":"Kneesall"},{"id":"835247","latitude":"53.70000000","longitude":"-1.23333300","name":"Knottingley"},{"id":"835248","latitude":"53.70000000","longitude":"-1.23333300","name":"Knottingly"},{"id":"835267","latitude":"53.53333300","longitude":"-0.16666700","name":"Laceby"},{"id":"835330","latitude":"52.90000000","longitude":"-0.91666700","name":"Langar"},{"id":"835332","latitude":"54.06666700","longitude":"-2.26666700","name":"Langcliffe"},{"id":"835351","latitude":"51.23333300","longitude":"0.58333300","name":"Langley"},{"id":"835360","latitude":"53.50000000","longitude":"-1.68333300","name":"Langsett"},{"id":"835368","latitude":"54.08333300","longitude":"-0.78333300","name":"Langton"},{"id":"835407","latitude":"54.28333300","longitude":"-0.88333300","name":"Lastingham"},{"id":"835430","latitude":"54.15000000","longitude":"-1.65000000","name":"Laverton"},{"id":"835445","latitude":"53.18333300","longitude":"-0.91666700","name":"Laxton"},{"id":"835453","latitude":"53.05000000","longitude":"-0.58333300","name":"Leadenham"},{"id":"835467","latitude":"54.45000000","longitude":"-0.81666700","name":"Lealholm Bridge"},{"id":"835468","latitude":"54.45000000","longitude":"-0.81666700","name":"Lealholm"},{"id":"835473","latitude":"53.01666700","longitude":"-0.41666700","name":"Leasingham"},{"id":"835475","latitude":"53.91666700","longitude":"-1.65000000","name":"Leathley"},{"id":"835479","latitude":"54.05000000","longitude":"-0.80000000","name":"Leavening"},{"id":"835497","latitude":"53.76666700","longitude":"-1.31666700","name":"Ledsham"},{"id":"835498","latitude":"53.75000000","longitude":"-1.35000000","name":"Ledstone"},{"id":"835499","latitude":"53.75000000","longitude":"-1.35000000","name":"Ledston"},{"id":"835505","latitude":"51.23333300","longitude":"0.61666700","name":"Leeds"},{"id":"835511","latitude":"54.30000000","longitude":"-1.55000000","name":"Leeming Bar"},{"id":"835592","latitude":"54.30000000","longitude":"-0.71666700","name":"Levisham"},{"id":"835603","latitude":"54.30000000","longitude":"-1.81666700","name":"Leyburn"},{"id":"835639","latitude":"53.55000000","longitude":"-0.28333300","name":"Limber"},{"id":"835674","latitude":"54.03333300","longitude":"-1.25000000","name":"Linton"},{"id":"835676","latitude":"54.03333300","longitude":"-1.25000000","name":"Linton-on-Ouse"},{"id":"835677","latitude":"54.03333300","longitude":"-1.25000000","name":"Linton upon Ouse"},{"id":"835696","latitude":"54.00000000","longitude":"-0.23333300","name":"Lissett"},{"id":"835711","latitude":"54.48333300","longitude":"-1.13333300","name":"Little Ayton"},{"id":"835740","latitude":"53.56666700","longitude":"-0.11666700","name":"Little Coates"},{"id":"835743","latitude":"52.90000000","longitude":"-1.51666700","name":"Littlecover"},{"id":"835750","latitude":"54.01666700","longitude":"-0.45000000","name":"Little Driffield"},{"id":"835797","latitude":"54.03333300","longitude":"-1.31666700","name":"Little Ouseburn"},{"id":"835798","latitude":"52.90000000","longitude":"-1.51666700","name":"Littleover"},{"id":"835805","latitude":"53.96666700","longitude":"-1.41666700","name":"Little Ribston"},{"id":"835850","latitude":"54.15000000","longitude":"-2.13333300","name":"Litton"},{"id":"835853","latitude":"53.70000000","longitude":"-1.70000000","name":"Liversedge"},{"id":"836309","latitude":"53.90000000","longitude":"-0.48333300","name":"Lockington"},{"id":"836318","latitude":"54.15000000","longitude":"-1.83333300","name":"Lofthouse-in-Nidderdale"},{"id":"836320","latitude":"54.15000000","longitude":"-1.83333300","name":"Lofthouse"},{"id":"836321","latitude":"54.55000000","longitude":"-0.88333300","name":"Loftus"},{"id":"836331","latitude":"53.88333300","longitude":"-0.68333300","name":"Londesborough"},{"id":"836385","latitude":"53.95000000","longitude":"-1.23333300","name":"Long Marston"},{"id":"836399","latitude":"54.00000000","longitude":"-2.25000000","name":"Long Preston"},{"id":"836402","latitude":"53.86666700","longitude":"-0.28333300","name":"Long Riston"},{"id":"836420","latitude":"52.78333300","longitude":"-1.28333300","name":"Long Whatton"},{"id":"836450","latitude":"53.63333300","longitude":"-1.31666700","name":"Low Ackworth"},{"id":"836452","latitude":"53.91666700","longitude":"-2.00000000","name":"Low Bradley"},{"id":"836454","latitude":"53.98333300","longitude":"-0.93333300","name":"Low Catton"},{"id":"836511","latitude":"54.08333300","longitude":"-0.83333300","name":"Low Hutton"},{"id":"836514","latitude":"53.75000000","longitude":"-1.75000000","name":"Low Moor"},{"id":"836520","latitude":"54.01666700","longitude":"-0.35000000","name":"Lowthorpe"},{"id":"836540","latitude":"53.71666700","longitude":"-1.93333300","name":"Luddenden Foot"},{"id":"836573","latitude":"53.91666700","longitude":"-0.51666700","name":"Lund"},{"id":"836601","latitude":"53.71666700","longitude":"-2.11666700","name":"Lydgate"},{"id":"836635","latitude":"54.50000000","longitude":"-0.68333300","name":"Lythe"},{"id":"836704","latitude":"54.05000000","longitude":"-2.15000000","name":"Malham"},{"id":"836715","latitude":"54.13333300","longitude":"-0.80000000","name":"Malton"},{"id":"836766","latitude":"53.88333300","longitude":"-0.15000000","name":"Mapleton"},{"id":"836768","latitude":"53.88333300","longitude":"-0.15000000","name":"Mappleton"},{"id":"836789","latitude":"53.73333300","longitude":"-0.26666700","name":"Marfleet"},{"id":"836833","latitude":"53.53333300","longitude":"-1.23333300","name":"Marr"},{"id":"836836","latitude":"53.60000000","longitude":"-1.91666700","name":"Marsden"},{"id":"836837","latitude":"54.26666700","longitude":"-2.15000000","name":"Marsett"},{"id":"836849","latitude":"54.59277800","longitude":"-1.01750000","name":"Marske-by-the-Sea"},{"id":"836851","latitude":"54.59277800","longitude":"-1.01750000","name":"Marske"},{"id":"836858","latitude":"52.96666700","longitude":"-0.66666700","name":"Marston"},{"id":"836875","latitude":"54.11666700","longitude":"-1.06666700","name":"Marton cum Moxby"},{"id":"836876","latitude":"54.53333300","longitude":"-1.18333300","name":"Marton-in-Cleveland"},{"id":"836877","latitude":"54.11666700","longitude":"-1.06666700","name":"Marton in the Forest"},{"id":"836878","latitude":"54.06666700","longitude":"-1.36666700","name":"Marton le Moor"},{"id":"836882","latitude":"54.06666700","longitude":"-1.36666700","name":"Marton"},{"id":"836884","latitude":"54.23333300","longitude":"-0.86666700","name":"Marton near Pickering"},{"id":"836895","latitude":"54.21666700","longitude":"-1.65000000","name":"Masham"},{"id":"836934","latitude":"52.71666700","longitude":"-1.50000000","name":"Measham"},{"id":"836935","latitude":"53.85000000","longitude":"-0.33333300","name":"Meaux"},{"id":"836937","latitude":"52.51666700","longitude":"-0.81666700","name":"Medbourne"},{"id":"836955","latitude":"52.81666700","longitude":"-1.43333300","name":"Melbourne"},{"id":"836975","latitude":"54.18333300","longitude":"-1.48333300","name":"Melmerby"},{"id":"836978","latitude":"53.85000000","longitude":"-0.33333300","name":"Melsa"},{"id":"836981","latitude":"53.58333300","longitude":"-1.85000000","name":"Meltham"},{"id":"836985","latitude":"53.58333300","longitude":"-0.38333300","name":"Melton Ross"},{"id":"836998","latitude":"53.88333300","longitude":"-1.73333300","name":"Menston"},{"id":"836999","latitude":"53.80000000","longitude":"-0.93333300","name":"Menthorpe"},{"id":"837039","latitude":"53.73333300","longitude":"-1.40000000","name":"Methley"},{"id":"837046","latitude":"53.48333300","longitude":"-1.26666700","name":"Mexborough"},{"id":"837057","latitude":"54.50000000","longitude":"-0.75000000","name":"Mickleby"},{"id":"837058","latitude":"53.80000000","longitude":"-1.33333300","name":"Micklefield"},{"id":"837061","latitude":"52.90000000","longitude":"-1.53333300","name":"Mickleover"},{"id":"837066","latitude":"54.18333300","longitude":"-1.60000000","name":"Mickley"},{"id":"837074","latitude":"54.28333300","longitude":"-1.81666700","name":"Middleham"},{"id":"837083","latitude":"54.16666700","longitude":"-1.85000000","name":"Middlesmoor"},{"id":"837084","latitude":"53.65000000","longitude":"-1.60000000","name":"Middlestown"},{"id":"837096","latitude":"53.93333300","longitude":"-1.81666700","name":"Middleton"},{"id":"837099","latitude":"54.50000000","longitude":"-1.46666700","name":"Middleton One Row"},{"id":"837102","latitude":"53.93333300","longitude":"-0.55000000","name":"Middleton on the Wolds"},{"id":"837105","latitude":"54.46666700","longitude":"-1.26666700","name":"Middleton upon Leven"},{"id":"837106","latitude":"53.65000000","longitude":"-1.60000000","name":"Middletown"},{"id":"837220","latitude":"53.66666700","longitude":"-1.68333300","name":"Mirfield"},{"id":"837273","latitude":"53.75000000","longitude":"-1.23333300","name":"Monk Fryston"},{"id":"837290","latitude":"54.08333300","longitude":"-1.50000000","name":"Monkton"},{"id":"837311","latitude":"53.63333300","longitude":"-1.90000000","name":"Moorside Edge"},{"id":"837314","latitude":"53.58333300","longitude":"-1.30000000","name":"Moorthorpe"},{"id":"837355","latitude":"53.73333300","longitude":"-1.58333300","name":"Morley"},{"id":"837460","latitude":"54.36666700","longitude":"-2.13333300","name":"Muker"},{"id":"837484","latitude":"54.58333300","longitude":"-2.41666700","name":"Murton"},{"id":"837489","latitude":"54.21666700","longitude":"-0.31666700","name":"Muston"},{"id":"837504","latitude":"53.73333300","longitude":"-2.03333300","name":"Mytholm"},{"id":"837505","latitude":"53.71666700","longitude":"-1.98333300","name":"Mytholmroyd"},{"id":"837506","latitude":"54.08333300","longitude":"-1.31666700","name":"Myton"},{"id":"837507","latitude":"54.08333300","longitude":"-1.31666700","name":"Myton on Swale"},{"id":"837509","latitude":"53.90000000","longitude":"-1.08333300","name":"Naburn"},{"id":"837511","latitude":"54.00000000","longitude":"-0.38333300","name":"Nafferton"},{"id":"837542","latitude":"53.10000000","longitude":"-0.51666700","name":"Navenby"},{"id":"837546","latitude":"54.23333300","longitude":"-0.98333300","name":"Nawton"},{"id":"837586","latitude":"53.98333300","longitude":"-1.13333300","name":"Nether Poppleton"},{"id":"837651","latitude":"54.11666700","longitude":"-2.41666700","name":"Newby Cave"},{"id":"837652","latitude":"54.25000000","longitude":"-2.31666700","name":"Newby Head"},{"id":"837655","latitude":"54.11666700","longitude":"-2.41666700","name":"Newby"},{"id":"837680","latitude":"53.98333300","longitude":"-1.06666700","name":"New Earswick"},{"id":"837695","latitude":"53.70000000","longitude":"-0.36666700","name":"New Holland"},{"id":"837760","latitude":"53.90000000","longitude":"-1.30000000","name":"Newton Kyme"},{"id":"837777","latitude":"54.03333300","longitude":"-1.21666700","name":"Newton"},{"id":"837794","latitude":"54.03333300","longitude":"-1.21666700","name":"Newton upon Ouse"},{"id":"837836","latitude":"54.21666700","longitude":"-0.86666700","name":"Normanby"},{"id":"837838","latitude":"52.70000000","longitude":"-1.43333300","name":"Normanton le Heath"},{"id":"837839","latitude":"52.70000000","longitude":"-1.43333300","name":"Normanton"},{"id":"837840","latitude":"52.86666700","longitude":"-1.06666700","name":"Normanton on the Wolds"},{"id":"837841","latitude":"53.20000000","longitude":"-0.81666700","name":"Normanton on Trent"},{"id":"837842","latitude":"52.78333300","longitude":"-1.23333300","name":"Normanton upon Soar"},{"id":"837843","latitude":"53.20000000","longitude":"-0.81666700","name":"Normanton upon Trent"},{"id":"837861","latitude":"54.11666700","longitude":"-0.33333300","name":"North Burton"},{"id":"837872","latitude":"53.23333300","longitude":"-0.76666700","name":"North Clifton"},{"id":"837884","latitude":"53.95000000","longitude":"-0.56666700","name":"North Dalton"},{"id":"837893","latitude":"53.71666700","longitude":"-0.50000000","name":"North Ferriby"},{"id":"837896","latitude":"53.96666700","longitude":"-0.48333300","name":"North Frodingham"},{"id":"837898","latitude":"54.08333300","longitude":"-0.70000000","name":"North Grimston"},{"id":"837911","latitude":"53.58333300","longitude":"-0.26666700","name":"North Killingholme"},{"id":"837912","latitude":"54.26666700","longitude":"-1.35000000","name":"North Kilvington"},{"id":"838001","latitude":"54.11666700","longitude":"-0.76666700","name":"Norton"},{"id":"838003","latitude":"54.58333300","longitude":"-1.31666700","name":"Norton-on-Tees"},{"id":"838018","latitude":"54.01666700","longitude":"-1.21666700","name":"Nun Monkton"},{"id":"838020","latitude":"54.20000000","longitude":"-0.98333300","name":"Nunnington"},{"id":"838022","latitude":"54.51666700","longitude":"-1.16666700","name":"Nunthorpe"},{"id":"838023","latitude":"54.16666700","longitude":"-1.50000000","name":"Nunwick"},{"id":"838034","latitude":"51.00000000","longitude":"-3.20000000","name":"Nynehead"},{"id":"838106","latitude":"53.55000000","longitude":"-0.05000000","name":"Old Clee"},{"id":"838118","latitude":"54.13333300","longitude":"-0.75000000","name":"Old Malton"},{"id":"838196","latitude":"53.66666700","longitude":"-1.56666700","name":"Ossett"},{"id":"838198","latitude":"54.20000000","longitude":"-1.05000000","name":"Oswaldkirk"},{"id":"838203","latitude":"52.15000000","longitude":"1.23333300","name":"Otley"},{"id":"838215","latitude":"53.70000000","longitude":"-0.08333300","name":"Ottringham"},{"id":"838225","latitude":"54.05000000","longitude":"-1.31666700","name":"Ouseburn"},{"id":"838228","latitude":"53.66666700","longitude":"0.08333300","name":"Out Newton"},{"id":"838267","latitude":"53.80000000","longitude":"-1.95000000","name":"Oxenhope"},{"id":"838275","latitude":"53.88333300","longitude":"-1.23333300","name":"Oxton"},{"id":"838282","latitude":"52.71666700","longitude":"-1.46666700","name":"Packington"},{"id":"838291","latitude":"54.03333300","longitude":"-1.75000000","name":"Padside"},{"id":"838365","latitude":"54.08333300","longitude":"-1.75000000","name":"Pateley Bridge"},{"id":"838373","latitude":"53.66666700","longitude":"-0.01666700","name":"Patrington"},{"id":"838380","latitude":"53.71666700","longitude":"-0.23333300","name":"Paull"},{"id":"838440","latitude":"53.51666700","longitude":"-1.61666700","name":"Penistone"},{"id":"838558","latitude":"54.25000000","longitude":"-0.76666700","name":"Pickering"},{"id":"838559","latitude":"54.23333300","longitude":"-1.46666700","name":"Pickhill"},{"id":"838562","latitude":"54.45000000","longitude":"-1.35000000","name":"Picton"},{"id":"838651","latitude":"52.86666700","longitude":"-1.08333300","name":"Plumtree"},{"id":"838675","latitude":"53.66666700","longitude":"-1.06666700","name":"Pollington"},{"id":"838699","latitude":"53.68333300","longitude":"-1.30000000","name":"Pontefract"},{"id":"838751","latitude":"53.96666700","longitude":"-1.15000000","name":"Poppleton"},{"id":"838868","latitude":"54.41666700","longitude":"-1.26666700","name":"Potto"},{"id":"838875","latitude":"51.70000000","longitude":"-1.85000000","name":"Poulton"},{"id":"838948","latitude":"53.78333300","longitude":"-1.66666700","name":"Pudsey"},{"id":"838969","latitude":"53.68333300","longitude":"-1.36666700","name":"Purston Jaglin"},{"id":"838996","latitude":"52.96666700","longitude":"-0.41666700","name":"Quarington"},{"id":"839000","latitude":"52.96666700","longitude":"-0.41666700","name":"Quarrington"},{"id":"839008","latitude":"53.76666700","longitude":"-1.91666700","name":"Queensbury"},{"id":"839074","latitude":"54.13333300","longitude":"-1.81666700","name":"Ramsgill"},{"id":"839089","latitude":"54.13333300","longitude":"-1.25000000","name":"Raskelf"},{"id":"839090","latitude":"52.85000000","longitude":"-1.25000000","name":"Ratcliffe on Soar"},{"id":"839093","latitude":"52.85000000","longitude":"-1.25000000","name":"Ratcliffe"},{"id":"839094","latitude":"52.85000000","longitude":"-1.25000000","name":"Ratcliffe-upon-Soar"},{"id":"839099","latitude":"54.01666700","longitude":"-2.30000000","name":"Rathmell"},{"id":"839110","latitude":"53.00000000","longitude":"-0.48333300","name":"Rauceby"},{"id":"839117","latitude":"54.40444400","longitude":"-0.50388900","name":"Ravenscar"},{"id":"839120","latitude":"52.70000000","longitude":"-1.40000000","name":"Ravenstone"},{"id":"839121","latitude":"52.70000000","longitude":"-1.40000000","name":"Ravenstone with Snibston"},{"id":"839125","latitude":"53.68333300","longitude":"-0.95000000","name":"Rawcliffe"},{"id":"839126","latitude":"53.83333300","longitude":"-1.66666700","name":"Rawdon"},{"id":"839144","latitude":"54.60750000","longitude":"-1.05944400","name":"Redcar"},{"id":"839160","latitude":"54.31666700","longitude":"-1.91666700","name":"Redmire"},{"id":"839174","latitude":"54.38333300","longitude":"-1.93333300","name":"Reeth"},{"id":"839179","latitude":"54.15000000","longitude":"-0.26666700","name":"Reighton"},{"id":"839191","latitude":"52.83333300","longitude":"-1.55000000","name":"Repton"},{"id":"839250","latitude":"53.96666700","longitude":"-1.41666700","name":"Ribston"},{"id":"839251","latitude":"53.55000000","longitude":"-0.21666700","name":"Riby"},{"id":"839252","latitude":"53.83333300","longitude":"-1.05000000","name":"Riccall"},{"id":"839274","latitude":"54.01666700","longitude":"-2.05000000","name":"Rilstone"},{"id":"839276","latitude":"53.73333300","longitude":"-0.01666700","name":"Rimswell"},{"id":"839294","latitude":"54.11666700","longitude":"-1.51666700","name":"Ripon"},{"id":"839297","latitude":"53.66666700","longitude":"-1.95000000","name":"Ripponden"},{"id":"839303","latitude":"53.86666700","longitude":"-0.23333300","name":"Rise"},{"id":"839306","latitude":"53.66666700","longitude":"-1.95000000","name":"Rishworth"},{"id":"839323","latitude":"53.68333300","longitude":"-1.70000000","name":"Robert Town"},{"id":"839345","latitude":"52.50000000","longitude":"-0.71666700","name":"Rockingham"},{"id":"839355","latitude":"53.81666700","longitude":"-1.66666700","name":"Rodley"},{"id":"839360","latitude":"54.08333300","longitude":"-1.41666700","name":"Roecliffe"},{"id":"839389","latitude":"53.75000000","longitude":"-0.05000000","name":"Roos"},{"id":"839401","latitude":"54.35000000","longitude":"-0.88333300","name":"Rosedale Abbey"},{"id":"839447","latitude":"53.95000000","longitude":"-0.38333300","name":"Rotsea"},{"id":"839458","latitude":"53.86666700","longitude":"-0.35000000","name":"Routh"},{"id":"839474","latitude":"53.08333300","longitude":"-0.38333300","name":"Rowston"},{"id":"839478","latitude":"54.53333300","longitude":"-0.81666700","name":"Roxby"},{"id":"839496","latitude":"54.45000000","longitude":"-1.25000000","name":"Rudby"},{"id":"839501","latitude":"54.08333300","longitude":"-0.31666700","name":"Rudston"},{"id":"839504","latitude":"53.95000000","longitude":"-1.20000000","name":"Rufforth"},{"id":"839516","latitude":"54.51666700","longitude":"-0.75000000","name":"Runswick"},{"id":"839531","latitude":"53.03333300","longitude":"-0.38333300","name":"Ruskington"},{"id":"839535","latitude":"54.03333300","longitude":"-0.36666700","name":"Ruston Parva"},{"id":"839536","latitude":"54.46666700","longitude":"-0.61666700","name":"Ruswarp"},{"id":"839557","latitude":"53.71666700","longitude":"-0.15000000","name":"Ryhill"},{"id":"839559","latitude":"54.01666700","longitude":"-2.05000000","name":"Rylstone"},{"id":"839560","latitude":"54.01666700","longitude":"-2.05000000","name":"Rystone"},{"id":"839769","latitude":"53.83333300","longitude":"-1.78333300","name":"Saltaire"},{"id":"839771","latitude":"54.58472200","longitude":"-0.97638900","name":"Saltburn-by-the-Sea"},{"id":"839772","latitude":"54.58472200","longitude":"-0.97638900","name":"Saltburn"},{"id":"839787","latitude":"54.20000000","longitude":"-0.90000000","name":"Salton"},{"id":"839809","latitude":"54.53333300","longitude":"-2.41666700","name":"Sandford"},{"id":"839816","latitude":"54.01666700","longitude":"-0.93333300","name":"Sand Hutton"},{"id":"839828","latitude":"54.50000000","longitude":"-0.66666700","name":"Sandsend"},{"id":"839867","latitude":"54.25000000","longitude":"-0.55000000","name":"Sawdon"},{"id":"839869","latitude":"52.86666700","longitude":"-1.30000000","name":"Sawley"},{"id":"839872","latitude":"53.63333300","longitude":"-0.50000000","name":"Saxby All Saints"},{"id":"839875","latitude":"53.63333300","longitude":"-0.50000000","name":"Saxby"},{"id":"839886","latitude":"53.81666700","longitude":"-1.28333300","name":"Saxton"},{"id":"839888","latitude":"54.13333300","longitude":"-0.71666700","name":"Scagglethorpe"},{"id":"839891","latitude":"54.28333300","longitude":"-0.43333300","name":"Scalby"},{"id":"839903","latitude":"54.28722200","longitude":"-0.41416700","name":"Scarborough"},{"id":"839904","latitude":"53.86666700","longitude":"-1.45000000","name":"Scarcroft"},{"id":"839915","latitude":"53.53333300","longitude":"-0.08333300","name":"Scartho"},{"id":"839922","latitude":"53.81666700","longitude":"-1.41666700","name":"Scholes"},{"id":"839933","latitude":"53.88333300","longitude":"-0.45000000","name":"Scorborough"},{"id":"839934","latitude":"53.88333300","longitude":"-0.45000000","name":"Scorbrough"},{"id":"839952","latitude":"54.01666700","longitude":"-0.86666700","name":"Scrayingham"},{"id":"839953","latitude":"52.93333300","longitude":"-0.36666700","name":"Scredington"},{"id":"839958","latitude":"54.31666700","longitude":"-1.53333300","name":"Scruton"},{"id":"839966","latitude":"53.81666700","longitude":"-1.45000000","name":"Seacroft"},{"id":"839980","latitude":"54.23333300","longitude":"-0.43333300","name":"Seamer"},{"id":"840014","latitude":"53.78333300","longitude":"-1.06666700","name":"Selby"},{"id":"840026","latitude":"54.16666700","longitude":"-2.33333300","name":"Selside"},{"id":"840044","latitude":"54.16666700","longitude":"-1.30000000","name":"Sessay"},{"id":"840047","latitude":"54.06666700","longitude":"-2.26666700","name":"Settle"},{"id":"840048","latitude":"54.11666700","longitude":"-0.71666700","name":"Settrington"},{"id":"840057","latitude":"54.43333300","longitude":"-1.25000000","name":"Sexhow"},{"id":"840080","latitude":"52.85000000","longitude":"-1.35000000","name":"Shardlow"},{"id":"840101","latitude":"52.75000000","longitude":"-1.28333300","name":"Sheepshed"},{"id":"840116","latitude":"53.60000000","longitude":"-1.68333300","name":"Shelley"},{"id":"840136","latitude":"53.58333300","longitude":"-1.71666700","name":"Shepley"},{"id":"840140","latitude":"52.75000000","longitude":"-1.28333300","name":"Shepshed"},{"id":"840149","latitude":"53.80000000","longitude":"-1.25000000","name":"Sherburn in Elmet"},{"id":"840151","latitude":"53.80000000","longitude":"-1.25000000","name":"Sherburn"},{"id":"840158","latitude":"54.08333300","longitude":"-1.00000000","name":"Sheriff Hutton"},{"id":"840194","latitude":"53.83333300","longitude":"-1.76666700","name":"Shipley"},{"id":"840200","latitude":"54.03333300","longitude":"-1.15000000","name":"Shipton"},{"id":"840268","latitude":"53.93333300","longitude":"-1.45000000","name":"Sicklinghall"},{"id":"840281","latitude":"53.90000000","longitude":"-0.23333300","name":"Sigglesthorne"},{"id":"840290","latitude":"52.96666700","longitude":"-0.41666700","name":"Silk Willoughby"},{"id":"840308","latitude":"54.23333300","longitude":"-1.46666700","name":"Sinderby"},{"id":"840311","latitude":"54.25000000","longitude":"-0.85000000","name":"Sinnington"},{"id":"840330","latitude":"53.65000000","longitude":"0.06666700","name":"Skeffling"},{"id":"840340","latitude":"53.58333300","longitude":"-1.65000000","name":"Skelmanthorpe"},{"id":"840349","latitude":"54.00000000","longitude":"-1.13333300","name":"Skelton"},{"id":"840354","latitude":"53.96666700","longitude":"-0.41666700","name":"Skerne"},{"id":"840363","latitude":"54.55000000","longitude":"-0.88333300","name":"Skinningrove"},{"id":"840365","latitude":"53.96666700","longitude":"-0.21666700","name":"Skipsea"},{"id":"840366","latitude":"53.96666700","longitude":"-2.01666700","name":"Skipton"},{"id":"840367","latitude":"53.83333300","longitude":"-0.98333300","name":"Skipwith"},{"id":"840382","latitude":"53.61666700","longitude":"-1.88333300","name":"Slaithwaite"},{"id":"840395","latitude":"54.06666700","longitude":"-0.56666700","name":"Sledmere"},{"id":"840397","latitude":"54.45000000","longitude":"-0.66666700","name":"Sleights"},{"id":"840404","latitude":"54.15000000","longitude":"-0.91666700","name":"Slingsby"},{"id":"840421","latitude":"54.21666700","longitude":"-0.58333300","name":"Snainton"},{"id":"840422","latitude":"53.68333300","longitude":"-1.03333300","name":"Snaith"},{"id":"840425","latitude":"52.66666700","longitude":"-1.48333300","name":"Snarestone"},{"id":"840430","latitude":"54.45000000","longitude":"-0.61666700","name":"Sneaton"},{"id":"840501","latitude":"53.96666700","longitude":"-0.48333300","name":"Southburn"},{"id":"840508","latitude":"53.21666700","longitude":"-0.76666700","name":"South Clifton"},{"id":"840517","latitude":"53.60000000","longitude":"-1.81666700","name":"South Crosland"},{"id":"840519","latitude":"53.60000000","longitude":"-1.81666700","name":"South Crossland"},{"id":"840533","latitude":"53.66666700","longitude":"-0.50000000","name":"South Ferriby"},{"id":"840548","latitude":"53.56666700","longitude":"-0.23333300","name":"South Killingholme"},{"id":"840549","latitude":"54.25000000","longitude":"-1.35000000","name":"South Kilvington"},{"id":"840559","latitude":"53.76666700","longitude":"-1.25000000","name":"South Milford"},{"id":"840579","latitude":"53.70000000","longitude":"-1.83333300","name":"Southowram"},{"id":"840623","latitude":"53.70000000","longitude":"-1.91666700","name":"Sowerby Bridge"},{"id":"840625","latitude":"53.80000000","longitude":"-0.85000000","name":"Spaldington"},{"id":"840634","latitude":"54.15000000","longitude":"-0.23333300","name":"Speeton"},{"id":"840638","latitude":"54.30000000","longitude":"-1.78333300","name":"Spennithorne"},{"id":"840658","latitude":"53.95000000","longitude":"-1.45000000","name":"Spofforth"},{"id":"840677","latitude":"53.78333300","longitude":"-0.18333300","name":"Sproatley"},{"id":"840678","latitude":"53.50000000","longitude":"-1.20000000","name":"Sprotboro"},{"id":"840679","latitude":"53.50000000","longitude":"-1.20000000","name":"Sprotbrough"},{"id":"840707","latitude":"54.08333300","longitude":"-2.26666700","name":"Stainforth"},{"id":"840708","latitude":"53.66666700","longitude":"-1.88333300","name":"Stainland"},{"id":"840710","latitude":"54.45000000","longitude":"-0.58333300","name":"Stainsacre"},{"id":"840711","latitude":"54.36666700","longitude":"-0.46666700","name":"Staintondale"},{"id":"840714","latitude":"53.43333300","longitude":"-1.16666700","name":"Stainton"},{"id":"840716","latitude":"54.55166700","longitude":"-0.78972200","name":"Staithes"},{"id":"840721","latitude":"53.58333300","longitude":"-0.18333300","name":"Stallingborough"},{"id":"840758","latitude":"53.80000000","longitude":"-1.63333300","name":"Stanningley"},{"id":"840802","latitude":"54.15000000","longitude":"-2.06666700","name":"Starbotton"},{"id":"840816","latitude":"54.05000000","longitude":"-1.45000000","name":"Staveley"},{"id":"840877","latitude":"53.86666700","longitude":"-1.10000000","name":"Stillingfleet"},{"id":"840879","latitude":"54.10000000","longitude":"-1.11666700","name":"Stillington"},{"id":"840919","latitude":"52.46666700","longitude":"-0.80000000","name":"Stoke Albany"},{"id":"840954","latitude":"54.46666700","longitude":"-1.20000000","name":"Stokesley"},{"id":"840970","latitude":"54.18333300","longitude":"-0.98333300","name":"Stonegrave"},{"id":"840986","latitude":"52.18333300","longitude":"1.13333300","name":"Stonham Aspall"},{"id":"840987","latitude":"52.18333300","longitude":"1.13333300","name":"Stonham"},{"id":"841007","latitude":"54.40000000","longitude":"-0.53333300","name":"Stoupe Brow"},{"id":"841080","latitude":"54.05000000","longitude":"-1.03333300","name":"Strensall"},{"id":"841117","latitude":"53.01666700","longitude":"-0.70000000","name":"Stubton"},{"id":"841121","latitude":"54.11666700","longitude":"-1.55000000","name":"Studley Roger"},{"id":"841122","latitude":"54.11666700","longitude":"-1.55000000","name":"Studley Royal"},{"id":"841164","latitude":"53.65000000","longitude":"-0.08333300","name":"Sunk Island"},{"id":"841176","latitude":"52.83333300","longitude":"-1.25000000","name":"Sutton Bonington"},{"id":"841182","latitude":"54.08333300","longitude":"-1.11666700","name":"Sutton in the Forest"},{"id":"841186","latitude":"53.78333300","longitude":"-0.31666700","name":"Sutton on Hull"},{"id":"841188","latitude":"54.08333300","longitude":"-1.11666700","name":"Sutton on the Forest"},{"id":"841199","latitude":"51.20000000","longitude":"0.58333300","name":"Sutton Valence"},{"id":"841207","latitude":"54.40000000","longitude":"-1.26666700","name":"Swainby"},{"id":"841216","latitude":"53.51666700","longitude":"-0.21666700","name":"Swallow"},{"id":"841222","latitude":"53.73333300","longitude":"-0.48333300","name":"Swanland"},{"id":"841232","latitude":"52.93333300","longitude":"-0.43333300","name":"Swarby"},{"id":"841234","latitude":"52.85000000","longitude":"-1.43333300","name":"Swarkeston"},{"id":"841245","latitude":"53.76666700","longitude":"-1.41666700","name":"Swillington"},{"id":"841254","latitude":"53.80000000","longitude":"-0.28333300","name":"Swine"},{"id":"841264","latitude":"53.48333300","longitude":"-1.31666700","name":"Swinton"},{"id":"841282","latitude":"52.95000000","longitude":"-0.60000000","name":"Syston"},{"id":"841286","latitude":"53.88333300","longitude":"-1.26666700","name":"Tadcaster"},{"id":"841326","latitude":"54.20000000","longitude":"-1.56666700","name":"Tanfield"},{"id":"841393","latitude":"54.58333300","longitude":"-1.31666700","name":"Tees Norton"},{"id":"841411","latitude":"53.71666700","longitude":"-1.08333300","name":"Temple Hirst"},{"id":"841433","latitude":"54.11666700","longitude":"-0.96666700","name":"Terrington"},{"id":"841488","latitude":"54.21666700","longitude":"-1.33333300","name":"Thirsk"},{"id":"841490","latitude":"53.80000000","longitude":"-0.23333300","name":"Thirtleby"},{"id":"841491","latitude":"54.03333300","longitude":"-0.70000000","name":"Thixendale"},{"id":"841493","latitude":"54.10000000","longitude":"-1.26666700","name":"Tholthorpe"},{"id":"841501","latitude":"54.53333300","longitude":"-1.30000000","name":"Thornaby on Tees"},{"id":"841502","latitude":"54.53333300","longitude":"-1.30000000","name":"Thornaby"},{"id":"841511","latitude":"53.85000000","longitude":"-1.41666700","name":"Thorner"},{"id":"841517","latitude":"53.71666700","longitude":"-0.16666700","name":"Thorngumbald"},{"id":"841518","latitude":"53.71666700","longitude":"-0.16666700","name":"Thorngumbold"},{"id":"841527","latitude":"53.63333300","longitude":"-0.36666700","name":"Thornton Curtis"},{"id":"841528","latitude":"54.23333300","longitude":"-0.71666700","name":"Thornton Dale"},{"id":"841530","latitude":"54.23333300","longitude":"-0.71666700","name":"Thornton-le-Dale"},{"id":"841534","latitude":"54.28333300","longitude":"-1.73333300","name":"Thornton Steward"},{"id":"841541","latitude":"53.78333300","longitude":"-1.85000000","name":"Thornton"},{"id":"841543","latitude":"54.26666700","longitude":"-1.63333300","name":"Thornton Watlass"},{"id":"841545","latitude":"53.91666700","longitude":"-1.33333300","name":"Thorp Arch"},{"id":"841546","latitude":"53.91666700","longitude":"-1.33333300","name":"Thorpe Arch"},{"id":"841576","latitude":"54.05000000","longitude":"-2.01666700","name":"Threshfield"},{"id":"841588","latitude":"54.01666700","longitude":"-1.76666700","name":"Thruscross"},{"id":"841607","latitude":"53.51666700","longitude":"-1.65000000","name":"Thurlstone"},{"id":"841622","latitude":"54.36666700","longitude":"-2.16666700","name":"Thwaite"},{"id":"841623","latitude":"54.10000000","longitude":"-0.38333300","name":"Thwing"},{"id":"841628","latitude":"53.98333300","longitude":"-0.53333300","name":"Tibthorpe"},{"id":"841635","latitude":"53.86666700","longitude":"-0.38333300","name":"Tickton"},{"id":"841675","latitude":"53.96666700","longitude":"-1.73333300","name":"Timble"},{"id":"841700","latitude":"52.91666700","longitude":"-0.95000000","name":"Tithby"},{"id":"841718","latitude":"53.71666700","longitude":"-2.08333300","name":"Todmorden"},{"id":"841734","latitude":"54.06666700","longitude":"-1.21666700","name":"Tollerton"},{"id":"841756","latitude":"53.76666700","longitude":"-1.66666700","name":"Tong"},{"id":"841764","latitude":"54.18333300","longitude":"-1.38333300","name":"Topcliffe"},{"id":"841827","latitude":"53.85000000","longitude":"-1.26666700","name":"Towton"},{"id":"841979","latitude":"53.76666700","longitude":"-0.01666700","name":"Tunstall"},{"id":"841999","latitude":"53.21666700","longitude":"-0.88333300","name":"Tuxford"},{"id":"842037","latitude":"52.91666700","longitude":"-0.95000000","name":"Tythby"},{"id":"842058","latitude":"54.48333300","longitude":"-0.76666700","name":"Ugthorpe"},{"id":"842064","latitude":"51.20000000","longitude":"0.65000000","name":"Ulcombe"},{"id":"842070","latitude":"53.85000000","longitude":"-1.21666700","name":"Ulleskelf"},{"id":"842077","latitude":"53.98333300","longitude":"-0.21666700","name":"Ulrome"},{"id":"842097","latitude":"54.56666700","longitude":"-1.01666700","name":"Upleatham"},{"id":"842111","latitude":"52.81666700","longitude":"-0.98333300","name":"Upper Broughton"},{"id":"842128","latitude":"54.00000000","longitude":"-0.93333300","name":"Upper Helmsley"},{"id":"842142","latitude":"53.96666700","longitude":"-1.15000000","name":"Upper Poppleton"},{"id":"842175","latitude":"53.61666700","longitude":"-1.28333300","name":"Upton"},{"id":"842279","latitude":"53.81666700","longitude":"-0.05000000","name":"Walkington"},{"id":"842303","latitude":"53.70000000","longitude":"-2.10000000","name":"Walsden"},{"id":"842356","latitude":"53.98333300","longitude":"-0.38333300","name":"Wansford"},{"id":"842367","latitude":"54.51666700","longitude":"-2.38333300","name":"Warcop"},{"id":"842401","latitude":"54.61666700","longitude":"-1.10000000","name":"Warrenby"},{"id":"842411","latitude":"53.93333300","longitude":"-0.66666700","name":"Warter"},{"id":"842412","latitude":"53.98333300","longitude":"-0.96666700","name":"Warthill"},{"id":"842452","latitude":"53.50000000","longitude":"-1.35000000","name":"Wath-on-Dearne"},{"id":"842453","latitude":"53.50000000","longitude":"-1.35000000","name":"Wath upon Dearne"},{"id":"842454","latitude":"53.50000000","longitude":"-1.35000000","name":"Wath"},{"id":"842465","latitude":"53.93333300","longitude":"-0.45000000","name":"Watton"},{"id":"842466","latitude":"53.75000000","longitude":"-0.53333300","name":"Wauldby"},{"id":"842474","latitude":"53.80000000","longitude":"-0.35000000","name":"Wawne"},{"id":"842476","latitude":"53.73333300","longitude":"0.01666700","name":"Waxholme"},{"id":"842491","latitude":"54.11666700","longitude":"-0.51666700","name":"Weaverthorpe"},{"id":"842510","latitude":"53.06666700","longitude":"-0.55000000","name":"Welbourn"},{"id":"842511","latitude":"54.25000000","longitude":"-0.95000000","name":"Welburn"},{"id":"842512","latitude":"54.41666700","longitude":"-1.38333300","name":"Welbury"},{"id":"842524","latitude":"53.10000000","longitude":"-0.53333300","name":"Wellingore"},{"id":"842534","latitude":"54.23333300","longitude":"-1.58333300","name":"Well"},{"id":"842544","latitude":"53.73333300","longitude":"-0.56666700","name":"Welton"},{"id":"842545","latitude":"53.66666700","longitude":"0.03333300","name":"Welwick"},{"id":"842563","latitude":"54.30000000","longitude":"-1.85000000","name":"Wensley"},{"id":"842593","latitude":"53.61666700","longitude":"-1.56666700","name":"West Bretton"},{"id":"842600","latitude":"54.28333300","longitude":"-1.96666700","name":"West Burton"},{"id":"842644","latitude":"54.43333300","longitude":"-0.96666700","name":"Westerdale"},{"id":"842674","latitude":"53.66666700","longitude":"-0.63333300","name":"West Halton"},{"id":"842684","latitude":"54.33333300","longitude":"-1.75000000","name":"West Hauxwell"},{"id":"842688","latitude":"54.16666700","longitude":"-0.60000000","name":"West Heslerton"},{"id":"842709","latitude":"52.81666700","longitude":"-1.21666700","name":"West Leake"},{"id":"842718","latitude":"54.10000000","longitude":"-0.56666700","name":"West Lutton"},{"id":"842743","latitude":"52.83333300","longitude":"-1.40000000","name":"Weston-on-Trent"},{"id":"842754","latitude":"52.83333300","longitude":"-1.40000000","name":"Weston upon Trent"},{"id":"842767","latitude":"53.20000000","longitude":"-0.85000000","name":"Weston"},{"id":"842771","latitude":"54.06666700","longitude":"-0.83333300","name":"Westow"},{"id":"842784","latitude":"54.41666700","longitude":"-1.36666700","name":"West Rounton"},{"id":"842790","latitude":"54.23333300","longitude":"-1.88333300","name":"West Scrafton"},{"id":"842794","latitude":"54.40000000","longitude":"-2.16666700","name":"West Stonesdale"},{"id":"842798","latitude":"54.20000000","longitude":"-1.56666700","name":"West Tanfield"},{"id":"842817","latitude":"54.28333300","longitude":"-1.90000000","name":"West Witton"},{"id":"842827","latitude":"53.91666700","longitude":"-1.38333300","name":"Wetherby"},{"id":"842833","latitude":"54.00000000","longitude":"-0.56666700","name":"Wetwang"},{"id":"842849","latitude":"54.06666700","longitude":"-0.66666700","name":"Wharram le Street"},{"id":"842850","latitude":"54.05000000","longitude":"-0.68333300","name":"Wharram Percy"},{"id":"842851","latitude":"54.06666700","longitude":"-0.66666700","name":"Wharram"},{"id":"842870","latitude":"54.11666700","longitude":"-1.05000000","name":"Whenby"},{"id":"842889","latitude":"54.48666700","longitude":"-0.63055600","name":"Whitby"},{"id":"842925","latitude":"54.11666700","longitude":"-0.78333300","name":"Whitewall Corner"},{"id":"842937","latitude":"53.80000000","longitude":"-1.45000000","name":"Whitkirk"},{"id":"842940","latitude":"53.68333300","longitude":"-1.15000000","name":"Whitleybridge"},{"id":"842944","latitude":"53.68333300","longitude":"-1.15000000","name":"Whitley"},{"id":"842969","latitude":"53.70000000","longitude":"-0.63333300","name":"Whitton"},{"id":"842979","latitude":"54.01666700","longitude":"-1.31666700","name":"Whixley"},{"id":"842980","latitude":"54.41666700","longitude":"-1.25000000","name":"Whorlton"},{"id":"843009","latitude":"52.83333300","longitude":"-1.06666700","name":"Widmerpool"},{"id":"843021","latitude":"54.01666700","longitude":"-1.06666700","name":"Wigginton"},{"id":"843022","latitude":"54.00000000","longitude":"-2.28333300","name":"Wigglesworth"},{"id":"843032","latitude":"52.48333300","longitude":"-0.80000000","name":"Wilbarston"},{"id":"843048","latitude":"53.76666700","longitude":"-0.45000000","name":"Willerby"},{"id":"843065","latitude":"52.83333300","longitude":"-1.55000000","name":"Willington"},{"id":"843067","latitude":"52.80000000","longitude":"-1.05000000","name":"Willoughby on the Wolds"},{"id":"843070","latitude":"52.80000000","longitude":"-1.05000000","name":"Willoughby"},{"id":"843080","latitude":"53.81666700","longitude":"-1.86666700","name":"Wilsden"},{"id":"843118","latitude":"53.70000000","longitude":"-0.03333300","name":"Winestead"},{"id":"843139","latitude":"54.13333300","longitude":"-1.60000000","name":"Winksley"},{"id":"843148","latitude":"51.76666700","longitude":"-1.86666700","name":"Winson"},{"id":"843167","latitude":"53.68333300","longitude":"-0.60000000","name":"Winteringham"},{"id":"843171","latitude":"53.65000000","longitude":"-0.60000000","name":"Winterton"},{"id":"843176","latitude":"54.13333300","longitude":"-0.65000000","name":"Wintringham"},{"id":"843193","latitude":"53.81666700","longitude":"-1.10000000","name":"Wistow"},{"id":"843203","latitude":"53.73333300","longitude":"0.03333300","name":"Withernsea"},{"id":"843204","latitude":"53.85000000","longitude":"-0.18333300","name":"Withernwick"},{"id":"843240","latitude":"54.13333300","longitude":"-0.40000000","name":"Wold Newton"},{"id":"843261","latitude":"54.61666700","longitude":"-1.28333300","name":"Wolviston"},{"id":"843266","latitude":"53.66666700","longitude":"-1.20000000","name":"Womersley"},{"id":"843300","latitude":"53.75000000","longitude":"-1.45000000","name":"Woodlesford"},{"id":"843364","latitude":"53.61666700","longitude":"-0.36666700","name":"Wootton"},{"id":"843388","latitude":"51.26666700","longitude":"0.70000000","name":"Wormshill"},{"id":"843434","latitude":"53.76666700","longitude":"-0.93333300","name":"Wressell"},{"id":"843435","latitude":"53.76666700","longitude":"-0.93333300","name":"Wressle"},{"id":"843462","latitude":"54.23333300","longitude":"-0.51666700","name":"Wykeham"},{"id":"843465","latitude":"53.73333300","longitude":"-1.76666700","name":"Wyke"},{"id":"843477","latitude":"52.81666700","longitude":"-1.10000000","name":"Wysall"},{"id":"843485","latitude":"53.78333300","longitude":"-0.21666700","name":"Wyton"},{"id":"843497","latitude":"54.50000000","longitude":"-1.35000000","name":"Yarm on Tees"},{"id":"843500","latitude":"54.50000000","longitude":"-1.35000000","name":"Yarm"},{"id":"843514","latitude":"53.86666700","longitude":"-1.66666700","name":"Yeadon"},{"id":"843518","latitude":"54.20000000","longitude":"-0.61666700","name":"Yedingham"},{"id":"843539","latitude":"53.96666700","longitude":"-1.08333300","name":"York"}]