[{"id":"826763","latitude":"57.46666700","longitude":"-3.23333300","name":"Aberlour"},{"id":"826807","latitude":"57.33333300","longitude":"-3.31666700","name":"Achbreck"},{"id":"826833","latitude":"57.38333300","longitude":"-3.20000000","name":"Achnastank"},{"id":"826909","latitude":"57.45000000","longitude":"-3.71666700","name":"Aitnoch"},{"id":"827053","latitude":"57.63333300","longitude":"-3.45000000","name":"Alves"},{"id":"827161","latitude":"57.46666700","longitude":"-3.28333300","name":"Archieston"},{"id":"827162","latitude":"57.46666700","longitude":"-3.28333300","name":"Archiestown"},{"id":"827232","latitude":"57.35000000","longitude":"-3.05000000","name":"Ardwell"},{"id":"827423","latitude":"57.50000000","longitude":"-3.00000000","name":"Auchindachy"},{"id":"827425","latitude":"57.43333300","longitude":"-3.06666700","name":"Auchindown"},{"id":"827469","latitude":"57.55000000","longitude":"-3.00000000","name":"Aultmore"},{"id":"828730","latitude":"57.71666700","longitude":"-3.26666700","name":"Branderburgh"},{"id":"828829","latitude":"57.33333300","longitude":"-3.31666700","name":"Bridge of Achbreck"},{"id":"828839","latitude":"57.55000000","longitude":"-3.46666700","name":"Bridge of Lossie"},{"id":"829079","latitude":"57.66666700","longitude":"-2.96666700","name":"Buckie"},{"id":"829148","latitude":"57.70000000","longitude":"-3.48333300","name":"Burghead"},{"id":"829288","latitude":"57.31666700","longitude":"-3.01666700","name":"Cabrach"},{"id":"829545","latitude":"57.45000000","longitude":"-3.26666700","name":"Carron"},{"id":"829648","latitude":"57.20000000","longitude":"-3.38333300","name":"Caulrig"},{"id":"830304","latitude":"57.65000000","longitude":"-3.48333300","name":"Coltfield"},{"id":"830580","latitude":"57.48333300","longitude":"-3.18333300","name":"Craigellachie"},{"id":"830730","latitude":"57.63333300","longitude":"-3.45000000","name":"Crook of Alves"},{"id":"830849","latitude":"57.68333300","longitude":"-2.81666700","name":"Cullen"},{"id":"830878","latitude":"57.68333300","longitude":"-3.45000000","name":"Cummingston"},{"id":"830879","latitude":"57.68333300","longitude":"-3.45000000","name":"Cummingstown"},{"id":"830979","latitude":"57.55000000","longitude":"-3.46666700","name":"Dallas"},{"id":"831082","latitude":"57.21666700","longitude":"-3.38333300","name":"Delnabo"},{"id":"831145","latitude":"57.63333300","longitude":"-2.81666700","name":"Deskford"},{"id":"831377","latitude":"57.35000000","longitude":"-3.35000000","name":"Drumin"},{"id":"831394","latitude":"57.63333300","longitude":"-2.93333300","name":"Drybridge"},{"id":"831416","latitude":"57.43333300","longitude":"-3.13333300","name":"Dufftown"},{"id":"831417","latitude":"57.70000000","longitude":"-3.40000000","name":"Duffus"},{"id":"831542","latitude":"57.60000000","longitude":"-3.68333300","name":"Dyke"},{"id":"831633","latitude":"57.48333300","longitude":"-3.20000000","name":"Easter Elchies"},{"id":"831636","latitude":"57.21666700","longitude":"-3.38333300","name":"Easter Gaulrig"},{"id":"831867","latitude":"57.48333300","longitude":"-3.20000000","name":"Elchies"},{"id":"831875","latitude":"57.65000000","longitude":"-3.33333300","name":"Elgin"},{"id":"832272","latitude":"57.53333300","longitude":"-2.96666700","name":"Fife Keith"},{"id":"832291","latitude":"57.65000000","longitude":"-3.60000000","name":"Findhorn"},{"id":"832292","latitude":"57.68333300","longitude":"-2.90000000","name":"Findochty"},{"id":"832385","latitude":"57.61666700","longitude":"-3.08333300","name":"Fochabers"},{"id":"832429","latitude":"57.60000000","longitude":"-3.61666700","name":"Forres"},{"id":"832646","latitude":"57.66666700","longitude":"-3.11666700","name":"Garmouth"},{"id":"832697","latitude":"57.20000000","longitude":"-3.38333300","name":"Gaulrig"},{"id":"832794","latitude":"57.43333300","longitude":"-2.96666700","name":"Glass"},{"id":"833632","latitude":"57.43333300","longitude":"-2.96666700","name":"Haugh of Glass"},{"id":"834149","latitude":"57.70000000","longitude":"-3.41666700","name":"Hopeman"},{"id":"834369","latitude":"57.68333300","longitude":"-2.93333300","name":"Ianstown"},{"id":"834433","latitude":"57.15000000","longitude":"-3.35000000","name":"Inchrory"},{"id":"834650","latitude":"57.53333300","longitude":"-2.93333300","name":"Keith"},{"id":"834658","latitude":"57.56666700","longitude":"-3.38333300","name":"Kellas"},{"id":"834768","latitude":"57.53333300","longitude":"-2.93333300","name":"Kieth"},{"id":"834984","latitude":"57.66666700","longitude":"-3.10000000","name":"Kingston"},{"id":"834987","latitude":"57.66666700","longitude":"-3.10000000","name":"Kingston Port"},{"id":"835023","latitude":"57.61666700","longitude":"-3.56666700","name":"Kinloss"},{"id":"835041","latitude":"57.61666700","longitude":"-3.66666700","name":"Kintessack"},{"id":"835177","latitude":"57.63333300","longitude":"-2.81666700","name":"Kirktown of Deskford"},{"id":"835178","latitude":"57.43333300","longitude":"-3.13333300","name":"Kirktown of Mortlach"},{"id":"835220","latitude":"57.28333300","longitude":"-3.30000000","name":"Knockandhu"},{"id":"835221","latitude":"57.45000000","longitude":"-3.35000000","name":"Knockando"},{"id":"835222","latitude":"57.28333300","longitude":"-3.30000000","name":"Knockandu"},{"id":"835235","latitude":"57.55000000","longitude":"-2.75000000","name":"Knock"},{"id":"835580","latitude":"57.63333300","longitude":"-2.90000000","name":"Letterfourie"},{"id":"835609","latitude":"57.61666700","longitude":"-3.21666700","name":"Lhanbryde"},{"id":"835610","latitude":"57.61666700","longitude":"-3.21666700","name":"Lhanbryd"},{"id":"836388","latitude":"57.60000000","longitude":"-3.28333300","name":"Longmorn"},{"id":"836433","latitude":"57.70000000","longitude":"-3.28333300","name":"Lossiemouth"},{"id":"836620","latitude":"57.33333300","longitude":"-3.40000000","name":"Lyne"},{"id":"837169","latitude":"57.68333300","longitude":"-3.25000000","name":"Milltown"},{"id":"837170","latitude":"57.43333300","longitude":"-3.06666700","name":"Milltown of Auchindown"},{"id":"837365","latitude":"57.43333300","longitude":"-3.13333300","name":"Mortlach"},{"id":"837462","latitude":"57.51666700","longitude":"-3.10000000","name":"Mulben"},{"id":"837717","latitude":"57.55000000","longitude":"-2.93333300","name":"Newmill"},{"id":"838159","latitude":"57.60000000","longitude":"-3.15000000","name":"Orbliston"},{"id":"838780","latitude":"57.66666700","longitude":"-2.91666700","name":"Portessie"},{"id":"838785","latitude":"57.65000000","longitude":"-3.01666700","name":"Portgordon"},{"id":"838810","latitude":"57.68333300","longitude":"-2.85000000","name":"Portknockie"},{"id":"838984","latitude":"57.36666700","longitude":"-3.01666700","name":"Pyke"},{"id":"839047","latitude":"57.58333300","longitude":"-3.56666700","name":"Rafford"},{"id":"839103","latitude":"57.66666700","longitude":"-2.93333300","name":"Rathven"},{"id":"839439","latitude":"57.51666700","longitude":"-3.21666700","name":"Rothes"},{"id":"841000","latitude":"57.70000000","longitude":"-3.28333300","name":"Stotfield"},{"id":"841746","latitude":"57.23333300","longitude":"-3.36666700","name":"Tomintoul"},{"id":"841747","latitude":"57.30000000","longitude":"-3.31666700","name":"Tomnavoulin"},{"id":"842183","latitude":"57.63333300","longitude":"-3.18333300","name":"Urquhart"},{"id":"842648","latitude":"57.20000000","longitude":"-3.38333300","name":"Wester Gaulrig"}]