[{"id":"826757","latitude":"51.54000000","longitude":"-3.59555600","name":"Aberkenfig"},{"id":"827167","latitude":"55.63333300","longitude":"-6.10000000","name":"Ardbeg"},{"id":"827185","latitude":"55.80000000","longitude":"-6.01666700","name":"Ardfin"},{"id":"827207","latitude":"55.86666700","longitude":"-6.35000000","name":"Ardnave"},{"id":"827220","latitude":"55.70000000","longitude":"-6.03333300","name":"Ardtalla"},{"id":"827623","latitude":"55.58333300","longitude":"-6.23333300","name":"Ballychatrigan"},{"id":"827638","latitude":"55.81666700","longitude":"-6.15000000","name":"Ballygrant"},{"id":"827639","latitude":"55.81666700","longitude":"-6.15000000","name":"Ballygront"},{"id":"827812","latitude":"55.76666700","longitude":"-6.15000000","name":"Barr"},{"id":"828127","latitude":"51.56916700","longitude":"-3.58833300","name":"Bettws"},{"id":"828141","latitude":"51.56916700","longitude":"-3.58833300","name":"Betws"},{"id":"828331","latitude":"51.57027800","longitude":"-3.53722200","name":"Blackmill"},{"id":"828357","latitude":"51.62638900","longitude":"-3.58916700","name":"Blaengawr"},{"id":"828360","latitude":"51.62638900","longitude":"-3.58916700","name":"Blaen-ogwr"},{"id":"828622","latitude":"55.75000000","longitude":"-6.28333300","name":"Bowmore"},{"id":"828827","latitude":"51.50583300","longitude":"-3.57722200","name":"Bridgend"},{"id":"829034","latitude":"55.76666700","longitude":"-6.36666700","name":"Bruichladdich"},{"id":"829050","latitude":"51.54722200","longitude":"-3.56416700","name":"Bryncethin"},{"id":"829060","latitude":"51.55527800","longitude":"-3.57277800","name":"Brynmenin"},{"id":"829061","latitude":"51.55527800","longitude":"-3.57277800","name":"Brynmenyn"},{"id":"829670","latitude":"51.53166700","longitude":"-3.65277800","name":"Cefn Cribwr"},{"id":"830239","latitude":"51.52166700","longitude":"-3.55305600","name":"Coity"},{"id":"830422","latitude":"51.51000000","longitude":"-3.70305600","name":"Corneli"},{"id":"830423","latitude":"51.51000000","longitude":"-3.70305600","name":"Cornelly"},{"id":"830564","latitude":"51.52166700","longitude":"-3.55305600","name":"Coyty"},{"id":"831177","latitude":"51.61666700","longitude":"-3.60000000","name":"Dinas"},{"id":"832054","latitude":"51.59555600","longitude":"-3.47722200","name":"Evanstown"},{"id":"832239","latitude":"55.83333300","longitude":"-6.08333300","name":"Feolin Ferry"},{"id":"832662","latitude":"51.60000000","longitude":"-3.63472200","name":"Garth"},{"id":"833276","latitude":"55.81666700","longitude":"-6.35000000","name":"Gruinart"},{"id":"833313","latitude":"51.51000000","longitude":"-3.70305600","name":"Gwaer Cock"},{"id":"833826","latitude":"51.54611100","longitude":"-3.52055600","name":"Heol-y-Cyw"},{"id":"834688","latitude":"51.53333300","longitude":"-3.67666700","name":"Kenfig Hill"},{"id":"834689","latitude":"51.51444400","longitude":"-3.72638900","name":"Kenfig"},{"id":"834769","latitude":"55.86666700","longitude":"-6.30000000","name":"Kilanailean"},{"id":"834784","latitude":"55.75000000","longitude":"-6.45000000","name":"Kilchiaran"},{"id":"834786","latitude":"55.78333300","longitude":"-6.43333300","name":"Kilchoman"},{"id":"834825","latitude":"55.86666700","longitude":"-6.30000000","name":"Killinallan"},{"id":"835044","latitude":"55.68333300","longitude":"-6.05000000","name":"Kintour"},{"id":"835047","latitude":"55.65000000","longitude":"-6.25000000","name":"Kintra"},{"id":"835049","latitude":"55.65000000","longitude":"-6.25000000","name":"Kintraw"},{"id":"835280","latitude":"55.61666700","longitude":"-6.13333300","name":"Lagavulin"},{"id":"835283","latitude":"55.61666700","longitude":"-6.13333300","name":"Laggavoulin"},{"id":"835385","latitude":"55.61666700","longitude":"-6.15000000","name":"Laphroaig"},{"id":"835386","latitude":"55.61666700","longitude":"-6.15000000","name":"Laphrouig"},{"id":"836054","latitude":"51.58666700","longitude":"-3.65027800","name":"Llanganoyd"},{"id":"836064","latitude":"51.57277800","longitude":"-3.56666700","name":"Llangeinor"},{"id":"836110","latitude":"51.58666700","longitude":"-3.65027800","name":"Llangynwyd"},{"id":"836668","latitude":"51.60500000","longitude":"-3.65083300","name":"Maesteg"},{"id":"837025","latitude":"51.48611100","longitude":"-3.60861100","name":"Merthyr Mawr"},{"id":"837527","latitude":"51.62833300","longitude":"-3.54194400","name":"Nant-y-moel"},{"id":"837780","latitude":"51.48416700","longitude":"-3.67805600","name":"Newton"},{"id":"837781","latitude":"51.48416700","longitude":"-3.67805600","name":"Newton Nottage"},{"id":"837876","latitude":"51.51972200","longitude":"-3.70555600","name":"North Cornelly"},{"id":"838009","latitude":"51.49166700","longitude":"-3.70638900","name":"Nottage"},{"id":"838087","latitude":"51.60277800","longitude":"-3.54666700","name":"Ogmore Vale"},{"id":"838426","latitude":"51.52194400","longitude":"-3.49944400","name":"Pencoed"},{"id":"838499","latitude":"51.50583300","longitude":"-3.57722200","name":"Pen-y-Bont ar Ogwr"},{"id":"838718","latitude":"51.58694400","longitude":"-3.63638900","name":"Pont Rhyd-y-cyff"},{"id":"838733","latitude":"51.61194400","longitude":"-3.58055600","name":"Pontycymer"},{"id":"838734","latitude":"51.61194400","longitude":"-3.58055600","name":"Pont y Cymmer"},{"id":"838760","latitude":"55.85000000","longitude":"-6.11666700","name":"Port Askaig"},{"id":"838768","latitude":"55.75000000","longitude":"-6.36666700","name":"Port Charlotte"},{"id":"838774","latitude":"55.63333300","longitude":"-6.18333300","name":"Port Ellen"},{"id":"838788","latitude":"51.47972200","longitude":"-3.70611100","name":"Porthcawl"},{"id":"838821","latitude":"55.68333300","longitude":"-6.50000000","name":"Portnahaven"},{"id":"838852","latitude":"55.66666700","longitude":"-6.50000000","name":"Port Wemyss"},{"id":"838924","latitude":"51.62000000","longitude":"-3.53222200","name":"Price Town"},{"id":"838985","latitude":"51.51666700","longitude":"-3.70000000","name":"Pyle"},{"id":"839797","latitude":"55.83333300","longitude":"-6.41666700","name":"Sanaigmore"},{"id":"839851","latitude":"51.54055600","longitude":"-3.57861100","name":"Sarn"},{"id":"840512","latitude":"51.51000000","longitude":"-3.70305600","name":"South Cornelau"},{"id":"840513","latitude":"51.51000000","longitude":"-3.70305600","name":"South Cornelly"},{"id":"841750","latitude":"51.54666700","longitude":"-3.59861100","name":"Tondu"},{"id":"842038","latitude":"51.49638900","longitude":"-3.64833300","name":"Tythegston"}]