[{"id":"826773","latitude":"51.39111100","longitude":"-3.39250000","name":"Aberthaw"},{"id":"827815","latitude":"51.40666700","longitude":"-3.26944400","name":"Barri"},{"id":"827837","latitude":"51.40666700","longitude":"-3.26944400","name":"Barry"},{"id":"828508","latitude":"51.45777800","longitude":"-3.34555600","name":"Bonvilston"},{"id":"828599","latitude":"51.40527800","longitude":"-3.46444400","name":"Boverton"},{"id":"829296","latitude":"51.41722200","longitude":"-3.26138900","name":"Cadoxton"},{"id":"830230","latitude":"51.43777800","longitude":"-3.17250000","name":"Cogan"},{"id":"830316","latitude":"51.46694400","longitude":"-3.52222200","name":"Colwinston"},{"id":"830541","latitude":"51.46027800","longitude":"-3.44166700","name":"Cowbridge"},{"id":"830562","latitude":"51.49722200","longitude":"-3.52916700","name":"Coychurch"},{"id":"831182","latitude":"51.43333300","longitude":"-3.21666700","name":"Dinas Powis"},{"id":"831183","latitude":"51.43333300","longitude":"-3.21666700","name":"Dinas Powys"},{"id":"831414","latitude":"51.43750000","longitude":"-3.30444400","name":"Duffryn"},{"id":"831588","latitude":"51.39194400","longitude":"-3.38416700","name":"East Aberthaw"},{"id":"831854","latitude":"51.41388900","longitude":"-3.41694400","name":"Eglwys-Brewis"},{"id":"832074","latitude":"51.48111100","longitude":"-3.57138900","name":"Ewenny"},{"id":"832360","latitude":"51.42055600","longitude":"-3.41277800","name":"Flemingston"},{"id":"832744","latitude":"51.39527800","longitude":"-3.41166700","name":"Gileston"},{"id":"835428","latitude":"51.40833300","longitude":"-3.17083300","name":"Lavernock"},{"id":"835491","latitude":"51.46166700","longitude":"-3.21277800","name":"Leckwith"},{"id":"835889","latitude":"51.42444400","longitude":"-3.36527800","name":"Llancarfan"},{"id":"835890","latitude":"51.42444400","longitude":"-3.36527800","name":"Llancarvan"},{"id":"835942","latitude":"51.44555600","longitude":"-3.44722200","name":"Llandough"},{"id":"835944","latitude":"51.44777800","longitude":"-3.51916700","name":"Llandow"},{"id":"836053","latitude":"51.48694400","longitude":"-3.50055600","name":"Llangan"},{"id":"836137","latitude":"51.41777800","longitude":"-3.46694400","name":"Llanmaes"},{"id":"836203","latitude":"51.40555600","longitude":"-3.48277800","name":"Llantwit Major"},{"id":"836256","latitude":"51.45694400","longitude":"-3.49333300","name":"Llisworney"},{"id":"836271","latitude":"51.45694400","longitude":"-3.49333300","name":"Llysworney"},{"id":"836780","latitude":"51.41250000","longitude":"-3.54638900","name":"Marcross"},{"id":"837276","latitude":"51.42555600","longitude":"-3.55527800","name":"Monknash"},{"id":"838085","latitude":"51.46055600","longitude":"-3.63027800","name":"Ogmore-by-Sea"},{"id":"838086","latitude":"51.47805600","longitude":"-3.60972200","name":"Ogmore"},{"id":"838298","latitude":"51.41722200","longitude":"-3.37083300","name":"Pains Cross"},{"id":"838315","latitude":"51.41722200","longitude":"-3.37083300","name":"Pancross"},{"id":"838419","latitude":"51.43472200","longitude":"-3.18000000","name":"Penarth"},{"id":"838445","latitude":"51.47444400","longitude":"-3.47888900","name":"Penlline"},{"id":"838446","latitude":"51.47444400","longitude":"-3.47888900","name":"Penllyn"},{"id":"838450","latitude":"51.41027800","longitude":"-3.35666700","name":"Penmark"},{"id":"838538","latitude":"51.48194400","longitude":"-3.31805600","name":"Peterston"},{"id":"838539","latitude":"51.48194400","longitude":"-3.31805600","name":"Peterston-super-Ely"},{"id":"838704","latitude":"51.46027800","longitude":"-3.44166700","name":"Pontfaen"},{"id":"838794","latitude":"51.39138900","longitude":"-3.32138900","name":"Porthkerry"},{"id":"839214","latitude":"51.39027800","longitude":"-3.35222200","name":"Rhoose"},{"id":"839459","latitude":"51.40527800","longitude":"-3.46444400","name":"Roverton"},{"id":"839577","latitude":"51.43416700","longitude":"-3.23777800","name":"Saint Andrew"},{"id":"839578","latitude":"51.43416700","longitude":"-3.23777800","name":"Saint Andrews Major"},{"id":"839586","latitude":"51.40277800","longitude":"-3.41388900","name":"Saint Athan"},{"id":"839587","latitude":"51.40277800","longitude":"-3.41388900","name":"Saint Athans"},{"id":"839596","latitude":"51.46166700","longitude":"-3.59166700","name":"Saint Brides Major"},{"id":"839598","latitude":"51.46166700","longitude":"-3.59166700","name":"Saint Brides"},{"id":"839629","latitude":"51.40444400","longitude":"-3.52805600","name":"Saint Donats"},{"id":"839658","latitude":"51.45055600","longitude":"-3.41361100","name":"Saint Hilary"},{"id":"839684","latitude":"51.45083300","longitude":"-3.28027800","name":"Saint Lythans"},{"id":"839697","latitude":"51.43305600","longitude":"-3.43666700","name":"Saint Mary Church"},{"id":"839722","latitude":"51.46000000","longitude":"-3.30833300","name":"Saint Nicholas"},{"id":"840529","latitude":"51.45277800","longitude":"-3.61166700","name":"Southerndown"},{"id":"841149","latitude":"51.40638900","longitude":"-3.21833300","name":"Sully"},{"id":"841888","latitude":"51.49388900","longitude":"-3.52027800","name":"Treoes"},{"id":"842567","latitude":"51.44916700","longitude":"-3.26527800","name":"Wenvoe"},{"id":"842573","latitude":"51.39305600","longitude":"-3.40416700","name":"West Aberthaw"},{"id":"843002","latitude":"51.43944400","longitude":"-3.54944400","name":"Wick"},{"id":"843559","latitude":"51.49055600","longitude":"-3.42194400","name":"Ystradowen"}]