[{"id":"826771","latitude":"51.73277800","longitude":"-3.06638900","name":"Abersychan"},{"id":"830914","latitude":"51.76666700","longitude":"-3.08333300","name":"Cwmavon"},{"id":"833234","latitude":"51.68555600","longitude":"-3.02500000","name":"Griffithstown"},{"id":"836191","latitude":"51.63472200","longitude":"-3.00444400","name":"Llantarnam"},{"id":"836215","latitude":"51.63472200","longitude":"-3.00444400","name":"Llanvihangel Llantarnam"},{"id":"837700","latitude":"51.69055600","longitude":"-3.00916700","name":"New Inn"},{"id":"838325","latitude":"51.63222200","longitude":"-2.97611100","name":"Panthir"},{"id":"838706","latitude":"51.63222200","longitude":"-2.97611100","name":"Pont-hir"},{"id":"838707","latitude":"51.63222200","longitude":"-2.97611100","name":"Ponthir"},{"id":"838714","latitude":"51.66444400","longitude":"-3.02750000","name":"Pontnewydd"},{"id":"838715","latitude":"51.70638900","longitude":"-3.04444400","name":"Pontnewynydd"},{"id":"838737","latitude":"51.70111100","longitude":"-3.04444400","name":"Pontypool"},{"id":"838739","latitude":"51.70111100","longitude":"-3.04444400","name":"Pont-y-pwl"},{"id":"842202","latitude":"51.75000000","longitude":"-3.06666700","name":"Varteg Hill"},{"id":"842203","latitude":"51.75000000","longitude":"-3.06666700","name":"Varteg"}]