[{"id":"826787","latitude":"52.10000000","longitude":"-1.05000000","name":"Abthorpe"},{"id":"826837","latitude":"52.43333300","longitude":"-0.48333300","name":"Achurch"},{"id":"826864","latitude":"52.35000000","longitude":"-0.58333300","name":"Addington"},{"id":"826878","latitude":"52.15000000","longitude":"-1.13333300","name":"Adstone"},{"id":"826952","latitude":"52.41666700","longitude":"-0.51666700","name":"Aldwincle"},{"id":"826953","latitude":"52.41666700","longitude":"-0.51666700","name":"Aldwincle Saint Peter"},{"id":"827255","latitude":"52.45000000","longitude":"-0.43333300","name":"Armston"},{"id":"827340","latitude":"52.13333300","longitude":"-0.86666700","name":"Ashton"},{"id":"827525","latitude":"52.21666700","longitude":"-1.18333300","name":"Badby"},{"id":"827804","latitude":"52.45000000","longitude":"-0.45000000","name":"Barnwell"},{"id":"828054","latitude":"52.48333300","longitude":"-0.53333300","name":"Benefield"},{"id":"828177","latitude":"52.05000000","longitude":"-1.08333300","name":"Biddlesdon"},{"id":"828202","latitude":"52.25000000","longitude":"-0.81666700","name":"Billing"},{"id":"828377","latitude":"52.13333300","longitude":"-1.08333300","name":"Blakesley"},{"id":"828403","latitude":"52.20000000","longitude":"-0.50000000","name":"Bletsoe"},{"id":"828409","latitude":"52.16666700","longitude":"-0.93333300","name":"Blisworth"},{"id":"828481","latitude":"52.21666700","longitude":"-0.40000000","name":"Bolnhurst"},{"id":"828649","latitude":"52.03333300","longitude":"-1.15000000","name":"Brackley"},{"id":"828754","latitude":"52.28333300","longitude":"-1.20000000","name":"Braunston"},{"id":"828872","latitude":"52.45000000","longitude":"-0.60000000","name":"Brigstock"},{"id":"828937","latitude":"52.25000000","longitude":"-1.06666700","name":"Brockhall"},{"id":"829106","latitude":"52.20000000","longitude":"-1.01666700","name":"Bugbrooke"},{"id":"829223","latitude":"52.35000000","longitude":"-0.66666700","name":"Burton Latimer"},{"id":"829276","latitude":"52.16666700","longitude":"-1.23333300","name":"Byfield"},{"id":"829285","latitude":"52.36666700","longitude":"-0.43333300","name":"Bythorn"},{"id":"829645","latitude":"52.33333300","longitude":"-0.40000000","name":"Catworth"},{"id":"829763","latitude":"52.20000000","longitude":"-1.21666700","name":"Charwelton"},{"id":"829804","latitude":"52.30000000","longitude":"-0.55000000","name":"Chelveston"},{"id":"829983","latitude":"52.21666700","longitude":"-1.08333300","name":"Church Stowe"},{"id":"830231","latitude":"52.23333300","longitude":"-0.80000000","name":"Cogenhoe"},{"id":"830232","latitude":"52.23333300","longitude":"-0.80000000","name":"Coggenhoe"},{"id":"830286","latitude":"52.18333300","longitude":"-0.90000000","name":"Collingtree"},{"id":"830291","latitude":"52.20000000","longitude":"-0.36666700","name":"Colmworth"},{"id":"830406","latitude":"52.40000000","longitude":"-0.28333300","name":"Coppingford"},{"id":"830494","latitude":"52.50000000","longitude":"-0.45000000","name":"Cotterstock"},{"id":"830523","latitude":"52.16666700","longitude":"-0.88333300","name":"Courteenhall"},{"id":"830537","latitude":"52.31666700","longitude":"-0.45000000","name":"Covington"},{"id":"830604","latitude":"52.36666700","longitude":"-0.63333300","name":"Cranford"},{"id":"830871","latitude":"52.10000000","longitude":"-1.20000000","name":"Culworth"},{"id":"830984","latitude":"52.23333300","longitude":"-0.91666700","name":"Dallington"},{"id":"831046","latitude":"52.25000000","longitude":"-1.16666700","name":"Daventry"},{"id":"831057","latitude":"52.28333300","longitude":"-0.46666700","name":"Dean"},{"id":"831091","latitude":"52.36666700","longitude":"-0.53333300","name":"Denfold"},{"id":"831092","latitude":"52.36666700","longitude":"-0.53333300","name":"Denford"},{"id":"831226","latitude":"52.26666700","longitude":"-0.70000000","name":"Doddington"},{"id":"831229","latitude":"52.23333300","longitude":"-1.10000000","name":"Dodford"},{"id":"831567","latitude":"52.25000000","longitude":"-0.75000000","name":"Earls Barton"},{"id":"831713","latitude":"52.31666700","longitude":"-0.31666700","name":"Easton"},{"id":"831792","latitude":"52.25000000","longitude":"-0.78333300","name":"Ecton"},{"id":"831907","latitude":"52.31666700","longitude":"-0.28333300","name":"Ellington"},{"id":"831949","latitude":"52.53333300","longitude":"-0.38333300","name":"Elton"},{"id":"832092","latitude":"52.13333300","longitude":"-1.20000000","name":"Eydon"},{"id":"832149","latitude":"52.25000000","longitude":"-0.63333300","name":"Farndish"},{"id":"832169","latitude":"52.05000000","longitude":"-1.21666700","name":"Farthinghoe"},{"id":"832170","latitude":"52.18333300","longitude":"-1.10000000","name":"Farthingstone"},{"id":"832185","latitude":"52.20000000","longitude":"-1.16666700","name":"Fawsley"},{"id":"832295","latitude":"52.33333300","longitude":"-0.63333300","name":"Finedon"},{"id":"832380","latitude":"52.23333300","longitude":"-1.05000000","name":"Floore"},{"id":"832458","latitude":"52.51666700","longitude":"-0.43333300","name":"Fotheringhay"},{"id":"832706","latitude":"52.16666700","longitude":"-0.96666700","name":"Gayton"},{"id":"832734","latitude":"52.43333300","longitude":"-0.35000000","name":"Gidding"},{"id":"832783","latitude":"52.48333300","longitude":"-0.48333300","name":"Glapthorn"},{"id":"832965","latitude":"52.30000000","longitude":"-0.28333300","name":"Graffham"},{"id":"832967","latitude":"52.30000000","longitude":"-0.28333300","name":"Grafham"},{"id":"832969","latitude":"52.40000000","longitude":"-0.63333300","name":"Grafton"},{"id":"832971","latitude":"52.40000000","longitude":"-0.63333300","name":"Grafton Underwood"},{"id":"833016","latitude":"52.35000000","longitude":"-0.58333300","name":"Great Addington"},{"id":"833034","latitude":"52.25000000","longitude":"-0.81666700","name":"Great Billing"},{"id":"833068","latitude":"52.26666700","longitude":"-0.70000000","name":"Great Doddington"},{"id":"833078","latitude":"52.20000000","longitude":"-1.13333300","name":"Great Everdon"},{"id":"833083","latitude":"52.43333300","longitude":"-0.35000000","name":"Great Gidding"},{"id":"833104","latitude":"52.21666700","longitude":"-0.83333300","name":"Great Houghton"},{"id":"833160","latitude":"52.26666700","longitude":"-0.33333300","name":"Great Staughton"},{"id":"833184","latitude":"52.06666700","longitude":"-1.18333300","name":"Greatworth"},{"id":"833217","latitude":"52.23333300","longitude":"-0.70000000","name":"Grendon"},{"id":"833343","latitude":"52.18333300","longitude":"-0.81666700","name":"Hackleton"},{"id":"833372","latitude":"52.23333300","longitude":"-0.28333300","name":"Hail Weston"},{"id":"833432","latitude":"52.40000000","longitude":"-0.31666700","name":"Hamerton"},{"id":"833499","latitude":"52.20000000","longitude":"-0.88333300","name":"Hardingstone"},{"id":"833506","latitude":"52.31666700","longitude":"-0.75000000","name":"Hardwick"},{"id":"833516","latitude":"52.31666700","longitude":"-0.46666700","name":"Hargrave"},{"id":"833542","latitude":"52.23333300","longitude":"-0.98333300","name":"Harpole"},{"id":"833556","latitude":"52.31666700","longitude":"-0.71666700","name":"Harrowden"},{"id":"833586","latitude":"52.13333300","longitude":"-0.85000000","name":"Hartwell"},{"id":"833762","latitude":"52.20000000","longitude":"-1.23333300","name":"Hellidon"},{"id":"833765","latitude":"52.08333300","longitude":"-1.13333300","name":"Helmdon"},{"id":"833786","latitude":"52.45000000","longitude":"-0.40000000","name":"Hemington"},{"id":"833891","latitude":"52.30000000","longitude":"-0.58333300","name":"Higham Ferrers"},{"id":"834002","latitude":"52.01666700","longitude":"-1.18333300","name":"Hinton"},{"id":"834006","latitude":"52.01666700","longitude":"-1.18333300","name":"Hinton in the Hedges"},{"id":"834234","latitude":"52.21666700","longitude":"-0.83333300","name":"Houghton"},{"id":"834541","latitude":"52.26666700","longitude":"-0.63333300","name":"Irchester"},{"id":"834552","latitude":"52.31666700","longitude":"-0.60000000","name":"Irthlingborough"},{"id":"834557","latitude":"52.35000000","longitude":"-0.70000000","name":"Isham"},{"id":"834564","latitude":"52.38333300","longitude":"-0.53333300","name":"Islip"},{"id":"834756","latitude":"52.25000000","longitude":"-0.41666700","name":"Keysoe"},{"id":"834757","latitude":"52.35000000","longitude":"-0.46666700","name":"Keyston"},{"id":"834904","latitude":"52.30000000","longitude":"-0.38333300","name":"Kimbolton"},{"id":"834969","latitude":"52.25000000","longitude":"-0.90000000","name":"Kingsthorpe"},{"id":"835197","latitude":"52.21666700","longitude":"-0.96666700","name":"Kislingbury"},{"id":"835246","latitude":"52.25000000","longitude":"-0.51666700","name":"Knotting"},{"id":"835528","latitude":"52.36666700","longitude":"-0.36666700","name":"Leighton Bromswold"},{"id":"835530","latitude":"52.36666700","longitude":"-0.36666700","name":"Leighton"},{"id":"835705","latitude":"52.16666700","longitude":"-1.06666700","name":"Litchborough"},{"id":"835816","latitude":"52.25000000","longitude":"-0.38333300","name":"Little Staughton"},{"id":"836409","latitude":"52.31666700","longitude":"-0.36666700","name":"Long Stow"},{"id":"836512","latitude":"52.40000000","longitude":"-0.55000000","name":"Lowick"},{"id":"836543","latitude":"52.43333300","longitude":"-0.36666700","name":"Luddington in the Brook"},{"id":"836544","latitude":"52.43333300","longitude":"-0.36666700","name":"Luddington"},{"id":"836591","latitude":"52.46666700","longitude":"-0.36666700","name":"Lutton"},{"id":"836691","latitude":"52.15000000","longitude":"-1.10000000","name":"Maidford"},{"id":"836959","latitude":"52.26666700","longitude":"-0.48333300","name":"Melchbourne"},{"id":"837188","latitude":"52.18333300","longitude":"-0.91666700","name":"Milton"},{"id":"837250","latitude":"52.36666700","longitude":"-0.40000000","name":"Molesworth"},{"id":"837346","latitude":"52.13333300","longitude":"-1.15000000","name":"Moreton Pinkney"},{"id":"837404","latitude":"52.28333300","longitude":"-0.85000000","name":"Moulton"},{"id":"837848","latitude":"52.25000000","longitude":"-0.88333300","name":"Northampton"},{"id":"838139","latitude":"52.36666700","longitude":"-0.38333300","name":"Old Weston"},{"id":"838173","latitude":"52.33333300","longitude":"-0.73333300","name":"Orlingbury"},{"id":"838221","latitude":"52.48333300","longitude":"-0.46666700","name":"Oundle"},{"id":"838240","latitude":"52.28333300","longitude":"-0.81666700","name":"Overstone"},{"id":"838377","latitude":"52.16666700","longitude":"-1.01666700","name":"Pattishall"},{"id":"838379","latitude":"52.08333300","longitude":"-0.93333300","name":"Paulerspury"},{"id":"838526","latitude":"52.26666700","longitude":"-0.40000000","name":"Pertenhall"},{"id":"838581","latitude":"52.43333300","longitude":"-0.48333300","name":"Pilton"},{"id":"838664","latitude":"52.23333300","longitude":"-0.61666700","name":"Podington"},{"id":"838669","latitude":"52.46666700","longitude":"-0.41666700","name":"Polebrook"},{"id":"838910","latitude":"52.18333300","longitude":"-1.15000000","name":"Preston Capes"},{"id":"838943","latitude":"52.23333300","longitude":"-0.61666700","name":"Puddington"},{"id":"839040","latitude":"52.05000000","longitude":"-1.13333300","name":"Radstone"},{"id":"839112","latitude":"52.33333300","longitude":"-0.53333300","name":"Raunds"},{"id":"839287","latitude":"52.35000000","longitude":"-0.55000000","name":"Ringstead"},{"id":"839302","latitude":"52.25000000","longitude":"-0.46666700","name":"Riseley"},{"id":"839315","latitude":"52.15000000","longitude":"-0.88333300","name":"Roade"},{"id":"839436","latitude":"52.20000000","longitude":"-0.95000000","name":"Rothersthorpe"},{"id":"839479","latitude":"52.16666700","longitude":"-0.30000000","name":"Roxton"},{"id":"839524","latitude":"52.28333300","longitude":"-0.58333300","name":"Rushden"},{"id":"839728","latitude":"52.41666700","longitude":"-0.51666700","name":"Saint Peter Aldwinkle"},{"id":"840083","latitude":"52.21666700","longitude":"-0.53333300","name":"Sharnbrook"},{"id":"840298","latitude":"52.08333300","longitude":"-1.01666700","name":"Silverstone"},{"id":"840386","latitude":"52.10000000","longitude":"-1.06666700","name":"Slapton"},{"id":"840480","latitude":"52.23333300","longitude":"-0.55000000","name":"Souldrop"},{"id":"840626","latitude":"52.33333300","longitude":"-0.33333300","name":"Spaldwick"},{"id":"840784","latitude":"52.31666700","longitude":"-0.55000000","name":"Stanwick"},{"id":"840819","latitude":"52.23333300","longitude":"-1.20000000","name":"Staverton"},{"id":"840927","latitude":"52.45000000","longitude":"-0.48333300","name":"Stoke Doyle"},{"id":"841027","latitude":"52.31666700","longitude":"-0.36666700","name":"Stow"},{"id":"841098","latitude":"52.23333300","longitude":"-0.66666700","name":"Strixton"},{"id":"841140","latitude":"52.41666700","longitude":"-0.56666700","name":"Sudborough"},{"id":"841146","latitude":"52.10000000","longitude":"-1.18333300","name":"Sulgrave"},{"id":"841253","latitude":"52.26666700","longitude":"-0.43333300","name":"Swineshead"},{"id":"841279","latitude":"52.06666700","longitude":"-1.08333300","name":"Syresham"},{"id":"841283","latitude":"52.28333300","longitude":"-0.78333300","name":"Sywell"},{"id":"841333","latitude":"52.50000000","longitude":"-0.41666700","name":"Tansor"},{"id":"841563","latitude":"52.41666700","longitude":"-0.48333300","name":"Thorpe"},{"id":"841565","latitude":"52.41666700","longitude":"-0.48333300","name":"Thorpe Waterville"},{"id":"841568","latitude":"52.40000000","longitude":"-0.53333300","name":"Thrapston"},{"id":"841602","latitude":"52.20000000","longitude":"-0.45000000","name":"Thurleigh"},{"id":"841611","latitude":"52.41666700","longitude":"-0.40000000","name":"Thurning"},{"id":"841648","latitude":"52.30000000","longitude":"-0.41666700","name":"Tilbrook"},{"id":"841698","latitude":"52.40000000","longitude":"-0.48333300","name":"Titchmarsh"},{"id":"841818","latitude":"52.13333300","longitude":"-0.98333300","name":"Towcester"},{"id":"842016","latitude":"52.38333300","longitude":"-0.60000000","name":"Twywell"},{"id":"842116","latitude":"52.28333300","longitude":"-0.46666700","name":"Upper Dean"},{"id":"842237","latitude":"52.43333300","longitude":"-0.50000000","name":"Wadenhoe"},{"id":"842269","latitude":"52.33333300","longitude":"-0.81666700","name":"Walgrave"},{"id":"842361","latitude":"52.10000000","longitude":"-1.08333300","name":"Wappenham"},{"id":"842394","latitude":"52.50000000","longitude":"-0.40000000","name":"Warmington"},{"id":"842496","latitude":"52.21666700","longitude":"-1.06666700","name":"Weedon Beck"},{"id":"842498","latitude":"52.21666700","longitude":"-1.06666700","name":"Weedon"},{"id":"842522","latitude":"52.30000000","longitude":"-0.70000000","name":"Wellingborough"},{"id":"842760","latitude":"52.10000000","longitude":"-1.13333300","name":"Weston"},{"id":"842883","latitude":"52.23333300","longitude":"-0.75000000","name":"Whiston"},{"id":"842928","latitude":"52.05000000","longitude":"-1.11666700","name":"Whitfield"},{"id":"842963","latitude":"52.08333300","longitude":"-0.98333300","name":"Whittlebury"},{"id":"843037","latitude":"52.26666700","longitude":"-0.71666700","name":"Wilby"},{"id":"843041","latitude":"52.16666700","longitude":"-0.38333300","name":"Wilden"},{"id":"843069","latitude":"52.28333300","longitude":"-1.23333300","name":"Willoughby"},{"id":"843177","latitude":"52.40000000","longitude":"-0.36666700","name":"Winwick"},{"id":"843243","latitude":"52.26666700","longitude":"-1.21666700","name":"Wolfhamcote"},{"id":"843249","latitude":"52.25000000","longitude":"-0.66666700","name":"Wollaston"},{"id":"843285","latitude":"52.36666700","longitude":"-0.56666700","name":"Woodford"},{"id":"843362","latitude":"52.18333300","longitude":"-0.88333300","name":"Wootton"},{"id":"843471","latitude":"52.26666700","longitude":"-0.60000000","name":"Wymington"},{"id":"843519","latitude":"52.28333300","longitude":"-0.50000000","name":"Yelden"}]