[{"id":"103713","latitude":"-23.76666670","longitude":"-64.68333330","name":"23 de Agosto"},{"id":"103734","latitude":"-23.36666670","longitude":"-66.06666670","name":"Abd\u00f3n Castro Tolay"},{"id":"103739","latitude":"-23.20000000","longitude":"-65.78333330","name":"Abra Laite"},{"id":"103741","latitude":"-22.71666670","longitude":"-65.70000000","name":"Abra Pampa"},{"id":"103748","latitude":"-23.36666670","longitude":"-66.06666670","name":"A. Castro Tolay"},{"id":"103786","latitude":"-23.05000000","longitude":"-65.78333330","name":"Agua Caliente"},{"id":"103787","latitude":"-24.58333330","longitude":"-64.91666670","name":"Agua Calientes"},{"id":"103788","latitude":"-22.91666670","longitude":"-65.73333330","name":"Agua Chica"},{"id":"103807","latitude":"-23.76666670","longitude":"-65.91666670","name":"Aguadita"},{"id":"103823","latitude":"-23.20000000","longitude":"-65.70000000","name":"Aguilar"},{"id":"103921","latitude":"-23.58333330","longitude":"-65.35000000","name":"Alfarcito"},{"id":"103984","latitude":"-22.41666670","longitude":"-65.46666670","name":"Alto del Pelador"},{"id":"103992","latitude":"-24.26666670","longitude":"-65.13333330","name":"Alto La Torre"},{"id":"103993","latitude":"-24.20000000","longitude":"-65.26666670","name":"Alto La Vi\u00f1a"},{"id":"104112","latitude":"-22.71666670","longitude":"-66.35000000","name":"Antiguyo"},{"id":"104116","latitude":"-22.71666670","longitude":"-66.35000000","name":"Antiuyo"},{"id":"104195","latitude":"-24.35000000","longitude":"-64.68333330","name":"Arroyo Colorado"},{"id":"104408","latitude":"-23.36666670","longitude":"-66.06666670","name":"Barrancas"},{"id":"104459","latitude":"-24.30000000","longitude":"-64.93333330","name":"Barro Negro"},{"id":"104494","latitude":"-23.63333330","longitude":"-65.40000000","name":"Bella Vista"},{"id":"104573","latitude":"-21.88333330","longitude":"-66.25000000","name":"Bochahuasi"},{"id":"104591","latitude":"-24.40000000","longitude":"-65.18333330","name":"Bordo La Isla"},{"id":"104607","latitude":"-22.35000000","longitude":"-66.23333330","name":"Bravo Grande"},{"id":"104697","latitude":"-23.11666670","longitude":"-65.28333330","name":"Cactaca"},{"id":"104706","latitude":"-23.73333330","longitude":"-64.58333330","name":"Caimancito"},{"id":"104708","latitude":"-22.25000000","longitude":"-65.30000000","name":"Cajas"},{"id":"104736","latitude":"-23.78333330","longitude":"-64.78333330","name":"Calilegua"},{"id":"104852","latitude":"-22.41666670","longitude":"-65.56666670","name":"Cangrejilla"},{"id":"104853","latitude":"-22.41666670","longitude":"-65.56666670","name":"Cangrejillos"},{"id":"104855","latitude":"-22.46666670","longitude":"-65.53333330","name":"Cangrejos"},{"id":"104868","latitude":"-23.31666670","longitude":"-65.28333330","name":"Capala"},{"id":"104886","latitude":"-24.08333330","longitude":"-65.16666670","name":"Capillas"},{"id":"104904","latitude":"-23.31666670","longitude":"-65.30000000","name":"Capla"},{"id":"104910","latitude":"-22.31666670","longitude":"-65.65000000","name":"Caracara"},{"id":"104915","latitude":"-22.48333330","longitude":"-65.95000000","name":"Carahuasi"},{"id":"104943","latitude":"-24.38333330","longitude":"-65.26666670","name":"Carmen"},{"id":"104978","latitude":"-22.96666670","longitude":"-66.06666670","name":"Casabindo"},{"id":"104980","latitude":"-22.30000000","longitude":"-66.30000000","name":"Casa Colorada"},{"id":"104992","latitude":"-22.25000000","longitude":"-65.30000000","name":"Casas"},{"id":"104995","latitude":"-22.96666670","longitude":"-66.06666670","name":"Casavindo"},{"id":"105005","latitude":"-22.75000000","longitude":"-65.35000000","name":"Casillas"},{"id":"105007","latitude":"-23.31666670","longitude":"-65.13333330","name":"Caspal\u00e1"},{"id":"105024","latitude":"-22.83333330","longitude":"-65.36666670","name":"Castilla"},{"id":"105034","latitude":"-23.86666670","longitude":"-67.01666670","name":"Cat\u00faa"},{"id":"105077","latitude":"-22.31666670","longitude":"-65.81666670","name":"Cerrillos"},{"id":"105086","latitude":"-22.73333330","longitude":"-65.48333330","name":"Cerro Blanco"},{"id":"105110","latitude":"-24.05000000","longitude":"-64.68333330","name":"Chacarita"},{"id":"105129","latitude":"-24.06666670","longitude":"-64.80000000","name":"Chalic\u00e1n"},{"id":"105184","latitude":"-22.93333330","longitude":"-65.30000000","name":"Chaupi Rodero"},{"id":"105218","latitude":"-22.60000000","longitude":"-65.81666670","name":"Chipaite"},{"id":"105219","latitude":"-22.60000000","longitude":"-65.81666670","name":"Chipat\u00e9"},{"id":"105250","latitude":"-22.16666670","longitude":"-66.35000000","name":"Chuchi"},{"id":"105264","latitude":"-22.16666670","longitude":"-66.35000000","name":"Churqui"},{"id":"105277","latitude":"-22.46666670","longitude":"-65.40000000","name":"Cienaguilla"},{"id":"105278","latitude":"-22.08333330","longitude":"-65.88333330","name":"Cienaguillas"},{"id":"105285","latitude":"-22.08333330","longitude":"-65.88333330","name":"Cieneguilla"},{"id":"105286","latitude":"-22.08333330","longitude":"-65.88333330","name":"Cieneguillas"},{"id":"105339","latitude":"-22.73333330","longitude":"-65.90000000","name":"Cochinoca"},{"id":"105348","latitude":"-23.88333330","longitude":"-65.46666670","name":"Coiruro"},{"id":"105646","latitude":"-22.08333330","longitude":"-66.11666670","name":"C\u00f3ndor"},{"id":"105676","latitude":"-23.03333330","longitude":"-66.40000000","name":"Coranzul\u00ed"},{"id":"105677","latitude":"-23.15000000","longitude":"-65.45000000","name":"Coraya"},{"id":"105679","latitude":"-23.03333330","longitude":"-66.40000000","name":"Corazuli"},{"id":"105680","latitude":"-23.03333330","longitude":"-66.40000000","name":"Corazuli Irolana"},{"id":"105753","latitude":"-22.20000000","longitude":"-65.58333330","name":"Corral Blanco"},{"id":"105804","latitude":"-22.58333330","longitude":"-66.35000000","name":"Crosmayo"},{"id":"105845","latitude":"-22.06666670","longitude":"-66.01666670","name":"Cuesta"},{"id":"105864","latitude":"-22.48333330","longitude":"-65.95000000","name":"Curhuani"},{"id":"105958","latitude":"-24.45000000","longitude":"-65.25000000","name":"Dique Las Maderas"},{"id":"106056","latitude":"-23.20000000","longitude":"-65.70000000","name":"El Aguilar"},{"id":"106101","latitude":"-24.23333330","longitude":"-65.18333330","name":"El Brete"},{"id":"106118","latitude":"-24.38333330","longitude":"-65.26666670","name":"El Carmen"},{"id":"106122","latitude":"-24.36666670","longitude":"-65.35000000","name":"El Carril"},{"id":"106127","latitude":"-24.30000000","longitude":"-65.26666670","name":"El Ceibal"},{"id":"106207","latitude":"-24.26666670","longitude":"-64.41666670","name":"El Fuerte"},{"id":"106255","latitude":"-23.96666670","longitude":"-64.28333330","name":"El Mistol"},{"id":"106272","latitude":"-23.86666670","longitude":"-65.80000000","name":"El Moreno"},{"id":"106290","latitude":"-24.08333330","longitude":"-64.58333330","name":"El Palmar"},{"id":"106305","latitude":"-24.21666670","longitude":"-65.20000000","name":"El Parque"},{"id":"106321","latitude":"-24.21666670","longitude":"-64.65000000","name":"El Piquete"},{"id":"106335","latitude":"-23.86666670","longitude":"-66.85000000","name":"El Porvenir"},{"id":"106360","latitude":"-24.10000000","longitude":"-64.81666670","name":"El Quemado"},{"id":"106372","latitude":"-24.28333330","longitude":"-65.10000000","name":"El Remate"},{"id":"106526","latitude":"-22.21666670","longitude":"-65.73333330","name":"Escaya"},{"id":"106530","latitude":"-22.21666670","longitude":"-65.73333330","name":"Escoya"},{"id":"106733","latitude":"-22.65000000","longitude":"-66.36666670","name":"Farill\u00f3n"},{"id":"106840","latitude":"-23.93333330","longitude":"-64.78333330","name":"Fraile Pintado"},{"id":"106887","latitude":"-22.55000000","longitude":"-65.50000000","name":"Gallego Muerto"},{"id":"107039","latitude":"-23.80000000","longitude":"-64.80000000","name":"General San Martin"},{"id":"107203","latitude":"-23.20000000","longitude":"-65.86666670","name":"Guayatayoc"},{"id":"107212","latitude":"-24.21666670","longitude":"-65.40000000","name":"Guerrero"},{"id":"107280","latitude":"-22.05000000","longitude":"-66.03333330","name":"Hornillos"},{"id":"107282","latitude":"-23.96666670","longitude":"-66.90000000","name":"Horno Auspurg"},{"id":"107283","latitude":"-23.96666670","longitude":"-66.90000000","name":"Horno Ruspura"},{"id":"107296","latitude":"-23.43333330","longitude":"-65.35000000","name":"Huacalera"},{"id":"107320","latitude":"-23.20000000","longitude":"-65.86666670","name":"Huayatayoc"},{"id":"107337","latitude":"-23.20000000","longitude":"-65.35000000","name":"Humahuaca"},{"id":"107433","latitude":"-24.21666670","longitude":"-64.85000000","name":"Ingenio La Esperanza"},{"id":"107440","latitude":"-23.83333330","longitude":"-64.76666670","name":"Ingenio Ledesm\u00e1"},{"id":"107453","latitude":"-22.15000000","longitude":"-65.30000000","name":"Inti Cancha"},{"id":"107499","latitude":"-22.98333330","longitude":"-65.35000000","name":"Iturbe"},{"id":"107631","latitude":"-24.21666670","longitude":"-65.38333330","name":"Juan Gal\u00e1n"},{"id":"107658","latitude":"-23.51666670","longitude":"-65.40000000","name":"Jueya"},{"id":"107659","latitude":"-24.18333330","longitude":"-65.30000000","name":"Jujuy"},{"id":"107782","latitude":"-22.88333330","longitude":"-65.60000000","name":"La Capilla"},{"id":"107835","latitude":"-22.91666670","longitude":"-65.36666670","name":"La Cueva"},{"id":"107860","latitude":"-24.21666670","longitude":"-64.85000000","name":"La Esperanza"},{"id":"107933","latitude":"-22.45000000","longitude":"-65.55000000","name":"Laguna"},{"id":"107945","latitude":"-22.40000000","longitude":"-66.11666670","name":"Lagunilla"},{"id":"107947","latitude":"-22.40000000","longitude":"-66.11666670","name":"Lagunillas"},{"id":"107972","latitude":"-24.40000000","longitude":"-65.18333330","name":"La Isla"},{"id":"108025","latitude":"-24.31666670","longitude":"-64.96666670","name":"La Mendieta"},{"id":"108083","latitude":"-21.95000000","longitude":"-66.13333330","name":"La Perdida"},{"id":"108122","latitude":"-22.10000000","longitude":"-65.61666670","name":"La Quiaca"},{"id":"108146","latitude":"-24.08333330","longitude":"-64.23333330","name":"La Ronda"},{"id":"108183","latitude":"-24.43333330","longitude":"-64.98333330","name":"Las Ca\u00f1adas"},{"id":"108279","latitude":"-24.45000000","longitude":"-65.25000000","name":"Las Maderas"},{"id":"108394","latitude":"-24.33333330","longitude":"-65.35000000","name":"La Toma"},{"id":"108410","latitude":"-24.40000000","longitude":"-65.06666670","name":"La Uni\u00f3n"},{"id":"108457","latitude":"-23.83333330","longitude":"-64.76666670","name":"Ledesma"},{"id":"108467","latitude":"-24.03333330","longitude":"-65.41666670","name":"Le\u00f3n"},{"id":"108484","latitude":"-23.80000000","longitude":"-64.80000000","name":"Libertador General San Mart\u00edn"},{"id":"108513","latitude":"-22.53333330","longitude":"-65.80000000","name":"Llamer\u00eda"},{"id":"108532","latitude":"-22.50000000","longitude":"-66.50000000","name":"Loma Blanca"},{"id":"108562","latitude":"-22.61666670","longitude":"-66.20000000","name":"Lopiara"},{"id":"108653","latitude":"-24.48333330","longitude":"-65.06666670","name":"Los Lapachos"},{"id":"108655","latitude":"-24.40000000","longitude":"-64.61666670","name":"Los Laureles"},{"id":"108659","latitude":"-24.53333330","longitude":"-64.98333330","name":"Los Manantiales"},{"id":"108695","latitude":"-24.18333330","longitude":"-65.31666670","name":"Los Perales"},{"id":"108817","latitude":"-24.23333330","longitude":"-65.20000000","name":"Madrej\u00f3n"},{"id":"108827","latitude":"-23.61666670","longitude":"-65.40000000","name":"Maimar\u00e1"},{"id":"108903","latitude":"-24.48333330","longitude":"-65.06666670","name":"Maquinista Ver\u00f3n"},{"id":"109026","latitude":"-23.96666670","longitude":"-66.90000000","name":"Medanitos"},{"id":"109093","latitude":"-22.65000000","longitude":"-66.36666670","name":"Mina Ajedrez"},{"id":"109094","latitude":"-22.36666670","longitude":"-65.63333330","name":"Mina B\u00e9lgica"},{"id":"109101","latitude":"-22.68333330","longitude":"-66.51666670","name":"Mina Pirquita"},{"id":"109102","latitude":"-22.68333330","longitude":"-66.51666670","name":"Mina Pirquitas"},{"id":"109111","latitude":"-22.86666670","longitude":"-65.80000000","name":"Miraflores"},{"id":"109224","latitude":"-24.45000000","longitude":"-65.16666670","name":"Monte Rico"},{"id":"109246","latitude":"-23.86666670","longitude":"-65.80000000","name":"Moreno"},{"id":"109460","latitude":"-23.46666670","longitude":"-66.81666670","name":"Olaroz Chico"},{"id":"109461","latitude":"-23.36666670","longitude":"-66.86666670","name":"Olaroz Grande"},{"id":"109490","latitude":"-23.86666670","longitude":"-65.80000000","name":"Oratorio Moreno"},{"id":"109491","latitude":"-22.08333330","longitude":"-66.11666670","name":"Oratorio"},{"id":"109500","latitude":"-22.58333330","longitude":"-66.35000000","name":"Orosmayo"},{"id":"109512","latitude":"-23.11666670","longitude":"-65.41666670","name":"Ovara"},{"id":"109518","latitude":"-22.91666670","longitude":"-65.36666670","name":"Pacara"},{"id":"109537","latitude":"-23.01666670","longitude":"-66.81666670","name":"Pairique Chico"},{"id":"109538","latitude":"-23.13333330","longitude":"-66.78333330","name":"Pairique Grande"},{"id":"109539","latitude":"-23.01666670","longitude":"-66.81666670","name":"Pairiqui Chico"},{"id":"109540","latitude":"-23.13333330","longitude":"-66.78333330","name":"Pairiqui Grande"},{"id":"109550","latitude":"-23.10000000","longitude":"-65.10000000","name":"Palca de Aparzo"},{"id":"109558","latitude":"-24.08333330","longitude":"-64.58333330","name":"Palma"},{"id":"109566","latitude":"-23.98333330","longitude":"-64.30000000","name":"Palma Sola"},{"id":"109567","latitude":"-23.98333330","longitude":"-64.30000000","name":"Palma Sota"},{"id":"109593","latitude":"-24.25000000","longitude":"-65.20000000","name":"Palpal\u00e1"},{"id":"109594","latitude":"-23.10000000","longitude":"-65.10000000","name":"Palta de Aparzo"},{"id":"109597","latitude":"-24.55000000","longitude":"-65.08333330","name":"Pampa Blanca"},{"id":"109622","latitude":"-24.51666670","longitude":"-65.03333330","name":"Pampa Vieja"},{"id":"109627","latitude":"-23.55000000","longitude":"-65.03333330","name":"Pampichuela"},{"id":"109628","latitude":"-23.55000000","longitude":"-65.03333330","name":"Pampichuelo"},{"id":"109681","latitude":"-22.20000000","longitude":"-65.95000000","name":"Pasaje"},{"id":"109786","latitude":"-21.90000000","longitude":"-66.06666670","name":"Pe\u00f1a Colorada"},{"id":"109805","latitude":"-24.38333330","longitude":"-65.10000000","name":"Perico"},{"id":"109844","latitude":"-24.26666670","longitude":"-64.31666670","name":"Pie de la Cuesta"},{"id":"109857","latitude":"-23.31666670","longitude":"-65.91666670","name":"Piedra Quemada"},{"id":"109911","latitude":"-22.68333330","longitude":"-66.51666670","name":"Pirquitas"},{"id":"109992","latitude":"-22.65000000","longitude":"-65.55000000","name":"Potrero"},{"id":"110042","latitude":"-24.03333330","longitude":"-64.86666670","name":"Pozo Hunter"},{"id":"110059","latitude":"-24.36666670","longitude":"-65.03333330","name":"Presidente Per\u00f3n"},{"id":"110105","latitude":"-23.83333330","longitude":"-64.76666670","name":"Pueblo Ledesma"},{"id":"110125","latitude":"-22.11666670","longitude":"-65.71666670","name":"Pueblo Viejo"},{"id":"110282","latitude":"-22.70000000","longitude":"-65.96666670","name":"Puerto Viejo"},{"id":"110295","latitude":"-22.53333330","longitude":"-65.68333330","name":"Puesto del Marqu\u00e9s"},{"id":"110298","latitude":"-22.06666670","longitude":"-66.01666670","name":"Puesto Grande"},{"id":"110319","latitude":"-22.36666670","longitude":"-65.60000000","name":"Pulpera"},{"id":"110320","latitude":"-22.28333330","longitude":"-65.68333330","name":"Pumahuasi"},{"id":"110356","latitude":"-23.73333330","longitude":"-65.48333330","name":"Purmamarca"},{"id":"110380","latitude":"-22.80000000","longitude":"-66.03333330","name":"Quichagua"},{"id":"110461","latitude":"-24.30000000","longitude":"-64.93333330","name":"Rarro Negro"},{"id":"110463","latitude":"-24.00000000","longitude":"-64.88333330","name":"Rastrojos"},{"id":"110488","latitude":"-22.55000000","longitude":"-65.50000000","name":"Redonda"},{"id":"110489","latitude":"-22.55000000","longitude":"-65.50000000","name":"Redondo"},{"id":"110516","latitude":"-24.16666670","longitude":"-65.36666670","name":"Reyes"},{"id":"110528","latitude":"-22.43333330","longitude":"-66.16666670","name":"Rinconada"},{"id":"110530","latitude":"-23.41666670","longitude":"-65.91666670","name":"Rinconadilla"},{"id":"110531","latitude":"-23.41666670","longitude":"-65.91666670","name":"Rinconadillas"},{"id":"110532","latitude":"-22.25000000","longitude":"-65.30000000","name":"Rinc\u00f3n de Cajas"},{"id":"110567","latitude":"-23.40000000","longitude":"-65.75000000","name":"R\u00edo Grande"},{"id":"110619","latitude":"-21.88333330","longitude":"-66.25000000","name":"Rochahuasi"},{"id":"110629","latitude":"-22.31666670","longitude":"-65.93333330","name":"Rodeo"},{"id":"110633","latitude":"-23.03333330","longitude":"-65.31666670","name":"Rodero"},{"id":"110634","latitude":"-22.25000000","longitude":"-66.43333330","name":"Rodio"},{"id":"110661","latitude":"-22.85000000","longitude":"-66.71666670","name":"Rosario"},{"id":"110721","latitude":"-23.96666670","longitude":"-64.55000000","name":"Saladillo de Mil\u00e1n"},{"id":"110724","latitude":"-24.01666670","longitude":"-64.26666670","name":"Saladillo"},{"id":"110800","latitude":"-24.20000000","longitude":"-64.80000000","name":"San Antonio"},{"id":"110821","latitude":"-23.81666670","longitude":"-65.31666670","name":"San Bernardo"},{"id":"110934","latitude":"-23.85000000","longitude":"-65.28333330","name":"San Javier"},{"id":"110978","latitude":"-22.18333330","longitude":"-65.55000000","name":"San Juancito"},{"id":"110979","latitude":"-24.53333330","longitude":"-64.68333330","name":"San Juan de Dios"},{"id":"110981","latitude":"-22.20000000","longitude":"-66.40000000","name":"San Juan de Oro"},{"id":"110982","latitude":"-22.25000000","longitude":"-66.43333330","name":"San Juan de Palca"},{"id":"110984","latitude":"-22.20000000","longitude":"-66.40000000","name":"San Juan"},{"id":"111002","latitude":"-23.53333330","longitude":"-65.08333330","name":"San Lucas"},{"id":"111064","latitude":"-24.21666670","longitude":"-65.28333330","name":"San Pedrito"},{"id":"111071","latitude":"-24.23333330","longitude":"-64.86666670","name":"San Pedro"},{"id":"111081","latitude":"-24.11666670","longitude":"-64.40000000","name":"San Rafael"},{"id":"111102","latitude":"-24.18333330","longitude":"-65.30000000","name":"San Salvador de Jujuy"},{"id":"111114","latitude":"-23.10000000","longitude":"-66.01666670","name":"Santa Ana"},{"id":"111120","latitude":"-23.60000000","longitude":"-65.06666670","name":"Santa B\u00e1rbara"},{"id":"111124","latitude":"-21.95000000","longitude":"-66.06666670","name":"Santa Catalina"},{"id":"111130","latitude":"-24.28333330","longitude":"-64.68333330","name":"Santa Clara"},{"id":"111201","latitude":"-23.33333330","longitude":"-65.13333330","name":"Santa Rosa"},{"id":"111234","latitude":"-22.61666670","longitude":"-66.20000000","name":"Santo Domingo"},{"id":"111300","latitude":"-22.95000000","longitude":"-65.83333330","name":"Sayate"},{"id":"111327","latitude":"-23.30000000","longitude":"-65.35000000","name":"Senador P\u00e9rez"},{"id":"111341","latitude":"-23.91666670","longitude":"-66.56666670","name":"Sey"},{"id":"111348","latitude":"-23.90000000","longitude":"-66.86666670","name":"Siberia"},{"id":"111366","latitude":"-23.93333330","longitude":"-66.63333330","name":"Sijes"},{"id":"111401","latitude":"-22.30000000","longitude":"-65.58333330","name":"Sol de Mayo"},{"id":"111455","latitude":"-22.16666670","longitude":"-65.36666670","name":"Suripugio"},{"id":"111456","latitude":"-22.16666670","longitude":"-65.36666670","name":"Suripujio"},{"id":"111462","latitude":"-23.41666670","longitude":"-66.48333330","name":"Susques"},{"id":"111475","latitude":"-22.73333330","longitude":"-65.60000000","name":"Tabladitas"},{"id":"111509","latitude":"-22.10000000","longitude":"-65.73333330","name":"Tafna"},{"id":"111542","latitude":"-22.90000000","longitude":"-65.93333330","name":"Tambillos"},{"id":"111605","latitude":"-24.16666670","longitude":"-65.48333330","name":"Termas de Reyes"},{"id":"111614","latitude":"-22.40000000","longitude":"-66.41666670","name":"Tiamayo"},{"id":"111617","latitude":"-23.13333330","longitude":"-65.43333330","name":"Tienso"},{"id":"111620","latitude":"-23.56666670","longitude":"-65.36666670","name":"Tilcara"},{"id":"111628","latitude":"-22.21666670","longitude":"-66.15000000","name":"Tim\u00f3n Cruz"},{"id":"111636","latitude":"-22.40000000","longitude":"-66.41666670","name":"Tiomayo"},{"id":"111637","latitude":"-23.13333330","longitude":"-65.43333330","name":"Tionso"},{"id":"111660","latitude":"-23.08333330","longitude":"-66.58333330","name":"Tocol"},{"id":"111694","latitude":"-24.01666670","longitude":"-64.85000000","name":"Tortugas"},{"id":"111741","latitude":"-22.91666670","longitude":"-65.58333330","name":"Tres Cruces"},{"id":"111761","latitude":"-23.73333330","longitude":"-65.80000000","name":"Tres Morros"},{"id":"111802","latitude":"-23.85000000","longitude":"-65.46666670","name":"Tumbaya"},{"id":"111815","latitude":"-23.21666670","longitude":"-66.65000000","name":"Turu Tari"},{"id":"111816","latitude":"-23.20000000","longitude":"-66.05000000","name":"Tusaquilla"},{"id":"111843","latitude":"-23.30000000","longitude":"-65.35000000","name":"Uqu\u00eda"},{"id":"111853","latitude":"-22.58333330","longitude":"-66.35000000","name":"Urusmayo"},{"id":"111876","latitude":"-23.40000000","longitude":"-65.00000000","name":"Valle Colorado"},{"id":"111878","latitude":"-23.46666670","longitude":"-64.98333330","name":"Valle Grande"},{"id":"111905","latitude":"-23.76666670","longitude":"-64.68333330","name":"Veintitr\u00e9s de Agosto"},{"id":"111918","latitude":"-24.48333330","longitude":"-65.06666670","name":"Ver\u00f3n"},{"id":"111955","latitude":"-24.16666670","longitude":"-65.33333330","name":"Villa Ach\u00e1val"},{"id":"112089","latitude":"-23.55000000","longitude":"-65.36666670","name":"Villa Florida"},{"id":"112311","latitude":"-23.66666670","longitude":"-64.46666670","name":"Vinalito"},{"id":"112336","latitude":"-23.90000000","longitude":"-65.45000000","name":"Volc\u00e1n"},{"id":"112364","latitude":"-24.11666670","longitude":"-65.38333330","name":"Yala"},{"id":"112368","latitude":"-22.93333330","longitude":"-65.30000000","name":"Yaretayo"},{"id":"112379","latitude":"-22.10000000","longitude":"-65.46666670","name":"Yav\u00ed Chico"},{"id":"112380","latitude":"-22.13333330","longitude":"-65.46666670","name":"Yav\u00ed"},{"id":"112397","latitude":"-22.20000000","longitude":"-66.01666670","name":"Yoscaba"},{"id":"112406","latitude":"-23.63333330","longitude":"-64.46666670","name":"Yuto"},{"id":"112419","latitude":"-24.25000000","longitude":"-65.13333330","name":"Zapla"}]