[{"id":"826781","latitude":"52.78333300","longitude":"-0.91666700","name":"Ab Kettleby"},{"id":"826782","latitude":"52.78333300","longitude":"-0.91666700","name":"Abkettley"},{"id":"827260","latitude":"52.51666700","longitude":"-1.08333300","name":"Arnesby"},{"id":"827277","latitude":"52.41666700","longitude":"-0.88333300","name":"Arthingworth"},{"id":"827302","latitude":"52.50000000","longitude":"-1.16666700","name":"Ashby Magna"},{"id":"827303","latitude":"52.48333300","longitude":"-1.21666700","name":"Ashby Parva"},{"id":"827313","latitude":"52.75000000","longitude":"-0.95000000","name":"Ashfordby"},{"id":"827551","latitude":"52.65000000","longitude":"-1.33333300","name":"Bagworth"},{"id":"827765","latitude":"52.63333300","longitude":"-1.36666700","name":"Barlestone"},{"id":"827825","latitude":"52.73333300","longitude":"-1.15000000","name":"Barrow"},{"id":"827835","latitude":"52.73333300","longitude":"-1.15000000","name":"Barrow upon Soar"},{"id":"827838","latitude":"52.68333300","longitude":"-0.95000000","name":"Barsby"},{"id":"827866","latitude":"52.56666700","longitude":"-1.33333300","name":"Barwell"},{"id":"828042","latitude":"52.76666700","longitude":"-1.33333300","name":"Belton"},{"id":"828199","latitude":"52.60000000","longitude":"-0.93333300","name":"Billesdon"},{"id":"828314","latitude":"52.45000000","longitude":"-1.20000000","name":"Bitteswell"},{"id":"828317","latitude":"52.56666700","longitude":"-1.15000000","name":"Blaby"},{"id":"828609","latitude":"52.48333300","longitude":"-0.90000000","name":"Bowden"},{"id":"828718","latitude":"52.46666700","longitude":"-0.83333300","name":"Brampton Ash"},{"id":"828763","latitude":"52.45000000","longitude":"-0.86666700","name":"Braybrooke"},{"id":"828791","latitude":"52.78333300","longitude":"-1.40000000","name":"Breedon"},{"id":"828792","latitude":"52.78333300","longitude":"-1.40000000","name":"Breedon on the Hill"},{"id":"829005","latitude":"52.51666700","longitude":"-1.21666700","name":"Broughton Astley"},{"id":"829039","latitude":"52.50000000","longitude":"-1.10000000","name":"Bruntingthorpe"},{"id":"829136","latitude":"52.51666700","longitude":"-1.35000000","name":"Burbage"},{"id":"829211","latitude":"52.76666700","longitude":"-1.11666700","name":"Burton"},{"id":"829225","latitude":"52.76666700","longitude":"-1.11666700","name":"Burton on the Wolds"},{"id":"829227","latitude":"52.56666700","longitude":"-1.00000000","name":"Burton Overy"},{"id":"829487","latitude":"52.61666700","longitude":"-1.41666700","name":"Carlton"},{"id":"829694","latitude":"52.80000000","longitude":"-0.83333300","name":"Chadwell"},{"id":"829974","latitude":"52.51666700","longitude":"-0.93333300","name":"Church Langton"},{"id":"829978","latitude":"52.41666700","longitude":"-1.25000000","name":"Churchover"},{"id":"830057","latitude":"52.48333300","longitude":"-1.26666700","name":"Claybrooke"},{"id":"830058","latitude":"52.48333300","longitude":"-1.28333300","name":"Claybrooke Magna"},{"id":"830059","latitude":"52.48333300","longitude":"-1.26666700","name":"Claybrooke Parva"},{"id":"830119","latitude":"52.41666700","longitude":"-0.95000000","name":"Clipston"},{"id":"830188","latitude":"52.71666700","longitude":"-1.36666700","name":"Coalville"},{"id":"830264","latitude":"52.75000000","longitude":"-1.40000000","name":"Coleorton"},{"id":"830353","latitude":"52.63333300","longitude":"-1.45000000","name":"Congerstone"},{"id":"830464","latitude":"52.53333300","longitude":"-1.18333300","name":"Cosby"},{"id":"830479","latitude":"52.43333300","longitude":"-1.20000000","name":"Cotesbach"},{"id":"830495","latitude":"52.43333300","longitude":"-1.20000000","name":"Cottesbach"},{"id":"830517","latitude":"52.55000000","longitude":"-1.13333300","name":"Countesthorpe"},{"id":"830705","latitude":"52.55000000","longitude":"-1.23333300","name":"Croft"},{"id":"830954","latitude":"52.56666700","longitude":"-1.40000000","name":"Dadlington"},{"id":"831144","latitude":"52.61666700","longitude":"-1.28333300","name":"Desford"},{"id":"831643","latitude":"52.45000000","longitude":"-0.93333300","name":"East Farndon"},{"id":"831687","latitude":"52.51666700","longitude":"-0.91666700","name":"East Langton"},{"id":"831750","latitude":"52.83333300","longitude":"-0.83333300","name":"Eastwell"},{"id":"831768","latitude":"52.83333300","longitude":"-0.81666700","name":"Eaton"},{"id":"831917","latitude":"52.55000000","longitude":"-1.30000000","name":"Elmesthorpe"},{"id":"831922","latitude":"52.55000000","longitude":"-1.30000000","name":"Elmsthorpe"},{"id":"832070","latitude":"52.60000000","longitude":"-1.06666700","name":"Evington"},{"id":"832150","latitude":"52.45000000","longitude":"-0.93333300","name":"Farndon"},{"id":"832485","latitude":"52.50000000","longitude":"-0.96666700","name":"Foxton"},{"id":"832536","latitude":"52.73333300","longitude":"-0.96666700","name":"Frisby"},{"id":"832537","latitude":"52.73333300","longitude":"-0.96666700","name":"Frisby on the Wreak"},{"id":"832596","latitude":"52.70000000","longitude":"-0.96666700","name":"Gaddesby"},{"id":"832755","latitude":"52.46666700","longitude":"-1.15000000","name":"Gilmarton"},{"id":"832758","latitude":"52.46666700","longitude":"-1.15000000","name":"Gilmorton"},{"id":"832843","latitude":"52.56666700","longitude":"-1.11666700","name":"Glen Parka"},{"id":"832844","latitude":"52.56666700","longitude":"-1.11666700","name":"Glen Parva"},{"id":"832858","latitude":"52.55000000","longitude":"-0.88333300","name":"Gloostone"},{"id":"832873","latitude":"52.81666700","longitude":"-0.83333300","name":"Goadby Marwood"},{"id":"833021","latitude":"52.50000000","longitude":"-1.16666700","name":"Great Ashby"},{"id":"833040","latitude":"52.48333300","longitude":"-0.90000000","name":"Great Bowden"},{"id":"833058","latitude":"52.48333300","longitude":"-1.28333300","name":"Great Claybrooke"},{"id":"833067","latitude":"52.70000000","longitude":"-0.88333300","name":"Great Dalby"},{"id":"833086","latitude":"52.56666700","longitude":"-1.03333300","name":"Great Glen"},{"id":"833136","latitude":"52.43333300","longitude":"-0.91666700","name":"Great Oxendon"},{"id":"833141","latitude":"52.53333300","longitude":"-1.11666700","name":"Great Peatling"},{"id":"833161","latitude":"52.60000000","longitude":"-1.01666700","name":"Great Stretton"},{"id":"833243","latitude":"52.78333300","longitude":"-0.98333300","name":"Grimston"},{"id":"833296","latitude":"52.50000000","longitude":"-0.98333300","name":"Gumley"},{"id":"833495","latitude":"52.85000000","longitude":"-0.88333300","name":"Harby"},{"id":"833550","latitude":"52.40000000","longitude":"-0.85000000","name":"Harrington"},{"id":"833598","latitude":"52.38333300","longitude":"-0.95000000","name":"Haselbech"},{"id":"833700","latitude":"52.38333300","longitude":"-0.95000000","name":"Hazelbeach"},{"id":"833701","latitude":"52.38333300","longitude":"-0.95000000","name":"Hazelbeech"},{"id":"833724","latitude":"52.68333300","longitude":"-1.41666700","name":"Heather"},{"id":"833865","latitude":"52.55000000","longitude":"-1.20000000","name":"Hethel"},{"id":"833987","latitude":"52.53333300","longitude":"-1.36666700","name":"Hinckley"},{"id":"834026","latitude":"52.73333300","longitude":"-1.00000000","name":"Hoby"},{"id":"834113","latitude":"52.78333300","longitude":"-0.90000000","name":"Holwell"},{"id":"834220","latitude":"52.83333300","longitude":"-0.90000000","name":"Hose"},{"id":"834232","latitude":"52.61666700","longitude":"-0.98333300","name":"Houghton"},{"id":"834239","latitude":"52.61666700","longitude":"-0.98333300","name":"Houghton on the Hill"},{"id":"834276","latitude":"52.70000000","longitude":"-1.36666700","name":"Hugglescote"},{"id":"834343","latitude":"52.45000000","longitude":"-1.05000000","name":"Husbands Bosworth"},{"id":"834371","latitude":"52.66666700","longitude":"-1.40000000","name":"Ibstock"},{"id":"834410","latitude":"52.58333300","longitude":"-0.95000000","name":"Illston"},{"id":"834411","latitude":"52.58333300","longitude":"-0.95000000","name":"Illston on the Hill"},{"id":"834662","latitude":"52.40000000","longitude":"-0.91666700","name":"Kelmarsh"},{"id":"834739","latitude":"52.56666700","longitude":"-1.18333300","name":"Ketteringham"},{"id":"834759","latitude":"52.53333300","longitude":"-0.98333300","name":"Kibworth Harcourt"},{"id":"834760","latitude":"52.53333300","longitude":"-0.98333300","name":"Kibworth"},{"id":"834779","latitude":"52.55000000","longitude":"-1.08333300","name":"Kilby"},{"id":"834898","latitude":"52.43333300","longitude":"-1.08333300","name":"Kilworth"},{"id":"835062","latitude":"52.60000000","longitude":"-1.31666700","name":"Kirby Mallory"},{"id":"835091","latitude":"52.60000000","longitude":"-1.31666700","name":"Kirkby Mallory"},{"id":"835365","latitude":"52.51666700","longitude":"-0.93333300","name":"Langton"},{"id":"835739","latitude":"52.48333300","longitude":"-1.26666700","name":"Little Claybrooke"},{"id":"835746","latitude":"52.70000000","longitude":"-0.85000000","name":"Little Dalby"},{"id":"835821","latitude":"52.58333300","longitude":"-1.00000000","name":"Little Stretton"},{"id":"836347","latitude":"52.81666700","longitude":"-0.91666700","name":"Long Clawson"},{"id":"836439","latitude":"52.76666700","longitude":"-1.20000000","name":"Loughborough"},{"id":"836504","latitude":"52.65000000","longitude":"-0.91666700","name":"Lowesby"},{"id":"836531","latitude":"52.46666700","longitude":"-0.95000000","name":"Lubenham"},{"id":"836589","latitude":"52.45000000","longitude":"-1.20000000","name":"Lutterworth"},{"id":"836799","latitude":"52.61666700","longitude":"-1.40000000","name":"Market Bosworth"},{"id":"836802","latitude":"52.46666700","longitude":"-0.91666700","name":"Market Harborough"},{"id":"836810","latitude":"52.66666700","longitude":"-1.28333300","name":"Markfield"},{"id":"836984","latitude":"52.76666700","longitude":"-0.88333300","name":"Melton Mowbray"},{"id":"837419","latitude":"52.71666700","longitude":"-1.15000000","name":"Mountsorrel"},{"id":"837428","latitude":"52.48333300","longitude":"-1.05000000","name":"Mowsley"},{"id":"837531","latitude":"52.56666700","longitude":"-1.20000000","name":"Narborough"},{"id":"837534","latitude":"52.38333300","longitude":"-0.98333300","name":"Naseby"},{"id":"837573","latitude":"52.81666700","longitude":"-0.96666700","name":"Nether Broughton"},{"id":"837629","latitude":"52.61666700","longitude":"-1.33333300","name":"Newbold Verdon"},{"id":"837803","latitude":"52.66666700","longitude":"-1.23333300","name":"Newtown Limford"},{"id":"837913","latitude":"52.43333300","longitude":"-1.08333300","name":"North Kilworth"},{"id":"837989","latitude":"52.65000000","longitude":"-1.51666700","name":"Norton juxta Twycross"},{"id":"837996","latitude":"52.65000000","longitude":"-1.51666700","name":"Norton"},{"id":"838035","latitude":"52.58333300","longitude":"-1.08333300","name":"Oadby"},{"id":"838108","latitude":"52.80000000","longitude":"-0.98333300","name":"Old Dalby"},{"id":"838266","latitude":"52.43333300","longitude":"-0.91666700","name":"Oxendon"},{"id":"838398","latitude":"52.53333300","longitude":"-1.11666700","name":"Peatling Magna"},{"id":"838399","latitude":"52.48333300","longitude":"-1.13333300","name":"Peatling Parva"},{"id":"839020","latitude":"52.73333300","longitude":"-1.16666700","name":"Quorndon"},{"id":"839049","latitude":"52.75000000","longitude":"-1.01666700","name":"Ragdale"},{"id":"839136","latitude":"52.71666700","longitude":"-1.03333300","name":"Rearsby"},{"id":"839183","latitude":"52.80000000","longitude":"-1.13333300","name":"Rempstone"},{"id":"839567","latitude":"52.51666700","longitude":"-1.03333300","name":"Saddington"},{"id":"839845","latitude":"52.51666700","longitude":"-1.26666700","name":"Sapcote"},{"id":"839876","latitude":"52.76666700","longitude":"-0.95000000","name":"Saxelby"},{"id":"839895","latitude":"52.80000000","longitude":"-0.86666700","name":"Scalford"},{"id":"839972","latitude":"52.73333300","longitude":"-1.08333300","name":"Seagrave"},{"id":"840060","latitude":"52.65000000","longitude":"-1.43333300","name":"Shackerstone"},{"id":"840084","latitude":"52.51666700","longitude":"-1.28333300","name":"Sharnford"},{"id":"840095","latitude":"52.50000000","longitude":"-1.06666700","name":"Shearsby"},{"id":"840130","latitude":"52.60000000","longitude":"-1.41666700","name":"Shenton"},{"id":"840260","latitude":"52.43333300","longitude":"-1.00000000","name":"Sibbertoft"},{"id":"840285","latitude":"52.71666700","longitude":"-1.10000000","name":"Sileby"},{"id":"840392","latitude":"52.53333300","longitude":"-0.85000000","name":"Slawston"},{"id":"840682","latitude":"52.65000000","longitude":"-1.33333300","name":"Sprowston"},{"id":"840738","latitude":"52.40000000","longitude":"-1.13333300","name":"Stanford on Avon"},{"id":"840739","latitude":"52.78333300","longitude":"-1.18333300","name":"Stanford on Soar"},{"id":"840744","latitude":"52.40000000","longitude":"-1.13333300","name":"Stanford"},{"id":"840746","latitude":"52.78333300","longitude":"-1.18333300","name":"Stanford-upon-Soar"},{"id":"840806","latitude":"52.85000000","longitude":"-0.85000000","name":"Stathern"},{"id":"840933","latitude":"52.56666700","longitude":"-1.40000000","name":"Stoke Golding"},{"id":"840983","latitude":"52.53333300","longitude":"-1.26666700","name":"Stoney Stanton"},{"id":"841090","latitude":"52.60000000","longitude":"-1.01666700","name":"Stretton"},{"id":"841225","latitude":"52.73333300","longitude":"-1.35000000","name":"Swannington"},{"id":"841256","latitude":"52.40000000","longitude":"-1.15000000","name":"Swinford"},{"id":"841266","latitude":"52.70000000","longitude":"-1.18333300","name":"Swithland"},{"id":"841466","latitude":"52.45000000","longitude":"-1.01666700","name":"Theddingworth"},{"id":"841537","latitude":"52.65000000","longitude":"-1.30000000","name":"Thornton"},{"id":"841549","latitude":"52.51666700","longitude":"-0.90000000","name":"Thorpe Langton"},{"id":"841557","latitude":"52.68333300","longitude":"-0.91666700","name":"Thorpe Satchville"},{"id":"841578","latitude":"52.73333300","longitude":"-1.35000000","name":"Thringstone"},{"id":"841609","latitude":"52.61666700","longitude":"-1.03333300","name":"Thurnby"},{"id":"841752","latitude":"52.78333300","longitude":"-1.38333300","name":"Tonge"},{"id":"841982","latitude":"52.53333300","longitude":"-0.93333300","name":"Tur Langton"},{"id":"842010","latitude":"52.63333300","longitude":"-1.50000000","name":"Twycross"},{"id":"842012","latitude":"52.66666700","longitude":"-0.91666700","name":"Twyford"},{"id":"842071","latitude":"52.46666700","longitude":"-1.25000000","name":"Ullesthorpe"},{"id":"842313","latitude":"52.80000000","longitude":"-0.80000000","name":"Waltham on the Wolds"},{"id":"842317","latitude":"52.80000000","longitude":"-0.80000000","name":"Waltham"},{"id":"842323","latitude":"52.46666700","longitude":"-1.11666700","name":"Walton-in-Knaptoft"},{"id":"842325","latitude":"52.75000000","longitude":"-1.11666700","name":"Walton le Wolds"},{"id":"842329","latitude":"52.75000000","longitude":"-1.11666700","name":"Walton-on-the-Wolds"},{"id":"842339","latitude":"52.46666700","longitude":"-1.11666700","name":"Walton"},{"id":"842415","latitude":"52.78333300","longitude":"-0.93333300","name":"Wartnaby"},{"id":"842517","latitude":"52.41666700","longitude":"-1.05000000","name":"Welford"},{"id":"842875","latitude":"52.56666700","longitude":"-1.18333300","name":"Whetstone"},{"id":"842976","latitude":"52.73333300","longitude":"-1.35000000","name":"Whitwick"},{"id":"842983","latitude":"52.46666700","longitude":"-1.28333300","name":"Wibtoft"},{"id":"843026","latitude":"52.58333300","longitude":"-1.10000000","name":"Wigston Magna"},{"id":"843027","latitude":"52.50000000","longitude":"-1.31666700","name":"Wigston Parva"},{"id":"843028","latitude":"52.58333300","longitude":"-1.10000000","name":"Wigston"},{"id":"843053","latitude":"52.45000000","longitude":"-1.26666700","name":"Willey"},{"id":"843100","latitude":"52.78333300","longitude":"-1.10000000","name":"Wimeswould"},{"id":"843212","latitude":"52.45000000","longitude":"-1.35000000","name":"Withybrook"},{"id":"843260","latitude":"52.48333300","longitude":"-1.36666700","name":"Wolvey"},{"id":"843295","latitude":"52.71666700","longitude":"-1.20000000","name":"Woodhouse"},{"id":"843399","latitude":"52.76666700","longitude":"-1.40000000","name":"Worthington"},{"id":"843470","latitude":"52.78333300","longitude":"-1.10000000","name":"Wymeswold"}]