[{"id":"826780","latitude":"55.48333300","longitude":"-3.70000000","name":"Abington"},{"id":"827713","latitude":"55.58333300","longitude":"-3.91666700","name":"Bankend"},{"id":"828189","latitude":"55.61666700","longitude":"-3.51666700","name":"Biggar"},{"id":"828384","latitude":"55.76666700","longitude":"-4.10000000","name":"Blantyre"},{"id":"828695","latitude":"55.70000000","longitude":"-3.83333300","name":"Braidwood"},{"id":"829014","latitude":"55.61666700","longitude":"-3.41666700","name":"Broughton"},{"id":"829297","latitude":"55.75000000","longitude":"-4.05000000","name":"Cadzow"},{"id":"829380","latitude":"55.78333300","longitude":"-3.90000000","name":"Cambusnethan"},{"id":"829498","latitude":"55.71666700","longitude":"-3.83333300","name":"Carluke"},{"id":"829529","latitude":"55.68333300","longitude":"-3.63333300","name":"Carnwath"},{"id":"829559","latitude":"55.70000000","longitude":"-3.70000000","name":"Carstairs"},{"id":"829579","latitude":"52.50000000","longitude":"-1.78333300","name":"Castle Bromwich"},{"id":"829726","latitude":"55.71666700","longitude":"-4.08333300","name":"Chapelton"},{"id":"830084","latitude":"55.80000000","longitude":"-3.90000000","name":"Cleland"},{"id":"830182","latitude":"55.58333300","longitude":"-3.90000000","name":"Coalburn"},{"id":"830270","latitude":"52.50000000","longitude":"-1.70000000","name":"Coleshill"},{"id":"830538","latitude":"55.63333300","longitude":"-3.63333300","name":"Covington"},{"id":"830624","latitude":"55.46666700","longitude":"-3.65000000","name":"Crawford"},{"id":"830625","latitude":"55.48333300","longitude":"-3.76666700","name":"Crawfordjohn"},{"id":"830753","latitude":"55.70000000","longitude":"-3.86666700","name":"Crossford"},{"id":"830868","latitude":"55.58333300","longitude":"-3.55000000","name":"Culter"},{"id":"830997","latitude":"55.73333300","longitude":"-3.91666700","name":"Dalserf"},{"id":"831024","latitude":"55.73333300","longitude":"-3.96666700","name":"Darkhall"},{"id":"831289","latitude":"55.55000000","longitude":"-3.85000000","name":"Douglas"},{"id":"831370","latitude":"55.63333300","longitude":"-4.15000000","name":"Drumclog"},{"id":"831372","latitude":"55.58333300","longitude":"-3.36666700","name":"Drumelzier"},{"id":"831381","latitude":"55.58333300","longitude":"-3.36666700","name":"Drummelzier"},{"id":"831935","latitude":"55.66666700","longitude":"-3.48333300","name":"Elsrickle"},{"id":"832439","latitude":"55.75000000","longitude":"-3.68333300","name":"Forth"},{"id":"832789","latitude":"55.70000000","longitude":"-4.03333300","name":"Glasford"},{"id":"832793","latitude":"55.70000000","longitude":"-4.03333300","name":"Glassford"},{"id":"832820","latitude":"55.53333300","longitude":"-3.98333300","name":"Glenbuck"},{"id":"833435","latitude":"55.76666700","longitude":"-4.03333300","name":"Hamilton"},{"id":"833899","latitude":"55.76666700","longitude":"-4.10000000","name":"High Blantyre"},{"id":"834365","latitude":"55.66666700","longitude":"-3.73333300","name":"Hyndfordbridge-end"},{"id":"834938","latitude":"52.55000000","longitude":"-1.68333300","name":"Kingsbury"},{"id":"835307","latitude":"55.55000000","longitude":"-3.61666700","name":"Lamington"},{"id":"835316","latitude":"55.65000000","longitude":"-3.78333300","name":"Lanark"},{"id":"835395","latitude":"55.73333300","longitude":"-3.96666700","name":"Larkhall"},{"id":"835436","latitude":"55.75000000","longitude":"-3.88333300","name":"Law"},{"id":"835469","latitude":"52.53333300","longitude":"-1.70000000","name":"Lea Marston"},{"id":"835612","latitude":"55.66666700","longitude":"-3.60000000","name":"Libberton"},{"id":"835614","latitude":"55.66666700","longitude":"-3.60000000","name":"Liberton"},{"id":"836947","latitude":"55.75000000","longitude":"-4.03333300","name":"Meikle Earnock"},{"id":"837098","latitude":"52.58333300","longitude":"-1.73333300","name":"Middleton"},{"id":"837219","latitude":"52.53333300","longitude":"-1.76666700","name":"Minworth"},{"id":"837356","latitude":"55.76666700","longitude":"-3.86666700","name":"Morningside"},{"id":"837592","latitude":"52.53333300","longitude":"-1.65000000","name":"Nether Whitacre"},{"id":"837610","latitude":"55.80000000","longitude":"-3.93333300","name":"Newarthill"},{"id":"837619","latitude":"55.70000000","longitude":"-3.56666700","name":"Newbigging"},{"id":"837712","latitude":"55.76666700","longitude":"-3.88333300","name":"Newmains"},{"id":"838245","latitude":"55.75000000","longitude":"-3.91666700","name":"Overtown"},{"id":"838544","latitude":"55.66666700","longitude":"-3.66666700","name":"Pettinain"},{"id":"838682","latitude":"55.53333300","longitude":"-3.40000000","name":"Polmood"},{"id":"839001","latitude":"55.73333300","longitude":"-4.03333300","name":"Quarter"},{"id":"839321","latitude":"55.53333300","longitude":"-3.66666700","name":"Roberton"},{"id":"839553","latitude":"55.63333300","longitude":"-4.13333300","name":"Ryeland"},{"id":"840370","latitude":"55.63333300","longitude":"-3.46666700","name":"Skirling"},{"id":"841056","latitude":"55.66666700","longitude":"-4.06666700","name":"Strathaven"},{"id":"841277","latitude":"55.60000000","longitude":"-3.58333300","name":"Symington"},{"id":"841456","latitude":"55.61666700","longitude":"-3.61666700","name":"Thankerton"},{"id":"842003","latitude":"55.50000000","longitude":"-3.41666700","name":"Tweedsmuir"},{"id":"842309","latitude":"55.70000000","longitude":"-3.50000000","name":"Walston"},{"id":"842445","latitude":"52.50000000","longitude":"-1.73333300","name":"Water Orton"},{"id":"843083","latitude":"55.75000000","longitude":"-3.68333300","name":"Wilsontown"},{"id":"843184","latitude":"55.76666700","longitude":"-3.91666700","name":"Wishaw"},{"id":"843190","latitude":"55.56666700","longitude":"-3.63333300","name":"Wiston"}]