[{"id":"826788","latitude":"53.26666700","longitude":"0.11666700","name":"Aby"},{"id":"826868","latitude":"53.18333300","longitude":"0.31666700","name":"Addlethorpe"},{"id":"826957","latitude":"53.25000000","longitude":"0.18333300","name":"Alford"},{"id":"826984","latitude":"52.93333300","longitude":"-0.71666700","name":"Allington"},{"id":"827058","latitude":"53.40000000","longitude":"0.05000000","name":"Alvingham"},{"id":"827089","latitude":"53.25000000","longitude":"0.28333300","name":"Anderby"},{"id":"827135","latitude":"53.26666700","longitude":"-0.35000000","name":"Apley"},{"id":"827297","latitude":"53.21666700","longitude":"-0.01666700","name":"Ashby"},{"id":"827299","latitude":"53.48333300","longitude":"-0.11666700","name":"Ashby cum Fenby"},{"id":"827401","latitude":"53.20000000","longitude":"0.06666700","name":"Aswardby"},{"id":"827415","latitude":"53.15000000","longitude":"-0.61666700","name":"Aubourn"},{"id":"827475","latitude":"53.30000000","longitude":"0.10000000","name":"Authorpe"},{"id":"827721","latitude":"53.20000000","longitude":"-0.11666700","name":"Banovallum"},{"id":"827734","latitude":"53.21666700","longitude":"-0.31666700","name":"Bardney"},{"id":"827762","latitude":"53.31666700","longitude":"-0.25000000","name":"Barkwith"},{"id":"827791","latitude":"53.56666700","longitude":"-0.40000000","name":"Barnetby"},{"id":"827829","latitude":"52.90000000","longitude":"-0.68333300","name":"Barrowby"},{"id":"827897","latitude":"53.25000000","longitude":"-0.16666700","name":"Baumber"},{"id":"827949","latitude":"53.40000000","longitude":"-0.83333300","name":"Beckingham"},{"id":"827981","latitude":"53.48333300","longitude":"-0.18333300","name":"Beelsby"},{"id":"827984","latitude":"53.28333300","longitude":"0.18333300","name":"Beesby"},{"id":"828003","latitude":"53.26666700","longitude":"-0.05000000","name":"Belchford"},{"id":"828043","latitude":"52.93333300","longitude":"-0.60000000","name":"Belton"},{"id":"828047","latitude":"52.88333300","longitude":"-0.78333300","name":"Belvoir"},{"id":"828067","latitude":"53.31666700","longitude":"-0.18333300","name":"Benniworth"},{"id":"828218","latitude":"53.43333300","longitude":"-0.18333300","name":"binbrook"},{"id":"828264","latitude":"53.35000000","longitude":"-0.15000000","name":"Biscathorpe"},{"id":"828274","latitude":"53.41666700","longitude":"-0.51666700","name":"Bishop Norton"},{"id":"828383","latitude":"53.11666700","longitude":"-0.40000000","name":"Blankney"},{"id":"828428","latitude":"53.43333300","longitude":"-0.58333300","name":"Blyborough"},{"id":"828435","latitude":"53.43333300","longitude":"-0.71666700","name":"Blyton"},{"id":"828478","latitude":"53.15000000","longitude":"0.01666700","name":"Bolingbroke"},{"id":"828513","latitude":"53.11666700","longitude":"-0.53333300","name":"Boothby Graffoe"},{"id":"828553","latitude":"52.98333300","longitude":"-0.01666700","name":"Boston"},{"id":"828579","latitude":"53.21666700","longitude":"-0.56666700","name":"Boultham"},{"id":"828582","latitude":"52.76666700","longitude":"-0.38333300","name":"Bourne"},{"id":"828740","latitude":"53.18333300","longitude":"-0.46666700","name":"Branston"},{"id":"828747","latitude":"53.31666700","longitude":"-0.56666700","name":"Brattleby"},{"id":"828857","latitude":"53.55000000","longitude":"-0.48333300","name":"Brigg"},{"id":"828870","latitude":"53.48333300","longitude":"-0.10000000","name":"Brigsley"},{"id":"828881","latitude":"53.23333300","longitude":"0.06666700","name":"Brinkhill"},{"id":"829085","latitude":"53.26666700","longitude":"0.00000000","name":"Buckland"},{"id":"829097","latitude":"53.20000000","longitude":"-0.25000000","name":"Bucknall"},{"id":"829151","latitude":"53.15000000","longitude":"0.25000000","name":"Burgh le Marsh"},{"id":"829212","latitude":"53.26666700","longitude":"-0.56666700","name":"Burton"},{"id":"829237","latitude":"53.28333300","longitude":"0.03333300","name":"Burwell"},{"id":"829287","latitude":"53.48333300","longitude":"-0.28333300","name":"Cabourne"},{"id":"829298","latitude":"53.38333300","longitude":"-0.48333300","name":"Caenby"},{"id":"829324","latitude":"53.48333300","longitude":"-0.31666700","name":"Caistor"},{"id":"829416","latitude":"53.21666700","longitude":"-0.51666700","name":"Canwick"},{"id":"829488","latitude":"53.28333300","longitude":"-0.58333300","name":"Carlton"},{"id":"829540","latitude":"53.08333300","longitude":"-0.05000000","name":"Carrington"},{"id":"829724","latitude":"53.21666700","longitude":"0.31666700","name":"Chapel Saint Leonards"},{"id":"830055","latitude":"53.43333300","longitude":"-0.31666700","name":"Claxby"},{"id":"830067","latitude":"53.28333300","longitude":"0.11666700","name":"Claythorpe"},{"id":"830082","latitude":"53.55000000","longitude":"-0.03333300","name":"Cleethorpes"},{"id":"830202","latitude":"53.36666700","longitude":"0.06666700","name":"Cockerington"},{"id":"830259","latitude":"53.13333300","longitude":"-0.55000000","name":"Coleby"},{"id":"830356","latitude":"53.11666700","longitude":"-0.16666700","name":"Coningsby"},{"id":"830428","latitude":"53.43333300","longitude":"0.10000000","name":"Cornisholme"},{"id":"830440","latitude":"53.40000000","longitude":"-0.68333300","name":"Corringham"},{"id":"830532","latitude":"53.41666700","longitude":"0.01666700","name":"Covenham"},{"id":"830706","latitude":"53.13333300","longitude":"0.25000000","name":"Croft"},{"id":"830793","latitude":"53.46666700","longitude":"-0.21666700","name":"Croxby"},{"id":"830874","latitude":"53.23333300","longitude":"0.25000000","name":"Cumberworth"},{"id":"830907","latitude":"53.50000000","longitude":"-0.23333300","name":"Cuxwold"},{"id":"831114","latitude":"52.86666700","longitude":"-0.70000000","name":"Denton"},{"id":"831225","latitude":"53.21666700","longitude":"-0.65000000","name":"Doddington"},{"id":"831263","latitude":"53.31666700","longitude":"-0.15000000","name":"Donington on Bain"},{"id":"831266","latitude":"53.31666700","longitude":"-0.15000000","name":"Donnington"},{"id":"831471","latitude":"53.30000000","longitude":"-0.46666700","name":"Dunholm"},{"id":"831472","latitude":"53.30000000","longitude":"-0.46666700","name":"Dunholme"},{"id":"831511","latitude":"53.15000000","longitude":"-0.40000000","name":"Dunston"},{"id":"831593","latitude":"53.31666700","longitude":"-0.25000000","name":"East Barkwith"},{"id":"831644","latitude":"53.48333300","longitude":"-0.76666700","name":"East Ferry"},{"id":"831681","latitude":"53.15000000","longitude":"0.06666700","name":"East Keal"},{"id":"831729","latitude":"53.46666700","longitude":"-0.13333300","name":"East Ravendale"},{"id":"831737","latitude":"53.45000000","longitude":"-0.81666700","name":"East Stockwith"},{"id":"831747","latitude":"53.08333300","longitude":"0.10000000","name":"Eastville"},{"id":"831823","latitude":"53.23333300","longitude":"-0.15000000","name":"Edlington"},{"id":"831883","latitude":"53.38333300","longitude":"-0.06666700","name":"Elkington"},{"id":"832119","latitude":"53.35000000","longitude":"-0.40000000","name":"Faldingworth"},{"id":"832133","latitude":"53.28333300","longitude":"-0.01666700","name":"Farforth"},{"id":"832139","latitude":"53.23333300","longitude":"0.20000000","name":"Farlesthorpe"},{"id":"832279","latitude":"53.36666700","longitude":"-0.58333300","name":"Fillingham"},{"id":"832316","latitude":"53.15000000","longitude":"0.18333300","name":"Firsby"},{"id":"832332","latitude":"53.23333300","longitude":"-0.43333300","name":"Fiskerton"},{"id":"832454","latitude":"52.96666700","longitude":"-0.71666700","name":"Foston"},{"id":"832457","latitude":"53.40000000","longitude":"-0.01666700","name":"Fotherby"},{"id":"832538","latitude":"53.06666700","longitude":"0.18333300","name":"Friskney"},{"id":"832575","latitude":"53.23333300","longitude":"-0.05000000","name":"Fulletby"},{"id":"832580","latitude":"53.45000000","longitude":"-0.01666700","name":"Fulstow"},{"id":"832602","latitude":"53.38333300","longitude":"-0.76666700","name":"Gainesborough"},{"id":"832604","latitude":"53.38333300","longitude":"-0.76666700","name":"Gainsborough"},{"id":"832698","latitude":"53.23333300","longitude":"-0.23333300","name":"Gautby"},{"id":"832704","latitude":"53.35000000","longitude":"-0.13333300","name":"Gayton"},{"id":"832707","latitude":"53.35000000","longitude":"-0.13333300","name":"Gayton le Wold"},{"id":"832853","latitude":"53.40000000","longitude":"-0.48333300","name":"Glentham"},{"id":"832854","latitude":"53.38333300","longitude":"-0.58333300","name":"Glentworth"},{"id":"832952","latitude":"53.28333300","longitude":"-0.11666700","name":"Goulsby"},{"id":"832974","latitude":"53.46666700","longitude":"-0.06666700","name":"Grainsby"},{"id":"832975","latitude":"53.46666700","longitude":"0.08333300","name":"Grainthorpe"},{"id":"832993","latitude":"52.90000000","longitude":"-0.63333300","name":"Grantham"},{"id":"833010","latitude":"53.45000000","longitude":"-0.58333300","name":"Grayingham"},{"id":"833050","latitude":"53.33333300","longitude":"0.11666700","name":"Great Carlton"},{"id":"833087","latitude":"52.91666700","longitude":"-0.66666700","name":"Great Gonerby"},{"id":"833143","latitude":"52.85000000","longitude":"-0.61666700","name":"Great Ponton"},{"id":"833164","latitude":"53.26666700","longitude":"-0.16666700","name":"Great Sturton"},{"id":"833238","latitude":"53.36666700","longitude":"0.08333300","name":"Grimoldby"},{"id":"833339","latitude":"52.90000000","longitude":"-0.46666700","name":"Haceby"},{"id":"833346","latitude":"53.31666700","longitude":"-0.51666700","name":"Hackthorn"},{"id":"833367","latitude":"53.20000000","longitude":"0.01666700","name":"Hagwothingham"},{"id":"833374","latitude":"53.33333300","longitude":"-0.21666700","name":"Hainton"},{"id":"833399","latitude":"53.36666700","longitude":"-0.05000000","name":"Hallington"},{"id":"833415","latitude":"53.15000000","longitude":"0.11666700","name":"Halton Holegate"},{"id":"833416","latitude":"53.15000000","longitude":"0.11666700","name":"Halton Holgate"},{"id":"833475","latitude":"53.28333300","longitude":"0.25000000","name":"Hannah"},{"id":"833520","latitude":"52.86666700","longitude":"-0.68333300","name":"Harlaxton"},{"id":"833532","latitude":"53.15000000","longitude":"-0.55000000","name":"Harmston"},{"id":"833544","latitude":"53.38333300","longitude":"-0.60000000","name":"Harpswell"},{"id":"833551","latitude":"53.21666700","longitude":"0.05000000","name":"Harrington"},{"id":"833614","latitude":"53.48333300","longitude":"-0.16666700","name":"Hatcliffe"},{"id":"833626","latitude":"53.26666700","longitude":"-0.23333300","name":"Hatton"},{"id":"833630","latitude":"53.30000000","longitude":"0.00000000","name":"Haugham"},{"id":"833678","latitude":"53.48333300","longitude":"-0.83333300","name":"Haxey"},{"id":"833721","latitude":"53.38333300","longitude":"-0.68333300","name":"Heapham"},{"id":"833749","latitude":"53.20000000","longitude":"-0.46666700","name":"Heighington"},{"id":"833774","latitude":"53.23333300","longitude":"0.26666700","name":"Helsea"},{"id":"833775","latitude":"53.23333300","longitude":"0.26666700","name":"Helsey"},{"id":"833781","latitude":"53.25000000","longitude":"-0.15000000","name":"Hemingby"},{"id":"833793","latitude":"53.40000000","longitude":"-0.60000000","name":"Hemswell"},{"id":"834105","latitude":"53.15000000","longitude":"0.11666700","name":"Holton Holgate"},{"id":"834106","latitude":"53.30000000","longitude":"-0.33333300","name":"Holton"},{"id":"834109","latitude":"53.51666700","longitude":"-0.06666700","name":"Holton le Clay"},{"id":"834110","latitude":"53.46666700","longitude":"-0.36666700","name":"Holton le Moor"},{"id":"834176","latitude":"53.20000000","longitude":"-0.11666700","name":"Horncastle"},{"id":"834203","latitude":"53.20000000","longitude":"-0.21666700","name":"Horsington"},{"id":"834346","latitude":"53.25000000","longitude":"0.26666700","name":"Huttoft"},{"id":"834364","latitude":"53.18333300","longitude":"-0.58333300","name":"Hykeham"},{"id":"834420","latitude":"53.60000000","longitude":"-0.21666700","name":"Immingham"},{"id":"834440","latitude":"53.33333300","longitude":"-0.58333300","name":"Ingham"},{"id":"834449","latitude":"53.18333300","longitude":"0.33333300","name":"Ingoldmells"},{"id":"834623","latitude":"53.15000000","longitude":"0.06666700","name":"Keal"},{"id":"834629","latitude":"53.36666700","longitude":"0.01666700","name":"Keddington"},{"id":"834669","latitude":"53.38333300","longitude":"-0.11666700","name":"Kelstern"},{"id":"834753","latitude":"53.36666700","longitude":"-0.68333300","name":"Kexby"},{"id":"835003","latitude":"53.25000000","longitude":"-0.30000000","name":"Kingthorpe"},{"id":"835085","latitude":"53.13333300","longitude":"-0.15000000","name":"Kirkby"},{"id":"835095","latitude":"53.13333300","longitude":"-0.15000000","name":"Kirkby on Bain"},{"id":"835155","latitude":"53.13333300","longitude":"-0.23333300","name":"Kirkstead"},{"id":"835184","latitude":"53.41666700","longitude":"-0.21666700","name":"Kirmond"},{"id":"835185","latitude":"53.41666700","longitude":"-0.21666700","name":"Kirmond le Mire"},{"id":"835216","latitude":"52.85000000","longitude":"-0.76666700","name":"Knipton"},{"id":"835364","latitude":"53.26666700","longitude":"-0.28333300","name":"Langton by Wragby"},{"id":"835366","latitude":"53.20000000","longitude":"-0.15000000","name":"Langton"},{"id":"835375","latitude":"53.26666700","longitude":"-0.41666700","name":"Langworth"},{"id":"835420","latitude":"53.46666700","longitude":"-0.71666700","name":"Laughton"},{"id":"835465","latitude":"53.36666700","longitude":"-0.75000000","name":"Lea"},{"id":"835516","latitude":"53.33333300","longitude":"0.05000000","name":"Legbourne"},{"id":"835521","latitude":"53.35000000","longitude":"-0.30000000","name":"Legsby"},{"id":"835646","latitude":"53.23333300","longitude":"-0.53333300","name":"Lincoln"},{"id":"835680","latitude":"53.35000000","longitude":"-0.33333300","name":"Linwood"},{"id":"835697","latitude":"53.33333300","longitude":"-0.33333300","name":"Lissington"},{"id":"835733","latitude":"53.33333300","longitude":"0.10000000","name":"Little Carlton"},{"id":"835734","latitude":"53.31666700","longitude":"0.03333300","name":"Little Cawthorpe"},{"id":"835760","latitude":"53.40000000","longitude":"-0.01666700","name":"Little Grimsby"},{"id":"835817","latitude":"53.13333300","longitude":"0.15000000","name":"Little Steeping"},{"id":"836339","latitude":"52.96666700","longitude":"-0.75000000","name":"Long Bennington"},{"id":"836447","latitude":"53.36666700","longitude":"-0.01666700","name":"Louth"},{"id":"836537","latitude":"53.43333300","longitude":"-0.05000000","name":"Ludborough"},{"id":"836546","latitude":"53.40000000","longitude":"-0.20000000","name":"Ludford"},{"id":"836547","latitude":"53.38333300","longitude":"-0.18333300","name":"Ludford Magna"},{"id":"836548","latitude":"53.40000000","longitude":"-0.20000000","name":"Ludford Parva"},{"id":"836580","latitude":"53.18333300","longitude":"0.00000000","name":"Lusby"},{"id":"836630","latitude":"53.35000000","longitude":"-0.33333300","name":"Lynwode"},{"id":"836636","latitude":"53.33333300","longitude":"0.25000000","name":"Mablethorpe"},{"id":"836712","latitude":"53.30000000","longitude":"0.20000000","name":"Maltby le Marsh"},{"id":"836714","latitude":"53.30000000","longitude":"0.20000000","name":"Maltby"},{"id":"836726","latitude":"53.36666700","longitude":"0.10000000","name":"Manby"},{"id":"836757","latitude":"52.91666700","longitude":"-0.61666700","name":"Manthorpe"},{"id":"836785","latitude":"53.13333300","longitude":"-0.08333300","name":"Mareham le Fen"},{"id":"836786","latitude":"53.13333300","longitude":"-0.08333300","name":"Mareham"},{"id":"836787","latitude":"53.18333300","longitude":"-0.06666700","name":"Mareham on the Hill"},{"id":"836806","latitude":"53.38333300","longitude":"-0.33333300","name":"Market Rasen"},{"id":"836843","latitude":"53.46666700","longitude":"0.05000000","name":"Marsh Chapel"},{"id":"836869","latitude":"53.11666700","longitude":"-0.33333300","name":"Martin"},{"id":"837037","latitude":"53.13333300","longitude":"-0.40000000","name":"Metheringham"},{"id":"837080","latitude":"53.38333300","longitude":"-0.36666700","name":"Middle Rasen"},{"id":"837210","latitude":"53.15000000","longitude":"-0.01666700","name":"Miningsby"},{"id":"837223","latitude":"53.45000000","longitude":"-0.85000000","name":"Misterton"},{"id":"837305","latitude":"53.15000000","longitude":"-0.06666700","name":"Moorby"},{"id":"837367","latitude":"53.40000000","longitude":"-0.78333300","name":"Morton"},{"id":"837448","latitude":"53.30000000","longitude":"0.06666700","name":"Muckton"},{"id":"837469","latitude":"53.23333300","longitude":"0.26666700","name":"Mumby"},{"id":"837599","latitude":"53.26666700","longitude":"-0.48333300","name":"Nettleham"},{"id":"837600","latitude":"53.48333300","longitude":"-0.31666700","name":"Nettleton"},{"id":"837611","latitude":"53.26666700","longitude":"-0.38333300","name":"Newball"},{"id":"837630","latitude":"53.10000000","longitude":"-0.03333300","name":"New Bolingbroke"},{"id":"837754","latitude":"53.36666700","longitude":"-0.43333300","name":"Newton by Toft"},{"id":"837770","latitude":"53.36666700","longitude":"-0.43333300","name":"Newton"},{"id":"837825","latitude":"53.16666700","longitude":"-0.41666700","name":"Nocton"},{"id":"837835","latitude":"53.36666700","longitude":"-0.50000000","name":"Normanby"},{"id":"837863","latitude":"53.28333300","longitude":"-0.58333300","name":"North Carlton"},{"id":"837873","latitude":"53.46666700","longitude":"0.03333300","name":"North Coates"},{"id":"837886","latitude":"53.40000000","longitude":"-0.06666700","name":"North Elkington"},{"id":"837904","latitude":"53.18333300","longitude":"-0.58333300","name":"North Hykeham"},{"id":"837939","latitude":"53.41666700","longitude":"-0.06666700","name":"North Ormsby"},{"id":"837940","latitude":"53.46666700","longitude":"-0.65000000","name":"Northorpe"},{"id":"837941","latitude":"53.43333300","longitude":"-0.40000000","name":"North Owersby"},{"id":"837953","latitude":"53.43333300","longitude":"0.15000000","name":"North Somercotes"},{"id":"837959","latitude":"53.46666700","longitude":"-0.05000000","name":"North Thoresby"},{"id":"837972","latitude":"53.38333300","longitude":"-0.25000000","name":"North Willingham"},{"id":"838092","latitude":"53.15000000","longitude":"0.01666700","name":"Old Bolingbroke"},{"id":"838134","latitude":"52.88333300","longitude":"-0.56666700","name":"Old Somerby"},{"id":"838161","latitude":"53.18333300","longitude":"0.23333300","name":"Orby"},{"id":"838258","latitude":"53.43333300","longitude":"-0.40000000","name":"Owersby"},{"id":"838259","latitude":"53.36666700","longitude":"-0.50000000","name":"Owmby"},{"id":"838261","latitude":"53.48333300","longitude":"-0.76666700","name":"Owston Ferry"},{"id":"838262","latitude":"53.48333300","longitude":"-0.76666700","name":"Owston"},{"id":"838265","latitude":"53.26666700","longitude":"-0.03333300","name":"Oxcombe"},{"id":"838326","latitude":"53.28333300","longitude":"-0.23333300","name":"Panton"},{"id":"838354","latitude":"53.18333300","longitude":"0.11666700","name":"Partney"},{"id":"838573","latitude":"53.43333300","longitude":"-0.70000000","name":"Pilham"},{"id":"838861","latitude":"53.18333300","longitude":"-0.41666700","name":"Potter Hanworth"},{"id":"839060","latitude":"53.16666700","longitude":"0.06666700","name":"Raithby"},{"id":"839114","latitude":"53.46666700","longitude":"-0.13333300","name":"Ravendale"},{"id":"839159","latitude":"52.90000000","longitude":"-0.80000000","name":"Redmile"},{"id":"839172","latitude":"53.23333300","longitude":"-0.43333300","name":"Reepham"},{"id":"839196","latitude":"53.31666700","longitude":"0.10000000","name":"Reston"},{"id":"839200","latitude":"53.13333300","longitude":"-0.05000000","name":"Revesby"},{"id":"839272","latitude":"53.25000000","longitude":"0.15000000","name":"Rigsby"},{"id":"839301","latitude":"53.26666700","longitude":"-0.53333300","name":"Riseholme"},{"id":"839391","latitude":"52.88333300","longitude":"-0.51666700","name":"Ropsley"},{"id":"839445","latitude":"53.48333300","longitude":"-0.26666700","name":"Rothwell"},{"id":"839494","latitude":"53.26666700","longitude":"0.00000000","name":"Ruckland"},{"id":"839752","latitude":"53.28333300","longitude":"0.18333300","name":"Saleby"},{"id":"839767","latitude":"53.23333300","longitude":"-0.01666700","name":"Salmonby"},{"id":"839776","latitude":"53.38333300","longitude":"0.18333300","name":"Saltfleetby All Saints"},{"id":"839777","latitude":"53.40000000","longitude":"0.18333300","name":"Saltfleetby Saint Clement"},{"id":"839778","latitude":"53.36666700","longitude":"0.15000000","name":"Saltfleetby Saint Peter"},{"id":"839779","latitude":"53.40000000","longitude":"0.18333300","name":"Saltfleetby"},{"id":"839780","latitude":"53.41666700","longitude":"0.18333300","name":"Saltfleet"},{"id":"839863","latitude":"53.38333300","longitude":"-0.81666700","name":"Saundby"},{"id":"839873","latitude":"53.36666700","longitude":"-0.48333300","name":"Saxby"},{"id":"839899","latitude":"53.28333300","longitude":"-0.08333300","name":"Scamblesby"},{"id":"839901","latitude":"53.30000000","longitude":"-0.56666700","name":"Scampton"},{"id":"839931","latitude":"53.10000000","longitude":"-0.40000000","name":"Scopwick"},{"id":"839942","latitude":"53.28333300","longitude":"-0.45000000","name":"Scothern"},{"id":"839947","latitude":"53.46666700","longitude":"-0.65000000","name":"Scotton"},{"id":"839951","latitude":"53.30000000","longitude":"-0.56666700","name":"Scrampton"},{"id":"839955","latitude":"53.18333300","longitude":"-0.10000000","name":"Scrivelsby"},{"id":"839998","latitude":"52.91666700","longitude":"-0.71666700","name":"Sedgebrook"},{"id":"840319","latitude":"53.36666700","longitude":"-0.23333300","name":"Sixhills"},{"id":"840334","latitude":"53.13333300","longitude":"0.35000000","name":"Skegness"},{"id":"840338","latitude":"53.23333300","longitude":"-0.61666700","name":"Skellingthorpe"},{"id":"840350","latitude":"53.21666700","longitude":"0.15000000","name":"Skendleby"},{"id":"840393","latitude":"52.98333300","longitude":"-0.40000000","name":"Sleaford"},{"id":"840433","latitude":"53.30000000","longitude":"-0.38333300","name":"Snelland"},{"id":"840438","latitude":"53.43333300","longitude":"-0.51666700","name":"Snitterby"},{"id":"840452","latitude":"52.88333300","longitude":"-0.56666700","name":"Somerby"},{"id":"840460","latitude":"53.21666700","longitude":"0.01666700","name":"Somersby"},{"id":"840473","latitude":"53.28333300","longitude":"-0.18333300","name":"Sotby"},{"id":"840503","latitude":"53.26666700","longitude":"-0.58333300","name":"South Carlton"},{"id":"840510","latitude":"53.36666700","longitude":"0.06666700","name":"South Cockerington"},{"id":"840524","latitude":"53.38333300","longitude":"-0.06666700","name":"South Elkington"},{"id":"840543","latitude":"53.16666700","longitude":"-0.60000000","name":"South Hykeham"},{"id":"840588","latitude":"53.31666700","longitude":"0.10000000","name":"South Reston"},{"id":"840589","latitude":"53.18333300","longitude":"-0.30000000","name":"Southrey"},{"id":"840594","latitude":"53.46666700","longitude":"0.13333300","name":"South Somercotes"},{"id":"840600","latitude":"53.26666700","longitude":"0.10000000","name":"South Thoresby"},{"id":"840616","latitude":"53.33333300","longitude":"-0.20000000","name":"South Willingham"},{"id":"840624","latitude":"52.78333300","longitude":"-0.16666700","name":"Spalding"},{"id":"840645","latitude":"53.18333300","longitude":"0.10000000","name":"Spilsby"},{"id":"840648","latitude":"53.40000000","longitude":"-0.55000000","name":"Spital in the Street"},{"id":"840652","latitude":"53.40000000","longitude":"-0.55000000","name":"Spittal"},{"id":"840667","latitude":"53.35000000","longitude":"-0.48333300","name":"Spridlington"},{"id":"840676","latitude":"53.40000000","longitude":"-0.68333300","name":"Springthorpe"},{"id":"840705","latitude":"53.23333300","longitude":"-0.35000000","name":"Stainfield"},{"id":"840712","latitude":"53.43333300","longitude":"-0.23333300","name":"Stainton le Vale"},{"id":"840713","latitude":"53.43333300","longitude":"-0.23333300","name":"Stainton"},{"id":"840728","latitude":"52.65000000","longitude":"-0.48333300","name":"Stamford"},{"id":"840846","latitude":"53.31666700","longitude":"-0.13333300","name":"Stenigot"},{"id":"840871","latitude":"53.11666700","longitude":"0.01666700","name":"Stickford"},{"id":"840874","latitude":"53.08333300","longitude":"0.01666700","name":"Stickney"},{"id":"840886","latitude":"53.18333300","longitude":"-0.23333300","name":"Stixwould"},{"id":"840914","latitude":"53.45000000","longitude":"-0.83333300","name":"Stockwith"},{"id":"841112","latitude":"53.30000000","longitude":"0.18333300","name":"Strubby"},{"id":"841127","latitude":"53.38333300","longitude":"-0.66666700","name":"Sturgate"},{"id":"841142","latitude":"53.26666700","longitude":"-0.45000000","name":"Sudbrooke"},{"id":"841187","latitude":"53.31666700","longitude":"0.28333300","name":"Sutton on Sea"},{"id":"841260","latitude":"53.45000000","longitude":"-0.16666700","name":"Swinhope"},{"id":"841364","latitude":"53.33333300","longitude":"-0.01666700","name":"Tathwell"},{"id":"841371","latitude":"53.11666700","longitude":"-0.18333300","name":"Tattershall Thorpe"},{"id":"841437","latitude":"53.25000000","longitude":"-0.01666700","name":"Tetford"},{"id":"841438","latitude":"53.48333300","longitude":"-0.01666700","name":"Tetney"},{"id":"841467","latitude":"53.36666700","longitude":"0.20000000","name":"Theddlethorpe All Saints"},{"id":"841468","latitude":"53.36666700","longitude":"0.21666700","name":"Theddlethorpe Saint Helen"},{"id":"841469","latitude":"53.36666700","longitude":"0.21666700","name":"Theddlethorpe"},{"id":"841485","latitude":"53.21666700","longitude":"-0.13333300","name":"Thimbleby"},{"id":"841496","latitude":"53.45000000","longitude":"-0.23333300","name":"Thoresway"},{"id":"841497","latitude":"53.46666700","longitude":"-0.18333300","name":"Thorganby"},{"id":"841533","latitude":"53.45000000","longitude":"-0.41666700","name":"Thornton le Moor"},{"id":"841538","latitude":"53.45000000","longitude":"-0.41666700","name":"Thornton"},{"id":"841553","latitude":"53.18333300","longitude":"-0.63333300","name":"Thorpe on the Hill"},{"id":"841555","latitude":"53.11666700","longitude":"0.21666700","name":"Thorpe Saint Peter"},{"id":"841561","latitude":"53.11666700","longitude":"0.21666700","name":"Thorpe"},{"id":"841672","latitude":"53.11666700","longitude":"-0.33333300","name":"Timberland"},{"id":"841721","latitude":"53.36666700","longitude":"-0.43333300","name":"Toft next Newton"},{"id":"841723","latitude":"53.36666700","longitude":"-0.43333300","name":"Toft"},{"id":"841831","latitude":"53.15000000","longitude":"0.08333300","name":"Toynton All Saints"},{"id":"841832","latitude":"53.13333300","longitude":"0.10000000","name":"Toynton Saint Peter"},{"id":"841833","latitude":"53.13333300","longitude":"0.10000000","name":"Toynton"},{"id":"841943","latitude":"53.31666700","longitude":"0.26666700","name":"Trusthorpe"},{"id":"841973","latitude":"53.11666700","longitude":"-0.15000000","name":"Tumby"},{"id":"842063","latitude":"53.21666700","longitude":"0.13333300","name":"Ulceby"},{"id":"842169","latitude":"53.36666700","longitude":"-0.70000000","name":"Upton"},{"id":"842189","latitude":"53.43333300","longitude":"-0.35000000","name":"Usselby"},{"id":"842193","latitude":"53.41666700","longitude":"-0.03333300","name":"Utterby"},{"id":"842232","latitude":"53.45000000","longitude":"-0.51666700","name":"Waddingham"},{"id":"842234","latitude":"53.16666700","longitude":"-0.53333300","name":"Waddington"},{"id":"842235","latitude":"53.21666700","longitude":"-0.21666700","name":"Waddingworth"},{"id":"842244","latitude":"53.10000000","longitude":"0.25000000","name":"Wainfleet All Saints"},{"id":"842245","latitude":"53.10000000","longitude":"0.25000000","name":"Wainfleet"},{"id":"842255","latitude":"53.08333300","longitude":"-0.31666700","name":"Walcot"},{"id":"842265","latitude":"53.41666700","longitude":"-0.28333300","name":"Walesby"},{"id":"842273","latitude":"53.41666700","longitude":"-0.83333300","name":"Walkeringham"},{"id":"842274","latitude":"53.41666700","longitude":"-0.80000000","name":"Walkerith"},{"id":"842295","latitude":"53.26666700","longitude":"0.05000000","name":"Walmsgate"},{"id":"842318","latitude":"53.51666700","longitude":"-0.10000000","name":"Waltham"},{"id":"842422","latitude":"53.21666700","longitude":"-0.46666700","name":"Washingborough"},{"id":"842513","latitude":"52.91666700","longitude":"-0.55000000","name":"Welby"},{"id":"842540","latitude":"53.36666700","longitude":"-0.08333300","name":"Welton le Wold"},{"id":"842543","latitude":"53.30000000","longitude":"-0.48333300","name":"Welton"},{"id":"842578","latitude":"53.23333300","longitude":"-0.10000000","name":"West Ashby"},{"id":"842583","latitude":"53.30000000","longitude":"-0.26666700","name":"West Barkwith"},{"id":"842698","latitude":"53.13333300","longitude":"0.05000000","name":"West Keal"},{"id":"842781","latitude":"53.38333300","longitude":"-0.40000000","name":"West Rasen"},{"id":"842782","latitude":"53.48333300","longitude":"-0.15000000","name":"West Ravendale"},{"id":"842792","latitude":"53.45000000","longitude":"-0.83333300","name":"West Stockwith"},{"id":"842880","latitude":"53.20000000","longitude":"-0.65000000","name":"Whisby"},{"id":"842987","latitude":"53.31666700","longitude":"-0.36666700","name":"Wickenby"},{"id":"843068","latitude":"53.21666700","longitude":"0.20000000","name":"Willoughby"},{"id":"843071","latitude":"53.43333300","longitude":"-0.60000000","name":"Willoughton"},{"id":"843172","latitude":"53.16666700","longitude":"0.33333300","name":"Winthorpe"},{"id":"843200","latitude":"53.36666700","longitude":"-0.06666700","name":"Withcall"},{"id":"843239","latitude":"53.45000000","longitude":"-0.13333300","name":"Wold Newton"},{"id":"843288","latitude":"53.15000000","longitude":"-0.21666700","name":"Woodhall Spa"},{"id":"843332","latitude":"52.88333300","longitude":"-0.75000000","name":"Woolsthorpe"},{"id":"843373","latitude":"53.26666700","longitude":"0.01666700","name":"Worlaby"},{"id":"843417","latitude":"53.28333300","longitude":"-0.30000000","name":"Wragby"},{"id":"843492","latitude":"53.40000000","longitude":"0.03333300","name":"Yarburgh"}]