[{"id":"826777","latitude":"51.66666700","longitude":"-1.28333300","name":"Abingdon"},{"id":"826778","latitude":"51.66666700","longitude":"-1.28333300","name":"Abingdon-on-Thames"},{"id":"826858","latitude":"52.00000000","longitude":"-1.31666700","name":"Adderbury"},{"id":"827054","latitude":"51.73333300","longitude":"-1.60000000","name":"Alvescot"},{"id":"827145","latitude":"51.61666700","longitude":"-1.23333300","name":"Appleford"},{"id":"827148","latitude":"51.70000000","longitude":"-1.35000000","name":"Appleton"},{"id":"827286","latitude":"51.85000000","longitude":"-1.56666700","name":"Ascot under Wychwood"},{"id":"827295","latitude":"51.55000000","longitude":"-1.61666700","name":"Ashbury"},{"id":"827309","latitude":"51.81666700","longitude":"-0.96666700","name":"Ashendon"},{"id":"827374","latitude":"51.78333300","longitude":"-1.58333300","name":"Asthall"},{"id":"827384","latitude":"51.71666700","longitude":"-1.50000000","name":"Aston"},{"id":"827394","latitude":"51.66666700","longitude":"-0.95000000","name":"Aston Rowant"},{"id":"827395","latitude":"51.56666700","longitude":"-1.20000000","name":"Aston Tirroid"},{"id":"827584","latitude":"51.60000000","longitude":"-1.53333300","name":"Balking"},{"id":"827698","latitude":"50.98333300","longitude":"-3.48333300","name":"Bampton"},{"id":"827701","latitude":"52.05000000","longitude":"-1.33333300","name":"Banbury"},{"id":"827741","latitude":"51.98333300","longitude":"-1.36666700","name":"Barford"},{"id":"827743","latitude":"51.98333300","longitude":"-1.36666700","name":"Barford Saint John"},{"id":"828094","latitude":"51.63333300","longitude":"-1.10000000","name":"Berrick Salome"},{"id":"828157","latitude":"51.90000000","longitude":"-1.15000000","name":"Bicester"},{"id":"828316","latitude":"51.55000000","longitude":"-0.95000000","name":"Bix"},{"id":"828341","latitude":"51.86666700","longitude":"-1.10000000","name":"Blackthorn"},{"id":"828353","latitude":"51.81666700","longitude":"-1.35000000","name":"Bladon"},{"id":"828393","latitude":"51.88333300","longitude":"-1.63333300","name":"Bledington"},{"id":"828398","latitude":"51.85000000","longitude":"-1.26666700","name":"Bletchingdon"},{"id":"828404","latitude":"51.55000000","longitude":"-1.23333300","name":"Blewbury"},{"id":"828416","latitude":"52.00000000","longitude":"-1.36666700","name":"Bloxham"},{"id":"828450","latitude":"52.03333300","longitude":"-1.33333300","name":"Boddicott"},{"id":"828595","latitude":"51.86666700","longitude":"-1.75000000","name":"Bourton on the Water"},{"id":"828868","latitude":"51.63333300","longitude":"-1.05000000","name":"Brightwell Baldwin"},{"id":"828895","latitude":"51.61666700","longitude":"-1.03333300","name":"Britwell Salome"},{"id":"828901","latitude":"51.76666700","longitude":"-1.56666700","name":"Brize Norton"},{"id":"828925","latitude":"51.73333300","longitude":"-1.63333300","name":"Broadwell"},{"id":"829011","latitude":"52.03333300","longitude":"-1.38333300","name":"Broughton"},{"id":"829086","latitude":"51.66666700","longitude":"-1.50000000","name":"Buckland"},{"id":"829140","latitude":"51.80000000","longitude":"-1.63333300","name":"Burford"},{"id":"829561","latitude":"51.75000000","longitude":"-1.58333300","name":"Carterton"},{"id":"829571","latitude":"51.78333300","longitude":"-1.35000000","name":"Cassington"},{"id":"829689","latitude":"52.08333300","longitude":"-1.28333300","name":"Chacombe"},{"id":"829692","latitude":"51.88333300","longitude":"-1.51666700","name":"Chadlington"},{"id":"829698","latitude":"52.08333300","longitude":"-1.28333300","name":"Chalcombe"},{"id":"829706","latitude":"51.65000000","longitude":"-1.08333300","name":"Chalgrove"},{"id":"829710","latitude":"51.58333300","longitude":"-1.46666700","name":"Challow"},{"id":"829737","latitude":"51.86666700","longitude":"-1.46666700","name":"Charlbury"},{"id":"829759","latitude":"51.63333300","longitude":"-1.45000000","name":"Charney Basset"},{"id":"829778","latitude":"51.76666700","longitude":"-0.95000000","name":"Chearsley"},{"id":"829843","latitude":"51.88333300","longitude":"-1.18333300","name":"Chesterton"},{"id":"829879","latitude":"51.58333300","longitude":"-1.48333300","name":"Childrey"},{"id":"829894","latitude":"51.55000000","longitude":"-1.26666700","name":"Chilton"},{"id":"829903","latitude":"51.68333300","longitude":"-0.90000000","name":"Chinnor"},{"id":"829909","latitude":"51.86666700","longitude":"-1.53333300","name":"Chipping Norton"},{"id":"829939","latitude":"51.56666700","longitude":"-1.15000000","name":"Cholsey"},{"id":"829951","latitude":"51.63333300","longitude":"-0.96666700","name":"Christmas Common"},{"id":"829967","latitude":"51.80000000","longitude":"-1.38333300","name":"Church Handborough"},{"id":"830024","latitude":"51.70000000","longitude":"-1.58333300","name":"Clanfield"},{"id":"830032","latitude":"51.85000000","longitude":"-1.76666700","name":"Clapton"},{"id":"830269","latitude":"51.63333300","longitude":"-1.65000000","name":"Coleshill"},{"id":"830340","latitude":"51.51666700","longitude":"-1.25000000","name":"Compton"},{"id":"830490","latitude":"53.30000000","longitude":"-0.76666700","name":"Cottam"},{"id":"830500","latitude":"53.30000000","longitude":"-0.76666700","name":"Cottom"},{"id":"830551","latitude":"51.71666700","longitude":"-1.21666700","name":"Cowley"},{"id":"830560","latitude":"51.63333300","longitude":"-1.60000000","name":"Coxwell"},{"id":"830781","latitude":"51.68333300","longitude":"-0.91666700","name":"Crowell"},{"id":"830789","latitude":"51.58333300","longitude":"-1.10000000","name":"Crowmarsh Gifford"},{"id":"830830","latitude":"51.71666700","longitude":"-1.13333300","name":"Cuddesdon"},{"id":"830843","latitude":"51.65000000","longitude":"-1.28333300","name":"Culham"},{"id":"830881","latitude":"51.71666700","longitude":"-1.33333300","name":"Cumnor"},{"id":"830905","latitude":"51.65000000","longitude":"-1.03333300","name":"Cuxham"},{"id":"831090","latitude":"51.61666700","longitude":"-1.45000000","name":"Denchworth"},{"id":"831161","latitude":"51.60000000","longitude":"-1.25000000","name":"Didcot"},{"id":"831285","latitude":"51.81666700","longitude":"-1.00000000","name":"Dorton"},{"id":"831332","latitude":"51.63333300","longitude":"-1.30000000","name":"Drayton"},{"id":"831402","latitude":"51.75000000","longitude":"-1.48333300","name":"Ducklington"},{"id":"831612","latitude":"51.58333300","longitude":"-1.45000000","name":"East Challow"},{"id":"831656","latitude":"51.58333300","longitude":"-1.23333300","name":"East Hagbourne"},{"id":"831661","latitude":"51.61666700","longitude":"-1.40000000","name":"East Hanney"},{"id":"831745","latitude":"51.08333300","longitude":"-0.98333300","name":"East Tisted"},{"id":"831805","latitude":"51.88333300","longitude":"-1.01666700","name":"Edgcott"},{"id":"831931","latitude":"51.76666700","longitude":"-1.21666700","name":"Elsfield"},{"id":"831990","latitude":"51.76666700","longitude":"-1.38333300","name":"Ensham"},{"id":"831991","latitude":"51.91666700","longitude":"-1.45000000","name":"Enstone"},{"id":"832072","latitude":"51.60000000","longitude":"-1.06666700","name":"Ewelme"},{"id":"832097","latitude":"51.76666700","longitude":"-1.38333300","name":"Eynsham"},{"id":"832134","latitude":"51.10000000","longitude":"-0.98333300","name":"Faringdon"},{"id":"832165","latitude":"51.10000000","longitude":"-0.98333300","name":"Farringdon"},{"id":"832183","latitude":"51.56666700","longitude":"-0.91666700","name":"Fawley"},{"id":"832273","latitude":"51.85000000","longitude":"-1.65000000","name":"Fifield"},{"id":"832637","latitude":"51.65000000","longitude":"-1.38333300","name":"Garford"},{"id":"832655","latitude":"51.70000000","longitude":"-1.15000000","name":"Garsington"},{"id":"833029","latitude":"51.81666700","longitude":"-1.70000000","name":"Great Barrington"},{"id":"833098","latitude":"51.70000000","longitude":"-1.06666700","name":"Great Haseley"},{"id":"833121","latitude":"51.71666700","longitude":"-1.08333300","name":"Great Milton"},{"id":"833144","latitude":"51.85000000","longitude":"-1.71666700","name":"Great Rissington"},{"id":"833167","latitude":"51.95000000","longitude":"-1.41666700","name":"Great Tew"},{"id":"833219","latitude":"51.86666700","longitude":"-1.00000000","name":"Grendon Underwood"},{"id":"833272","latitude":"51.60000000","longitude":"-1.41666700","name":"Grove"},{"id":"833348","latitude":"51.76666700","longitude":"-0.91666700","name":"Haddenham"},{"id":"833364","latitude":"51.58333300","longitude":"-1.23333300","name":"Hagbourne"},{"id":"833461","latitude":"51.80000000","longitude":"-1.38333300","name":"Hanborough"},{"id":"833476","latitude":"51.61666700","longitude":"-1.40000000","name":"Hanney"},{"id":"833590","latitude":"51.60000000","longitude":"-1.28333300","name":"Harwell"},{"id":"833619","latitude":"51.63333300","longitude":"-1.50000000","name":"Hatford"},{"id":"833709","latitude":"51.75000000","longitude":"-1.20000000","name":"Headington"},{"id":"833798","latitude":"51.58333300","longitude":"-1.33333300","name":"Hendred"},{"id":"834114","latitude":"51.76666700","longitude":"-1.66666700","name":"Holwell"},{"id":"834196","latitude":"51.73333300","longitude":"-1.16666700","name":"Horsepath"},{"id":"834372","latitude":"51.61666700","longitude":"-0.90000000","name":"Ibstone"},{"id":"834382","latitude":"51.86666700","longitude":"-1.65000000","name":"Idbury"},{"id":"834392","latitude":"51.55000000","longitude":"-1.61666700","name":"Idstone"},{"id":"834565","latitude":"51.81666700","longitude":"-1.23333300","name":"Islip"},{"id":"834685","latitude":"51.73333300","longitude":"-1.61666700","name":"Kencot"},{"id":"834764","latitude":"51.90000000","longitude":"-1.40000000","name":"Kiddington"},{"id":"834765","latitude":"51.81666700","longitude":"-1.28333300","name":"Kidlington"},{"id":"834945","latitude":"51.75000000","longitude":"-0.91666700","name":"Kingsey"},{"id":"834967","latitude":"52.01666700","longitude":"-1.26666700","name":"Kings Sutton"},{"id":"834970","latitude":"51.66666700","longitude":"-1.41666700","name":"Kingston Bagpuze"},{"id":"835190","latitude":"51.86666700","longitude":"-1.26666700","name":"Kirtlington"},{"id":"835327","latitude":"53.26666700","longitude":"-0.80000000","name":"Laneham"},{"id":"835340","latitude":"51.71666700","longitude":"-1.63333300","name":"Langford"},{"id":"835422","latitude":"51.88333300","longitude":"-1.11666700","name":"Launton"},{"id":"835570","latitude":"51.55000000","longitude":"-1.45000000","name":"Letcombe Bassett"},{"id":"835571","latitude":"51.55000000","longitude":"-1.45000000","name":"Letcombe"},{"id":"835572","latitude":"51.56666700","longitude":"-1.45000000","name":"Letcombe Regis"},{"id":"835598","latitude":"51.66666700","longitude":"-0.96666700","name":"Lewknor"},{"id":"835716","latitude":"51.80000000","longitude":"-1.68333300","name":"Little Barrington"},{"id":"835767","latitude":"51.68333300","longitude":"-1.06666700","name":"Little Haseley"},{"id":"835789","latitude":"51.68333300","longitude":"-1.10000000","name":"Little Milton"},{"id":"835791","latitude":"51.71666700","longitude":"-1.21666700","name":"Littlemore"},{"id":"835806","latitude":"51.86666700","longitude":"-1.71666700","name":"Little Rissington"},{"id":"835823","latitude":"54.55000000","longitude":"-2.66666700","name":"Little Strickland"},{"id":"835826","latitude":"51.93333300","longitude":"-1.43333300","name":"Little Tew"},{"id":"835846","latitude":"51.66666700","longitude":"-1.55000000","name":"Littleworth"},{"id":"836307","latitude":"51.56666700","longitude":"-1.38333300","name":"Lockinge"},{"id":"836349","latitude":"51.76666700","longitude":"-0.98333300","name":"Long Crendon"},{"id":"836422","latitude":"51.63333300","longitude":"-1.23333300","name":"Long Wittenham"},{"id":"836424","latitude":"51.68333300","longitude":"-1.43333300","name":"Longworth"},{"id":"836498","latitude":"51.88333300","longitude":"-1.75000000","name":"Lower Slaughter"},{"id":"836774","latitude":"51.65000000","longitude":"-1.33333300","name":"Marcham"},{"id":"836781","latitude":"54.48333300","longitude":"-2.81666700","name":"Mardale"},{"id":"836847","latitude":"51.90000000","longitude":"-1.05000000","name":"Marsh Gibbon"},{"id":"836856","latitude":"51.76666700","longitude":"-1.23333300","name":"Marston"},{"id":"837031","latitude":"51.85000000","longitude":"-1.16666700","name":"Merton"},{"id":"837189","latitude":"51.61666700","longitude":"-1.30000000","name":"Milton"},{"id":"837267","latitude":"51.58333300","longitude":"-1.11666700","name":"Mongewell"},{"id":"837342","latitude":"51.60000000","longitude":"-1.18333300","name":"Moreton"},{"id":"837597","latitude":"51.56666700","longitude":"-0.98333300","name":"Nettlebed"},{"id":"837653","latitude":"54.56666700","longitude":"-2.61666700","name":"Newby"},{"id":"837773","latitude":"53.25000000","longitude":"-0.78333300","name":"Newton"},{"id":"837783","latitude":"53.25000000","longitude":"-0.78333300","name":"Newton on Trent"},{"id":"837795","latitude":"53.25000000","longitude":"-0.78333300","name":"Newton upon Trent"},{"id":"837890","latitude":"51.61666700","longitude":"-0.95000000","name":"Northend"},{"id":"837902","latitude":"51.73333300","longitude":"-1.28333300","name":"North Hinksey"},{"id":"837918","latitude":"51.80000000","longitude":"-1.43333300","name":"North Leigh"},{"id":"837919","latitude":"53.31666700","longitude":"-0.81666700","name":"North Leverton"},{"id":"837929","latitude":"51.71666700","longitude":"-1.38333300","name":"Northmoor"},{"id":"837930","latitude":"51.60000000","longitude":"-1.18333300","name":"North Moreton"},{"id":"837954","latitude":"51.56666700","longitude":"-1.11666700","name":"North Stoke"},{"id":"838014","latitude":"51.56666700","longitude":"-1.03333300","name":"Nuffield"},{"id":"838017","latitude":"51.70000000","longitude":"-1.21666700","name":"Nuneham Courtenay"},{"id":"838269","latitude":"51.75000000","longitude":"-1.25000000","name":"Oxford"},{"id":"838598","latitude":"51.60000000","longitude":"-0.95000000","name":"Pishill"},{"id":"838744","latitude":"54.60000000","longitude":"-2.81666700","name":"Pooley Bridge"},{"id":"838876","latitude":"51.91666700","longitude":"-1.05000000","name":"Poundon"},{"id":"838973","latitude":"51.66666700","longitude":"-1.48333300","name":"Pusey"},{"id":"838988","latitude":"51.65000000","longitude":"-1.00000000","name":"Pyrton"},{"id":"839030","latitude":"51.68333300","longitude":"-1.58333300","name":"Radcot"},{"id":"839037","latitude":"51.66666700","longitude":"-1.21666700","name":"Radley"},{"id":"839038","latitude":"51.68333300","longitude":"-0.86666700","name":"Radnage"},{"id":"839066","latitude":"53.30000000","longitude":"-0.80000000","name":"Rampton"},{"id":"839310","latitude":"51.88333300","longitude":"-1.71666700","name":"Rissington Wick"},{"id":"839390","latitude":"51.06666700","longitude":"-1.08333300","name":"Ropley"},{"id":"839409","latitude":"54.53333300","longitude":"-2.71666700","name":"Rosgill"},{"id":"839432","latitude":"51.53333300","longitude":"-0.96666700","name":"Rotherfield Peppard"},{"id":"839455","latitude":"51.90000000","longitude":"-1.31666700","name":"Rousham"},{"id":"840013","latitude":"51.08333300","longitude":"-0.93333300","name":"Selborne"},{"id":"840049","latitude":"51.60000000","longitude":"-1.70000000","name":"Sevenhampton"},{"id":"840059","latitude":"51.75000000","longitude":"-1.03333300","name":"Shabbington"},{"id":"840077","latitude":"54.51666700","longitude":"-2.66666700","name":"Shap"},{"id":"840147","latitude":"51.81666700","longitude":"-1.75000000","name":"Sherbourne"},{"id":"840179","latitude":"51.61666700","longitude":"-1.13333300","name":"Shillingford"},{"id":"840182","latitude":"51.76666700","longitude":"-1.60000000","name":"Shilton"},{"id":"840198","latitude":"51.85000000","longitude":"-1.58333300","name":"Shipton"},{"id":"840201","latitude":"51.85000000","longitude":"-1.58333300","name":"Shipton under Wychwood"},{"id":"840202","latitude":"51.65000000","longitude":"-0.98333300","name":"Shirburn"},{"id":"840250","latitude":"51.60000000","longitude":"-1.65000000","name":"Shrivenham"},{"id":"840476","latitude":"51.60000000","longitude":"-1.15000000","name":"Sotwell"},{"id":"840542","latitude":"51.71666700","longitude":"-1.25000000","name":"South Hinksey"},{"id":"840553","latitude":"51.76666700","longitude":"-1.43333300","name":"South Leigh"},{"id":"840554","latitude":"53.31666700","longitude":"-0.83333300","name":"South Leverton"},{"id":"840565","latitude":"51.58333300","longitude":"-1.18333300","name":"South Moreton"},{"id":"840637","latitude":"51.88333300","longitude":"-1.50000000","name":"Spelsbury"},{"id":"840732","latitude":"51.71666700","longitude":"-1.41666700","name":"Standlake"},{"id":"840736","latitude":"51.63333300","longitude":"-1.50000000","name":"Stanford in the Vale"},{"id":"840769","latitude":"51.73333300","longitude":"-1.40000000","name":"Stanton Harcourt"},{"id":"840859","latitude":"51.61666700","longitude":"-1.31666700","name":"Steventon"},{"id":"840936","latitude":"53.28333300","longitude":"-0.83333300","name":"Stokeham"},{"id":"840942","latitude":"51.65000000","longitude":"-0.90000000","name":"Stokenchurch"},{"id":"840976","latitude":"51.83333300","longitude":"-1.43333300","name":"Stonesfield"},{"id":"840994","latitude":"50.95000000","longitude":"-3.53333300","name":"Stoodleigh"},{"id":"841067","latitude":"51.91666700","longitude":"-1.11666700","name":"Stratton Audley"},{"id":"841096","latitude":"54.55000000","longitude":"-2.66666700","name":"Strickland"},{"id":"841153","latitude":"51.76666700","longitude":"-1.26666700","name":"Summertown"},{"id":"841167","latitude":"51.68333300","longitude":"-1.28333300","name":"Sunningwell"},{"id":"841179","latitude":"51.63333300","longitude":"-1.26666700","name":"Sutton Courtenay"},{"id":"841201","latitude":"51.63333300","longitude":"-1.30000000","name":"Sutton Wick"},{"id":"841247","latitude":"51.80000000","longitude":"-1.58333300","name":"Swinbrook"},{"id":"841285","latitude":"51.86666700","longitude":"-1.31666700","name":"Tackley"},{"id":"841380","latitude":"51.81666700","longitude":"-1.66666700","name":"Taynton"},{"id":"841424","latitude":"51.88333300","longitude":"-1.10000000","name":"Tendring"},{"id":"841439","latitude":"51.70000000","longitude":"-1.00000000","name":"Tetsworth"},{"id":"841447","latitude":"51.95000000","longitude":"-1.41666700","name":"Tew"},{"id":"841454","latitude":"51.75000000","longitude":"-0.98333300","name":"Thame"},{"id":"841896","latitude":"53.30000000","longitude":"-0.83333300","name":"Treswell"},{"id":"842050","latitude":"51.58333300","longitude":"-1.55000000","name":"Uffington"},{"id":"842124","latitude":"51.10000000","longitude":"-0.98333300","name":"Upper Farringdon"},{"id":"842172","latitude":"51.56666700","longitude":"-1.25000000","name":"Upton"},{"id":"842285","latitude":"51.60000000","longitude":"-1.13333300","name":"Wallingford"},{"id":"842360","latitude":"51.58333300","longitude":"-1.40000000","name":"Wantage"},{"id":"842363","latitude":"51.61666700","longitude":"-1.13333300","name":"Warborough"},{"id":"842371","latitude":"52.10000000","longitude":"-1.28333300","name":"Wardington"},{"id":"842387","latitude":"52.05000000","longitude":"-1.28333300","name":"Warkworth"},{"id":"842392","latitude":"51.75000000","longitude":"-1.06666700","name":"Warminghall"},{"id":"842430","latitude":"51.60000000","longitude":"-1.63333300","name":"Watchfield"},{"id":"842446","latitude":"51.75000000","longitude":"-1.08333300","name":"Waterperry"},{"id":"842456","latitude":"51.63333300","longitude":"-1.00000000","name":"Watlington"},{"id":"842556","latitude":"51.86666700","longitude":"-1.18333300","name":"Wendlebury"},{"id":"842610","latitude":"51.58333300","longitude":"-1.46666700","name":"West Challow"},{"id":"842623","latitude":"51.86666700","longitude":"-1.68333300","name":"Westcote"},{"id":"842671","latitude":"51.56666700","longitude":"-1.25000000","name":"West Hagbourne"},{"id":"842677","latitude":"51.61666700","longitude":"-1.41666700","name":"West Hanney"},{"id":"842742","latitude":"51.85000000","longitude":"-1.21666700","name":"Weston on the Green"},{"id":"842762","latitude":"51.85000000","longitude":"-1.21666700","name":"Weston"},{"id":"842812","latitude":"51.78333300","longitude":"-1.68333300","name":"Westwell"},{"id":"842863","latitude":"51.73333300","longitude":"-1.13333300","name":"Wheatley"},{"id":"843038","latitude":"51.83333300","longitude":"-1.45000000","name":"Wilcote"},{"id":"843114","latitude":"51.80000000","longitude":"-1.71666700","name":"Windrush"},{"id":"843219","latitude":"51.78333300","longitude":"-1.48333300","name":"Witney"},{"id":"843314","latitude":"51.85000000","longitude":"-1.31666700","name":"Woodstock"},{"id":"843334","latitude":"51.58333300","longitude":"-1.56666700","name":"Woolstone"},{"id":"843363","latitude":"51.70000000","longitude":"-1.30000000","name":"Wootton"},{"id":"843383","latitude":"51.75000000","longitude":"-1.06666700","name":"Worminghall"},{"id":"843411","latitude":"51.83333300","longitude":"-1.00000000","name":"Wotton Underwood"},{"id":"843412","latitude":"51.83333300","longitude":"-1.00000000","name":"Wotton"},{"id":"843455","latitude":"51.88333300","longitude":"-1.71666700","name":"Wyck Rissington"},{"id":"843480","latitude":"51.76666700","longitude":"-1.30000000","name":"Wytham"},{"id":"843501","latitude":"51.80000000","longitude":"-1.30000000","name":"Yarnton"},{"id":"843521","latitude":"51.73333300","longitude":"-1.48333300","name":"Yelford"}]