[{"id":"826851","latitude":"54.30000000","longitude":"-6.36666700","name":"Acton"},{"id":"827102","latitude":"54.30000000","longitude":"-6.18333300","name":"Annaclone"},{"id":"827605","latitude":"54.28333300","longitude":"-6.23333300","name":"Ballinaskeagh"},{"id":"827661","latitude":"54.28333300","longitude":"-6.23333300","name":"Ballynaskeagh"},{"id":"827700","latitude":"54.35000000","longitude":"-6.28333300","name":"Banbridge"},{"id":"830038","latitude":"54.33333300","longitude":"-6.45000000","name":"Clare"},{"id":"830410","latitude":"54.33333300","longitude":"-6.20000000","name":"Corbet"},{"id":"830411","latitude":"54.33333300","longitude":"-6.20000000","name":"Corbet Milltown"},{"id":"831252","latitude":"54.41666700","longitude":"-6.26666700","name":"Donaghcloney"},{"id":"832746","latitude":"54.36666700","longitude":"-6.33333300","name":"Gilford"},{"id":"835438","latitude":"54.38333300","longitude":"-6.30000000","name":"Lawrencetown"},{"id":"836440","latitude":"54.31666700","longitude":"-6.30000000","name":"Loughbrickland"},{"id":"838667","latitude":"54.30000000","longitude":"-6.40000000","name":"Pointz Pass"},{"id":"838887","latitude":"54.30000000","longitude":"-6.40000000","name":"Poyntz Pass"},{"id":"839916","latitude":"54.33333300","longitude":"-6.36666700","name":"Scarva"},{"id":"839984","latitude":"54.35000000","longitude":"-6.28333300","name":"Seapatrick"},{"id":"841322","latitude":"54.35000000","longitude":"-6.41666700","name":"Tanderagee"},{"id":"841323","latitude":"54.35000000","longitude":"-6.41666700","name":"Tandragee"},{"id":"842382","latitude":"54.41666700","longitude":"-6.30000000","name":"Waringstown"}]