[{"id":"826842","latitude":"52.63333300","longitude":"1.55000000","name":"Acle"},{"id":"826915","latitude":"52.43333300","longitude":"1.33333300","name":"Alburgh"},{"id":"826918","latitude":"52.36666700","longitude":"-0.26666700","name":"Alconbury"},{"id":"826925","latitude":"52.48333300","longitude":"1.60000000","name":"Aldeby"},{"id":"826928","latitude":"52.71666700","longitude":"1.15000000","name":"Alderford"},{"id":"826940","latitude":"53.11666700","longitude":"-2.86666700","name":"Aldford"},{"id":"826962","latitude":"52.88333300","longitude":"-0.06666700","name":"Algarkirk"},{"id":"827010","latitude":"52.55000000","longitude":"1.38333300","name":"Alpington"},{"id":"827060","latitude":"52.55000000","longitude":"-0.31666700","name":"Alwalton"},{"id":"827063","latitude":"52.98333300","longitude":"-0.15000000","name":"Amber Hill"},{"id":"827101","latitude":"52.83333300","longitude":"0.58333300","name":"Anmer"},{"id":"827129","latitude":"52.85000000","longitude":"1.35000000","name":"Antingham"},{"id":"827252","latitude":"52.58333300","longitude":"1.31666700","name":"Arminghall"},{"id":"827317","latitude":"52.60000000","longitude":"0.80000000","name":"Ashill"},{"id":"827327","latitude":"52.73333300","longitude":"1.43333300","name":"Ashmanhaugh"},{"id":"827352","latitude":"52.53333300","longitude":"1.18333300","name":"Ashwellthorpe"},{"id":"827362","latitude":"52.46666700","longitude":"1.16666700","name":"Aslacton"},{"id":"827379","latitude":"52.30000000","longitude":"-2.31666700","name":"Astley"},{"id":"827411","latitude":"52.50000000","longitude":"-1.45000000","name":"Attleborough"},{"id":"827412","latitude":"52.70000000","longitude":"1.15000000","name":"Attlebridge"},{"id":"827500","latitude":"52.90000000","longitude":"1.25000000","name":"Aylmerton"},{"id":"827501","latitude":"52.78333300","longitude":"1.25000000","name":"Aylsham"},{"id":"827518","latitude":"52.88333300","longitude":"1.16666700","name":"Baconsthorpe"},{"id":"827520","latitude":"52.85000000","longitude":"1.46666700","name":"Bacton"},{"id":"827541","latitude":"52.28333300","longitude":"0.91666700","name":"Badwell Ash"},{"id":"827549","latitude":"52.85000000","longitude":"0.66666700","name":"Bagthorpe"},{"id":"827712","latitude":"52.45000000","longitude":"1.03333300","name":"Banham"},{"id":"827738","latitude":"52.31666700","longitude":"0.85000000","name":"Bardwell"},{"id":"827754","latitude":"52.66666700","longitude":"-0.38333300","name":"Barholm"},{"id":"827774","latitude":"52.86666700","longitude":"0.70000000","name":"Barmer"},{"id":"827779","latitude":"52.61666700","longitude":"-0.40000000","name":"Barnack"},{"id":"827783","latitude":"52.45000000","longitude":"1.65000000","name":"Barnby"},{"id":"827793","latitude":"52.36666700","longitude":"0.73333300","name":"Barnham"},{"id":"827796","latitude":"52.35000000","longitude":"0.90000000","name":"Barningham"},{"id":"827826","latitude":"52.23333300","longitude":"0.58333300","name":"Barrow"},{"id":"827839","latitude":"52.86666700","longitude":"0.83333300","name":"Barsham"},{"id":"827899","latitude":"52.63333300","longitude":"1.18333300","name":"Bawburgh"},{"id":"827900","latitude":"52.73333300","longitude":"1.03333300","name":"Bawdeswell"},{"id":"827964","latitude":"52.48333300","longitude":"1.36666700","name":"Bedingham"},{"id":"827975","latitude":"52.61666700","longitude":"0.58333300","name":"Beechamwell"},{"id":"827987","latitude":"52.73333300","longitude":"1.45000000","name":"Beeston"},{"id":"827990","latitude":"52.73333300","longitude":"1.45000000","name":"Beeston Saint Lawrence"},{"id":"827993","latitude":"52.71666700","longitude":"0.91666700","name":"Beetley"},{"id":"828044","latitude":"52.56666700","longitude":"1.68333300","name":"Belton"},{"id":"828061","latitude":"52.98333300","longitude":"0.08333300","name":"Benington"},{"id":"828066","latitude":"52.98333300","longitude":"0.08333300","name":"Bennington"},{"id":"828116","latitude":"52.51666700","longitude":"1.03333300","name":"Besthorpe"},{"id":"828160","latitude":"52.91666700","longitude":"-0.16666700","name":"Bicker"},{"id":"828205","latitude":"52.73333300","longitude":"0.98333300","name":"Billingford"},{"id":"828208","latitude":"53.08333300","longitude":"-0.28333300","name":"Billinghay"},{"id":"828224","latitude":"52.91666700","longitude":"0.95000000","name":"Binham"},{"id":"828228","latitude":"52.76666700","longitude":"0.98333300","name":"Bintree"},{"id":"828230","latitude":"52.85000000","longitude":"0.63333300","name":"Bircham"},{"id":"828231","latitude":"52.88333300","longitude":"0.63333300","name":"Bircham Newton"},{"id":"828376","latitude":"52.96666700","longitude":"1.00000000","name":"Blakeney"},{"id":"828405","latitude":"52.80000000","longitude":"1.18333300","name":"Blickling"},{"id":"828412","latitude":"52.61666700","longitude":"1.45000000","name":"Blofield"},{"id":"828459","latitude":"52.90000000","longitude":"1.16666700","name":"Bodham"},{"id":"828462","latitude":"52.55000000","longitude":"0.70000000","name":"Bodney"},{"id":"828661","latitude":"52.20000000","longitude":"0.80000000","name":"Bradfield"},{"id":"828664","latitude":"52.20000000","longitude":"0.80000000","name":"Bradfield Saint George"},{"id":"828705","latitude":"52.86666700","longitude":"0.70000000","name":"Bramer"},{"id":"828706","latitude":"52.58333300","longitude":"1.38333300","name":"Bramerton"},{"id":"828720","latitude":"52.76666700","longitude":"1.28333300","name":"Brampton"},{"id":"828728","latitude":"52.96666700","longitude":"0.65000000","name":"Brancaster"},{"id":"828733","latitude":"52.50000000","longitude":"0.36666700","name":"Brandon Creek"},{"id":"828780","latitude":"52.51666700","longitude":"0.90000000","name":"Breckles"},{"id":"828812","latitude":"52.41666700","longitude":"0.83333300","name":"Brettenham"},{"id":"828849","latitude":"52.43333300","longitude":"0.88333300","name":"Bridgham"},{"id":"828888","latitude":"52.75000000","longitude":"0.88333300","name":"Brisley"},{"id":"828891","latitude":"52.85000000","longitude":"1.06666700","name":"Briston"},{"id":"828935","latitude":"52.36666700","longitude":"1.26666700","name":"Brockdish"},{"id":"828942","latitude":"52.16666700","longitude":"0.66666700","name":"Brockley"},{"id":"828944","latitude":"52.16666700","longitude":"0.66666700","name":"Brockley Green"},{"id":"828980","latitude":"52.55000000","longitude":"1.38333300","name":"Brooke"},{"id":"828997","latitude":"52.98333300","longitude":"-0.10000000","name":"Brothertoft"},{"id":"829037","latitude":"52.61666700","longitude":"1.43333300","name":"Brundall"},{"id":"829038","latitude":"52.26666700","longitude":"1.33333300","name":"Brundish"},{"id":"829073","latitude":"52.60000000","longitude":"1.46666700","name":"Buckenham"},{"id":"829096","latitude":"52.78333300","longitude":"-0.68333300","name":"Buckminster"},{"id":"829132","latitude":"53.06666700","longitude":"-0.10000000","name":"Bunkers Hill"},{"id":"829135","latitude":"52.48333300","longitude":"1.13333300","name":"Bunwell"},{"id":"829142","latitude":"52.48333300","longitude":"1.63333300","name":"Burgh"},{"id":"829152","latitude":"52.76666700","longitude":"1.28333300","name":"Burgh next Aylsham"},{"id":"829153","latitude":"52.66666700","longitude":"1.60000000","name":"Burgh Saint Margaret"},{"id":"829154","latitude":"52.48333300","longitude":"1.63333300","name":"Burgh Saint Peter"},{"id":"829174","latitude":"52.98333300","longitude":"0.71666700","name":"Burnham Deepdale"},{"id":"829175","latitude":"52.95000000","longitude":"0.73333300","name":"Burnham Market"},{"id":"829178","latitude":"52.93333300","longitude":"0.76666700","name":"Burnham Thorpe"},{"id":"829228","latitude":"52.95000000","longitude":"-0.33333300","name":"Burton Pedwardine"},{"id":"829242","latitude":"52.25000000","longitude":"0.71666700","name":"Bury Saint Edmunds"},{"id":"829264","latitude":"52.98333300","longitude":"0.06666700","name":"Butterwick"},{"id":"829271","latitude":"52.75000000","longitude":"1.30000000","name":"Buxton"},{"id":"829320","latitude":"52.65000000","longitude":"1.75000000","name":"Caister"},{"id":"829321","latitude":"52.65000000","longitude":"1.75000000","name":"Caister next Yarmouth"},{"id":"829322","latitude":"52.65000000","longitude":"1.75000000","name":"Caister-on-Sea"},{"id":"829323","latitude":"52.58333300","longitude":"1.30000000","name":"Caister Saint Edmund"},{"id":"829325","latitude":"52.58333300","longitude":"1.30000000","name":"Caistor Saint Edmunds"},{"id":"829413","latitude":"52.56666700","longitude":"1.51666700","name":"Cantley"},{"id":"829445","latitude":"52.58333300","longitude":"0.88333300","name":"Carbooke"},{"id":"829448","latitude":"52.58333300","longitude":"0.88333300","name":"Carbrooke"},{"id":"829576","latitude":"52.70000000","longitude":"0.68333300","name":"Castle Acre"},{"id":"829604","latitude":"52.80000000","longitude":"0.48333300","name":"Castle Rising"},{"id":"829618","latitude":"52.55000000","longitude":"0.90000000","name":"Caston"},{"id":"829619","latitude":"52.56666700","longitude":"-0.33333300","name":"Castor"},{"id":"829624","latitude":"52.73333300","longitude":"1.53333300","name":"Catfield"},{"id":"829654","latitude":"52.30000000","longitude":"0.58333300","name":"Cavenham"},{"id":"829660","latitude":"52.76666700","longitude":"1.16666700","name":"Cawston"},{"id":"829783","latitude":"52.18333300","longitude":"0.61666700","name":"Chedburgh"},{"id":"829787","latitude":"52.53333300","longitude":"1.50000000","name":"Chedgrave"},{"id":"829842","latitude":"52.53333300","longitude":"-0.33333300","name":"Chesterton"},{"id":"829859","latitude":"52.20000000","longitude":"0.61666700","name":"Chevington"},{"id":"830021","latitude":"52.23333300","longitude":"-2.21666700","name":"Claines"},{"id":"830056","latitude":"52.56666700","longitude":"1.43333300","name":"Claxton"},{"id":"830085","latitude":"52.75000000","longitude":"0.35000000","name":"Clenchwarton"},{"id":"830093","latitude":"52.96666700","longitude":"1.05000000","name":"Cley"},{"id":"830094","latitude":"52.96666700","longitude":"1.05000000","name":"Cley next the Sea"},{"id":"830117","latitude":"52.66666700","longitude":"1.58333300","name":"Clippesby"},{"id":"830210","latitude":"52.60000000","longitude":"0.65000000","name":"Cockley Cley"},{"id":"830214","latitude":"53.08333300","longitude":"-2.81666700","name":"Coddington"},{"id":"830275","latitude":"52.80000000","longitude":"0.85000000","name":"Colkirk"},{"id":"830294","latitude":"52.61666700","longitude":"1.21666700","name":"Colney"},{"id":"830305","latitude":"52.73333300","longitude":"1.36666700","name":"Coltishall"},{"id":"830307","latitude":"52.63333300","longitude":"1.11666700","name":"Colton"},{"id":"830352","latitude":"52.36666700","longitude":"0.86666700","name":"Coney Weston"},{"id":"830358","latitude":"52.45000000","longitude":"-0.26666700","name":"Conington"},{"id":"830369","latitude":"52.45000000","longitude":"-0.26666700","name":"Connington"},{"id":"830434","latitude":"52.81666700","longitude":"1.13333300","name":"Corpusty"},{"id":"830472","latitude":"52.65000000","longitude":"1.21666700","name":"Costessey"},{"id":"830474","latitude":"52.78333300","longitude":"-0.73333300","name":"Coston"},{"id":"830540","latitude":"52.73333300","longitude":"-0.11666700","name":"Cowbit"},{"id":"830614","latitude":"52.51666700","longitude":"0.63333300","name":"Cranwich"},{"id":"830619","latitude":"52.33333300","longitude":"1.38333300","name":"Cratfield"},{"id":"830659","latitude":"52.58333300","longitude":"0.73333300","name":"Cressingham"},{"id":"830692","latitude":"52.60000000","longitude":"1.25000000","name":"Cringleford"},{"id":"830718","latitude":"52.93333300","longitude":"1.30000000","name":"Cromer"},{"id":"830786","latitude":"52.66666700","longitude":"-0.15000000","name":"Crowland"},{"id":"830798","latitude":"52.45000000","longitude":"0.76666700","name":"Croxton"},{"id":"830801","latitude":"52.83333300","longitude":"-0.75000000","name":"Croxton Kerrial"},{"id":"830802","latitude":"52.83333300","longitude":"-0.75000000","name":"Croxton Keyrial"},{"id":"830806","latitude":"52.66666700","longitude":"-0.15000000","name":"Croyland"},{"id":"831073","latitude":"52.65000000","longitude":"-0.28333300","name":"Deeping Saint James"},{"id":"831074","latitude":"52.71666700","longitude":"-0.20000000","name":"Deeping Saint Nicholas"},{"id":"831100","latitude":"52.26666700","longitude":"1.30000000","name":"Dennington"},{"id":"831116","latitude":"52.58333300","longitude":"0.38333300","name":"Denver"},{"id":"831117","latitude":"52.16666700","longitude":"0.58333300","name":"Depden"},{"id":"831121","latitude":"52.68333300","longitude":"0.93333300","name":"Dereham"},{"id":"831134","latitude":"52.85000000","longitude":"0.50000000","name":"Dersingham"},{"id":"831160","latitude":"52.38333300","longitude":"1.21666700","name":"Dickleburgh"},{"id":"831164","latitude":"52.53333300","longitude":"0.63333300","name":"Didlington"},{"id":"831171","latitude":"52.76666700","longitude":"1.45000000","name":"Dilham"},{"id":"831211","latitude":"52.46666700","longitude":"1.43333300","name":"Ditchingham"},{"id":"831218","latitude":"52.90000000","longitude":"0.61666700","name":"Docking"},{"id":"831234","latitude":"53.08333300","longitude":"-0.20000000","name":"Dogdyke"},{"id":"831262","latitude":"52.90000000","longitude":"-0.20000000","name":"Donington"},{"id":"831307","latitude":"52.60000000","longitude":"0.36666700","name":"Downham Market"},{"id":"831331","latitude":"52.66666700","longitude":"1.21666700","name":"Drayton"},{"id":"831565","latitude":"52.63333300","longitude":"1.25000000","name":"Earlham"},{"id":"831578","latitude":"52.45000000","longitude":"1.41666700","name":"Earsham"},{"id":"831596","latitude":"52.86666700","longitude":"0.85000000","name":"East Barsham"},{"id":"831600","latitude":"52.63333300","longitude":"0.85000000","name":"East Bradenham"},{"id":"831609","latitude":"52.56666700","longitude":"1.21666700","name":"East Carleton"},{"id":"831610","latitude":"52.56666700","longitude":"1.21666700","name":"East Carlton"},{"id":"831627","latitude":"52.68333300","longitude":"0.93333300","name":"East Dereham"},{"id":"831664","latitude":"52.43333300","longitude":"0.93333300","name":"East Harling"},{"id":"831694","latitude":"52.71666700","longitude":"0.75000000","name":"East Lexham"},{"id":"831730","latitude":"52.78333300","longitude":"0.80000000","name":"East Raynham"},{"id":"831733","latitude":"52.81666700","longitude":"0.71666700","name":"East Rudham"},{"id":"831746","latitude":"52.65000000","longitude":"1.08333300","name":"East Tuddenham"},{"id":"831748","latitude":"52.71666700","longitude":"0.58333300","name":"East Walton"},{"id":"831754","latitude":"52.73333300","longitude":"0.50000000","name":"East Winch"},{"id":"831763","latitude":"52.48333300","longitude":"0.81666700","name":"East Wretham"},{"id":"831780","latitude":"52.46666700","longitude":"0.96666700","name":"Eccles"},{"id":"831806","latitude":"52.86666700","longitude":"1.11666700","name":"Edgefield"},{"id":"831816","latitude":"52.83333300","longitude":"1.45000000","name":"Edingthorpe"},{"id":"831828","latitude":"52.73333300","longitude":"-0.71666700","name":"Edmondthorpe"},{"id":"831906","latitude":"52.46666700","longitude":"1.48333300","name":"Ellingham"},{"id":"831933","latitude":"52.70000000","longitude":"1.03333300","name":"Elsing"},{"id":"831954","latitude":"52.38333300","longitude":"0.68333300","name":"Elveden"},{"id":"832009","latitude":"52.36666700","longitude":"0.53333300","name":"Eriswell"},{"id":"832013","latitude":"52.83333300","longitude":"1.25000000","name":"Erpingham"},{"id":"832052","latitude":"52.36666700","longitude":"0.78333300","name":"Euston"},{"id":"832116","latitude":"52.83333300","longitude":"0.83333300","name":"Fakenham"},{"id":"832130","latitude":"52.53333300","longitude":"-0.23333300","name":"Farcet"},{"id":"832151","latitude":"53.08333300","longitude":"-2.88333300","name":"Farndon"},{"id":"832201","latitude":"52.90000000","longitude":"1.26666700","name":"Felbrigg"},{"id":"832213","latitude":"52.80000000","longitude":"1.33333300","name":"Felmingham"},{"id":"832220","latitude":"52.48333300","longitude":"0.53333300","name":"Feltwell"},{"id":"832259","latitude":"52.40000000","longitude":"1.03333300","name":"Fersfield"},{"id":"832275","latitude":"52.65000000","longitude":"1.66666700","name":"Filby"},{"id":"832285","latitude":"52.61666700","longitude":"0.50000000","name":"Fincham"},{"id":"832328","latitude":"52.95000000","longitude":"0.03333300","name":"Fishtoft"},{"id":"832361","latitude":"52.30000000","longitude":"0.65000000","name":"Flempton"},{"id":"832370","latitude":"52.80000000","longitude":"0.56666700","name":"Flitcham"},{"id":"832381","latitude":"52.51666700","longitude":"1.25000000","name":"Flordon"},{"id":"832394","latitude":"52.48333300","longitude":"-0.30000000","name":"Folksworth"},{"id":"832424","latitude":"52.50000000","longitude":"1.20000000","name":"Forncett"},{"id":"832425","latitude":"52.50000000","longitude":"1.20000000","name":"Forncett Saint Mary"},{"id":"832426","latitude":"52.26666700","longitude":"0.70000000","name":"Fornham All Saints"},{"id":"832427","latitude":"52.26666700","longitude":"0.71666700","name":"Fornham Saint Martin"},{"id":"832459","latitude":"52.55000000","longitude":"0.60000000","name":"Foulden"},{"id":"832462","latitude":"52.78333300","longitude":"1.01666700","name":"Foulham"},{"id":"832466","latitude":"52.78333300","longitude":"1.01666700","name":"Foulsham"},{"id":"832496","latitude":"52.91666700","longitude":"-0.01666700","name":"Frampton"},{"id":"832502","latitude":"52.68333300","longitude":"0.78333300","name":"Fransham"},{"id":"832508","latitude":"52.75000000","longitude":"-0.80000000","name":"Freeby"},{"id":"832509","latitude":"52.58333300","longitude":"1.55000000","name":"Freethorpe"},{"id":"832510","latitude":"52.96666700","longitude":"0.05000000","name":"Freiston"},{"id":"832518","latitude":"52.35000000","longitude":"1.30000000","name":"Fressingfield"},{"id":"832529","latitude":"52.96666700","longitude":"0.05000000","name":"Frieston"},{"id":"832543","latitude":"53.01666700","longitude":"-0.03333300","name":"Frith Bank"},{"id":"832545","latitude":"53.03333300","longitude":"-0.03333300","name":"Frithville"},{"id":"832547","latitude":"52.48333300","longitude":"1.28333300","name":"Fritton"},{"id":"832578","latitude":"52.83333300","longitude":"0.95000000","name":"Fulmodestone"},{"id":"832579","latitude":"52.83333300","longitude":"0.95000000","name":"Fulmodeston"},{"id":"832633","latitude":"52.38333300","longitude":"0.95000000","name":"Garboldisham"},{"id":"832674","latitude":"52.61666700","longitude":"0.98333300","name":"Garveston"},{"id":"832680","latitude":"52.38333300","longitude":"0.90000000","name":"Gasthorpe"},{"id":"832688","latitude":"52.78333300","longitude":"0.91666700","name":"Gateley"},{"id":"832705","latitude":"52.73333300","longitude":"0.55000000","name":"Gayton"},{"id":"832708","latitude":"52.73333300","longitude":"0.58333300","name":"Gayton Thorpe"},{"id":"832709","latitude":"52.75000000","longitude":"0.43333300","name":"Gaywood"},{"id":"832717","latitude":"52.66666700","longitude":"-0.01666700","name":"Gedney Hill"},{"id":"832718","latitude":"52.46666700","longitude":"1.51666700","name":"Geldeston"},{"id":"832763","latitude":"52.86666700","longitude":"1.43333300","name":"Gimingham"},{"id":"832771","latitude":"52.41666700","longitude":"1.16666700","name":"Gissing"},{"id":"832801","latitude":"52.45000000","longitude":"-0.30000000","name":"Glatton"},{"id":"832857","latitude":"52.63333300","longitude":"-0.28333300","name":"Glinton"},{"id":"832884","latitude":"52.66666700","longitude":"-0.01666700","name":"Godney Hill"},{"id":"832905","latitude":"52.58333300","longitude":"0.60000000","name":"Gooderstone"},{"id":"832925","latitude":"52.58333300","longitude":"1.71666700","name":"Gorleston"},{"id":"832926","latitude":"52.58333300","longitude":"1.71666700","name":"Gorleston-on-Sea"},{"id":"832945","latitude":"52.85000000","longitude":"-0.15000000","name":"Gosberton"},{"id":"833031","latitude":"52.26666700","longitude":"0.76666700","name":"Great Barton"},{"id":"833035","latitude":"52.85000000","longitude":"0.63333300","name":"Great Bircham"},{"id":"833064","latitude":"52.58333300","longitude":"0.73333300","name":"Great Cressingham"},{"id":"833071","latitude":"52.68333300","longitude":"0.76666700","name":"Great Dunham"},{"id":"833077","latitude":"52.53333300","longitude":"0.96666700","name":"Great Ellingham"},{"id":"833081","latitude":"52.68333300","longitude":"0.78333300","name":"Great Fransham"},{"id":"833091","latitude":"52.95000000","longitude":"-0.28333300","name":"Great Hale"},{"id":"833114","latitude":"52.30000000","longitude":"0.76666700","name":"Great Livermere"},{"id":"833119","latitude":"52.76666700","longitude":"0.66666700","name":"Great Massingham"},{"id":"833125","latitude":"52.46666700","longitude":"1.18333300","name":"Great Moulton"},{"id":"833132","latitude":"52.66666700","longitude":"1.70000000","name":"Great Ormesby"},{"id":"833138","latitude":"52.66666700","longitude":"0.73333300","name":"Great Palgrave"},{"id":"833142","latitude":"52.65000000","longitude":"1.40000000","name":"Great Plumstead"},{"id":"833147","latitude":"52.81666700","longitude":"0.91666700","name":"Great Ryburgh"},{"id":"833153","latitude":"52.23333300","longitude":"0.61666700","name":"Great Saxham"},{"id":"833157","latitude":"52.86666700","longitude":"0.88333300","name":"Great Snoring"},{"id":"833178","latitude":"52.18333300","longitude":"0.76666700","name":"Great Welnetham"},{"id":"833183","latitude":"52.28333300","longitude":"-2.35000000","name":"Great Witley"},{"id":"833188","latitude":"52.63333300","longitude":"1.75000000","name":"Great Yarmouth"},{"id":"833237","latitude":"52.23333300","longitude":"-2.25000000","name":"Grimley"},{"id":"833244","latitude":"52.76666700","longitude":"0.55000000","name":"Grimston"},{"id":"833258","latitude":"52.55000000","longitude":"0.86666700","name":"Griston"},{"id":"833280","latitude":"52.78333300","longitude":"1.05000000","name":"Guestwick"},{"id":"833353","latitude":"52.51666700","longitude":"1.58333300","name":"Haddiscoe"},{"id":"833354","latitude":"52.51666700","longitude":"-0.31666700","name":"Haddon"},{"id":"833373","latitude":"52.71666700","longitude":"1.30000000","name":"Hainford"},{"id":"833379","latitude":"52.95000000","longitude":"-0.28333300","name":"Hale"},{"id":"833381","latitude":"52.51666700","longitude":"1.50000000","name":"Hales"},{"id":"833402","latitude":"52.21666700","longitude":"-2.25000000","name":"Hallow"},{"id":"833419","latitude":"52.60000000","longitude":"1.56666700","name":"Halvergate"},{"id":"833431","latitude":"53.20000000","longitude":"0.98333300","name":"Hameringham"},{"id":"833485","latitude":"52.81666700","longitude":"1.56666700","name":"Happisburgh"},{"id":"833498","latitude":"52.60000000","longitude":"1.01666700","name":"Hardingham"},{"id":"833505","latitude":"52.45000000","longitude":"1.26666700","name":"Hardwick"},{"id":"833515","latitude":"52.21666700","longitude":"0.58333300","name":"Hargrave"},{"id":"833526","latitude":"52.40000000","longitude":"1.30000000","name":"Harleston"},{"id":"833541","latitude":"52.80000000","longitude":"0.66666700","name":"Harpley"},{"id":"833693","latitude":"52.71666700","longitude":"1.30000000","name":"Haynford"},{"id":"833706","latitude":"52.91666700","longitude":"0.48333300","name":"Heacham"},{"id":"833740","latitude":"52.96666700","longitude":"-0.28333300","name":"Heckington"},{"id":"833758","latitude":"52.80000000","longitude":"0.76666700","name":"Helhoughton"},{"id":"833761","latitude":"52.63333300","longitude":"1.25000000","name":"Hellesdon"},{"id":"833770","latitude":"52.93333300","longitude":"-0.30000000","name":"Helpringham"},{"id":"833771","latitude":"52.61666700","longitude":"-0.33333300","name":"Helpstone"},{"id":"833772","latitude":"52.61666700","longitude":"-0.33333300","name":"Helpston"},{"id":"833788","latitude":"52.50000000","longitude":"1.30000000","name":"Hempnall"},{"id":"833791","latitude":"52.88333300","longitude":"1.11666700","name":"Hempstead"},{"id":"833792","latitude":"52.68333300","longitude":"1.70000000","name":"Hemsby"},{"id":"833808","latitude":"52.28333300","longitude":"0.68333300","name":"Hengrave"},{"id":"833821","latitude":"52.41666700","longitude":"1.66666700","name":"Henstead"},{"id":"833831","latitude":"52.33333300","longitude":"0.91666700","name":"Hepworth"},{"id":"833858","latitude":"52.20000000","longitude":"0.83333300","name":"Hesset"},{"id":"833859","latitude":"52.20000000","longitude":"0.83333300","name":"Hessett"},{"id":"833866","latitude":"52.60000000","longitude":"1.18333300","name":"Hethersett"},{"id":"833872","latitude":"52.75000000","longitude":"1.26666700","name":"Hevingham"},{"id":"833878","latitude":"52.80000000","longitude":"1.13333300","name":"Heydon"},{"id":"833889","latitude":"52.75000000","longitude":"1.58333300","name":"Hickling"},{"id":"833894","latitude":"52.25000000","longitude":"0.58333300","name":"Higham"},{"id":"833949","latitude":"52.56666700","longitude":"0.68333300","name":"Hilborough"},{"id":"833954","latitude":"52.55000000","longitude":"0.40000000","name":"Hilgay"},{"id":"833963","latitude":"52.80000000","longitude":"0.56666700","name":"Hillington"},{"id":"833993","latitude":"52.81666700","longitude":"1.01666700","name":"Hindolveston"},{"id":"833995","latitude":"52.88333300","longitude":"0.95000000","name":"Hindringham"},{"id":"833996","latitude":"52.58333300","longitude":"0.98333300","name":"Hingham"},{"id":"834027","latitude":"52.66666700","longitude":"1.06666700","name":"Hockering"},{"id":"834029","latitude":"52.50000000","longitude":"0.88333300","name":"Hockham"},{"id":"834032","latitude":"52.45000000","longitude":"0.55000000","name":"Hockwold cum Wilton"},{"id":"834033","latitude":"52.45000000","longitude":"0.55000000","name":"Hockwold"},{"id":"834039","latitude":"52.70000000","longitude":"0.95000000","name":"Hoe"},{"id":"834066","latitude":"52.95000000","longitude":"0.81666700","name":"Holkham"},{"id":"834082","latitude":"52.61666700","longitude":"0.76666700","name":"Holme Hale"},{"id":"834085","latitude":"52.46666700","longitude":"-0.23333300","name":"Holme"},{"id":"834089","latitude":"52.96666700","longitude":"0.55000000","name":"Holme next the Sea"},{"id":"834103","latitude":"52.25000000","longitude":"-2.25000000","name":"Holt"},{"id":"834123","latitude":"52.41666700","longitude":"1.36666700","name":"Homersfield"},{"id":"834126","latitude":"52.65000000","longitude":"1.11666700","name":"Honingham"},{"id":"834127","latitude":"52.80000000","longitude":"1.45000000","name":"Honing"},{"id":"834128","latitude":"52.33333300","longitude":"0.80000000","name":"Honington"},{"id":"834155","latitude":"52.36666700","longitude":"0.93333300","name":"Hopton"},{"id":"834157","latitude":"52.53333300","longitude":"1.73333300","name":"Hopton on Sea"},{"id":"834184","latitude":"52.70000000","longitude":"1.50000000","name":"Horning"},{"id":"834197","latitude":"52.73333300","longitude":"1.66666700","name":"Horsey"},{"id":"834198","latitude":"52.68333300","longitude":"1.25000000","name":"Horsford"},{"id":"834200","latitude":"52.68333300","longitude":"1.28333300","name":"Horsham"},{"id":"834202","latitude":"52.68333300","longitude":"1.28333300","name":"Horsham Saint Faith"},{"id":"834208","latitude":"52.71666700","longitude":"1.35000000","name":"Horstead"},{"id":"834233","latitude":"52.81666700","longitude":"0.65000000","name":"Houghton"},{"id":"834241","latitude":"52.88333300","longitude":"0.86666700","name":"Houghton Saint Giles"},{"id":"834252","latitude":"52.98333300","longitude":"-0.30000000","name":"Howell"},{"id":"834265","latitude":"52.96666700","longitude":"-0.10000000","name":"Hubbard Bridge"},{"id":"834267","latitude":"52.96666700","longitude":"-0.10000000","name":"Hubberts Bridge"},{"id":"834293","latitude":"52.86666700","longitude":"-0.05000000","name":"Humby"},{"id":"834306","latitude":"52.95000000","longitude":"0.50000000","name":"Hunstanton"},{"id":"834322","latitude":"52.86666700","longitude":"1.06666700","name":"Hunworth"},{"id":"834375","latitude":"52.51666700","longitude":"0.68333300","name":"Ickburgh"},{"id":"834380","latitude":"52.31666700","longitude":"0.60000000","name":"Icklingham"},{"id":"834404","latitude":"52.43333300","longitude":"1.50000000","name":"Ilketshall"},{"id":"834405","latitude":"52.43333300","longitude":"1.50000000","name":"Ilketshall Saint Andrew"},{"id":"834408","latitude":"52.46666700","longitude":"0.86666700","name":"Illington"},{"id":"834441","latitude":"52.30000000","longitude":"0.71666700","name":"Ingham"},{"id":"834447","latitude":"52.86666700","longitude":"0.51666700","name":"Ingoldesthorpe"},{"id":"834448","latitude":"52.86666700","longitude":"0.51666700","name":"Ingoldisthorpe"},{"id":"834454","latitude":"52.81666700","longitude":"1.28333300","name":"Ingworth"},{"id":"834570","latitude":"52.83333300","longitude":"1.18333300","name":"Itteringham"},{"id":"834580","latitude":"52.30000000","longitude":"0.83333300","name":"Ixworth"},{"id":"834581","latitude":"52.31666700","longitude":"0.81666700","name":"Ixworth Thorpe"},{"id":"834659","latitude":"52.93333300","longitude":"1.11666700","name":"Kelling"},{"id":"834701","latitude":"52.43333300","longitude":"1.00000000","name":"Kenninghall"},{"id":"834737","latitude":"52.58333300","longitude":"1.26666700","name":"Keswick"},{"id":"834742","latitude":"52.85000000","longitude":"0.91666700","name":"Kettlestone"},{"id":"834895","latitude":"52.41666700","longitude":"0.78333300","name":"Kilverstone"},{"id":"834900","latitude":"52.58333300","longitude":"1.05000000","name":"Kimberley"},{"id":"834954","latitude":"52.75000000","longitude":"0.38333300","name":"King's Lynn"},{"id":"835193","latitude":"52.91666700","longitude":"-0.05000000","name":"Kirton"},{"id":"835204","latitude":"52.85000000","longitude":"1.43333300","name":"Knapton"},{"id":"835213","latitude":"52.38333300","longitude":"0.90000000","name":"Knettishall"},{"id":"835271","latitude":"52.30000000","longitude":"0.63333300","name":"Lackford"},{"id":"835296","latitude":"52.75000000","longitude":"1.33333300","name":"Lamas Little Hautbois"},{"id":"835309","latitude":"52.75000000","longitude":"1.33333300","name":"Lammas"},{"id":"835335","latitude":"52.70000000","longitude":"-0.33333300","name":"Langfoft"},{"id":"835338","latitude":"52.53333300","longitude":"0.71666700","name":"Langford"},{"id":"835341","latitude":"52.28333300","longitude":"0.90000000","name":"Langham"},{"id":"835358","latitude":"53.01666700","longitude":"-0.11666700","name":"Langrick"},{"id":"835363","latitude":"52.70000000","longitude":"-0.33333300","name":"Langtoft"},{"id":"835397","latitude":"52.45000000","longitude":"0.93333300","name":"Larling"},{"id":"835442","latitude":"52.30000000","longitude":"1.36666700","name":"Laxfield"},{"id":"835459","latitude":"53.03333300","longitude":"0.08333300","name":"Leake Common Side"},{"id":"835460","latitude":"53.01666700","longitude":"0.10000000","name":"Leake"},{"id":"835462","latitude":"53.03333300","longitude":"0.08333300","name":"Leake Side"},{"id":"835553","latitude":"52.71666700","longitude":"1.11666700","name":"Lenwade"},{"id":"835567","latitude":"52.80000000","longitude":"1.55000000","name":"Lessingham"},{"id":"835574","latitude":"52.90000000","longitude":"1.06666700","name":"Letheringsett"},{"id":"835588","latitude":"52.66666700","longitude":"-0.13333300","name":"Leverington"},{"id":"835590","latitude":"53.00000000","longitude":"0.08333300","name":"Leverton"},{"id":"835602","latitude":"52.71666700","longitude":"0.73333300","name":"Lexham"},{"id":"835660","latitude":"52.61666700","longitude":"1.48333300","name":"Lingwood"},{"id":"835704","latitude":"52.71666700","longitude":"0.80000000","name":"Litcham"},{"id":"835715","latitude":"52.85000000","longitude":"1.16666700","name":"Little Barningham"},{"id":"835751","latitude":"52.68333300","longitude":"0.76666700","name":"Little Dunham"},{"id":"835768","latitude":"52.75000000","longitude":"1.33333300","name":"Little Hautbois"},{"id":"835787","latitude":"52.78333300","longitude":"0.66666700","name":"Little Massingham"},{"id":"835802","latitude":"52.65000000","longitude":"1.40000000","name":"Little Plumstead"},{"id":"835808","latitude":"52.81666700","longitude":"0.91666700","name":"Little Ryburgh"},{"id":"835810","latitude":"52.23333300","longitude":"0.63333300","name":"Little Saxham"},{"id":"835814","latitude":"52.85000000","longitude":"0.90000000","name":"Little Snoring"},{"id":"835835","latitude":"52.88333300","longitude":"0.88333300","name":"Little Walsingham"},{"id":"835840","latitude":"52.20000000","longitude":"0.76666700","name":"Little Welnetham"},{"id":"835844","latitude":"52.26666700","longitude":"-2.31666700","name":"Little Witley"},{"id":"835848","latitude":"52.60000000","longitude":"1.73333300","name":"Little Yarmouth"},{"id":"835851","latitude":"52.30000000","longitude":"0.76666700","name":"Livermere"},{"id":"836314","latitude":"52.53333300","longitude":"1.48333300","name":"Loddon"},{"id":"836369","latitude":"52.70000000","longitude":"0.86666700","name":"Longham"},{"id":"836410","latitude":"52.48333300","longitude":"1.23333300","name":"Long Stratton"},{"id":"836552","latitude":"52.70000000","longitude":"1.53333300","name":"Ludham"},{"id":"836623","latitude":"52.71666700","longitude":"1.06666700","name":"Lyng"},{"id":"836626","latitude":"52.75000000","longitude":"0.38333300","name":"Lynn"},{"id":"836627","latitude":"52.75000000","longitude":"0.38333300","name":"Lynn Regis"},{"id":"836729","latitude":"52.48333300","longitude":"0.18333300","name":"Manea"},{"id":"836795","latitude":"52.65000000","longitude":"0.55000000","name":"Marham"},{"id":"836796","latitude":"52.60000000","longitude":"-0.30000000","name":"Marholm"},{"id":"836800","latitude":"52.66666700","longitude":"-0.30000000","name":"Market Deeping"},{"id":"836805","latitude":"52.71666700","longitude":"-0.68333300","name":"Market Overton"},{"id":"836809","latitude":"52.36666700","longitude":"0.91666700","name":"Market Weston"},{"id":"836824","latitude":"52.63333300","longitude":"1.15000000","name":"Marlingford"},{"id":"836839","latitude":"52.76666700","longitude":"1.25000000","name":"Marsham"},{"id":"836865","latitude":"52.70000000","longitude":"1.63333300","name":"Martham"},{"id":"836896","latitude":"52.76666700","longitude":"0.66666700","name":"Massingham"},{"id":"836907","latitude":"52.65000000","longitude":"1.03333300","name":"Mattishall"},{"id":"836913","latitude":"52.65000000","longitude":"1.68333300","name":"Mautby"},{"id":"836970","latitude":"52.85000000","longitude":"1.03333300","name":"Mellon Constable"},{"id":"836982","latitude":"52.85000000","longitude":"1.03333300","name":"Melton Constable"},{"id":"836992","latitude":"52.40000000","longitude":"1.35000000","name":"Mendham"},{"id":"837030","latitude":"52.55000000","longitude":"0.81666700","name":"Merton"},{"id":"837036","latitude":"52.36666700","longitude":"1.36666700","name":"Metfield"},{"id":"837042","latitude":"52.51666700","longitude":"0.55000000","name":"Methwold"},{"id":"837092","latitude":"52.71666700","longitude":"0.46666700","name":"Middleton"},{"id":"837133","latitude":"52.73333300","longitude":"0.85000000","name":"Mileham"},{"id":"837318","latitude":"52.50000000","longitude":"-0.31666700","name":"Morborne"},{"id":"837359","latitude":"52.95000000","longitude":"0.96666700","name":"Morston"},{"id":"837401","latitude":"52.73333300","longitude":"-0.08333300","name":"Moulton Chapel"},{"id":"837403","latitude":"52.46666700","longitude":"1.18333300","name":"Moulton"},{"id":"837407","latitude":"52.46666700","longitude":"1.18333300","name":"Moulton Saint Michael"},{"id":"837461","latitude":"52.55000000","longitude":"1.23333300","name":"Mulbarton"},{"id":"837470","latitude":"52.86666700","longitude":"1.41666700","name":"Mundersley"},{"id":"837471","latitude":"52.86666700","longitude":"1.41666700","name":"Mundesley"},{"id":"837472","latitude":"52.50000000","longitude":"0.65000000","name":"Mundford"},{"id":"837532","latitude":"52.68333300","longitude":"0.58333300","name":"Narborough"},{"id":"837533","latitude":"52.68333300","longitude":"0.61666700","name":"Narford"},{"id":"837551","latitude":"52.73333300","longitude":"1.46666700","name":"Neatishead"},{"id":"837552","latitude":"52.56666700","longitude":"0.81666700","name":"Neaton"},{"id":"837553","latitude":"52.65000000","longitude":"0.78333300","name":"Necton"},{"id":"837557","latitude":"52.38333300","longitude":"1.26666700","name":"Needham"},{"id":"837631","latitude":"52.61666700","longitude":"-0.21666700","name":"Newborough"},{"id":"837644","latitude":"52.46666700","longitude":"1.08333300","name":"New Buckenham"},{"id":"837697","latitude":"52.93333300","longitude":"0.50000000","name":"New Hunstanton"},{"id":"837812","latitude":"53.08333300","longitude":"-0.15000000","name":"New York"},{"id":"837832","latitude":"52.58333300","longitude":"0.30000000","name":"Nordelph"},{"id":"837853","latitude":"52.86666700","longitude":"0.85000000","name":"North Barsham"},{"id":"837855","latitude":"52.65000000","longitude":"-0.28333300","name":"Northborough"},{"id":"837860","latitude":"52.63333300","longitude":"1.45000000","name":"North Burlingham"},{"id":"837878","latitude":"52.43333300","longitude":"1.61666700","name":"North Cove"},{"id":"837881","latitude":"52.90000000","longitude":"0.76666700","name":"North Creake"},{"id":"837887","latitude":"52.73333300","longitude":"0.95000000","name":"North Elmham"},{"id":"837914","latitude":"53.05000000","longitude":"-0.26666700","name":"North Kyme"},{"id":"837921","latitude":"52.40000000","longitude":"1.00000000","name":"North Lopham"},{"id":"837944","latitude":"52.61666700","longitude":"0.76666700","name":"North Pickenham"},{"id":"837946","latitude":"52.90000000","longitude":"1.33333300","name":"Northrepps"},{"id":"837949","latitude":"52.70000000","longitude":"0.43333300","name":"North Runcton"},{"id":"837963","latitude":"52.68333300","longitude":"1.01666700","name":"North Tuddenham"},{"id":"837965","latitude":"52.81666700","longitude":"1.38333300","name":"North Walsham"},{"id":"837974","latitude":"52.55000000","longitude":"0.60000000","name":"Northwold"},{"id":"837977","latitude":"52.78333300","longitude":"0.43333300","name":"North Wootton"},{"id":"837997","latitude":"52.25000000","longitude":"0.86666700","name":"Norton"},{"id":"838006","latitude":"52.63333300","longitude":"1.30000000","name":"Norwich"},{"id":"838096","latitude":"52.48333300","longitude":"1.05000000","name":"Old Buckenham"},{"id":"838116","latitude":"53.01666700","longitude":"0.10000000","name":"Old Leake"},{"id":"838148","latitude":"52.26666700","longitude":"-2.23333300","name":"Ombersley"},{"id":"838176","latitude":"52.66666700","longitude":"1.70000000","name":"Ormesby Saint Margaret"},{"id":"838188","latitude":"52.55000000","longitude":"-0.30000000","name":"Orton Waterville"},{"id":"838219","latitude":"52.81666700","longitude":"1.16666700","name":"Oulton"},{"id":"838229","latitude":"52.61666700","longitude":"0.23333300","name":"Outwell"},{"id":"838241","latitude":"52.91666700","longitude":"1.35000000","name":"Overstrand"},{"id":"838255","latitude":"52.58333300","longitude":"0.83333300","name":"Ovington"},{"id":"838264","latitude":"52.58333300","longitude":"0.58333300","name":"Oxborough"},{"id":"838303","latitude":"52.26666700","longitude":"0.83333300","name":"Pakenham"},{"id":"838305","latitude":"52.66666700","longitude":"0.73333300","name":"Palgrave"},{"id":"838306","latitude":"52.78333300","longitude":"1.60000000","name":"Palling"},{"id":"838331","latitude":"52.66666700","longitude":"1.46666700","name":"Panxworth"},{"id":"838361","latitude":"52.60000000","longitude":"-0.25000000","name":"Paston"},{"id":"838390","latitude":"52.63333300","longitude":"-0.26666700","name":"Peakirk"},{"id":"838585","latitude":"52.80000000","longitude":"-0.15000000","name":"Pinchbeck"},{"id":"838650","latitude":"52.86666700","longitude":"1.16666700","name":"Plumstead"},{"id":"838753","latitude":"52.55000000","longitude":"1.35000000","name":"Poringland"},{"id":"838862","latitude":"52.71666700","longitude":"1.58333300","name":"Potter Heigham"},{"id":"838950","latitude":"53.11666700","longitude":"-2.93333300","name":"Pulford"},{"id":"838951","latitude":"52.41666700","longitude":"1.23333300","name":"Pulham Mary"},{"id":"838952","latitude":"52.41666700","longitude":"1.25000000","name":"Pulham"},{"id":"838953","latitude":"52.43333300","longitude":"1.25000000","name":"Pulham Saint Mary Magdalene"},{"id":"838954","latitude":"52.41666700","longitude":"1.23333300","name":"Pulham Saint Mary the Virgin"},{"id":"838991","latitude":"52.86666700","longitude":"-0.16666700","name":"Quadring"},{"id":"839017","latitude":"52.45000000","longitude":"0.98333300","name":"Quidenham"},{"id":"839023","latitude":"52.68333300","longitude":"1.36666700","name":"Rackheath"},{"id":"839086","latitude":"52.68333300","longitude":"1.48333300","name":"Ranworth"},{"id":"839149","latitude":"52.16666700","longitude":"0.63333300","name":"Rede"},{"id":"839150","latitude":"52.36666700","longitude":"1.00000000","name":"Redgrave"},{"id":"839169","latitude":"52.55000000","longitude":"1.56666700","name":"Reedham"},{"id":"839173","latitude":"52.75000000","longitude":"1.11666700","name":"Reepham"},{"id":"839280","latitude":"52.68333300","longitude":"1.16666700","name":"Ringland"},{"id":"839286","latitude":"52.93333300","longitude":"0.55000000","name":"Ringstead"},{"id":"839299","latitude":"52.26666700","longitude":"0.63333300","name":"Risby"},{"id":"839346","latitude":"52.53333300","longitude":"0.91666700","name":"Rockland"},{"id":"839347","latitude":"52.53333300","longitude":"0.91666700","name":"Rockland Saint Peter"},{"id":"839368","latitude":"52.68333300","longitude":"1.66666700","name":"Rollesby"},{"id":"839416","latitude":"53.10000000","longitude":"-2.93333300","name":"Rosset"},{"id":"839417","latitude":"53.10000000","longitude":"-2.93333300","name":"Rossett"},{"id":"839449","latitude":"52.45000000","longitude":"0.90000000","name":"Roudham"},{"id":"839450","latitude":"52.75000000","longitude":"0.71666700","name":"Rougham"},{"id":"839452","latitude":"52.88333300","longitude":"1.30000000","name":"Roughton"},{"id":"839513","latitude":"52.65000000","longitude":"0.40000000","name":"Runcton Holme"},{"id":"839514","latitude":"52.65000000","longitude":"0.40000000","name":"Runcton"},{"id":"839515","latitude":"52.61666700","longitude":"1.65000000","name":"Runham"},{"id":"839517","latitude":"52.93333300","longitude":"1.25000000","name":"Runton"},{"id":"839522","latitude":"52.21666700","longitude":"0.76666700","name":"Rushbrooke"},{"id":"839525","latitude":"52.38333300","longitude":"0.83333300","name":"Rushford"},{"id":"839548","latitude":"52.81666700","longitude":"0.91666700","name":"Ryburgh"},{"id":"839614","latitude":"52.40000000","longitude":"1.36666700","name":"Saint Cross"},{"id":"839648","latitude":"52.68333300","longitude":"0.38333300","name":"Saint Germans"},{"id":"839667","latitude":"52.38333300","longitude":"1.41666700","name":"Saint James"},{"id":"839688","latitude":"52.40000000","longitude":"1.40000000","name":"Saint Margaret"},{"id":"839761","latitude":"52.68333300","longitude":"1.41666700","name":"Salhouse"},{"id":"839766","latitude":"52.80000000","longitude":"1.13333300","name":"Sall"},{"id":"839773","latitude":"52.81666700","longitude":"-0.73333300","name":"Saltby"},{"id":"839782","latitude":"52.93333300","longitude":"1.10000000","name":"Salthouse"},{"id":"839826","latitude":"52.83333300","longitude":"0.51666700","name":"Sandringham"},{"id":"839844","latitude":"52.45000000","longitude":"0.68333300","name":"Santon"},{"id":"839846","latitude":"52.33333300","longitude":"0.81666700","name":"Sapiston"},{"id":"839871","latitude":"52.43333300","longitude":"-0.26666700","name":"Sawtry"},{"id":"839874","latitude":"52.75000000","longitude":"-0.78333300","name":"Saxby"},{"id":"839877","latitude":"52.23333300","longitude":"0.61666700","name":"Saxham"},{"id":"839879","latitude":"52.51666700","longitude":"1.28333300","name":"Saxlingham Nethergate"},{"id":"839880","latitude":"52.53333300","longitude":"1.26666700","name":"Saxlingham"},{"id":"839881","latitude":"52.53333300","longitude":"1.26666700","name":"Saxlingham Thorpe"},{"id":"839885","latitude":"52.81666700","longitude":"1.13333300","name":"Saxthorpe"},{"id":"839948","latitude":"52.56666700","longitude":"0.91666700","name":"Scoulton"},{"id":"839960","latitude":"52.85000000","longitude":"0.81666700","name":"Sculthorpe"},{"id":"839983","latitude":"52.78333300","longitude":"1.60000000","name":"Sea Palling"},{"id":"840000","latitude":"52.90000000","longitude":"0.55000000","name":"Sedgeford"},{"id":"840007","latitude":"52.51666700","longitude":"1.43333300","name":"Seething"},{"id":"840045","latitude":"52.68333300","longitude":"0.41666700","name":"Setchey"},{"id":"840046","latitude":"52.68333300","longitude":"0.41666700","name":"Setch"},{"id":"840056","latitude":"52.76666700","longitude":"-0.68333300","name":"Sewstern"},{"id":"840087","latitude":"52.88333300","longitude":"1.01666700","name":"Sharrington"},{"id":"840121","latitude":"52.46666700","longitude":"1.26666700","name":"Shelton"},{"id":"840159","latitude":"52.93333300","longitude":"1.20000000","name":"Sheringham"},{"id":"840162","latitude":"52.85000000","longitude":"0.55000000","name":"Shernborne"},{"id":"840191","latitude":"52.61666700","longitude":"0.90000000","name":"Shipdham"},{"id":"840230","latitude":"52.53333300","longitude":"1.31666700","name":"Shotesham All Saints"},{"id":"840231","latitude":"52.53333300","longitude":"1.30000000","name":"Shotesham Saint Mary"},{"id":"840237","latitude":"52.53333300","longitude":"1.31666700","name":"Shottesham"},{"id":"840243","latitude":"52.65000000","longitude":"0.48333300","name":"Shouldham"},{"id":"840244","latitude":"52.63333300","longitude":"0.46666700","name":"Shouldham Thorpe"},{"id":"840246","latitude":"52.28333300","longitude":"-2.28333300","name":"Shrawley"},{"id":"840251","latitude":"52.50000000","longitude":"0.91666700","name":"Shropham"},{"id":"840265","latitude":"53.03333300","longitude":"0.01666700","name":"Sibsey"},{"id":"840276","latitude":"52.90000000","longitude":"1.36666700","name":"Sidestrand"},{"id":"840360","latitude":"52.80000000","longitude":"-0.66666700","name":"Skillington"},{"id":"840368","latitude":"52.95000000","longitude":"-0.01666700","name":"Skirbeck Quarter"},{"id":"840369","latitude":"52.96666700","longitude":"0.00000000","name":"Skirbeck"},{"id":"840409","latitude":"52.76666700","longitude":"1.45000000","name":"Smallburgh"},{"id":"840436","latitude":"52.48333300","longitude":"0.93333300","name":"Snetterton"},{"id":"840437","latitude":"52.86666700","longitude":"0.50000000","name":"Snettisham"},{"id":"840463","latitude":"52.71666700","longitude":"1.65000000","name":"Somerton"},{"id":"840484","latitude":"52.68333300","longitude":"0.68333300","name":"South Acre"},{"id":"840500","latitude":"52.60000000","longitude":"0.95000000","name":"Southburgh"},{"id":"840516","latitude":"52.88333300","longitude":"0.76666700","name":"South Creake"},{"id":"840531","latitude":"52.51666700","longitude":"0.38333300","name":"Southery"},{"id":"840550","latitude":"53.01666700","longitude":"-0.25000000","name":"South Kyme"},{"id":"840556","latitude":"52.40000000","longitude":"1.00000000","name":"South Lopham"},{"id":"840577","latitude":"52.60000000","longitude":"-0.40000000","name":"Southorpe"},{"id":"840583","latitude":"52.60000000","longitude":"0.75000000","name":"South Pickenham"},{"id":"840587","latitude":"52.78333300","longitude":"0.80000000","name":"South Raynham"},{"id":"840602","latitude":"52.60000000","longitude":"1.73333300","name":"Southtown"},{"id":"840605","latitude":"52.65000000","longitude":"1.53333300","name":"South Walsham"},{"id":"840618","latitude":"52.75000000","longitude":"-0.61666700","name":"South Witham"},{"id":"840620","latitude":"52.76666700","longitude":"0.43333300","name":"South Wootton"},{"id":"840628","latitude":"52.73333300","longitude":"1.06666700","name":"Sparham"},{"id":"840655","latitude":"52.66666700","longitude":"1.33333300","name":"Spixworth"},{"id":"840662","latitude":"52.53333300","longitude":"1.08333300","name":"Spooner Row"},{"id":"840663","latitude":"52.66666700","longitude":"0.75000000","name":"Sporle"},{"id":"840683","latitude":"52.80000000","longitude":"-0.71666700","name":"Sproxton"},{"id":"840701","latitude":"52.80000000","longitude":"-0.65000000","name":"Stainby"},{"id":"840719","latitude":"52.76666700","longitude":"1.51666700","name":"Stalham"},{"id":"840745","latitude":"52.51666700","longitude":"0.73333300","name":"Stanford"},{"id":"840747","latitude":"52.55000000","longitude":"-0.23333300","name":"Stanground"},{"id":"840748","latitude":"52.90000000","longitude":"0.68333300","name":"Stanhoe"},{"id":"840777","latitude":"52.31666700","longitude":"0.90000000","name":"Stanton"},{"id":"840792","latitude":"52.73333300","longitude":"-0.80000000","name":"Stapleford"},{"id":"840869","latitude":"52.81666700","longitude":"0.95000000","name":"Stibbard"},{"id":"840875","latitude":"52.93333300","longitude":"0.95000000","name":"Stiffkey"},{"id":"840880","latitude":"52.48333300","longitude":"-0.28333300","name":"Stilton"},{"id":"840910","latitude":"52.48333300","longitude":"1.51666700","name":"Stockton"},{"id":"840929","latitude":"52.56666700","longitude":"0.51666700","name":"Stoke Ferry"},{"id":"840937","latitude":"52.55000000","longitude":"1.30000000","name":"Stoke Holy Cross"},{"id":"840953","latitude":"52.63333300","longitude":"1.60000000","name":"Stokesby"},{"id":"840975","latitude":"52.80000000","longitude":"-0.76666700","name":"Stonesby"},{"id":"841016","latitude":"52.53333300","longitude":"0.85000000","name":"Stow Bedon"},{"id":"841017","latitude":"52.65000000","longitude":"0.38333300","name":"Stowbridge"},{"id":"841037","latitude":"52.61666700","longitude":"0.45000000","name":"Stradsett"},{"id":"841170","latitude":"52.83333300","longitude":"-0.13333300","name":"Surfleet"},{"id":"841172","latitude":"52.90000000","longitude":"-0.08333300","name":"Sutterton"},{"id":"841177","latitude":"52.76666700","longitude":"0.18333300","name":"Sutton Bridge"},{"id":"841193","latitude":"52.75000000","longitude":"1.53333300","name":"Sutton"},{"id":"841205","latitude":"52.65000000","longitude":"0.68333300","name":"Swaffham"},{"id":"841206","latitude":"52.83333300","longitude":"1.40000000","name":"Swafield"},{"id":"841208","latitude":"52.56666700","longitude":"1.26666700","name":"Swainsthorpe"},{"id":"841226","latitude":"52.71666700","longitude":"1.15000000","name":"Swannington"},{"id":"841229","latitude":"52.78333300","longitude":"1.36666700","name":"Swanton Abbot"},{"id":"841233","latitude":"52.56666700","longitude":"1.25000000","name":"Swardeston"},{"id":"841236","latitude":"52.91666700","longitude":"-0.30000000","name":"Swaton"},{"id":"841252","latitude":"52.93333300","longitude":"-0.15000000","name":"Swineshead"},{"id":"841272","latitude":"52.85000000","longitude":"0.71666700","name":"Syderstone"},{"id":"841305","latitude":"52.65000000","longitude":"-0.38333300","name":"Tallington"},{"id":"841367","latitude":"52.81666700","longitude":"0.76666700","name":"Tatterford"},{"id":"841368","latitude":"52.83333300","longitude":"0.73333300","name":"Tatterset"},{"id":"841369","latitude":"52.83333300","longitude":"0.73333300","name":"Tattersett"},{"id":"841370","latitude":"53.10000000","longitude":"-0.20000000","name":"Tattershall"},{"id":"841430","latitude":"52.75000000","longitude":"0.30000000","name":"Terrington Saint Clement"},{"id":"841431","latitude":"52.71666700","longitude":"0.28333300","name":"Terrington Saint John"},{"id":"841432","latitude":"52.75000000","longitude":"0.30000000","name":"Terrington"},{"id":"841475","latitude":"52.76666700","longitude":"1.05000000","name":"Themelthorpe"},{"id":"841482","latitude":"52.41666700","longitude":"0.75000000","name":"Thetford"},{"id":"841495","latitude":"52.53333300","longitude":"0.83333300","name":"Thompson"},{"id":"841514","latitude":"52.61666700","longitude":"-0.10000000","name":"Thorney"},{"id":"841521","latitude":"52.95000000","longitude":"0.58333300","name":"Thornham"},{"id":"841523","latitude":"52.60000000","longitude":"-0.41666700","name":"Thornhaugh"},{"id":"841531","latitude":"53.03333300","longitude":"-0.08333300","name":"Thornton le Fen"},{"id":"841539","latitude":"53.03333300","longitude":"-0.08333300","name":"Thornton"},{"id":"841548","latitude":"52.63333300","longitude":"1.35000000","name":"Thorpe Episcopi"},{"id":"841552","latitude":"52.63333300","longitude":"1.35000000","name":"Thorpe next Norwich"},{"id":"841554","latitude":"52.63333300","longitude":"1.35000000","name":"Thorpe Saint Andrew"},{"id":"841562","latitude":"52.63333300","longitude":"1.35000000","name":"Thorpe"},{"id":"841577","latitude":"52.56666700","longitude":"0.78333300","name":"Threxton"},{"id":"841598","latitude":"52.86666700","longitude":"1.25000000","name":"Thurgarton"},{"id":"841608","latitude":"52.53333300","longitude":"1.56666700","name":"Thurlton"},{"id":"841610","latitude":"52.81666700","longitude":"1.10000000","name":"Thurning"},{"id":"841613","latitude":"52.86666700","longitude":"0.93333300","name":"Thursford"},{"id":"841617","latitude":"52.25000000","longitude":"0.81666700","name":"Thurston"},{"id":"841618","latitude":"52.55000000","longitude":"1.43333300","name":"Thurton"},{"id":"841619","latitude":"52.61666700","longitude":"1.00000000","name":"Thuxton"},{"id":"841620","latitude":"52.50000000","longitude":"1.43333300","name":"Thwaite"},{"id":"841626","latitude":"52.46666700","longitude":"1.15000000","name":"Tibenham"},{"id":"841664","latitude":"52.70000000","longitude":"0.30000000","name":"Tilney Saint Lawrence"},{"id":"841665","latitude":"52.70000000","longitude":"0.30000000","name":"Tilney"},{"id":"841668","latitude":"53.05000000","longitude":"-2.81666700","name":"Tilston"},{"id":"841679","latitude":"52.28333300","longitude":"0.73333300","name":"Timworth"},{"id":"841699","latitude":"52.96666700","longitude":"0.63333300","name":"Titchwell"},{"id":"841703","latitude":"52.75000000","longitude":"0.80000000","name":"Tittleshall"},{"id":"841705","latitude":"52.43333300","longitude":"1.20000000","name":"Tivetshall Saint Margaret"},{"id":"841706","latitude":"52.43333300","longitude":"1.20000000","name":"Tivetshall"},{"id":"841720","latitude":"52.50000000","longitude":"1.58333300","name":"Toft Monks"},{"id":"841802","latitude":"52.23333300","longitude":"0.86666700","name":"Tostock"},{"id":"841815","latitude":"52.51666700","longitude":"0.80000000","name":"Tottington"},{"id":"841910","latitude":"52.90000000","longitude":"1.41666700","name":"Trimingham"},{"id":"841913","latitude":"52.90000000","longitude":"1.41666700","name":"Trimmingham"},{"id":"841922","latitude":"52.31666700","longitude":"0.78333300","name":"Troston"},{"id":"841931","latitude":"52.60000000","longitude":"1.33333300","name":"Trowse Newton"},{"id":"841932","latitude":"52.60000000","longitude":"1.33333300","name":"Trowse"},{"id":"841939","latitude":"52.85000000","longitude":"1.40000000","name":"Trunch"},{"id":"841998","latitude":"52.80000000","longitude":"1.31666700","name":"Tuttington"},{"id":"842004","latitude":"52.75000000","longitude":"-0.28333300","name":"Twenty"},{"id":"842021","latitude":"52.71666700","longitude":"0.11666700","name":"Tydd Saint Giles"},{"id":"842022","latitude":"52.73333300","longitude":"0.16666700","name":"Tydd Saint Mary"},{"id":"842023","latitude":"52.73333300","longitude":"0.16666700","name":"Tydd"},{"id":"842049","latitude":"52.65000000","longitude":"-0.41666700","name":"Uffington"},{"id":"842051","latitude":"52.61666700","longitude":"-0.38333300","name":"Ufford"},{"id":"842170","latitude":"52.38333300","longitude":"-0.26666700","name":"Upton"},{"id":"842177","latitude":"52.60000000","longitude":"0.21666700","name":"Upwell"},{"id":"842229","latitude":"52.48333300","longitude":"1.20000000","name":"Wacton"},{"id":"842254","latitude":"52.83333300","longitude":"1.50000000","name":"Walcott"},{"id":"842296","latitude":"52.73333300","longitude":"0.25000000","name":"Walpole Saint Andrew"},{"id":"842297","latitude":"52.71666700","longitude":"0.21666700","name":"Walpole Saint Peter"},{"id":"842298","latitude":"52.73333300","longitude":"0.23333300","name":"Walpole"},{"id":"842306","latitude":"52.30000000","longitude":"0.93333300","name":"Walsham le Willows"},{"id":"842307","latitude":"52.88333300","longitude":"0.88333300","name":"Walsingham"},{"id":"842340","latitude":"52.60000000","longitude":"-0.26666700","name":"Walton"},{"id":"842379","latitude":"52.93333300","longitude":"0.90000000","name":"Warham"},{"id":"842434","latitude":"52.88333300","longitude":"0.80000000","name":"Waterden"},{"id":"842444","latitude":"52.55000000","longitude":"-0.36666700","name":"Water Newton"},{"id":"842455","latitude":"52.66666700","longitude":"0.38333300","name":"Watlington"},{"id":"842460","latitude":"52.31666700","longitude":"0.95000000","name":"Wattisfield"},{"id":"842464","latitude":"52.56666700","longitude":"0.83333300","name":"Watton"},{"id":"842475","latitude":"52.76666700","longitude":"1.61666700","name":"Waxham"},{"id":"842486","latitude":"52.76666700","longitude":"0.75000000","name":"Weasenham"},{"id":"842509","latitude":"52.65000000","longitude":"1.05000000","name":"Welborne"},{"id":"842523","latitude":"52.76666700","longitude":"0.76666700","name":"Wellingham"},{"id":"842529","latitude":"52.96666700","longitude":"0.85000000","name":"Wells next the Sea"},{"id":"842531","latitude":"52.96666700","longitude":"0.85000000","name":"Wells-on-Sea"},{"id":"842532","latitude":"52.96666700","longitude":"0.85000000","name":"Wells"},{"id":"842535","latitude":"52.18333300","longitude":"0.76666700","name":"Welnetham"},{"id":"842536","latitude":"52.51666700","longitude":"0.25000000","name":"Welney"},{"id":"842557","latitude":"52.68333300","longitude":"0.85000000","name":"Wendling"},{"id":"842569","latitude":"52.58333300","longitude":"0.48333300","name":"Wereham"},{"id":"842571","latitude":"52.60000000","longitude":"-0.25000000","name":"Werrington"},{"id":"842574","latitude":"52.70000000","longitude":"0.63333300","name":"West Acre"},{"id":"842584","latitude":"52.86666700","longitude":"0.83333300","name":"West Barsham"},{"id":"842586","latitude":"52.91666700","longitude":"1.18333300","name":"West Beckham"},{"id":"842588","latitude":"52.91666700","longitude":"1.18333300","name":"West Beekham"},{"id":"842592","latitude":"52.63333300","longitude":"0.83333300","name":"West Bradenham"},{"id":"842637","latitude":"52.58333300","longitude":"0.45000000","name":"West Dereham"},{"id":"842712","latitude":"52.71666700","longitude":"0.73333300","name":"West Lexham"},{"id":"842714","latitude":"52.25000000","longitude":"0.66666700","name":"Westley"},{"id":"842783","latitude":"52.78333300","longitude":"0.78333300","name":"West Raynham"},{"id":"842786","latitude":"52.81666700","longitude":"0.70000000","name":"West Rudham"},{"id":"842787","latitude":"52.93333300","longitude":"1.25000000","name":"West Runton"},{"id":"842796","latitude":"52.30000000","longitude":"0.66666700","name":"West Stow"},{"id":"842806","latitude":"52.50000000","longitude":"0.70000000","name":"West Tofts"},{"id":"842834","latitude":"52.93333300","longitude":"1.15000000","name":"Weybourne"},{"id":"842835","latitude":"52.36666700","longitude":"1.30000000","name":"Weybread"},{"id":"842860","latitude":"52.48333300","longitude":"1.63333300","name":"Wheatacre Burgh"},{"id":"842871","latitude":"52.18333300","longitude":"0.68333300","name":"Whepstead"},{"id":"842881","latitude":"52.76666700","longitude":"0.85000000","name":"Whissonsett"},{"id":"842882","latitude":"52.76666700","longitude":"0.85000000","name":"Whissonset"},{"id":"842936","latitude":"52.56666700","longitude":"0.53333300","name":"Whitington"},{"id":"842974","latitude":"52.75000000","longitude":"1.10000000","name":"Whitwell"},{"id":"842995","latitude":"52.58333300","longitude":"1.58333300","name":"Wickhampton"},{"id":"843015","latitude":"52.68333300","longitude":"0.38333300","name":"Wiggenhall Saint Germans"},{"id":"843016","latitude":"52.68333300","longitude":"0.36666700","name":"Wiggenhall Saint Peter"},{"id":"843017","latitude":"52.68333300","longitude":"0.36666700","name":"Wiggenhall"},{"id":"843024","latitude":"52.91666700","longitude":"0.88333300","name":"Wighton"},{"id":"843029","latitude":"52.90000000","longitude":"-0.11666700","name":"Wigtoft"},{"id":"843036","latitude":"52.30000000","longitude":"1.30000000","name":"Wilby"},{"id":"843130","latitude":"52.33333300","longitude":"1.26666700","name":"Wingfield"},{"id":"843169","latitude":"52.71666700","longitude":"1.70000000","name":"Winterton-on-Sea"},{"id":"843170","latitude":"52.71666700","longitude":"1.70000000","name":"Winterton"},{"id":"843197","latitude":"52.73333300","longitude":"1.11666700","name":"Witchingham"},{"id":"843226","latitude":"52.83333300","longitude":"1.46666700","name":"Witton"},{"id":"843231","latitude":"52.93333300","longitude":"1.03333300","name":"Wiveton"},{"id":"843242","latitude":"52.83333300","longitude":"0.46666700","name":"Wolferton"},{"id":"843281","latitude":"52.80000000","longitude":"1.10000000","name":"Wood Dalling"},{"id":"843305","latitude":"52.81666700","longitude":"0.98333300","name":"Wood Norton"},{"id":"843307","latitude":"52.58333300","longitude":"0.93333300","name":"Woodrising"},{"id":"843315","latitude":"52.50000000","longitude":"1.38333300","name":"Woodton"},{"id":"843369","latitude":"52.31666700","longitude":"0.68333300","name":"Wordwell"},{"id":"843381","latitude":"52.66666700","longitude":"0.46666700","name":"Wormegay"},{"id":"843393","latitude":"52.78333300","longitude":"1.43333300","name":"Worstead"},{"id":"843400","latitude":"52.73333300","longitude":"0.95000000","name":"Worthing"},{"id":"843418","latitude":"52.60000000","longitude":"1.11666700","name":"Wramplingham"},{"id":"843420","latitude":"53.03333300","longitude":"0.11666700","name":"Wrangle"},{"id":"843437","latitude":"52.48333300","longitude":"0.81666700","name":"Wretham"},{"id":"843449","latitude":"52.70000000","longitude":"1.40000000","name":"Wroxham"},{"id":"843451","latitude":"52.93333300","longitude":"-0.01666700","name":"Wyberton"},{"id":"843472","latitude":"52.56666700","longitude":"1.11666700","name":"Wymondham"},{"id":"843499","latitude":"52.63333300","longitude":"1.75000000","name":"Yarmouth"},{"id":"843510","latitude":"52.65000000","longitude":"0.96666700","name":"Yaxham"},{"id":"843525","latitude":"52.56666700","longitude":"1.36666700","name":"Yelverton"},{"id":"843530","latitude":"52.56666700","longitude":"1.36666700","name":"Yervilton"}]