[{"id":"826840","latitude":"55.30000000","longitude":"-1.63333300","name":"Acklington"},{"id":"826844","latitude":"54.98333300","longitude":"-2.10000000","name":"Acomb"},{"id":"826910","latitude":"55.55000000","longitude":"-2.06666700","name":"Akeld"},{"id":"826968","latitude":"54.90000000","longitude":"-2.23333300","name":"Allendale Town"},{"id":"826972","latitude":"55.70000000","longitude":"-2.05000000","name":"Allerdean"},{"id":"827002","latitude":"55.40000000","longitude":"-1.70000000","name":"Almwick"},{"id":"827005","latitude":"55.38333300","longitude":"-2.00000000","name":"Alnham"},{"id":"827006","latitude":"55.40000000","longitude":"-1.60000000","name":"Alnmouth"},{"id":"827007","latitude":"55.40000000","longitude":"-1.70000000","name":"Alnwick"},{"id":"827065","latitude":"55.33333300","longitude":"-1.58333300","name":"Amble"},{"id":"827087","latitude":"55.70000000","longitude":"-2.00000000","name":"Ancroft"},{"id":"827318","latitude":"55.16388900","longitude":"-1.58638900","name":"Ashington"},{"id":"827472","latitude":"53.43333300","longitude":"-1.00000000","name":"Austerfield"},{"id":"827493","latitude":"54.98333300","longitude":"-1.98333300","name":"Aydon"},{"id":"827517","latitude":"55.03333300","longitude":"-1.51666700","name":"Backworth"},{"id":"827696","latitude":"55.60000000","longitude":"-1.70000000","name":"Bamburgh"},{"id":"827735","latitude":"54.96666700","longitude":"-2.33333300","name":"Bardon Mill"},{"id":"827806","latitude":"55.05000000","longitude":"-2.11666700","name":"Barrasford"},{"id":"827902","latitude":"53.41666700","longitude":"-1.03333300","name":"Bawtry"},{"id":"827917","latitude":"55.55000000","longitude":"-1.63333300","name":"Beadnell"},{"id":"827920","latitude":"55.66666700","longitude":"-1.90000000","name":"Beal"},{"id":"827925","latitude":"55.45000000","longitude":"-1.86666700","name":"Beanley"},{"id":"827940","latitude":"55.11666700","longitude":"-1.55000000","name":"Bebside"},{"id":"827965","latitude":"55.13250000","longitude":"-1.58555600","name":"Bedlington"},{"id":"828008","latitude":"55.60000000","longitude":"-1.83333300","name":"Belford"},{"id":"828027","latitude":"55.15000000","longitude":"-2.23333300","name":"Bellingham"},{"id":"828036","latitude":"55.10000000","longitude":"-1.83333300","name":"Belsay"},{"id":"828106","latitude":"55.78333300","longitude":"-2.00000000","name":"Berwick"},{"id":"828107","latitude":"55.06666700","longitude":"-1.71666700","name":"Berwick Hill"},{"id":"828108","latitude":"55.78333300","longitude":"-2.00000000","name":"Berwick on Tweed"},{"id":"828111","latitude":"55.78333300","longitude":"-2.00000000","name":"Berwick-Upon-Tweed"},{"id":"828150","latitude":"55.46666700","longitude":"-1.88333300","name":"Bewick"},{"id":"828238","latitude":"53.41666700","longitude":"-1.05000000","name":"Bircotes"},{"id":"828263","latitude":"55.08333300","longitude":"-2.18333300","name":"Birtley"},{"id":"828378","latitude":"54.83333300","longitude":"-2.05000000","name":"Blanchland"},{"id":"828431","latitude":"55.12055600","longitude":"-1.51416700","name":"Blyth"},{"id":"828433","latitude":"55.12055600","longitude":"-1.51416700","name":"Blythe"},{"id":"828473","latitude":"55.11666700","longitude":"-1.85000000","name":"Bolam"},{"id":"828557","latitude":"55.16666700","longitude":"-1.61666700","name":"Bothal"},{"id":"828577","latitude":"55.41666700","longitude":"-1.58333300","name":"Boulmer"},{"id":"828626","latitude":"55.66666700","longitude":"-2.00000000","name":"Bowsden"},{"id":"828993","latitude":"55.30000000","longitude":"-1.60000000","name":"Broomhill"},{"id":"829253","latitude":"55.38333300","longitude":"-1.63333300","name":"Buston"},{"id":"829342","latitude":"55.36666700","longitude":"-1.91666700","name":"Callaly"},{"id":"829373","latitude":"55.15000000","longitude":"-1.51666700","name":"Cambois"},{"id":"829441","latitude":"55.10000000","longitude":"-1.95000000","name":"Capheaton"},{"id":"829642","latitude":"54.90000000","longitude":"-2.26666700","name":"Catton"},{"id":"829708","latitude":"55.03333300","longitude":"-2.10000000","name":"Challerton"},{"id":"829772","latitude":"55.53333300","longitude":"-1.90000000","name":"Chatton"},{"id":"829839","latitude":"55.01666700","longitude":"-2.15000000","name":"Chesters"},{"id":"829847","latitude":"55.70000000","longitude":"-1.95000000","name":"Cheswick"},{"id":"829889","latitude":"55.51666700","longitude":"-1.90000000","name":"Chillingham"},{"id":"829937","latitude":"55.01666700","longitude":"-2.11666700","name":"Chollerford"},{"id":"829938","latitude":"55.03333300","longitude":"-2.10000000","name":"Chollerton"},{"id":"829941","latitude":"55.13333300","longitude":"-1.60000000","name":"Choppington"},{"id":"830189","latitude":"54.91666700","longitude":"-2.50000000","name":"Coanwood"},{"id":"830313","latitude":"55.06666700","longitude":"-2.06666700","name":"Colwell"},{"id":"830412","latitude":"54.96666700","longitude":"-2.01666700","name":"Corbridge"},{"id":"830554","latitude":"55.11666700","longitude":"-1.53333300","name":"Cowpen"},{"id":"830597","latitude":"55.06666700","longitude":"-1.58333300","name":"Cramlington"},{"id":"830661","latitude":"55.21666700","longitude":"-1.55000000","name":"Cresswell"},{"id":"830850","latitude":"55.03333300","longitude":"-1.43333300","name":"Cullercoats"},{"id":"831003","latitude":"55.03333300","longitude":"-1.81666700","name":"Dalton"},{"id":"831146","latitude":"55.61666700","longitude":"-1.86666700","name":"Detchant"},{"id":"831192","latitude":"55.05000000","longitude":"-1.68333300","name":"Dinnington"},{"id":"831227","latitude":"55.56666700","longitude":"-2.00000000","name":"Doddington"},{"id":"831562","latitude":"55.51666700","longitude":"-2.01666700","name":"Earle"},{"id":"831577","latitude":"55.06194400","longitude":"-1.55416700","name":"Earsdon"},{"id":"831613","latitude":"55.28333300","longitude":"-1.58333300","name":"East Chevington"},{"id":"831720","latitude":"55.75000000","longitude":"-2.01666700","name":"East Ord"},{"id":"831743","latitude":"55.28333300","longitude":"-1.68333300","name":"East Thirston"},{"id":"831757","latitude":"55.16666700","longitude":"-2.15000000","name":"East Woodburn"},{"id":"831822","latitude":"55.36666700","longitude":"-1.81666700","name":"Edlingham"},{"id":"831849","latitude":"55.45000000","longitude":"-1.81666700","name":"Eglingham"},{"id":"831908","latitude":"55.21666700","longitude":"-1.56666700","name":"Ellington"},{"id":"831927","latitude":"54.95000000","longitude":"-2.20000000","name":"Elrington"},{"id":"832127","latitude":"55.16666700","longitude":"-2.43333300","name":"Falstone"},{"id":"832219","latitude":"55.28333300","longitude":"-1.70000000","name":"Felton"},{"id":"832222","latitude":"55.65000000","longitude":"-1.85000000","name":"Fenham"},{"id":"832228","latitude":"55.21666700","longitude":"-1.71666700","name":"Fenrother"},{"id":"832233","latitude":"55.60000000","longitude":"-2.03333300","name":"Fentonhill"},{"id":"832234","latitude":"55.65000000","longitude":"-1.88333300","name":"Fenwick"},{"id":"832315","latitude":"53.38333300","longitude":"-1.15000000","name":"Firbeck"},{"id":"832404","latitude":"55.63333300","longitude":"-2.08333300","name":"Ford"},{"id":"832460","latitude":"55.78333300","longitude":"-2.11666700","name":"Foulden"},{"id":"832473","latitude":"55.00000000","longitude":"-2.16666700","name":"Fourstones"},{"id":"832760","latitude":"54.98333300","longitude":"-2.56666700","name":"Gilsland"},{"id":"832782","latitude":"55.41666700","longitude":"-1.88333300","name":"Glanton"},{"id":"833166","latitude":"55.06666700","longitude":"-2.10000000","name":"Great Swinburn"},{"id":"833199","latitude":"54.96666700","longitude":"-2.51666700","name":"Greenhead"},{"id":"833250","latitude":"55.01666700","longitude":"-2.28333300","name":"Grindon"},{"id":"833291","latitude":"55.31666700","longitude":"-1.66666700","name":"Guizance"},{"id":"833299","latitude":"55.05000000","longitude":"-2.15000000","name":"Gunnerton"},{"id":"833311","latitude":"55.31666700","longitude":"-1.66666700","name":"Guyzance"},{"id":"833363","latitude":"55.29166700","longitude":"-1.61666700","name":"Hadston"},{"id":"833418","latitude":"54.98333300","longitude":"-2.43333300","name":"Haltwhistle"},{"id":"833531","latitude":"55.00000000","longitude":"-1.86666700","name":"Harlow Hill"},{"id":"833533","latitude":"55.10000000","longitude":"-1.88333300","name":"Harnham"},{"id":"833565","latitude":"55.16666700","longitude":"-1.85000000","name":"Hartburn"},{"id":"833579","latitude":"55.06666700","longitude":"-1.46666700","name":"Hartley"},{"id":"833595","latitude":"53.41666700","longitude":"-1.06666700","name":"Harworth"},{"id":"833681","latitude":"54.96666700","longitude":"-2.23333300","name":"Haydon Bridge"},{"id":"833715","latitude":"54.91666700","longitude":"-1.96666700","name":"Healey"},{"id":"833736","latitude":"55.18333300","longitude":"-1.68333300","name":"Hebron"},{"id":"833742","latitude":"54.98333300","longitude":"-1.78333300","name":"Heddon on the Wall"},{"id":"833827","latitude":"55.50000000","longitude":"-1.88333300","name":"Hepburn"},{"id":"833829","latitude":"55.15000000","longitude":"-1.65000000","name":"Hepscott"},{"id":"833874","latitude":"54.96666700","longitude":"-2.10000000","name":"Hexham"},{"id":"833903","latitude":"55.38333300","longitude":"-1.63333300","name":"High Buston"},{"id":"834015","latitude":"55.16666700","longitude":"-1.55000000","name":"Hirst"},{"id":"834056","latitude":"55.60000000","longitude":"-1.91666700","name":"Holburn"},{"id":"834178","latitude":"55.75000000","longitude":"-2.11666700","name":"Horncliffe"},{"id":"834205","latitude":"54.98333300","longitude":"-1.85000000","name":"Horsley"},{"id":"834255","latitude":"55.43333300","longitude":"-1.58333300","name":"Howick"},{"id":"834295","latitude":"55.03333300","longitude":"-2.13333300","name":"Humshaugh"},{"id":"834307","latitude":"54.83333300","longitude":"-2.06666700","name":"Hunstanworth"},{"id":"834400","latitude":"55.48333300","longitude":"-1.96666700","name":"Ilderton"},{"id":"834446","latitude":"55.05000000","longitude":"-1.93333300","name":"Ingoe"},{"id":"834451","latitude":"55.43333300","longitude":"-1.96666700","name":"Ingram"},{"id":"834829","latitude":"55.03333300","longitude":"-1.56666700","name":"Killingworth"},{"id":"835115","latitude":"55.11666700","longitude":"-1.98333300","name":"Kirkharle"},{"id":"835117","latitude":"55.08333300","longitude":"-1.96666700","name":"Kirkheaton"},{"id":"835181","latitude":"55.15000000","longitude":"-2.00000000","name":"Kirkwhelpington"},{"id":"835263","latitude":"55.65000000","longitude":"-1.91666700","name":"Kyloe"},{"id":"835299","latitude":"55.80000000","longitude":"-2.05000000","name":"Lamberton"},{"id":"835349","latitude":"54.93333300","longitude":"-2.26666700","name":"Langley"},{"id":"835355","latitude":"54.93333300","longitude":"-2.26666700","name":"Langley-on-Tyne"},{"id":"835563","latitude":"55.38333300","longitude":"-1.61666700","name":"Lesbury"},{"id":"835651","latitude":"55.25000000","longitude":"-1.76666700","name":"Linden"},{"id":"835685","latitude":"55.38333300","longitude":"-1.61666700","name":"Lisburg"},{"id":"836366","latitude":"55.28333300","longitude":"-1.78333300","name":"Longframlington"},{"id":"836371","latitude":"55.18333300","longitude":"-1.65000000","name":"Longhirst"},{"id":"836373","latitude":"55.23333300","longitude":"-1.76666700","name":"Longhorsley"},{"id":"836374","latitude":"55.41666700","longitude":"-1.61666700","name":"Long Houghton"},{"id":"836423","latitude":"55.18333300","longitude":"-1.88333300","name":"Longwitton"},{"id":"836430","latitude":"55.33333300","longitude":"-1.93333300","name":"Lorbottle"},{"id":"836513","latitude":"55.63333300","longitude":"-1.96666700","name":"Lowick"},{"id":"836621","latitude":"55.21305600","longitude":"-1.54250000","name":"Lynemouth"},{"id":"836838","latitude":"55.80000000","longitude":"-2.03333300","name":"Marshall Meadows"},{"id":"836898","latitude":"55.03333300","longitude":"-1.95000000","name":"Matfen"},{"id":"836961","latitude":"55.13333300","longitude":"-1.80000000","name":"Meldon"},{"id":"837065","latitude":"54.95000000","longitude":"-1.86666700","name":"Mickley"},{"id":"837079","latitude":"55.73333300","longitude":"-2.05000000","name":"Middle Ord"},{"id":"837127","latitude":"55.06666700","longitude":"-1.81666700","name":"Milbourne"},{"id":"837129","latitude":"55.06666700","longitude":"-1.81666700","name":"Milburn"},{"id":"837230","latitude":"55.15000000","longitude":"-1.71666700","name":"Mitford"},{"id":"837278","latitude":"55.04555600","longitude":"-1.50500000","name":"Monkseaton"},{"id":"837324","latitude":"55.80000000","longitude":"-2.08333300","name":"Mordington Mains"},{"id":"837325","latitude":"55.80000000","longitude":"-2.08333300","name":"Mordington"},{"id":"837357","latitude":"55.16666700","longitude":"-1.68333300","name":"Morpeth"},{"id":"837593","latitude":"55.21666700","longitude":"-1.83333300","name":"Netherwitton"},{"id":"837616","latitude":"55.46666700","longitude":"-1.88333300","name":"New Bewick"},{"id":"837617","latitude":"55.17722200","longitude":"-1.53305600","name":"Newbiggin-by-the-Sea"},{"id":"837643","latitude":"55.00000000","longitude":"-2.18333300","name":"Newbrough"},{"id":"837705","latitude":"55.58333300","longitude":"-1.81666700","name":"Newlands"},{"id":"837744","latitude":"55.10000000","longitude":"-1.51666700","name":"Newsham"},{"id":"837753","latitude":"55.53333300","longitude":"-1.60000000","name":"Newton by the Sea"},{"id":"837771","latitude":"55.53333300","longitude":"-1.60000000","name":"Newton"},{"id":"837782","latitude":"55.33333300","longitude":"-1.73333300","name":"Newton on the Moor"},{"id":"837951","latitude":"55.16666700","longitude":"-1.51666700","name":"North Seaton"},{"id":"837952","latitude":"55.00472200","longitude":"-1.47277800","name":"North Shields"},{"id":"837956","latitude":"55.56666700","longitude":"-1.66666700","name":"North Sunderland"},{"id":"838165","latitude":"55.75000000","longitude":"-2.01666700","name":"Ord"},{"id":"838250","latitude":"54.96666700","longitude":"-1.86666700","name":"Ovingham"},{"id":"838386","latitude":"55.76666700","longitude":"-2.10000000","name":"Paxton"},{"id":"838404","latitude":"55.16666700","longitude":"-1.63333300","name":"Pegswood"},{"id":"838700","latitude":"55.05000000","longitude":"-1.75000000","name":"Ponteland"},{"id":"838893","latitude":"55.40000000","longitude":"-1.98333300","name":"Premtwick"},{"id":"838894","latitude":"55.40000000","longitude":"-1.98333300","name":"Prendwick"},{"id":"838896","latitude":"55.40000000","longitude":"-1.98333300","name":"Prentwick"},{"id":"838938","latitude":"54.95000000","longitude":"-1.85000000","name":"Prudhoe"},{"id":"839264","latitude":"54.93333300","longitude":"-1.96666700","name":"Ridingmill"},{"id":"839265","latitude":"54.93333300","longitude":"-1.96666700","name":"Riding"},{"id":"839268","latitude":"55.15000000","longitude":"-2.13333300","name":"Ridsdale"},{"id":"839430","latitude":"55.31666700","longitude":"-1.90000000","name":"Rothbury"},{"id":"839443","latitude":"55.18333300","longitude":"-1.91666700","name":"Rothley"},{"id":"839545","latitude":"55.05000000","longitude":"-1.96666700","name":"Ryall"},{"id":"839546","latitude":"55.05000000","longitude":"-1.96666700","name":"Ryal"},{"id":"839813","latitude":"54.98333300","longitude":"-2.05000000","name":"Sandhoe"},{"id":"839956","latitude":"53.40000000","longitude":"-1.01666700","name":"Scrooby"},{"id":"839976","latitude":"55.58333300","longitude":"-1.65000000","name":"Seahouses"},{"id":"839989","latitude":"55.05000000","longitude":"-1.61666700","name":"Seaton Burn"},{"id":"839991","latitude":"55.06666700","longitude":"-1.51666700","name":"Seaton Delaval"},{"id":"840009","latitude":"55.05000000","longitude":"-1.55000000","name":"Seghill"},{"id":"840176","latitude":"55.36666700","longitude":"-1.68333300","name":"Shilbottle"},{"id":"840205","latitude":"55.03555600","longitude":"-1.56333300","name":"Shiremoor"},{"id":"840302","latitude":"55.05000000","longitude":"-2.20000000","name":"Simonburn"},{"id":"840303","latitude":"55.05000000","longitude":"-2.20000000","name":"Simondburn"},{"id":"840383","latitude":"54.90000000","longitude":"-2.03333300","name":"Slaley"},{"id":"840414","latitude":"55.61666700","longitude":"-1.85000000","name":"Smeafield"},{"id":"840440","latitude":"55.31666700","longitude":"-1.95000000","name":"Snitter"},{"id":"840650","latitude":"55.75000000","longitude":"-1.98333300","name":"Spital"},{"id":"840653","latitude":"55.75000000","longitude":"-1.98333300","name":"Spittal"},{"id":"840698","latitude":"55.01666700","longitude":"-2.01666700","name":"Stagshaw Bank"},{"id":"840727","latitude":"55.03333300","longitude":"-1.86666700","name":"Stamfordham"},{"id":"840759","latitude":"55.10000000","longitude":"-1.66666700","name":"Stannington"},{"id":"840903","latitude":"54.93333300","longitude":"-1.91666700","name":"Stocksfield"},{"id":"841118","latitude":"54.86666700","longitude":"-2.25000000","name":"Studdon"},{"id":"841137","latitude":"53.40000000","longitude":"-1.08333300","name":"Styrrup"},{"id":"841235","latitude":"55.30000000","longitude":"-1.73333300","name":"Swarland"},{"id":"841489","latitude":"55.28333300","longitude":"-1.68333300","name":"Thirston"},{"id":"841492","latitude":"55.10000000","longitude":"-2.06666700","name":"Thockrington"},{"id":"841516","latitude":"54.96666700","longitude":"-2.33333300","name":"Thorngrafton"},{"id":"841581","latitude":"55.10000000","longitude":"-2.06666700","name":"Throckington"},{"id":"841582","latitude":"55.00000000","longitude":"-1.75000000","name":"Throckley"},{"id":"841584","latitude":"55.30000000","longitude":"-1.95000000","name":"Thropton"},{"id":"841632","latitude":"53.41666700","longitude":"-1.11666700","name":"Tickhill"},{"id":"842002","latitude":"55.75000000","longitude":"-2.00000000","name":"Tweedmouth"},{"id":"842029","latitude":"55.02055600","longitude":"-1.44944400","name":"Tynemouth"},{"id":"842067","latitude":"55.21666700","longitude":"-1.63333300","name":"Ulgham"},{"id":"842284","latitude":"55.00000000","longitude":"-1.91666700","name":"Wall Houses"},{"id":"842292","latitude":"55.00000000","longitude":"-2.13333300","name":"Wall"},{"id":"842370","latitude":"54.98333300","longitude":"-2.13333300","name":"Warden"},{"id":"842384","latitude":"55.06666700","longitude":"-2.21666700","name":"Wark"},{"id":"842386","latitude":"55.35000000","longitude":"-1.61666700","name":"Warkworth"},{"id":"842611","latitude":"55.26666700","longitude":"-1.63333300","name":"West Chevington"},{"id":"842770","latitude":"55.75000000","longitude":"-2.06666700","name":"West Ord"},{"id":"842800","latitude":"55.28333300","longitude":"-1.70000000","name":"West Thirston"},{"id":"842818","latitude":"55.16666700","longitude":"-2.16666700","name":"West Woodburn"},{"id":"842845","latitude":"55.11666700","longitude":"-1.78333300","name":"Whalton"},{"id":"842929","latitude":"54.90000000","longitude":"-2.33333300","name":"Whitfield"},{"id":"842939","latitude":"55.05083300","longitude":"-1.45388900","name":"Whitley Bay"},{"id":"842942","latitude":"55.05083300","longitude":"-1.45388900","name":"Whitley"},{"id":"842956","latitude":"55.38333300","longitude":"-1.88333300","name":"Whittingham"},{"id":"842966","latitude":"54.90000000","longitude":"-1.88333300","name":"Whittonstall"},{"id":"843005","latitude":"55.25000000","longitude":"-1.58333300","name":"Widdrington"},{"id":"843125","latitude":"55.25000000","longitude":"-1.85000000","name":"Wingates"},{"id":"843274","latitude":"55.16666700","longitude":"-2.16666700","name":"Woodburn"},{"id":"843292","latitude":"55.18333300","longitude":"-1.51666700","name":"Woodhorn"},{"id":"843324","latitude":"55.55000000","longitude":"-2.00000000","name":"Wooler"},{"id":"843344","latitude":"55.46666700","longitude":"-1.91666700","name":"Wooperton"},{"id":"843466","latitude":"54.96666700","longitude":"-1.85000000","name":"Wylam"},{"id":"843532","latitude":"55.36666700","longitude":"-1.96666700","name":"Yetlington"}]