[{"id":"103716","latitude":"-37.80000000","longitude":"-67.68333330","name":"25 de Mayo"},{"id":"103740","latitude":"-37.88333330","longitude":"-63.85000000","name":"Abramo"},{"id":"103750","latitude":"-35.30000000","longitude":"-63.76666670","name":"A. Ceballos"},{"id":"103774","latitude":"-35.01666670","longitude":"-64.05000000","name":"Adolfo Van Praet"},{"id":"103791","latitude":"-36.76666670","longitude":"-68.15000000","name":"Aguada Chos Malal"},{"id":"103816","latitude":"-35.01666670","longitude":"-63.93333330","name":"Aguas Buenas"},{"id":"103833","latitude":"-35.78333330","longitude":"-63.40000000","name":"Agustoni"},{"id":"103925","latitude":"-35.93333330","longitude":"-63.51666670","name":"Alfredo Pe\u00f1a"},{"id":"103932","latitude":"-36.43333330","longitude":"-67.15000000","name":"Algarrobo del \u00c1guila"},{"id":"103933","latitude":"-36.43333330","longitude":"-67.15000000","name":"Algarrobo del Aguilla"},{"id":"103953","latitude":"-37.36666670","longitude":"-63.76666670","name":"Alpachiri"},{"id":"103965","latitude":"-35.36666670","longitude":"-64.13333330","name":"Alta Italia"},{"id":"104086","latitude":"-36.51666670","longitude":"-64.01666670","name":"Anguil"},{"id":"104126","latitude":"-38.96666670","longitude":"-63.85000000","name":"Anzo\u00e1tegui"},{"id":"104133","latitude":"-35.93333330","longitude":"-63.51666670","name":"A. Pe\u00f1a"},{"id":"104146","latitude":"-35.63333330","longitude":"-64.33333330","name":"Arata"},{"id":"104239","latitude":"-37.01666670","longitude":"-64.28333330","name":"Ataliva Roca"},{"id":"104245","latitude":"-37.13333330","longitude":"-63.81666670","name":"Atrauc\u00f3"},{"id":"104246","latitude":"-37.13333330","longitude":"-63.81666670","name":"Atreuc\u00f3"},{"id":"104257","latitude":"-35.01666670","longitude":"-64.05000000","name":"A. Van Praet"},{"id":"104303","latitude":"-36.30000000","longitude":"-64.50000000","name":"Bajo de las Palomas"},{"id":"104518","latitude":"-35.03333330","longitude":"-63.56666670","name":"Benjamin Larroude"},{"id":"104535","latitude":"-35.03333330","longitude":"-63.56666670","name":"Bernardo Larroud\u00e9"},{"id":"104536","latitude":"-37.90000000","longitude":"-63.71666670","name":"Bernasconi"},{"id":"104561","latitude":"-35.03333330","longitude":"-63.56666670","name":"B. Larroud\u00e9"},{"id":"104575","latitude":"-35.96666670","longitude":"-64.45000000","name":"Boeuf"},{"id":"104654","latitude":"-37.03333330","longitude":"-67.86666670","name":"Buta Ranquil"},{"id":"104656","latitude":"-37.03333330","longitude":"-67.86666670","name":"Buta Ranquilco"},{"id":"104688","latitude":"-36.73333330","longitude":"-64.35000000","name":"Cachirulo"},{"id":"104733","latitude":"-35.58333330","longitude":"-64.55000000","name":"Caleuf\u00fa"},{"id":"104975","latitude":"-36.46666670","longitude":"-65.33333330","name":"Carro Quemado"},{"id":"105022","latitude":"-35.90000000","longitude":"-64.30000000","name":"Castex"},{"id":"105033","latitude":"-36.43333330","longitude":"-63.40000000","name":"Catril\u00f3"},{"id":"105057","latitude":"-35.30000000","longitude":"-63.76666670","name":"Ceballos"},{"id":"105075","latitude":"-36.81666670","longitude":"-63.85000000","name":"Cereales"},{"id":"105102","latitude":"-35.30000000","longitude":"-63.76666670","name":"Cevallos"},{"id":"105114","latitude":"-37.31666670","longitude":"-65.65000000","name":"Chacharramendi"},{"id":"105131","latitude":"-35.05000000","longitude":"-64.96666670","name":"Chamaic\u00f3"},{"id":"105156","latitude":"-35.33333330","longitude":"-64.00000000","name":"Chanilao"},{"id":"105196","latitude":"-36.58333330","longitude":"-67.80000000","name":"Chical-C\u00f3"},{"id":"105397","latitude":"-36.15000000","longitude":"-63.83333330","name":"Colonia Bar\u00f3n"},{"id":"105411","latitude":"-36.20000000","longitude":"-67.10000000","name":"Colonia Butal\u00f3"},{"id":"105420","latitude":"-37.85000000","longitude":"-67.83333330","name":"Colonia Catriel"},{"id":"105427","latitude":"-37.98333330","longitude":"-67.81666670","name":"Colonia Chica"},{"id":"105454","latitude":"-36.41666670","longitude":"-66.48333330","name":"Colonia Emilio Mitre"},{"id":"105488","latitude":"-36.30000000","longitude":"-63.91666670","name":"Colonia La Carlota"},{"id":"105491","latitude":"-36.36666670","longitude":"-66.25000000","name":"Colonia La Pastoril"},{"id":"105499","latitude":"-37.80000000","longitude":"-67.68333330","name":"Colonia Los Viejos"},{"id":"105547","latitude":"-36.10000000","longitude":"-63.90000000","name":"Colonia San Jos\u00e9"},{"id":"105564","latitude":"-37.40000000","longitude":"-64.20000000","name":"Colonia Santa Mar\u00eda"},{"id":"105569","latitude":"-37.56666670","longitude":"-63.41666670","name":"Colonia Santa Teresa"},{"id":"105600","latitude":"-37.80000000","longitude":"-67.68333330","name":"Colonia Veinticinco de Mayo"},{"id":"105654","latitude":"-36.01666670","longitude":"-64.60000000","name":"Conhello"},{"id":"105655","latitude":"-36.01666670","longitude":"-64.60000000","name":"Conhelo"},{"id":"105710","latitude":"-35.01666670","longitude":"-63.93333330","name":"Coronel Hilario Lagos"},{"id":"105711","latitude":"-35.01666670","longitude":"-63.93333330","name":"Coronel H. Lagos"},{"id":"105792","latitude":"-37.70000000","longitude":"-64.06666670","name":"Cotita"},{"id":"105843","latitude":"-38.33333330","longitude":"-64.61666670","name":"Cuchillo C\u00f3"},{"id":"105859","latitude":"-38.15000000","longitude":"-65.91666670","name":"Curac\u00f3"},{"id":"105880","latitude":"-35.03333330","longitude":"-64.38333330","name":"Dami\u00e1n Maisonave"},{"id":"105881","latitude":"-35.03333330","longitude":"-64.38333330","name":"Dami\u00e1n Maisonnave"},{"id":"105965","latitude":"-35.03333330","longitude":"-64.38333330","name":"D. Maisonave"},{"id":"105966","latitude":"-37.15000000","longitude":"-64.01666670","name":"Doblas"},{"id":"106005","latitude":"-35.78333330","longitude":"-63.70000000","name":"Dorila"},{"id":"106038","latitude":"-35.90000000","longitude":"-64.30000000","name":"E. Castex"},{"id":"106045","latitude":"-35.90000000","longitude":"-64.30000000","name":"Eduardo Castex"},{"id":"106054","latitude":"-36.43333330","longitude":"-67.15000000","name":"El Aguila"},{"id":"106057","latitude":"-36.43333330","longitude":"-67.15000000","name":"El Aguilla"},{"id":"106187","latitude":"-36.70000000","longitude":"-65.28333330","name":"El Durazno"},{"id":"106279","latitude":"-36.96666670","longitude":"-66.20000000","name":"El Odre"},{"id":"106376","latitude":"-36.30000000","longitude":"-67.75000000","name":"El Retiro"},{"id":"106466","latitude":"-35.41666670","longitude":"-64.30000000","name":"Embajador Martini"},{"id":"106476","latitude":"-36.41666670","longitude":"-66.48333330","name":"Emilio Mitre"},{"id":"106510","latitude":"-37.56666670","longitude":"-64.28333330","name":"Epu Pel"},{"id":"106697","latitude":"-37.60000000","longitude":"-66.35000000","name":"Euscadi"},{"id":"106699","latitude":"-37.60000000","longitude":"-66.35000000","name":"Euskadi"},{"id":"106726","latitude":"-35.18333330","longitude":"-64.10000000","name":"Falucho"},{"id":"106894","latitude":"-37.43333330","longitude":"-64.38333330","name":"Gamay"},{"id":"106924","latitude":"-38.95000000","longitude":"-63.61666670","name":"Gaviotas"},{"id":"106933","latitude":"-37.38333330","longitude":"-64.60000000","name":"General Acha"},{"id":"106958","latitude":"-38.71666670","longitude":"-66.40000000","name":"General Duval"},{"id":"106999","latitude":"-37.46666670","longitude":"-63.60000000","name":"General Manuel Campos"},{"id":"107000","latitude":"-37.46666670","longitude":"-63.60000000","name":"General Manuel J. Campos"},{"id":"107006","latitude":"-37.46666670","longitude":"-63.60000000","name":"General M.J. Campos"},{"id":"107023","latitude":"-35.66666670","longitude":"-63.73333330","name":"General Pico"},{"id":"107040","latitude":"-37.98333330","longitude":"-63.56666670","name":"General San Mart\u00edn"},{"id":"107078","latitude":"-38.71666670","longitude":"-66.40000000","name":"Gobernador Duval"},{"id":"107199","latitude":"-37.66666670","longitude":"-63.53333330","name":"Guatrach\u00e9"},{"id":"107258","latitude":"-37.16666670","longitude":"-63.53333330","name":"Hidalgo"},{"id":"107323","latitude":"-37.76666670","longitude":"-64.03333330","name":"Hucal"},{"id":"107326","latitude":"-36.11666670","longitude":"-63.73333330","name":"Huel\u00e9n"},{"id":"107396","latitude":"-35.70000000","longitude":"-65.08333330","name":"Ingeniero Foster"},{"id":"107407","latitude":"-35.41666670","longitude":"-64.48333330","name":"Ingeniero Luiggi"},{"id":"107452","latitude":"-35.23333330","longitude":"-63.58333330","name":"Intendente Alvear"},{"id":"107505","latitude":"-38.06666670","longitude":"-63.43333330","name":"Jacinto Arauz"},{"id":"107528","latitude":"-38.06666670","longitude":"-63.43333330","name":"J. Arauz"},{"id":"107531","latitude":"-35.05000000","longitude":"-64.70000000","name":"Jard\u00f3n"},{"id":"107586","latitude":"-37.98333330","longitude":"-63.56666670","name":"Jos\u00e9 de San Mart\u00edn"},{"id":"107717","latitude":"-36.35000000","longitude":"-68.00000000","name":"La Ahumada"},{"id":"107729","latitude":"-37.85000000","longitude":"-65.36666670","name":"La Asturiana"},{"id":"107820","latitude":"-37.26666670","longitude":"-67.58333330","name":"La Copelina"},{"id":"107861","latitude":"-36.66666670","longitude":"-66.75000000","name":"La Esperanza"},{"id":"107873","latitude":"-37.01666670","longitude":"-66.63333330","name":"La Estrella"},{"id":"107899","latitude":"-36.50000000","longitude":"-63.75000000","name":"La Gloria"},{"id":"107964","latitude":"-36.35000000","longitude":"-68.00000000","name":"La Humada"},{"id":"107978","latitude":"-38.71666670","longitude":"-66.40000000","name":"La Japonesa"},{"id":"108020","latitude":"-35.66666670","longitude":"-64.96666670","name":"La Maruja"},{"id":"108059","latitude":"-37.35000000","longitude":"-64.21666670","name":"La Paloma"},{"id":"108067","latitude":"-36.36666670","longitude":"-66.25000000","name":"La Pastoril"},{"id":"108095","latitude":"-38.26666670","longitude":"-63.73333330","name":"La Porte\u00f1a"},{"id":"108105","latitude":"-36.95000000","longitude":"-67.01666670","name":"La Primavera"},{"id":"108132","latitude":"-37.55000000","longitude":"-66.23333330","name":"La Reforma"},{"id":"108153","latitude":"-35.03333330","longitude":"-63.56666670","name":"Larroude"},{"id":"108404","latitude":"-36.46666670","longitude":"-67.55000000","name":"La Tulia"},{"id":"108492","latitude":"-38.03333330","longitude":"-65.55000000","name":"Lihuel-Calel"},{"id":"108498","latitude":"-36.88333330","longitude":"-67.75000000","name":"Limarna"},{"id":"108499","latitude":"-37.20000000","longitude":"-66.70000000","name":"Limay Mahuida"},{"id":"108523","latitude":"-35.80000000","longitude":"-64.93333330","name":"Loboc\u00f3"},{"id":"108557","latitude":"-36.46666670","longitude":"-63.61666670","name":"Lonquimay"},{"id":"108650","latitude":"-36.66666670","longitude":"-67.58333330","name":"Los Jag\u00fceles"},{"id":"108751","latitude":"-36.18333330","longitude":"-65.30000000","name":"Loventuel"},{"id":"108752","latitude":"-36.18333330","longitude":"-65.30000000","name":"Loventu\u00e9"},{"id":"108756","latitude":"-36.20000000","longitude":"-65.10000000","name":"Luan Toro"},{"id":"108798","latitude":"-37.15000000","longitude":"-63.65000000","name":"Macach\u00edn"},{"id":"108942","latitude":"-35.00000000","longitude":"-63.81666670","name":"Mariano Mir\u00f3"},{"id":"108993","latitude":"-36.23333330","longitude":"-64.03333330","name":"Mauricio Mayer"},{"id":"108994","latitude":"-36.23333330","longitude":"-64.03333330","name":"Mauricio Meyer"},{"id":"109014","latitude":"-36.16666670","longitude":"-63.50000000","name":"M. Can\u00e9"},{"id":"109074","latitude":"-35.75000000","longitude":"-63.93333330","name":"Metileo"},{"id":"109084","latitude":"-36.16666670","longitude":"-63.50000000","name":"Miguel Can\u00e9"},{"id":"109087","latitude":"-36.85000000","longitude":"-63.70000000","name":"Miguel Riglos"},{"id":"109141","latitude":"-35.00000000","longitude":"-63.81666670","name":"M. Mir\u00f3"},{"id":"109215","latitude":"-35.86666670","longitude":"-64.15000000","name":"Monte Nievas"},{"id":"109216","latitude":"-35.86666670","longitude":"-64.15000000","name":"Monte Nieves"},{"id":"109217","latitude":"-35.86666670","longitude":"-64.15000000","name":"Monte Ntevas"},{"id":"109264","latitude":"-36.85000000","longitude":"-63.70000000","name":"M. Riglos"},{"id":"109309","latitude":"-36.93333330","longitude":"-64.40000000","name":"Naic\u00f3"},{"id":"109446","latitude":"-35.33333330","longitude":"-64.00000000","name":"Ojeda"},{"id":"109673","latitude":"-35.13333330","longitude":"-64.53333330","name":"Parera"},{"id":"109698","latitude":"-36.68333330","longitude":"-66.90000000","name":"Paso de los Algarrobos"},{"id":"109814","latitude":"-37.63333330","longitude":"-64.15000000","name":"Per\u00fa"},{"id":"109834","latitude":"-35.63333330","longitude":"-64.76666670","name":"Pichi Huinca"},{"id":"109839","latitude":"-35.66666670","longitude":"-63.73333330","name":"Pico"},{"id":"110118","latitude":"-36.46666670","longitude":"-63.61666670","name":"Pueblo Quintana"},{"id":"110129","latitude":"-38.15000000","longitude":"-65.91666670","name":"Puelches"},{"id":"110130","latitude":"-37.36666670","longitude":"-67.61666670","name":"Puel\u00e9n"},{"id":"110131","latitude":"-37.36666670","longitude":"-67.61666670","name":"Puelin"},{"id":"110371","latitude":"-37.13333330","longitude":"-64.51666670","name":"Quehu\u00e9"},{"id":"110373","latitude":"-36.05000000","longitude":"-63.55000000","name":"Quem\u00fa Quem\u00fa"},{"id":"110378","latitude":"-35.05000000","longitude":"-64.53333330","name":"Quetrequ\u00e9n"},{"id":"110443","latitude":"-35.05000000","longitude":"-64.70000000","name":"Rancul"},{"id":"110478","latitude":"-35.03333330","longitude":"-64.25000000","name":"Realic\u00f3"},{"id":"110493","latitude":"-36.25000000","longitude":"-63.45000000","name":"Relmo"},{"id":"110494","latitude":"-37.63333330","longitude":"-63.65000000","name":"Remec\u00f3"},{"id":"110525","latitude":"-35.13333330","longitude":"-64.16666670","name":"Ricardo Lavalle"},{"id":"110556","latitude":"-38.96666670","longitude":"-64.08333330","name":"R\u00edo Colorado"},{"id":"110641","latitude":"-37.18333330","longitude":"-63.40000000","name":"Rol\u00f3n"},{"id":"110680","latitude":"-36.05000000","longitude":"-64.81666670","name":"Rucanelo"},{"id":"111042","latitude":"-38.15000000","longitude":"-64.65000000","name":"San Miguel"},{"id":"111156","latitude":"-36.25000000","longitude":"-66.93333330","name":"Santa Isabel"},{"id":"111196","latitude":"-36.61666670","longitude":"-64.28333330","name":"Santa Rosa de Toay"},{"id":"111202","latitude":"-36.61666670","longitude":"-64.28333330","name":"Santa Rosa"},{"id":"111217","latitude":"-37.56666670","longitude":"-63.41666670","name":"Santa Teresa"},{"id":"111267","latitude":"-35.01666670","longitude":"-63.70000000","name":"Sarah"},{"id":"111420","latitude":"-35.53333330","longitude":"-63.80000000","name":"Speluzzi"},{"id":"111586","latitude":"-36.26666670","longitude":"-65.50000000","name":"Tel\u00e9n"},{"id":"111594","latitude":"-36.13333330","longitude":"-64.93333330","name":"Teniente General Emilio Mitre"},{"id":"111595","latitude":"-36.13333330","longitude":"-64.93333330","name":"Teniente General E. Mitre"},{"id":"111650","latitude":"-36.85000000","longitude":"-63.51666670","name":"T.M. Anchorena"},{"id":"111651","latitude":"-36.66666670","longitude":"-64.35000000","name":"Toay"},{"id":"111673","latitude":"-36.85000000","longitude":"-63.51666670","name":"Tom\u00e1s M. Anchorena"},{"id":"111674","latitude":"-36.85000000","longitude":"-63.51666670","name":"Tom\u00e1s M. de Anchorena"},{"id":"111725","latitude":"-35.58333330","longitude":"-63.58333330","name":"Trebolares"},{"id":"111729","latitude":"-35.70000000","longitude":"-64.13333330","name":"Trenel"},{"id":"111778","latitude":"-35.90000000","longitude":"-63.65000000","name":"Tril\u00ed"},{"id":"111835","latitude":"-37.53333330","longitude":"-64.35000000","name":"Unanu\u00e9"},{"id":"111850","latitude":"-36.50000000","longitude":"-63.83333330","name":"Uriburu"},{"id":"111859","latitude":"-37.26666670","longitude":"-64.56666670","name":"Utrac\u00e1n"},{"id":"111877","latitude":"-37.06666670","longitude":"-65.40000000","name":"Valle Daza"},{"id":"111885","latitude":"-35.01666670","longitude":"-64.05000000","name":"Van Praet"},{"id":"111901","latitude":"-37.80000000","longitude":"-67.68333330","name":"Veinticinco de Mayo"},{"id":"111921","latitude":"-35.43333330","longitude":"-63.90000000","name":"V\u00e9rtiz"},{"id":"111939","latitude":"-36.21666670","longitude":"-65.45000000","name":"Victorica"},{"id":"111958","latitude":"-37.98333330","longitude":"-63.56666670","name":"Villa Alba"},{"id":"112185","latitude":"-36.06666670","longitude":"-63.88333330","name":"Villa Mirasol"},{"id":"112325","latitude":"-36.05000000","longitude":"-67.38333330","name":"Vista Alegre"},{"id":"112353","latitude":"-36.25000000","longitude":"-64.23333330","name":"Winifreda"}]