[{"id":"826860","latitude":"55.83333300","longitude":"-3.60000000","name":"Addiewell"},{"id":"827249","latitude":"55.88333300","longitude":"-3.70000000","name":"Armadale"},{"id":"827419","latitude":"55.76666700","longitude":"-3.60000000","name":"Auchengray"},{"id":"827887","latitude":"55.90000000","longitude":"-3.63333300","name":"Bathgate"},{"id":"828410","latitude":"55.85000000","longitude":"-3.38333300","name":"Blitterlees"},{"id":"829028","latitude":"55.93333300","longitude":"-3.46666700","name":"Broxburn"},{"id":"830193","latitude":"55.80000000","longitude":"-3.56666700","name":"Cobbinshaw"},{"id":"830209","latitude":"55.45000000","longitude":"-2.23333300","name":"Cocklawfoot"},{"id":"830728","latitude":"55.61666700","longitude":"-2.13333300","name":"Crookham"},{"id":"831607","latitude":"55.90000000","longitude":"-3.46666700","name":"East Calder"},{"id":"832985","latitude":"55.98333300","longitude":"-3.60000000","name":"Grange"},{"id":"833699","latitude":"55.76666700","longitude":"-3.63333300","name":"Haywood"},{"id":"835142","latitude":"55.88333300","longitude":"-3.41666700","name":"Kirknewton"},{"id":"835182","latitude":"55.55000000","longitude":"-2.26666700","name":"Kirk Yetholm"},{"id":"835664","latitude":"55.96666700","longitude":"-3.61666700","name":"Linlithgow"},{"id":"835855","latitude":"55.88333300","longitude":"-3.53333300","name":"Livingston"},{"id":"837067","latitude":"55.88333300","longitude":"-3.38333300","name":"Mid Calder"},{"id":"837134","latitude":"55.58333300","longitude":"-2.10000000","name":"Milfield"},{"id":"837874","latitude":"55.80000000","longitude":"-3.56666700","name":"North Cobbinshaw"},{"id":"838553","latitude":"55.96666700","longitude":"-3.50000000","name":"Philipstoun"},{"id":"838556","latitude":"55.96666700","longitude":"-3.50000000","name":"Philpstoun"},{"id":"838959","latitude":"55.91666700","longitude":"-3.48333300","name":"Pumpherston"},{"id":"841344","latitude":"55.76666700","longitude":"-3.55000000","name":"Tarbrax"},{"id":"841779","latitude":"55.93333300","longitude":"-3.65000000","name":"Torphichen"},{"id":"842091","latitude":"55.91666700","longitude":"-3.50000000","name":"Uphall"},{"id":"842607","latitude":"55.83333300","longitude":"-3.56666700","name":"West Calder"},{"id":"842660","latitude":"55.93333300","longitude":"-3.70000000","name":"Westfield"},{"id":"842732","latitude":"55.55000000","longitude":"-2.15000000","name":"Westnewton"},{"id":"843531","latitude":"55.55000000","longitude":"-2.26666700","name":"Yetholm"}]