[{"id":"826856","latitude":"51.52444400","longitude":"-2.27833300","name":"Acton Turville"},{"id":"827001","latitude":"51.55500000","longitude":"-2.57277800","name":"Almondsbury"},{"id":"827055","latitude":"51.58805600","longitude":"-2.53138900","name":"Alveston"},{"id":"827471","latitude":"51.59638900","longitude":"-2.61694400","name":"Aust"},{"id":"827537","latitude":"51.53833300","longitude":"-2.28444400","name":"Badminton"},{"id":"828315","latitude":"51.42361100","longitude":"-2.45638900","name":"Bitton"},{"id":"829734","latitude":"51.62722200","longitude":"-2.40666700","name":"Charfield"},{"id":"829747","latitude":"51.51666700","longitude":"-2.60000000","name":"Charlton"},{"id":"829911","latitude":"51.53333300","longitude":"-2.38333300","name":"Chipping Sodbury"},{"id":"830246","latitude":"51.45083300","longitude":"-2.36138900","name":"Cold Ashton"},{"id":"830720","latitude":"51.61305600","longitude":"-2.43861100","name":"Cromhall"},{"id":"831316","latitude":"51.46333300","longitude":"-2.40444400","name":"Doynton"},{"id":"831547","latitude":"51.48111100","longitude":"-2.37583300","name":"Dyrham"},{"id":"831632","latitude":"51.53888900","longitude":"-2.61694400","name":"Easter Compton"},{"id":"831865","latitude":"51.59694400","longitude":"-2.57611100","name":"Elberton"},{"id":"831982","latitude":"51.55416700","longitude":"-2.43555600","name":"Engine Common"},{"id":"832120","latitude":"51.63694400","longitude":"-2.46055600","name":"Falfield"},{"id":"832281","latitude":"51.50861100","longitude":"-2.57472200","name":"Filton"},{"id":"832493","latitude":"51.53166700","longitude":"-2.47638900","name":"Frampton Cotterell"},{"id":"832512","latitude":"51.50083300","longitude":"-2.52111100","name":"Frenchay"},{"id":"832513","latitude":"51.50083300","longitude":"-2.52111100","name":"Frenchay Park"},{"id":"833025","latitude":"51.53833300","longitude":"-2.28444400","name":"Great Badminton"},{"id":"833396","latitude":"51.51833300","longitude":"-2.64666700","name":"Hallen"},{"id":"833430","latitude":"51.50805600","longitude":"-2.52055600","name":"Hambrook"},{"id":"833657","latitude":"51.57972200","longitude":"-2.33777800","name":"Hawkesbury"},{"id":"833658","latitude":"51.58027800","longitude":"-2.31861100","name":"Hawkesbury Upton"},{"id":"833961","latitude":"51.65138900","longitude":"-2.51555600","name":"Hill"},{"id":"834004","latitude":"51.48972200","longitude":"-2.38472200","name":"Hinton"},{"id":"834212","latitude":"51.55833300","longitude":"-2.35250000","name":"Horton"},{"id":"834549","latitude":"51.55000000","longitude":"-2.46666700","name":"Iron Acton"},{"id":"834998","latitude":"51.45277800","longitude":"-2.50833300","name":"Kingswood"},{"id":"835713","latitude":"51.55694400","longitude":"-2.28861100","name":"Little Badminton"},{"id":"835827","latitude":"51.60694400","longitude":"-2.58500000","name":"Littleton"},{"id":"835830","latitude":"51.60694400","longitude":"-2.58500000","name":"Littleton-on-Severn"},{"id":"835831","latitude":"51.60694400","longitude":"-2.58500000","name":"Littleton-upon-Severn"},{"id":"836735","latitude":"51.49305600","longitude":"-2.50861100","name":"Mangotsfield"},{"id":"836844","latitude":"51.46194400","longitude":"-2.32000000","name":"Marshfield"},{"id":"837369","latitude":"51.61166700","longitude":"-2.51250000","name":"Morton"},{"id":"837726","latitude":"51.57444400","longitude":"-2.65833300","name":"New Passage"},{"id":"838099","latitude":"51.62972200","longitude":"-2.56555600","name":"Oldbury"},{"id":"838101","latitude":"51.62972200","longitude":"-2.56555600","name":"Oldbury-on-Severn"},{"id":"838103","latitude":"51.62972200","longitude":"-2.56555600","name":"Oldbury upon Severn"},{"id":"838146","latitude":"51.58305600","longitude":"-2.57666700","name":"Olveston"},{"id":"838364","latitude":"51.53333300","longitude":"-2.56666700","name":"Patchway"},{"id":"838577","latitude":"51.56361100","longitude":"-2.64055600","name":"Pilning"},{"id":"838941","latitude":"51.48583300","longitude":"-2.43388900","name":"Pucklechurch"},{"id":"839081","latitude":"51.57305600","longitude":"-2.44805600","name":"Rangeworthy"},{"id":"839167","latitude":"51.57166700","longitude":"-2.65416700","name":"Redwick"},{"id":"840054","latitude":"51.55694400","longitude":"-2.65833300","name":"Severn Beach"},{"id":"840131","latitude":"51.65611100","longitude":"-2.54888900","name":"Sheperdine"},{"id":"840137","latitude":"51.65611100","longitude":"-2.54888900","name":"Shepperdine"},{"id":"840316","latitude":"51.47444400","longitude":"-2.45000000","name":"Siston"},{"id":"840796","latitude":"51.48305600","longitude":"-2.50333300","name":"Staple Hill"},{"id":"840932","latitude":"51.51722200","longitude":"-2.54444400","name":"Stoke Gifford"},{"id":"841506","latitude":"51.60888900","longitude":"-2.52027800","name":"Thornbury"},{"id":"841774","latitude":"51.50583300","longitude":"-2.33361100","name":"Tormarton"},{"id":"841797","latitude":"51.63916700","longitude":"-2.42944400","name":"Tortworth"},{"id":"842039","latitude":"51.59250000","longitude":"-2.47972200","name":"Tytherington"},{"id":"842397","latitude":"51.45833300","longitude":"-2.45666700","name":"Warmley"},{"id":"842652","latitude":"51.51472200","longitude":"-2.43277800","name":"Westerleigh"},{"id":"842999","latitude":"51.59361100","longitude":"-2.39805600","name":"Wickwar"},{"id":"843000","latitude":"51.45305600","longitude":"-2.42361100","name":"Wick"},{"id":"843505","latitude":"51.53861100","longitude":"-2.41388900","name":"Yate"}]