[{"id":"826843","latitude":"52.45000000","longitude":"-1.81666700","name":"Acocks Green"},{"id":"828159","latitude":"52.45000000","longitude":"-1.71666700","name":"Bickenhill"},{"id":"831281","latitude":"52.36666700","longitude":"-1.75000000","name":"Dorridge"},{"id":"831529","latitude":"52.36666700","longitude":"-1.75000000","name":"Durridge"},{"id":"833453","latitude":"52.41666700","longitude":"-1.70000000","name":"Hampton in Arden"},{"id":"833691","latitude":"52.46666700","longitude":"-1.81666700","name":"Hay Mills"},{"id":"835249","latitude":"52.38333300","longitude":"-1.73333300","name":"Knowle"},{"id":"835799","latitude":"52.45000000","longitude":"-1.68333300","name":"Little Packington"},{"id":"836852","latitude":"52.45000000","longitude":"-1.75000000","name":"Marston Green"},{"id":"838145","latitude":"52.41666700","longitude":"-1.80000000","name":"Olton"},{"id":"838281","latitude":"52.45000000","longitude":"-1.68333300","name":"Packington"},{"id":"838283","latitude":"52.35000000","longitude":"-1.75000000","name":"Packwood"},{"id":"840111","latitude":"52.45000000","longitude":"-1.76666700","name":"Sheldon"},{"id":"840411","latitude":"52.45000000","longitude":"-1.81666700","name":"Small Heath"},{"id":"840448","latitude":"52.41666700","longitude":"-1.78333300","name":"Solihull"},{"id":"840830","latitude":"52.48333300","longitude":"-1.80000000","name":"Stechford"},{"id":"840855","latitude":"52.48333300","longitude":"-1.80000000","name":"Stetchford"},{"id":"842035","latitude":"52.45000000","longitude":"-1.83333300","name":"Tyseley"},{"id":"843495","latitude":"52.46666700","longitude":"-1.81666700","name":"Yardley"}]