[{"id":"826791","latitude":"56.60000000","longitude":"-6.60000000","name":"Acha"},{"id":"826795","latitude":"55.95000000","longitude":"-5.56666700","name":"Achahoish"},{"id":"826796","latitude":"56.55000000","longitude":"-4.73333300","name":"Achaladair"},{"id":"826797","latitude":"56.55000000","longitude":"-4.73333300","name":"Achallader"},{"id":"826805","latitude":"55.93333300","longitude":"-5.30000000","name":"Acharosson"},{"id":"826826","latitude":"56.01666700","longitude":"-5.36666700","name":"Achnaba"},{"id":"826827","latitude":"56.45000000","longitude":"-5.31666700","name":"Achnacloich"},{"id":"827171","latitude":"56.25000000","longitude":"-5.25000000","name":"Ardchonell"},{"id":"827172","latitude":"56.25000000","longitude":"-5.25000000","name":"Ardchonnel"},{"id":"827173","latitude":"56.25000000","longitude":"-5.25000000","name":"Ardchonnell"},{"id":"827178","latitude":"56.03333300","longitude":"-4.90000000","name":"Ardentinny"},{"id":"827182","latitude":"56.31666700","longitude":"-6.30000000","name":"Ardfenaig"},{"id":"827183","latitude":"56.16666700","longitude":"-5.53333300","name":"Ardfern"},{"id":"827184","latitude":"56.31666700","longitude":"-6.30000000","name":"Ardfinaig"},{"id":"827194","latitude":"56.30000000","longitude":"-4.71666700","name":"Ardlui"},{"id":"827195","latitude":"56.01666700","longitude":"-5.76666700","name":"Ardlussa"},{"id":"827196","latitude":"56.50000000","longitude":"-5.11666700","name":"Ardmaddy"},{"id":"827198","latitude":"55.88333300","longitude":"-5.06666700","name":"Ardmaleish"},{"id":"827199","latitude":"55.88333300","longitude":"-5.88333300","name":"Ardmenish"},{"id":"827208","latitude":"56.21666700","longitude":"-4.98333300","name":"Ardno"},{"id":"827211","latitude":"56.01666700","longitude":"-5.45000000","name":"Ardrishaig"},{"id":"827222","latitude":"55.98333300","longitude":"-5.11666700","name":"Ardtarig"},{"id":"827234","latitude":"56.65000000","longitude":"-6.55000000","name":"Arinabost"},{"id":"827235","latitude":"56.61666700","longitude":"-6.51666700","name":"Arinagour"},{"id":"827257","latitude":"56.65000000","longitude":"-6.55000000","name":"Arnabost"},{"id":"827274","latitude":"56.20000000","longitude":"-4.73333300","name":"Arrochan"},{"id":"827275","latitude":"56.20000000","longitude":"-4.73333300","name":"Arrochar"},{"id":"827416","latitude":"55.98333300","longitude":"-5.16666700","name":"Auchenbreck"},{"id":"827420","latitude":"56.11666700","longitude":"-5.25000000","name":"Auchgoyle"},{"id":"827422","latitude":"55.98333300","longitude":"-5.16666700","name":"Auchinbreck"},{"id":"827435","latitude":"56.45000000","longitude":"-5.31666700","name":"Auchnacloich"},{"id":"827436","latitude":"56.40000000","longitude":"-5.66666700","name":"Auchnacraig"},{"id":"827439","latitude":"56.20000000","longitude":"-5.13333300","name":"Auchnagoul"},{"id":"827440","latitude":"56.20000000","longitude":"-5.13333300","name":"Auchnangaul"},{"id":"827441","latitude":"56.20000000","longitude":"-5.13333300","name":"Auchnangoul"},{"id":"827565","latitude":"56.03333300","longitude":"-6.20000000","name":"Balaruminmore"},{"id":"827576","latitude":"56.46666700","longitude":"-6.88333300","name":"Balemartine"},{"id":"827577","latitude":"56.45000000","longitude":"-6.91666700","name":"Balephuil"},{"id":"827601","latitude":"56.50000000","longitude":"-6.16666700","name":"Balligown"},{"id":"827602","latitude":"55.98333300","longitude":"-5.33333300","name":"Ballimore"},{"id":"827614","latitude":"55.70000000","longitude":"-5.61666700","name":"Ballochroy"},{"id":"827617","latitude":"55.85000000","longitude":"-5.63333300","name":"Ballure"},{"id":"827637","latitude":"56.50000000","longitude":"-6.16666700","name":"Ballygown"},{"id":"827778","latitude":"56.33333300","longitude":"-5.55000000","name":"Barnacaryn"},{"id":"827821","latitude":"56.33333300","longitude":"-5.55000000","name":"Barrnacarry"},{"id":"827895","latitude":"56.48333300","longitude":"-6.81666700","name":"Baugh"},{"id":"827915","latitude":"56.33333300","longitude":"-6.11666700","name":"Beach"},{"id":"828018","latitude":"56.06666700","longitude":"-5.53333300","name":"Bellanoch"},{"id":"828028","latitude":"55.51666700","longitude":"-5.70000000","name":"Bellochantuy"},{"id":"828052","latitude":"56.48333300","longitude":"-5.40000000","name":"Benderloch"},{"id":"828063","latitude":"56.01666700","longitude":"-4.98333300","name":"Benmore"},{"id":"828373","latitude":"55.98333300","longitude":"-4.90000000","name":"Blairmore"},{"id":"828496","latitude":"56.45000000","longitude":"-5.23333300","name":"Bonawe"},{"id":"828596","latitude":"56.68333300","longitude":"-6.48333300","name":"Bousd"},{"id":"828691","latitude":"56.21666700","longitude":"-5.30000000","name":"Braevallich"},{"id":"828825","latitude":"56.06666700","longitude":"-5.45000000","name":"Bridgend"},{"id":"828840","latitude":"56.50000000","longitude":"-4.76666700","name":"Bridge of Orchy"},{"id":"829130","latitude":"56.31666700","longitude":"-6.23333300","name":"Bunessan"},{"id":"829144","latitude":"56.35000000","longitude":"-6.16666700","name":"Burgh"},{"id":"829290","latitude":"56.50000000","longitude":"-5.16666700","name":"Cadderlie"},{"id":"829313","latitude":"56.05000000","longitude":"-5.46666700","name":"Cairnbaan"},{"id":"829314","latitude":"56.05000000","longitude":"-5.46666700","name":"Cairnbaun"},{"id":"829315","latitude":"56.25000000","longitude":"-4.93333300","name":"Cairndow"},{"id":"829393","latitude":"55.43333300","longitude":"-5.63333300","name":"Campbeltown"},{"id":"829417","latitude":"56.28333300","longitude":"-5.65000000","name":"Caolas"},{"id":"829418","latitude":"56.53333300","longitude":"-6.71666700","name":"Caoles"},{"id":"829512","latitude":"56.15000000","longitude":"-5.50000000","name":"Carnassarie"},{"id":"829536","latitude":"56.10000000","longitude":"-4.90000000","name":"Carrick"},{"id":"829549","latitude":"56.01666700","longitude":"-5.63333300","name":"Carsaig"},{"id":"829611","latitude":"56.00000000","longitude":"-5.40000000","name":"Castleton"},{"id":"829760","latitude":"56.01666700","longitude":"-5.63333300","name":"Charsaig"},{"id":"830007","latitude":"56.63333300","longitude":"-6.60000000","name":"Clabhach"},{"id":"830008","latitude":"55.98333300","longitude":"-5.01666700","name":"Clachaig"},{"id":"830009","latitude":"55.73333300","longitude":"-5.56666700","name":"Clachan"},{"id":"830012","latitude":"56.00000000","longitude":"-5.20000000","name":"Clachan of Glendaruel"},{"id":"830013","latitude":"56.30000000","longitude":"-5.58333300","name":"Clachan-Seil"},{"id":"830019","latitude":"56.35000000","longitude":"-5.08333300","name":"Cladich"},{"id":"830026","latitude":"56.18333300","longitude":"-5.13333300","name":"Claonairi"},{"id":"830089","latitude":"55.53333300","longitude":"-5.68333300","name":"Cleongart"},{"id":"830167","latitude":"56.01666700","longitude":"-4.81666700","name":"Clynder"},{"id":"830187","latitude":"56.05000000","longitude":"-4.88333300","name":"Coalport"},{"id":"830238","latitude":"56.06666700","longitude":"-4.98333300","name":"Coirantee"},{"id":"830274","latitude":"55.91666700","longitude":"-5.15000000","name":"Colintraive"},{"id":"830367","latitude":"56.45000000","longitude":"-5.38333300","name":"Connel"},{"id":"830368","latitude":"56.45000000","longitude":"-5.38333300","name":"Connel Ferry"},{"id":"830509","latitude":"56.05000000","longitude":"-4.88333300","name":"Coulport"},{"id":"830528","latitude":"56.00000000","longitude":"-4.85000000","name":"Cove"},{"id":"830582","latitude":"55.83333300","longitude":"-5.93333300","name":"Craighouse"},{"id":"830586","latitude":"56.46666700","longitude":"-5.71666700","name":"Craignure"},{"id":"830615","latitude":"56.11666700","longitude":"-5.25000000","name":"Crarae"},{"id":"830636","latitude":"56.55000000","longitude":"-5.30000000","name":"Creagan"},{"id":"830637","latitude":"56.55000000","longitude":"-5.30000000","name":"Creagan Ferry"},{"id":"830652","latitude":"56.16666700","longitude":"-5.08333300","name":"Creggans"},{"id":"830666","latitude":"55.83333300","longitude":"-5.65000000","name":"Cretshengan"},{"id":"830685","latitude":"56.55000000","longitude":"-5.30000000","name":"Crigan"},{"id":"830690","latitude":"56.08333300","longitude":"-5.58333300","name":"Crinan"},{"id":"830695","latitude":"56.60000000","longitude":"-6.23333300","name":"Croag"},{"id":"830711","latitude":"56.36666700","longitude":"-5.70000000","name":"Crogan"},{"id":"830712","latitude":"56.36666700","longitude":"-5.70000000","name":"Croggan"},{"id":"830715","latitude":"56.60000000","longitude":"-6.23333300","name":"Croig"},{"id":"830745","latitude":"56.58333300","longitude":"-6.66666700","name":"Crossapol"},{"id":"830853","latitude":"56.25000000","longitude":"-5.65000000","name":"Cullipool"},{"id":"830958","latitude":"56.50000000","longitude":"-5.15000000","name":"Dail"},{"id":"830986","latitude":"56.40000000","longitude":"-4.96666700","name":"Dalmally"},{"id":"831061","latitude":"56.35000000","longitude":"-6.36666700","name":"Dearg Phort"},{"id":"831135","latitude":"56.58333300","longitude":"-6.18333300","name":"Dervaig"},{"id":"831346","latitude":"56.28333300","longitude":"-5.10000000","name":"Drimfern"},{"id":"831364","latitude":"55.41666700","longitude":"-5.68333300","name":"Drumblemble"},{"id":"831379","latitude":"55.41666700","longitude":"-5.68333300","name":"Drumlemble"},{"id":"831441","latitude":"56.06666700","longitude":"-5.15000000","name":"Dunans"},{"id":"831496","latitude":"56.41666700","longitude":"-5.48333300","name":"Dunollie"},{"id":"831497","latitude":"55.95000000","longitude":"-4.95000000","name":"Dunoon"},{"id":"831862","latitude":"56.30000000","longitude":"-6.36666700","name":"Eidden"},{"id":"831887","latitude":"56.28333300","longitude":"-5.65000000","name":"Ellabeich"},{"id":"831888","latitude":"56.28333300","longitude":"-5.65000000","name":"Ellanbeich"},{"id":"831890","latitude":"55.91666700","longitude":"-5.61666700","name":"Ellary"},{"id":"831900","latitude":"55.91666700","longitude":"-5.61666700","name":"Ellery"},{"id":"832006","latitude":"56.23333300","longitude":"-5.28333300","name":"Eredine"},{"id":"832008","latitude":"55.91666700","longitude":"-5.41666700","name":"Erines"},{"id":"832238","latitude":"55.96666700","longitude":"-5.18333300","name":"Feoirlinn"},{"id":"832240","latitude":"55.96666700","longitude":"-5.18333300","name":"Feorlean"},{"id":"832241","latitude":"55.96666700","longitude":"-5.18333300","name":"Feorlinn"},{"id":"832271","latitude":"56.30000000","longitude":"-6.36666700","name":"Fidden"},{"id":"832407","latitude":"56.16666700","longitude":"-5.43333300","name":"Ford"},{"id":"832528","latitude":"56.58333300","longitude":"-6.60000000","name":"Friesland"},{"id":"832539","latitude":"56.58333300","longitude":"-6.60000000","name":"Frisland"},{"id":"832586","latitude":"56.15000000","longitude":"-5.16666700","name":"Furnace"},{"id":"832636","latitude":"56.08333300","longitude":"-4.85000000","name":"Garelochhead"},{"id":"832665","latitude":"55.76666700","longitude":"-5.50000000","name":"Gartnagrenach"},{"id":"832813","latitude":"55.56666700","longitude":"-5.68333300","name":"Glenbarr"},{"id":"832825","latitude":"56.00000000","longitude":"-5.20000000","name":"Glendaruel"},{"id":"832839","latitude":"56.11666700","longitude":"-4.81666700","name":"Glenmallan"},{"id":"832935","latitude":"55.66666700","longitude":"-5.65000000","name":"Gortinanane"},{"id":"832936","latitude":"55.66666700","longitude":"-5.65000000","name":"Gortinane"},{"id":"833686","latitude":"56.35000000","longitude":"-5.11666700","name":"Hayfield"},{"id":"833756","latitude":"56.01666700","longitude":"-4.73333300","name":"Helensburgh"},{"id":"833937","latitude":"55.45000000","longitude":"-5.53333300","name":"High Smerby"},{"id":"834308","latitude":"55.96666700","longitude":"-4.90000000","name":"Hunters Quay"},{"id":"834366","latitude":"56.43333300","longitude":"-6.88333300","name":"Hynish"},{"id":"834475","latitude":"56.23333300","longitude":"-5.06666700","name":"Inveraray"},{"id":"834483","latitude":"55.93333300","longitude":"-5.05000000","name":"Inverchaolain"},{"id":"834484","latitude":"56.03333300","longitude":"-4.98333300","name":"Inverchapel"},{"id":"834499","latitude":"56.30000000","longitude":"-5.23333300","name":"Inverinan Beag"},{"id":"834500","latitude":"56.30000000","longitude":"-5.23333300","name":"Inverinan Beg"},{"id":"834517","latitude":"56.13333300","longitude":"-5.01666700","name":"Invermoaden"},{"id":"834522","latitude":"56.13333300","longitude":"-5.01666700","name":"Invernoaden"},{"id":"834615","latitude":"55.85000000","longitude":"-5.06666700","name":"Kamesburgh"},{"id":"834617","latitude":"56.05000000","longitude":"-5.33333300","name":"Kames"},{"id":"834641","latitude":"55.95000000","longitude":"-5.70000000","name":"Keillmore"},{"id":"834643","latitude":"55.95000000","longitude":"-5.70000000","name":"Keills"},{"id":"834644","latitude":"56.26666700","longitude":"-5.48333300","name":"Keilmelfort"},{"id":"834692","latitude":"56.16666700","longitude":"-5.11666700","name":"Kenmore"},{"id":"834774","latitude":"56.28333300","longitude":"-5.60000000","name":"Kilbrandon"},{"id":"834775","latitude":"56.10000000","longitude":"-5.45000000","name":"Kilbride"},{"id":"834780","latitude":"56.06666700","longitude":"-6.21666700","name":"Kilchattan"},{"id":"834782","latitude":"55.46666700","longitude":"-5.66666700","name":"Kilchenzie"},{"id":"834787","latitude":"56.35000000","longitude":"-5.18333300","name":"Kilchrenan"},{"id":"834791","latitude":"55.98333300","longitude":"-4.83333300","name":"Kilcreggan"},{"id":"834793","latitude":"55.40000000","longitude":"-5.55000000","name":"Kildalloig"},{"id":"834799","latitude":"55.96666700","longitude":"-5.33333300","name":"Kilfinan"},{"id":"834800","latitude":"56.38333300","longitude":"-6.06666700","name":"Kilfinchen"},{"id":"834801","latitude":"56.38333300","longitude":"-6.06666700","name":"Kilfinichen"},{"id":"834806","latitude":"56.48333300","longitude":"-6.95000000","name":"Kilkenneth"},{"id":"834807","latitude":"55.46666700","longitude":"-5.66666700","name":"Kilkenzie"},{"id":"834822","latitude":"56.50000000","longitude":"-6.01666700","name":"Killichronan"},{"id":"834824","latitude":"56.35000000","longitude":"-6.06666700","name":"Killinaig"},{"id":"834833","latitude":"56.35000000","longitude":"-6.06666700","name":"Killunaig"},{"id":"834846","latitude":"56.11666700","longitude":"-5.48333300","name":"Kilmartin"},{"id":"834848","latitude":"56.26666700","longitude":"-5.48333300","name":"Kilmelfort"},{"id":"834852","latitude":"56.08333300","longitude":"-5.45000000","name":"Kilmichael Glassary"},{"id":"834853","latitude":"56.00000000","longitude":"-5.56666700","name":"Kilmichael Inverlussa"},{"id":"834854","latitude":"56.08333300","longitude":"-5.45000000","name":"Kilmichael"},{"id":"834855","latitude":"56.00000000","longitude":"-5.56666700","name":"Kilmichael of Inverlussa"},{"id":"834858","latitude":"56.50000000","longitude":"-6.91666700","name":"Kilmoluag"},{"id":"834862","latitude":"56.36666700","longitude":"-5.41666700","name":"Kilmore"},{"id":"834865","latitude":"56.01666700","longitude":"-5.41666700","name":"Kilmory"},{"id":"834869","latitude":"55.98333300","longitude":"-4.93333300","name":"Kilmun"},{"id":"834871","latitude":"56.51666700","longitude":"-6.23333300","name":"Kilninian"},{"id":"834872","latitude":"56.33333300","longitude":"-5.51666700","name":"Kilninver"},{"id":"834877","latitude":"56.31666700","longitude":"-6.18333300","name":"Kilpatrick"},{"id":"834908","latitude":"56.11666700","longitude":"-5.68333300","name":"Kinachdrach"},{"id":"835046","latitude":"56.35000000","longitude":"-6.36666700","name":"Kintra"},{"id":"835048","latitude":"56.18333300","longitude":"-5.50000000","name":"Kintraw"},{"id":"835050","latitude":"56.11666700","longitude":"-5.68333300","name":"Kinuachdrachd"},{"id":"835051","latitude":"56.11666700","longitude":"-5.68333300","name":"Kinuachdrach"},{"id":"835186","latitude":"55.95000000","longitude":"-4.91666700","name":"Kirn"},{"id":"835234","latitude":"56.46666700","longitude":"-5.98333300","name":"Knock"},{"id":"835282","latitude":"56.48333300","longitude":"-6.13333300","name":"Lagganulva"},{"id":"835285","latitude":"55.93333300","longitude":"-5.86666700","name":"Lagg"},{"id":"835558","latitude":"56.06666700","longitude":"-5.23333300","name":"Lephinmore"},{"id":"835559","latitude":"56.36666700","longitude":"-5.51666700","name":"Lerags"},{"id":"836281","latitude":"56.35000000","longitude":"-5.85000000","name":"Lochbuie"},{"id":"836283","latitude":"56.43333300","longitude":"-5.68333300","name":"Lochdonhead"},{"id":"836284","latitude":"56.43333300","longitude":"-5.68333300","name":"Lochdon"},{"id":"836285","latitude":"55.93333300","longitude":"-5.56666700","name":"Lochead"},{"id":"836290","latitude":"56.05000000","longitude":"-5.33333300","name":"Lochgair"},{"id":"836292","latitude":"56.03333300","longitude":"-5.41666700","name":"Lochgilphead"},{"id":"836293","latitude":"56.16666700","longitude":"-4.90000000","name":"Lochgoilhead"},{"id":"836294","latitude":"55.91666700","longitude":"-5.16666700","name":"Lochhead"},{"id":"836300","latitude":"55.91666700","longitude":"-5.16666700","name":"Loch Strivenhead"},{"id":"836301","latitude":"55.91666700","longitude":"-5.16666700","name":"Loch Striven"},{"id":"836322","latitude":"56.48333300","longitude":"-6.13333300","name":"Logganulva"},{"id":"836487","latitude":"56.06666700","longitude":"-6.21666700","name":"Lower Kilchattan"},{"id":"836574","latitude":"56.20000000","longitude":"-5.55000000","name":"Lunga"},{"id":"836582","latitude":"56.10000000","longitude":"-4.63333300","name":"Luss"},{"id":"836643","latitude":"55.43333300","longitude":"-5.75000000","name":"Machrihanish"},{"id":"836740","latitude":"56.45000000","longitude":"-6.88333300","name":"Mannel"},{"id":"837076","latitude":"56.05000000","longitude":"-5.33333300","name":"Middle Kames"},{"id":"837097","latitude":"56.48333300","longitude":"-6.95000000","name":"Middleton"},{"id":"837117","latitude":"56.05000000","longitude":"-5.33333300","name":"Mid Kames"},{"id":"837204","latitude":"56.11666700","longitude":"-5.25000000","name":"Minard"},{"id":"837411","latitude":"55.91666700","longitude":"-5.41666700","name":"Mounterins"},{"id":"837742","latitude":"56.48333300","longitude":"-5.40000000","name":"New Selma"},{"id":"837778","latitude":"56.13333300","longitude":"-5.15000000","name":"Newton"},{"id":"837813","latitude":"56.25000000","longitude":"-5.28333300","name":"Newyork"},{"id":"837964","latitude":"56.30000000","longitude":"-5.08333300","name":"North Tullich"},{"id":"838055","latitude":"56.41666700","longitude":"-5.46666700","name":"Oban"},{"id":"838207","latitude":"56.00000000","longitude":"-5.31666700","name":"Otter Ferry"},{"id":"838460","latitude":"56.50000000","longitude":"-5.90000000","name":"Pennygown"},{"id":"838462","latitude":"56.15000000","longitude":"-5.13333300","name":"Pennymore"},{"id":"838676","latitude":"55.75000000","longitude":"-5.60000000","name":"Polloch"},{"id":"838677","latitude":"55.75000000","longitude":"-5.60000000","name":"Pollock"},{"id":"838687","latitude":"56.10000000","longitude":"-5.51666700","name":"Poltalloch"},{"id":"838765","latitude":"55.85000000","longitude":"-5.06666700","name":"Port Bannatyne"},{"id":"838771","latitude":"56.35000000","longitude":"-6.36666700","name":"Port Dearg"},{"id":"838803","latitude":"56.10000000","longitude":"-4.83333300","name":"Portincaple"},{"id":"838804","latitude":"56.23333300","longitude":"-5.26666700","name":"Portinisherrich"},{"id":"838805","latitude":"56.23333300","longitude":"-5.26666700","name":"Portinnisherrich"},{"id":"838806","latitude":"56.23333300","longitude":"-5.26666700","name":"Port-in-Sherrich"},{"id":"839230","latitude":"55.66666700","longitude":"-5.65000000","name":"Rhunahaorine"},{"id":"839231","latitude":"55.81666700","longitude":"-5.45000000","name":"Rhu"},{"id":"839383","latitude":"55.73333300","longitude":"-5.60000000","name":"Ronachan"},{"id":"839407","latitude":"56.01666700","longitude":"-4.81666700","name":"Roseneath"},{"id":"839410","latitude":"56.01666700","longitude":"-4.81666700","name":"Rosheath"},{"id":"839414","latitude":"56.01666700","longitude":"-4.81666700","name":"Rosneath"},{"id":"839438","latitude":"55.83333300","longitude":"-5.06666700","name":"Rothesay"},{"id":"839472","latitude":"56.01666700","longitude":"-4.76666700","name":"Row"},{"id":"839604","latitude":"56.21666700","longitude":"-5.03333300","name":"Saint Catherines"},{"id":"839754","latitude":"56.51666700","longitude":"-5.95000000","name":"Salen"},{"id":"839789","latitude":"56.51666700","longitude":"-6.75000000","name":"Salum"},{"id":"839802","latitude":"55.96666700","longitude":"-4.95000000","name":"Sandbank"},{"id":"839889","latitude":"56.06666700","longitude":"-6.18333300","name":"Scalasaig"},{"id":"839910","latitude":"56.48333300","longitude":"-6.80000000","name":"Scarinish"},{"id":"839913","latitude":"56.48333300","longitude":"-6.80000000","name":"Scarnish"},{"id":"839920","latitude":"56.06666700","longitude":"-6.18333300","name":"Schallasaig"},{"id":"840023","latitude":"56.48333300","longitude":"-5.40000000","name":"Selma"},{"id":"840073","latitude":"56.05000000","longitude":"-4.80000000","name":"Shandon"},{"id":"840416","latitude":"55.45000000","longitude":"-5.53333300","name":"Smerby"},{"id":"840445","latitude":"56.68333300","longitude":"-6.45000000","name":"Sodisdale"},{"id":"840471","latitude":"56.68333300","longitude":"-6.45000000","name":"Sorisdale"},{"id":"840603","latitude":"56.28333300","longitude":"-5.10000000","name":"South Tullich"},{"id":"840689","latitude":"56.40000000","longitude":"-4.98333300","name":"Sron-mhail-chain"},{"id":"840968","latitude":"55.88333300","longitude":"-5.41666700","name":"Stonefield"},{"id":"841034","latitude":"56.16666700","longitude":"-5.06666700","name":"Strachur"},{"id":"841055","latitude":"55.96666700","longitude":"-5.33333300","name":"Strathan"},{"id":"841104","latitude":"55.98333300","longitude":"-4.90000000","name":"Strone"},{"id":"841106","latitude":"56.40000000","longitude":"-4.98333300","name":"Stronmilchan"},{"id":"841163","latitude":"56.60000000","longitude":"-6.28333300","name":"Sunipol"},{"id":"841338","latitude":"55.86666700","longitude":"-5.43333300","name":"Tarbert"},{"id":"841341","latitude":"56.20000000","longitude":"-4.71666700","name":"Tarbet"},{"id":"841377","latitude":"55.65000000","longitude":"-5.65000000","name":"Tayenloan"},{"id":"841378","latitude":"55.65000000","longitude":"-5.65000000","name":"Tayinloan"},{"id":"841379","latitude":"55.98333300","longitude":"-5.65000000","name":"Taynish"},{"id":"841381","latitude":"56.41666700","longitude":"-5.23333300","name":"Taynuilt"},{"id":"841383","latitude":"56.01666700","longitude":"-5.63333300","name":"Tayvallich"},{"id":"841644","latitude":"55.90000000","longitude":"-5.21666700","name":"Tighnabruaich"},{"id":"841710","latitude":"56.63333300","longitude":"-6.08333300","name":"Tobermory"},{"id":"841711","latitude":"56.21666700","longitude":"-5.63333300","name":"Toberonochy"},{"id":"841784","latitude":"56.66666700","longitude":"-6.51666700","name":"Torrastan"},{"id":"841785","latitude":"56.66666700","longitude":"-6.51666700","name":"Torraston"},{"id":"841957","latitude":"56.28333300","longitude":"-5.10000000","name":"Tullich"},{"id":"842061","latitude":"56.28333300","longitude":"-6.21666700","name":"Uisken"},{"id":"842132","latitude":"56.06666700","longitude":"-6.21666700","name":"Upper Kilchattan"},{"id":"842206","latitude":"56.51666700","longitude":"-6.78333300","name":"Vaul"},{"id":"842697","latitude":"56.03333300","longitude":"-5.33333300","name":"West Kames"},{"id":"842799","latitude":"55.85000000","longitude":"-5.43333300","name":"West Tarbert"},{"id":"842917","latitude":"55.78333300","longitude":"-5.48333300","name":"Whitehouse"}]