[{"id":"826847","latitude":"52.96666700","longitude":"-3.08333300","name":"Acrefair"},{"id":"829044","latitude":"53.06666700","longitude":"-3.06666700","name":"Brymbo"},{"id":"829054","latitude":"53.01666700","longitude":"-3.28333300","name":"Bryneglwys"},{"id":"829302","latitude":"53.10000000","longitude":"-3.03333300","name":"Caergwrle"},{"id":"829672","latitude":"53.08333300","longitude":"-3.03333300","name":"Cefn-y-bedd"},{"id":"830225","latitude":"53.05000000","longitude":"-3.06666700","name":"Coedpoeth"},{"id":"832269","latitude":"53.08333300","longitude":"-3.08333300","name":"Ffrith"},{"id":"832862","latitude":"52.93333300","longitude":"-3.18333300","name":"Glyn-Ceiriog"},{"id":"832866","latitude":"52.96666700","longitude":"-3.26666700","name":"Glyn-Dyfrdwy"},{"id":"833221","latitude":"53.08333300","longitude":"-2.96666700","name":"Gresford"},{"id":"833332","latitude":"53.00000000","longitude":"-3.00000000","name":"Gyfelia"},{"id":"833333","latitude":"53.00000000","longitude":"-3.00000000","name":"Gyfelie"},{"id":"835866","latitude":"52.88333300","longitude":"-3.25000000","name":"Llanarmon Dyffryn-Ceiriog"},{"id":"836081","latitude":"52.96666700","longitude":"-3.25000000","name":"Llangollen"},{"id":"836176","latitude":"52.93333300","longitude":"-3.18333300","name":"Llansantffraid Glyn Ceiriog"},{"id":"836206","latitude":"52.98333300","longitude":"-3.21666700","name":"Llantysilio"},{"id":"837207","latitude":"53.05000000","longitude":"-3.10000000","name":"Minera"},{"id":"838505","latitude":"52.98333300","longitude":"-3.08333300","name":"Pen-y-cae"},{"id":"838629","latitude":"53.03333300","longitude":"-3.05000000","name":"Pl\u00e2s Power"},{"id":"839220","latitude":"53.00000000","longitude":"-3.06666700","name":"Rhosllanerchrugog"},{"id":"839225","latitude":"53.00000000","longitude":"-3.06666700","name":"Rhos"},{"id":"839488","latitude":"52.98333300","longitude":"-3.03333300","name":"Ruabon"},{"id":"841905","latitude":"52.96666700","longitude":"-3.08333300","name":"Trevor"},{"id":"843430","latitude":"53.05000000","longitude":"-3.00000000","name":"Wrecsam"},{"id":"843438","latitude":"53.05000000","longitude":"-3.00000000","name":"Wrexham"},{"id":"843474","latitude":"52.96666700","longitude":"-3.03333300","name":"Wynnstay"}]