[{"id":"826869","latitude":"53.85000000","longitude":"-1.56666700","name":"Adel"},{"id":"827986","latitude":"53.76666700","longitude":"-1.56666700","name":"Beeston"},{"id":"827989","latitude":"53.78333300","longitude":"-1.56666700","name":"Beeston Hill"},{"id":"828023","latitude":"53.76666700","longitude":"-1.53333300","name":"Belle Isle"},{"id":"828715","latitude":"53.80000000","longitude":"-1.61666700","name":"Bramley"},{"id":"832158","latitude":"53.78333300","longitude":"-1.60000000","name":"Farnley"},{"id":"834199","latitude":"53.83333300","longitude":"-1.63333300","name":"Horsforth"},{"id":"834305","latitude":"53.78333300","longitude":"-1.53333300","name":"Hunslet"},{"id":"834827","latitude":"53.80000000","longitude":"-1.48333300","name":"Killingbeck"},{"id":"835154","latitude":"53.81666700","longitude":"-1.60000000","name":"Kirkstall"},{"id":"835245","latitude":"53.78333300","longitude":"-1.50000000","name":"Knostrop"},{"id":"835252","latitude":"53.78333300","longitude":"-1.50000000","name":"Knowsthorpe"},{"id":"835504","latitude":"53.80000000","longitude":"-1.58333300","name":"Leeds"},{"id":"836932","latitude":"53.83333300","longitude":"-1.58333300","name":"Meanwood"},{"id":"837315","latitude":"53.85000000","longitude":"-1.51666700","name":"Moortown"}]