[{"id":"826874","latitude":"52.71666700","longitude":"-2.55000000","name":"Admaston"},{"id":"826906","latitude":"51.11305600","longitude":"-3.15388900","name":"Aisholt"},{"id":"826958","latitude":"51.08833300","longitude":"-2.56416700","name":"Alford"},{"id":"826963","latitude":"51.11194400","longitude":"-2.53361100","name":"Alhampton"},{"id":"826971","latitude":"51.06027800","longitude":"-2.85805600","name":"Aller"},{"id":"826973","latitude":"51.20944400","longitude":"-3.57027800","name":"Allerford"},{"id":"826988","latitude":"52.71666700","longitude":"-2.56666700","name":"Allscott"},{"id":"826989","latitude":"52.71666700","longitude":"-2.56666700","name":"Allscotte"},{"id":"827015","latitude":"51.11305600","longitude":"-3.15388900","name":"Alsholt"},{"id":"827305","latitude":"51.13111100","longitude":"-2.80972200","name":"Ashcott"},{"id":"827330","latitude":"51.11305600","longitude":"-3.15388900","name":"Asholt"},{"id":"827334","latitude":"51.05777800","longitude":"-3.21250000","name":"Ash Priors"},{"id":"827403","latitude":"51.05638900","longitude":"-2.93222200","name":"Athelney"},{"id":"827488","latitude":"51.28694400","longitude":"-2.81694400","name":"Axbridge"},{"id":"827503","latitude":"51.98333300","longitude":"-1.25000000","name":"Aynho"},{"id":"827532","latitude":"51.26916700","longitude":"-2.86944400","name":"Badgworth"},{"id":"827542","latitude":"51.09388900","longitude":"-3.18666700","name":"Bagborough"},{"id":"827693","latitude":"51.11166700","longitude":"-2.65472200","name":"Baltonsborough"},{"id":"827745","latitude":"51.96666700","longitude":"-1.36666700","name":"Barford Saint Michael"},{"id":"827818","latitude":"50.96666700","longitude":"-2.86666700","name":"Barrington"},{"id":"827858","latitude":"51.08666700","longitude":"-2.65555600","name":"Barton Saint David"},{"id":"827873","latitude":"51.21000000","longitude":"-2.93638900","name":"Bason Bridge"},{"id":"827882","latitude":"51.14944400","longitude":"-2.44694400","name":"Batcombe"},{"id":"827951","latitude":"51.26444400","longitude":"-2.28722200","name":"Beckington"},{"id":"828089","latitude":"51.24472200","longitude":"-2.27250000","name":"Berkley"},{"id":"828099","latitude":"51.26472200","longitude":"-3.00861100","name":"Berrow"},{"id":"828170","latitude":"51.14777800","longitude":"-3.27305600","name":"Bicknoller"},{"id":"828220","latitude":"51.24250000","longitude":"-2.53944400","name":"Binegar"},{"id":"828251","latitude":"52.18333300","longitude":"-2.80000000","name":"Birley"},{"id":"828270","latitude":"50.91666700","longitude":"-2.41666700","name":"Bishop Caundle"},{"id":"828277","latitude":"50.91666700","longitude":"-2.41666700","name":"Bishops Caundle"},{"id":"828284","latitude":"51.05916700","longitude":"-3.18777800","name":"Bishops Lydeard"},{"id":"828318","latitude":"50.35000000","longitude":"-3.66666700","name":"Blackawton"},{"id":"828324","latitude":"51.22611100","longitude":"-2.84777800","name":"Blackford"},{"id":"828422","latitude":"51.18111100","longitude":"-3.40138900","name":"Blue Anchor"},{"id":"828455","latitude":"52.15000000","longitude":"-2.68333300","name":"Bodenham"},{"id":"828552","latitude":"51.21972200","longitude":"-3.58111100","name":"Bossington"},{"id":"828665","latitude":"50.91666700","longitude":"-2.58333300","name":"Bradford Abbas"},{"id":"828748","latitude":"51.20416700","longitude":"-3.50944400","name":"Bratton"},{"id":"828774","latitude":"51.30027800","longitude":"-3.01166700","name":"Brean"},{"id":"828800","latitude":"51.25277800","longitude":"-2.95972200","name":"Brent Knoll"},{"id":"828814","latitude":"51.12305600","longitude":"-2.40166700","name":"Brewham"},{"id":"828847","latitude":"51.08694400","longitude":"-3.53722200","name":"Bridgetown"},{"id":"828848","latitude":"51.12972200","longitude":"-3.00055600","name":"Bridgewater"},{"id":"828851","latitude":"51.12972200","longitude":"-3.00055600","name":"Bridgwater"},{"id":"828964","latitude":"51.08194400","longitude":"-3.30722200","name":"Brompton Ralph"},{"id":"828965","latitude":"51.07277800","longitude":"-3.49916700","name":"Brompton Regis"},{"id":"828991","latitude":"51.08250000","longitude":"-3.11027800","name":"Broomfield"},{"id":"829040","latitude":"51.01972200","longitude":"-3.53888900","name":"Brushford"},{"id":"829041","latitude":"51.11250000","longitude":"-2.45277800","name":"Bruton"},{"id":"829088","latitude":"51.25916700","longitude":"-2.35333300","name":"Buckland Denham"},{"id":"829089","latitude":"51.25916700","longitude":"-2.35333300","name":"Buckland Dinham"},{"id":"829150","latitude":"52.10000000","longitude":"-2.76666700","name":"Burghill"},{"id":"829158","latitude":"50.95000000","longitude":"-3.31666700","name":"Burlescombe"},{"id":"829172","latitude":"51.24166700","longitude":"-2.99527800","name":"Burnham"},{"id":"829177","latitude":"51.24166700","longitude":"-2.99527800","name":"Burnham-on-Sea"},{"id":"829205","latitude":"51.18500000","longitude":"-2.85722200","name":"Burtle"},{"id":"829214","latitude":"51.18888900","longitude":"-3.15694400","name":"Burton"},{"id":"829256","latitude":"51.10000000","longitude":"-2.68333300","name":"Butleigh"},{"id":"829472","latitude":"51.17250000","longitude":"-3.41750000","name":"Carhampton"},{"id":"829585","latitude":"51.09000000","longitude":"-2.51416700","name":"Castle Cary"},{"id":"829714","latitude":"51.24861100","longitude":"-2.84805600","name":"Chapel Allerton"},{"id":"829732","latitude":"50.86666700","longitude":"-2.96666700","name":"Chard"},{"id":"829733","latitude":"50.83333300","longitude":"-2.98333300","name":"Chardstock"},{"id":"829746","latitude":"51.26777800","longitude":"-2.45305600","name":"Charlton"},{"id":"829752","latitude":"51.05944400","longitude":"-2.67361100","name":"Charlton Mackrell"},{"id":"829754","latitude":"51.08416700","longitude":"-2.38555600","name":"Charlton Musgrove"},{"id":"829784","latitude":"51.28027800","longitude":"-2.77833300","name":"Cheddar"},{"id":"829790","latitude":"51.13305600","longitude":"-2.94555600","name":"Chedzow"},{"id":"829791","latitude":"51.13305600","longitude":"-2.94555600","name":"Chedzoy"},{"id":"829816","latitude":"51.02916700","longitude":"-2.44555600","name":"Cheriton"},{"id":"829834","latitude":"51.16944400","longitude":"-2.48555600","name":"Chesterblade"},{"id":"829862","latitude":"51.27638900","longitude":"-2.57694400","name":"Chewton Mendip"},{"id":"829876","latitude":"51.26111100","longitude":"-2.51027800","name":"Chilcompton"},{"id":"829890","latitude":"50.88333300","longitude":"-2.86666700","name":"Chillington"},{"id":"829896","latitude":"51.14555600","longitude":"-3.00694400","name":"Chilton Trinity"},{"id":"829902","latitude":"50.91666700","longitude":"-2.73333300","name":"Chinnock"},{"id":"829913","latitude":"51.03416700","longitude":"-3.36555600","name":"Chipstable"},{"id":"829919","latitude":"50.93333300","longitude":"-2.75000000","name":"Chiselborough"},{"id":"830046","latitude":"51.06861100","longitude":"-3.35388900","name":"Clatworthy"},{"id":"830208","latitude":"51.24194400","longitude":"-2.80388900","name":"Cocklake"},{"id":"830260","latitude":"51.10444400","longitude":"-2.46444400","name":"Cole"},{"id":"830324","latitude":"51.07250000","longitude":"-3.21694400","name":"Combe Florey"},{"id":"830330","latitude":"50.90000000","longitude":"-3.00000000","name":"Combe Saint Nicholas"},{"id":"830341","latitude":"50.95000000","longitude":"-2.56666700","name":"Compton"},{"id":"830344","latitude":"51.09305600","longitude":"-2.73055600","name":"Compton Dundon"},{"id":"830471","latitude":"51.15888900","longitude":"-2.92027800","name":"Cossington"},{"id":"830477","latitude":"51.19555600","longitude":"-2.93666700","name":"Cote"},{"id":"830482","latitude":"51.07861100","longitude":"-3.16861100","name":"Cothelstone"},{"id":"830609","latitude":"51.18694400","longitude":"-2.47500000","name":"Cranmore"},{"id":"830640","latitude":"52.10000000","longitude":"-2.80000000","name":"Credenhill"},{"id":"830643","latitude":"51.02333300","longitude":"-3.03833300","name":"Creech Saint Michael"},{"id":"830669","latitude":"50.88333300","longitude":"-2.80000000","name":"Crewkerne"},{"id":"830743","latitude":"51.19666700","longitude":"-2.58888900","name":"Croscombe"},{"id":"830774","latitude":"51.98333300","longitude":"-1.20000000","name":"Croughton"},{"id":"830778","latitude":"51.12277800","longitude":"-3.23083300","name":"Crowcombe"},{"id":"830828","latitude":"51.04500000","longitude":"-2.35000000","name":"Cucklington"},{"id":"830840","latitude":"51.22111100","longitude":"-3.65111100","name":"Culbone"},{"id":"830863","latitude":"50.91666700","longitude":"-3.25000000","name":"Culmstock"},{"id":"830892","latitude":"50.95000000","longitude":"-3.03333300","name":"Curland"},{"id":"830897","latitude":"50.98333300","longitude":"-2.95000000","name":"Curry Mallet"},{"id":"830898","latitude":"51.02277800","longitude":"-2.86944400","name":"Curry Rivel"},{"id":"830903","latitude":"51.14166700","longitude":"-3.53138900","name":"Cutcombe"},{"id":"831066","latitude":"51.98333300","longitude":"-1.31666700","name":"Deddington"},{"id":"831189","latitude":"52.15000000","longitude":"-2.75000000","name":"Dinmore"},{"id":"831209","latitude":"51.12500000","longitude":"-2.53750000","name":"Ditcheat"},{"id":"831231","latitude":"51.15861100","longitude":"-3.18472200","name":"Dodington"},{"id":"831268","latitude":"50.91666700","longitude":"-2.93333300","name":"Donyatt"},{"id":"831309","latitude":"51.21138900","longitude":"-2.44388900","name":"Downhead"},{"id":"831326","latitude":"51.25472200","longitude":"-2.74861100","name":"Draycott"},{"id":"831333","latitude":"51.01916700","longitude":"-2.85194400","name":"Drayton"},{"id":"831430","latitude":"51.03944400","longitude":"-3.54805600","name":"Dulverton"},{"id":"831442","latitude":"51.16666700","longitude":"-2.98333300","name":"Dunball"},{"id":"831452","latitude":"51.08805600","longitude":"-2.74333300","name":"Dundon"},{"id":"831508","latitude":"51.18111100","longitude":"-3.44583300","name":"Dunster"},{"id":"831509","latitude":"51.93333300","longitude":"-1.33333300","name":"Duns Tew"},{"id":"831524","latitude":"51.11861100","longitude":"-3.03944400","name":"Durleigh"},{"id":"831533","latitude":"51.04750000","longitude":"-3.01416700","name":"Durston"},{"id":"831601","latitude":"51.26361100","longitude":"-2.93500000","name":"East Brent"},{"id":"831614","latitude":"50.91666700","longitude":"-2.71666700","name":"East Chinnock"},{"id":"831622","latitude":"51.19305600","longitude":"-2.45611100","name":"East Cranmore"},{"id":"831677","latitude":"51.19972200","longitude":"-2.94083300","name":"East Huntspill"},{"id":"831700","latitude":"51.07916700","longitude":"-2.60916700","name":"East Lydford"},{"id":"831723","latitude":"51.13611100","longitude":"-2.57583300","name":"East Pennard"},{"id":"831728","latitude":"51.18333300","longitude":"-3.23611100","name":"East Quantoxhead"},{"id":"831817","latitude":"51.15472200","longitude":"-2.87722200","name":"Edington"},{"id":"831819","latitude":"51.23777800","longitude":"-2.96194400","name":"Edithmead"},{"id":"831958","latitude":"51.10527800","longitude":"-3.30972200","name":"Elworthy"},{"id":"831965","latitude":"51.26027800","longitude":"-2.55444400","name":"Emborough"},{"id":"831966","latitude":"51.26027800","longitude":"-2.55444400","name":"Emborrow"},{"id":"831987","latitude":"51.11111100","longitude":"-3.08833300","name":"Enmore"},{"id":"832004","latitude":"52.75000000","longitude":"-2.60000000","name":"Ercall Magna"},{"id":"832060","latitude":"51.14805600","longitude":"-2.50555600","name":"Evercreech"},{"id":"832082","latitude":"51.13250000","longitude":"-3.64083300","name":"Exford"},{"id":"832090","latitude":"51.09222200","longitude":"-3.53277800","name":"Exton"},{"id":"832177","latitude":"51.28861100","longitude":"-2.37833300","name":"Faulkland"},{"id":"832337","latitude":"51.04888900","longitude":"-3.26361100","name":"Fitzhead"},{"id":"832340","latitude":"51.00138900","longitude":"-2.92416700","name":"Fivehead"},{"id":"832548","latitude":"51.95000000","longitude":"-1.23333300","name":"Fritwell"},{"id":"832557","latitude":"51.22916700","longitude":"-2.31833300","name":"Frome"},{"id":"832798","latitude":"51.14666700","longitude":"-2.71444400","name":"Glastonbury"},{"id":"832875","latitude":"51.10277800","longitude":"-3.06472200","name":"Goathurst"},{"id":"832883","latitude":"51.17916700","longitude":"-2.73666700","name":"Godney"},{"id":"833216","latitude":"51.12333300","longitude":"-2.84055600","name":"Greinton"},{"id":"833358","latitude":"52.70000000","longitude":"-2.48333300","name":"Hadley"},{"id":"833404","latitude":"51.04305600","longitude":"-3.22861100","name":"Halse"},{"id":"833408","latitude":"50.86666700","longitude":"-2.65000000","name":"Halstock"},{"id":"833500","latitude":"51.27250000","longitude":"-2.37111100","name":"Hardington"},{"id":"833600","latitude":"50.90000000","longitude":"-2.75000000","name":"Haselbury Plucknett"},{"id":"833611","latitude":"50.98333300","longitude":"-3.00000000","name":"Hatch Beauchamp"},{"id":"833663","latitude":"51.06388900","longitude":"-3.62916700","name":"Hawkridge"},{"id":"833795","latitude":"50.91666700","longitude":"-3.23333300","name":"Hemyock"},{"id":"833822","latitude":"50.96666700","longitude":"-2.40000000","name":"Henstridge"},{"id":"833823","latitude":"51.20638900","longitude":"-2.72555600","name":"Henton"},{"id":"833880","latitude":"51.91666700","longitude":"-1.28333300","name":"Heyford"},{"id":"833901","latitude":"51.21666700","longitude":"-2.98333300","name":"Highbridge"},{"id":"833910","latitude":"52.75000000","longitude":"-2.60000000","name":"High Ercall"},{"id":"833913","latitude":"50.88333300","longitude":"-3.00000000","name":"Higher Wambrook"},{"id":"833922","latitude":"51.07583300","longitude":"-2.82083300","name":"High Ham"},{"id":"834003","latitude":"50.90000000","longitude":"-2.80000000","name":"Hinton"},{"id":"834008","latitude":"50.90000000","longitude":"-2.80000000","name":"Hinton Saint George"},{"id":"834034","latitude":"50.96666700","longitude":"-3.36666700","name":"Hockworthy"},{"id":"834059","latitude":"51.24666700","longitude":"-2.47222200","name":"Holcombe"},{"id":"834060","latitude":"50.96666700","longitude":"-3.35000000","name":"Holcombe Rogus"},{"id":"834064","latitude":"51.16583300","longitude":"-3.20666700","name":"Holford"},{"id":"834107","latitude":"51.04111100","longitude":"-2.44722200","name":"Holton"},{"id":"834172","latitude":"51.09861100","longitude":"-2.58833300","name":"Hornblotton Green"},{"id":"834173","latitude":"51.10472200","longitude":"-2.58666700","name":"Hornblotton"},{"id":"834319","latitude":"50.96666700","longitude":"-3.41666700","name":"Huntsham"},{"id":"834320","latitude":"51.20583300","longitude":"-2.98888900","name":"Huntspill"},{"id":"834323","latitude":"51.06472200","longitude":"-2.70888900","name":"Hurcot"},{"id":"834324","latitude":"51.06472200","longitude":"-2.70888900","name":"Hurcott"},{"id":"834399","latitude":"51.00722200","longitude":"-2.67833300","name":"Ilchester"},{"id":"834413","latitude":"50.93333300","longitude":"-2.91666700","name":"Ilminster"},{"id":"834416","latitude":"50.95000000","longitude":"-2.91666700","name":"Ilton"},{"id":"834558","latitude":"50.98333300","longitude":"-2.90000000","name":"Isle Brewers"},{"id":"834738","latitude":"52.70000000","longitude":"-2.48333300","name":"Ketley"},{"id":"834849","latitude":"51.26916700","longitude":"-2.43611100","name":"Kilmersden"},{"id":"834850","latitude":"51.26916700","longitude":"-2.43611100","name":"Kilmersdon"},{"id":"834892","latitude":"51.18750000","longitude":"-3.19777800","name":"Kilton"},{"id":"834894","latitude":"51.17944400","longitude":"-3.21972200","name":"Kilve"},{"id":"834934","latitude":"51.07277800","longitude":"-3.49916700","name":"Kings Brompton"},{"id":"834936","latitude":"50.98333300","longitude":"-2.80000000","name":"Kingsbury Episcopi"},{"id":"834937","latitude":"50.98333300","longitude":"-2.80000000","name":"Kingsbury"},{"id":"834942","latitude":"51.03250000","longitude":"-2.69055600","name":"Kingsdon"},{"id":"834964","latitude":"52.15000000","longitude":"-2.81666700","name":"Kings Pyon"},{"id":"834980","latitude":"51.06055600","longitude":"-3.11250000","name":"Kingston"},{"id":"834988","latitude":"51.06055600","longitude":"-3.11250000","name":"Kingston Saint Mary"},{"id":"835303","latitude":"50.96666700","longitude":"-2.83333300","name":"Lambrook"},{"id":"835315","latitude":"51.12166700","longitude":"-2.49500000","name":"Lamyatt"},{"id":"835353","latitude":"51.05333300","longitude":"-3.32111100","name":"Langley Marsh"},{"id":"835357","latitude":"51.03777800","longitude":"-2.82805600","name":"Langport"},{"id":"835437","latitude":"52.68333300","longitude":"-2.48333300","name":"Lawley Bank"},{"id":"835500","latitude":"51.93333300","longitude":"-1.38333300","name":"Ledwell"},{"id":"835524","latitude":"51.22305600","longitude":"-2.44333300","name":"Leigh"},{"id":"835525","latitude":"51.22305600","longitude":"-2.44333300","name":"Leigh-on-Mendip"},{"id":"835532","latitude":"51.19361100","longitude":"-2.42388900","name":"Leighton"},{"id":"835534","latitude":"51.22305600","longitude":"-2.44333300","name":"Leigh upon Mendip"},{"id":"835637","latitude":"51.19666700","longitude":"-3.19277800","name":"Lilstock"},{"id":"835818","latitude":"51.19666700","longitude":"-3.19277800","name":"Little Stoke"},{"id":"835849","latitude":"51.28750000","longitude":"-2.58166700","name":"Litton"},{"id":"836379","latitude":"51.00583300","longitude":"-2.76277800","name":"Long Load"},{"id":"836413","latitude":"51.02444400","longitude":"-2.75833300","name":"Long Sutton"},{"id":"836427","latitude":"50.91666700","longitude":"-2.81666700","name":"Lopen"},{"id":"836483","latitude":"51.91666700","longitude":"-1.28333300","name":"Lower Heyford"},{"id":"836509","latitude":"51.06138900","longitude":"-2.81000000","name":"Low Ham"},{"id":"836532","latitude":"51.19000000","longitude":"-3.56027800","name":"Luccombe"},{"id":"836534","latitude":"51.19000000","longitude":"-3.56027800","name":"Luckham"},{"id":"836592","latitude":"51.13138900","longitude":"-3.46916700","name":"Luxborough"},{"id":"836599","latitude":"51.08250000","longitude":"-3.24583300","name":"Lydeard Saint Lawrence"},{"id":"836616","latitude":"51.28388900","longitude":"-2.95416700","name":"Lympsham"},{"id":"836624","latitude":"51.05722200","longitude":"-2.95000000","name":"Lyng"},{"id":"836705","latitude":"52.68333300","longitude":"-2.45000000","name":"Malins Lee"},{"id":"836815","latitude":"51.22777800","longitude":"-2.88861100","name":"Mark"},{"id":"836853","latitude":"51.00000000","longitude":"-2.58333300","name":"Marston Magna"},{"id":"836874","latitude":"50.96666700","longitude":"-2.75000000","name":"Martock"},{"id":"836933","latitude":"51.17166700","longitude":"-2.78388900","name":"Meare"},{"id":"836973","latitude":"51.24000000","longitude":"-2.39138900","name":"Mells"},{"id":"837069","latitude":"51.93333300","longitude":"-1.30000000","name":"Middle Aston"},{"id":"837072","latitude":"50.90000000","longitude":"-2.75000000","name":"Middle Chinnock"},{"id":"837113","latitude":"51.09083300","longitude":"-2.89277800","name":"Middlezoy"},{"id":"837125","latitude":"50.96666700","longitude":"-2.46666700","name":"Milborne Port"},{"id":"837201","latitude":"51.02333300","longitude":"-3.25222200","name":"Milverton"},{"id":"837206","latitude":"51.20527800","longitude":"-3.47722200","name":"Minehead"},{"id":"837224","latitude":"50.86666700","longitude":"-2.80000000","name":"Misterton"},{"id":"837281","latitude":"51.12944400","longitude":"-3.32638900","name":"Monksilver"},{"id":"837286","latitude":"51.03722200","longitude":"-3.06611100","name":"Monkton Heathfield"},{"id":"837296","latitude":"50.95000000","longitude":"-2.71666700","name":"Montacute"},{"id":"837387","latitude":"50.85000000","longitude":"-2.76666700","name":"Mosterton"},{"id":"837441","latitude":"51.01861100","longitude":"-2.81361100","name":"Muchelney"},{"id":"837449","latitude":"50.98333300","longitude":"-2.61666700","name":"Mudford"},{"id":"837588","latitude":"51.15055600","longitude":"-3.15861100","name":"Nether Stowey"},{"id":"837594","latitude":"51.95000000","longitude":"-1.38333300","name":"Nether Worton"},{"id":"837598","latitude":"51.13111100","longitude":"-3.34555600","name":"Nettlecombe"},{"id":"837774","latitude":"51.07333300","longitude":"-3.00361100","name":"Newton"},{"id":"837849","latitude":"51.95000000","longitude":"-1.30000000","name":"North Aston"},{"id":"837852","latitude":"51.06194400","longitude":"-2.55638900","name":"North Barrow"},{"id":"837859","latitude":"51.13111100","longitude":"-2.39861100","name":"North Brewham"},{"id":"837862","latitude":"51.03333300","longitude":"-2.51666700","name":"North Cadbury"},{"id":"837868","latitude":"51.02916700","longitude":"-2.44555600","name":"North Cheriton"},{"id":"837883","latitude":"51.02250000","longitude":"-2.97166700","name":"North Curry"},{"id":"837928","latitude":"51.08416700","longitude":"-2.94888900","name":"Northmoor Green or Moorland"},{"id":"837934","latitude":"51.07333300","longitude":"-3.00361100","name":"North Newton"},{"id":"837942","latitude":"51.09138900","longitude":"-3.01472200","name":"North Petherton"},{"id":"837978","latitude":"51.17555600","longitude":"-2.62388900","name":"North Wootton"},{"id":"837986","latitude":"51.03333300","longitude":"-3.15000000","name":"Norton Fitzwarren"},{"id":"838004","latitude":"51.30222200","longitude":"-2.32472200","name":"Norton Saint Philip"},{"id":"838019","latitude":"51.20861100","longitude":"-2.37777800","name":"Nunney"},{"id":"838038","latitude":"51.01888900","longitude":"-3.21083300","name":"Oake"},{"id":"838039","latitude":"50.98333300","longitude":"-3.55000000","name":"Oakford"},{"id":"838042","latitude":"51.22361100","longitude":"-2.52638900","name":"Oakhill"},{"id":"838138","latitude":"51.01222200","longitude":"-3.61416700","name":"Oldways End"},{"id":"838202","latitude":"51.08055600","longitude":"-2.88111100","name":"Othery"},{"id":"838210","latitude":"51.18277800","longitude":"-3.07861100","name":"Otterhampton"},{"id":"838233","latitude":"50.95000000","longitude":"-2.58333300","name":"Over Compton"},{"id":"838248","latitude":"51.95000000","longitude":"-1.36666700","name":"Over Worton"},{"id":"838385","latitude":"51.18083300","longitude":"-3.00750000","name":"Pawlett"},{"id":"838477","latitude":"51.08333300","longitude":"-2.35000000","name":"Penselwood"},{"id":"838582","latitude":"51.16527800","longitude":"-2.58722200","name":"Pilton"},{"id":"838603","latitude":"51.09833300","longitude":"-2.46555600","name":"Pitcombe"},{"id":"838610","latitude":"51.05222200","longitude":"-2.78722200","name":"Pitney"},{"id":"838665","latitude":"50.98333300","longitude":"-2.50000000","name":"Pointington"},{"id":"838685","latitude":"51.18194400","longitude":"-2.69583300","name":"Polsham"},{"id":"838755","latitude":"51.20888900","longitude":"-3.59555600","name":"Porlock"},{"id":"838926","latitude":"51.25805600","longitude":"-2.67833300","name":"Priddy"},{"id":"838966","latitude":"51.16833300","longitude":"-2.97055600","name":"Puriton"},{"id":"838986","latitude":"51.14250000","longitude":"-2.56305600","name":"Pylle"},{"id":"838994","latitude":"51.16722200","longitude":"-3.27527800","name":"Quantoxhead"},{"id":"839007","latitude":"51.02083300","longitude":"-2.57722200","name":"Queen Camel"},{"id":"839022","latitude":"50.95000000","longitude":"-3.63333300","name":"Rackenford"},{"id":"839031","latitude":"51.02500000","longitude":"-3.39222200","name":"Raddington"},{"id":"839156","latitude":"51.09861100","longitude":"-2.42666700","name":"Redlynch"},{"id":"839316","latitude":"51.28416700","longitude":"-2.27833300","name":"Road"},{"id":"839353","latitude":"51.28416700","longitude":"-2.27833300","name":"Rode"},{"id":"839358","latitude":"51.24611100","longitude":"-2.73944400","name":"Rodney Stoke"},{"id":"839386","latitude":"51.26722200","longitude":"-2.90583300","name":"Rooks Bridge"},{"id":"839475","latitude":"52.76666700","longitude":"-2.58333300","name":"Rowton"},{"id":"839588","latitude":"51.16722200","longitude":"-3.27527800","name":"Saint Audries"},{"id":"839620","latitude":"51.17527800","longitude":"-3.33722200","name":"Saint Decumans"},{"id":"839791","latitude":"50.96666700","longitude":"-3.26666700","name":"Sampford Arundel"},{"id":"839805","latitude":"51.93333300","longitude":"-1.38333300","name":"Sandford Saint Martin"},{"id":"839808","latitude":"51.93333300","longitude":"-1.38333300","name":"Sandford"},{"id":"840030","latitude":"51.20916700","longitude":"-3.54861100","name":"Selworthy"},{"id":"840079","latitude":"51.14055600","longitude":"-2.83250000","name":"Shapwick"},{"id":"840141","latitude":"51.18972200","longitude":"-2.54722200","name":"Shepton Mallet"},{"id":"840142","latitude":"51.08333300","longitude":"-2.46583300","name":"Shepton Montague"},{"id":"840143","latitude":"51.18972200","longitude":"-2.54722200","name":"Shepun"},{"id":"840192","latitude":"51.31638900","longitude":"-2.79722200","name":"Shipham"},{"id":"840304","latitude":"51.13916700","longitude":"-3.75111100","name":"Simonsbath"},{"id":"840359","latitude":"51.03444400","longitude":"-3.44638900","name":"Skilgate"},{"id":"840387","latitude":"50.28333300","longitude":"-3.65000000","name":"Slapton"},{"id":"840464","latitude":"51.05472200","longitude":"-2.73388900","name":"Somerton"},{"id":"840479","latitude":"51.96666700","longitude":"-1.23333300","name":"Souldern"},{"id":"840491","latitude":"51.04833300","longitude":"-2.57055600","name":"South Barrow"},{"id":"840499","latitude":"51.12305600","longitude":"-2.40166700","name":"South Brewham"},{"id":"840502","latitude":"51.01666700","longitude":"-2.51666700","name":"South Cadbury"},{"id":"840507","latitude":"51.01972200","longitude":"-2.43888900","name":"South Cheriton"},{"id":"840569","latitude":"51.98333300","longitude":"-1.31666700","name":"South Newington"},{"id":"840580","latitude":"50.86666700","longitude":"-2.75000000","name":"South Perrott"},{"id":"840581","latitude":"50.95000000","longitude":"-2.80000000","name":"South Petherton"},{"id":"840629","latitude":"51.03527800","longitude":"-2.55972200","name":"Sparkford"},{"id":"840631","latitude":"51.12777800","longitude":"-3.10944400","name":"Spaxton"},{"id":"840718","latitude":"50.95000000","longitude":"-2.36666700","name":"Stalbridge"},{"id":"840807","latitude":"51.05694400","longitude":"-2.89500000","name":"Stathe"},{"id":"840820","latitude":"51.14083300","longitude":"-2.90694400","name":"Stawell"},{"id":"840821","latitude":"51.00000000","longitude":"-3.33333300","name":"Stawley"},{"id":"840826","latitude":"51.20694400","longitude":"-3.04472200","name":"Steart"},{"id":"840834","latitude":"51.91666700","longitude":"-1.30000000","name":"Steeple Aston"},{"id":"840854","latitude":"51.20694400","longitude":"-3.04472200","name":"Stert"},{"id":"840896","latitude":"51.18805600","longitude":"-3.08138900","name":"Stockland Bristol"},{"id":"840900","latitude":"50.95000000","longitude":"-2.90000000","name":"Stocklinch"},{"id":"840916","latitude":"51.12638900","longitude":"-3.29277800","name":"Stogumber"},{"id":"840917","latitude":"51.17972200","longitude":"-3.14194400","name":"Stogursey"},{"id":"840925","latitude":"51.17972200","longitude":"-3.14194400","name":"Stoke Courcy"},{"id":"840930","latitude":"50.31666700","longitude":"-3.60000000","name":"Stoke Fleming"},{"id":"840944","latitude":"50.26666700","longitude":"-3.66666700","name":"Stokenham"},{"id":"840950","latitude":"51.04027800","longitude":"-2.93111100","name":"Stoke Saint Gregory"},{"id":"840963","latitude":"51.17972200","longitude":"-3.14194400","name":"Stokscourey"},{"id":"840964","latitude":"51.20611100","longitude":"-3.10166700","name":"Stolford"},{"id":"840967","latitude":"51.25805600","longitude":"-2.85916700","name":"Stone Allerton"},{"id":"840984","latitude":"51.15194400","longitude":"-2.49055600","name":"Stoney Stratton"},{"id":"841014","latitude":"50.93333300","longitude":"-2.40000000","name":"Stourton Caundle"},{"id":"841019","latitude":"51.00055600","longitude":"-2.45388900","name":"Stowell"},{"id":"841020","latitude":"51.00055600","longitude":"-2.45388900","name":"Stowel"},{"id":"841068","latitude":"51.25333300","longitude":"-2.49222200","name":"Stratton-on-the-Fosse"},{"id":"841072","latitude":"51.25333300","longitude":"-2.49222200","name":"Stratton"},{"id":"841079","latitude":"50.31666700","longitude":"-3.63333300","name":"Street"},{"id":"841082","latitude":"50.31666700","longitude":"-3.63333300","name":"Strete"},{"id":"841175","latitude":"50.90000000","longitude":"-2.65000000","name":"Sutton Bingham"},{"id":"841184","latitude":"51.12833300","longitude":"-2.89722200","name":"Sutton Mallet"},{"id":"841185","latitude":"51.01666700","longitude":"-2.53333300","name":"Sutton Montis"},{"id":"841372","latitude":"51.02111100","longitude":"-3.10472200","name":"Taunton"},{"id":"841407","latitude":"51.00055600","longitude":"-2.41555600","name":"Templecombe"},{"id":"841462","latitude":"51.21388900","longitude":"-2.76916700","name":"Theale"},{"id":"841508","latitude":"50.81666700","longitude":"-2.88333300","name":"Thorncombe"},{"id":"841510","latitude":"51.00000000","longitude":"-3.01666700","name":"Thorne Falcon"},{"id":"841515","latitude":"51.00000000","longitude":"-3.01666700","name":"Thornfalcon"},{"id":"841606","latitude":"51.06805600","longitude":"-3.03583300","name":"Thurloxton"},{"id":"841673","latitude":"51.16777800","longitude":"-3.49638900","name":"Timberscombe"},{"id":"841674","latitude":"51.16777800","longitude":"-3.49638900","name":"Timbersoombe"},{"id":"841683","latitude":"50.96666700","longitude":"-2.71666700","name":"Tintinhull"},{"id":"841726","latitude":"51.08138900","longitude":"-3.28444400","name":"Tolland"},{"id":"841842","latitude":"51.11611100","longitude":"-3.41388900","name":"Treborough"},{"id":"841886","latitude":"50.96666700","longitude":"-2.58333300","name":"Trent"},{"id":"841933","latitude":"51.19222200","longitude":"-2.36138900","name":"Trudoxhill"},{"id":"841934","latitude":"51.00000000","longitude":"-3.11666700","name":"Trull"},{"id":"842101","latitude":"50.86666700","longitude":"-3.13333300","name":"Upottery"},{"id":"842129","latitude":"51.93333300","longitude":"-1.26666700","name":"Upper Heyford"},{"id":"842160","latitude":"51.15250000","longitude":"-2.41194400","name":"Upton Noble"},{"id":"842173","latitude":"51.05027800","longitude":"-3.43722200","name":"Upton"},{"id":"842257","latitude":"52.70000000","longitude":"-2.60000000","name":"Walcot"},{"id":"842342","latitude":"51.12388900","longitude":"-2.77111100","name":"Walton"},{"id":"842350","latitude":"50.86666700","longitude":"-3.00000000","name":"Wambrook"},{"id":"842358","latitude":"51.17388900","longitude":"-2.41277800","name":"Wanstraw"},{"id":"842359","latitude":"51.17388900","longitude":"-2.41277800","name":"Wanstrow"},{"id":"842421","latitude":"51.16083300","longitude":"-3.36194400","name":"Washford"},{"id":"842429","latitude":"51.17888900","longitude":"-3.32777800","name":"Watchet"},{"id":"842431","latitude":"51.21916700","longitude":"-2.93527800","name":"Watchfield"},{"id":"842447","latitude":"51.02361100","longitude":"-3.35388900","name":"Waterrow"},{"id":"842482","latitude":"51.27083300","longitude":"-2.83916700","name":"Weare"},{"id":"842493","latitude":"51.22611100","longitude":"-2.81083300","name":"Wedmore"},{"id":"842525","latitude":"50.98333300","longitude":"-3.23333300","name":"Wellington"},{"id":"842533","latitude":"51.20944400","longitude":"-2.64944400","name":"Wells"},{"id":"842548","latitude":"51.13416700","longitude":"-3.02583300","name":"Wembdon"},{"id":"842568","latitude":"52.16666700","longitude":"-2.86666700","name":"Weobley"},{"id":"842581","latitude":"51.09388900","longitude":"-3.18666700","name":"West Bagborough"},{"id":"842599","latitude":"50.96666700","longitude":"-3.18333300","name":"West Buckland"},{"id":"842602","latitude":"51.23555600","longitude":"-2.71722200","name":"Westbury-sub-Mendip"},{"id":"842603","latitude":"51.23555600","longitude":"-2.71722200","name":"Westbury"},{"id":"842615","latitude":"50.91666700","longitude":"-2.75000000","name":"West Chinnock"},{"id":"842619","latitude":"50.91666700","longitude":"-2.68333300","name":"West Coker"},{"id":"842628","latitude":"51.18694400","longitude":"-2.47500000","name":"West Cranmore"},{"id":"842683","latitude":"50.98333300","longitude":"-3.00000000","name":"West Hatch"},{"id":"842685","latitude":"51.17833300","longitude":"-2.80805600","name":"Westhay"},{"id":"842719","latitude":"51.08222200","longitude":"-2.62222200","name":"West Lydford"},{"id":"842729","latitude":"51.04944400","longitude":"-3.05416700","name":"West Monkton"},{"id":"842731","latitude":"51.21666700","longitude":"-3.53333300","name":"West Myne"},{"id":"842768","latitude":"51.10888900","longitude":"-2.93000000","name":"Westonzoyland"},{"id":"842774","latitude":"51.14333300","longitude":"-2.64777800","name":"West Pennard"},{"id":"842779","latitude":"51.16722200","longitude":"-3.27527800","name":"West Quantoxhead"},{"id":"842865","latitude":"51.13805600","longitude":"-3.54055600","name":"Wheddon Cross"},{"id":"842898","latitude":"50.96666700","longitude":"-3.28333300","name":"White Ball"},{"id":"843066","latitude":"51.16083300","longitude":"-3.32083300","name":"Williton"},{"id":"843090","latitude":"51.00000000","longitude":"-3.10000000","name":"Wilton"},{"id":"843102","latitude":"51.05388900","longitude":"-2.41111100","name":"Wincanton"},{"id":"843145","latitude":"51.10194400","longitude":"-3.56527800","name":"Winsford"},{"id":"843146","latitude":"50.85000000","longitude":"-2.90000000","name":"Winsham"},{"id":"843208","latitude":"52.71666700","longitude":"-2.60000000","name":"Withington"},{"id":"843213","latitude":"51.16055600","longitude":"-3.40972200","name":"Withycombe"},{"id":"843215","latitude":"51.10750000","longitude":"-3.64944400","name":"Withypoole"},{"id":"843216","latitude":"51.10750000","longitude":"-3.64944400","name":"Withypool"},{"id":"843227","latitude":"51.04138900","longitude":"-3.31277800","name":"Wiveliscombe"},{"id":"843320","latitude":"51.20916700","longitude":"-2.69416700","name":"Wookey"},{"id":"843323","latitude":"51.16861100","longitude":"-2.93416700","name":"Woolavington"},{"id":"843340","latitude":"51.28444400","longitude":"-2.29777800","name":"Woolverton"},{"id":"843352","latitude":"51.17944400","longitude":"-3.52277800","name":"Wootton Courtenay"},{"id":"843408","latitude":"51.95000000","longitude":"-1.38333300","name":"Worton"},{"id":"843424","latitude":"51.12527800","longitude":"-2.57000000","name":"Wraxall"},{"id":"843442","latitude":"52.70000000","longitude":"-2.56666700","name":"Wrockwardine"},{"id":"843493","latitude":"50.86666700","longitude":"-3.06666700","name":"Yarcombe"},{"id":"843496","latitude":"51.05000000","longitude":"-2.48333300","name":"Yarlington"},{"id":"843527","latitude":"51.00416700","longitude":"-2.65027800","name":"Yeovilton"},{"id":"843528","latitude":"50.95000000","longitude":"-2.63333300","name":"Yeovil"}]