[{"id":"826877","latitude":"51.95000000","longitude":"-0.91666700","name":"Adstock"},{"id":"826911","latitude":"52.03333300","longitude":"-0.96666700","name":"Akeley"},{"id":"826926","latitude":"51.66666700","longitude":"-0.35000000","name":"Aldenham"},{"id":"827071","latitude":"51.66666700","longitude":"-0.61666700","name":"Amersham"},{"id":"827496","latitude":"51.81666700","longitude":"-0.80000000","name":"Aylesbury"},{"id":"827916","latitude":"51.60000000","longitude":"-0.63333300","name":"Beaconsfield"},{"id":"828087","latitude":"51.75000000","longitude":"-0.55000000","name":"Berkhampstead"},{"id":"828088","latitude":"51.76000000","longitude":"-0.56000000","name":"Berkhamsted"},{"id":"828186","latitude":"51.81666700","longitude":"-0.78333300","name":"Bierton"},{"id":"828265","latitude":"51.55000000","longitude":"-0.76666700","name":"Bisham"},{"id":"828394","latitude":"51.71666700","longitude":"-0.86666700","name":"Bledlow"},{"id":"828583","latitude":"51.56666700","longitude":"-0.70000000","name":"Bourne End"},{"id":"828603","latitude":"51.71666700","longitude":"-0.53333300","name":"Bovingdon"},{"id":"828659","latitude":"51.65000000","longitude":"-0.80000000","name":"Bradenham"},{"id":"829080","latitude":"52.00000000","longitude":"-0.98333300","name":"Buckingham"},{"id":"829248","latitude":"51.61666700","longitude":"-0.33333300","name":"Busheyheath"},{"id":"829329","latitude":"51.63333300","longitude":"-0.33333300","name":"Caldecote"},{"id":"829607","latitude":"52.08333300","longitude":"-0.83333300","name":"Castlethorpe"},{"id":"829703","latitude":"51.61666700","longitude":"-0.56666700","name":"Chalfont Saint Giles"},{"id":"829704","latitude":"51.60000000","longitude":"-0.55000000","name":"Chalfont Saint Peter"},{"id":"829807","latitude":"51.66666700","longitude":"-0.51666700","name":"Chenies"},{"id":"829808","latitude":"51.63333300","longitude":"-0.76666700","name":"Chepping"},{"id":"829829","latitude":"51.70000000","longitude":"-0.60000000","name":"Chesham"},{"id":"829863","latitude":"52.10000000","longitude":"-0.68333300","name":"Chicheley"},{"id":"829905","latitude":"51.70000000","longitude":"-0.48333300","name":"Chipperfield"},{"id":"829943","latitude":"51.65000000","longitude":"-0.48333300","name":"Chorleywood"},{"id":"829944","latitude":"51.65000000","longitude":"-0.53333300","name":"Chorleywood West"},{"id":"830061","latitude":"51.93333300","longitude":"-0.98333300","name":"Claydon"},{"id":"830123","latitude":"51.55000000","longitude":"-0.68333300","name":"Cliveden"},{"id":"830387","latitude":"51.55000000","longitude":"-0.70000000","name":"Cookham"},{"id":"830796","latitude":"51.63333300","longitude":"-0.45000000","name":"Croxley Green"},{"id":"831094","latitude":"51.56666700","longitude":"-0.50000000","name":"Denham"},{"id":"831618","latitude":"51.58333300","longitude":"-0.40000000","name":"Eastcote"},{"id":"831901","latitude":"51.75000000","longitude":"-0.78333300","name":"Ellesborough"},{"id":"831961","latitude":"52.13333300","longitude":"-0.70000000","name":"Emberton"},{"id":"832277","latitude":"52.13333300","longitude":"-0.71666700","name":"Filgrave"},{"id":"832298","latitude":"51.60000000","longitude":"-0.86666700","name":"Fingest"},{"id":"832351","latitude":"51.68333300","longitude":"-0.51666700","name":"Flaunden"},{"id":"832658","latitude":"51.68333300","longitude":"-0.38333300","name":"Garston"},{"id":"832699","latitude":"51.96666700","longitude":"-1.00000000","name":"Gawcott"},{"id":"832703","latitude":"52.10000000","longitude":"-0.75000000","name":"Gayhurst"},{"id":"833082","latitude":"51.78333300","longitude":"-0.50000000","name":"Great Gaddesden"},{"id":"833095","latitude":"51.71666700","longitude":"-0.76666700","name":"Great Hampden"},{"id":"833103","latitude":"51.96666700","longitude":"-0.86666700","name":"Great Horwood"},{"id":"833108","latitude":"51.73333300","longitude":"-0.80000000","name":"Great Kimble"},{"id":"833113","latitude":"52.06666700","longitude":"-0.75000000","name":"Great Linford"},{"id":"833118","latitude":"51.56666700","longitude":"-0.76666700","name":"Great Marlow"},{"id":"833122","latitude":"51.70000000","longitude":"-0.70000000","name":"Great Missenden"},{"id":"833412","latitude":"51.78333300","longitude":"-0.73333300","name":"Halton"},{"id":"833423","latitude":"51.56666700","longitude":"-0.86666700","name":"Hambleden"},{"id":"833442","latitude":"51.70000000","longitude":"-0.76666700","name":"Hampden"},{"id":"833443","latitude":"51.70000000","longitude":"-0.76666700","name":"Hampden Row"},{"id":"833479","latitude":"52.10000000","longitude":"-0.81666700","name":"Hanslope"},{"id":"833509","latitude":"51.60000000","longitude":"-0.48333300","name":"Harefield"},{"id":"833543","latitude":"51.51666700","longitude":"-0.90000000","name":"Harpsden"},{"id":"833560","latitude":"51.56666700","longitude":"-0.33333300","name":"Harrow on the Hill"},{"id":"833561","latitude":"51.60000000","longitude":"-0.31666700","name":"Harrow Weald"},{"id":"833562","latitude":"51.60000000","longitude":"-0.31666700","name":"Harrow Wealt"},{"id":"833612","latitude":"51.60000000","longitude":"-0.35000000","name":"Hatch End"},{"id":"833646","latitude":"52.06666700","longitude":"-0.78333300","name":"Haversham"},{"id":"833671","latitude":"51.73333300","longitude":"-0.60000000","name":"Hawridge"},{"id":"833743","latitude":"51.56666700","longitude":"-0.60000000","name":"Hedgerley"},{"id":"833746","latitude":"51.55000000","longitude":"-0.68333300","name":"Hedsor"},{"id":"833813","latitude":"51.53333300","longitude":"-0.90000000","name":"Henley on Thames"},{"id":"833947","latitude":"51.63333300","longitude":"-0.76666700","name":"High Wycombe"},{"id":"834210","latitude":"52.16666700","longitude":"-0.80000000","name":"Horton"},{"id":"834277","latitude":"51.65000000","longitude":"-0.73333300","name":"Hughenden"},{"id":"834281","latitude":"51.83333300","longitude":"-0.76666700","name":"Hulcott"},{"id":"834326","latitude":"51.53333300","longitude":"-0.81666700","name":"Hurley"},{"id":"834573","latitude":"51.50000000","longitude":"-0.50000000","name":"Iver"},{"id":"834610","latitude":"51.60000000","longitude":"-0.58333300","name":"Jordans"},{"id":"834902","latitude":"51.73333300","longitude":"-0.80000000","name":"Kimble"},{"id":"835411","latitude":"52.08333300","longitude":"-0.71666700","name":"Lathbury"},{"id":"835413","latitude":"51.68333300","longitude":"-0.55000000","name":"Latimer"},{"id":"835480","latitude":"51.68333300","longitude":"-0.40000000","name":"Leavesden Green"},{"id":"835481","latitude":"51.68333300","longitude":"-0.40000000","name":"Leavesden"},{"id":"835482","latitude":"51.68333300","longitude":"-0.40000000","name":"Leavesdon"},{"id":"835485","latitude":"52.01666700","longitude":"-0.93333300","name":"Leckhampstead"},{"id":"835509","latitude":"51.71666700","longitude":"-0.68333300","name":"Lee"},{"id":"835589","latitude":"51.75000000","longitude":"-0.43333300","name":"Leverstock Green"},{"id":"835633","latitude":"52.05000000","longitude":"-0.96666700","name":"Lillingstone Dayrell"},{"id":"835634","latitude":"52.05000000","longitude":"-0.96666700","name":"Lillingstone"},{"id":"835758","latitude":"51.80000000","longitude":"-0.55000000","name":"Little Gaddesden"},{"id":"835765","latitude":"51.71666700","longitude":"-0.75000000","name":"Little Hampden"},{"id":"835778","latitude":"51.75000000","longitude":"-0.80000000","name":"Little Kimble"},{"id":"835782","latitude":"52.08333300","longitude":"-0.76666700","name":"Little Linford"},{"id":"835786","latitude":"51.58333300","longitude":"-0.73333300","name":"Little Marlow"},{"id":"835790","latitude":"51.66666700","longitude":"-0.66666700","name":"Little Missenden"},{"id":"836332","latitude":"51.71666700","longitude":"-0.28333300","name":"London Colney"},{"id":"836336","latitude":"51.71666700","longitude":"-0.28333300","name":"London Olney"},{"id":"836421","latitude":"51.73333300","longitude":"-0.85000000","name":"Longwick"},{"id":"836437","latitude":"51.60000000","longitude":"-0.70000000","name":"Loudwater"},{"id":"836457","latitude":"51.55000000","longitude":"-0.91666700","name":"Lower Assendon"},{"id":"836692","latitude":"52.00000000","longitude":"-0.96666700","name":"Maids Moreton"},{"id":"836826","latitude":"51.56666700","longitude":"-0.76666700","name":"Marlow"},{"id":"836938","latitude":"51.55000000","longitude":"-0.85000000","name":"Medmenham"},{"id":"837282","latitude":"51.71666700","longitude":"-0.81666700","name":"Monks Risborough"},{"id":"837733","latitude":"52.08333300","longitude":"-0.71666700","name":"Newport Pagnell"},{"id":"838144","latitude":"52.15000000","longitude":"-0.70000000","name":"Olney"},{"id":"838284","latitude":"51.96666700","longitude":"-0.95000000","name":"Padbury"},{"id":"838348","latitude":"51.71666700","longitude":"-0.33333300","name":"Park Street"},{"id":"838459","latitude":"51.61666700","longitude":"-0.68333300","name":"Penn"},{"id":"838563","latitude":"52.16666700","longitude":"-0.81666700","name":"Piddington"},{"id":"838865","latitude":"52.06666700","longitude":"-0.88333300","name":"Potterspury"},{"id":"838907","latitude":"51.95000000","longitude":"-1.03333300","name":"Preston Bisset"},{"id":"838928","latitude":"51.71666700","longitude":"-0.81666700","name":"Princes Risborough"},{"id":"838975","latitude":"51.81666700","longitude":"-0.71666700","name":"Puttenham"},{"id":"839119","latitude":"52.13333300","longitude":"-0.75000000","name":"Ravenstone"},{"id":"839142","latitude":"51.78333300","longitude":"-0.38333300","name":"Redbourn"},{"id":"839181","latitude":"51.53333300","longitude":"-0.88333300","name":"Remenham"},{"id":"839825","latitude":"51.76666700","longitude":"-0.30000000","name":"Sandridge"},{"id":"839830","latitude":"51.63333300","longitude":"-0.78333300","name":"Sands"},{"id":"839855","latitude":"51.68333300","longitude":"-0.48333300","name":"Sarratt"},{"id":"839865","latitude":"51.70000000","longitude":"-0.85000000","name":"Saunderton"},{"id":"840160","latitude":"52.10000000","longitude":"-0.70000000","name":"Sherington"},{"id":"840755","latitude":"51.61666700","longitude":"-0.31666700","name":"Stanmole"},{"id":"840836","latitude":"51.93333300","longitude":"-0.98333300","name":"Steeple Claydon"},{"id":"840934","latitude":"52.11666700","longitude":"-0.76666700","name":"Stoke Goldington"},{"id":"840941","latitude":"51.78333300","longitude":"-0.78333300","name":"Stoke Mandeville"},{"id":"841503","latitude":"51.98333300","longitude":"-0.91666700","name":"Thornborough"},{"id":"841535","latitude":"52.00000000","longitude":"-0.90000000","name":"Thornton"},{"id":"841995","latitude":"51.60000000","longitude":"-0.88333300","name":"Turville"},{"id":"842034","latitude":"52.10000000","longitude":"-0.73333300","name":"Tyringham"},{"id":"842497","latitude":"51.85000000","longitude":"-0.81666700","name":"Weedon"},{"id":"842558","latitude":"51.76666700","longitude":"-0.73333300","name":"Wendover"},{"id":"842748","latitude":"51.78333300","longitude":"-0.75000000","name":"Weston Turville"},{"id":"842751","latitude":"52.13333300","longitude":"-0.73333300","name":"Weston Underwood"},{"id":"842825","latitude":"51.63333300","longitude":"-0.80000000","name":"West Wycombe"},{"id":"842861","latitude":"51.80000000","longitude":"-0.28333300","name":"Wheathampstead"},{"id":"842988","latitude":"52.03333300","longitude":"-0.90000000","name":"Wicken"},{"id":"843133","latitude":"51.85000000","longitude":"-0.73333300","name":"Wingrave"},{"id":"843270","latitude":"51.56666700","longitude":"-0.68333300","name":"Wooburn"},{"id":"843458","latitude":"51.63333300","longitude":"-0.76666700","name":"Wycombe"}]