[{"id":"826881","latitude":"55.01666700","longitude":"-6.66666700","name":"Aghadovey"},{"id":"826882","latitude":"55.01666700","longitude":"-6.66666700","name":"Aghadowey"},{"id":"827279","latitude":"55.13333300","longitude":"-6.76666700","name":"Articlave"},{"id":"827655","latitude":"55.06666700","longitude":"-6.71666700","name":"Ballynacanon"},{"id":"827660","latitude":"54.98333300","longitude":"-6.70000000","name":"Ballynameen"},{"id":"828328","latitude":"55.05000000","longitude":"-6.70000000","name":"Blackheath"},{"id":"830150","latitude":"55.15000000","longitude":"-6.61666700","name":"Cloyfin"},{"id":"830265","latitude":"55.13333300","longitude":"-6.66666700","name":"Colepaine"},{"id":"830266","latitude":"55.13333300","longitude":"-6.66666700","name":"Coleraine"},{"id":"830837","latitude":"55.13333300","longitude":"-6.66666700","name":"C\u00fail Rathain"},{"id":"832326","latitude":"55.10000000","longitude":"-6.61666700","name":"Fish Loughan"},{"id":"832669","latitude":"54.98333300","longitude":"-6.66666700","name":"Garvagh"},{"id":"834815","latitude":"55.05000000","longitude":"-6.70000000","name":"Killeague"},{"id":"834834","latitude":"55.08333300","longitude":"-6.66666700","name":"Killure"},{"id":"836438","latitude":"55.10000000","longitude":"-6.61666700","name":"Loughan"},{"id":"836647","latitude":"55.10000000","longitude":"-6.71666700","name":"Macosquin"},{"id":"837155","latitude":"55.10000000","longitude":"-6.63333300","name":"Mill Loughan"},{"id":"839283","latitude":"55.03333300","longitude":"-6.75000000","name":"Ringsend"}]