[{"id":"826862","latitude":"51.35000000","longitude":"-0.03333300","name":"Addington"},{"id":"826937","latitude":"51.98333300","longitude":"-2.00000000","name":"Alderton"},{"id":"827049","latitude":"52.45000000","longitude":"-2.35000000","name":"Alveley"},{"id":"827094","latitude":"50.96666700","longitude":"-3.13333300","name":"Angersleigh"},{"id":"827243","latitude":"52.43333300","longitude":"-2.35000000","name":"Arley"},{"id":"827345","latitude":"52.03333300","longitude":"-2.00000000","name":"Ashton under Hill"},{"id":"827357","latitude":"53.26666700","longitude":"-0.88333300","name":"Askham"},{"id":"827946","latitude":"52.01666700","longitude":"-2.03333300","name":"Beckford"},{"id":"828210","latitude":"52.46666700","longitude":"-2.43333300","name":"Billingsley"},{"id":"828558","latitude":"53.23333300","longitude":"-0.98333300","name":"Bothamsall"},{"id":"828572","latitude":"53.20000000","longitude":"-0.98333300","name":"Boughton"},{"id":"828799","latitude":"51.50000000","longitude":"-0.31666700","name":"Brentford"},{"id":"830417","latitude":"50.96666700","longitude":"-3.08333300","name":"Corfe"},{"id":"831433","latitude":"52.01666700","longitude":"-1.96666700","name":"Dumbleton"},{"id":"831703","latitude":"53.25000000","longitude":"-0.88333300","name":"East Markham"},{"id":"831810","latitude":"51.60000000","longitude":"-0.26666700","name":"Edgware"},{"id":"831882","latitude":"53.26666700","longitude":"-0.96666700","name":"Elkesley"},{"id":"831884","latitude":"53.26666700","longitude":"-0.96666700","name":"Elksley"},{"id":"831916","latitude":"51.40000000","longitude":"-0.05000000","name":"Elmers End"},{"id":"832217","latitude":"50.96666700","longitude":"-3.10000000","name":"Feltham"},{"id":"832224","latitude":"52.45000000","longitude":"-2.33333300","name":"Fenngreen"},{"id":"832626","latitude":"53.26666700","longitude":"-0.93333300","name":"Gamston"},{"id":"832804","latitude":"52.48333300","longitude":"-2.43333300","name":"Glazeley"},{"id":"833177","latitude":"52.01666700","longitude":"-2.01666700","name":"Great Washbourne"},{"id":"833196","latitude":"51.51666700","longitude":"-0.33333300","name":"Greenford"},{"id":"833270","latitude":"53.30000000","longitude":"-0.90000000","name":"Grove"},{"id":"833451","latitude":"51.40000000","longitude":"-0.35000000","name":"Hampton"},{"id":"833452","latitude":"51.41666700","longitude":"-0.35000000","name":"Hampton Hill"},{"id":"833484","latitude":"51.43333300","longitude":"-0.38333300","name":"Hanworth"},{"id":"833558","latitude":"51.56666700","longitude":"-0.33333300","name":"Harrow"},{"id":"833684","latitude":"51.36666700","longitude":"0.01666700","name":"Hayes"},{"id":"833712","latitude":"53.28333300","longitude":"-0.88333300","name":"Headon"},{"id":"833727","latitude":"51.46666700","longitude":"-0.45000000","name":"Heathrow"},{"id":"833929","latitude":"52.45000000","longitude":"-2.38333300","name":"Highley"},{"id":"834562","latitude":"51.46666700","longitude":"-0.33333300","name":"Isleworth"},{"id":"835008","latitude":"52.41666700","longitude":"-2.41666700","name":"Kinlet"},{"id":"835294","latitude":"51.40000000","longitude":"-0.48333300","name":"Laleham"},{"id":"835838","latitude":"52.00000000","longitude":"-2.01666700","name":"Little Washbourne"},{"id":"836501","latitude":"51.40000000","longitude":"-0.40000000","name":"Lower Sunbury"},{"id":"836812","latitude":"53.25000000","longitude":"-0.88333300","name":"Markham"},{"id":"837614","latitude":"51.46666700","longitude":"-0.43333300","name":"New Bedfont"},{"id":"837937","latitude":"51.53333300","longitude":"-0.36666700","name":"Northolt"},{"id":"837975","latitude":"50.73333300","longitude":"-1.31666700","name":"Northwood"},{"id":"838012","latitude":"51.51666700","longitude":"-0.21666700","name":"Notting Hill"},{"id":"838143","latitude":"53.21666700","longitude":"-1.01666700","name":"Ollerton"},{"id":"838151","latitude":"53.18333300","longitude":"-0.96666700","name":"Ompton"},{"id":"838208","latitude":"50.93333300","longitude":"-3.10000000","name":"Otterford"},{"id":"838231","latitude":"52.03333300","longitude":"-2.06666700","name":"Overbury"},{"id":"838588","latitude":"51.58333300","longitude":"-0.38333300","name":"Pinner"},{"id":"838609","latitude":"50.96666700","longitude":"-3.11666700","name":"Pitminster"},{"id":"839003","latitude":"52.48333300","longitude":"-2.35000000","name":"Quat"},{"id":"839004","latitude":"52.48333300","longitude":"-2.35000000","name":"Quatt"},{"id":"839256","latitude":"51.43333300","longitude":"-0.30000000","name":"Richmond upon Thames"},{"id":"839381","latitude":"52.45000000","longitude":"-2.31666700","name":"Romsley"},{"id":"839508","latitude":"51.56666700","longitude":"-0.41666700","name":"Ruislip"},{"id":"840138","latitude":"51.38333300","longitude":"-0.43333300","name":"Shepperton"},{"id":"840210","latitude":"51.36666700","longitude":"-0.03333300","name":"Shirley"},{"id":"840485","latitude":"51.50000000","longitude":"-0.36666700","name":"Southall"},{"id":"840572","latitude":"51.38333300","longitude":"-0.08333300","name":"South Norwood"},{"id":"840704","latitude":"51.43333300","longitude":"-0.51666700","name":"Staines"},{"id":"840756","latitude":"51.61666700","longitude":"-0.31666700","name":"Stanmore"},{"id":"840783","latitude":"51.45000000","longitude":"-0.48333300","name":"Stanwell"},{"id":"840788","latitude":"50.95000000","longitude":"-3.05000000","name":"Staple Fitzpaine"},{"id":"841155","latitude":"51.41666700","longitude":"-0.41666700","name":"Sunbury Common"},{"id":"841156","latitude":"51.40000000","longitude":"-0.40000000","name":"Sunbury-on-Thames"},{"id":"841157","latitude":"51.40000000","longitude":"-0.40000000","name":"Sunbury"},{"id":"841390","latitude":"51.41666700","longitude":"-0.33333300","name":"Teddington"},{"id":"841559","latitude":"51.41666700","longitude":"-0.51666700","name":"Thorpe"},{"id":"842102","latitude":"52.43333300","longitude":"-2.35000000","name":"Upper Arley"},{"id":"842150","latitude":"51.41666700","longitude":"-0.41666700","name":"Upper Sunbury"},{"id":"842264","latitude":"53.23333300","longitude":"-0.98333300","name":"Walesby"},{"id":"842331","latitude":"51.38333300","longitude":"-0.43333300","name":"Walton upon Thames"},{"id":"842333","latitude":"51.38333300","longitude":"-0.43333300","name":"Walton"},{"id":"842419","latitude":"52.01666700","longitude":"-2.01666700","name":"Washbourne"},{"id":"842527","latitude":"53.18333300","longitude":"-0.98333300","name":"Wellow"},{"id":"842587","latitude":"51.46666700","longitude":"-0.46666700","name":"West Bedfont"},{"id":"842639","latitude":"51.50000000","longitude":"-0.46666700","name":"West Drayton"}]