[{"id":"826883","latitude":"54.50000000","longitude":"-6.30000000","name":"Aghagallon"},{"id":"827100","latitude":"54.46666700","longitude":"-6.33333300","name":"An Lorgain"},{"id":"827106","latitude":"54.48333300","longitude":"-6.36666700","name":"Annaloist"},{"id":"827455","latitude":"54.50000000","longitude":"-6.30000000","name":"Aughagallen"},{"id":"827718","latitude":"54.50000000","longitude":"-6.51666700","name":"Bannfoot"},{"id":"829742","latitude":"54.50000000","longitude":"-6.51666700","name":"Charlestown"},{"id":"830574","latitude":"54.46666700","longitude":"-6.41666700","name":"Craigavon"},{"id":"831131","latitude":"54.46666700","longitude":"-6.38333300","name":"Derrymacash"},{"id":"831133","latitude":"54.50000000","longitude":"-6.46666700","name":"Derrytrasna"},{"id":"831371","latitude":"54.43333300","longitude":"-6.46666700","name":"Drumcree"},{"id":"831386","latitude":"54.40000000","longitude":"-6.46666700","name":"Drumnasoo"},{"id":"836577","latitude":"54.46666700","longitude":"-6.33333300","name":"Lurgan"},{"id":"837164","latitude":"54.50000000","longitude":"-6.56666700","name":"Milltown"},{"id":"837246","latitude":"54.50000000","longitude":"-6.28333300","name":"Moira"},{"id":"837430","latitude":"54.40000000","longitude":"-6.38333300","name":"Moyallan"},{"id":"837431","latitude":"54.40000000","longitude":"-6.38333300","name":"Moyallon"},{"id":"838756","latitude":"54.43333300","longitude":"-6.45000000","name":"Portadown"},{"id":"838764","latitude":"54.43333300","longitude":"-6.45000000","name":"Portavogie"},{"id":"839939","latitude":"54.45000000","longitude":"-6.51666700","name":"Scotch Street"},{"id":"839971","latitude":"54.43333300","longitude":"-6.41666700","name":"Seagoe"},{"id":"841465","latitude":"54.48333300","longitude":"-6.55000000","name":"The Birches"}]