[{"id":"103717","latitude":"-34.58333330","longitude":"-68.55000000","name":"25 de Mayo"},{"id":"103723","latitude":"-32.66666670","longitude":"-68.61666670","name":"3 de Mayo"},{"id":"103781","latitude":"-33.11666670","longitude":"-68.88333330","name":"Agrelo"},{"id":"103796","latitude":"-36.63333330","longitude":"-68.53333330","name":"Aguada del Toro"},{"id":"103811","latitude":"-36.15000000","longitude":"-68.30000000","name":"Agua Escondida"},{"id":"103812","latitude":"-34.96666670","longitude":"-69.15000000","name":"Agua Nueva"},{"id":"103882","latitude":"-32.91666670","longitude":"-68.66666670","name":"Aldea La Primavera"},{"id":"103926","latitude":"-32.81666670","longitude":"-68.76666670","name":"Algarrobal"},{"id":"103957","latitude":"-33.56666670","longitude":"-67.26666670","name":"Alpatacal"},{"id":"103985","latitude":"-33.03333330","longitude":"-68.36666670","name":"Alto del Salvador"},{"id":"104005","latitude":"-32.65000000","longitude":"-68.55000000","name":"Altos del Olvido"},{"id":"104007","latitude":"-33.15000000","longitude":"-68.35000000","name":"Alto Verde"},{"id":"104061","latitude":"-33.33333330","longitude":"-68.91666670","name":"Anchoris"},{"id":"104064","latitude":"-33.28333330","longitude":"-69.18333330","name":"Anc\u00f3n"},{"id":"104074","latitude":"-33.18333330","longitude":"-68.51666670","name":"Andrade"},{"id":"104185","latitude":"-32.83333330","longitude":"-67.30000000","name":"Arroyito"},{"id":"104248","latitude":"-34.83333330","longitude":"-67.90000000","name":"Atuel Sud"},{"id":"104314","latitude":"-33.05000000","longitude":"-68.81666670","name":"Bajo Lunlunta"},{"id":"104388","latitude":"-32.80000000","longitude":"-68.75000000","name":"Ba\u00f1os de Borboll\u00f3n"},{"id":"104390","latitude":"-33.06666670","longitude":"-68.83333330","name":"Ba\u00f1os Lunlunta"},{"id":"104394","latitude":"-33.01666670","longitude":"-68.58333330","name":"Barcala"},{"id":"104396","latitude":"-35.86666670","longitude":"-69.80000000","name":"Bardas Blancas"},{"id":"104409","latitude":"-33.10000000","longitude":"-68.71666670","name":"Barrancas"},{"id":"104416","latitude":"-32.90000000","longitude":"-68.83333330","name":"Barraquero"},{"id":"104528","latitude":"-32.88333330","longitude":"-68.80000000","name":"Bermejo"},{"id":"104604","latitude":"-35.00000000","longitude":"-67.51666670","name":"Bowen"},{"id":"104628","latitude":"-32.90000000","longitude":"-68.75000000","name":"Buena Nueva"},{"id":"104652","latitude":"-36.90000000","longitude":"-69.80000000","name":"Butac\u00f3"},{"id":"104682","latitude":"-33.01666670","longitude":"-69.11666670","name":"Cacheuta"},{"id":"104695","latitude":"-33.01666670","longitude":"-69.11666670","name":"Cachueta"},{"id":"104698","latitude":"-33.56666670","longitude":"-67.26666670","name":"Cadetes de Chile"},{"id":"104741","latitude":"-36.78333330","longitude":"-69.88333330","name":"Calmuc\u00f3"},{"id":"104784","latitude":"-33.70000000","longitude":"-69.15000000","name":"Campo Los Andes"},{"id":"104830","latitude":"-35.20000000","longitude":"-66.51666670","name":"Canaleja"},{"id":"104831","latitude":"-35.20000000","longitude":"-66.51666670","name":"Canalejas"},{"id":"104867","latitude":"-33.65000000","longitude":"-69.05000000","name":"Capacho"},{"id":"104870","latitude":"-32.75000000","longitude":"-68.80000000","name":"Capdevila"},{"id":"104871","latitude":"-32.75000000","longitude":"-68.80000000","name":"Capdevilla"},{"id":"104872","latitude":"-32.75000000","longitude":"-68.80000000","name":"Capdeville"},{"id":"104879","latitude":"-32.13333330","longitude":"-68.21666670","name":"Capilla del Rosario"},{"id":"104885","latitude":"-32.38333330","longitude":"-68.25000000","name":"Capilla San Jos\u00e9"},{"id":"104900","latitude":"-34.58333330","longitude":"-68.45000000","name":"Capit\u00e1n Montoya"},{"id":"104907","latitude":"-34.58333330","longitude":"-68.45000000","name":"Captain Montoya"},{"id":"104951","latitude":"-35.13333330","longitude":"-67.63333330","name":"Carmensa"},{"id":"104974","latitude":"-32.96666670","longitude":"-68.86666670","name":"Carrodilla"},{"id":"105008","latitude":"-34.65000000","longitude":"-67.48333330","name":"Caspar Campos"},{"id":"105117","latitude":"-36.18333330","longitude":"-69.66666670","name":"Chacras"},{"id":"105120","latitude":"-33.00000000","longitude":"-68.86666670","name":"Chacras de Coria"},{"id":"105159","latitude":"-32.98333330","longitude":"-68.43333330","name":"Chapanay"},{"id":"105208","latitude":"-33.88333330","longitude":"-69.05000000","name":"Chilecito"},{"id":"105343","latitude":"-36.25000000","longitude":"-69.45000000","name":"Coehue-C\u00f3"},{"id":"105380","latitude":"-32.66666670","longitude":"-68.61666670","name":"Colonia 3 de Mayo"},{"id":"105389","latitude":"-35.00000000","longitude":"-67.66666670","name":"Colonia Alvear"},{"id":"105390","latitude":"-35.00000000","longitude":"-67.66666670","name":"Colonia Alvear Oeste"},{"id":"105434","latitude":"-34.96666670","longitude":"-67.70000000","name":"Colonia de General Alvear"},{"id":"105465","latitude":"-37.55000000","longitude":"-68.08333330","name":"Colonia Gobernador Ayala"},{"id":"105495","latitude":"-33.60000000","longitude":"-69.10000000","name":"Colonia Las Rosas"},{"id":"105526","latitude":"-32.70000000","longitude":"-68.51666670","name":"Colonia Palmera"},{"id":"105586","latitude":"-33.33333330","longitude":"-68.03333330","name":"Colonia Sur"},{"id":"105593","latitude":"-32.66666670","longitude":"-68.61666670","name":"Colonia Tres de Mayo"},{"id":"105624","latitude":"-33.85000000","longitude":"-68.00000000","name":"Comandante Salas"},{"id":"105673","latitude":"-32.96666670","longitude":"-68.75000000","name":"Coquimbito"},{"id":"105756","latitude":"-34.70000000","longitude":"-67.06666670","name":"Corral de Horca"},{"id":"105759","latitude":"-34.70000000","longitude":"-67.06666670","name":"Corral de Lorca"},{"id":"105765","latitude":"-32.88333330","longitude":"-68.70000000","name":"Corralitos"},{"id":"105784","latitude":"-32.75000000","longitude":"-68.41666670","name":"Costa de Araujo"},{"id":"105785","latitude":"-32.75000000","longitude":"-68.41666670","name":"Costa del Araujo"},{"id":"105816","latitude":"-33.03333330","longitude":"-68.80000000","name":"Cruz de Piedra"},{"id":"105823","latitude":"-34.61666670","longitude":"-68.28333330","name":"Cuadro Nacional"},{"id":"105911","latitude":"-33.41666670","longitude":"-67.18333330","name":"Desaguadero"},{"id":"105912","latitude":"-33.41666670","longitude":"-67.18333330","name":"Desaguaredo"},{"id":"106036","latitude":"-33.76666670","longitude":"-69.06666670","name":"E. Bustos"},{"id":"106064","latitude":"-32.81666670","longitude":"-68.76666670","name":"El Algarrobal"},{"id":"106065","latitude":"-33.46666670","longitude":"-68.00000000","name":"El Algarrobo"},{"id":"106093","latitude":"-32.81666670","longitude":"-68.78333330","name":"El Borbolloncito"},{"id":"106094","latitude":"-32.80000000","longitude":"-68.75000000","name":"El Borboll\u00f3n"},{"id":"106124","latitude":"-33.30000000","longitude":"-68.75000000","name":"El Carrizal de Abajo"},{"id":"106125","latitude":"-33.23333330","longitude":"-68.80000000","name":"El Carrizal de Arriba"},{"id":"106129","latitude":"-32.80000000","longitude":"-68.36666670","name":"El Central"},{"id":"106140","latitude":"-32.85000000","longitude":"-68.93333330","name":"El Challao"},{"id":"106205","latitude":"-32.58333330","longitude":"-67.31666670","name":"El Forzado"},{"id":"106242","latitude":"-36.11666670","longitude":"-69.75000000","name":"El Manzano"},{"id":"106252","latitude":"-33.33333330","longitude":"-68.33333330","name":"El Mirador"},{"id":"106278","latitude":"-35.03333330","longitude":"-68.66666670","name":"El Nihuil"},{"id":"106300","latitude":"-33.05000000","longitude":"-68.68333330","name":"El Para\u00edso"},{"id":"106306","latitude":"-34.01666670","longitude":"-69.13333330","name":"El Parral"},{"id":"106309","latitude":"-32.76666670","longitude":"-68.71666670","name":"El Pastal"},{"id":"106325","latitude":"-32.83333330","longitude":"-68.78333330","name":"El Plumerillo"},{"id":"106373","latitude":"-32.45000000","longitude":"-67.40000000","name":"El Retamo"},{"id":"106402","latitude":"-32.86666670","longitude":"-68.76666670","name":"El Sauce"},{"id":"106413","latitude":"-35.06666670","longitude":"-69.56666670","name":"El Sosneado"},{"id":"106454","latitude":"-32.80000000","longitude":"-68.63333330","name":"El Vergel"},{"id":"106558","latitude":"-32.86666670","longitude":"-68.66666670","name":"Esquina Pescadero"},{"id":"106583","latitude":"-32.66666670","longitude":"-69.36666670","name":"Estaci\u00f3n Uspallata"},{"id":"106589","latitude":"-33.01666670","longitude":"-69.11666670","name":"Estancia Cacheuta"},{"id":"106601","latitude":"-33.13333330","longitude":"-67.48333330","name":"Estancia El Cercado"},{"id":"106625","latitude":"-33.46666670","longitude":"-69.28333330","name":"Estancia La Pampa"},{"id":"106641","latitude":"-33.58333330","longitude":"-68.06666670","name":"Estancia Pichi Ciego"},{"id":"106659","latitude":"-33.40000000","longitude":"-69.33333330","name":"Estancia Silva"},{"id":"106660","latitude":"-33.40000000","longitude":"-69.33333330","name":"Estancia Silvia"},{"id":"106667","latitude":"-32.58333330","longitude":"-69.33333330","name":"Estancia Uspallata"},{"id":"106694","latitude":"-33.76666670","longitude":"-69.06666670","name":"Eufenio Bustos"},{"id":"106696","latitude":"-33.76666670","longitude":"-69.06666670","name":"Eugenio Bustos"},{"id":"106702","latitude":"-32.81666670","longitude":"-70.05000000","name":"Eva Per\u00f3n"},{"id":"106757","latitude":"-32.75000000","longitude":"-68.71666670","name":"F.G. Moyano"},{"id":"106772","latitude":"-32.75000000","longitude":"-68.71666670","name":"F.J. Moyano"},{"id":"106816","latitude":"-35.03333330","longitude":"-68.66666670","name":"Fort\u00edn Nihuil"},{"id":"106846","latitude":"-32.75000000","longitude":"-68.71666670","name":"Francisco Javier Moyano"},{"id":"106856","latitude":"-33.01666670","longitude":"-68.65000000","name":"Fray L. Beltr\u00e1n"},{"id":"106859","latitude":"-33.01666670","longitude":"-68.65000000","name":"Fray Luis Beltr\u00e1n"},{"id":"106919","latitude":"-34.65000000","longitude":"-67.48333330","name":"Gaspar Campos"},{"id":"106928","latitude":"-34.65000000","longitude":"-67.48333330","name":"G. Campos"},{"id":"106941","latitude":"-34.96666670","longitude":"-67.70000000","name":"General Alvear"},{"id":"106974","latitude":"-32.95000000","longitude":"-68.80000000","name":"General Guti\u00e9rrez"},{"id":"106991","latitude":"-32.71666670","longitude":"-68.58333330","name":"General Lavalle"},{"id":"107016","latitude":"-33.00000000","longitude":"-68.71666670","name":"General Ortega"},{"id":"107041","latitude":"-33.06666670","longitude":"-68.46666670","name":"General San Mart\u00edn"},{"id":"107068","latitude":"-37.55000000","longitude":"-68.08333330","name":"Gobernador Ayala"},{"id":"107069","latitude":"-32.95000000","longitude":"-68.85000000","name":"Gobernador Benegas"},{"id":"107074","latitude":"-33.33333330","longitude":"-67.96666670","name":"Gobernador Civit"},{"id":"107088","latitude":"-32.70000000","longitude":"-68.58333330","name":"Gobernador L. Molina"},{"id":"107109","latitude":"-32.91666670","longitude":"-68.83333330","name":"Goday Cruz"},{"id":"107111","latitude":"-32.91666670","longitude":"-68.83333330","name":"Godoy Cruz"},{"id":"107114","latitude":"-34.63333330","longitude":"-67.66666670","name":"Goic\u00f3"},{"id":"107140","latitude":"-34.66666670","longitude":"-68.13333330","name":"Goudge"},{"id":"107205","latitude":"-32.90000000","longitude":"-68.78333330","name":"Guaymall\u00e9n"},{"id":"107215","latitude":"-32.85000000","longitude":"-69.25000000","name":"Guido"},{"id":"107233","latitude":"-33.70000000","longitude":"-69.26666670","name":"Haras General Las Heras"},{"id":"107281","latitude":"-32.75000000","longitude":"-68.83333330","name":"Hornito del Gringo"},{"id":"107387","latitude":"-34.73333330","longitude":"-68.36666670","name":"Ingeniero Balloffet"},{"id":"107397","latitude":"-32.70000000","longitude":"-68.31666670","name":"Ingeniero G. Andr\u00e9"},{"id":"107398","latitude":"-33.11666670","longitude":"-68.41666670","name":"Ingeniero Giagnoni"},{"id":"107401","latitude":"-32.70000000","longitude":"-68.31666670","name":"Ingeniero Gustavo Andr\u00e9"},{"id":"107509","latitude":"-36.10000000","longitude":"-69.35000000","name":"Jag\u00fcel Amarillo"},{"id":"107510","latitude":"-36.75000000","longitude":"-69.00000000","name":"Jaguel de la Chilca"},{"id":"107511","latitude":"-36.75000000","longitude":"-69.00000000","name":"Jag\u00fcel de las Chilcas"},{"id":"107512","latitude":"-37.10000000","longitude":"-68.30000000","name":"Jag\u00fcel del Mayo"},{"id":"107513","latitude":"-37.10000000","longitude":"-68.30000000","name":"Jag\u00fcel de Maya"},{"id":"107519","latitude":"-34.90000000","longitude":"-67.80000000","name":"Jaime Prats"},{"id":"107557","latitude":"-32.93333330","longitude":"-68.76666670","name":"Jes\u00fas Nazareno"},{"id":"107578","latitude":"-32.58333330","longitude":"-68.68333330","name":"Jocol\u00ed"},{"id":"107579","latitude":"-32.70000000","longitude":"-68.65000000","name":"Jocol\u00ed Viejo"},{"id":"107608","latitude":"-34.90000000","longitude":"-67.80000000","name":"J. Prats"},{"id":"107647","latitude":"-32.66666670","longitude":"-69.36666670","name":"Juan Per\u00f3n"},{"id":"107671","latitude":"-33.15000000","longitude":"-68.48333330","name":"Jun\u00edn"},{"id":"107710","latitude":"-32.91666670","longitude":"-68.71666670","name":"Kil\u00f3metro Once"},{"id":"107724","latitude":"-33.36666670","longitude":"-69.10000000","name":"La Arboleda"},{"id":"107792","latitude":"-32.96666670","longitude":"-68.86666670","name":"La Carrodilla"},{"id":"107796","latitude":"-33.15000000","longitude":"-67.40000000","name":"La Cautiva"},{"id":"107798","latitude":"-32.80000000","longitude":"-68.36666670","name":"La Central"},{"id":"107809","latitude":"-32.86666670","longitude":"-68.85000000","name":"La Cieneguita"},{"id":"107818","latitude":"-33.73333330","longitude":"-69.11666670","name":"La Consulata"},{"id":"107819","latitude":"-33.73333330","longitude":"-69.11666670","name":"La Consulta"},{"id":"107822","latitude":"-36.60000000","longitude":"-68.53333330","name":"La Cortadera de Moyano"},{"id":"107824","latitude":"-36.60000000","longitude":"-68.53333330","name":"La Cortadera"},{"id":"107826","latitude":"-33.23333330","longitude":"-68.18333330","name":"La Costa"},{"id":"107846","latitude":"-33.35000000","longitude":"-67.91666670","name":"La Dormida"},{"id":"107854","latitude":"-34.91666670","longitude":"-67.53333330","name":"La Escandinava"},{"id":"107856","latitude":"-36.15000000","longitude":"-68.30000000","name":"La Escondida"},{"id":"107948","latitude":"-32.88333330","longitude":"-68.76666670","name":"Lagunita"},{"id":"107957","latitude":"-32.76666670","longitude":"-68.56666670","name":"La Holanda"},{"id":"107963","latitude":"-32.70000000","longitude":"-68.76666670","name":"La Hullera"},{"id":"107981","latitude":"-34.66666670","longitude":"-69.31666670","name":"La Jaula"},{"id":"107984","latitude":"-35.25000000","longitude":"-69.48333330","name":"La Junta"},{"id":"107994","latitude":"-34.65000000","longitude":"-68.01666670","name":"La Llave"},{"id":"108018","latitude":"-35.00000000","longitude":"-67.61666670","name":"La Marsolina"},{"id":"108021","latitude":"-35.00000000","longitude":"-67.61666670","name":"La Marzolina"},{"id":"108033","latitude":"-35.11666670","longitude":"-66.85000000","name":"La Mora"},{"id":"108076","latitude":"-33.46666670","longitude":"-67.55000000","name":"La Paz"},{"id":"108078","latitude":"-32.80000000","longitude":"-68.66666670","name":"La Pega"},{"id":"108117","latitude":"-32.96666670","longitude":"-68.86666670","name":"La Puntilla"},{"id":"108195","latitude":"-33.30000000","longitude":"-68.03333330","name":"Las Catitas"},{"id":"108200","latitude":"-36.18333330","longitude":"-69.66666670","name":"Las Chacras"},{"id":"108213","latitude":"-33.03333330","longitude":"-68.98333330","name":"Las Compuertas"},{"id":"108220","latitude":"-32.81666670","longitude":"-70.05000000","name":"Las Cuevas"},{"id":"108247","latitude":"-32.85000000","longitude":"-68.81666670","name":"Las Heras"},{"id":"108266","latitude":"-35.25000000","longitude":"-69.48333330","name":"Las Juntas"},{"id":"108280","latitude":"-34.83333330","longitude":"-68.25000000","name":"Las Malvinas"},{"id":"108317","latitude":"-34.58333330","longitude":"-68.45000000","name":"Las Paredes"},{"id":"108411","latitude":"-32.80000000","longitude":"-68.83333330","name":"La Uni\u00f3n"},{"id":"108416","latitude":"-35.55000000","longitude":"-69.90000000","name":"La Valenciana"},{"id":"108421","latitude":"-32.71666670","longitude":"-68.58333330","name":"Lavalle"},{"id":"108540","latitude":"-33.16666670","longitude":"-67.86666670","name":"Lomas Blancas"},{"id":"108553","latitude":"-36.65000000","longitude":"-68.65000000","name":"Lonco Vaca"},{"id":"108573","latitude":"-34.10000000","longitude":"-69.15000000","name":"Los Alamito"},{"id":"108575","latitude":"-34.10000000","longitude":"-69.15000000","name":"Los Alamitos"},{"id":"108586","latitude":"-33.70000000","longitude":"-69.15000000","name":"Los Andes"},{"id":"108590","latitude":"-33.51666670","longitude":"-69.26666670","name":"Los Arboles de Villegas"},{"id":"108591","latitude":"-33.18333330","longitude":"-68.56666670","name":"Los \u00c1rboles"},{"id":"108647","latitude":"-35.05000000","longitude":"-67.13333330","name":"Los Huarpes"},{"id":"108674","latitude":"-35.18333330","longitude":"-69.90000000","name":"Los Molles"},{"id":"108693","latitude":"-35.63333330","longitude":"-68.06666670","name":"Los Pejes"},{"id":"108717","latitude":"-36.01666670","longitude":"-69.38333330","name":"Los Ramblones"},{"id":"108731","latitude":"-32.28333330","longitude":"-67.51666670","name":"Los Sauces"},{"id":"108739","latitude":"-32.83333330","longitude":"-68.78333330","name":"Los Tamarindos"},{"id":"108755","latitude":"-37.20000000","longitude":"-68.40000000","name":"Luanco"},{"id":"108776","latitude":"-33.05000000","longitude":"-68.86666670","name":"Luj\u00e1n de Cuyo"},{"id":"108779","latitude":"-33.05000000","longitude":"-68.86666670","name":"Luj\u00e1n"},{"id":"108788","latitude":"-33.03333330","longitude":"-68.81666670","name":"Lunlunta"},{"id":"108796","latitude":"-32.95000000","longitude":"-68.81666670","name":"Luzuriaga"},{"id":"108830","latitude":"-32.96666670","longitude":"-68.78333330","name":"Maip\u00fa"},{"id":"108837","latitude":"-36.76666670","longitude":"-68.83333330","name":"Mala Agilla"},{"id":"108841","latitude":"-35.46666670","longitude":"-69.58333330","name":"Malarg\u00fce"},{"id":"108901","latitude":"-33.60000000","longitude":"-67.11666670","name":"Maquinista Levet"},{"id":"108980","latitude":"-36.76666670","longitude":"-68.83333330","name":"Matancilla"},{"id":"108981","latitude":"-36.76666670","longitude":"-68.83333330","name":"Matansilla"},{"id":"109000","latitude":"-33.01666670","longitude":"-68.88333330","name":"Mayor Drummond"},{"id":"109001","latitude":"-33.01666670","longitude":"-68.88333330","name":"Mayor Drumond"},{"id":"109037","latitude":"-34.73333330","longitude":"-66.70000000","name":"Media Luna"},{"id":"109042","latitude":"-33.18333330","longitude":"-68.61666670","name":"Medrano"},{"id":"109052","latitude":"-32.88333330","longitude":"-68.81666670","name":"Mendoza"},{"id":"109095","latitude":"-35.86666670","longitude":"-70.06666670","name":"Minacar"},{"id":"109103","latitude":"-32.58333330","longitude":"-68.83333330","name":"Minas Salagasta"},{"id":"109173","latitude":"-35.18333330","longitude":"-69.90000000","name":"Molles"},{"id":"109193","latitude":"-34.60000000","longitude":"-67.90000000","name":"Monte Com\u00e1n"},{"id":"109303","latitude":"-34.05000000","longitude":"-67.96666670","name":"\u00d1acu\u00f1\u00e1n"},{"id":"109361","latitude":"-35.03333330","longitude":"-68.66666670","name":"Niguil"},{"id":"109362","latitude":"-35.03333330","longitude":"-68.66666670","name":"Nihuil"},{"id":"109371","latitude":"-37.00000000","longitude":"-68.41666670","name":"\u00d1ire-C\u00f3"},{"id":"109394","latitude":"-32.75000000","longitude":"-68.33333330","name":"Nueva California"},{"id":"109514","latitude":"-34.68333330","longitude":"-67.26666670","name":"Ovejer\u00eda"},{"id":"109569","latitude":"-33.05000000","longitude":"-68.56666670","name":"Palmira"},{"id":"109607","latitude":"-34.71666670","longitude":"-66.86666670","name":"Pampa del Tigre"},{"id":"109629","latitude":"-33.43333330","longitude":"-67.28333330","name":"Pampita"},{"id":"109637","latitude":"-32.83333330","longitude":"-68.83333330","name":"Panqueh\u00e1"},{"id":"109638","latitude":"-32.83333330","longitude":"-68.83333330","name":"Panquena"},{"id":"109639","latitude":"-32.83333330","longitude":"-68.83333330","name":"Panqueua"},{"id":"109669","latitude":"-33.93333330","longitude":"-69.06666670","name":"Pareditas"},{"id":"109764","latitude":"-32.96666670","longitude":"-68.68333330","name":"Pedregal"},{"id":"109777","latitude":"-34.61666670","longitude":"-68.46666670","name":"Pedro Vargas"},{"id":"109787","latitude":"-33.11666670","longitude":"-68.60000000","name":"Pe\u00f1a"},{"id":"109789","latitude":"-37.00000000","longitude":"-68.41666670","name":"Pe\u00f1ico"},{"id":"109799","latitude":"-33.08333330","longitude":"-68.88333330","name":"Perdriel"},{"id":"109822","latitude":"-33.20000000","longitude":"-68.38333330","name":"Philipps"},{"id":"109833","latitude":"-33.58333330","longitude":"-68.06666670","name":"Pichi Ciego"},{"id":"109908","latitude":"-33.50000000","longitude":"-67.41666670","name":"Pirguita"},{"id":"109910","latitude":"-33.50000000","longitude":"-67.41666670","name":"Pirquita"},{"id":"109948","latitude":"-32.78333330","longitude":"-69.63333330","name":"Polvaredas"},{"id":"109982","latitude":"-32.95000000","longitude":"-69.18333330","name":"Potrerillos"},{"id":"110115","latitude":"-32.91666670","longitude":"-68.71666670","name":"Pueblo Nuevo"},{"id":"110135","latitude":"-32.81666670","longitude":"-69.91666670","name":"Puente del Inca"},{"id":"110306","latitude":"-32.78333330","longitude":"-69.63333330","name":"Puesto Polvareda"},{"id":"110332","latitude":"-35.51666670","longitude":"-68.08333330","name":"Punta del Agua"},{"id":"110336","latitude":"-32.85000000","longitude":"-69.75000000","name":"Punta de las Vacas"},{"id":"110342","latitude":"-32.85000000","longitude":"-69.75000000","name":"Punta de Vacas"},{"id":"110353","latitude":"-32.96666670","longitude":"-68.86666670","name":"Puntilla"},{"id":"110402","latitude":"-26.63333330","longitude":"-65.43333330","name":"Raco"},{"id":"110413","latitude":"-34.66666670","longitude":"-68.38333330","name":"Rama Ca\u00edda"},{"id":"110446","latitude":"-36.68333330","longitude":"-69.15000000","name":"Ranhuil"},{"id":"110449","latitude":"-36.21666670","longitude":"-69.48333330","name":"Ranquil- Co"},{"id":"110450","latitude":"-37.15000000","longitude":"-68.35000000","name":"Ranquilc\u00f3"},{"id":"110452","latitude":"-36.65000000","longitude":"-69.78333330","name":"Ranquil del Norte"},{"id":"110453","latitude":"-37.15000000","longitude":"-68.35000000","name":"Ranquile"},{"id":"110454","latitude":"-36.16666670","longitude":"-69.45000000","name":"Ranquiles"},{"id":"110455","latitude":"-36.65000000","longitude":"-69.78333330","name":"Ranquil Norte"},{"id":"110457","latitude":"-36.68333330","longitude":"-69.15000000","name":"Ranquil"},{"id":"110476","latitude":"-34.83333330","longitude":"-67.76666670","name":"Real del Padre"},{"id":"110477","latitude":"-34.83333330","longitude":"-67.76666670","name":"Real de Padre"},{"id":"110499","latitude":"-37.00000000","longitude":"-68.41666670","name":"Re\u00f1ico"},{"id":"110508","latitude":"-34.53333330","longitude":"-68.10000000","name":"Resolana"},{"id":"110534","latitude":"-34.73333330","longitude":"-68.36666670","name":"Rinc\u00f3n del Atuel"},{"id":"110599","latitude":"-33.18333330","longitude":"-68.46666670","name":"Rivadavia"},{"id":"110622","latitude":"-32.91666670","longitude":"-68.73333330","name":"Rodeo de la Cruz"},{"id":"110623","latitude":"-32.98333330","longitude":"-68.68333330","name":"Rodeo del Medio"},{"id":"110635","latitude":"-34.65000000","longitude":"-68.01666670","name":"Rodolfo Isel\u00edn"},{"id":"110637","latitude":"-33.11666670","longitude":"-68.60000000","name":"Rodr\u00edguez Pe\u00f1a"},{"id":"110698","latitude":"-33.00000000","longitude":"-68.78333330","name":"Russell"},{"id":"110732","latitude":"-32.58333330","longitude":"-68.83333330","name":"Salagasta"},{"id":"110750","latitude":"-34.71666670","longitude":"-68.23333330","name":"Salto de las Rosas"},{"id":"110836","latitude":"-33.76666670","longitude":"-69.03333330","name":"San Carlos"},{"id":"110971","latitude":"-32.38333330","longitude":"-68.25000000","name":"San Jos\u00e9"},{"id":"111025","latitude":"-33.06666670","longitude":"-68.46666670","name":"San Mart\u00edn"},{"id":"111044","latitude":"-32.28333330","longitude":"-67.51666670","name":"San Miguel"},{"id":"111082","latitude":"-34.60000000","longitude":"-68.33333330","name":"San Rafael"},{"id":"111097","latitude":"-33.05000000","longitude":"-68.58333330","name":"San Roque"},{"id":"111169","latitude":"-33.20000000","longitude":"-68.43333330","name":"Santa Mar\u00eda de Oro"},{"id":"111204","latitude":"-33.25000000","longitude":"-68.15000000","name":"Santa Rosa"},{"id":"111392","latitude":"-35.01666670","longitude":"-67.85000000","name":"Soitu\u00e9"},{"id":"111411","latitude":"-33.60000000","longitude":"-67.11666670","name":"Sopanta"},{"id":"111608","latitude":"-32.51666670","longitude":"-69.01666670","name":"Termas Villavicencio"},{"id":"111743","latitude":"-32.66666670","longitude":"-68.61666670","name":"Tres de Mayo"},{"id":"111745","latitude":"-33.15000000","longitude":"-68.55000000","name":"Tres Esquinas"},{"id":"111765","latitude":"-32.88333330","longitude":"-68.38333330","name":"Tres Porte\u00f1as"},{"id":"111799","latitude":"-32.71666670","longitude":"-68.58333330","name":"Tulumaya"},{"id":"111809","latitude":"-33.56666670","longitude":"-69.01666670","name":"Tunuy\u00e1n"},{"id":"111810","latitude":"-33.36666670","longitude":"-69.13333330","name":"Tupungata"},{"id":"111811","latitude":"-33.36666670","longitude":"-69.13333330","name":"Tupungato"},{"id":"111829","latitude":"-33.21666670","longitude":"-68.88333330","name":"Ugarteche"},{"id":"111858","latitude":"-32.58333330","longitude":"-69.33333330","name":"Uspallata"},{"id":"111902","latitude":"-34.58333330","longitude":"-68.55000000","name":"Veinticinco de Mayo"},{"id":"111953","latitude":"-34.58333330","longitude":"-68.55000000","name":"Villa 25 de Mayo"},{"id":"111980","latitude":"-34.83333330","longitude":"-67.90000000","name":"Villa Atuel"},{"id":"111986","latitude":"-33.33333330","longitude":"-69.13333330","name":"Villa Bast\u00eda"},{"id":"112065","latitude":"-32.95000000","longitude":"-68.81666670","name":"Villa Edelmira"},{"id":"112083","latitude":"-32.81666670","longitude":"-70.05000000","name":"Villa Eva Per\u00f3n"},{"id":"112121","latitude":"-32.91666670","longitude":"-68.83333330","name":"Villa Hip\u00f3dromo"},{"id":"112134","latitude":"-33.15000000","longitude":"-68.48333330","name":"Villa Jun\u00edn"},{"id":"112140","latitude":"-33.45000000","longitude":"-67.63333330","name":"Villa La Paz"},{"id":"112164","latitude":"-35.46666670","longitude":"-69.58333330","name":"Villa Malarg\u00fce"},{"id":"112171","latitude":"-32.91666670","longitude":"-68.86666670","name":"Villa Marini"},{"id":"112195","latitude":"-32.90000000","longitude":"-68.78333330","name":"Villa Nueva de Guaymall\u00e9n"},{"id":"112199","latitude":"-32.90000000","longitude":"-68.78333330","name":"Villa Nueva"},{"id":"112251","latitude":"-33.76666670","longitude":"-69.03333330","name":"Villa San Carlos"},{"id":"112269","latitude":"-33.25000000","longitude":"-68.15000000","name":"Villa Santa Rosa"},{"id":"112279","latitude":"-33.55000000","longitude":"-69.16666670","name":"Villa Seca"},{"id":"112290","latitude":"-32.71666670","longitude":"-68.58333330","name":"Villa Tulumaya"},{"id":"112292","latitude":"-33.36666670","longitude":"-69.13333330","name":"Villa Tupungato"},{"id":"112327","latitude":"-33.63333330","longitude":"-69.15000000","name":"Vista Flores"},{"id":"112328","latitude":"-33.01666670","longitude":"-68.88333330","name":"Vistalba"},{"id":"112417","latitude":"-33.48333330","longitude":"-69.00000000","name":"Zapata"}]