[{"id":"826875","latitude":"52.10000000","longitude":"-1.70000000","name":"Admington"},{"id":"826931","latitude":"51.61666700","longitude":"-2.33333300","name":"Alderley"},{"id":"826948","latitude":"51.78333300","longitude":"-1.76666700","name":"Aldsworth"},{"id":"827059","latitude":"51.70444400","longitude":"-2.57527800","name":"Alvington"},{"id":"827092","latitude":"51.86666700","longitude":"-1.95000000","name":"Andoversford"},{"id":"827245","latitude":"51.80000000","longitude":"-2.43333300","name":"Arlingham"},{"id":"827322","latitude":"51.65000000","longitude":"-2.10000000","name":"Ashley"},{"id":"827391","latitude":"51.91666700","longitude":"-2.45000000","name":"Aston Ingham"},{"id":"827478","latitude":"51.68083300","longitude":"-2.17222200","name":"Avening"},{"id":"827486","latitude":"51.76666700","longitude":"-2.43333300","name":"Awre"},{"id":"827534","latitude":"51.23333300","longitude":"0.86666700","name":"Badlesmere"},{"id":"827845","latitude":"51.91666700","longitude":"-1.85000000","name":"Barton"},{"id":"827911","latitude":"52.35000000","longitude":"-2.45000000","name":"Bayton"},{"id":"828085","latitude":"51.69111100","longitude":"-2.45916700","name":"Berkeley"},{"id":"828145","latitude":"51.64333300","longitude":"-2.20333300","name":"Beverston"},{"id":"828146","latitude":"51.64333300","longitude":"-2.20333300","name":"Beverstone"},{"id":"828243","latitude":"51.81666700","longitude":"-2.10000000","name":"Birdlip"},{"id":"828306","latitude":"51.75000000","longitude":"-2.13333300","name":"Bisley"},{"id":"828375","latitude":"51.76666700","longitude":"-2.46666700","name":"Blakeney"},{"id":"828411","latitude":"52.01666700","longitude":"-1.75000000","name":"Blockley"},{"id":"828588","latitude":"51.98333300","longitude":"-1.73333300","name":"Bourton"},{"id":"828594","latitude":"51.98333300","longitude":"-1.73333300","name":"Bourton on the Hill"},{"id":"828772","latitude":"51.75000000","longitude":"-2.57666700","name":"Bream"},{"id":"828789","latitude":"52.03333300","longitude":"-2.11666700","name":"Bredon"},{"id":"828876","latitude":"51.81666700","longitude":"-2.08333300","name":"Brimpsfield"},{"id":"828878","latitude":"51.72166700","longitude":"-2.19222200","name":"Brimscombe"},{"id":"828938","latitude":"51.98333300","longitude":"-2.58333300","name":"Brockhampton"},{"id":"828946","latitude":"51.85000000","longitude":"-2.16666700","name":"Brockworth"},{"id":"828966","latitude":"52.00000000","longitude":"-2.38333300","name":"Bromsberrow"},{"id":"828983","latitude":"51.80000000","longitude":"-2.23333300","name":"Brookthorpe"},{"id":"829118","latitude":"51.86666700","longitude":"-2.35000000","name":"Bulley"},{"id":"829245","latitude":"51.66666700","longitude":"-1.66666700","name":"Buscot"},{"id":"829249","latitude":"52.00000000","longitude":"-2.18333300","name":"Bushley"},{"id":"829376","latitude":"51.73333300","longitude":"-2.36666700","name":"Cambridge"},{"id":"829381","latitude":"51.69666700","longitude":"-2.36805600","name":"Cam"},{"id":"829594","latitude":"51.65000000","longitude":"-1.78333300","name":"Castle Eaton"},{"id":"829602","latitude":"52.03333300","longitude":"-2.30000000","name":"Castlemorton"},{"id":"829705","latitude":"51.72583300","longitude":"-2.15138900","name":"Chalford"},{"id":"829735","latitude":"51.20000000","longitude":"0.80000000","name":"Charing"},{"id":"829751","latitude":"51.86666700","longitude":"-2.06666700","name":"Charlton Kings"},{"id":"829789","latitude":"51.80000000","longitude":"-1.91666700","name":"Chedworth"},{"id":"829803","latitude":"51.90000000","longitude":"-2.08333300","name":"Cheltenham"},{"id":"829812","latitude":"51.68666700","longitude":"-2.13888900","name":"Cherington"},{"id":"829820","latitude":"51.68666700","longitude":"-2.13888900","name":"Cherrington"},{"id":"829907","latitude":"52.03333300","longitude":"-1.78333300","name":"Chipping Campden"},{"id":"829962","latitude":"51.88333300","longitude":"-2.16666700","name":"Churchdown"},{"id":"829964","latitude":"52.01666700","longitude":"-2.15000000","name":"Church End"},{"id":"829992","latitude":"51.73333300","longitude":"-1.98333300","name":"Cicester"},{"id":"830002","latitude":"51.81666700","longitude":"-2.48333300","name":"Cinderford"},{"id":"830003","latitude":"51.73333300","longitude":"-1.98333300","name":"Cirencester"},{"id":"830065","latitude":"51.75333300","longitude":"-2.34111100","name":"Claypits"},{"id":"830184","latitude":"51.71277800","longitude":"-2.33000000","name":"Coaley"},{"id":"830191","latitude":"51.70750000","longitude":"-2.03388900","name":"Coates"},{"id":"830194","latitude":"51.83333300","longitude":"-2.05000000","name":"Coberley"},{"id":"830261","latitude":"51.80000000","longitude":"-2.60000000","name":"Coleford"},{"id":"830268","latitude":"51.81666700","longitude":"-2.00000000","name":"Colesborne"},{"id":"830297","latitude":"51.73333300","longitude":"-1.78333300","name":"Coln Saint Aldwyn"},{"id":"830350","latitude":"51.95000000","longitude":"-1.76666700","name":"Condicote"},{"id":"830415","latitude":"52.36666700","longitude":"-2.56666700","name":"Coreley"},{"id":"830550","latitude":"51.83333300","longitude":"-2.05000000","name":"Cowley"},{"id":"830783","latitude":"51.93333300","longitude":"-2.51666700","name":"Crow Hill"},{"id":"830822","latitude":"51.83333300","longitude":"-2.05000000","name":"Cubberley"},{"id":"830957","latitude":"51.74555600","longitude":"-2.01277800","name":"Daglingworth"},{"id":"831165","latitude":"51.58472200","longitude":"-2.26111100","name":"Didmarton"},{"id":"831224","latitude":"51.26666700","longitude":"0.76666700","name":"Doddington"},{"id":"831265","latitude":"52.00000000","longitude":"-2.41666700","name":"Donnington"},{"id":"831301","latitude":"51.86666700","longitude":"-2.00000000","name":"Dowdeswell"},{"id":"831303","latitude":"51.66666700","longitude":"-1.85000000","name":"Down Ampney"},{"id":"831395","latitude":"51.85000000","longitude":"-2.50000000","name":"Drybrook"},{"id":"831403","latitude":"51.74333300","longitude":"-2.24000000","name":"Dudbridge"},{"id":"831532","latitude":"51.68138900","longitude":"-2.35333300","name":"Dursley"},{"id":"831545","latitude":"51.98333300","longitude":"-2.43333300","name":"Dymock"},{"id":"831570","latitude":"52.06666700","longitude":"-2.20000000","name":"Earls Croome"},{"id":"831680","latitude":"51.74722200","longitude":"-2.32638900","name":"Eastington"},{"id":"831689","latitude":"51.73333300","longitude":"-1.70000000","name":"Eastleach"},{"id":"831690","latitude":"51.73333300","longitude":"-1.70000000","name":"Eastleach Martin"},{"id":"831691","latitude":"51.73333300","longitude":"-1.70000000","name":"Eastleach Turville"},{"id":"831695","latitude":"51.26666700","longitude":"0.81666700","name":"Eastling"},{"id":"831775","latitude":"52.05000000","longitude":"-1.73333300","name":"Ebrington"},{"id":"831807","latitude":"51.75000000","longitude":"-2.08333300","name":"Edgeworth"},{"id":"831868","latitude":"51.98333300","longitude":"-2.30000000","name":"Eldersfield"},{"id":"831885","latitude":"51.80000000","longitude":"-2.05000000","name":"Elkstone"},{"id":"831920","latitude":"51.83333300","longitude":"-2.31666700","name":"Elmore"},{"id":"832073","latitude":"51.66666700","longitude":"-2.00000000","name":"Ewen"},{"id":"832110","latitude":"51.70000000","longitude":"-1.78333300","name":"Fairford"},{"id":"832147","latitude":"51.83333300","longitude":"-1.80000000","name":"Farmington"},{"id":"832354","latitude":"51.83333300","longitude":"-2.45000000","name":"Flaxley"},{"id":"832480","latitude":"52.00000000","longitude":"-2.60000000","name":"Fownhope"},{"id":"832487","latitude":"51.95000000","longitude":"-2.58333300","name":"Foy"},{"id":"832491","latitude":"51.80000000","longitude":"-2.36666700","name":"Framilode"},{"id":"832495","latitude":"51.76666700","longitude":"-2.36666700","name":"Frampton"},{"id":"832497","latitude":"51.76666700","longitude":"-2.36666700","name":"Frampton on Severn"},{"id":"832550","latitude":"51.72777800","longitude":"-2.31111100","name":"Frocester"},{"id":"832860","latitude":"51.83333300","longitude":"-2.25000000","name":"Gloucester"},{"id":"832897","latitude":"51.90000000","longitude":"-2.13333300","name":"Golden Valley"},{"id":"832910","latitude":"51.86666700","longitude":"-2.61666700","name":"Goodrich"},{"id":"833182","latitude":"51.83333300","longitude":"-2.13333300","name":"Great Witcombe"},{"id":"833290","latitude":"51.91666700","longitude":"-1.86666700","name":"Guiting Power"},{"id":"833445","latitude":"51.83333300","longitude":"-1.85000000","name":"Hampnett"},{"id":"833472","latitude":"52.28333300","longitude":"-2.51666700","name":"Hanley Child"},{"id":"833477","latitude":"51.63333300","longitude":"-1.75000000","name":"Hannington"},{"id":"833503","latitude":"51.81666700","longitude":"-2.30000000","name":"Hardwicke"},{"id":"833510","latitude":"51.78333300","longitude":"-2.23333300","name":"Harescombe"},{"id":"833511","latitude":"51.78333300","longitude":"-2.26666700","name":"Haresfield"},{"id":"833622","latitude":"51.73333300","longitude":"-1.76666700","name":"Hatherop"},{"id":"833668","latitude":"51.90000000","longitude":"-1.90000000","name":"Hawling"},{"id":"833790","latitude":"51.85000000","longitude":"-2.26666700","name":"Hempstead"},{"id":"833873","latitude":"51.71583300","longitude":"-2.62444400","name":"Hewelsfield"},{"id":"833945","latitude":"51.61666700","longitude":"-1.70000000","name":"Highworth"},{"id":"833956","latitude":"51.60444400","longitude":"-2.33555600","name":"Hillesley"},{"id":"833971","latitude":"51.60444400","longitude":"-2.33555600","name":"Hillsley"},{"id":"834022","latitude":"51.96666700","longitude":"-2.66666700","name":"Hoarwithy"},{"id":"834204","latitude":"51.68333300","longitude":"-2.23333300","name":"Horsley"},{"id":"834269","latitude":"51.85000000","longitude":"-2.18333300","name":"Hucclecote"},{"id":"834315","latitude":"51.86666700","longitude":"-2.40000000","name":"Huntley"},{"id":"834412","latitude":"52.08333300","longitude":"-1.68333300","name":"Ilmington"},{"id":"834676","latitude":"51.67666700","longitude":"-2.01805600","name":"Kemble"},{"id":"834680","latitude":"51.96666700","longitude":"-2.48333300","name":"Kempley"},{"id":"834682","latitude":"51.66666700","longitude":"-1.76666700","name":"Kempsford"},{"id":"834712","latitude":"51.25000000","longitude":"0.75000000","name":"Kent"},{"id":"834726","latitude":"51.86666700","longitude":"-2.58333300","name":"Kerne Bridge"},{"id":"834920","latitude":"51.93333300","longitude":"-1.85000000","name":"Kineton"},{"id":"834941","latitude":"51.66666700","longitude":"-2.26666700","name":"Kingscote"},{"id":"834966","latitude":"51.73000000","longitude":"-2.27361100","name":"King's Stanley"},{"id":"834996","latitude":"51.62583300","longitude":"-2.36722200","name":"Kingswood"},{"id":"835401","latitude":"51.64333300","longitude":"-2.25555600","name":"Lasborough"},{"id":"835463","latitude":"51.90000000","longitude":"-2.50000000","name":"Lea"},{"id":"835478","latitude":"51.23333300","longitude":"0.85000000","name":"Leaveland"},{"id":"835483","latitude":"51.70000000","longitude":"-1.70000000","name":"Lechlade"},{"id":"835486","latitude":"51.86666700","longitude":"-2.08333300","name":"Leckhampton"},{"id":"835527","latitude":"51.61833300","longitude":"-2.25750000","name":"Leighterton"},{"id":"835544","latitude":"52.00000000","longitude":"-1.68333300","name":"Lemington"},{"id":"835548","latitude":"51.23333300","longitude":"0.71666700","name":"Lenham"},{"id":"835655","latitude":"52.31666700","longitude":"-2.46666700","name":"Lindridge"},{"id":"835666","latitude":"51.30000000","longitude":"0.78333300","name":"Linsted"},{"id":"835672","latitude":"51.93333300","longitude":"-2.50000000","name":"Linton"},{"id":"835747","latitude":"51.81666700","longitude":"-2.46666700","name":"Little Dean"},{"id":"835754","latitude":"51.70000000","longitude":"-1.66666700","name":"Little Faringdon"},{"id":"835843","latitude":"51.83333300","longitude":"-2.11666700","name":"Little Witcombe"},{"id":"836218","latitude":"51.95000000","longitude":"-2.71666700","name":"Llanwarne"},{"id":"836341","latitude":"51.95000000","longitude":"-1.73333300","name":"Longborough"},{"id":"836354","latitude":"52.01666700","longitude":"-2.23333300","name":"Longdon"},{"id":"836367","latitude":"52.00000000","longitude":"-2.23333300","name":"Long Green"},{"id":"836372","latitude":"51.86666700","longitude":"-2.45000000","name":"Longhope"},{"id":"836389","latitude":"51.62638900","longitude":"-2.13333300","name":"Long Newnton"},{"id":"836390","latitude":"51.62638900","longitude":"-2.13333300","name":"Long Newton"},{"id":"836393","latitude":"51.81666700","longitude":"-2.51666700","name":"Longney"},{"id":"836467","latitude":"51.70666700","longitude":"-2.36611100","name":"Lower Cam"},{"id":"836491","latitude":"52.00000000","longitude":"-1.68333300","name":"Lower Lemington"},{"id":"836499","latitude":"51.78333300","longitude":"-2.48333300","name":"Lower Soudley"},{"id":"836502","latitude":"51.91666700","longitude":"-1.75000000","name":"Lower Swell"},{"id":"836595","latitude":"51.85000000","longitude":"-2.58333300","name":"Lydbrook"},{"id":"836607","latitude":"51.72694400","longitude":"-2.53083300","name":"Lydney"},{"id":"836628","latitude":"51.30000000","longitude":"0.78333300","name":"Lynsted"},{"id":"836719","latitude":"52.33333300","longitude":"-2.45000000","name":"Mamble"},{"id":"836854","latitude":"51.66666700","longitude":"-1.81666700","name":"Marston Maisey"},{"id":"836859","latitude":"51.66666700","longitude":"-1.81666700","name":"Marston Meysey"},{"id":"836905","latitude":"51.83333300","longitude":"-2.21666700","name":"Matson"},{"id":"837049","latitude":"51.68333300","longitude":"-1.81666700","name":"Meysey Hampton"},{"id":"837050","latitude":"51.68333300","longitude":"-1.81666700","name":"Meysey"},{"id":"837063","latitude":"52.08333300","longitude":"-1.76666700","name":"Mickleton"},{"id":"837130","latitude":"51.86666700","longitude":"-2.48333300","name":"Milcheldean"},{"id":"837205","latitude":"51.70527800","longitude":"-2.18750000","name":"Minchinhampton"},{"id":"837221","latitude":"51.78333300","longitude":"-2.10000000","name":"Miserden"},{"id":"837227","latitude":"51.86666700","longitude":"-2.48333300","name":"Mitcheldean"},{"id":"837338","latitude":"51.98333300","longitude":"-1.70000000","name":"Moreton in Marsh"},{"id":"837339","latitude":"51.98333300","longitude":"-1.70000000","name":"Moreton in the Marsh"},{"id":"837513","latitude":"51.69444400","longitude":"-2.22166700","name":"Nailsworth"},{"id":"837540","latitude":"51.90000000","longitude":"-1.83333300","name":"Naunton"},{"id":"837559","latitude":"52.38333300","longitude":"-2.46666700","name":"Neen Savage"},{"id":"837682","latitude":"51.93333300","longitude":"-2.40000000","name":"Newent"},{"id":"837689","latitude":"51.80000000","longitude":"-2.43333300","name":"Newham"},{"id":"837703","latitude":"51.78333300","longitude":"-2.65000000","name":"Newland"},{"id":"837724","latitude":"51.26666700","longitude":"0.80000000","name":"Newnham"},{"id":"837865","latitude":"51.76666700","longitude":"-1.96666700","name":"North Cerney"},{"id":"837916","latitude":"51.83333300","longitude":"-1.81666700","name":"Northleach"},{"id":"837935","latitude":"51.66055600","longitude":"-2.37555600","name":"North Nibley"},{"id":"837993","latitude":"51.30000000","longitude":"0.81666700","name":"Norton"},{"id":"838008","latitude":"51.86666700","longitude":"-1.83333300","name":"Notgrove"},{"id":"838032","latitude":"51.70388900","longitude":"-2.28722200","name":"Nymphsfield"},{"id":"838033","latitude":"51.70388900","longitude":"-2.28722200","name":"Nympsfield"},{"id":"838044","latitude":"51.85000000","longitude":"-2.35000000","name":"Oakle Street"},{"id":"838097","latitude":"51.58972200","longitude":"-2.26527800","name":"Oldbury"},{"id":"838102","latitude":"51.58972200","longitude":"-2.26527800","name":"Oldbury on the Hill"},{"id":"838206","latitude":"51.25000000","longitude":"0.78333300","name":"Otterden"},{"id":"838300","latitude":"51.78333300","longitude":"-2.18333300","name":"Painswick"},{"id":"838339","latitude":"51.76666700","longitude":"-2.55000000","name":"Parkend"},{"id":"838383","latitude":"51.95000000","longitude":"-2.36666700","name":"Pauntley"},{"id":"838428","latitude":"51.93333300","longitude":"-2.70000000","name":"Pencoyd"},{"id":"838540","latitude":"51.91666700","longitude":"-2.63333300","name":"Peterstow"},{"id":"838970","latitude":"51.73777800","longitude":"-2.44861100","name":"Purton"},{"id":"839005","latitude":"51.81666700","longitude":"-2.28333300","name":"Quedgeley"},{"id":"839015","latitude":"51.71666700","longitude":"-1.78333300","name":"Quenington"},{"id":"839018","latitude":"52.11666700","longitude":"-1.73333300","name":"Quinton"},{"id":"839079","latitude":"51.76666700","longitude":"-2.25000000","name":"Randwick"},{"id":"839157","latitude":"51.98333300","longitude":"-2.36666700","name":"Redmarley D'Abitot"},{"id":"839296","latitude":"52.03333300","longitude":"-2.18333300","name":"Ripple"},{"id":"839356","latitude":"51.68333300","longitude":"-2.08333300","name":"Rodmarton"},{"id":"839423","latitude":"51.91666700","longitude":"-2.56666700","name":"Ross on Wye"},{"id":"839424","latitude":"51.91666700","longitude":"-2.56666700","name":"Ross"},{"id":"839551","latitude":"51.73722200","longitude":"-2.27250000","name":"Ryeford"},{"id":"839595","latitude":"51.73555600","longitude":"-2.64111100","name":"Saint Briavels"},{"id":"839743","latitude":"51.91666700","longitude":"-2.71666700","name":"Saint Weonard"},{"id":"839744","latitude":"51.91666700","longitude":"-2.71666700","name":"Saint Weonards"},{"id":"839768","latitude":"51.86666700","longitude":"-1.88333300","name":"Salperton"},{"id":"839847","latitude":"51.72944400","longitude":"-2.07833300","name":"Sapperton"},{"id":"840017","latitude":"51.95000000","longitude":"-2.63333300","name":"Sellack"},{"id":"840086","latitude":"51.71972200","longitude":"-2.47750000","name":"Sharpness"},{"id":"840196","latitude":"51.60388900","longitude":"-2.15888900","name":"Shipton Moyne"},{"id":"840197","latitude":"51.85000000","longitude":"-1.93333300","name":"Shipton"},{"id":"840256","latitude":"51.86666700","longitude":"-2.11666700","name":"Shurdington"},{"id":"840275","latitude":"51.80000000","longitude":"-2.05000000","name":"Side"},{"id":"840391","latitude":"51.90000000","longitude":"-1.76666700","name":"Slaughter"},{"id":"840400","latitude":"51.73250000","longitude":"-2.37805600","name":"Slimbridge"},{"id":"840590","latitude":"51.71666700","longitude":"-1.71666700","name":"Southrop"},{"id":"840720","latitude":"51.21666700","longitude":"0.81666700","name":"Stalisfield"},{"id":"840730","latitude":"51.76666700","longitude":"-2.28333300","name":"Standish"},{"id":"840740","latitude":"52.28333300","longitude":"-2.43333300","name":"Stanford on Teme"},{"id":"840742","latitude":"52.28333300","longitude":"-2.43333300","name":"Stanford"},{"id":"840767","latitude":"51.60000000","longitude":"-1.73333300","name":"Stanton Fitzwarren"},{"id":"840810","latitude":"51.81666700","longitude":"-2.65000000","name":"Staunton"},{"id":"840907","latitude":"52.30000000","longitude":"-2.41666700","name":"Stockton on Teme"},{"id":"840908","latitude":"52.30000000","longitude":"-2.41666700","name":"Stockton"},{"id":"840920","latitude":"52.26666700","longitude":"-2.51666700","name":"Stoke Bliss"},{"id":"840973","latitude":"55.66666700","longitude":"-3.98333300","name":"Stonehouse"},{"id":"840977","latitude":"51.65583300","longitude":"-2.45694400","name":"Stone"},{"id":"841081","latitude":"52.06666700","longitude":"-2.15000000","name":"Strensham"},{"id":"841087","latitude":"52.03333300","longitude":"-1.68333300","name":"Stretton on Fosse"},{"id":"841089","latitude":"52.03333300","longitude":"-1.68333300","name":"Stretton"},{"id":"841109","latitude":"51.75000000","longitude":"-2.20000000","name":"Stroud"},{"id":"841273","latitude":"51.80000000","longitude":"-2.05000000","name":"Syde"},{"id":"841350","latitude":"51.69388900","longitude":"-2.05833300","name":"Tarlton"},{"id":"841410","latitude":"51.93333300","longitude":"-1.85000000","name":"Temple Guiting"},{"id":"841435","latitude":"51.63944400","longitude":"-2.16222200","name":"Tetbury"},{"id":"841446","latitude":"52.00000000","longitude":"-2.15000000","name":"Tewkesbury"},{"id":"841624","latitude":"51.90000000","longitude":"-2.35000000","name":"Tibberton"},{"id":"841637","latitude":"51.66000000","longitude":"-2.64055600","name":"Tidenham"},{"id":"841846","latitude":"51.96666700","longitude":"-2.13333300","name":"Tredington"},{"id":"841981","latitude":"51.85000000","longitude":"-1.83333300","name":"Turkdean"},{"id":"841997","latitude":"51.65111100","longitude":"-2.66500000","name":"Tutshill"},{"id":"842066","latitude":"51.68416700","longitude":"-2.30583300","name":"Uley"},{"id":"842096","latitude":"51.95000000","longitude":"-2.36666700","name":"Upleadon"},{"id":"842143","latitude":"52.26666700","longitude":"-2.46666700","name":"Upper Sapey"},{"id":"842146","latitude":"51.90000000","longitude":"-1.76666700","name":"Upper Slaughter"},{"id":"842153","latitude":"51.93333300","longitude":"-1.75000000","name":"Upper Swell"},{"id":"842157","latitude":"51.95000000","longitude":"-2.51666700","name":"Upton Bishop"},{"id":"842267","latitude":"51.88333300","longitude":"-2.60000000","name":"Walford"},{"id":"842659","latitude":"51.88333300","longitude":"-1.86666700","name":"Westfield"},{"id":"842750","latitude":"51.91666700","longitude":"-2.53333300","name":"Weston under Penyard"},{"id":"842757","latitude":"51.91666700","longitude":"-2.53333300","name":"Weston"},{"id":"842868","latitude":"51.68333300","longitude":"-1.75000000","name":"Whelford"},{"id":"842896","latitude":"51.83333300","longitude":"-2.13333300","name":"Whitcomb"},{"id":"842904","latitude":"51.75000000","longitude":"-2.55000000","name":"Whitecroft"},{"id":"842960","latitude":"51.88333300","longitude":"-1.96666700","name":"Whittington"},{"id":"842984","latitude":"51.26666700","longitude":"0.75000000","name":"Wichling"},{"id":"843088","latitude":"51.91666700","longitude":"-2.60000000","name":"Wilton"},{"id":"843198","latitude":"51.83333300","longitude":"-2.13333300","name":"Witcombe"},{"id":"843207","latitude":"51.83333300","longitude":"-1.95000000","name":"Withington"},{"id":"843276","latitude":"51.72500000","longitude":"-2.23194400","name":"Woodchester"},{"id":"843322","latitude":"51.69138900","longitude":"-2.59583300","name":"Woolaston"},{"id":"843410","latitude":"51.63805600","longitude":"-2.34611100","name":"Wotton-under-Edge"},{"id":"843490","latitude":"51.81666700","longitude":"-1.88333300","name":"Yanworth"},{"id":"843508","latitude":"51.96666700","longitude":"-2.53333300","name":"Yatton"}]