[{"id":"826890","latitude":"54.31666700","longitude":"-1.48333300","name":"Ainderby"},{"id":"826891","latitude":"54.31666700","longitude":"-1.48333300","name":"Ainderby Steeple"},{"id":"828247","latitude":"54.41666700","longitude":"-1.48333300","name":"Birkby"},{"id":"828535","latitude":"54.30000000","longitude":"-1.35000000","name":"Borrowby"},{"id":"828962","latitude":"54.35000000","longitude":"-1.41666700","name":"Brompton"},{"id":"830556","latitude":"54.41666700","longitude":"-1.53333300","name":"Cowton"},{"id":"831018","latitude":"54.38333300","longitude":"-1.48333300","name":"Danby Wiske"},{"id":"831621","latitude":"54.41666700","longitude":"-1.53333300","name":"East Cowton"},{"id":"831665","latitude":"54.38333300","longitude":"-1.35000000","name":"East Harlsey"},{"id":"833110","latitude":"54.36666700","longitude":"-1.55000000","name":"Great Langton"},{"id":"833553","latitude":"53.98333300","longitude":"-1.53333300","name":"Harrogate"},{"id":"835066","latitude":"54.35000000","longitude":"-1.35000000","name":"Kirby Sigston"},{"id":"835096","latitude":"53.93333300","longitude":"-1.50000000","name":"Kirkby Overblow"},{"id":"835367","latitude":"54.36666700","longitude":"-1.55000000","name":"Langton"},{"id":"835461","latitude":"54.31666700","longitude":"-1.33333300","name":"Leake"},{"id":"835780","latitude":"54.35000000","longitude":"-1.53333300","name":"Little Langton"},{"id":"835813","latitude":"54.41666700","longitude":"-1.46666700","name":"Little Smeaton"},{"id":"836912","latitude":"54.26666700","longitude":"-1.45000000","name":"Maunby"},{"id":"837587","latitude":"54.31666700","longitude":"-1.30000000","name":"Nether Silton"},{"id":"837657","latitude":"54.28333300","longitude":"-1.43333300","name":"Newby Wiske"},{"id":"837845","latitude":"54.33333300","longitude":"-1.43333300","name":"Northallerton"},{"id":"837879","latitude":"54.40000000","longitude":"-1.55000000","name":"North Cowton"},{"id":"838194","latitude":"54.36666700","longitude":"-1.30000000","name":"Osmotherley"},{"id":"838211","latitude":"54.28333300","longitude":"-1.41666700","name":"Otterington"},{"id":"838239","latitude":"54.33333300","longitude":"-1.30000000","name":"Over Silton"},{"id":"838320","latitude":"53.95000000","longitude":"-1.53333300","name":"Pannal"},{"id":"840283","latitude":"54.35000000","longitude":"-1.35000000","name":"Sigston"},{"id":"840295","latitude":"54.33333300","longitude":"-1.30000000","name":"Silton"},{"id":"840578","latitude":"54.28333300","longitude":"-1.41666700","name":"South Otterington"},{"id":"840801","latitude":"53.98333300","longitude":"-1.50000000","name":"Starbeck"},{"id":"841579","latitude":"54.33333300","longitude":"-1.50000000","name":"Thrintoft"},{"id":"843488","latitude":"54.35000000","longitude":"-1.46666700","name":"Yafforth"}]