[{"id":"826893","latitude":"54.80000000","longitude":"-2.73333300","name":"Ainstable"},{"id":"826917","latitude":"52.21666700","longitude":"-1.86666700","name":"Alcester"},{"id":"826935","latitude":"52.13333300","longitude":"-1.66666700","name":"Alderminster"},{"id":"827056","latitude":"52.20000000","longitude":"-1.65000000","name":"Alveston"},{"id":"827069","latitude":"51.85000000","longitude":"-1.11666700","name":"Ambrosden"},{"id":"827125","latitude":"52.43333300","longitude":"-1.41666700","name":"Ansty"},{"id":"827244","latitude":"52.50000000","longitude":"-1.58333300","name":"Arley"},{"id":"827251","latitude":"54.80000000","longitude":"-2.76666700","name":"Armathwaite"},{"id":"827332","latitude":"52.31666700","longitude":"-1.53333300","name":"Ashow"},{"id":"827388","latitude":"52.23333300","longitude":"-1.80000000","name":"Aston Cantlow"},{"id":"827399","latitude":"52.25000000","longitude":"-1.93333300","name":"Astwood Bank"},{"id":"827405","latitude":"52.56666700","longitude":"-1.55000000","name":"Atherstone"},{"id":"827484","latitude":"52.13333300","longitude":"-1.40000000","name":"Avon Dassett"},{"id":"827742","latitude":"52.23333300","longitude":"-1.60000000","name":"Barford"},{"id":"827840","latitude":"52.38333300","longitude":"-1.68333300","name":"Barston"},{"id":"827904","latitude":"52.56666700","longitude":"-1.58333300","name":"Baxterley"},{"id":"827926","latitude":"52.23333300","longitude":"-1.73333300","name":"Bearley"},{"id":"827953","latitude":"51.78333300","longitude":"-1.18333300","name":"Beckley"},{"id":"827973","latitude":"52.46666700","longitude":"-1.46666700","name":"Bedworth"},{"id":"828181","latitude":"52.15000000","longitude":"-1.85000000","name":"Bidford"},{"id":"828200","latitude":"52.20000000","longitude":"-1.78333300","name":"Billesey"},{"id":"828201","latitude":"52.20000000","longitude":"-1.78333300","name":"Billesley"},{"id":"828216","latitude":"52.35000000","longitude":"-1.28333300","name":"Bilton"},{"id":"828227","latitude":"52.16666700","longitude":"-1.78333300","name":"Binton"},{"id":"828229","latitude":"52.30000000","longitude":"-1.36666700","name":"Birbury"},{"id":"828241","latitude":"52.30000000","longitude":"-1.36666700","name":"Birdingbury"},{"id":"828242","latitude":"52.30000000","longitude":"-1.36666700","name":"Birdington"},{"id":"828278","latitude":"51.95000000","longitude":"-2.06666700","name":"Bishops Cleeve"},{"id":"828282","latitude":"52.20000000","longitude":"-1.43333300","name":"Bishops Itchington"},{"id":"828289","latitude":"52.23333300","longitude":"-1.53333300","name":"Bishops Tachbrook"},{"id":"828438","latitude":"51.81666700","longitude":"-1.08333300","name":"Boarstall"},{"id":"828873","latitude":"51.81666700","longitude":"-1.05000000","name":"Brill"},{"id":"828926","latitude":"52.28333300","longitude":"-1.33333300","name":"Broadwell"},{"id":"828987","latitude":"52.16666700","longitude":"-1.85000000","name":"Broom"},{"id":"829065","latitude":"52.33333300","longitude":"-1.46666700","name":"Bubbenhall"},{"id":"829114","latitude":"52.46666700","longitude":"-1.41666700","name":"Bulkington"},{"id":"829641","latitude":"52.38333300","longitude":"-1.18333300","name":"Catthorpe"},{"id":"829693","latitude":"52.16666700","longitude":"-1.48333300","name":"Chadshunt"},{"id":"829738","latitude":"52.20000000","longitude":"-1.61666700","name":"Charlecote"},{"id":"829745","latitude":"51.90000000","longitude":"-1.95000000","name":"Charlton Abbots"},{"id":"829748","latitude":"51.83333300","longitude":"-1.18333300","name":"Charlton"},{"id":"829755","latitude":"51.83333300","longitude":"-1.18333300","name":"Charlton on Otmoor"},{"id":"829986","latitude":"52.08333300","longitude":"-1.50000000","name":"Church Tysoe"},{"id":"830049","latitude":"52.26666700","longitude":"-1.70000000","name":"Claverdon"},{"id":"830109","latitude":"52.38333300","longitude":"-1.21666700","name":"Clifton"},{"id":"830112","latitude":"52.38333300","longitude":"-1.21666700","name":"Clifton on Dunsmore"},{"id":"830113","latitude":"52.38333300","longitude":"-1.21666700","name":"Clifton upon Dunsmore"},{"id":"830332","latitude":"52.15000000","longitude":"-1.55000000","name":"Combrook"},{"id":"830346","latitude":"52.16666700","longitude":"-1.53333300","name":"Compton Verney"},{"id":"830347","latitude":"52.06666700","longitude":"-1.51666700","name":"Compton Wyniates"},{"id":"830466","latitude":"52.40000000","longitude":"-1.26666700","name":"Cosford"},{"id":"830478","latitude":"54.83333300","longitude":"-2.81666700","name":"Cotehill"},{"id":"830503","latitude":"52.23333300","longitude":"-1.88333300","name":"Coughton"},{"id":"830565","latitude":"52.26666700","longitude":"-1.93333300","name":"Crabbs Cross"},{"id":"830740","latitude":"54.91666700","longitude":"-2.85000000","name":"Crosby"},{"id":"830882","latitude":"54.83333300","longitude":"-2.70000000","name":"Cumrew"},{"id":"830883","latitude":"54.85000000","longitude":"-2.85000000","name":"Cumwhinton"},{"id":"830884","latitude":"54.85000000","longitude":"-2.76666700","name":"Cumwhitton"},{"id":"831447","latitude":"52.33333300","longitude":"-1.28333300","name":"Dunchurch"},{"id":"831764","latitude":"52.13333300","longitude":"-1.60000000","name":"Eatington"},{"id":"831999","latitude":"52.05000000","longitude":"-1.48333300","name":"Epwell"},{"id":"832047","latitude":"52.13333300","longitude":"-1.60000000","name":"Ettington"},{"id":"832083","latitude":"52.45000000","longitude":"-1.48333300","name":"Exhall"},{"id":"832226","latitude":"52.15000000","longitude":"-1.38333300","name":"Fenny Compton"},{"id":"832391","latitude":"52.43333300","longitude":"-1.46666700","name":"Foleshill"},{"id":"832597","latitude":"52.16666700","longitude":"-1.48333300","name":"Gadshunt"},{"id":"832702","latitude":"52.16666700","longitude":"-1.46666700","name":"Gaydon"},{"id":"832980","latitude":"52.28333300","longitude":"-1.28333300","name":"Grandborough"},{"id":"833017","latitude":"52.21666700","longitude":"-1.81666700","name":"Great Alne"},{"id":"833218","latitude":"52.60000000","longitude":"-1.56666700","name":"Grendon"},{"id":"833228","latitude":"51.96666700","longitude":"-1.98333300","name":"Gretton"},{"id":"833386","latitude":"52.10000000","longitude":"-1.61666700","name":"Halford"},{"id":"833454","latitude":"52.20000000","longitude":"-1.61666700","name":"Hampton Lucy"},{"id":"833490","latitude":"52.40000000","longitude":"-1.30000000","name":"Harborough"},{"id":"833491","latitude":"52.40000000","longitude":"-1.30000000","name":"Harborough Magna"},{"id":"833494","latitude":"52.23333300","longitude":"-1.45000000","name":"Harbury"},{"id":"833627","latitude":"52.30000000","longitude":"-1.65000000","name":"Hatton"},{"id":"833812","latitude":"52.28333300","longitude":"-1.76666700","name":"Henley in Arden"},{"id":"833895","latitude":"52.55000000","longitude":"-1.43333300","name":"Higham on the Hill"},{"id":"833966","latitude":"52.35000000","longitude":"-1.21666700","name":"Hillmorton"},{"id":"834125","latitude":"52.35000000","longitude":"-1.65000000","name":"Honiley"},{"id":"834254","latitude":"54.88333300","longitude":"-2.76666700","name":"How"},{"id":"834327","latitude":"52.55000000","longitude":"-1.63333300","name":"Hurley"},{"id":"834690","latitude":"52.35000000","longitude":"-1.58333300","name":"Kenilworth"},{"id":"834921","latitude":"52.15000000","longitude":"-1.50000000","name":"Kineton"},{"id":"834999","latitude":"52.33333300","longitude":"-1.71666700","name":"Kingswood"},{"id":"835275","latitude":"52.21666700","longitude":"-1.38333300","name":"Ladbroke"},{"id":"835276","latitude":"52.21666700","longitude":"-1.38333300","name":"Ladbrooke"},{"id":"835350","latitude":"52.25000000","longitude":"-1.71666700","name":"Langley"},{"id":"835388","latitude":"52.33333300","longitude":"-1.75000000","name":"Lapworth"},{"id":"835470","latitude":"52.30000000","longitude":"-1.53333300","name":"Leamington"},{"id":"835471","latitude":"52.30000000","longitude":"-1.53333300","name":"Leamington Spa"},{"id":"835508","latitude":"52.30000000","longitude":"-1.56666700","name":"Leek Wootton"},{"id":"835627","latitude":"52.18333300","longitude":"-1.50000000","name":"Lighthorne"},{"id":"835629","latitude":"52.38333300","longitude":"-1.16666700","name":"Lilbourne"},{"id":"835636","latitude":"52.28333300","longitude":"-1.51666700","name":"Lillington"},{"id":"836362","latitude":"52.43333300","longitude":"-1.48333300","name":"Longford"},{"id":"836375","latitude":"52.26666700","longitude":"-1.38333300","name":"Long Itchington"},{"id":"836376","latitude":"52.36666700","longitude":"-1.30000000","name":"Long Lawford"},{"id":"836497","latitude":"52.25000000","longitude":"-1.28333300","name":"Lower Shuckburgh"},{"id":"836510","latitude":"54.80000000","longitude":"-2.81666700","name":"Low Hesket"},{"id":"836527","latitude":"52.16666700","longitude":"-1.61666700","name":"Loxley"},{"id":"836550","latitude":"51.76666700","longitude":"-1.08333300","name":"Ludgershall"},{"id":"836560","latitude":"51.76666700","longitude":"-1.08333300","name":"Lugershall"},{"id":"836881","latitude":"52.30000000","longitude":"-1.40000000","name":"Marton"},{"id":"837108","latitude":"52.08333300","longitude":"-1.50000000","name":"Middle Tysoe"},{"id":"837202","latitude":"52.28333300","longitude":"-1.55000000","name":"Milverton"},{"id":"837528","latitude":"52.23333300","longitude":"-1.31666700","name":"Napton"},{"id":"837529","latitude":"52.23333300","longitude":"-1.31666700","name":"Napton on the Hill"},{"id":"837623","latitude":"52.36666700","longitude":"-1.28333300","name":"New Bilton"},{"id":"837625","latitude":"52.38333300","longitude":"-1.28333300","name":"Newbold"},{"id":"837626","latitude":"52.38333300","longitude":"-1.28333300","name":"Newbold on Avon"},{"id":"837627","latitude":"52.11666700","longitude":"-1.63333300","name":"Newbold on Stour"},{"id":"837628","latitude":"52.11666700","longitude":"-1.63333300","name":"Newbold-upon-Stour"},{"id":"837654","latitude":"54.90000000","longitude":"-2.80000000","name":"Newby"},{"id":"837990","latitude":"52.25000000","longitude":"-1.66666700","name":"Norton Lindsey"},{"id":"838016","latitude":"52.51666700","longitude":"-1.46666700","name":"Nuneaton"},{"id":"838047","latitude":"51.80000000","longitude":"-1.06666700","name":"Oakley"},{"id":"838069","latitude":"51.81666700","longitude":"-1.20000000","name":"Oddington"},{"id":"838073","latitude":"52.28333300","longitude":"-1.46666700","name":"Offchurch"},{"id":"838121","latitude":"52.28333300","longitude":"-1.55000000","name":"Old Milverton"},{"id":"838185","latitude":"52.61666700","longitude":"-1.53333300","name":"Orton on the Hill"},{"id":"838187","latitude":"52.61666700","longitude":"-1.53333300","name":"Orton"},{"id":"838247","latitude":"52.50000000","longitude":"-1.61666700","name":"Over Whitacre"},{"id":"838270","latitude":"52.10000000","longitude":"-1.53333300","name":"Oxhill"},{"id":"838296","latitude":"52.41666700","longitude":"-1.30000000","name":"Pailton"},{"id":"838564","latitude":"51.83333300","longitude":"-1.06666700","name":"Piddington"},{"id":"838671","latitude":"52.60000000","longitude":"-1.60000000","name":"Polesworth"},{"id":"838906","latitude":"52.28333300","longitude":"-1.73333300","name":"Preston Bagot"},{"id":"838932","latitude":"52.20000000","longitude":"-1.28333300","name":"Priors Marston"},{"id":"839104","latitude":"52.11666700","longitude":"-1.43333300","name":"Ratley"},{"id":"839465","latitude":"52.31666700","longitude":"-1.70000000","name":"Rowington"},{"id":"839481","latitude":"52.30000000","longitude":"-1.53333300","name":"Royal Leamington Spa"},{"id":"839505","latitude":"52.36666700","longitude":"-1.25000000","name":"Rugby"},{"id":"839757","latitude":"52.15000000","longitude":"-1.88333300","name":"Salford Priors"},{"id":"839938","latitude":"54.86666700","longitude":"-2.86666700","name":"Scotby"},{"id":"840104","latitude":"52.60000000","longitude":"-1.51666700","name":"Sheepy"},{"id":"840125","latitude":"52.06666700","longitude":"-1.45000000","name":"Shenington"},{"id":"840183","latitude":"52.45000000","longitude":"-1.40000000","name":"Shilton"},{"id":"840236","latitude":"52.18333300","longitude":"-1.71666700","name":"Shottery"},{"id":"840247","latitude":"52.30000000","longitude":"-1.66666700","name":"Shrewley"},{"id":"840253","latitude":"52.25000000","longitude":"-1.28333300","name":"Shuckburgh"},{"id":"840257","latitude":"52.50000000","longitude":"-1.63333300","name":"Shustoke"},{"id":"840266","latitude":"52.60000000","longitude":"-1.46666700","name":"Sibson"},{"id":"840439","latitude":"52.23333300","longitude":"-1.73333300","name":"Snitterfield"},{"id":"840487","latitude":"51.93333300","longitude":"-2.05000000","name":"Southam"},{"id":"840773","latitude":"51.76666700","longitude":"-1.15000000","name":"Stanton Saint John"},{"id":"840894","latitude":"52.51666700","longitude":"-1.50000000","name":"Stockingford"},{"id":"840912","latitude":"52.26666700","longitude":"-1.35000000","name":"Stockton"},{"id":"840974","latitude":"52.35000000","longitude":"-1.51666700","name":"Stoneleigh"},{"id":"841051","latitude":"52.18333300","longitude":"-1.70000000","name":"Stratford on Avon"},{"id":"841053","latitude":"52.18333300","longitude":"-1.70000000","name":"Stratford"},{"id":"841054","latitude":"52.18333300","longitude":"-1.70000000","name":"Stratford-upon-Avon"},{"id":"841093","latitude":"52.41666700","longitude":"-1.33333300","name":"Stretton"},{"id":"841094","latitude":"52.41666700","longitude":"-1.33333300","name":"Stretton under Fosse"},{"id":"841123","latitude":"51.80000000","longitude":"-1.13333300","name":"Studley"},{"id":"841334","latitude":"52.31666700","longitude":"-1.83333300","name":"Tanworth"},{"id":"841402","latitude":"52.36666700","longitude":"-1.68333300","name":"Temple Balsall"},{"id":"841409","latitude":"52.18333300","longitude":"-1.81666700","name":"Temple Grafton"},{"id":"841600","latitude":"52.33333300","longitude":"-1.31666700","name":"Thurlaston"},{"id":"841652","latitude":"52.38333300","longitude":"-1.58333300","name":"Tile Hill"},{"id":"842036","latitude":"52.08333300","longitude":"-1.50000000","name":"Tysoe"},{"id":"842053","latitude":"52.25000000","longitude":"-1.43333300","name":"Ufton"},{"id":"842069","latitude":"52.30000000","longitude":"-1.81666700","name":"Ullenhall"},{"id":"842304","latitude":"52.41666700","longitude":"-1.43333300","name":"Walsgrave on Sowe"},{"id":"842305","latitude":"52.41666700","longitude":"-1.43333300","name":"Walsgrave"},{"id":"842395","latitude":"52.11666700","longitude":"-1.40000000","name":"Warmington"},{"id":"842418","latitude":"52.28333300","longitude":"-1.58333300","name":"Warwick"},{"id":"842427","latitude":"52.21666700","longitude":"-1.60000000","name":"Wasperton"},{"id":"842505","latitude":"52.18333300","longitude":"-1.91666700","name":"Weethley"},{"id":"842519","latitude":"52.18333300","longitude":"-1.58333300","name":"Wellesbourne Hastings"},{"id":"842520","latitude":"52.18333300","longitude":"-1.58333300","name":"Wellesbourne Mountford"},{"id":"842521","latitude":"52.18333300","longitude":"-1.58333300","name":"Wellesbourne"},{"id":"842741","latitude":"52.15000000","longitude":"-1.76666700","name":"Weston on Avon"},{"id":"842766","latitude":"52.15000000","longitude":"-1.76666700","name":"Weston"},{"id":"842826","latitude":"54.86666700","longitude":"-2.81666700","name":"Wetheral"},{"id":"842853","latitude":"52.08333300","longitude":"-1.55000000","name":"Whatcote"},{"id":"842946","latitude":"52.25000000","longitude":"-1.51666700","name":"Whitnash"},{"id":"843074","latitude":"52.21666700","longitude":"-1.75000000","name":"Wilmcote"},{"id":"843103","latitude":"51.95000000","longitude":"-1.96666700","name":"Winchcombe"},{"id":"843104","latitude":"51.95000000","longitude":"-1.96666700","name":"Winchcomb"},{"id":"843232","latitude":"52.18333300","longitude":"-1.86666700","name":"Wixford"},{"id":"843258","latitude":"52.25000000","longitude":"-1.70000000","name":"Wolverton"},{"id":"843335","latitude":"51.96666700","longitude":"-2.06666700","name":"Woolstone"},{"id":"843337","latitude":"51.96666700","longitude":"-2.06666700","name":"Woolston"},{"id":"843356","latitude":"52.25000000","longitude":"-1.76666700","name":"Wootton Wawen"},{"id":"843428","latitude":"54.81666700","longitude":"-2.86666700","name":"Wreay"},{"id":"843447","latitude":"52.31666700","longitude":"-1.66666700","name":"Wroxall"},{"id":"843463","latitude":"52.41666700","longitude":"-1.46666700","name":"Wyken"}]