[{"id":"826887","latitude":"54.86666700","longitude":"-6.36666700","name":"Ahoghill"},{"id":"827626","latitude":"54.91666700","longitude":"-6.21666700","name":"Ballycloghan"},{"id":"827643","latitude":"54.85000000","longitude":"-6.33333300","name":"Ballykennedy"},{"id":"827653","latitude":"54.86666700","longitude":"-6.26666700","name":"Ballymena"},{"id":"829003","latitude":"54.90000000","longitude":"-6.20000000","name":"Broughshane"},{"id":"829339","latitude":"54.86666700","longitude":"-6.31666700","name":"Calgorm"},{"id":"829468","latitude":"54.98333300","longitude":"-6.16666700","name":"Cargan"},{"id":"830128","latitude":"54.96666700","longitude":"-6.28333300","name":"Clogh"},{"id":"830130","latitude":"54.98333300","longitude":"-6.33333300","name":"Clogh Mills"},{"id":"830140","latitude":"54.96666700","longitude":"-6.28333300","name":"Clough"},{"id":"830370","latitude":"54.80000000","longitude":"-6.20000000","name":"Connor"},{"id":"830856","latitude":"54.88333300","longitude":"-6.35000000","name":"Cullybackey"},{"id":"830857","latitude":"54.88333300","longitude":"-6.35000000","name":"Cullybacky"},{"id":"832612","latitude":"54.86666700","longitude":"-6.31666700","name":"Galgorm"},{"id":"832962","latitude":"54.85000000","longitude":"-6.33333300","name":"Gracehill"},{"id":"834545","latitude":"55.00000000","longitude":"-6.28333300","name":"Irish Omerbane"},{"id":"834660","latitude":"54.80000000","longitude":"-6.21666700","name":"Kells"},{"id":"835224","latitude":"54.96666700","longitude":"-6.21666700","name":"Knockanully"},{"id":"835695","latitude":"54.90000000","longitude":"-6.46666700","name":"Lisrodden"},{"id":"837308","latitude":"54.81666700","longitude":"-6.15000000","name":"Moorfields"},{"id":"837800","latitude":"54.98333300","longitude":"-6.21666700","name":"Newtown Crommelin"},{"id":"838149","latitude":"55.00000000","longitude":"-6.28333300","name":"Omerbane"},{"id":"838150","latitude":"55.00000000","longitude":"-6.28333300","name":"Omerbank"},{"id":"838784","latitude":"54.88333300","longitude":"-6.45000000","name":"Portglenone"},{"id":"839098","latitude":"54.93333300","longitude":"-6.25000000","name":"Rathkenny"},{"id":"839101","latitude":"54.95000000","longitude":"-6.23333300","name":"Rathsberry"},{"id":"839102","latitude":"54.95000000","longitude":"-6.23333300","name":"Rathsherry"},{"id":"840674","latitude":"54.95000000","longitude":"-6.31666700","name":"Springmount"},{"id":"841392","latitude":"54.90000000","longitude":"-6.31666700","name":"Teeshan"},{"id":"841480","latitude":"54.91666700","longitude":"-6.06666700","name":"The Sheddings"},{"id":"842923","latitude":"54.80000000","longitude":"-6.35000000","name":"Whitesides Corner"}]