[{"id":"826898","latitude":"55.85000000","longitude":"-3.98333300","name":"Airdrie"},{"id":"827555","latitude":"55.85000000","longitude":"-4.13333300","name":"Bailleston"},{"id":"827556","latitude":"55.85000000","longitude":"-4.13333300","name":"Baillieston"},{"id":"828030","latitude":"55.81666700","longitude":"-4.01666700","name":"Bellshill"},{"id":"828560","latitude":"55.80000000","longitude":"-4.06666700","name":"Bothwell"},{"id":"829334","latitude":"55.88333300","longitude":"-3.88333300","name":"Caldercruix"},{"id":"829467","latitude":"55.80000000","longitude":"-3.95000000","name":"Carfin"},{"id":"829720","latitude":"55.83333300","longitude":"-3.93333300","name":"Chapelhall"},{"id":"830190","latitude":"55.86666700","longitude":"-4.03333300","name":"Coatbridge"},{"id":"831014","latitude":"55.78333300","longitude":"-3.96666700","name":"Dalzell"},{"id":"831015","latitude":"55.78333300","longitude":"-3.96666700","name":"Dalziel"},{"id":"832816","latitude":"55.88333300","longitude":"-4.03333300","name":"Glenboig"},{"id":"833573","latitude":"55.86666700","longitude":"-3.75000000","name":"Harthill"},{"id":"833587","latitude":"55.80000000","longitude":"-3.83333300","name":"Hartwood"},{"id":"833955","latitude":"55.88333300","longitude":"-3.86666700","name":"Hillend Reservoir"},{"id":"834119","latitude":"55.81666700","longitude":"-3.95000000","name":"Holytown"},{"id":"835144","latitude":"55.83333300","longitude":"-3.85000000","name":"Kirk of Shotts"},{"id":"835145","latitude":"55.83333300","longitude":"-3.85000000","name":"Kirk O'Shoth"},{"id":"835146","latitude":"55.83333300","longitude":"-3.85000000","name":"Kirk O'Shotts"},{"id":"836401","latitude":"55.90000000","longitude":"-3.88333300","name":"Longriggend"},{"id":"837252","latitude":"55.91666700","longitude":"-4.03333300","name":"Mollinburn"},{"id":"837381","latitude":"55.81666700","longitude":"-4.00000000","name":"Mossend"},{"id":"837391","latitude":"55.78333300","longitude":"-4.00000000","name":"Motherwell"},{"id":"837696","latitude":"55.81666700","longitude":"-3.86666700","name":"Newhouse"},{"id":"837723","latitude":"55.88333300","longitude":"-4.00000000","name":"New Monkland"},{"id":"838122","latitude":"55.83333300","longitude":"-4.01666700","name":"Old Monkland"},{"id":"840241","latitude":"55.83333300","longitude":"-3.85000000","name":"Shotts"},{"id":"840509","latitude":"55.80000000","longitude":"-3.75000000","name":"South Cobbinshaw"},{"id":"842046","latitude":"55.80000000","longitude":"-4.06666700","name":"Uddingston"}]