[{"id":"826961","latitude":"50.80000000","longitude":"0.15000000","name":"Alfriston"},{"id":"827189","latitude":"51.03333300","longitude":"-0.08333300","name":"Ardingly"},{"id":"827292","latitude":"50.90000000","longitude":"0.40000000","name":"Ashburnham"},{"id":"827570","latitude":"51.05000000","longitude":"-0.11666700","name":"Balcombe"},{"id":"827891","latitude":"50.91666700","longitude":"0.50000000","name":"Battle"},{"id":"827913","latitude":"50.98333300","longitude":"-0.10000000","name":"Baywards Heath"},{"id":"827952","latitude":"50.96666700","longitude":"0.63333300","name":"Beckley"},{"id":"827960","latitude":"50.83333300","longitude":"0.05000000","name":"Beddingham"},{"id":"828105","latitude":"50.81666700","longitude":"0.15000000","name":"Berwick"},{"id":"828143","latitude":"50.83333300","longitude":"-0.10000000","name":"Bevendean"},{"id":"828152","latitude":"50.85000000","longitude":"0.48333300","name":"Bexhill"},{"id":"828294","latitude":"50.78333300","longitude":"0.08333300","name":"Bishopstone"},{"id":"828480","latitude":"50.98333300","longitude":"-0.20000000","name":"Bolney"},{"id":"828562","latitude":"50.98333300","longitude":"-0.20000000","name":"Botney"},{"id":"828784","latitude":"50.91666700","longitude":"0.60000000","name":"Brede"},{"id":"828862","latitude":"50.95000000","longitude":"0.40000000","name":"Brightling"},{"id":"828864","latitude":"50.83333300","longitude":"-0.15000000","name":"Brighton"},{"id":"829236","latitude":"51.00000000","longitude":"0.38333300","name":"Burwash"},{"id":"829269","latitude":"50.98333300","longitude":"0.13333300","name":"Buxted"},{"id":"829635","latitude":"50.88333300","longitude":"0.45000000","name":"Catsfield"},{"id":"829696","latitude":"50.95000000","longitude":"-0.01666700","name":"Chailey"},{"id":"829712","latitude":"50.85000000","longitude":"0.15000000","name":"Chalvington"},{"id":"829869","latitude":"50.90000000","longitude":"0.18333300","name":"Chiddingly"},{"id":"830069","latitude":"50.90000000","longitude":"-0.15000000","name":"Clayton"},{"id":"830106","latitude":"53.00000000","longitude":"-1.75000000","name":"Clifton"},{"id":"830390","latitude":"50.90000000","longitude":"-0.01666700","name":"Cooksbridge"},{"id":"830763","latitude":"50.96666700","longitude":"0.21666700","name":"Cross in Hand"},{"id":"830777","latitude":"51.05000000","longitude":"0.15000000","name":"Crowborough"},{"id":"830784","latitude":"50.86666700","longitude":"0.50000000","name":"Crowhurst"},{"id":"830827","latitude":"51.01666700","longitude":"-0.13333300","name":"Cuckfield"},{"id":"830983","latitude":"50.93333300","longitude":"0.36666700","name":"Dallington"},{"id":"831111","latitude":"50.78333300","longitude":"0.06666700","name":"Denton"},{"id":"831210","latitude":"50.91666700","longitude":"-0.10000000","name":"Ditchelling"},{"id":"831212","latitude":"50.91666700","longitude":"-0.10000000","name":"Ditchling"},{"id":"831599","latitude":"50.80000000","longitude":"0.25000000","name":"Eastbourne"},{"id":"831624","latitude":"50.75000000","longitude":"0.20000000","name":"Eastdean"},{"id":"831654","latitude":"50.95000000","longitude":"0.75000000","name":"East Guldeford"},{"id":"831672","latitude":"50.91666700","longitude":"0.16666700","name":"East Hoathly"},{"id":"832040","latitude":"51.00000000","longitude":"0.43333300","name":"Etchingham"},{"id":"832113","latitude":"50.88333300","longitude":"0.63333300","name":"Fairlight"},{"id":"832125","latitude":"50.85000000","longitude":"-0.06666700","name":"Falmer"},{"id":"832188","latitude":"51.08333300","longitude":"-0.25000000","name":"Faygate"},{"id":"832362","latitude":"50.98333300","longitude":"0.03333300","name":"Fletching"},{"id":"832418","latitude":"51.08333300","longitude":"-0.03333300","name":"Forest Row"},{"id":"832490","latitude":"50.95000000","longitude":"0.13333300","name":"Framfield"},{"id":"832503","latitude":"51.08333300","longitude":"0.26666700","name":"Frant"},{"id":"832540","latitude":"50.75000000","longitude":"0.20000000","name":"Friston"},{"id":"832865","latitude":"50.85000000","longitude":"0.06666700","name":"Glynde"},{"id":"833264","latitude":"51.10000000","longitude":"0.18333300","name":"Groombridge"},{"id":"833279","latitude":"50.88333300","longitude":"0.63333300","name":"Guestling"},{"id":"833359","latitude":"50.98333300","longitude":"0.18333300","name":"Hadlow Down"},{"id":"833371","latitude":"50.86666700","longitude":"0.26666700","name":"Hailsham"},{"id":"833464","latitude":"51.05000000","longitude":"-0.18333300","name":"Handcross"},{"id":"833567","latitude":"51.08333300","longitude":"0.11666700","name":"Hartfield"},{"id":"833609","latitude":"50.85000000","longitude":"0.60000000","name":"Hastings"},{"id":"833660","latitude":"51.03333300","longitude":"0.50000000","name":"Hawkhurst"},{"id":"833725","latitude":"50.95000000","longitude":"0.26666700","name":"Heathfield"},{"id":"833764","latitude":"50.86666700","longitude":"0.25000000","name":"Hellingly"},{"id":"833849","latitude":"50.88333300","longitude":"0.33333300","name":"Herstmonceux"},{"id":"834070","latitude":"50.85000000","longitude":"0.55000000","name":"Hollington"},{"id":"834134","latitude":"50.85000000","longitude":"0.40000000","name":"Hooe"},{"id":"834159","latitude":"50.91666700","longitude":"0.25000000","name":"Horam"},{"id":"834166","latitude":"50.91666700","longitude":"0.25000000","name":"Horeham"},{"id":"834192","latitude":"50.86666700","longitude":"0.23333300","name":"Horsebridge"},{"id":"834209","latitude":"51.01666700","longitude":"-0.01666700","name":"Horsted Keynes"},{"id":"834334","latitude":"51.00000000","longitude":"0.46666700","name":"Hurst Green"},{"id":"834337","latitude":"50.88333300","longitude":"0.33333300","name":"Hurstmonceaux"},{"id":"834338","latitude":"50.88333300","longitude":"0.33333300","name":"Hurstmonceux"},{"id":"834339","latitude":"50.91666700","longitude":"-0.16666700","name":"Hurstpierpoint"},{"id":"834378","latitude":"50.90000000","longitude":"0.66666700","name":"Icklesham"},{"id":"834387","latitude":"50.96666700","longitude":"0.73333300","name":"Iden"},{"id":"834395","latitude":"50.83333300","longitude":"0.00000000","name":"Iford"},{"id":"834555","latitude":"50.93333300","longitude":"0.06666700","name":"Isfield"},{"id":"834601","latitude":"50.78333300","longitude":"0.21666700","name":"Jevington"},{"id":"834976","latitude":"50.85000000","longitude":"-0.01666700","name":"Kingston"},{"id":"834985","latitude":"50.85000000","longitude":"-0.01666700","name":"Kingston near Lewes"},{"id":"835298","latitude":"51.08333300","longitude":"0.38333300","name":"Lamberhurst"},{"id":"835419","latitude":"50.88333300","longitude":"0.13333300","name":"Laughton"},{"id":"835594","latitude":"50.86666700","longitude":"-0.01666700","name":"Lewes"},{"id":"835652","latitude":"51.00000000","longitude":"-0.06666700","name":"Lindfield"},{"id":"835709","latitude":"50.78333300","longitude":"0.16666700","name":"Litlington"},{"id":"835773","latitude":"50.93333300","longitude":"0.10000000","name":"Little Horsted"},{"id":"836788","latitude":"50.98333300","longitude":"0.08333300","name":"Maresfield"},{"id":"836798","latitude":"51.05000000","longitude":"0.25000000","name":"Mark Cross"},{"id":"836925","latitude":"51.00000000","longitude":"0.25000000","name":"Mayfield"},{"id":"837412","latitude":"50.93333300","longitude":"0.46666700","name":"Mountfield"},{"id":"837691","latitude":"50.78333300","longitude":"0.03333300","name":"Newhaven"},{"id":"837698","latitude":"50.96666700","longitude":"0.01666700","name":"Newick"},{"id":"837746","latitude":"50.83333300","longitude":"-0.23333300","name":"New Shoreham"},{"id":"837821","latitude":"50.86666700","longitude":"0.41666700","name":"Ninfield"},{"id":"838027","latitude":"51.01666700","longitude":"0.05000000","name":"Nutley"},{"id":"838075","latitude":"50.88333300","longitude":"0.00000000","name":"Offham"},{"id":"838089","latitude":"53.01666700","longitude":"-1.76666700","name":"Okeover"},{"id":"838135","latitude":"50.76666700","longitude":"0.25000000","name":"Old Town"},{"id":"838167","latitude":"50.86666700","longitude":"0.61666700","name":"Ore"},{"id":"838249","latitude":"50.80000000","longitude":"-0.06666700","name":"Ovingdean"},{"id":"838362","latitude":"50.85000000","longitude":"-0.15000000","name":"Patcham"},{"id":"838397","latitude":"50.96666700","longitude":"0.68333300","name":"Peasmarsh"},{"id":"838438","latitude":"50.91666700","longitude":"0.41666700","name":"Penhurst"},{"id":"838547","latitude":"50.88333300","longitude":"0.66666700","name":"Pett"},{"id":"838550","latitude":"50.80000000","longitude":"0.35000000","name":"Pevensey"},{"id":"838568","latitude":"50.88333300","longitude":"0.16666700","name":"Piecombe"},{"id":"838634","latitude":"50.95000000","longitude":"0.73333300","name":"Playden"},{"id":"838645","latitude":"50.91666700","longitude":"-0.05000000","name":"Plumpton Green"},{"id":"838647","latitude":"50.88333300","longitude":"-0.05000000","name":"Plumpton"},{"id":"838670","latitude":"50.80000000","longitude":"0.23333300","name":"Polegate"},{"id":"838839","latitude":"50.81666700","longitude":"-0.20000000","name":"Portslade-by-Sea"},{"id":"838840","latitude":"50.83333300","longitude":"-0.21666700","name":"Portslade"},{"id":"838885","latitude":"50.88333300","longitude":"-0.20000000","name":"Poynings"},{"id":"838983","latitude":"50.88333300","longitude":"0.16666700","name":"Pyecombe"},{"id":"839108","latitude":"50.78333300","longitude":"0.25000000","name":"Ratton Village"},{"id":"839282","latitude":"50.88333300","longitude":"0.06666700","name":"Ringmer"},{"id":"839292","latitude":"50.85000000","longitude":"0.13333300","name":"Ripe"},{"id":"839322","latitude":"50.98333300","longitude":"0.46666700","name":"Robertsbridge"},{"id":"839357","latitude":"50.83333300","longitude":"0.00000000","name":"Rodmell"},{"id":"839433","latitude":"51.03333300","longitude":"0.21666700","name":"Rotherfield"},{"id":"839448","latitude":"50.80000000","longitude":"-0.05000000","name":"Rottingdean"},{"id":"839552","latitude":"50.93333300","longitude":"0.76666700","name":"Rye Harbour"},{"id":"839554","latitude":"50.95000000","longitude":"0.73333300","name":"Rye"},{"id":"839682","latitude":"50.85000000","longitude":"0.56666700","name":"Saint Leonards"},{"id":"839969","latitude":"50.76666700","longitude":"0.10000000","name":"Seaford"},{"id":"840005","latitude":"50.91666700","longitude":"0.53333300","name":"Sedlescombe"},{"id":"840024","latitude":"50.83333300","longitude":"0.13333300","name":"Selmeston"},{"id":"840224","latitude":"50.83333300","longitude":"-0.23333300","name":"Shoreham-by-Sea"},{"id":"840225","latitude":"50.83333300","longitude":"-0.23333300","name":"Shoreham"},{"id":"840278","latitude":"50.85000000","longitude":"0.46666700","name":"Sidley Green"},{"id":"840279","latitude":"50.85000000","longitude":"0.46666700","name":"Sidley"},{"id":"840389","latitude":"51.03333300","longitude":"-0.20000000","name":"Slaugham"},{"id":"840434","latitude":"52.96666700","longitude":"-1.76666700","name":"Snelston"},{"id":"840573","latitude":"51.01666700","longitude":"-0.13333300","name":"South Nutfield"},{"id":"840611","latitude":"50.83333300","longitude":"-0.21666700","name":"Southwick"},{"id":"840754","latitude":"50.85000000","longitude":"-0.08333300","name":"Stanmer"},{"id":"840776","latitude":"53.00000000","longitude":"-1.81666700","name":"Stanton"},{"id":"840786","latitude":"50.96666700","longitude":"0.53333300","name":"Staple Cross"},{"id":"840787","latitude":"51.03333300","longitude":"-0.18333300","name":"Staplefield"},{"id":"841358","latitude":"50.80000000","longitude":"0.05000000","name":"Tarring Neville"},{"id":"841629","latitude":"51.03333300","longitude":"0.41666700","name":"Ticehurst"},{"id":"841988","latitude":"51.08333300","longitude":"-0.08333300","name":"Turners Hill"},{"id":"842007","latitude":"50.95000000","longitude":"-0.21666700","name":"Twineham"},{"id":"842024","latitude":"51.06666700","longitude":"-0.01666700","name":"Tyes Cross"},{"id":"842045","latitude":"50.96666700","longitude":"0.10000000","name":"Uckfield"},{"id":"842047","latitude":"50.93333300","longitude":"0.66666700","name":"Udimore"},{"id":"842238","latitude":"51.05000000","longitude":"0.33333300","name":"Wadhurst"},{"id":"842263","latitude":"50.93333300","longitude":"0.20000000","name":"Waldron"},{"id":"842362","latitude":"50.93333300","longitude":"0.28333300","name":"Warbleton"},{"id":"842414","latitude":"50.85000000","longitude":"0.35000000","name":"Wartling"},{"id":"842633","latitude":"50.76666700","longitude":"0.15000000","name":"West Dean"},{"id":"842658","latitude":"50.90000000","longitude":"0.56666700","name":"Westfield"},{"id":"842661","latitude":"50.83333300","longitude":"0.08333300","name":"West Firle"},{"id":"842690","latitude":"51.06666700","longitude":"-0.05000000","name":"West Hoathley"},{"id":"842725","latitude":"50.90000000","longitude":"-0.08333300","name":"Westmeston"},{"id":"842855","latitude":"50.91666700","longitude":"0.50000000","name":"Whatlington"},{"id":"843059","latitude":"50.78333300","longitude":"0.25000000","name":"Willingdon"},{"id":"843075","latitude":"50.80000000","longitude":"0.18333300","name":"Wilmington"},{"id":"843086","latitude":"50.78333300","longitude":"0.25000000","name":"Wiltingdon"},{"id":"843105","latitude":"50.91666700","longitude":"0.71666700","name":"Winchelsea"},{"id":"843214","latitude":"51.08333300","longitude":"0.13333300","name":"Withyham"},{"id":"843228","latitude":"50.95000000","longitude":"-0.06666700","name":"Wivelsfield Green"},{"id":"843229","latitude":"50.95000000","longitude":"-0.08333300","name":"Wivelsfield"},{"id":"843404","latitude":"51.10000000","longitude":"-0.13333300","name":"Worth"},{"id":"843453","latitude":"51.06666700","longitude":"0.01666700","name":"Wych Cross"},{"id":"843479","latitude":"51.06666700","longitude":"0.01666700","name":"Wytch Cross"},{"id":"843517","latitude":"52.95000000","longitude":"-1.71666700","name":"Yeaveley"}]