[{"id":"826921","latitude":"54.48333300","longitude":"-1.68333300","name":"Aldbrough"},{"id":"830076","latitude":"54.51666700","longitude":"-1.60000000","name":"Cleasby"},{"id":"830703","latitude":"54.48333300","longitude":"-1.56666700","name":"Croft"},{"id":"831029","latitude":"54.53333300","longitude":"-1.56666700","name":"Darlington"},{"id":"832022","latitude":"54.48333300","longitude":"-1.51666700","name":"Eryholme"},{"id":"833557","latitude":"54.55000000","longitude":"-1.55000000","name":"Harrowgate Hill"},{"id":"833636","latitude":"54.53333300","longitude":"-1.51666700","name":"Haughton le Skerne"},{"id":"833907","latitude":"54.53333300","longitude":"-1.65000000","name":"High Coniscliffe"},{"id":"834237","latitude":"54.53333300","longitude":"-1.51666700","name":"Houghton-le-Skerne"},{"id":"834340","latitude":"54.48333300","longitude":"-1.51666700","name":"Hurworth"},{"id":"836536","latitude":"54.50000000","longitude":"-1.66666700","name":"Lucy Cross"},{"id":"836731","latitude":"54.51666700","longitude":"-1.65000000","name":"Manfield"},{"id":"836980","latitude":"54.48333300","longitude":"-1.68333300","name":"Melsonby"},{"id":"837766","latitude":"54.48333300","longitude":"-1.63333300","name":"Newton Morrell"},{"id":"838569","latitude":"54.53333300","longitude":"-1.68333300","name":"Piercebridge"}]