[{"id":"826924","latitude":"52.15000000","longitude":"1.60000000","name":"Aldeburgh"},{"id":"826938","latitude":"52.01666700","longitude":"1.41666700","name":"Alderton"},{"id":"826947","latitude":"52.18333300","longitude":"1.58333300","name":"Aldringham"},{"id":"827116","latitude":"52.81666700","longitude":"-1.68333300","name":"Anslow"},{"id":"827325","latitude":"52.21666700","longitude":"0.48333300","name":"Ashley"},{"id":"827365","latitude":"52.23333300","longitude":"1.16666700","name":"Aspall"},{"id":"827369","latitude":"52.00000000","longitude":"0.81666700","name":"Assington"},{"id":"827502","latitude":"52.28333300","longitude":"-2.83333300","name":"Aymestrey"},{"id":"827521","latitude":"52.26666700","longitude":"1.01666700","name":"Bacton"},{"id":"827533","latitude":"52.25000000","longitude":"1.38333300","name":"Badingham"},{"id":"827547","latitude":"52.36666700","longitude":"-1.48333300","name":"Baginton"},{"id":"827781","latitude":"52.10000000","longitude":"0.50000000","name":"Barnardiston"},{"id":"827901","latitude":"52.01666700","longitude":"1.43333300","name":"Bawdsey"},{"id":"827922","latitude":"52.08333300","longitude":"1.25000000","name":"Bealings"},{"id":"827941","latitude":"52.46666700","longitude":"1.56666700","name":"Beccles"},{"id":"827959","latitude":"52.26666700","longitude":"1.18333300","name":"Beddingfield"},{"id":"827961","latitude":"52.25000000","longitude":"1.25000000","name":"Bedfield"},{"id":"827963","latitude":"52.26666700","longitude":"1.18333300","name":"Bedingfield"},{"id":"828050","latitude":"52.40000000","longitude":"1.70000000","name":"Benacre"},{"id":"828429","latitude":"52.33333300","longitude":"1.56666700","name":"Blyford"},{"id":"828432","latitude":"52.31666700","longitude":"1.60000000","name":"Blythburgh"},{"id":"828529","latitude":"52.05000000","longitude":"0.70000000","name":"Borley"},{"id":"828556","latitude":"52.33333300","longitude":"1.01666700","name":"Botesdale"},{"id":"828590","latitude":"52.31666700","longitude":"-1.36666700","name":"Bourton"},{"id":"828593","latitude":"52.31666700","longitude":"-1.36666700","name":"Bourton on Dunsmore"},{"id":"828630","latitude":"52.01666700","longitude":"0.86666700","name":"Boxford"},{"id":"828634","latitude":"52.11666700","longitude":"0.66666700","name":"Boxted"},{"id":"828636","latitude":"52.91666700","longitude":"-1.73333300","name":"Boyleston"},{"id":"828637","latitude":"52.91666700","longitude":"-1.73333300","name":"Boylston"},{"id":"828673","latitude":"52.15000000","longitude":"0.45000000","name":"Bradley"},{"id":"828708","latitude":"52.31666700","longitude":"1.53333300","name":"Bramfield"},{"id":"828709","latitude":"52.06666700","longitude":"1.10000000","name":"Bramford"},{"id":"828729","latitude":"54.73333300","longitude":"-1.65000000","name":"Brancepeth"},{"id":"828732","latitude":"52.36666700","longitude":"-1.40000000","name":"Brandon"},{"id":"828786","latitude":"52.11666700","longitude":"1.31666700","name":"Bredfield"},{"id":"828807","latitude":"52.38333300","longitude":"1.03333300","name":"Bressingham"},{"id":"828874","latitude":"52.30000000","longitude":"-2.70000000","name":"Brimfield"},{"id":"828883","latitude":"52.40000000","longitude":"-1.35000000","name":"Brinklow"},{"id":"828951","latitude":"52.33333300","longitude":"1.13333300","name":"Brome"},{"id":"828952","latitude":"52.33333300","longitude":"1.16666700","name":"Brome Street"},{"id":"829035","latitude":"52.25000000","longitude":"1.41666700","name":"Bruisyard"},{"id":"829094","latitude":"52.03333300","longitude":"1.25000000","name":"Bucklesham"},{"id":"829121","latitude":"52.01666700","longitude":"0.68333300","name":"Bulmer"},{"id":"829131","latitude":"52.45000000","longitude":"1.45000000","name":"Bungay"},{"id":"829138","latitude":"51.96666700","longitude":"0.76666700","name":"Bures"},{"id":"829139","latitude":"51.96666700","longitude":"0.76666700","name":"Bures Saint Mary"},{"id":"829200","latitude":"52.05000000","longitude":"1.06666700","name":"Burstall"},{"id":"829202","latitude":"52.40000000","longitude":"1.15000000","name":"Burston"},{"id":"829238","latitude":"52.26666700","longitude":"0.33333300","name":"Burwell"},{"id":"829268","latitude":"52.16666700","longitude":"0.93333300","name":"Buxhall"},{"id":"829494","latitude":"52.45000000","longitude":"1.70000000","name":"Carlton Colville"},{"id":"829582","latitude":"52.05000000","longitude":"0.36666700","name":"Castle Camp"},{"id":"829583","latitude":"52.05000000","longitude":"0.36666700","name":"Castle Camps"},{"id":"829716","latitude":"51.91666700","longitude":"0.76666700","name":"Chapel"},{"id":"829731","latitude":"51.91666700","longitude":"0.76666700","name":"Chappel"},{"id":"829788","latitude":"52.33333300","longitude":"1.46666700","name":"Chediston"},{"id":"829856","latitude":"52.21666700","longitude":"0.46666700","name":"Cheveley"},{"id":"829888","latitude":"52.11666700","longitude":"1.48333300","name":"Chillesford"},{"id":"830063","latitude":"52.08333300","longitude":"1.11666700","name":"Claydon"},{"id":"830388","latitude":"52.31666700","longitude":"1.45000000","name":"Cookley"},{"id":"830399","latitude":"52.03333300","longitude":"1.10000000","name":"Copdock"},{"id":"830459","latitude":"52.51666700","longitude":"1.76666700","name":"Corton"},{"id":"830502","latitude":"52.26666700","longitude":"1.03333300","name":"Cotton"},{"id":"830530","latitude":"52.36666700","longitude":"1.71666700","name":"Covehithe"},{"id":"830553","latitude":"52.16666700","longitude":"0.51666700","name":"Cowlinge"},{"id":"830707","latitude":"52.28333300","longitude":"-2.80000000","name":"Croft"},{"id":"830825","latitude":"52.93333300","longitude":"-1.75000000","name":"Cubley"},{"id":"830922","latitude":"53.28333300","longitude":"-3.40000000","name":"Cwm"},{"id":"830974","latitude":"52.23333300","longitude":"0.51666700","name":"Dalham"},{"id":"831037","latitude":"52.26666700","longitude":"1.53333300","name":"Darsham"},{"id":"831095","latitude":"52.21666700","longitude":"0.55000000","name":"Denham"},{"id":"831105","latitude":"52.15000000","longitude":"0.56666700","name":"Denston"},{"id":"831207","latitude":"52.38333300","longitude":"1.11666700","name":"Diss"},{"id":"831427","latitude":"52.20000000","longitude":"0.36666700","name":"Dullingham"},{"id":"831520","latitude":"52.26666700","longitude":"1.63333300","name":"Dunwich"},{"id":"831549","latitude":"53.30000000","longitude":"-3.41666700","name":"Dyserth"},{"id":"831834","latitude":"52.03333300","longitude":"0.83333300","name":"Edwardstone"},{"id":"831924","latitude":"52.23333300","longitude":"0.91666700","name":"Elmswell"},{"id":"832027","latitude":"54.78333300","longitude":"-1.70000000","name":"Esh"},{"id":"832087","latitude":"52.26666700","longitude":"0.35000000","name":"Exning"},{"id":"832093","latitude":"52.26666700","longitude":"-2.73333300","name":"Eye"},{"id":"832121","latitude":"52.00000000","longitude":"1.35000000","name":"Falkenham"},{"id":"832174","latitude":"52.85000000","longitude":"-1.70000000","name":"Fauld"},{"id":"832211","latitude":"51.96666700","longitude":"1.35000000","name":"Felixstowe"},{"id":"832284","latitude":"52.16666700","longitude":"0.93333300","name":"Finborough"},{"id":"832305","latitude":"52.28333300","longitude":"1.03333300","name":"Finningham"},{"id":"832375","latitude":"52.50000000","longitude":"1.70000000","name":"Flixton"},{"id":"832409","latitude":"51.91666700","longitude":"0.80000000","name":"Fordham"},{"id":"832501","latitude":"52.31666700","longitude":"-1.36666700","name":"Frankton"},{"id":"832519","latitude":"52.01666700","longitude":"1.16666700","name":"Freston"},{"id":"832541","latitude":"52.18333300","longitude":"1.53333300","name":"Friston"},{"id":"832561","latitude":"52.36666700","longitude":"1.65000000","name":"Frostenden"},{"id":"832710","latitude":"52.25000000","longitude":"0.51666700","name":"Gazeley"},{"id":"832764","latitude":"52.23333300","longitude":"1.03333300","name":"Gipping"},{"id":"832769","latitude":"52.43333300","longitude":"1.71666700","name":"Gisleham"},{"id":"832770","latitude":"52.30000000","longitude":"1.05000000","name":"Gislingham"},{"id":"832807","latitude":"52.10000000","longitude":"0.66666700","name":"Glemsford"},{"id":"833022","latitude":"52.26666700","longitude":"0.93333300","name":"Great Ashfield"},{"id":"833036","latitude":"52.10000000","longitude":"1.10000000","name":"Great Blakenham"},{"id":"833061","latitude":"52.03333300","longitude":"0.76666700","name":"Great Cornard"},{"id":"833066","latitude":"52.93333300","longitude":"-1.75000000","name":"Great Cubley"},{"id":"833079","latitude":"52.16666700","longitude":"0.93333300","name":"Great Finborough"},{"id":"833168","latitude":"51.90000000","longitude":"0.75000000","name":"Great Tey"},{"id":"833174","latitude":"52.06666700","longitude":"0.78333300","name":"Great Waldingfield"},{"id":"833185","latitude":"52.10000000","longitude":"0.45000000","name":"Great Wratting"},{"id":"833278","latitude":"52.10000000","longitude":"1.25000000","name":"Grundisburgh"},{"id":"833302","latitude":"52.50000000","longitude":"1.75000000","name":"Gunton"},{"id":"833383","latitude":"52.35000000","longitude":"1.50000000","name":"Halesworth"},{"id":"833462","latitude":"52.83333300","longitude":"-1.73333300","name":"Hanbury"},{"id":"833631","latitude":"52.21666700","longitude":"0.98333300","name":"Haughley"},{"id":"833642","latitude":"52.08333300","longitude":"0.43333300","name":"Haverhill"},{"id":"833656","latitude":"52.13333300","longitude":"0.63333300","name":"Hawkedon"},{"id":"833759","latitude":"52.05000000","longitude":"0.40000000","name":"Helion Bumpstead"},{"id":"833785","latitude":"52.13333300","longitude":"1.13333300","name":"Hemingstone"},{"id":"833810","latitude":"52.11666700","longitude":"1.15000000","name":"Henley"},{"id":"833845","latitude":"52.51666700","longitude":"1.65000000","name":"Herringfleet"},{"id":"833869","latitude":"52.30000000","longitude":"1.43333300","name":"Heveningham"},{"id":"834108","latitude":"52.33333300","longitude":"1.51666700","name":"Holton"},{"id":"834167","latitude":"52.30000000","longitude":"1.25000000","name":"Horham"},{"id":"834260","latitude":"52.35000000","longitude":"1.20000000","name":"Hoxne"},{"id":"834311","latitude":"52.31666700","longitude":"1.45000000","name":"Huntingfield"},{"id":"834538","latitude":"52.08333300","longitude":"1.16666700","name":"Ipswich"},{"id":"834630","latitude":"52.08333300","longitude":"0.48333300","name":"Kedington"},{"id":"834663","latitude":"52.23333300","longitude":"1.50000000","name":"Kelsale"},{"id":"834717","latitude":"52.25000000","longitude":"1.20000000","name":"Kenton"},{"id":"834733","latitude":"52.41666700","longitude":"1.71666700","name":"Kessingland"},{"id":"835156","latitude":"52.00000000","longitude":"1.31666700","name":"Kirkton"},{"id":"835189","latitude":"52.18333300","longitude":"0.45000000","name":"Kirtling"},{"id":"835195","latitude":"52.00000000","longitude":"1.31666700","name":"Kirton"},{"id":"835291","latitude":"52.43333300","longitude":"0.56666700","name":"Lake Heath"},{"id":"835292","latitude":"52.43333300","longitude":"0.56666700","name":"Lakenheath"},{"id":"835295","latitude":"51.98333300","longitude":"0.76666700","name":"Lamarsh"},{"id":"835356","latitude":"54.80000000","longitude":"-1.66666700","name":"Langley Park"},{"id":"835535","latitude":"52.30000000","longitude":"-2.81666700","name":"Leinthall Earls"},{"id":"835539","latitude":"52.20000000","longitude":"1.56666700","name":"Leiston"},{"id":"835622","latitude":"52.18333300","longitude":"0.51666700","name":"Lidgate"},{"id":"835699","latitude":"52.06666700","longitude":"0.70000000","name":"Liston"},{"id":"835872","latitude":"53.31666700","longitude":"-3.35000000","name":"Llanasa"},{"id":"836387","latitude":"52.06666700","longitude":"0.71666700","name":"Long Melford"},{"id":"836506","latitude":"52.48333300","longitude":"1.75000000","name":"Lowestoft"},{"id":"836585","latitude":"52.26666700","longitude":"-2.75000000","name":"Luston"},{"id":"836775","latitude":"52.86666700","longitude":"-1.80000000","name":"Marchington"},{"id":"836871","latitude":"52.08333300","longitude":"1.30000000","name":"Martlesham"},{"id":"836968","latitude":"52.31666700","longitude":"1.08333300","name":"Mellis"},{"id":"836983","latitude":"52.10000000","longitude":"1.33333300","name":"Melton"},{"id":"836993","latitude":"52.25000000","longitude":"1.06666700","name":"Mendlesham"},{"id":"837043","latitude":"52.45000000","longitude":"1.46666700","name":"Mettingham"},{"id":"837056","latitude":"52.20000000","longitude":"1.11666700","name":"Mickfield"},{"id":"837094","latitude":"52.01666700","longitude":"0.71666700","name":"Middleton"},{"id":"837101","latitude":"52.28333300","longitude":"-2.66666700","name":"Middleton on the Hill"},{"id":"837405","latitude":"52.25000000","longitude":"0.48333300","name":"Moulton"},{"id":"837410","latitude":"51.95000000","longitude":"0.76666700","name":"Mount Bures"},{"id":"837510","latitude":"52.01666700","longitude":"1.23333300","name":"Nacton"},{"id":"837547","latitude":"51.98333300","longitude":"0.88333300","name":"Nayland"},{"id":"837632","latitude":"52.81666700","longitude":"-1.80000000","name":"Newborough"},{"id":"837637","latitude":"54.76666700","longitude":"-1.65000000","name":"New Brancepeth"},{"id":"837714","latitude":"52.25000000","longitude":"0.41666700","name":"Newmarket"},{"id":"838060","latitude":"52.28333300","longitude":"1.15000000","name":"Occold"},{"id":"838123","latitude":"52.21666700","longitude":"1.01666700","name":"Old Newton"},{"id":"838168","latitude":"52.08333300","longitude":"1.53333300","name":"Orford"},{"id":"838172","latitude":"52.30000000","longitude":"-2.75000000","name":"Orleton"},{"id":"838220","latitude":"52.48333300","longitude":"1.73333300","name":"Oulton"},{"id":"838224","latitude":"52.21666700","longitude":"0.53333300","name":"Ousden"},{"id":"838302","latitude":"52.45000000","longitude":"1.73333300","name":"Pakefield"},{"id":"838396","latitude":"52.26666700","longitude":"1.45000000","name":"Peasenhall"},{"id":"838400","latitude":"51.96666700","longitude":"0.70000000","name":"Pebmarsh"},{"id":"838545","latitude":"52.13333300","longitude":"1.36666700","name":"Pettistree"},{"id":"838625","latitude":"52.08333300","longitude":"1.23333300","name":"Plasford"},{"id":"838635","latitude":"52.08333300","longitude":"1.23333300","name":"Playford"},{"id":"838686","latitude":"52.00000000","longitude":"0.90000000","name":"Polstead"},{"id":"838929","latitude":"52.31666700","longitude":"-1.41666700","name":"Princethorpe"},{"id":"839107","latitude":"52.18333300","longitude":"0.88333300","name":"Rattlesden"},{"id":"839184","latitude":"52.23333300","longitude":"1.43333300","name":"Rendham"},{"id":"839201","latitude":"52.35000000","longitude":"1.66666700","name":"Reydon"},{"id":"839257","latitude":"52.33333300","longitude":"1.00000000","name":"Rickinghall"},{"id":"839304","latitude":"52.26666700","longitude":"1.16666700","name":"Rishangles"},{"id":"839485","latitude":"52.36666700","longitude":"1.10000000","name":"Roydon"},{"id":"839510","latitude":"52.36666700","longitude":"1.45000000","name":"Rumburgh"},{"id":"839526","latitude":"52.43333300","longitude":"1.70000000","name":"Rushmere"},{"id":"839561","latitude":"52.36666700","longitude":"-1.43333300","name":"Ryton on Dunsmore"},{"id":"839679","latitude":"52.40000000","longitude":"1.48333300","name":"Saint Lawrence"},{"id":"839882","latitude":"52.21666700","longitude":"1.50000000","name":"Saxmundham"},{"id":"839884","latitude":"52.23333300","longitude":"1.31666700","name":"Saxtead"},{"id":"839927","latitude":"52.36666700","longitude":"1.16666700","name":"Scole"},{"id":"839957","latitude":"52.85000000","longitude":"-1.71666700","name":"Scropton"},{"id":"840112","latitude":"52.40000000","longitude":"1.10000000","name":"Shelfanger"},{"id":"840185","latitude":"52.40000000","longitude":"1.16666700","name":"Shimpling"},{"id":"840254","latitude":"52.05000000","longitude":"0.36666700","name":"Shudy Camps"},{"id":"840267","latitude":"52.28333300","longitude":"1.48333300","name":"Sibton"},{"id":"840323","latitude":"52.20000000","longitude":"1.63333300","name":"Sizewell"},{"id":"840457","latitude":"52.50000000","longitude":"1.65000000","name":"Somerleyton"},{"id":"840514","latitude":"52.36666700","longitude":"1.68333300","name":"South Cove"},{"id":"840619","latitude":"52.33333300","longitude":"1.68333300","name":"Southwold"},{"id":"840643","latitude":"52.36666700","longitude":"1.50000000","name":"Spexhall"},{"id":"840680","latitude":"52.05000000","longitude":"1.10000000","name":"Sproughton"},{"id":"840685","latitude":"52.05000000","longitude":"1.10000000","name":"Sprughton"},{"id":"840763","latitude":"52.10000000","longitude":"0.68333300","name":"Stanstead"},{"id":"840835","latitude":"52.03333300","longitude":"0.45000000","name":"Steeple Bumpstead"},{"id":"840856","latitude":"52.20000000","longitude":"0.40000000","name":"Stetchworth"},{"id":"840922","latitude":"51.98333300","longitude":"0.90000000","name":"Stoke by Nayland"},{"id":"840960","latitude":"51.98333300","longitude":"0.90000000","name":"Stoke"},{"id":"841024","latitude":"52.18333300","longitude":"0.98333300","name":"Stowmarket"},{"id":"841035","latitude":"52.31666700","longitude":"1.26666700","name":"Stradbroke"},{"id":"841036","latitude":"52.13333300","longitude":"0.56666700","name":"Stradishall"},{"id":"841128","latitude":"52.06666700","longitude":"0.48333300","name":"Sturmer"},{"id":"841135","latitude":"52.35000000","longitude":"1.13333300","name":"Stuston"},{"id":"841141","latitude":"52.11666700","longitude":"1.55000000","name":"Sudbourne"},{"id":"841143","latitude":"51.53333300","longitude":"-0.31666700","name":"Sudbury"},{"id":"841158","latitude":"54.73333300","longitude":"-1.58333300","name":"Sunderland Bridge"},{"id":"841203","latitude":"52.23333300","longitude":"0.28333300","name":"Swaffham Bulbeck"},{"id":"841204","latitude":"52.25000000","longitude":"0.30000000","name":"Swaffham Prior"},{"id":"841244","latitude":"52.11666700","longitude":"1.20000000","name":"Swilland"},{"id":"841295","latitude":"53.33333300","longitude":"-3.33333300","name":"Talacre"},{"id":"841331","latitude":"52.25000000","longitude":"1.28333300","name":"Tannington"},{"id":"841363","latitude":"52.78333300","longitude":"-1.70000000","name":"Tatenhill"},{"id":"841464","latitude":"52.23333300","longitude":"1.56666700","name":"Theberton"},{"id":"841509","latitude":"52.28333300","longitude":"1.13333300","name":"Thorndon"},{"id":"841519","latitude":"52.30000000","longitude":"1.08333300","name":"Thornham Magna"},{"id":"841520","latitude":"52.31666700","longitude":"1.08333300","name":"Thornham Parva"},{"id":"841522","latitude":"52.30000000","longitude":"1.08333300","name":"Thornham"},{"id":"841551","latitude":"52.16666700","longitude":"1.61666700","name":"Thorpeness"},{"id":"841564","latitude":"52.16666700","longitude":"1.61666700","name":"Thorpe"},{"id":"841605","latitude":"52.11666700","longitude":"0.41666700","name":"Thurlow"},{"id":"841621","latitude":"52.26666700","longitude":"1.10000000","name":"Thwaite"},{"id":"841728","latitude":"52.38333300","longitude":"-1.46666700","name":"Tollbar End"},{"id":"841729","latitude":"52.38333300","longitude":"-1.46666700","name":"Toll Bar"},{"id":"841880","latitude":"53.25000000","longitude":"-3.38333300","name":"Tremeirchion"},{"id":"841911","latitude":"51.98333300","longitude":"1.31666700","name":"Trimley Heath"},{"id":"841912","latitude":"51.98333300","longitude":"1.31666700","name":"Trimley"},{"id":"842052","latitude":"52.11666700","longitude":"1.35000000","name":"Ufford"},{"id":"842187","latitude":"54.78333300","longitude":"-1.65000000","name":"Ushaw Moor"},{"id":"842250","latitude":"52.30000000","longitude":"1.68333300","name":"Walberdeswik"},{"id":"842251","latitude":"52.30000000","longitude":"1.68333300","name":"Walberdeswyk"},{"id":"842252","latitude":"52.30000000","longitude":"1.68333300","name":"Walberswick"},{"id":"842259","latitude":"52.30000000","longitude":"1.68333300","name":"Walderswich"},{"id":"842260","latitude":"52.30000000","longitude":"1.68333300","name":"Walderwicke"},{"id":"842261","latitude":"52.06666700","longitude":"0.78333300","name":"Waldingfield"},{"id":"842299","latitude":"52.31666700","longitude":"1.48333300","name":"Walpole"},{"id":"842302","latitude":"52.30000000","longitude":"1.68333300","name":"Walsawig"},{"id":"842343","latitude":"51.96666700","longitude":"1.35000000","name":"Walton"},{"id":"842345","latitude":"52.30000000","longitude":"1.68333300","name":"Walversweek"},{"id":"842346","latitude":"52.30000000","longitude":"1.68333300","name":"Walverswike"},{"id":"842506","latitude":"52.45000000","longitude":"0.61666700","name":"Weeting"},{"id":"842561","latitude":"52.31666700","longitude":"1.55000000","name":"Wenhaston"},{"id":"842647","latitude":"52.08333300","longitude":"1.16666700","name":"Westerfield"},{"id":"842711","latitude":"52.26666700","longitude":"1.58333300","name":"Westleton"},{"id":"842765","latitude":"52.43333300","longitude":"1.56666700","name":"Weston"},{"id":"842828","latitude":"52.25000000","longitude":"1.11666700","name":"Wetheringsett"},{"id":"842872","latitude":"52.01666700","longitude":"1.15000000","name":"Wherstead"},{"id":"842967","latitude":"52.08333300","longitude":"1.13333300","name":"Whitton"},{"id":"842993","latitude":"52.15000000","longitude":"0.56666700","name":"Wickhambrook"},{"id":"842994","latitude":"52.15000000","longitude":"1.36666700","name":"Wickham Market"},{"id":"843119","latitude":"52.41666700","longitude":"1.10000000","name":"Winfarthing"},{"id":"843180","latitude":"52.10000000","longitude":"1.18333300","name":"Wirnesham"},{"id":"843186","latitude":"52.35000000","longitude":"1.46666700","name":"Wissett"},{"id":"843187","latitude":"51.95000000","longitude":"0.85000000","name":"Wissington"},{"id":"843205","latitude":"52.10000000","longitude":"0.40000000","name":"Withersfield"},{"id":"843218","latitude":"52.10000000","longitude":"1.18333300","name":"Witnesham"},{"id":"843253","latitude":"52.36666700","longitude":"-1.38333300","name":"Wolston"},{"id":"843273","latitude":"52.10000000","longitude":"1.31666700","name":"Woodbridge"},{"id":"843318","latitude":"52.30000000","longitude":"-2.71666700","name":"Wooferton"},{"id":"843319","latitude":"52.30000000","longitude":"-2.71666700","name":"Woofferton"},{"id":"843329","latitude":"52.21666700","longitude":"0.90000000","name":"Woolpit"},{"id":"843377","latitude":"52.45000000","longitude":"1.58333300","name":"Worlingham"},{"id":"843380","latitude":"52.26666700","longitude":"1.25000000","name":"Worlingworth"},{"id":"843382","latitude":"51.95000000","longitude":"0.81666700","name":"Wormingford"},{"id":"843396","latitude":"52.35000000","longitude":"1.05000000","name":"Wortham"},{"id":"843421","latitude":"52.10000000","longitude":"0.45000000","name":"Wratting"},{"id":"843433","latitude":"52.38333300","longitude":"1.68333300","name":"Wrentham"},{"id":"843478","latitude":"52.30000000","longitude":"1.68333300","name":"Wyskewth"},{"id":"843487","latitude":"52.26666700","longitude":"0.98333300","name":"Wyverstone"},{"id":"843502","latitude":"52.28333300","longitude":"-2.78333300","name":"Yarpole"},{"id":"843512","latitude":"52.31666700","longitude":"1.11666700","name":"Yaxley"},{"id":"843543","latitude":"52.26666700","longitude":"1.51666700","name":"Yoxford"}]