[{"id":"826946","latitude":"52.60000000","longitude":"-1.91666700","name":"Aldridge"},{"id":"828419","latitude":"52.61666700","longitude":"-2.00000000","name":"Bloxwich"},{"id":"829023","latitude":"52.63333300","longitude":"-1.93333300","name":"Brownhills"},{"id":"838408","latitude":"52.61666700","longitude":"-1.95000000","name":"Pelsall"},{"id":"839520","latitude":"52.60000000","longitude":"-1.95000000","name":"Rushall"},{"id":"842288","latitude":"52.60000000","longitude":"-2.00000000","name":"Wallsall"},{"id":"842300","latitude":"52.60000000","longitude":"-2.00000000","name":"Walsall"},{"id":"842301","latitude":"52.61666700","longitude":"-1.91666700","name":"Walsall Wood"}]