[{"id":"103719","latitude":"-51.65000000","longitude":"-72.30000000","name":"28 de Noviembre"},{"id":"103797","latitude":"-47.33333330","longitude":"-67.48333330","name":"Aguada Grande"},{"id":"103839","latitude":"-51.65000000","longitude":"-69.58333330","name":"Aike"},{"id":"103840","latitude":"-51.65000000","longitude":"-69.58333330","name":"Aike G\u00fcer"},{"id":"104120","latitude":"-47.48333330","longitude":"-66.50000000","name":"Antonio de Biedma"},{"id":"104285","latitude":"-48.40000000","longitude":"-66.48333330","name":"Bah\u00eda Laura"},{"id":"104286","latitude":"-47.93333330","longitude":"-65.80000000","name":"Bah\u00eda Oso Marino"},{"id":"104300","latitude":"-47.45000000","longitude":"-70.93333330","name":"Bajo Caracoles"},{"id":"104305","latitude":"-47.45000000","longitude":"-70.93333330","name":"Bajo de los Caracoles"},{"id":"104315","latitude":"-49.05000000","longitude":"-68.38333330","name":"Bajo Picaso"},{"id":"104316","latitude":"-49.05000000","longitude":"-68.38333330","name":"Bajo Picazo"},{"id":"104675","latitude":"-47.20000000","longitude":"-65.75000000","name":"Cabo Blanco"},{"id":"104716","latitude":"-50.33333330","longitude":"-72.30000000","name":"Calafate"},{"id":"104732","latitude":"-46.43333330","longitude":"-67.53333330","name":"Caleta Olivia"},{"id":"104821","latitude":"-48.68333330","longitude":"-67.40000000","name":"Ca\u00f1ad\u00f3n 11 de Septiembre"},{"id":"104822","latitude":"-50.55000000","longitude":"-69.25000000","name":"Ca\u00f1ad\u00f3n de las Vacas"},{"id":"104823","latitude":"-50.55000000","longitude":"-69.25000000","name":"Ca\u00f1ad\u00f3n de las Vacas Ranch"},{"id":"104825","latitude":"-48.76666670","longitude":"-70.25000000","name":"Ca\u00f1ad\u00f3n Le\u00f3n"},{"id":"104826","latitude":"-48.68333330","longitude":"-67.40000000","name":"Ca\u00f1ad\u00f3n Once de Septiembre"},{"id":"104827","latitude":"-48.68333330","longitude":"-67.40000000","name":"Ca\u00f1ad\u00f3n Once de Setiembre"},{"id":"104829","latitude":"-46.55000000","longitude":"-67.58333330","name":"Ca\u00f1ad\u00f3n Seco"},{"id":"104834","latitude":"-51.25000000","longitude":"-72.23333330","name":"Cancha Carrera"},{"id":"104895","latitude":"-51.75000000","longitude":"-70.10000000","name":"Capit\u00e1n Eyroa"},{"id":"104962","latitude":"-51.25000000","longitude":"-72.23333330","name":"Carrera"},{"id":"104982","latitude":"-49.98333330","longitude":"-68.90000000","name":"Casa de Piedra"},{"id":"104984","latitude":"-47.45000000","longitude":"-70.93333330","name":"Casa Folch"},{"id":"104991","latitude":"-48.40000000","longitude":"-70.53333330","name":"Casa Riera"},{"id":"104999","latitude":"-50.33333330","longitude":"-72.30000000","name":"Caser\u00edo de Calafates"},{"id":"105087","latitude":"-47.41666670","longitude":"-66.73333330","name":"Cerro Blanco"},{"id":"105171","latitude":"-50.28333330","longitude":"-71.88333330","name":"Charles Fuhr"},{"id":"105345","latitude":"-50.95000000","longitude":"-69.20000000","name":"Coig"},{"id":"105459","latitude":"-50.45000000","longitude":"-72.66666670","name":"Colonia F.P. Moreno"},{"id":"105460","latitude":"-50.45000000","longitude":"-72.66666670","name":"Colonia Francisco Perito Moreno"},{"id":"105494","latitude":"-46.55000000","longitude":"-68.95000000","name":"Colonia Las Heras"},{"id":"105620","latitude":"-49.98333330","longitude":"-68.90000000","name":"Comandante L. Piedrabuena"},{"id":"105621","latitude":"-49.98333330","longitude":"-68.90000000","name":"Comandante Luis Piedra Buena"},{"id":"105647","latitude":"-52.16666670","longitude":"-69.05000000","name":"C\u00f3ndor"},{"id":"105749","latitude":"-49.58333330","longitude":"-69.50000000","name":"Corpen Aike"},{"id":"105750","latitude":"-49.58333330","longitude":"-69.50000000","name":"Corpen"},{"id":"105796","latitude":"-51.15000000","longitude":"-69.50000000","name":"Coy Aike"},{"id":"105909","latitude":"-51.98333330","longitude":"-70.40000000","name":"D.E. Ritchie"},{"id":"105915","latitude":"-47.75000000","longitude":"-65.90000000","name":"Deseado"},{"id":"105951","latitude":"-51.98333330","longitude":"-70.40000000","name":"Diego E. Ritchie"},{"id":"105953","latitude":"-51.98333330","longitude":"-70.40000000","name":"Diego Richtie"},{"id":"105954","latitude":"-51.98333330","longitude":"-70.40000000","name":"Diego Ritchie"},{"id":"106111","latitude":"-50.33333330","longitude":"-72.30000000","name":"El Calafate"},{"id":"106133","latitude":"-50.65000000","longitude":"-71.40000000","name":"El Cerrito"},{"id":"106135","latitude":"-50.65000000","longitude":"-71.40000000","name":"El Cerrito Hotel"},{"id":"106152","latitude":"-49.36666670","longitude":"-69.71666670","name":"El Choique"},{"id":"106155","latitude":"-49.36666670","longitude":"-69.71666670","name":"El Chonque"},{"id":"106167","latitude":"-52.16666670","longitude":"-69.05000000","name":"El C\u00f3ndor"},{"id":"106211","latitude":"-47.30000000","longitude":"-71.46666670","name":"El Ghio"},{"id":"106212","latitude":"-47.30000000","longitude":"-71.46666670","name":"El Glo"},{"id":"106308","latitude":"-49.98333330","longitude":"-68.90000000","name":"El Paso"},{"id":"106324","latitude":"-46.46666670","longitude":"-70.05000000","name":"El Pluma"},{"id":"106332","latitude":"-46.05000000","longitude":"-71.66666670","name":"El Portezuelo"},{"id":"106380","latitude":"-50.55000000","longitude":"-69.25000000","name":"El Reynard"},{"id":"106396","latitude":"-48.71666670","longitude":"-67.78333330","name":"El Salado"},{"id":"106446","latitude":"-51.68333330","longitude":"-72.08333330","name":"El Turbio"},{"id":"106457","latitude":"-47.88333330","longitude":"-72.20000000","name":"El Volc\u00e1n"},{"id":"106465","latitude":"-51.98333330","longitude":"-71.23333330","name":"El Zurdo"},{"id":"106539","latitude":"-51.01666670","longitude":"-70.81666670","name":"Esperanza"},{"id":"106585","latitude":"-47.33333330","longitude":"-67.48333330","name":"Estancia Aguada Grande"},{"id":"106586","latitude":"-49.05000000","longitude":"-68.38333330","name":"Estancia Bajo Picaso"},{"id":"106591","latitude":"-50.55000000","longitude":"-69.25000000","name":"Estancia Ca\u00f1ad\u00f3n de las Vacas"},{"id":"106592","latitude":"-48.68333330","longitude":"-67.40000000","name":"Estancia Ca\u00f1ad\u00f3n II de Setiembre"},{"id":"106596","latitude":"-51.15000000","longitude":"-69.50000000","name":"Estancia Coy Aike"},{"id":"106602","latitude":"-49.36666670","longitude":"-69.71666670","name":"Estancia El Chonque"},{"id":"106603","latitude":"-52.16666670","longitude":"-69.05000000","name":"Estancia El C\u00f3ndor"},{"id":"106604","latitude":"-47.30000000","longitude":"-71.46666670","name":"Estancia El Ghio"},{"id":"106605","latitude":"-47.30000000","longitude":"-71.46666670","name":"Estancia El G\u00edo"},{"id":"106608","latitude":"-48.41666670","longitude":"-67.38333330","name":"Estancia Florida Negra"},{"id":"106609","latitude":"-52.16666670","longitude":"-68.56666670","name":"Estancia Gap"},{"id":"106610","latitude":"-51.43333330","longitude":"-69.81666670","name":"Estancia Guakenken Aike"},{"id":"106613","latitude":"-51.56666670","longitude":"-69.23333330","name":"Estancia H. Felton"},{"id":"106614","latitude":"-51.56666670","longitude":"-69.23333330","name":"Estancia Hill Station"},{"id":"106617","latitude":"-48.06666670","longitude":"-69.78333330","name":"Estancia La Aragonesa"},{"id":"106618","latitude":"-48.88333330","longitude":"-69.70000000","name":"Estancia La Bajada"},{"id":"106619","latitude":"-48.28333330","longitude":"-72.16666670","name":"Estancia La Ensenada"},{"id":"106620","latitude":"-49.40000000","longitude":"-68.75000000","name":"Estancia Laiaike"},{"id":"106622","latitude":"-50.26666670","longitude":"-71.73333330","name":"Estancia La Julia"},{"id":"106627","latitude":"-47.31666670","longitude":"-67.23333330","name":"Estancia Las Tres Hermanas"},{"id":"106629","latitude":"-48.88333330","longitude":"-71.78333330","name":"Estancia Llaneza"},{"id":"106630","latitude":"-49.05000000","longitude":"-67.58333330","name":"Estancia L. Lorenzo"},{"id":"106633","latitude":"-49.76666670","longitude":"-71.25000000","name":"Estancia Mar\u00eda Elena"},{"id":"106634","latitude":"-48.81666670","longitude":"-67.61666670","name":"Estancia Mata Grande"},{"id":"106635","latitude":"-48.81666670","longitude":"-67.61666670","name":"Estancia Mate Grande"},{"id":"106636","latitude":"-52.13333330","longitude":"-69.53333330","name":"Estancia Monte Aymond"},{"id":"106637","latitude":"-52.30000000","longitude":"-68.55000000","name":"Estancia Monte Dinero"},{"id":"106638","latitude":"-50.23333330","longitude":"-68.91666670","name":"Estancia Monte Le\u00f3n"},{"id":"106644","latitude":"-49.61666670","longitude":"-72.06666670","name":"Estancia Punta del Lago"},{"id":"106656","latitude":"-51.80000000","longitude":"-71.00000000","name":"Estancia Santa Sof\u00eda"},{"id":"106663","latitude":"-51.80000000","longitude":"-71.00000000","name":"Estancia Sof\u00eda"},{"id":"106665","latitude":"-51.05000000","longitude":"-71.76666670","name":"Estancia Tapi Aike"},{"id":"106749","latitude":"-48.96666670","longitude":"-71.40000000","name":"Felt\u00f3n"},{"id":"106770","latitude":"-47.03333330","longitude":"-67.25000000","name":"Fitz Roy"},{"id":"106773","latitude":"-47.83333330","longitude":"-69.66666670","name":"Flecha Negra"},{"id":"106788","latitude":"-48.41666670","longitude":"-67.38333330","name":"Florida Negra"},{"id":"106789","latitude":"-48.41666670","longitude":"-67.38333330","name":"Florida Seca"},{"id":"106871","latitude":"-51.03333330","longitude":"-71.48333330","name":"Fuentes de Coyle"},{"id":"106872","latitude":"-51.03333330","longitude":"-71.48333330","name":"Fuentes del Coig"},{"id":"106873","latitude":"-51.03333330","longitude":"-71.48333330","name":"Fuentes del Coyle"},{"id":"106888","latitude":"-51.63333330","longitude":"-69.21666670","name":"Gallegos"},{"id":"106902","latitude":"-52.16666670","longitude":"-68.56666670","name":"Gap"},{"id":"106926","latitude":"-51.96666670","longitude":"-71.46666670","name":"Gayp\u00f3n"},{"id":"106931","latitude":"-50.30000000","longitude":"-70.91666670","name":"Gendarme Barreto"},{"id":"106932","latitude":"-50.30000000","longitude":"-70.91666670","name":"Gendarme C. Barreto"},{"id":"106982","latitude":"-47.45000000","longitude":"-70.93333330","name":"General Jos\u00e9 de San Mart\u00edn"},{"id":"107083","latitude":"-48.76666670","longitude":"-70.25000000","name":"Gobernador Gregores"},{"id":"107093","latitude":"-51.35000000","longitude":"-70.30000000","name":"Gobernador Mayer"},{"id":"107095","latitude":"-47.25000000","longitude":"-68.60000000","name":"Gobernador Moyano"},{"id":"107185","latitude":"-51.43333330","longitude":"-69.81666670","name":"Guankenke Aike"},{"id":"107186","latitude":"-51.43333330","longitude":"-69.81666670","name":"Guankenken Aike"},{"id":"107209","latitude":"-51.65000000","longitude":"-69.58333330","name":"G\u00fcer Aike"},{"id":"107264","latitude":"-51.56666670","longitude":"-69.23333330","name":"Hill Station"},{"id":"107288","latitude":"-50.76666670","longitude":"-69.41666670","name":"Hotel de Lemarchand"},{"id":"107289","latitude":"-50.76666670","longitude":"-69.41666670","name":"Hotel de Marchand"},{"id":"107290","latitude":"-50.65000000","longitude":"-71.40000000","name":"Hotel El Cerrito"},{"id":"107418","latitude":"-46.30000000","longitude":"-71.73333330","name":"Ingeniero Palavecini"},{"id":"107419","latitude":"-46.30000000","longitude":"-71.73333330","name":"Ingeniero Palavicini"},{"id":"107420","latitude":"-46.30000000","longitude":"-71.73333330","name":"Ingeniero Pallaviccini"},{"id":"107421","latitude":"-46.30000000","longitude":"-71.73333330","name":"Ingeniero Pallavicini"},{"id":"107422","latitude":"-46.30000000","longitude":"-71.73333330","name":"Ingeniero Pallavieini"},{"id":"107520","latitude":"-48.43333330","longitude":"-68.96666670","name":"J. Albornoz"},{"id":"107527","latitude":"-47.18333330","longitude":"-67.15000000","name":"Jaramillo"},{"id":"107563","latitude":"-48.43333330","longitude":"-68.96666670","name":"J.J. Albornoz"},{"id":"107637","latitude":"-48.43333330","longitude":"-68.96666670","name":"Juan Jos\u00e9 Albornoz"},{"id":"107681","latitude":"-46.71666670","longitude":"-68.23333330","name":"Kaluel Kaike"},{"id":"107711","latitude":"-46.71666670","longitude":"-68.23333330","name":"Kohi el Kayke"},{"id":"107712","latitude":"-46.71666670","longitude":"-68.23333330","name":"Koluel Kayke"},{"id":"107723","latitude":"-48.06666670","longitude":"-69.78333330","name":"La Aragonesa"},{"id":"107735","latitude":"-48.88333330","longitude":"-69.70000000","name":"La Bajada"},{"id":"107900","latitude":"-50.33333330","longitude":"-72.30000000","name":"Lago Argentino"},{"id":"107903","latitude":"-46.60000000","longitude":"-70.93333330","name":"Lago Buenos Aires"},{"id":"107904","latitude":"-48.96666670","longitude":"-71.40000000","name":"Lago Cardiel"},{"id":"107908","latitude":"-47.53333330","longitude":"-71.75000000","name":"Lago Posadas"},{"id":"107910","latitude":"-49.15000000","longitude":"-72.06666670","name":"Lago San Mart\u00edn"},{"id":"107911","latitude":"-49.80000000","longitude":"-72.11666670","name":"Lago Viedma"},{"id":"107932","latitude":"-49.55000000","longitude":"-70.23333330","name":"Laguna Grande"},{"id":"107952","latitude":"-48.56666670","longitude":"-70.55000000","name":"La Herrer\u00eda"},{"id":"107965","latitude":"-49.40000000","longitude":"-68.75000000","name":"Lai Aike"},{"id":"108009","latitude":"-48.06666670","longitude":"-69.93333330","name":"La Manchuria"},{"id":"108010","latitude":"-48.06666670","longitude":"-69.93333330","name":"La Manchurria"},{"id":"108014","latitude":"-47.01666670","longitude":"-69.88333330","name":"La Mar\u00eda"},{"id":"108248","latitude":"-46.55000000","longitude":"-68.95000000","name":"Las Heras"},{"id":"108254","latitude":"-48.23333330","longitude":"-71.18333330","name":"Las Horquetas"},{"id":"108256","latitude":"-48.23333330","longitude":"-71.18333330","name":"Las Horquetas Ranch"},{"id":"108300","latitude":"-51.80000000","longitude":"-71.00000000","name":"La Sof\u00eda"},{"id":"108363","latitude":"-47.31666670","longitude":"-67.23333330","name":"Las Tres Hermanas"},{"id":"108463","latitude":"-50.76666670","longitude":"-69.41666670","name":"Le Marchand"},{"id":"108589","latitude":"-46.55000000","longitude":"-71.61666670","name":"Los Antiguos"},{"id":"108677","latitude":"-46.01666670","longitude":"-69.60000000","name":"Los Monos"},{"id":"108974","latitude":"-49.60000000","longitude":"-71.21666670","name":"Mata Amarilla"},{"id":"108976","latitude":"-48.81666670","longitude":"-67.61666670","name":"Mata Grande"},{"id":"109007","latitude":"-47.08333330","longitude":"-66.70000000","name":"Mazaredo"},{"id":"109008","latitude":"-47.08333330","longitude":"-66.70000000","name":"Mazarredo"},{"id":"109097","latitude":"-52.16666670","longitude":"-68.56666670","name":"Mina de Oro de Zanja Pike"},{"id":"109186","latitude":"-52.13333330","longitude":"-69.53333330","name":"Monte Aymond"},{"id":"109199","latitude":"-52.30000000","longitude":"-68.55000000","name":"Monte Dinero"},{"id":"109208","latitude":"-50.23333330","longitude":"-68.91666670","name":"Monte Le\u00f3n"},{"id":"109209","latitude":"-50.23333330","longitude":"-68.91666670","name":"Monte Le\u00f3n Ranch"},{"id":"109549","latitude":"-46.30000000","longitude":"-71.73333330","name":"Palavicini"},{"id":"109557","latitude":"-46.30000000","longitude":"-71.73333330","name":"Pallavicini"},{"id":"109689","latitude":"-50.28333330","longitude":"-71.88333330","name":"Paso Charles Fuhr"},{"id":"109694","latitude":"-47.81666670","longitude":"-71.98333330","name":"Paso del \u00c1guila"},{"id":"109711","latitude":"-47.83333330","longitude":"-66.58333330","name":"Paso Gobernador Gregores"},{"id":"109713","latitude":"-47.80000000","longitude":"-66.58333330","name":"Paso Gregores"},{"id":"109721","latitude":"-50.30000000","longitude":"-71.71666670","name":"Paso R\u00edo Bote"},{"id":"109724","latitude":"-47.13333330","longitude":"-71.85000000","name":"Paso Roballo"},{"id":"109725","latitude":"-47.13333330","longitude":"-71.85000000","name":"Paso Roballos"},{"id":"109726","latitude":"-47.13333330","longitude":"-71.85000000","name":"Paso Rodolfo Roballos"},{"id":"109809","latitude":"-46.60000000","longitude":"-70.93333330","name":"Perito Moreno"},{"id":"109841","latitude":"-46.80000000","longitude":"-67.96666670","name":"Pico Troncado"},{"id":"109842","latitude":"-46.80000000","longitude":"-67.96666670","name":"Pico Truncado"},{"id":"109848","latitude":"-49.98333330","longitude":"-68.90000000","name":"Piedra Buena"},{"id":"109849","latitude":"-46.60000000","longitude":"-68.53333330","name":"Piedra Clavada"},{"id":"110096","latitude":"-50.33333330","longitude":"-72.30000000","name":"Pueblo Calafate"},{"id":"110158","latitude":"-50.30000000","longitude":"-72.78333330","name":"Puerto Bandera"},{"id":"110168","latitude":"-50.95000000","longitude":"-69.20000000","name":"Puerto Coig"},{"id":"110170","latitude":"-50.95000000","longitude":"-69.20000000","name":"Puerto Coyle"},{"id":"110179","latitude":"-47.75000000","longitude":"-65.90000000","name":"Puerto Deseadas"},{"id":"110180","latitude":"-47.75000000","longitude":"-65.90000000","name":"Puerto Deseado"},{"id":"110195","latitude":"-51.63333330","longitude":"-69.21666670","name":"Puerto Gallegos"},{"id":"110259","latitude":"-51.63333330","longitude":"-69.21666670","name":"Puerto R\u00edo Gallegos"},{"id":"110268","latitude":"-49.30000000","longitude":"-67.71666670","name":"Puerto San Juli\u00e1n"},{"id":"110273","latitude":"-50.01666670","longitude":"-68.51666670","name":"Puerto Santa Cruz"},{"id":"110330","latitude":"-49.61666670","longitude":"-72.06666670","name":"Punta de Lago"},{"id":"110338","latitude":"-49.61666670","longitude":"-72.06666670","name":"Punta del Lago"},{"id":"110340","latitude":"-51.63333330","longitude":"-71.30000000","name":"Punta del Monte"},{"id":"110539","latitude":"-50.28333330","longitude":"-70.15000000","name":"Rinc\u00f3n Grande"},{"id":"110543","latitude":"-50.30000000","longitude":"-69.91666670","name":"Rinc\u00f3n"},{"id":"110548","latitude":"-50.26666670","longitude":"-71.73333330","name":"R\u00edo Bote"},{"id":"110553","latitude":"-49.80000000","longitude":"-68.61666670","name":"R\u00edo Chico"},{"id":"110565","latitude":"-46.60000000","longitude":"-70.93333330","name":"R\u00edo F\u00e9nix"},{"id":"110566","latitude":"-51.63333330","longitude":"-69.21666670","name":"R\u00edo Gallegos"},{"id":"110590","latitude":"-51.53333330","longitude":"-72.30000000","name":"R\u00edo Turbio"},{"id":"110596","latitude":"-51.98333330","longitude":"-70.40000000","name":"Ritchie"},{"id":"110990","latitude":"-49.30000000","longitude":"-67.71666670","name":"San Juli\u00e1n"},{"id":"111139","latitude":"-50.01666670","longitude":"-68.51666670","name":"Santa Cruz"},{"id":"111214","latitude":"-51.80000000","longitude":"-71.00000000","name":"Santa Sof\u00eda Ranch"},{"id":"111311","latitude":"-52.16666670","longitude":"-68.56666670","name":"Secci\u00f3n Gap"},{"id":"111379","latitude":"-46.06666670","longitude":"-67.63333330","name":"Sindicato Dodero"},{"id":"111548","latitude":"-48.31666670","longitude":"-70.96666670","name":"Tamel Aiken"},{"id":"111549","latitude":"-48.31666670","longitude":"-70.96666670","name":"Tamel Aike"},{"id":"111558","latitude":"-51.05000000","longitude":"-71.76666670","name":"Tapi Aike"},{"id":"111580","latitude":"-46.93333330","longitude":"-67.45000000","name":"Tehuelches"},{"id":"111588","latitude":"-47.65000000","longitude":"-66.05000000","name":"Tellier"},{"id":"111737","latitude":"-48.21666670","longitude":"-67.55000000","name":"Tres Cerros"},{"id":"111749","latitude":"-47.31666670","longitude":"-67.23333330","name":"Tres Hermanas"},{"id":"111752","latitude":"-49.61666670","longitude":"-71.50000000","name":"Tres Lagos"},{"id":"111794","latitude":"-48.43333330","longitude":"-71.85000000","name":"Tucu Tucu"},{"id":"111904","latitude":"-51.65000000","longitude":"-72.30000000","name":"Veintiocho de Noviembre"},{"id":"112357","latitude":"-51.53333330","longitude":"-72.30000000","name":"Yacimiento R\u00edo Turbio"},{"id":"112358","latitude":"-51.53333330","longitude":"-72.30000000","name":"Yacimientos de R\u00edo Turbio"},{"id":"112409","latitude":"-52.16666670","longitude":"-68.56666670","name":"Zanja Pique"}]