[{"id":"826913","latitude":"52.63333300","longitude":"-2.26666700","name":"Albrighton"},{"id":"827112","latitude":"54.85000000","longitude":"-1.73333300","name":"Annfield Plain"},{"id":"827366","latitude":"54.75000000","longitude":"-3.33333300","name":"Aspatria"},{"id":"827492","latitude":"54.60000000","longitude":"-1.55000000","name":"Aycliffe"},{"id":"827531","latitude":"52.60000000","longitude":"-2.35000000","name":"Badger"},{"id":"827544","latitude":"54.75000000","longitude":"-3.26666700","name":"Baggrow"},{"id":"827780","latitude":"54.53333300","longitude":"-1.91666700","name":"Barnard Castle"},{"id":"827795","latitude":"54.48333300","longitude":"-1.86666700","name":"Barningham"},{"id":"827942","latitude":"52.61666700","longitude":"-2.35000000","name":"Beckbury"},{"id":"827956","latitude":"54.68333300","longitude":"-1.85000000","name":"Bedburn"},{"id":"828262","latitude":"54.88333300","longitude":"-1.56666700","name":"Birtley"},{"id":"828267","latitude":"54.65000000","longitude":"-1.66666700","name":"Bishop Auckland"},{"id":"828272","latitude":"54.68333300","longitude":"-1.48333300","name":"Bishop Middleham"},{"id":"828329","latitude":"54.85000000","longitude":"-1.85000000","name":"Black Hill"},{"id":"828474","latitude":"54.95000000","longitude":"-1.46666700","name":"Boldon"},{"id":"828488","latitude":"54.75000000","longitude":"-3.18333300","name":"Boltongate"},{"id":"828494","latitude":"54.76666700","longitude":"-2.08333300","name":"Bolts Burn"},{"id":"828533","latitude":"52.90000000","longitude":"-1.38333300","name":"Borrowash"},{"id":"828559","latitude":"54.73333300","longitude":"-3.26666700","name":"Bothel"},{"id":"828617","latitude":"54.50000000","longitude":"-2.00000000","name":"Bowes"},{"id":"828620","latitude":"54.28333300","longitude":"-2.88333300","name":"Bowland Bridge"},{"id":"828657","latitude":"54.65000000","longitude":"-1.50000000","name":"Bradbury"},{"id":"828869","latitude":"54.51666700","longitude":"-1.88333300","name":"Brignall"},{"id":"828909","latitude":"50.48333300","longitude":"-3.68333300","name":"Broadhempston"},{"id":"828930","latitude":"54.80000000","longitude":"-1.80000000","name":"Broadwood"},{"id":"829183","latitude":"54.90000000","longitude":"-1.71666700","name":"Burnopfield"},{"id":"829275","latitude":"54.70000000","longitude":"-1.63333300","name":"Byers Green"},{"id":"829336","latitude":"54.51666700","longitude":"-1.75000000","name":"Caldwell"},{"id":"829595","latitude":"54.73333300","longitude":"-1.31666700","name":"Castle Eden"},{"id":"829606","latitude":"54.83333300","longitude":"-1.86666700","name":"Castleside"},{"id":"829838","latitude":"54.85000000","longitude":"-1.56666700","name":"Chester-le-Street"},{"id":"830204","latitude":"54.61666700","longitude":"-1.80000000","name":"Cockfield"},{"id":"830249","latitude":"54.81666700","longitude":"-1.35000000","name":"Cold Hesledon"},{"id":"830374","latitude":"54.85000000","longitude":"-1.83333300","name":"Consett"},{"id":"830375","latitude":"54.85000000","longitude":"-1.83333300","name":"Consetti"},{"id":"830403","latitude":"54.61666700","longitude":"-1.86666700","name":"Copley"},{"id":"830425","latitude":"54.70000000","longitude":"-1.51666700","name":"Cornforth"},{"id":"830429","latitude":"54.78333300","longitude":"-1.76666700","name":"Cornsay"},{"id":"830483","latitude":"54.56666700","longitude":"-1.98333300","name":"Cotherstone"},{"id":"830515","latitude":"54.66666700","longitude":"-1.65000000","name":"Coundon"},{"id":"830557","latitude":"52.96666700","longitude":"-1.43333300","name":"Coxbench"},{"id":"830558","latitude":"54.88333300","longitude":"-1.48333300","name":"Cox Green"},{"id":"830559","latitude":"54.71666700","longitude":"-1.50000000","name":"Coxhoe"},{"id":"830572","latitude":"54.85000000","longitude":"-1.66666700","name":"Craghead"},{"id":"830727","latitude":"54.33333300","longitude":"-2.81666700","name":"Crook"},{"id":"830794","latitude":"54.73333300","longitude":"-1.56666700","name":"Croxdale"},{"id":"830968","latitude":"52.93333300","longitude":"-1.35000000","name":"Dale Abbey"},{"id":"831030","latitude":"50.45000000","longitude":"-3.71666700","name":"Darlington"},{"id":"831110","latitude":"54.56666700","longitude":"-1.66666700","name":"Denton"},{"id":"831200","latitude":"54.88333300","longitude":"-1.75000000","name":"Dipton"},{"id":"831325","latitude":"52.88333300","longitude":"-1.33333300","name":"Draycott"},{"id":"831522","latitude":"54.76666700","longitude":"-1.56666700","name":"Durham"},{"id":"831582","latitude":"54.78527800","longitude":"-1.35916700","name":"Easington"},{"id":"831598","latitude":"54.95000000","longitude":"-1.41666700","name":"East Boldon"},{"id":"831650","latitude":"54.73333300","longitude":"-2.06666700","name":"Eastgate"},{"id":"831676","latitude":"54.98333300","longitude":"-1.48333300","name":"East Howdon"},{"id":"831773","latitude":"54.88333300","longitude":"-1.83333300","name":"Ebchester"},{"id":"831824","latitude":"54.85000000","longitude":"-1.95000000","name":"Edmondbyers"},{"id":"831825","latitude":"54.85000000","longitude":"-1.95000000","name":"Edmondbyres"},{"id":"831827","latitude":"54.85000000","longitude":"-1.63333300","name":"Edmondsley"},{"id":"831847","latitude":"54.60000000","longitude":"-2.00000000","name":"Eggleston"},{"id":"831962","latitude":"54.66666700","longitude":"-1.33333300","name":"Embleton"},{"id":"831997","latitude":"54.51666700","longitude":"-1.73333300","name":"Eppleby"},{"id":"832031","latitude":"54.41666700","longitude":"-2.00000000","name":"Eskcleth"},{"id":"832041","latitude":"54.65000000","longitude":"-1.75000000","name":"Etherley"},{"id":"832059","latitude":"54.61666700","longitude":"-1.76666700","name":"Evenwood"},{"id":"832212","latitude":"54.95500000","longitude":"-1.56000000","name":"Felling"},{"id":"832256","latitude":"54.68333300","longitude":"-1.55000000","name":"Ferryhill"},{"id":"832317","latitude":"54.70000000","longitude":"-1.78333300","name":"Fir Tree"},{"id":"832320","latitude":"54.68333300","longitude":"-1.43333300","name":"Fishburn"},{"id":"832399","latitude":"54.50000000","longitude":"-1.73333300","name":"Forcett"},{"id":"832562","latitude":"54.73333300","longitude":"-1.93333300","name":"Frosterley"},{"id":"832603","latitude":"54.55000000","longitude":"-1.73333300","name":"Gainford"},{"id":"833090","latitude":"54.16666700","longitude":"-0.83333300","name":"Great Habton"},{"id":"833107","latitude":"54.51666700","longitude":"-1.80000000","name":"Great Hutton"},{"id":"833337","latitude":"54.16666700","longitude":"-0.83333300","name":"Habton"},{"id":"833457","latitude":"54.68333300","longitude":"-1.81666700","name":"Hamsterley"},{"id":"833487","latitude":"50.41666700","longitude":"-3.71666700","name":"Harberton"},{"id":"833581","latitude":"54.96666700","longitude":"-1.40000000","name":"Harton"},{"id":"833610","latitude":"54.78333300","longitude":"-1.41666700","name":"Haswell"},{"id":"833674","latitude":"54.80000000","longitude":"-1.35000000","name":"Hawthorn"},{"id":"833732","latitude":"54.96666700","longitude":"-1.51666700","name":"Hebburn"},{"id":"833733","latitude":"54.96666700","longitude":"-1.51666700","name":"Hebburn-on-Tyne"},{"id":"833748","latitude":"54.60000000","longitude":"-1.60000000","name":"Heighington"},{"id":"833847","latitude":"54.86666700","longitude":"-1.46666700","name":"Herrington"},{"id":"833854","latitude":"54.75000000","longitude":"-1.31666700","name":"Hesleden"},{"id":"833914","latitude":"54.65000000","longitude":"-1.75000000","name":"High Etherley"},{"id":"833982","latitude":"52.56666700","longitude":"-2.31666700","name":"Hilton"},{"id":"834162","latitude":"54.75000000","longitude":"-1.28333300","name":"Horden"},{"id":"834238","latitude":"54.85000000","longitude":"-1.46666700","name":"Houghton le Spring"},{"id":"834321","latitude":"54.68333300","longitude":"-1.70000000","name":"Hunwick"},{"id":"834341","latitude":"54.56666700","longitude":"-2.06666700","name":"Hury"},{"id":"834349","latitude":"54.71666700","longitude":"-1.35000000","name":"Hutton Henry"},{"id":"834356","latitude":"54.51666700","longitude":"-1.80000000","name":"Hutton Magna"},{"id":"834444","latitude":"54.58333300","longitude":"-1.73333300","name":"Ingleton"},{"id":"834542","latitude":"54.73333300","longitude":"-3.18333300","name":"Ireby"},{"id":"834588","latitude":"54.98055600","longitude":"-1.45083300","name":"Jarrow"},{"id":"834589","latitude":"54.98055600","longitude":"-1.45083300","name":"Jarrow-on-Tyne"},{"id":"835063","latitude":"54.20000000","longitude":"-0.80000000","name":"Kirby Misperton"},{"id":"835093","latitude":"54.20000000","longitude":"-0.80000000","name":"Kirkby Misperton"},{"id":"835138","latitude":"54.68333300","longitude":"-1.58333300","name":"Kirk Merrington"},{"id":"835203","latitude":"54.16666700","longitude":"-0.65000000","name":"Knapton"},{"id":"835217","latitude":"54.83333300","longitude":"-1.81666700","name":"Knitsley"},{"id":"835264","latitude":"54.88333300","longitude":"-1.73333300","name":"Kyo"},{"id":"835318","latitude":"54.81666700","longitude":"-1.73333300","name":"Lanchester"},{"id":"835362","latitude":"54.41666700","longitude":"-1.98333300","name":"Langthwaite"},{"id":"835400","latitude":"54.55000000","longitude":"-1.96666700","name":"Lartington"},{"id":"835455","latitude":"54.86666700","longitude":"-1.80000000","name":"Leadgate"},{"id":"835472","latitude":"54.80000000","longitude":"-1.51666700","name":"Leamside"},{"id":"835679","latitude":"54.90000000","longitude":"-1.75000000","name":"Lintz Green"},{"id":"835762","latitude":"54.16666700","longitude":"-0.85000000","name":"Little Habton"},{"id":"836317","latitude":"53.71666700","longitude":"-1.50000000","name":"Lofthouse Gate"},{"id":"836319","latitude":"53.73333300","longitude":"-1.50000000","name":"Lofthouse"},{"id":"836456","latitude":"54.90000000","longitude":"-1.58333300","name":"Low Eighton"},{"id":"836505","latitude":"54.41666700","longitude":"-2.00000000","name":"Low Eskcleth"},{"id":"836508","latitude":"54.65000000","longitude":"-1.73333300","name":"Low Etherley"},{"id":"836515","latitude":"54.80000000","longitude":"-1.46666700","name":"Low Moorsley"},{"id":"836524","latitude":"54.96666700","longitude":"-1.53333300","name":"Low Walker"},{"id":"836555","latitude":"54.76666700","longitude":"-1.43333300","name":"Ludworth"},{"id":"836835","latitude":"54.96666700","longitude":"-1.36666700","name":"Marsden"},{"id":"836931","latitude":"54.75000000","longitude":"-3.21666700","name":"Mealsgate"},{"id":"837062","latitude":"54.60000000","longitude":"-2.05000000","name":"Mickleton"},{"id":"837088","latitude":"54.61666700","longitude":"-2.08333300","name":"Middleton in Teesdale"},{"id":"837313","latitude":"54.80000000","longitude":"-1.46666700","name":"Moorsley"},{"id":"837454","latitude":"54.83333300","longitude":"-1.93333300","name":"Muggleswick"},{"id":"837621","latitude":"54.63333300","longitude":"-2.13333300","name":"Newbiggin"},{"id":"837635","latitude":"54.85000000","longitude":"-1.46666700","name":"Newbottle"},{"id":"837648","latitude":"54.96666700","longitude":"-1.73333300","name":"Newburn"},{"id":"837693","latitude":"54.86666700","longitude":"-1.46666700","name":"New Herrington"},{"id":"837743","latitude":"54.48333300","longitude":"-1.83333300","name":"Newsham"},{"id":"837745","latitude":"54.61666700","longitude":"-1.65000000","name":"New Shildon"},{"id":"837752","latitude":"54.61666700","longitude":"-1.56666700","name":"Newton Aycliffe"},{"id":"837992","latitude":"52.60000000","longitude":"-2.40000000","name":"Norton"},{"id":"838124","latitude":"54.88333300","longitude":"-1.48333300","name":"Old Penshaw"},{"id":"838299","latitude":"54.88333300","longitude":"-1.48333300","name":"Painshaw"},{"id":"838376","latitude":"52.58333300","longitude":"-2.26666700","name":"Pattingham"},{"id":"838409","latitude":"54.86666700","longitude":"-1.60000000","name":"Pelton Fell"},{"id":"838410","latitude":"54.86666700","longitude":"-1.60000000","name":"Pelton"},{"id":"838479","latitude":"54.88333300","longitude":"-1.48333300","name":"Penshaw"},{"id":"838533","latitude":"54.76222200","longitude":"-1.34750000","name":"Peterlee"},{"id":"838616","latitude":"54.80000000","longitude":"-1.48333300","name":"Pittington"},{"id":"838632","latitude":"54.81666700","longitude":"-1.58333300","name":"Plawsworth"},{"id":"838644","latitude":"54.73333300","longitude":"-3.31666700","name":"Plumbland"},{"id":"838716","latitude":"54.88333300","longitude":"-1.75000000","name":"Pontop"},{"id":"838999","latitude":"54.73333300","longitude":"-1.46666700","name":"Quarrington Hill"},{"id":"839106","latitude":"50.43333300","longitude":"-3.76666700","name":"Rattery"},{"id":"839273","latitude":"54.15000000","longitude":"-0.70000000","name":"Rillington"},{"id":"839325","latitude":"53.73333300","longitude":"-1.51666700","name":"Robin Hood"},{"id":"839367","latitude":"54.51666700","longitude":"-1.86666700","name":"Rokeby"},{"id":"839375","latitude":"54.58333300","longitude":"-2.00000000","name":"Romaldkirk"},{"id":"839384","latitude":"54.76666700","longitude":"-2.08333300","name":"Rookhope"},{"id":"839444","latitude":"53.75000000","longitude":"-1.48333300","name":"Rothwell"},{"id":"839467","latitude":"54.91666700","longitude":"-1.73333300","name":"Rowlands Gill"},{"id":"839558","latitude":"54.87138900","longitude":"-1.37000000","name":"Ryhope"},{"id":"839562","latitude":"52.61666700","longitude":"-2.35000000","name":"Ryton"},{"id":"839565","latitude":"54.81666700","longitude":"-1.61666700","name":"Sacriston"},{"id":"839669","latitude":"54.71666700","longitude":"-2.16666700","name":"Saint Johns Chapel"},{"id":"839671","latitude":"54.71666700","longitude":"-2.16666700","name":"Saint John Weardale"},{"id":"839857","latitude":"54.78333300","longitude":"-1.81666700","name":"Satley"},{"id":"839974","latitude":"54.83666700","longitude":"-1.33805600","name":"Seaham Harbour"},{"id":"839975","latitude":"54.83666700","longitude":"-1.33805600","name":"Seaham"},{"id":"839999","latitude":"54.65000000","longitude":"-1.45000000","name":"Sedgefield"},{"id":"840100","latitude":"54.80000000","longitude":"-1.58333300","name":"Sheepscar"},{"id":"840148","latitude":"54.78333300","longitude":"-1.48333300","name":"Sherburn Hill"},{"id":"840150","latitude":"54.76666700","longitude":"-1.48333300","name":"Sherburn"},{"id":"840174","latitude":"54.86666700","longitude":"-1.70000000","name":"Shield Row"},{"id":"840177","latitude":"54.63333300","longitude":"-1.65000000","name":"Shildon"},{"id":"840186","latitude":"54.76666700","longitude":"-1.53333300","name":"Shincliffe"},{"id":"840232","latitude":"54.86666700","longitude":"-1.85000000","name":"Shotley Bridge"},{"id":"840240","latitude":"54.78333300","longitude":"-1.36666700","name":"Shotton"},{"id":"840396","latitude":"54.48333300","longitude":"-2.06666700","name":"Sleightholme"},{"id":"840410","latitude":"52.98333300","longitude":"-1.38333300","name":"Smalley"},{"id":"840564","latitude":"54.85000000","longitude":"-1.70000000","name":"South Moor"},{"id":"840639","latitude":"54.68333300","longitude":"-1.60000000","name":"Spennymoor"},{"id":"840659","latitude":"52.90000000","longitude":"-1.40000000","name":"Sponden"},{"id":"840660","latitude":"52.90000000","longitude":"-1.40000000","name":"Spondon"},{"id":"840703","latitude":"54.56666700","longitude":"-1.80000000","name":"Staindrop"},{"id":"840749","latitude":"54.75000000","longitude":"-2.01666700","name":"Stanhope"},{"id":"840751","latitude":"52.95000000","longitude":"-1.38333300","name":"Stanley"},{"id":"840753","latitude":"52.58333300","longitude":"-2.30000000","name":"Stanlow"},{"id":"840805","latitude":"54.53333300","longitude":"-1.91666700","name":"Startforth"},{"id":"840815","latitude":"54.36666700","longitude":"-2.81666700","name":"Staveley"},{"id":"840817","latitude":"50.46666700","longitude":"-3.70000000","name":"Staverton"},{"id":"841159","latitude":"54.70000000","longitude":"-3.26666700","name":"Sunderland"},{"id":"841325","latitude":"54.88333300","longitude":"-1.70000000","name":"Tanfield"},{"id":"841526","latitude":"54.75000000","longitude":"-1.43333300","name":"Thornley"},{"id":"841778","latitude":"54.73333300","longitude":"-3.23333300","name":"Torpenhow"},{"id":"841821","latitude":"54.73333300","longitude":"-1.81666700","name":"Tow Law"},{"id":"841908","latitude":"54.71666700","longitude":"-1.41666700","name":"Trimdon Grange"},{"id":"841909","latitude":"54.70000000","longitude":"-1.41666700","name":"Trimdon"},{"id":"842065","latitude":"54.71666700","longitude":"-3.16666700","name":"Uldale"},{"id":"842084","latitude":"54.31666700","longitude":"-2.81666700","name":"Underbarrow"},{"id":"842190","latitude":"54.91666700","longitude":"-1.50000000","name":"Usworth"},{"id":"842276","latitude":"54.96666700","longitude":"-1.53333300","name":"Walker-on-Tyne"},{"id":"842277","latitude":"54.96666700","longitude":"-1.53333300","name":"Walker"},{"id":"842347","latitude":"54.56666700","longitude":"-1.65000000","name":"Walworth"},{"id":"842423","latitude":"54.90000000","longitude":"-1.51666700","name":"Washington New Town"},{"id":"842424","latitude":"54.90000000","longitude":"-1.51666700","name":"Washington"},{"id":"842426","latitude":"54.80000000","longitude":"-1.91666700","name":"Waskerley"},{"id":"842437","latitude":"54.76666700","longitude":"-1.71666700","name":"Waterhouses"},{"id":"842580","latitude":"54.63333300","longitude":"-1.73333300","name":"West Auckland"},{"id":"842590","latitude":"54.95000000","longitude":"-1.46666700","name":"West Boldon"},{"id":"842622","latitude":"54.70000000","longitude":"-1.51666700","name":"West Cornforth"},{"id":"842663","latitude":"54.73333300","longitude":"-2.13333300","name":"Westgate"},{"id":"842672","latitude":"52.95000000","longitude":"-1.35000000","name":"West Hallam"},{"id":"842705","latitude":"54.88333300","longitude":"-1.73333300","name":"West Kyo"},{"id":"842780","latitude":"54.81666700","longitude":"-1.50000000","name":"West Rainton"},{"id":"842876","latitude":"54.93333300","longitude":"-1.68333300","name":"Whickham"},{"id":"842887","latitude":"54.95333300","longitude":"-1.36861100","name":"Whitburn"},{"id":"843061","latitude":"54.98333300","longitude":"-1.50000000","name":"Willington Quay-on-Tyne"},{"id":"843062","latitude":"54.98333300","longitude":"-1.50000000","name":"Willington Quay"},{"id":"843064","latitude":"54.71666700","longitude":"-1.70000000","name":"Willington"},{"id":"843126","latitude":"54.73333300","longitude":"-1.38333300","name":"Wingate"},{"id":"843140","latitude":"54.96666700","longitude":"-1.73333300","name":"Winlaton"},{"id":"843150","latitude":"54.31666700","longitude":"-2.88333300","name":"Winster"},{"id":"843151","latitude":"54.55000000","longitude":"-1.78333300","name":"Winston"},{"id":"843223","latitude":"54.80000000","longitude":"-1.63333300","name":"Witton Gilbert"},{"id":"843224","latitude":"54.68333300","longitude":"-1.76666700","name":"Witton le Wear"},{"id":"843251","latitude":"54.71666700","longitude":"-1.88333300","name":"Wolsingham"},{"id":"843291","latitude":"54.63333300","longitude":"-1.55000000","name":"Woodham"},{"id":"843298","latitude":"54.63333300","longitude":"-1.90000000","name":"Woodland"},{"id":"843456","latitude":"54.51666700","longitude":"-1.81666700","name":"Wycliffe"},{"id":"843457","latitude":"54.51666700","longitude":"-1.81666700","name":"Wyclitffe"}]