[{"id":"826977","latitude":"52.41666700","longitude":"-1.55000000","name":"Allesley"},{"id":"828086","latitude":"52.40000000","longitude":"-1.63333300","name":"Berkeswell"},{"id":"828090","latitude":"52.40000000","longitude":"-1.63333300","name":"Berkswell"},{"id":"829406","latitude":"52.38333300","longitude":"-1.55000000","name":"Canley"},{"id":"830421","latitude":"52.45000000","longitude":"-1.55000000","name":"Corley"},{"id":"830514","latitude":"52.43333300","longitude":"-1.53333300","name":"Coundon"},{"id":"830534","latitude":"52.41666700","longitude":"-1.55000000","name":"Coventry"},{"id":"832280","latitude":"52.46666700","longitude":"-1.58333300","name":"Fillongley"},{"id":"833137","latitude":"52.45000000","longitude":"-1.65000000","name":"Great Packington"},{"id":"834725","latitude":"52.43333300","longitude":"-1.53333300","name":"Keresley"},{"id":"836919","latitude":"52.46666700","longitude":"-1.65000000","name":"Maxstoke"},{"id":"837010","latitude":"52.43333300","longitude":"-1.61666700","name":"Meriden"},{"id":"838346","latitude":"52.40000000","longitude":"-1.50000000","name":"Parkside"},{"id":"840661","latitude":"52.40000000","longitude":"-1.53333300","name":"Spon End"},{"id":"840885","latitude":"52.38333300","longitude":"-1.50000000","name":"Stivichall"},{"id":"842941","latitude":"52.38333300","longitude":"-1.48333300","name":"Whitley"}]