[{"id":"827020","latitude":"54.68333300","longitude":"-7.73333300","name":"Altamullan"},{"id":"827021","latitude":"54.51666700","longitude":"-7.08333300","name":"Altamuskin"},{"id":"827034","latitude":"54.68333300","longitude":"-7.73333300","name":"Altmullan"},{"id":"827114","latitude":"54.60000000","longitude":"-7.30000000","name":"An Oghmagh"},{"id":"827115","latitude":"54.60000000","longitude":"-7.30000000","name":"An \u00d3maigh"},{"id":"827201","latitude":"54.30000000","longitude":"-7.35000000","name":"Ardmoney"},{"id":"827458","latitude":"54.43333300","longitude":"-7.15000000","name":"Augher"},{"id":"827460","latitude":"54.41666700","longitude":"-6.96666700","name":"Aughnacloy"},{"id":"827589","latitude":"54.21666700","longitude":"-7.33333300","name":"Ballagh"},{"id":"827590","latitude":"54.21666700","longitude":"-7.33333300","name":"Ballagh Cross Roads"},{"id":"827634","latitude":"54.65000000","longitude":"-7.75000000","name":"Ballyetragh"},{"id":"827635","latitude":"54.46666700","longitude":"-7.03333300","name":"Ballygawley"},{"id":"827666","latitude":"54.48333300","longitude":"-6.98333300","name":"Ballyreagh"},{"id":"827809","latitude":"54.45000000","longitude":"-7.36666700","name":"Barr"},{"id":"827822","latitude":"54.45000000","longitude":"-7.36666700","name":"Barr of Fintona"},{"id":"828031","latitude":"54.66666700","longitude":"-7.48333300","name":"Bellway"},{"id":"828081","latitude":"54.55000000","longitude":"-7.16666700","name":"Beragh"},{"id":"828327","latitude":"54.53333300","longitude":"-7.30000000","name":"Blackfort"},{"id":"828653","latitude":"54.58333300","longitude":"-7.16666700","name":"Bracky"},{"id":"828979","latitude":"54.31666700","longitude":"-7.40000000","name":"Brookeborough"},{"id":"829002","latitude":"54.71666700","longitude":"-7.00000000","name":"Broughderg"},{"id":"829528","latitude":"54.43333300","longitude":"-6.93333300","name":"Carnteel"},{"id":"829538","latitude":"54.60000000","longitude":"-7.05000000","name":"Carrickmore"},{"id":"829590","latitude":"54.70000000","longitude":"-7.60000000","name":"Castlederg"},{"id":"830006","latitude":"54.40000000","longitude":"-7.38333300","name":"Clabby"},{"id":"830022","latitude":"54.55000000","longitude":"-7.36666700","name":"Clanabogan"},{"id":"830129","latitude":"54.41666700","longitude":"-7.20000000","name":"Clogher"},{"id":"830398","latitude":"54.33333300","longitude":"-7.30000000","name":"Cooneen"},{"id":"830436","latitude":"54.25000000","longitude":"-7.26666700","name":"Corranny"},{"id":"830600","latitude":"54.78333300","longitude":"-7.08333300","name":"Cranagh"},{"id":"830638","latitude":"54.36666700","longitude":"-7.40000000","name":"Creagh"},{"id":"830667","latitude":"54.71666700","longitude":"-7.51666700","name":"Crew"},{"id":"830670","latitude":"54.70000000","longitude":"-7.51666700","name":"Crew Lower"},{"id":"830671","latitude":"54.71666700","longitude":"-7.53333300","name":"Crew Upper"},{"id":"830688","latitude":"54.40000000","longitude":"-6.93333300","name":"Crilly"},{"id":"830894","latitude":"54.50000000","longitude":"-7.18333300","name":"Curr"},{"id":"831253","latitude":"54.21666700","longitude":"-7.38333300","name":"Donagh"},{"id":"831388","latitude":"54.61666700","longitude":"-7.50000000","name":"Drumquin"},{"id":"831487","latitude":"54.51666700","longitude":"-7.06666700","name":"Dunmoyle"},{"id":"831521","latitude":"54.61666700","longitude":"-7.36666700","name":"Dunwish"},{"id":"831787","latitude":"54.48333300","longitude":"-7.31666700","name":"Ecclesville"},{"id":"832033","latitude":"54.46666700","longitude":"-7.21666700","name":"Eskra"},{"id":"832034","latitude":"54.46666700","longitude":"-7.21666700","name":"Eskragh"},{"id":"832289","latitude":"54.40000000","longitude":"-7.20000000","name":"Findermore"},{"id":"832310","latitude":"54.50000000","longitude":"-7.31666700","name":"Fintona"},{"id":"832341","latitude":"54.38333300","longitude":"-7.30000000","name":"Fivemiletown"},{"id":"832670","latitude":"54.48333300","longitude":"-7.13333300","name":"Garvaghy"},{"id":"832830","latitude":"54.56666700","longitude":"-7.38333300","name":"Glenfern"},{"id":"832848","latitude":"54.76666700","longitude":"-7.15000000","name":"Glenroan"},{"id":"832937","latitude":"54.71666700","longitude":"-7.25000000","name":"Gortin"},{"id":"833192","latitude":"54.68333300","longitude":"-7.06666700","name":"Greencastle"},{"id":"834546","latitude":"54.71666700","longitude":"-7.13333300","name":"Irish Town"},{"id":"834818","latitude":"54.66666700","longitude":"-7.63333300","name":"Killen"},{"id":"834819","latitude":"54.66666700","longitude":"-7.68333300","name":"Killeter"},{"id":"834820","latitude":"54.66666700","longitude":"-7.68333300","name":"Killetter"},{"id":"834835","latitude":"54.36666700","longitude":"-7.28333300","name":"Killybane"},{"id":"835240","latitude":"54.65000000","longitude":"-7.33333300","name":"Knockmoyle"},{"id":"835269","latitude":"54.60000000","longitude":"-7.51666700","name":"Lackagh"},{"id":"835542","latitude":"54.16666700","longitude":"-7.31666700","name":"Leitrim"},{"id":"835689","latitude":"54.66666700","longitude":"-7.26666700","name":"Lislap"},{"id":"836463","latitude":"54.60000000","longitude":"-7.16666700","name":"Lower Bracky"},{"id":"836672","latitude":"54.70000000","longitude":"-7.53333300","name":"Magheracreggan"},{"id":"836675","latitude":"54.70000000","longitude":"-7.53333300","name":"Magheraghcreggan"},{"id":"836681","latitude":"54.18333300","longitude":"-7.28333300","name":"Magheraveely"},{"id":"837413","latitude":"54.65000000","longitude":"-7.16666700","name":"Mountfield"},{"id":"837415","latitude":"54.65000000","longitude":"-7.35000000","name":"Mountjoy"},{"id":"837418","latitude":"54.61666700","longitude":"-7.33333300","name":"Mount Pleasant"},{"id":"837422","latitude":"54.68333300","longitude":"-7.63333300","name":"Mourne Beg"},{"id":"837433","latitude":"54.71666700","longitude":"-7.36666700","name":"Moyle"},{"id":"837466","latitude":"54.53333300","longitude":"-7.05000000","name":"Mullans Town"},{"id":"837799","latitude":"54.20000000","longitude":"-7.38333300","name":"Newtown Butler"},{"id":"837806","latitude":"54.48333300","longitude":"-7.18333300","name":"Newtown Saville"},{"id":"837807","latitude":"54.71666700","longitude":"-7.40000000","name":"Newtownstewart"},{"id":"838147","latitude":"54.60000000","longitude":"-7.30000000","name":"Omagh"},{"id":"838643","latitude":"54.76666700","longitude":"-7.25000000","name":"Plumb Bridge"},{"id":"838957","latitude":"54.73333300","longitude":"-7.65000000","name":"Pullyernan"},{"id":"839080","latitude":"54.55000000","longitude":"-7.25000000","name":"Ranelly"},{"id":"839396","latitude":"54.51666700","longitude":"-7.16666700","name":"Roscavey"},{"id":"839412","latitude":"54.23333300","longitude":"-7.18333300","name":"Roslea"},{"id":"839422","latitude":"54.23333300","longitude":"-7.18333300","name":"Rosslea"},{"id":"839456","latitude":"54.71666700","longitude":"-7.15000000","name":"Rousky"},{"id":"839940","latitude":"54.73333300","longitude":"-7.15000000","name":"Scotch Town"},{"id":"840042","latitude":"54.51666700","longitude":"-7.25000000","name":"Seskanore"},{"id":"840043","latitude":"54.51666700","longitude":"-7.25000000","name":"Seskinore"},{"id":"840321","latitude":"54.56666700","longitude":"-7.13333300","name":"Six Mile Cross"},{"id":"841427","latitude":"54.60000000","longitude":"-7.05000000","name":"Termon Rock"},{"id":"841463","latitude":"54.45000000","longitude":"-6.91666700","name":"The Bawn"},{"id":"841479","latitude":"54.65000000","longitude":"-7.68333300","name":"The Rock"},{"id":"841961","latitude":"54.48333300","longitude":"-6.88333300","name":"Tullyallen"},{"id":"842109","latitude":"54.58333300","longitude":"-7.15000000","name":"Upper Bracky"}]