[{"id":"827027","latitude":"50.60000000","longitude":"-4.53333300","name":"Altarnun"},{"id":"827127","latitude":"50.36666700","longitude":"-4.25000000","name":"Anthony"},{"id":"827131","latitude":"50.36666700","longitude":"-4.25000000","name":"Antony"},{"id":"828083","latitude":"50.48333300","longitude":"-4.20000000","name":"Bere Alston"},{"id":"828408","latitude":"50.51666700","longitude":"-4.68333300","name":"Blisland"},{"id":"828461","latitude":"50.46638900","longitude":"-4.72555600","name":"Bodmin"},{"id":"828543","latitude":"50.68333300","longitude":"-4.68333300","name":"Boscastle"},{"id":"828544","latitude":"50.15000000","longitude":"-5.66666700","name":"Boscaswell"},{"id":"828555","latitude":"50.13333300","longitude":"-5.68333300","name":"Botallack"},{"id":"828640","latitude":"50.70000000","longitude":"-4.38333300","name":"Boyton"},{"id":"828658","latitude":"50.43333300","longitude":"-4.58333300","name":"Braddock"},{"id":"828680","latitude":"50.56666700","longitude":"-4.26666700","name":"Bradstone"},{"id":"828769","latitude":"50.10000000","longitude":"-5.33333300","name":"Breage"},{"id":"829102","latitude":"50.82388900","longitude":"-4.54777800","name":"Bude"},{"id":"829104","latitude":"50.15000000","longitude":"-5.11666700","name":"Budock"},{"id":"829105","latitude":"50.15000000","longitude":"-5.11666700","name":"Budock Water"},{"id":"829107","latitude":"50.38333300","longitude":"-4.80000000","name":"Bugle"},{"id":"829293","latitude":"49.98333300","longitude":"-5.18333300","name":"Cadgwith"},{"id":"829350","latitude":"50.50000000","longitude":"-4.30000000","name":"Callington"},{"id":"829356","latitude":"50.48333300","longitude":"-4.20000000","name":"Calstock"},{"id":"829374","latitude":"50.21222200","longitude":"-5.29444400","name":"Camborne"},{"id":"829384","latitude":"50.61666700","longitude":"-4.68333300","name":"Camelford"},{"id":"829444","latitude":"50.19250000","longitude":"-5.46861100","name":"Carbis Bay"},{"id":"829455","latitude":"50.48333300","longitude":"-4.65000000","name":"Cardingham"},{"id":"829458","latitude":"50.48333300","longitude":"-4.65000000","name":"Cardinham"},{"id":"829479","latitude":"50.11666700","longitude":"-5.33333300","name":"Carleen"},{"id":"829514","latitude":"50.21666700","longitude":"-5.23333300","name":"Carnbrea"},{"id":"829650","latitude":"50.31666700","longitude":"-4.20000000","name":"Causand"},{"id":"829659","latitude":"50.31666700","longitude":"-4.20000000","name":"Cawsand"},{"id":"829688","latitude":"50.25000000","longitude":"-5.16666700","name":"Chacewater"},{"id":"829741","latitude":"50.33333300","longitude":"-4.76666700","name":"Charlestown"},{"id":"830377","latitude":"50.11666700","longitude":"-5.16666700","name":"Constantine"},{"id":"830378","latitude":"50.11666700","longitude":"-5.16666700","name":"Constatine"},{"id":"830535","latitude":"50.01666700","longitude":"-5.10000000","name":"Coverack"},{"id":"830612","latitude":"50.40000000","longitude":"-5.11666700","name":"Crantock"},{"id":"830644","latitude":"50.28333300","longitude":"-4.90000000","name":"Creed"},{"id":"830776","latitude":"50.15000000","longitude":"-5.30000000","name":"Crowan"},{"id":"830823","latitude":"50.38333300","longitude":"-5.11666700","name":"Cubert"},{"id":"830899","latitude":"50.05000000","longitude":"-5.25000000","name":"Cury"},{"id":"831047","latitude":"50.65000000","longitude":"-4.61666700","name":"Davidstow"},{"id":"831079","latitude":"50.61666700","longitude":"-4.73333300","name":"Delabole"},{"id":"831150","latitude":"50.36666700","longitude":"-4.18333300","name":"Devonport"},{"id":"831217","latitude":"50.45000000","longitude":"-4.51666700","name":"Dobwalls"},{"id":"831286","latitude":"50.45000000","longitude":"-4.53333300","name":"Doublebois"},{"id":"831428","latitude":"50.38333300","longitude":"-4.48333300","name":"Duloe"},{"id":"831697","latitude":"50.40000000","longitude":"-4.43333300","name":"East Looe"},{"id":"831852","latitude":"50.51666700","longitude":"-4.81666700","name":"Egloshayle"},{"id":"831853","latitude":"50.65000000","longitude":"-4.45000000","name":"Egloskerry"},{"id":"831975","latitude":"50.56666700","longitude":"-4.83333300","name":"Endellyon"},{"id":"832126","latitude":"50.14833300","longitude":"-5.07611100","name":"Falmouth"},{"id":"832237","latitude":"50.20000000","longitude":"-5.05000000","name":"Feock"},{"id":"832363","latitude":"50.83444400","longitude":"-4.55444400","name":"Flexbury"},{"id":"832382","latitude":"50.15000000","longitude":"-5.06666700","name":"Flushing"},{"id":"832428","latitude":"50.68333300","longitude":"-4.71666700","name":"Forrabury"},{"id":"832476","latitude":"50.33361100","longitude":"-4.63916700","name":"Fowey"},{"id":"832729","latitude":"50.11666700","longitude":"-5.38333300","name":"Germoe"},{"id":"832730","latitude":"50.11666700","longitude":"-5.38333300","name":"Germol"},{"id":"832731","latitude":"50.16666700","longitude":"-4.98333300","name":"Gerrans"},{"id":"832890","latitude":"50.36666700","longitude":"-4.63333300","name":"Golant"},{"id":"832928","latitude":"50.23333300","longitude":"-4.80000000","name":"Gorran"},{"id":"832964","latitude":"49.98333300","longitude":"-5.20000000","name":"Grade"},{"id":"832977","latitude":"50.30000000","longitude":"-4.90000000","name":"Grampound"},{"id":"833294","latitude":"50.13333300","longitude":"-5.51666700","name":"Gulval"},{"id":"833301","latitude":"50.53333300","longitude":"-4.21666700","name":"Gunnislake"},{"id":"833303","latitude":"50.03333300","longitude":"-5.26666700","name":"Gunwalloe"},{"id":"833319","latitude":"50.10000000","longitude":"-5.21666700","name":"Gweek"},{"id":"833321","latitude":"50.21666700","longitude":"-5.16666700","name":"Gwennap"},{"id":"833324","latitude":"50.18333300","longitude":"-5.36666700","name":"Gwinear"},{"id":"833325","latitude":"50.21666700","longitude":"-5.38333300","name":"Gwithian"},{"id":"833688","latitude":"50.18222200","longitude":"-5.41583300","name":"Hayle"},{"id":"833757","latitude":"50.08333300","longitude":"-5.13333300","name":"Helford"},{"id":"833760","latitude":"50.50000000","longitude":"-4.71666700","name":"Helland"},{"id":"833776","latitude":"50.09972200","longitude":"-5.27222200","name":"Helstone"},{"id":"833777","latitude":"50.09972200","longitude":"-5.27222200","name":"Helston"},{"id":"833825","latitude":"50.53333300","longitude":"-4.45000000","name":"Henwood"},{"id":"833881","latitude":"50.18222200","longitude":"-5.41583300","name":"Heyl"},{"id":"834279","latitude":"49.91666700","longitude":"-6.31666700","name":"Hugh Town"},{"id":"834409","latitude":"50.23333300","longitude":"-5.26666700","name":"Illogan"},{"id":"834583","latitude":"50.73333300","longitude":"-4.55000000","name":"Jacobstow"},{"id":"834621","latitude":"50.23333300","longitude":"-5.05000000","name":"Kea"},{"id":"834720","latitude":"50.26666700","longitude":"-5.06666700","name":"Kenwyn"},{"id":"834809","latitude":"50.88333300","longitude":"-4.48333300","name":"Kilkhampton"},{"id":"835277","latitude":"50.31666700","longitude":"-4.95000000","name":"Ladock"},{"id":"835321","latitude":"49.96666700","longitude":"-5.20000000","name":"Landewednack"},{"id":"835325","latitude":"50.41666700","longitude":"-4.28333300","name":"Landrake"},{"id":"835377","latitude":"50.45000000","longitude":"-4.76666700","name":"Lanivet"},{"id":"835378","latitude":"50.40000000","longitude":"-4.70000000","name":"Lanlivery"},{"id":"835379","latitude":"50.40000000","longitude":"-4.70000000","name":"Lanlivery Rural"},{"id":"835380","latitude":"50.38333300","longitude":"-4.56666700","name":"Lanreath"},{"id":"835381","latitude":"50.36666700","longitude":"-4.56666700","name":"Lansallos"},{"id":"835382","latitude":"50.33333300","longitude":"-4.61666700","name":"Lanteglos"},{"id":"835421","latitude":"50.63388900","longitude":"-4.36444400","name":"Launceston"},{"id":"835506","latitude":"50.16666700","longitude":"-5.36666700","name":"Leedstown"},{"id":"835543","latitude":"50.18333300","longitude":"-5.43333300","name":"Lelant"},{"id":"835560","latitude":"50.38333300","longitude":"-4.61666700","name":"Lerrin"},{"id":"835561","latitude":"50.38333300","longitude":"-4.61666700","name":"Lerryn"},{"id":"835593","latitude":"50.60000000","longitude":"-4.43333300","name":"Lewannick"},{"id":"835608","latitude":"50.58333300","longitude":"-4.35000000","name":"Lezant"},{"id":"835662","latitude":"50.53333300","longitude":"-4.36666700","name":"Linkinhorne"},{"id":"835687","latitude":"50.45277800","longitude":"-4.46388900","name":"Liskeard"},{"id":"835801","latitude":"50.51666700","longitude":"-4.93333300","name":"Little Petherick"},{"id":"835856","latitude":"49.96666700","longitude":"-5.20000000","name":"Lizard"},{"id":"836425","latitude":"50.35055600","longitude":"-4.44861100","name":"Looe"},{"id":"836435","latitude":"50.40333300","longitude":"-4.66750000","name":"Lostwithiel"},{"id":"836462","latitude":"50.15000000","longitude":"-5.66666700","name":"Lower Boscaswell"},{"id":"836551","latitude":"50.13333300","longitude":"-5.48333300","name":"Ludgvan"},{"id":"836593","latitude":"50.38333300","longitude":"-4.73333300","name":"Luxulian"},{"id":"836659","latitude":"50.13333300","longitude":"-5.56666700","name":"Madron"},{"id":"836721","latitude":"50.08333300","longitude":"-5.13333300","name":"Manaccan"},{"id":"836770","latitude":"50.13333300","longitude":"-5.46666700","name":"Marazion"},{"id":"836794","latitude":"50.80000000","longitude":"-4.51666700","name":"Marhamchurch"},{"id":"836811","latitude":"50.80000000","longitude":"-4.51666700","name":"Markhamchurch"},{"id":"836916","latitude":"50.08333300","longitude":"-5.18333300","name":"Mawgan in Meneage"},{"id":"836917","latitude":"50.08333300","longitude":"-5.18333300","name":"Mawgan"},{"id":"836918","latitude":"50.10000000","longitude":"-5.10000000","name":"Mawnan"},{"id":"836994","latitude":"50.43333300","longitude":"-4.41666700","name":"Menheniot"},{"id":"837018","latitude":"50.46666700","longitude":"-4.41666700","name":"Merrymeet"},{"id":"837044","latitude":"50.28333300","longitude":"-4.78333300","name":"Mevagissey"},{"id":"837045","latitude":"50.28333300","longitude":"-4.78333300","name":"Mevegissey"},{"id":"837052","latitude":"50.56666700","longitude":"-4.70000000","name":"Michaelstow"},{"id":"837075","latitude":"50.48333300","longitude":"-4.40000000","name":"Middlehill"},{"id":"837136","latitude":"50.96666700","longitude":"-4.51666700","name":"Milford"},{"id":"837146","latitude":"50.36666700","longitude":"-4.18333300","name":"Millbrook"},{"id":"837228","latitude":"50.35000000","longitude":"-5.01666700","name":"Mitchell"},{"id":"837317","latitude":"50.90000000","longitude":"-4.55000000","name":"Moorwinstow"},{"id":"837370","latitude":"50.16666700","longitude":"-5.65000000","name":"Morvah"},{"id":"837371","latitude":"50.38333300","longitude":"-4.45000000","name":"Morval"},{"id":"837375","latitude":"50.90000000","longitude":"-4.55000000","name":"Morwenstow"},{"id":"837423","latitude":"50.08333300","longitude":"-5.53333300","name":"Mousehole"},{"id":"837467","latitude":"50.02555600","longitude":"-5.23944400","name":"Mullion"},{"id":"837498","latitude":"50.16666700","longitude":"-5.05000000","name":"Mylor Bridge"},{"id":"837499","latitude":"50.16666700","longitude":"-5.05000000","name":"Mylor"},{"id":"837515","latitude":"50.26666700","longitude":"-5.26666700","name":"Nancekuke"},{"id":"837708","latitude":"50.36666700","longitude":"-5.05000000","name":"Newlyn East"},{"id":"837709","latitude":"50.10111100","longitude":"-5.55361100","name":"Newlyn"},{"id":"837735","latitude":"50.41666700","longitude":"-5.08333300","name":"Newquay"},{"id":"837877","latitude":"50.70000000","longitude":"-4.35000000","name":"Northcott"},{"id":"837901","latitude":"50.55000000","longitude":"-4.43333300","name":"North Hill"},{"id":"837943","latitude":"50.68333300","longitude":"-4.43333300","name":"North Petherwin"},{"id":"838209","latitude":"50.68333300","longitude":"-4.60000000","name":"Otterham"},{"id":"838292","latitude":"50.53333300","longitude":"-4.93333300","name":"Padstow"},{"id":"838350","latitude":"50.35000000","longitude":"-4.71666700","name":"Par"},{"id":"838381","latitude":"50.08333300","longitude":"-5.55000000","name":"Paul"},{"id":"838411","latitude":"50.36666700","longitude":"-4.53333300","name":"Pelynt"},{"id":"838475","latitude":"50.16666700","longitude":"-5.10000000","name":"Penryn"},{"id":"838481","latitude":"50.50111100","longitude":"-4.40916700","name":"Pensilva"},{"id":"838482","latitude":"50.28333300","longitude":"-4.78333300","name":"Pentewan"},{"id":"838512","latitude":"50.11361100","longitude":"-5.54777800","name":"Penzance"},{"id":"838519","latitude":"50.35000000","longitude":"-5.15000000","name":"Perranporth"},{"id":"838520","latitude":"50.11666700","longitude":"-5.45000000","name":"Perranuthnoe"},{"id":"838521","latitude":"50.21666700","longitude":"-5.11666700","name":"Perranwell"},{"id":"838522","latitude":"50.33333300","longitude":"-5.15000000","name":"Perranzabuloe"},{"id":"838554","latitude":"50.20000000","longitude":"-5.41666700","name":"Phillack"},{"id":"838555","latitude":"50.21666700","longitude":"-4.98333300","name":"Philleigh"},{"id":"838574","latitude":"50.45000000","longitude":"-4.30000000","name":"Pillaton"},{"id":"838683","latitude":"50.33333300","longitude":"-4.51666700","name":"Polperro"},{"id":"838684","latitude":"50.31666700","longitude":"-4.61666700","name":"Polruan"},{"id":"838746","latitude":"50.21666700","longitude":"-5.28333300","name":"Pool"},{"id":"838754","latitude":"50.15000000","longitude":"-5.23333300","name":"Porkellis"},{"id":"838787","latitude":"50.06666700","longitude":"-5.08333300","name":"Porthallow"},{"id":"838789","latitude":"50.05000000","longitude":"-5.66666700","name":"Porthcurno"},{"id":"838790","latitude":"50.05000000","longitude":"-5.66666700","name":"Porthcurnow"},{"id":"838795","latitude":"50.08333300","longitude":"-5.31666700","name":"Porthleven"},{"id":"838796","latitude":"50.21666700","longitude":"-4.88333300","name":"Porthloe"},{"id":"838797","latitude":"50.21666700","longitude":"-4.88333300","name":"Porthlooe"},{"id":"838800","latitude":"50.18333300","longitude":"-4.98333300","name":"Porthscatho"},{"id":"838807","latitude":"50.60000000","longitude":"-4.83333300","name":"Port Isaac"},{"id":"838813","latitude":"50.21666700","longitude":"-4.88333300","name":"Portloe"},{"id":"838817","latitude":"50.25000000","longitude":"-4.76666700","name":"Portmellin"},{"id":"838818","latitude":"50.25000000","longitude":"-4.76666700","name":"Portmellon"},{"id":"838831","latitude":"50.26666700","longitude":"-5.30000000","name":"Portreath"},{"id":"838870","latitude":"50.85000000","longitude":"-4.53333300","name":"Poughill"},{"id":"838877","latitude":"50.76666700","longitude":"-4.55000000","name":"Poundstock"},{"id":"838878","latitude":"50.76666700","longitude":"-4.55000000","name":"Pounstock"},{"id":"838888","latitude":"50.18333300","longitude":"-5.33333300","name":"Praze an Beeble"},{"id":"838935","latitude":"50.28333300","longitude":"-4.95000000","name":"Probus"},{"id":"839016","latitude":"50.45000000","longitude":"-4.36666700","name":"Quethiock"},{"id":"839166","latitude":"50.23027800","longitude":"-5.22722200","name":"Redruth"},{"id":"839330","latitude":"50.40000000","longitude":"-4.83333300","name":"Roche"},{"id":"839489","latitude":"50.23333300","longitude":"-4.96666700","name":"Ruan Lanihorne"},{"id":"839490","latitude":"50.00000000","longitude":"-5.20000000","name":"Ruan Major"},{"id":"839491","latitude":"49.98333300","longitude":"-5.18333300","name":"Ruan Minor"},{"id":"839573","latitude":"50.31666700","longitude":"-5.21666700","name":"Saint Agnes"},{"id":"839576","latitude":"50.30000000","longitude":"-5.06666700","name":"Saint Allen"},{"id":"839583","latitude":"50.08333300","longitude":"-5.10000000","name":"Saint Anthony"},{"id":"839589","latitude":"50.33833300","longitude":"-4.76583300","name":"Saint Austell"},{"id":"839592","latitude":"50.40000000","longitude":"-4.71666700","name":"Saint Blazey"},{"id":"839594","latitude":"50.56666700","longitude":"-4.68333300","name":"Saint Breward"},{"id":"839602","latitude":"50.06666700","longitude":"-5.61666700","name":"Saint Burian"},{"id":"839603","latitude":"50.06666700","longitude":"-5.61666700","name":"Saint Buryan"},{"id":"839607","latitude":"50.48333300","longitude":"-4.46666700","name":"Saint Cleer"},{"id":"839608","latitude":"50.25000000","longitude":"-5.01666700","name":"Saint Clement"},{"id":"839609","latitude":"50.63333300","longitude":"-4.53333300","name":"Saint Clether"},{"id":"839610","latitude":"50.43333300","longitude":"-4.93333300","name":"Saint Columb Major"},{"id":"839611","latitude":"50.41666700","longitude":"-5.05000000","name":"Saint Columb Minor"},{"id":"839612","latitude":"50.43333300","longitude":"-4.93333300","name":"Saint Columb"},{"id":"839619","latitude":"50.23333300","longitude":"-5.18333300","name":"Saint Day"},{"id":"839621","latitude":"50.38333300","longitude":"-4.88333300","name":"Saint Denis"},{"id":"839622","latitude":"50.38333300","longitude":"-4.88333300","name":"Saint Dennis"},{"id":"839628","latitude":"50.48333300","longitude":"-4.26666700","name":"Saint Dominick"},{"id":"839630","latitude":"50.56666700","longitude":"-4.83333300","name":"Saint Endellion"},{"id":"839631","latitude":"50.36666700","longitude":"-4.96666700","name":"Saint Enoder"},{"id":"839632","latitude":"50.30000000","longitude":"-5.03333300","name":"Saint Erme"},{"id":"839633","latitude":"50.16666700","longitude":"-5.43333300","name":"Saint Erth"},{"id":"839634","latitude":"50.48333300","longitude":"-4.98333300","name":"Saint Ervan"},{"id":"839635","latitude":"50.46666700","longitude":"-5.00000000","name":"Saint Eval"},{"id":"839636","latitude":"50.26666700","longitude":"-4.83333300","name":"Saint Ewe"},{"id":"839638","latitude":"50.20000000","longitude":"-5.05000000","name":"Saint Feoch"},{"id":"839639","latitude":"50.20000000","longitude":"-5.05000000","name":"Saint Feock"},{"id":"839644","latitude":"50.73333300","longitude":"-4.63333300","name":"Saint Gennis"},{"id":"839645","latitude":"50.73333300","longitude":"-4.63333300","name":"Saint Gennys"},{"id":"839647","latitude":"50.40000000","longitude":"-4.30000000","name":"Saint Germans"},{"id":"839649","latitude":"50.68333300","longitude":"-4.33333300","name":"Saint Giles on the Heath"},{"id":"839650","latitude":"50.68333300","longitude":"-4.33333300","name":"Saint Giles"},{"id":"839652","latitude":"50.23333300","longitude":"-4.80000000","name":"Saint Goran"},{"id":"839653","latitude":"50.23333300","longitude":"-4.80000000","name":"Saint Gorran"},{"id":"839657","latitude":"50.11666700","longitude":"-5.41666700","name":"Saint Hilary"},{"id":"839662","latitude":"50.50000000","longitude":"-4.91666700","name":"Saint Issey"},{"id":"839663","latitude":"50.48333300","longitude":"-4.38333300","name":"Saint Ive"},{"id":"839665","latitude":"50.20861100","longitude":"-5.48750000","name":"Saint Ives"},{"id":"839672","latitude":"50.18333300","longitude":"-5.01666700","name":"Saint Just in Roseland"},{"id":"839673","latitude":"50.11666700","longitude":"-5.70000000","name":"Saint Just"},{"id":"839674","latitude":"50.05000000","longitude":"-5.10000000","name":"Saint Keverne"},{"id":"839675","latitude":"50.55000000","longitude":"-4.78333300","name":"Saint Kew"},{"id":"839676","latitude":"50.41666700","longitude":"-4.46666700","name":"Saint Keyne"},{"id":"839683","latitude":"50.03333300","longitude":"-5.65000000","name":"Saint Levan"},{"id":"839685","latitude":"50.51666700","longitude":"-4.76666700","name":"Saint Mabyn"},{"id":"839693","latitude":"50.06666700","longitude":"-5.16666700","name":"Saint Martin"},{"id":"839694","latitude":"50.06666700","longitude":"-5.16666700","name":"Saint Martins Green"},{"id":"839707","latitude":"50.15944400","longitude":"-5.01222200","name":"Saint Mawes"},{"id":"839708","latitude":"50.45000000","longitude":"-4.98333300","name":"Saint Mawgan"},{"id":"839709","latitude":"50.46666700","longitude":"-4.26666700","name":"Saint Mellion"},{"id":"839711","latitude":"50.51666700","longitude":"-4.96666700","name":"Saint Merryn"},{"id":"839715","latitude":"50.55000000","longitude":"-4.86666700","name":"Saint Minver"},{"id":"839718","latitude":"50.48333300","longitude":"-4.56666700","name":"Saint Neot"},{"id":"839726","latitude":"50.08333300","longitude":"-5.55000000","name":"Saint Paul"},{"id":"839733","latitude":"50.36666700","longitude":"-4.63333300","name":"Saint Sampson"},{"id":"839734","latitude":"50.36666700","longitude":"-4.63333300","name":"Saint Sampsons"},{"id":"839735","latitude":"50.33333300","longitude":"-4.90000000","name":"Saint Stephen"},{"id":"839736","latitude":"50.58333300","longitude":"-4.73333300","name":"Saint Teath"},{"id":"839737","latitude":"50.55000000","longitude":"-4.73333300","name":"Saint Tudy"},{"id":"839741","latitude":"50.36666700","longitude":"-4.61666700","name":"Saint Veep"},{"id":"839745","latitude":"50.38333300","longitude":"-4.65000000","name":"Saint Winnow"},{"id":"839770","latitude":"50.40805600","longitude":"-4.21527800","name":"Saltash"},{"id":"839799","latitude":"50.10000000","longitude":"-5.60000000","name":"Sancreed"},{"id":"839823","latitude":"50.38333300","longitude":"-4.46666700","name":"Sandplace"},{"id":"839935","latitude":"50.25000000","longitude":"-5.20000000","name":"Scorrier"},{"id":"840038","latitude":"50.06666700","longitude":"-5.70000000","name":"Sennan"},{"id":"840039","latitude":"50.06666700","longitude":"-5.70000000","name":"Sennen Cove"},{"id":"840040","latitude":"50.06666700","longitude":"-5.70000000","name":"Sennen"},{"id":"840166","latitude":"50.36666700","longitude":"-4.28333300","name":"Sherviock"},{"id":"840168","latitude":"50.36666700","longitude":"-4.28333300","name":"Sheviock"},{"id":"840541","latitude":"50.53333300","longitude":"-4.35000000","name":"South Hill"},{"id":"840582","latitude":"50.61666700","longitude":"-4.38333300","name":"South Petherwin"},{"id":"840883","latitude":"50.18333300","longitude":"-5.18333300","name":"Stithians"},{"id":"840924","latitude":"50.53333300","longitude":"-4.31666700","name":"Stoke Climsland"},{"id":"841070","latitude":"50.83333300","longitude":"-4.51666700","name":"Stratton"},{"id":"841270","latitude":"50.55000000","longitude":"-4.25000000","name":"Sydenham Damerel"},{"id":"841302","latitude":"50.33333300","longitude":"-4.48333300","name":"Talland"},{"id":"841415","latitude":"50.51666700","longitude":"-4.61666700","name":"Temple"},{"id":"841781","latitude":"50.37500000","longitude":"-4.20083300","name":"Torpoint"},{"id":"841819","latitude":"50.18333300","longitude":"-5.51666700","name":"Towednack"},{"id":"841848","latitude":"50.18333300","longitude":"-5.60000000","name":"Treen"},{"id":"841864","latitude":"50.26666700","longitude":"-4.91666700","name":"Tregoney"},{"id":"841878","latitude":"50.66666700","longitude":"-4.50000000","name":"Tremaine"},{"id":"841882","latitude":"50.66666700","longitude":"-4.53333300","name":"Treneglos"},{"id":"841892","latitude":"50.18333300","longitude":"-5.60000000","name":"Trereen"},{"id":"841894","latitude":"50.65000000","longitude":"-4.50000000","name":"Tresmeer"},{"id":"841901","latitude":"50.08333300","longitude":"-5.68333300","name":"Trevillet"},{"id":"841902","latitude":"50.08333300","longitude":"-5.68333300","name":"Trevilley"},{"id":"841906","latitude":"50.61666700","longitude":"-4.46666700","name":"Trewen"},{"id":"841940","latitude":"50.26166700","longitude":"-5.04333300","name":"Truro"},{"id":"841946","latitude":"50.23333300","longitude":"-5.28333300","name":"Tuckingmill"},{"id":"842042","latitude":"50.35000000","longitude":"-4.68333300","name":"Tywardreath"},{"id":"842088","latitude":"50.18333300","longitude":"-5.43333300","name":"Uny Lelant"},{"id":"842167","latitude":"50.53333300","longitude":"-4.43333300","name":"Upton"},{"id":"842217","latitude":"50.21666700","longitude":"-4.91666700","name":"Veryan"},{"id":"842236","latitude":"50.51666700","longitude":"-4.83333300","name":"Wadebridge"},{"id":"842365","latitude":"50.68333300","longitude":"-4.53333300","name":"Warbstow"},{"id":"842388","latitude":"50.48333300","longitude":"-4.60000000","name":"Warleggan"},{"id":"842389","latitude":"50.48333300","longitude":"-4.60000000","name":"Warleggon"},{"id":"842502","latitude":"50.75000000","longitude":"-4.50000000","name":"Week Saint Mary"},{"id":"842514","latitude":"50.93333300","longitude":"-4.51666700","name":"Welcombe"},{"id":"842550","latitude":"50.31666700","longitude":"-4.08333300","name":"Wembury"},{"id":"842559","latitude":"50.13333300","longitude":"-5.25000000","name":"Wendron"},{"id":"842570","latitude":"50.66666700","longitude":"-4.36666700","name":"Werrington"},{"id":"842716","latitude":"50.40000000","longitude":"-4.41666700","name":"West Looe"},{"id":"843206","latitude":"50.45000000","longitude":"-4.83333300","name":"Withiel"},{"id":"843564","latitude":"50.31666700","longitude":"-5.06666700","name":"Zelah"},{"id":"843565","latitude":"50.18333300","longitude":"-5.56666700","name":"Zennor"}]