[{"id":"827000","latitude":"53.61666700","longitude":"-1.75000000","name":"Almondbury"},{"id":"832892","latitude":"53.63333300","longitude":"-1.85000000","name":"Golcar"},{"id":"834274","latitude":"53.65000000","longitude":"-1.78333300","name":"Huddersfield"},{"id":"835116","latitude":"53.65000000","longitude":"-1.73333300","name":"Kirkheaton"},{"id":"835653","latitude":"53.65000000","longitude":"-1.81666700","name":"Lindley"},{"id":"835669","latitude":"53.61666700","longitude":"-1.85000000","name":"Linthwaite"}]