[{"id":"826986","latitude":"56.11666700","longitude":"-3.80000000","name":"Alloa"},{"id":"827044","latitude":"56.15000000","longitude":"-3.80000000","name":"Alva"},{"id":"829378","latitude":"56.11666700","longitude":"-3.83333300","name":"Cambus"},{"id":"830016","latitude":"56.10000000","longitude":"-3.75000000","name":"Clackmannan"},{"id":"831246","latitude":"56.15000000","longitude":"-3.66666700","name":"Dollar"},{"id":"832417","latitude":"56.11666700","longitude":"-3.66666700","name":"Forest Mill"},{"id":"834698","latitude":"56.06666700","longitude":"-3.75000000","name":"Kennet"},{"id":"834699","latitude":"56.06666700","longitude":"-3.75000000","name":"Kennetpans"},{"id":"839859","latitude":"56.13333300","longitude":"-3.76666700","name":"Sauchie"},{"id":"841656","latitude":"56.15000000","longitude":"-3.75000000","name":"Tillicoultry"}]