[{"id":"827032","latitude":"53.58333300","longitude":"-0.73333300","name":"Althorpe"},{"id":"827070","latitude":"53.61666700","longitude":"-0.71666700","name":"Amcotts"},{"id":"827140","latitude":"53.61666700","longitude":"-0.56666700","name":"Appleby"},{"id":"827792","latitude":"53.56666700","longitude":"-0.40000000","name":"Barnetby le Wold"},{"id":"828188","latitude":"53.55000000","longitude":"-0.40000000","name":"Bigby"},{"id":"828566","latitude":"53.55000000","longitude":"-0.65000000","name":"Bottesford"},{"id":"829009","latitude":"53.56666700","longitude":"-0.55000000","name":"Broughton"},{"id":"829036","latitude":"53.56666700","longitude":"-0.65000000","name":"Brumby"},{"id":"829190","latitude":"53.56666700","longitude":"-0.75000000","name":"Burringham"},{"id":"829213","latitude":"53.65000000","longitude":"-0.68333300","name":"Burton"},{"id":"829231","latitude":"53.65000000","longitude":"-0.68333300","name":"Burton upon Stather"},{"id":"829265","latitude":"53.55000000","longitude":"-0.73333300","name":"Butterwick"},{"id":"829295","latitude":"53.51666700","longitude":"-0.46666700","name":"Cadney"},{"id":"830124","latitude":"53.51666700","longitude":"-0.35000000","name":"Clixby"},{"id":"830739","latitude":"53.60000000","longitude":"-0.65000000","name":"Crosby"},{"id":"830787","latitude":"53.60000000","longitude":"-0.81666700","name":"Crowle"},{"id":"831606","latitude":"53.55000000","longitude":"-0.73333300","name":"East Butterwick"},{"id":"831710","latitude":"53.61666700","longitude":"-0.78333300","name":"Eastoft"},{"id":"832373","latitude":"53.61666700","longitude":"-0.68333300","name":"Flixborough"},{"id":"832552","latitude":"53.58333300","longitude":"-0.65000000","name":"Frodingham"},{"id":"833000","latitude":"53.53333300","longitude":"-0.36666700","name":"Grasby"},{"id":"833297","latitude":"53.58333300","longitude":"-0.73333300","name":"Gunhouse"},{"id":"833300","latitude":"53.58333300","longitude":"-0.73333300","name":"Gunness"},{"id":"833887","latitude":"53.50000000","longitude":"-0.53333300","name":"Hibaldstow"},{"id":"834258","latitude":"53.53333300","longitude":"-0.43333300","name":"Howsham"},{"id":"834619","latitude":"53.60000000","longitude":"-0.73333300","name":"Keadby"},{"id":"835192","latitude":"53.46666700","longitude":"-0.60000000","name":"Kirton in Lindsey"},{"id":"835194","latitude":"53.46666700","longitude":"-0.60000000","name":"Kirton"},{"id":"836545","latitude":"53.63333300","longitude":"-0.75000000","name":"Luddington"},{"id":"836760","latitude":"53.51666700","longitude":"-0.60000000","name":"Manton"},{"id":"837034","latitude":"53.53333300","longitude":"-0.65000000","name":"Messingham"},{"id":"837316","latitude":"53.48333300","longitude":"-0.38333300","name":"Moortown"},{"id":"837908","latitude":"53.48333300","longitude":"-0.41666700","name":"North Kelsey"},{"id":"839141","latitude":"53.48333300","longitude":"-0.53333300","name":"Redbourne"},{"id":"839477","latitude":"53.63333300","longitude":"-0.61666700","name":"Roxby"},{"id":"839918","latitude":"53.53333300","longitude":"-0.53333300","name":"Scawby"},{"id":"839946","latitude":"53.48333300","longitude":"-0.66666700","name":"Scotter"},{"id":"839961","latitude":"53.58333300","longitude":"-0.65000000","name":"Scunthorpe"},{"id":"839985","latitude":"53.53333300","longitude":"-0.38333300","name":"Searby"},{"id":"840453","latitude":"53.53333300","longitude":"-0.40000000","name":"Somerby"},{"id":"840545","latitude":"53.46666700","longitude":"-0.43333300","name":"South Kelsey"},{"id":"842605","latitude":"53.55000000","longitude":"-0.75000000","name":"West Butterwick"},{"id":"843374","latitude":"53.60000000","longitude":"-0.46666700","name":"Worlaby"},{"id":"843422","latitude":"53.56666700","longitude":"-0.46666700","name":"Wrawby"}]