[{"id":"827036","latitude":"54.16666700","longitude":"-6.63333300","name":"Altnamachin"},{"id":"827037","latitude":"54.16666700","longitude":"-6.63333300","name":"Altnamackan"},{"id":"827130","latitude":"54.18333300","longitude":"-6.33333300","name":"An t\u00ef\u00far"},{"id":"827164","latitude":"54.23333300","longitude":"-6.26666700","name":"Ardaragh"},{"id":"827165","latitude":"54.23333300","longitude":"-6.26666700","name":"Ardarragh"},{"id":"827575","latitude":"54.16666700","longitude":"-6.48333300","name":"Baleek"},{"id":"827616","latitude":"54.06666700","longitude":"-6.50000000","name":"Ballsmill"},{"id":"827720","latitude":"54.20000000","longitude":"-6.13333300","name":"Bannvale"},{"id":"828020","latitude":"54.16666700","longitude":"-6.48333300","name":"Belleek"},{"id":"828022","latitude":"54.16666700","longitude":"-6.48333300","name":"Belleeks"},{"id":"828114","latitude":"54.20000000","longitude":"-6.41666700","name":"Bessbrook"},{"id":"829189","latitude":"54.11666700","longitude":"-6.26666700","name":"Burren"},{"id":"829391","latitude":"54.16666700","longitude":"-6.41666700","name":"Camlough"},{"id":"830131","latitude":"54.15000000","longitude":"-6.35000000","name":"Cloghoge"},{"id":"830651","latitude":"54.08333300","longitude":"-6.56666700","name":"Creggan"},{"id":"830768","latitude":"54.08333300","longitude":"-6.60000000","name":"Crossmaglen"},{"id":"830848","latitude":"54.06666700","longitude":"-6.63333300","name":"Cullaville"},{"id":"830855","latitude":"54.06666700","longitude":"-6.63333300","name":"Culloville"},{"id":"830858","latitude":"54.13333300","longitude":"-6.58333300","name":"Cullyhanna"},{"id":"831378","latitude":"54.08333300","longitude":"-6.43333300","name":"Drumintee"},{"id":"831466","latitude":"54.21666700","longitude":"-6.58333300","name":"Dungormley"},{"id":"831467","latitude":"54.21666700","longitude":"-6.58333300","name":"Dungormly"},{"id":"832421","latitude":"54.08333300","longitude":"-6.45000000","name":"Forkhill"},{"id":"832422","latitude":"54.08333300","longitude":"-6.45000000","name":"Forkill"},{"id":"832808","latitude":"54.23333300","longitude":"-6.48333300","name":"Glen Anne"},{"id":"833191","latitude":"54.03333300","longitude":"-6.10000000","name":"Greencastle"},{"id":"833974","latitude":"54.20000000","longitude":"-6.13333300","name":"Hilltown"},{"id":"834571","latitude":"54.18333300","longitude":"-6.33333300","name":"Iubhar Cinn Tr\u00e1gha"},{"id":"834598","latitude":"54.23333300","longitude":"-6.36666700","name":"Jerrettspass"},{"id":"834599","latitude":"54.23333300","longitude":"-6.36666700","name":"Jerrettspuss"},{"id":"834608","latitude":"54.10000000","longitude":"-6.36666700","name":"Jonesborough"},{"id":"834832","latitude":"54.06666700","longitude":"-6.18333300","name":"Killowen"},{"id":"835690","latitude":"54.06666700","longitude":"-6.08333300","name":"Lisnacree"},{"id":"836442","latitude":"54.26666700","longitude":"-6.46666700","name":"Loughgilly"},{"id":"836927","latitude":"54.16666700","longitude":"-6.23333300","name":"Mayobridge"},{"id":"836945","latitude":"54.11666700","longitude":"-6.38333300","name":"Meigh"},{"id":"837168","latitude":"54.15000000","longitude":"-6.45000000","name":"Milltown"},{"id":"837396","latitude":"54.26666700","longitude":"-6.51666700","name":"Moughan"},{"id":"837417","latitude":"54.23333300","longitude":"-6.46666700","name":"Mount Norris"},{"id":"837427","latitude":"54.26666700","longitude":"-6.51666700","name":"Mowhan"},{"id":"837463","latitude":"54.10000000","longitude":"-6.48333300","name":"Mullaghbane"},{"id":"837464","latitude":"54.10000000","longitude":"-6.48333300","name":"Mullaghbawn"},{"id":"837465","latitude":"54.10000000","longitude":"-6.48333300","name":"Mullaghlane"},{"id":"837739","latitude":"54.18333300","longitude":"-6.33333300","name":"Newry"},{"id":"837801","latitude":"54.18333300","longitude":"-6.58333300","name":"Newtownhamilton"},{"id":"839096","latitude":"54.25000000","longitude":"-6.16666700","name":"Rathfriland"},{"id":"839097","latitude":"54.25000000","longitude":"-6.16666700","name":"Rathfryland"},{"id":"839425","latitude":"54.10000000","longitude":"-6.20000000","name":"Rosstrevor"},{"id":"839428","latitude":"54.10000000","longitude":"-6.20000000","name":"Rostrevor"},{"id":"842402","latitude":"54.15000000","longitude":"-6.26666700","name":"Warrenpoint"}]