[{"id":"827016","latitude":"53.08333300","longitude":"-1.76666700","name":"Alsop en le Dale"},{"id":"827018","latitude":"53.08333300","longitude":"-1.80000000","name":"Alstonefield"},{"id":"827019","latitude":"53.08333300","longitude":"-1.80000000","name":"Alstonfield"},{"id":"827324","latitude":"52.93333300","longitude":"-2.36666700","name":"Ashley"},{"id":"827341","latitude":"53.48333300","longitude":"-2.65000000","name":"Ashton"},{"id":"827343","latitude":"53.48333300","longitude":"-2.65000000","name":"Ashton in Makerfield"},{"id":"827752","latitude":"52.98805600","longitude":"-2.35805600","name":"Bar Hill"},{"id":"828124","latitude":"53.03333300","longitude":"-2.36666700","name":"Betley"},{"id":"828204","latitude":"53.50000000","longitude":"-2.70000000","name":"Billinge"},{"id":"828415","latitude":"53.03333300","longitude":"-1.81666700","name":"Blore"},{"id":"829233","latitude":"53.43333300","longitude":"-2.66666700","name":"Burtonwood"},{"id":"829263","latitude":"53.10000000","longitude":"-1.88333300","name":"Butterton"},{"id":"829359","latitude":"53.03333300","longitude":"-1.85000000","name":"Calton"},{"id":"829647","latitude":"53.03333300","longitude":"-1.88333300","name":"Cauldon"},{"id":"829782","latitude":"53.00000000","longitude":"-2.40000000","name":"Checkley"},{"id":"830126","latitude":"53.41666700","longitude":"-2.71666700","name":"Clock Face"},{"id":"830287","latitude":"53.43333300","longitude":"-2.66666700","name":"Collins Green"},{"id":"830606","latitude":"53.48333300","longitude":"-2.75000000","name":"Crank"},{"id":"831563","latitude":"53.45000000","longitude":"-2.65000000","name":"Earlestown"},{"id":"831786","latitude":"53.45000000","longitude":"-2.78333300","name":"Eccleston"},{"id":"832659","latitude":"53.48333300","longitude":"-2.66666700","name":"Garswood"},{"id":"833251","latitude":"53.08333300","longitude":"-1.86666700","name":"Grindon"},{"id":"833574","latitude":"53.13333300","longitude":"-1.81666700","name":"Hartington"},{"id":"833680","latitude":"53.46666700","longitude":"-2.66666700","name":"Haydock"},{"id":"834285","latitude":"53.11666700","longitude":"-1.83333300","name":"Hulme End"},{"id":"834398","latitude":"53.05000000","longitude":"-1.80000000","name":"Ilam"},{"id":"836653","latitude":"53.00000000","longitude":"-2.31666700","name":"Madeley Heath"},{"id":"836655","latitude":"53.00000000","longitude":"-2.33333300","name":"Madeley"},{"id":"836664","latitude":"52.95000000","longitude":"-2.31666700","name":"Maer"},{"id":"837634","latitude":"53.46666700","longitude":"-2.66666700","name":"New Boston"},{"id":"837759","latitude":"53.45000000","longitude":"-2.61666700","name":"Newton in Makerfield"},{"id":"837762","latitude":"53.45000000","longitude":"-2.61666700","name":"Newton-le-Willows"},{"id":"837776","latitude":"53.45000000","longitude":"-2.61666700","name":"Newton"},{"id":"838093","latitude":"53.46666700","longitude":"-2.65000000","name":"Old Boston"},{"id":"838156","latitude":"52.98333300","longitude":"-2.36666700","name":"Onneley"},{"id":"838359","latitude":"53.08333300","longitude":"-1.71666700","name":"Parwich"},{"id":"838590","latitude":"52.96666700","longitude":"-2.38333300","name":"Pipe Gate"},{"id":"839656","latitude":"53.45000000","longitude":"-2.73333300","name":"Saint Helens"},{"id":"840868","latitude":"53.45000000","longitude":"-2.73333300","name":"St. Helens"},{"id":"841459","latitude":"53.43333300","longitude":"-2.75000000","name":"Thatto Heath"},{"id":"842409","latitude":"53.11666700","longitude":"-1.86666700","name":"Warslow"},{"id":"842435","latitude":"53.05000000","longitude":"-1.88333300","name":"Waterfall"},{"id":"842438","latitude":"53.03333300","longitude":"-1.86666700","name":"Waterhouses"},{"id":"842832","latitude":"53.08333300","longitude":"-1.83333300","name":"Wetton"},{"id":"842945","latitude":"52.96666700","longitude":"-2.28333300","name":"Whitmore"},{"id":"843345","latitude":"52.98333300","longitude":"-2.40000000","name":"Woore"},{"id":"843439","latitude":"53.01666700","longitude":"-2.36666700","name":"Wrinehill"}]