[{"id":"827134","latitude":"55.86666700","longitude":"-4.21666700","name":"Anwoth"},{"id":"829379","latitude":"55.81666700","longitude":"-4.18333300","name":"Cambuslang"},{"id":"830987","latitude":"55.83333300","longitude":"-4.21666700","name":"Dalmarnock"},{"id":"832304","latitude":"55.85000000","longitude":"-4.28333300","name":"Finnieston"},{"id":"832790","latitude":"55.83333300","longitude":"-4.25000000","name":"Glasgow"},{"id":"834963","latitude":"55.81666700","longitude":"-4.25000000","name":"Kings Park"},{"id":"835033","latitude":"55.85000000","longitude":"-4.28333300","name":"Kinning Park"},{"id":"837421","latitude":"55.83333300","longitude":"-4.15000000","name":"Mount Vernon"},{"id":"837779","latitude":"55.81666700","longitude":"-4.15000000","name":"Newton"},{"id":"838678","latitude":"55.85000000","longitude":"-4.30000000","name":"Pollok"},{"id":"838680","latitude":"55.81666700","longitude":"-4.23333300","name":"Polmadie"},{"id":"839537","latitude":"55.81666700","longitude":"-4.21666700","name":"Rutherglen"},{"id":"841730","latitude":"55.85000000","longitude":"-4.18333300","name":"Tollcross"},{"id":"841835","latitude":"55.85000000","longitude":"-4.23333300","name":"Tradeston"}]