[{"id":"827074","latitude":"55.11666700","longitude":"-3.56666700","name":"Amisfield Town"},{"id":"827108","latitude":"54.98333300","longitude":"-3.26666700","name":"Annan"},{"id":"827128","latitude":"54.90000000","longitude":"-3.30000000","name":"Anthorn"},{"id":"827146","latitude":"55.13333300","longitude":"-3.40000000","name":"Applegarth Town"},{"id":"827231","latitude":"54.76666700","longitude":"-4.95000000","name":"Ardwell"},{"id":"827417","latitude":"54.83333300","longitude":"-3.88333300","name":"Auchencairn"},{"id":"827432","latitude":"54.91666700","longitude":"-4.88333300","name":"Auchmantle"},{"id":"827557","latitude":"54.75000000","longitude":"-4.43333300","name":"Bailliewhir"},{"id":"827679","latitude":"54.95000000","longitude":"-4.70000000","name":"Balminnoch"},{"id":"827716","latitude":"54.81666700","longitude":"-3.93333300","name":"Bankhead"},{"id":"827726","latitude":"54.91666700","longitude":"-4.51666700","name":"Baraer"},{"id":"827733","latitude":"54.85000000","longitude":"-3.78333300","name":"Barcloy"},{"id":"827805","latitude":"54.91666700","longitude":"-4.51666700","name":"Barraer"},{"id":"827931","latitude":"55.30000000","longitude":"-3.46666700","name":"Beattock"},{"id":"827991","latitude":"55.00000000","longitude":"-3.73333300","name":"Beeswing"},{"id":"828076","latitude":"55.20000000","longitude":"-3.08333300","name":"Bentpath"},{"id":"828522","latitude":"55.20000000","longitude":"-3.31666700","name":"Boreland"},{"id":"828523","latitude":"54.86666700","longitude":"-3.76666700","name":"Boreland of Colvend"},{"id":"828527","latitude":"54.80000000","longitude":"-4.13333300","name":"Borgue"},{"id":"828623","latitude":"54.95000000","longitude":"-3.21666700","name":"Bowness-on-Solway"},{"id":"828834","latitude":"54.91666700","longitude":"-3.98333300","name":"Bridge of Dee"},{"id":"828844","latitude":"54.98333300","longitude":"-3.91666700","name":"Bridge of Urr"},{"id":"828994","latitude":"55.11666700","longitude":"-2.98333300","name":"Broomholm"},{"id":"829018","latitude":"54.76666700","longitude":"-4.40000000","name":"Broughton Mains"},{"id":"829043","latitude":"55.01666700","longitude":"-3.28333300","name":"Brydekirk"},{"id":"829145","latitude":"54.91666700","longitude":"-3.05000000","name":"Burgh"},{"id":"829146","latitude":"54.91666700","longitude":"-3.05000000","name":"Burgh by Sands"},{"id":"829319","latitude":"54.96666700","longitude":"-5.01666700","name":"Cairnryan"},{"id":"829398","latitude":"54.90000000","longitude":"-4.80000000","name":"Camrie"},{"id":"829409","latitude":"55.06666700","longitude":"-2.95000000","name":"Canonbie"},{"id":"829462","latitude":"54.90000000","longitude":"-3.28333300","name":"Cardurnock"},{"id":"829481","latitude":"54.70000000","longitude":"-4.50000000","name":"Carleton"},{"id":"829493","latitude":"54.70000000","longitude":"-4.50000000","name":"Carlton"},{"id":"829543","latitude":"55.26666700","longitude":"-3.78333300","name":"Carronbridge"},{"id":"829547","latitude":"55.03333300","longitude":"-3.40000000","name":"Carrutherstown"},{"id":"829551","latitude":"54.91666700","longitude":"-3.58333300","name":"Carsethorn"},{"id":"829557","latitude":"54.85000000","longitude":"-4.35000000","name":"Carsluith"},{"id":"829593","latitude":"54.93333300","longitude":"-3.95000000","name":"Castle Douglas"},{"id":"829599","latitude":"54.90000000","longitude":"-4.96666700","name":"Castle Kennedy"},{"id":"829617","latitude":"54.75000000","longitude":"-4.43333300","name":"Castlewigg"},{"id":"829709","latitude":"54.91666700","longitude":"-5.08333300","name":"Challoch"},{"id":"829722","latitude":"55.05000000","longitude":"-3.08333300","name":"Chapelknowe"},{"id":"830040","latitude":"55.00000000","longitude":"-3.41666700","name":"Clarencefield"},{"id":"830137","latitude":"55.21666700","longitude":"-3.73333300","name":"Closeburn"},{"id":"830271","latitude":"54.86666700","longitude":"-5.03333300","name":"Colfin"},{"id":"830280","latitude":"55.06666700","longitude":"-3.51666700","name":"Collin"},{"id":"830311","latitude":"54.86666700","longitude":"-3.76666700","name":"Colvend"},{"id":"830453","latitude":"55.05000000","longitude":"-3.95000000","name":"Corsock Bridge"},{"id":"830454","latitude":"55.05000000","longitude":"-3.95000000","name":"Corsock"},{"id":"830578","latitude":"55.20000000","longitude":"-3.98333300","name":"Craigdarroch"},{"id":"830585","latitude":"54.83333300","longitude":"-4.71666700","name":"Craignarget"},{"id":"830627","latitude":"55.38333300","longitude":"-3.93333300","name":"Crawick"},{"id":"830628","latitude":"55.38333300","longitude":"-3.93333300","name":"Crawickmill"},{"id":"830642","latitude":"54.95000000","longitude":"-4.48333300","name":"Creebridge"},{"id":"830698","latitude":"55.03333300","longitude":"-3.83333300","name":"Crocketford"},{"id":"830769","latitude":"54.98333300","longitude":"-3.98333300","name":"Crossmichael"},{"id":"830877","latitude":"54.98333300","longitude":"-3.35000000","name":"Cummertrees"},{"id":"830961","latitude":"54.93333300","longitude":"-3.83333300","name":"Dalbeattie"},{"id":"831005","latitude":"55.05000000","longitude":"-3.38333300","name":"Dalton"},{"id":"831048","latitude":"55.30000000","longitude":"-3.20000000","name":"Davington"},{"id":"831197","latitude":"55.20000000","longitude":"-3.40000000","name":"Dinwoodie Mains"},{"id":"831279","latitude":"54.98333300","longitude":"-3.20000000","name":"Dornock"},{"id":"831367","latitude":"54.91666700","longitude":"-3.13333300","name":"Drumburgh"},{"id":"831384","latitude":"54.66666700","longitude":"-4.90000000","name":"Drummore"},{"id":"831434","latitude":"55.06666700","longitude":"-3.55000000","name":"Dumfries"},{"id":"831454","latitude":"54.81666700","longitude":"-3.95000000","name":"Dundrennan"},{"id":"831498","latitude":"54.86666700","longitude":"-4.88333300","name":"Dunragit"},{"id":"831523","latitude":"55.30000000","longitude":"-3.75000000","name":"Durisdeer"},{"id":"831552","latitude":"55.05000000","longitude":"-3.20000000","name":"Eaglesfield"},{"id":"831592","latitude":"54.86666700","longitude":"-3.75000000","name":"East Barcloy"},{"id":"831648","latitude":"54.85000000","longitude":"-4.95000000","name":"East Freugh"},{"id":"831777","latitude":"55.05000000","longitude":"-3.26666700","name":"Ecclefechan"},{"id":"831870","latitude":"54.78333300","longitude":"-4.61666700","name":"Eldrig"},{"id":"831871","latitude":"54.78333300","longitude":"-4.61666700","name":"Eldrig Village"},{"id":"831881","latitude":"55.33333300","longitude":"-3.88333300","name":"Eliock"},{"id":"831953","latitude":"55.43333300","longitude":"-3.65000000","name":"Elvanfoot"},{"id":"831989","latitude":"54.85000000","longitude":"-5.11666700","name":"Enoch"},{"id":"831992","latitude":"55.31666700","longitude":"-3.80000000","name":"Enterkinfoot"},{"id":"832032","latitude":"55.26666700","longitude":"-3.20000000","name":"Eskdalemuir"},{"id":"832111","latitude":"54.90000000","longitude":"-3.75000000","name":"Fairgirth"},{"id":"832522","latitude":"54.85000000","longitude":"-4.95000000","name":"Freugh"},{"id":"832641","latitude":"54.78333300","longitude":"-4.36666700","name":"Garlieston"},{"id":"832642","latitude":"54.78333300","longitude":"-4.36666700","name":"Garliestown"},{"id":"832686","latitude":"54.88333300","longitude":"-4.18333300","name":"Gatehouse"},{"id":"832687","latitude":"54.88333300","longitude":"-4.18333300","name":"Gatehouse of Fleet"},{"id":"832723","latitude":"54.90000000","longitude":"-3.90000000","name":"Gelston"},{"id":"832749","latitude":"54.83333300","longitude":"-4.73333300","name":"Gillespie"},{"id":"832765","latitude":"54.85000000","longitude":"-4.18333300","name":"Girthon"},{"id":"832791","latitude":"54.93333300","longitude":"-4.56666700","name":"Glasnick"},{"id":"832792","latitude":"54.70000000","longitude":"-4.45000000","name":"Glasserton"},{"id":"832797","latitude":"54.91666700","longitude":"-3.16666700","name":"Glasson"},{"id":"832818","latitude":"55.46666700","longitude":"-3.48333300","name":"Glenbreck"},{"id":"832838","latitude":"54.86666700","longitude":"-4.83333300","name":"Glenluce"},{"id":"833225","latitude":"54.98333300","longitude":"-3.06666700","name":"Gretna Green"},{"id":"833226","latitude":"54.98333300","longitude":"-3.06666700","name":"Gretna"},{"id":"833633","latitude":"54.96666700","longitude":"-3.85000000","name":"Haugh of Urr"},{"id":"833919","latitude":"54.93333300","longitude":"-4.56666700","name":"High Glasnick"},{"id":"833938","latitude":"55.08333300","longitude":"-3.41666700","name":"Hightae"},{"id":"834096","latitude":"55.26666700","longitude":"-3.18333300","name":"Holm"},{"id":"834426","latitude":"54.88333300","longitude":"-4.96666700","name":"Inch"},{"id":"834463","latitude":"54.91666700","longitude":"-4.98333300","name":"Innermessan"},{"id":"834516","latitude":"54.91666700","longitude":"-4.98333300","name":"Invermessan"},{"id":"834560","latitude":"54.70000000","longitude":"-4.36666700","name":"Isle of Whithorn"},{"id":"834605","latitude":"55.20000000","longitude":"-3.41666700","name":"Johnstonebridge"},{"id":"834671","latitude":"54.91666700","longitude":"-3.93333300","name":"Kelton"},{"id":"835055","latitude":"54.86666700","longitude":"-3.81666700","name":"Kippford"},{"id":"835071","latitude":"54.83333300","longitude":"-4.03333300","name":"Kircudbright"},{"id":"835075","latitude":"54.91666700","longitude":"-3.61666700","name":"Kirkbean"},{"id":"835104","latitude":"54.96666700","longitude":"-5.08333300","name":"Kirkcolm"},{"id":"835105","latitude":"55.38333300","longitude":"-4.00000000","name":"Kirkconnel"},{"id":"835107","latitude":"54.90000000","longitude":"-4.60000000","name":"Kirkcowan"},{"id":"835108","latitude":"54.83333300","longitude":"-4.03333300","name":"Kirkcudbright"},{"id":"835110","latitude":"54.98333300","longitude":"-3.76666700","name":"Kirkgunzeon"},{"id":"835120","latitude":"54.96666700","longitude":"-5.08333300","name":"Kirkholm"},{"id":"835122","latitude":"54.81666700","longitude":"-4.45000000","name":"Kirkinner"},{"id":"835134","latitude":"54.98333300","longitude":"-2.88333300","name":"Kirklinton"},{"id":"835137","latitude":"54.68333300","longitude":"-4.91666700","name":"Kirkmaiden"},{"id":"835143","latitude":"54.78333300","longitude":"-4.56666700","name":"Kirk of Mochrum"},{"id":"835149","latitude":"55.01666700","longitude":"-3.90000000","name":"Kirkpatrick Durham"},{"id":"835150","latitude":"55.01666700","longitude":"-3.13333300","name":"Kirkpatrick"},{"id":"835188","latitude":"55.03333300","longitude":"-3.18333300","name":"Kirtlebridge"},{"id":"835344","latitude":"55.15000000","longitude":"-3.00000000","name":"Langholm"},{"id":"835424","latitude":"54.96666700","longitude":"-4.05000000","name":"Laurieston"},{"id":"835440","latitude":"54.96666700","longitude":"-4.05000000","name":"Lawrieston"},{"id":"835456","latitude":"55.40000000","longitude":"-3.76666700","name":"Leadhills"},{"id":"835568","latitude":"54.91666700","longitude":"-5.08333300","name":"Leswalt"},{"id":"836287","latitude":"54.86666700","longitude":"-3.76666700","name":"Lochend"},{"id":"836296","latitude":"55.11666700","longitude":"-3.45000000","name":"Lochmaben"},{"id":"836304","latitude":"55.25000000","longitude":"-3.43333300","name":"Lochwood"},{"id":"836305","latitude":"55.25000000","longitude":"-3.43333300","name":"Lochwood Mains"},{"id":"836306","latitude":"55.11666700","longitude":"-3.35000000","name":"Lockerbie"},{"id":"836416","latitude":"55.00000000","longitude":"-2.96666700","name":"Longtown"},{"id":"836697","latitude":"54.88333300","longitude":"-3.65000000","name":"Mainsriddle"},{"id":"836922","latitude":"55.18333300","longitude":"-3.86666700","name":"Maxwelton"},{"id":"836996","latitude":"55.35000000","longitude":"-3.88333300","name":"Mennock"},{"id":"836997","latitude":"55.35000000","longitude":"-3.88333300","name":"Menock"},{"id":"837070","latitude":"55.06666700","longitude":"-3.23333300","name":"Middlebie"},{"id":"837118","latitude":"54.91666700","longitude":"-3.93333300","name":"Mid Kelton"},{"id":"837211","latitude":"54.96666700","longitude":"-4.48333300","name":"Minnigaff"},{"id":"837238","latitude":"54.78333300","longitude":"-4.56666700","name":"Mochrum"},{"id":"837244","latitude":"55.31666700","longitude":"-3.45000000","name":"Moffat"},{"id":"837268","latitude":"55.18333300","longitude":"-3.91666700","name":"Moniaive"},{"id":"837295","latitude":"54.73333300","longitude":"-4.55000000","name":"Monreith"},{"id":"837424","latitude":"55.03333300","longitude":"-3.46666700","name":"Mouswald"},{"id":"837579","latitude":"55.20000000","longitude":"-3.31666700","name":"Nether Hutton"},{"id":"837707","latitude":"54.93333300","longitude":"-4.85000000","name":"New Luce"},{"id":"837791","latitude":"54.96666700","longitude":"-4.48333300","name":"Newton Stewart"},{"id":"837819","latitude":"55.03333300","longitude":"-3.83333300","name":"Ninemile Bar"},{"id":"838095","latitude":"54.98333300","longitude":"-3.91666700","name":"Old Bridge of Urr"},{"id":"838309","latitude":"54.88333300","longitude":"-3.83333300","name":"Palnackie"},{"id":"838310","latitude":"54.93333300","longitude":"-4.41666700","name":"Palnure"},{"id":"838356","latitude":"55.01666700","longitude":"-4.05000000","name":"Parton"},{"id":"838464","latitude":"55.23333300","longitude":"-3.81666700","name":"Penpont"},{"id":"838767","latitude":"54.93333300","longitude":"-3.18333300","name":"Port Carlisle"},{"id":"838814","latitude":"54.70000000","longitude":"-4.95000000","name":"Port Logan"},{"id":"838830","latitude":"54.85000000","longitude":"-5.11666700","name":"Portpatrick"},{"id":"838853","latitude":"54.75000000","longitude":"-4.60000000","name":"Port William"},{"id":"838854","latitude":"54.71666700","longitude":"-4.36666700","name":"Portyerrock"},{"id":"838882","latitude":"54.98333300","longitude":"-3.33333300","name":"Powfoot"},{"id":"838921","latitude":"54.71666700","longitude":"-4.38333300","name":"Prestrie"},{"id":"839024","latitude":"55.05000000","longitude":"-3.51666700","name":"Racks"},{"id":"839271","latitude":"54.98333300","longitude":"-3.11666700","name":"Rigg"},{"id":"839279","latitude":"54.88333300","longitude":"-4.03333300","name":"Ringford"},{"id":"839338","latitude":"54.85000000","longitude":"-3.80000000","name":"Rockcliffe"},{"id":"839340","latitude":"54.85000000","longitude":"-3.80000000","name":"Rockcliff"},{"id":"839541","latitude":"54.98333300","longitude":"-3.41666700","name":"Ruthwell"},{"id":"839812","latitude":"54.80000000","longitude":"-4.95000000","name":"Sandhead"},{"id":"839842","latitude":"55.35000000","longitude":"-3.91666700","name":"Sanquhar"},{"id":"839917","latitude":"54.86666700","longitude":"-3.81666700","name":"Scaur"},{"id":"840361","latitude":"54.88333300","longitude":"-3.35000000","name":"Skinburness"},{"id":"840470","latitude":"54.78333300","longitude":"-4.43333300","name":"Sorbie"},{"id":"840673","latitude":"55.00000000","longitude":"-3.86666700","name":"Springholm"},{"id":"840761","latitude":"54.90000000","longitude":"-5.03333300","name":"Stanraer"},{"id":"840981","latitude":"54.81666700","longitude":"-4.98333300","name":"Stoneykirk"},{"id":"841047","latitude":"54.90000000","longitude":"-5.03333300","name":"Stranraer"},{"id":"841308","latitude":"55.01666700","longitude":"-4.36666700","name":"Talnotry"},{"id":"841401","latitude":"55.15000000","longitude":"-3.43333300","name":"Templand"},{"id":"841524","latitude":"55.23333300","longitude":"-3.76666700","name":"Thornhill"},{"id":"841686","latitude":"55.11666700","longitude":"-3.56666700","name":"Tinwald"},{"id":"841754","latitude":"54.85000000","longitude":"-4.03333300","name":"Tongland"},{"id":"841795","latitude":"55.08333300","longitude":"-3.51666700","name":"Torthorwald"},{"id":"841837","latitude":"55.15000000","longitude":"-3.50000000","name":"Trailflat"},{"id":"842014","latitude":"54.85000000","longitude":"-4.08333300","name":"Twynholm"},{"id":"842031","latitude":"55.21666700","longitude":"-3.88333300","name":"Tynron"},{"id":"842185","latitude":"54.96666700","longitude":"-3.85000000","name":"Urr"},{"id":"842354","latitude":"55.38333300","longitude":"-3.78333300","name":"Wanlockhead"},{"id":"842433","latitude":"55.08333300","longitude":"-3.18333300","name":"Waterbeck"},{"id":"842582","latitude":"54.85000000","longitude":"-3.78333300","name":"West Barcloy"},{"id":"842859","latitude":"54.80000000","longitude":"-4.48333300","name":"Whauphill"},{"id":"842912","latitude":"54.73333300","longitude":"-4.41666700","name":"Whitehorn"},{"id":"842935","latitude":"54.73333300","longitude":"-4.41666700","name":"Whithorn"}]