[{"id":"827103","latitude":"54.35000000","longitude":"-5.75000000","name":"Annacloy"},{"id":"827181","latitude":"54.51666700","longitude":"-7.66666700","name":"Ardess"},{"id":"827186","latitude":"54.26666700","longitude":"-5.60000000","name":"Ardglass"},{"id":"827200","latitude":"54.48333300","longitude":"-5.66666700","name":"Ardmillan"},{"id":"827311","latitude":"54.40000000","longitude":"-6.20000000","name":"Ashfield"},{"id":"827627","latitude":"54.33333300","longitude":"-5.58333300","name":"Ballyculter"},{"id":"827631","latitude":"54.51666700","longitude":"-5.68333300","name":"Ballydrain"},{"id":"827641","latitude":"54.30000000","longitude":"-5.55000000","name":"Ballyhornan"},{"id":"827658","latitude":"54.40000000","longitude":"-5.88333300","name":"Ballynahinch"},{"id":"827663","latitude":"54.28333300","longitude":"-5.71666700","name":"Ballynoe"},{"id":"827668","latitude":"54.26666700","longitude":"-6.13333300","name":"Ballyroney"},{"id":"827670","latitude":"54.53333300","longitude":"-5.48333300","name":"Ballywalter"},{"id":"827671","latitude":"54.26666700","longitude":"-6.03333300","name":"Ballyward"},{"id":"828279","latitude":"54.30000000","longitude":"-5.60000000","name":"Bishops Court"},{"id":"828436","latitude":"54.46666700","longitude":"-5.93333300","name":"Boardmills"},{"id":"829546","latitude":"54.56666700","longitude":"-5.55000000","name":"Carrowdore"},{"id":"829616","latitude":"54.26666700","longitude":"-5.93333300","name":"Castlewellan"},{"id":"829729","latitude":"54.28333300","longitude":"-5.58333300","name":"Chapeltown"},{"id":"830141","latitude":"54.28333300","longitude":"-5.83333300","name":"Clough"},{"id":"830608","latitude":"54.31666700","longitude":"-5.76666700","name":"Cranley"},{"id":"830755","latitude":"54.40000000","longitude":"-5.70000000","name":"Crossgar"},{"id":"830869","latitude":"54.65000000","longitude":"-5.81666700","name":"Cultra"},{"id":"831125","latitude":"54.43333300","longitude":"-5.71666700","name":"Derryboy"},{"id":"831251","latitude":"54.63333300","longitude":"-5.53333300","name":"Donaghadee"},{"id":"831269","latitude":"54.58333300","longitude":"-7.48333300","name":"Dooish"},{"id":"831312","latitude":"54.31666700","longitude":"-5.70000000","name":"Downpatrick"},{"id":"831349","latitude":"54.36666700","longitude":"-6.01666700","name":"Dromara"},{"id":"831351","latitude":"54.41666700","longitude":"-6.15000000","name":"Dromore"},{"id":"831360","latitude":"54.31666700","longitude":"-5.90000000","name":"Drumaroad"},{"id":"831387","latitude":"55.10000000","longitude":"-3.76666700","name":"Drumpark"},{"id":"831424","latitude":"54.53333300","longitude":"-7.51666700","name":"Dullaghan"},{"id":"831448","latitude":"55.13333300","longitude":"-3.61666700","name":"Duncow"},{"id":"831484","latitude":"54.35000000","longitude":"-5.90000000","name":"Dunmore"},{"id":"831802","latitude":"54.55000000","longitude":"-7.66666700","name":"Ederny"},{"id":"832115","latitude":"54.51666700","longitude":"-7.48333300","name":"Fairy Hill"},{"id":"832307","latitude":"54.35000000","longitude":"-6.03333300","name":"Finnis"},{"id":"832800","latitude":"54.48333300","longitude":"-5.48333300","name":"Glastry"},{"id":"832990","latitude":"54.31666700","longitude":"-6.06666700","name":"Gransha"},{"id":"833230","latitude":"54.53333300","longitude":"-5.56666700","name":"Greyabbey"},{"id":"833960","latitude":"54.31666700","longitude":"-6.13333300","name":"Hillhead"},{"id":"834121","latitude":"54.63333300","longitude":"-5.81666700","name":"Holywood"},{"id":"834618","latitude":"54.28333300","longitude":"-6.13333300","name":"Katesbridge"},{"id":"834634","latitude":"54.55000000","longitude":"-7.60000000","name":"Keeran"},{"id":"834790","latitude":"54.21666700","longitude":"-6.03333300","name":"Kilcoo"},{"id":"834812","latitude":"54.45000000","longitude":"-5.91666700","name":"Killaney"},{"id":"834826","latitude":"54.46666700","longitude":"-5.66666700","name":"Killinchy"},{"id":"834831","latitude":"54.25000000","longitude":"-5.63333300","name":"Killough"},{"id":"834837","latitude":"54.40000000","longitude":"-5.71666700","name":"Killyleagh"},{"id":"834861","latitude":"54.38333300","longitude":"-5.78333300","name":"Kilmore"},{"id":"835070","latitude":"54.48333300","longitude":"-5.53333300","name":"Kircubbin"},{"id":"835136","latitude":"55.11666700","longitude":"-3.61666700","name":"Kirkmahoe"},{"id":"835157","latitude":"55.11666700","longitude":"-3.61666700","name":"Kirkton"},{"id":"835272","latitude":"54.56666700","longitude":"-7.56666700","name":"Lack"},{"id":"835700","latitude":"54.40000000","longitude":"-5.81666700","name":"Listooder"},{"id":"835701","latitude":"54.43333300","longitude":"-6.13333300","name":"Listullycurran"},{"id":"835702","latitude":"54.43333300","longitude":"-6.13333300","name":"Listullycurraun"},{"id":"836279","latitude":"55.10000000","longitude":"-3.58333300","name":"Locharbriggs"},{"id":"836677","latitude":"54.46666700","longitude":"-6.26666700","name":"Magheralin"},{"id":"836680","latitude":"54.26666700","longitude":"-5.88333300","name":"Magherasaul"},{"id":"837154","latitude":"54.60000000","longitude":"-5.53333300","name":"Millisle"},{"id":"837165","latitude":"54.50000000","longitude":"-7.40000000","name":"Milltown"},{"id":"837306","latitude":"54.45000000","longitude":"-6.25000000","name":"Moorefield"},{"id":"837555","latitude":"54.51666700","longitude":"-7.58333300","name":"Nedsherry"},{"id":"838021","latitude":"54.50000000","longitude":"-5.53333300","name":"Nuns Quarter"},{"id":"839048","latitude":"54.43333300","longitude":"-5.75000000","name":"Raffrey"},{"id":"839051","latitude":"54.35000000","longitude":"-5.63333300","name":"Raholp"},{"id":"839052","latitude":"54.46666700","longitude":"-7.41666700","name":"Rahony"},{"id":"839418","latitude":"54.23333300","longitude":"-5.68333300","name":"Rossglass"},{"id":"839641","latitude":"54.46666700","longitude":"-5.78333300","name":"Saintfield"},{"id":"839862","latitude":"54.33333300","longitude":"-5.66666700","name":"Saul"},{"id":"839928","latitude":"54.26666700","longitude":"-5.73333300","name":"Scollogstown"},{"id":"839968","latitude":"54.30000000","longitude":"-5.83333300","name":"Seaforde"},{"id":"840092","latitude":"55.05000000","longitude":"-3.76666700","name":"Shawhead"},{"id":"840688","latitude":"54.21666700","longitude":"-6.03333300","name":"Square"},{"id":"841042","latitude":"54.48333300","longitude":"-7.56666700","name":"Stralongford"},{"id":"841113","latitude":"54.31666700","longitude":"-5.66666700","name":"Struell"},{"id":"841470","latitude":"54.38333300","longitude":"-6.11666700","name":"The Diamond"},{"id":"841907","latitude":"54.45000000","longitude":"-7.50000000","name":"Trillick"},{"id":"841966","latitude":"54.28333300","longitude":"-5.80000000","name":"Tullymurry"},{"id":"842032","latitude":"54.25000000","longitude":"-5.76666700","name":"Tyrella"},{"id":"842380","latitude":"54.46666700","longitude":"-6.23333300","name":"Waringfield"},{"id":"842381","latitude":"54.36666700","longitude":"-6.11666700","name":"Waringsford"}]