[{"id":"827104","latitude":"54.45000000","longitude":"-6.60000000","name":"Annaghmore"},{"id":"827457","latitude":"54.53333300","longitude":"-6.61666700","name":"Aughamullan"},{"id":"827459","latitude":"54.53333300","longitude":"-6.61666700","name":"Aughmullan"},{"id":"828501","latitude":"54.31666700","longitude":"-6.85000000","name":"Bondville"},{"id":"828934","latitude":"54.55000000","longitude":"-6.60000000","name":"Brockagh"},{"id":"829338","latitude":"54.35000000","longitude":"-6.83333300","name":"Caledon"},{"id":"829477","latitude":"54.53333300","longitude":"-6.78333300","name":"Carland"},{"id":"829587","latitude":"54.50000000","longitude":"-6.83333300","name":"Castlecaulfield"},{"id":"829739","latitude":"54.45000000","longitude":"-6.68333300","name":"Charlemont"},{"id":"829968","latitude":"54.48333300","longitude":"-6.63333300","name":"Church Hill"},{"id":"830185","latitude":"54.53333300","longitude":"-6.70000000","name":"Coalisland"},{"id":"830649","latitude":"54.41666700","longitude":"-6.85000000","name":"Creevelough"},{"id":"831254","latitude":"54.58333300","longitude":"-6.73333300","name":"Donaghey"},{"id":"831255","latitude":"54.53333300","longitude":"-6.81666700","name":"Donaghmore"},{"id":"831383","latitude":"54.45000000","longitude":"-6.73333300","name":"Drummond"},{"id":"831463","latitude":"54.51666700","longitude":"-6.75000000","name":"Dungannon"},{"id":"831537","latitude":"54.40000000","longitude":"-6.83333300","name":"Dyan"},{"id":"831851","latitude":"54.45000000","longitude":"-6.80000000","name":"Eglish"},{"id":"832609","latitude":"54.53333300","longitude":"-6.88333300","name":"Galbally"},{"id":"832999","latitude":"54.48333300","longitude":"-6.80000000","name":"Granville"},{"id":"834836","latitude":"54.58333300","longitude":"-6.58333300","name":"Killycolpy"},{"id":"834838","latitude":"54.35000000","longitude":"-6.78333300","name":"Killylea"},{"id":"836648","latitude":"54.28333300","longitude":"-6.76666700","name":"Maddan"},{"id":"836649","latitude":"54.28333300","longitude":"-6.76666700","name":"Madden"},{"id":"836682","latitude":"54.51666700","longitude":"-6.58333300","name":"Maghery"},{"id":"837107","latitude":"54.30000000","longitude":"-6.86666700","name":"Middletown"},{"id":"837435","latitude":"54.45000000","longitude":"-6.66666700","name":"Moy"},{"id":"837719","latitude":"54.55000000","longitude":"-6.73333300","name":"Newmills"},{"id":"840163","latitude":"54.56666700","longitude":"-6.75000000","name":"Sherrigrim"},{"id":"840355","latitude":"54.26666700","longitude":"-6.83333300","name":"Skerries"},{"id":"840864","latitude":"54.58333300","longitude":"-6.66666700","name":"Stewartstown"},{"id":"841478","latitude":"54.58333300","longitude":"-6.83333300","name":"The Rock"},{"id":"842026","latitude":"54.33333300","longitude":"-6.83333300","name":"Tynan"}]