[{"id":"827083","latitude":"52.03333300","longitude":"-0.48333300","name":"Ampthill"},{"id":"827241","latitude":"52.00000000","longitude":"-0.23333300","name":"Arlesey"},{"id":"827242","latitude":"52.00000000","longitude":"-0.23333300","name":"Arlesley"},{"id":"827377","latitude":"51.48333300","longitude":"-1.53333300","name":"Astley"},{"id":"827397","latitude":"52.03333300","longitude":"-0.21666700","name":"Astwick"},{"id":"827398","latitude":"52.10000000","longitude":"-0.60000000","name":"Astwood"},{"id":"827844","latitude":"51.95000000","longitude":"-0.41666700","name":"Barton"},{"id":"827853","latitude":"51.95000000","longitude":"-0.41666700","name":"Barton in the Clay"},{"id":"827894","latitude":"51.93333300","longitude":"-0.58333300","name":"Battlesden"},{"id":"827962","latitude":"52.13333300","longitude":"-0.45000000","name":"Bedford"},{"id":"828175","latitude":"52.13333300","longitude":"-0.50000000","name":"Biddenham"},{"id":"828191","latitude":"52.08333300","longitude":"-0.26666700","name":"Biggleswade"},{"id":"828211","latitude":"51.88333300","longitude":"-0.63333300","name":"Billington"},{"id":"828424","latitude":"52.13333300","longitude":"-0.31666700","name":"Blunham"},{"id":"828629","latitude":"51.43333300","longitude":"-1.38333300","name":"Boxford"},{"id":"828957","latitude":"52.15000000","longitude":"-0.51666700","name":"Bromham"},{"id":"829291","latitude":"51.85000000","longitude":"-0.45000000","name":"Caddington"},{"id":"829456","latitude":"52.11666700","longitude":"-0.40000000","name":"Cardington"},{"id":"829892","latitude":"51.85000000","longitude":"-0.35000000","name":"Chiltern Green"},{"id":"829954","latitude":"50.60000000","longitude":"-3.58333300","name":"Chudleigh"},{"id":"829955","latitude":"50.58333300","longitude":"-3.61666700","name":"Chudleigh Knighton"},{"id":"830027","latitude":"52.15000000","longitude":"-0.48333300","name":"Clapham"},{"id":"830103","latitude":"52.03333300","longitude":"-0.30000000","name":"Clifton"},{"id":"830135","latitude":"52.01666700","longitude":"-0.41666700","name":"Clophill"},{"id":"830402","latitude":"52.11666700","longitude":"-0.38333300","name":"Cople"},{"id":"830603","latitude":"52.06666700","longitude":"-0.60000000","name":"Cranfield"},{"id":"831506","latitude":"51.88333300","longitude":"-0.51666700","name":"Dunstable"},{"id":"831605","latitude":"51.48333300","longitude":"-1.50000000","name":"Eastbury"},{"id":"831649","latitude":"51.48333300","longitude":"-1.48333300","name":"East Garston"},{"id":"831678","latitude":"51.83333300","longitude":"-0.35000000","name":"East Hyde"},{"id":"831711","latitude":"52.08333300","longitude":"-0.26666700","name":"Easton"},{"id":"831736","latitude":"51.45000000","longitude":"-1.43333300","name":"East Shefford"},{"id":"831766","latitude":"51.86666700","longitude":"-0.58333300","name":"Eaton Bray"},{"id":"831821","latitude":"51.85000000","longitude":"-0.58333300","name":"Edlesborough"},{"id":"831837","latitude":"52.05000000","longitude":"-0.20000000","name":"Edworth"},{"id":"831939","latitude":"52.10000000","longitude":"-0.46666700","name":"Elstow"},{"id":"832064","latitude":"51.98333300","longitude":"-0.55000000","name":"Eversholt"},{"id":"832348","latitude":"51.81666700","longitude":"-0.43333300","name":"Flamstead"},{"id":"832371","latitude":"52.00000000","longitude":"-0.45000000","name":"Flitton"},{"id":"832372","latitude":"52.00000000","longitude":"-0.48333300","name":"Flitwick"},{"id":"833007","latitude":"52.00000000","longitude":"-0.36666700","name":"Gravenhurst"},{"id":"833027","latitude":"52.15000000","longitude":"-0.35000000","name":"Great Barford"},{"id":"833043","latitude":"51.95000000","longitude":"-0.68333300","name":"Great Brickhill"},{"id":"833131","latitude":"51.91666700","longitude":"-0.33333300","name":"Great Offley"},{"id":"833154","latitude":"51.46666700","longitude":"-1.45000000","name":"Great Shefford"},{"id":"833186","latitude":"51.93333300","longitude":"-0.21666700","name":"Great Wymondley"},{"id":"833528","latitude":"51.95000000","longitude":"-0.48333300","name":"Harlington"},{"id":"833583","latitude":"51.53333300","longitude":"-1.51666700","name":"Hartshill"},{"id":"833692","latitude":"52.05000000","longitude":"-0.41666700","name":"Haynes"},{"id":"833723","latitude":"51.93333300","longitude":"-0.65000000","name":"Heath and Reach"},{"id":"833817","latitude":"52.01666700","longitude":"-0.28333300","name":"Henlow"},{"id":"833875","latitude":"51.95000000","longitude":"-0.38333300","name":"Hexton"},{"id":"834031","latitude":"51.91666700","longitude":"-0.58333300","name":"Hockliffe"},{"id":"834111","latitude":"51.98333300","longitude":"-0.30000000","name":"Holwell"},{"id":"834230","latitude":"52.05000000","longitude":"-0.46666700","name":"Houghton Conquest"},{"id":"834240","latitude":"51.90000000","longitude":"-0.51666700","name":"Houghton Regis"},{"id":"834287","latitude":"50.56666700","longitude":"-3.55000000","name":"Humber"},{"id":"834377","latitude":"51.96666700","longitude":"-0.26666700","name":"Ickleford"},{"id":"834384","latitude":"50.58333300","longitude":"-3.56666700","name":"Ideford"},{"id":"834535","latitude":"51.91666700","longitude":"-0.25000000","name":"Ippollitts"},{"id":"834683","latitude":"52.10000000","longitude":"-0.48333300","name":"Kempston"},{"id":"834706","latitude":"51.85000000","longitude":"-0.50000000","name":"Kensworth"},{"id":"834907","latitude":"51.85000000","longitude":"-0.28333300","name":"Kimpton"},{"id":"834931","latitude":"51.83333300","longitude":"-0.38333300","name":"Kingsbourne Green"},{"id":"834993","latitude":"51.88333300","longitude":"-0.31666700","name":"Kings Walden"},{"id":"835302","latitude":"51.51666700","longitude":"-1.53333300","name":"Lambourn"},{"id":"835336","latitude":"52.05000000","longitude":"-0.26666700","name":"Langford"},{"id":"835458","latitude":"51.90000000","longitude":"-0.45000000","name":"Leagrave"},{"id":"835529","latitude":"51.91666700","longitude":"-0.65000000","name":"Leighton Buzzard"},{"id":"835569","latitude":"51.96666700","longitude":"-0.21666700","name":"Letchworth"},{"id":"835599","latitude":"51.90000000","longitude":"-0.50000000","name":"Lewsey"},{"id":"835623","latitude":"52.03333300","longitude":"-0.55000000","name":"Lidlington"},{"id":"835631","latitude":"51.91666700","longitude":"-0.36666700","name":"Lilley"},{"id":"835665","latitude":"51.91666700","longitude":"-0.66666700","name":"Linslade"},{"id":"835725","latitude":"51.96666700","longitude":"-0.66666700","name":"Little Brickhill"},{"id":"835755","latitude":"51.50000000","longitude":"-1.43333300","name":"Little Fawley"},{"id":"835811","latitude":"51.45000000","longitude":"-1.43333300","name":"Little Shefford"},{"id":"836496","latitude":"52.06666700","longitude":"-0.55000000","name":"Lower Shelton"},{"id":"836587","latitude":"50.58333300","longitude":"-3.55000000","name":"Luton"},{"id":"836819","latitude":"51.83333300","longitude":"-0.45000000","name":"Markyate"},{"id":"836820","latitude":"51.83333300","longitude":"-0.45000000","name":"Markyatestreet"},{"id":"836861","latitude":"52.05000000","longitude":"-0.55000000","name":"Marston Moretaine"},{"id":"836910","latitude":"52.01666700","longitude":"-0.45000000","name":"Maulden"},{"id":"837000","latitude":"51.86666700","longitude":"-0.68333300","name":"Mentmore"},{"id":"837006","latitude":"52.00000000","longitude":"-0.33333300","name":"Meppershall"},{"id":"837144","latitude":"52.03333300","longitude":"-0.51666700","name":"Millbrook"},{"id":"837181","latitude":"51.95000000","longitude":"-0.58333300","name":"Milton Bryant"},{"id":"837716","latitude":"51.83333300","longitude":"-0.36666700","name":"Newmill End"},{"id":"837880","latitude":"52.08333300","longitude":"-0.65000000","name":"North Crawley"},{"id":"837906","latitude":"52.10000000","longitude":"-0.31666700","name":"Northill"},{"id":"837991","latitude":"51.98333300","longitude":"-0.21666700","name":"Norton"},{"id":"838077","latitude":"51.91666700","longitude":"-0.33333300","name":"Offley"},{"id":"838137","latitude":"52.06666700","longitude":"-0.33333300","name":"Old Warden"},{"id":"838596","latitude":"51.95000000","longitude":"-0.31666700","name":"Pirton"},{"id":"838860","latitude":"51.95000000","longitude":"-0.61666700","name":"Potsgrove"},{"id":"838956","latitude":"51.98333300","longitude":"-0.45000000","name":"Pulloxhill"},{"id":"839042","latitude":"52.00000000","longitude":"-0.20000000","name":"Radwell"},{"id":"839727","latitude":"51.88333300","longitude":"-0.26666700","name":"Saint Pauls Walden"},{"id":"839839","latitude":"52.11666700","longitude":"-0.28333300","name":"Sandy"},{"id":"840109","latitude":"51.46666700","longitude":"-1.45000000","name":"Shefford"},{"id":"840120","latitude":"52.06666700","longitude":"-0.55000000","name":"Shelton"},{"id":"840181","latitude":"51.98333300","longitude":"-0.35000000","name":"Shillington"},{"id":"840293","latitude":"52.00000000","longitude":"-0.41666700","name":"Silsoe"},{"id":"840385","latitude":"51.86666700","longitude":"-0.63333300","name":"Slapton"},{"id":"840477","latitude":"51.93333300","longitude":"-0.71666700","name":"Soulbury"},{"id":"840532","latitude":"51.50000000","longitude":"-1.43333300","name":"South Fawley"},{"id":"840544","latitude":"52.05000000","longitude":"-0.30000000","name":"Southill"},{"id":"840697","latitude":"52.11666700","longitude":"-0.55000000","name":"Stagsden"},{"id":"840729","latitude":"51.90000000","longitude":"-0.58333300","name":"Stanbridge"},{"id":"840851","latitude":"52.00000000","longitude":"-0.51666700","name":"Steppingley"},{"id":"840865","latitude":"51.91666700","longitude":"-0.75000000","name":"Stewkley"},{"id":"840935","latitude":"51.95000000","longitude":"-0.71666700","name":"Stoke Hammond"},{"id":"840966","latitude":"52.00000000","longitude":"-0.31666700","name":"Stondon"},{"id":"840997","latitude":"51.88333300","longitude":"-0.40000000","name":"Stopsley"},{"id":"841001","latitude":"52.00000000","longitude":"-0.21666700","name":"Stotfold"},{"id":"841076","latitude":"51.93333300","longitude":"-0.43333300","name":"Streatley"},{"id":"841119","latitude":"51.81666700","longitude":"-0.51666700","name":"Studham"},{"id":"841161","latitude":"51.91666700","longitude":"-0.46666700","name":"Sundon"},{"id":"841388","latitude":"51.91666700","longitude":"-0.55000000","name":"Tebworth"},{"id":"841420","latitude":"52.15000000","longitude":"-0.30000000","name":"Tempsford"},{"id":"841715","latitude":"51.93333300","longitude":"-0.53333300","name":"Toddington"},{"id":"841813","latitude":"51.86666700","longitude":"-0.55000000","name":"Totternhoe"},{"id":"841941","latitude":"50.63333300","longitude":"-3.61666700","name":"Trusham"},{"id":"842151","latitude":"51.93333300","longitude":"-0.46666700","name":"Upper Sundon"},{"id":"842368","latitude":"52.06666700","longitude":"-0.33333300","name":"Warden"},{"id":"842516","latitude":"51.45000000","longitude":"-1.40000000","name":"Welford"},{"id":"842738","latitude":"51.96666700","longitude":"-0.48333300","name":"Westoning"},{"id":"842791","latitude":"51.46666700","longitude":"-1.45000000","name":"West Shefford"},{"id":"842879","latitude":"51.83333300","longitude":"-0.53333300","name":"Whipsnade"},{"id":"842972","latitude":"51.86666700","longitude":"-0.26666700","name":"Whitwell"},{"id":"842996","latitude":"51.43333300","longitude":"-1.43333300","name":"Wickham"},{"id":"843043","latitude":"52.06666700","longitude":"-0.43333300","name":"Wilhamstead"},{"id":"843063","latitude":"52.13333300","longitude":"-0.36666700","name":"Willington"},{"id":"843072","latitude":"52.06666700","longitude":"-0.43333300","name":"Willshamstead"},{"id":"843082","latitude":"52.06666700","longitude":"-0.43333300","name":"Wilshamstead"},{"id":"843084","latitude":"52.06666700","longitude":"-0.43333300","name":"Wilstead"},{"id":"843128","latitude":"51.92916700","longitude":"-0.54222200","name":"Wingfield"},{"id":"843134","latitude":"51.88333300","longitude":"-0.71666700","name":"Wing"},{"id":"843357","latitude":"52.08333300","longitude":"-0.51666700","name":"Wootton"},{"id":"843473","latitude":"51.93333300","longitude":"-0.21666700","name":"Wymondley"}]