[{"id":"827149","latitude":"53.35000000","longitude":"-2.55000000","name":"Appleton"},{"id":"831022","latitude":"53.33333300","longitude":"-2.63333300","name":"Daresbury"},{"id":"833151","latitude":"53.38333300","longitude":"-2.61666700","name":"Great Sankey"},{"id":"835408","latitude":"53.38333300","longitude":"-2.56666700","name":"Latchford"},{"id":"837307","latitude":"53.35000000","longitude":"-2.65000000","name":"Moore"},{"id":"838289","latitude":"53.40000000","longitude":"-2.55000000","name":"Padgate"},{"id":"839308","latitude":"53.41666700","longitude":"-2.51666700","name":"Risley"},{"id":"839841","latitude":"53.38333300","longitude":"-2.61666700","name":"Sankey"},{"id":"841092","latitude":"53.33333300","longitude":"-2.56666700","name":"Stretton"},{"id":"842407","latitude":"53.38333300","longitude":"-2.60000000","name":"Warrington"},{"id":"843178","latitude":"53.43333300","longitude":"-2.60000000","name":"Winwick"}]