[{"id":"827268","latitude":"53.00000000","longitude":"-1.13333300","name":"Arnold"},{"id":"827868","latitude":"52.96666700","longitude":"-1.18333300","name":"Basford"},{"id":"829123","latitude":"53.00000000","longitude":"-1.20000000","name":"Bulwell"},{"id":"829222","latitude":"52.96666700","longitude":"-1.03333300","name":"Burton Joyce"},{"id":"829363","latitude":"53.03333300","longitude":"-1.08333300","name":"Calverton"},{"id":"829897","latitude":"52.93333300","longitude":"-1.23333300","name":"Chilwell"},{"id":"830052","latitude":"53.03333300","longitude":"-1.08333300","name":"Claverton"},{"id":"832715","latitude":"52.96666700","longitude":"-1.08333300","name":"Gedling"},{"id":"834272","latitude":"53.03333300","longitude":"-1.20000000","name":"Hucknall Torkard"},{"id":"835301","latitude":"52.98333300","longitude":"-1.06666700","name":"Lambley"},{"id":"835644","latitude":"53.03333300","longitude":"-1.20000000","name":"Linby"},{"id":"838010","latitude":"52.96666700","longitude":"-1.16666700","name":"Nottigham"},{"id":"838011","latitude":"52.96666700","longitude":"-1.16666700","name":"Nottingham"},{"id":"840431","latitude":"52.95000000","longitude":"-1.11666700","name":"Sneinton Elements"},{"id":"840432","latitude":"52.95000000","longitude":"-1.11666700","name":"Sneinton"},{"id":"840435","latitude":"52.95000000","longitude":"-1.11666700","name":"Snenton"},{"id":"843271","latitude":"53.01666700","longitude":"-1.06666700","name":"Woodborough"}]