[{"id":"827239","latitude":"53.55000000","longitude":"-1.13333300","name":"Arksey"},{"id":"827256","latitude":"53.53333300","longitude":"-1.05000000","name":"Armthorpe"},{"id":"827452","latitude":"53.50000000","longitude":"-1.01666700","name":"Auckley"},{"id":"827785","latitude":"53.56666700","longitude":"-1.06666700","name":"Barnby Don"},{"id":"827786","latitude":"53.56666700","longitude":"-1.06666700","name":"Barnby Dun"},{"id":"828071","latitude":"53.53333300","longitude":"-1.15000000","name":"Bentley"},{"id":"829412","latitude":"53.50000000","longitude":"-1.05000000","name":"Cantley"},{"id":"831256","latitude":"53.53333300","longitude":"-1.11666700","name":"Doncaster"},{"id":"835151","latitude":"53.55000000","longitude":"-1.08333300","name":"Kirk Sandall"},{"id":"836448","latitude":"53.48333300","longitude":"-1.13333300","name":"Loversall"},{"id":"839419","latitude":"53.46666700","longitude":"-1.06666700","name":"Rossington"},{"id":"842240","latitude":"53.46666700","longitude":"-1.15000000","name":"Wadsworth"},{"id":"842241","latitude":"53.46666700","longitude":"-1.15000000","name":"Wadworth"},{"id":"842398","latitude":"53.50000000","longitude":"-1.18333300","name":"Warmsworth"}]