[{"id":"827254","latitude":"55.11666700","longitude":"-6.33333300","name":"Armoy"},{"id":"827618","latitude":"55.11666700","longitude":"-6.56666700","name":"Ballybogey"},{"id":"827619","latitude":"55.11666700","longitude":"-6.56666700","name":"Ballybogy"},{"id":"827649","latitude":"54.96666700","longitude":"-6.51666700","name":"Ballymaconnelly"},{"id":"827654","latitude":"55.08333300","longitude":"-6.51666700","name":"Ballymoney"},{"id":"827688","latitude":"55.06666700","longitude":"-6.55000000","name":"Balnamore"},{"id":"829311","latitude":"54.98333300","longitude":"-6.60000000","name":"Caheny"},{"id":"830371","latitude":"55.10000000","longitude":"-6.50000000","name":"Conogher"},{"id":"830420","latitude":"55.03333300","longitude":"-6.28333300","name":"Corkey"},{"id":"830589","latitude":"54.98333300","longitude":"-6.46666700","name":"Craigs"},{"id":"830590","latitude":"54.98333300","longitude":"-6.46666700","name":"Craigs Lower"},{"id":"830591","latitude":"54.98333300","longitude":"-6.46666700","name":"Craigs Middle"},{"id":"830592","latitude":"55.00000000","longitude":"-6.46666700","name":"Craigs Upper"},{"id":"831129","latitude":"55.13333300","longitude":"-6.48333300","name":"Derrykeighan"},{"id":"831136","latitude":"55.11666700","longitude":"-6.46666700","name":"Dervock"},{"id":"831480","latitude":"55.00000000","longitude":"-6.41666700","name":"Dunloy"},{"id":"832313","latitude":"55.00000000","longitude":"-6.50000000","name":"Finvoy"},{"id":"832652","latitude":"55.03333300","longitude":"-6.45000000","name":"Garryduff"},{"id":"832963","latitude":"55.13333300","longitude":"-6.38333300","name":"Gracehill"},{"id":"834881","latitude":"55.05000000","longitude":"-6.41666700","name":"Kilraghts"},{"id":"834882","latitude":"55.05000000","longitude":"-6.41666700","name":"Kilraughts"},{"id":"836639","latitude":"55.08333300","longitude":"-6.60000000","name":"Macfin"},{"id":"836640","latitude":"55.08333300","longitude":"-6.60000000","name":"Macfinn Lower"},{"id":"836641","latitude":"55.08333300","longitude":"-6.60000000","name":"Macfinn"},{"id":"837260","latitude":"54.98333300","longitude":"-6.61666700","name":"Moneydig"},{"id":"838552","latitude":"55.06666700","longitude":"-6.35000000","name":"Pharis"},{"id":"839088","latitude":"54.95000000","longitude":"-6.48333300","name":"Rasharkin"},{"id":"841046","latitude":"55.10000000","longitude":"-6.41666700","name":"Stranocum"},{"id":"841471","latitude":"55.10000000","longitude":"-6.35000000","name":"The Drones"}]