[{"id":"827261","latitude":"54.28333300","longitude":"-7.68333300","name":"Arney"},{"id":"827591","latitude":"54.40000000","longitude":"-7.58333300","name":"Ballanamallard"},{"id":"827604","latitude":"54.40000000","longitude":"-7.58333300","name":"Ballinamallard"},{"id":"827621","latitude":"54.40000000","longitude":"-7.65000000","name":"Ballycassidy"},{"id":"827665","latitude":"54.38333300","longitude":"-7.51666700","name":"Ballyreagh"},{"id":"828017","latitude":"54.28333300","longitude":"-7.63333300","name":"Bellanaleck"},{"id":"828382","latitude":"54.41666700","longitude":"-7.75000000","name":"Blaney"},{"id":"829969","latitude":"54.45000000","longitude":"-7.81666700","name":"Church Hill"},{"id":"830041","latitude":"54.50000000","longitude":"-7.73333300","name":"Clareview"},{"id":"830179","latitude":"54.40000000","longitude":"-7.56666700","name":"Coa"},{"id":"830845","latitude":"54.31666700","longitude":"-7.63333300","name":"Culkey"},{"id":"830846","latitude":"54.31666700","longitude":"-7.63333300","name":"Culky"},{"id":"831127","latitude":"54.18333300","longitude":"-7.56666700","name":"Derryglin"},{"id":"831128","latitude":"54.43333300","longitude":"-7.80000000","name":"Derrygonnelly"},{"id":"831130","latitude":"54.18333300","longitude":"-7.56666700","name":"Derrylin"},{"id":"831350","latitude":"54.48333300","longitude":"-7.71666700","name":"Dromard"},{"id":"831359","latitude":"54.48333300","longitude":"-7.71666700","name":"Drumard"},{"id":"831366","latitude":"54.35000000","longitude":"-7.76666700","name":"Drumboy"},{"id":"831368","latitude":"54.25000000","longitude":"-7.70000000","name":"Drumcard"},{"id":"831988","latitude":"54.36666700","longitude":"-7.63333300","name":"Enniskillen"},{"id":"832109","latitude":"54.20000000","longitude":"-7.56666700","name":"Fairfield"},{"id":"832850","latitude":"54.45000000","longitude":"-7.71666700","name":"Glenross"},{"id":"834455","latitude":"54.36666700","longitude":"-7.63333300","name":"Inis Ceithlann"},{"id":"834456","latitude":"54.26666700","longitude":"-7.58333300","name":"Inishmore"},{"id":"834554","latitude":"54.46666700","longitude":"-7.63333300","name":"Irvinestown"},{"id":"834732","latitude":"54.53333300","longitude":"-7.71666700","name":"Kesh"},{"id":"834889","latitude":"54.43333300","longitude":"-7.53333300","name":"Kilskeery"},{"id":"834910","latitude":"54.21666700","longitude":"-7.63333300","name":"Kinawley"},{"id":"835225","latitude":"54.15000000","longitude":"-7.50000000","name":"Knockaraven"},{"id":"835226","latitude":"54.15000000","longitude":"-7.50000000","name":"Knockarevan"},{"id":"835238","latitude":"54.40000000","longitude":"-7.61666700","name":"Knockmanoul"},{"id":"835575","latitude":"54.30000000","longitude":"-7.73333300","name":"Letterbrean"},{"id":"835576","latitude":"54.30000000","longitude":"-7.73333300","name":"Letterbreen"},{"id":"835684","latitude":"54.31666700","longitude":"-7.53333300","name":"Lisbellaw"},{"id":"835692","latitude":"54.46666700","longitude":"-7.70000000","name":"Lisnarick"},{"id":"835693","latitude":"54.46666700","longitude":"-7.70000000","name":"Lisnarrick"},{"id":"835694","latitude":"54.25000000","longitude":"-7.45000000","name":"Lisnaskea"},{"id":"836519","latitude":"54.46666700","longitude":"-7.63333300","name":"Lowtherstown"},{"id":"836685","latitude":"54.30000000","longitude":"-7.46666700","name":"Maguires Bridge"},{"id":"837258","latitude":"54.40000000","longitude":"-7.75000000","name":"Monea"},{"id":"839905","latitude":"54.51666700","longitude":"-7.98333300","name":"Scardans Lower"},{"id":"839906","latitude":"54.51666700","longitude":"-7.98333300","name":"Scardans"},{"id":"839907","latitude":"54.53333300","longitude":"-7.98333300","name":"Scardans Upper"},{"id":"840969","latitude":"54.50000000","longitude":"-7.90000000","name":"Stonefort"},{"id":"841318","latitude":"54.31666700","longitude":"-7.56666700","name":"Tamlaght"},{"id":"841419","latitude":"54.38333300","longitude":"-7.46666700","name":"Tempo"},{"id":"841970","latitude":"54.18333300","longitude":"-7.63333300","name":"Tully"}]