[{"id":"827342","latitude":"53.50000000","longitude":"-2.10000000","name":"Ashton"},{"id":"827346","latitude":"53.50000000","longitude":"-2.10000000","name":"Ashton-under-Lyne"},{"id":"831356","latitude":"53.48333300","longitude":"-2.15000000","name":"Droylesden"},{"id":"831357","latitude":"53.48333300","longitude":"-2.15000000","name":"Droylsden"},{"id":"832106","latitude":"53.51666700","longitude":"-2.13333300","name":"Failsworth"},{"id":"834074","latitude":"53.51666700","longitude":"-2.13333300","name":"Hollinwood"},{"id":"835514","latitude":"53.53333300","longitude":"-2.06666700","name":"Lees"}]