[{"id":"827572","latitude":"53.78333300","longitude":"-2.56666700","name":"Balderstone"},{"id":"828319","latitude":"53.75000000","longitude":"-2.48333300","name":"Blackburn"},{"id":"829824","latitude":"53.73333300","longitude":"-2.51666700","name":"Cherry Tree"},{"id":"835343","latitude":"53.80000000","longitude":"-2.45000000","name":"Langho"},{"id":"836971","latitude":"53.76666700","longitude":"-2.53333300","name":"Mellor"},{"id":"839248","latitude":"53.80000000","longitude":"-2.53333300","name":"Ribchester"},{"id":"839305","latitude":"53.75000000","longitude":"-2.41666700","name":"Rishton"},{"id":"843079","latitude":"53.78333300","longitude":"-2.48333300","name":"Wilpshire"}]