[{"id":"827428","latitude":"55.46666700","longitude":"-4.30000000","name":"Auchinleck"},{"id":"828619","latitude":"55.60000000","longitude":"-4.41666700","name":"Bowhouse"},{"id":"829634","latitude":"55.48333300","longitude":"-4.31666700","name":"Catrine"},{"id":"830583","latitude":"55.55000000","longitude":"-4.50000000","name":"Craigie"},{"id":"830723","latitude":"55.46666700","longitude":"-4.20000000","name":"Cronberry"},{"id":"830762","latitude":"55.63333300","longitude":"-4.55000000","name":"Crosshouse"},{"id":"830880","latitude":"55.45000000","longitude":"-4.26666700","name":"Cumnock"},{"id":"830963","latitude":"55.45000000","longitude":"-4.13333300","name":"Dalblair"},{"id":"830981","latitude":"55.36666700","longitude":"-4.25000000","name":"Dalleagles"},{"id":"830982","latitude":"55.36666700","longitude":"-4.25000000","name":"Dallengles"},{"id":"830988","latitude":"55.31666700","longitude":"-4.38333300","name":"Dalmellington"},{"id":"831041","latitude":"55.58333300","longitude":"-4.28333300","name":"Darvel"},{"id":"832236","latitude":"55.65000000","longitude":"-4.43333300","name":"Fenwick"},{"id":"832620","latitude":"55.58333300","longitude":"-4.38333300","name":"Galston"},{"id":"832678","latitude":"55.48333300","longitude":"-4.18333300","name":"Gasswater"},{"id":"832681","latitude":"55.48333300","longitude":"-4.18333300","name":"Gaswater"},{"id":"834328","latitude":"55.58333300","longitude":"-4.45000000","name":"Hurlford"},{"id":"834844","latitude":"55.63333300","longitude":"-4.53333300","name":"Kilmarnock"},{"id":"834847","latitude":"55.63333300","longitude":"-4.53333300","name":"Kilmaurs"},{"id":"836558","latitude":"55.46666700","longitude":"-4.23333300","name":"Lugar"},{"id":"836908","latitude":"55.51666700","longitude":"-4.36666700","name":"Mauchline"},{"id":"837457","latitude":"55.51666700","longitude":"-4.05000000","name":"Muirkirk"},{"id":"837675","latitude":"55.40000000","longitude":"-4.18333300","name":"New Cumnock"},{"id":"837720","latitude":"55.60000000","longitude":"-4.31666700","name":"Newmilns"},{"id":"838062","latitude":"55.45000000","longitude":"-4.36666700","name":"Ochiltree"},{"id":"839164","latitude":"55.53333300","longitude":"-4.50000000","name":"Redrea"},{"id":"840472","latitude":"55.50000000","longitude":"-4.28333300","name":"Sorn"},{"id":"840715","latitude":"55.46666700","longitude":"-4.46666700","name":"Stair"},{"id":"840863","latitude":"55.66666700","longitude":"-4.50000000","name":"Stewarton"},{"id":"841343","latitude":"55.50000000","longitude":"-4.48333300","name":"Tarbolton"},{"id":"841834","latitude":"55.46666700","longitude":"-4.46666700","name":"Trabboch"}]