[{"id":"827351","latitude":"52.70000000","longitude":"-0.71666700","name":"Ashwell"},{"id":"828755","latitude":"52.63333300","longitude":"-0.76666700","name":"Braunston"},{"id":"828981","latitude":"52.63333300","longitude":"-0.73333300","name":"Brooke"},{"id":"829160","latitude":"52.66666700","longitude":"-0.70000000","name":"Burley"},{"id":"829163","latitude":"52.66666700","longitude":"-0.70000000","name":"Burley-on-the-Hill"},{"id":"829575","latitude":"52.65000000","longitude":"-0.51666700","name":"Casterton"},{"id":"830498","latitude":"52.70000000","longitude":"-0.65000000","name":"Cottesmore"},{"id":"831709","latitude":"52.60000000","longitude":"-0.83333300","name":"East Norton"},{"id":"831714","latitude":"52.63333300","longitude":"-0.50000000","name":"Easton"},{"id":"831718","latitude":"52.63333300","longitude":"-0.50000000","name":"Easton on the Hill"},{"id":"831970","latitude":"52.65000000","longitude":"-0.58333300","name":"Empingham"},{"id":"832089","latitude":"52.68333300","longitude":"-0.61666700","name":"Exton"},{"id":"832872","latitude":"52.58333300","longitude":"-0.88333300","name":"Goadby"},{"id":"833214","latitude":"52.70000000","longitude":"-0.61666700","name":"Greetham"},{"id":"833394","latitude":"52.55000000","longitude":"-0.83333300","name":"Hallaton"},{"id":"833428","latitude":"52.65000000","longitude":"-0.66666700","name":"Hambleton"},{"id":"834183","latitude":"52.56666700","longitude":"-0.80000000","name":"Horninghold"},{"id":"835244","latitude":"52.65000000","longitude":"-0.80000000","name":"Knossington"},{"id":"835342","latitude":"52.68333300","longitude":"-0.75000000","name":"Langham"},{"id":"836312","latitude":"52.60000000","longitude":"-0.83333300","name":"Loddington"},{"id":"836784","latitude":"52.65000000","longitude":"-0.90000000","name":"Marefield"},{"id":"838040","latitude":"52.66666700","longitude":"-0.73333300","name":"Oakham"},{"id":"838263","latitude":"52.65000000","longitude":"-0.85000000","name":"Owston"},{"id":"840329","latitude":"52.60000000","longitude":"-0.90000000","name":"Skeffington"},{"id":"840454","latitude":"52.66666700","longitude":"-0.83333300","name":"Somerby"},{"id":"840893","latitude":"52.56666700","longitude":"-0.76666700","name":"Stockerston"},{"id":"840995","latitude":"52.56666700","longitude":"-0.76666700","name":"Stookerston"},{"id":"841631","latitude":"52.66666700","longitude":"-0.53333300","name":"Tickencote"},{"id":"841669","latitude":"52.63333300","longitude":"-0.90000000","name":"Tilton-on-the-Hill"},{"id":"841670","latitude":"52.63333300","longitude":"-0.90000000","name":"Tilton"},{"id":"841687","latitude":"52.63333300","longitude":"-0.50000000","name":"Tinwell"},{"id":"841952","latitude":"52.60000000","longitude":"-0.86666700","name":"Tugby"},{"id":"842126","latitude":"52.65000000","longitude":"-0.66666700","name":"Upper Hambleton"},{"id":"842155","latitude":"52.58333300","longitude":"-0.71666700","name":"Uppingham"},{"id":"843201","latitude":"52.63333300","longitude":"-0.81666700","name":"Withcote"}]