[{"id":"827285","latitude":"51.40000000","longitude":"-0.66666700","name":"Ascot"},{"id":"827320","latitude":"51.93333300","longitude":"-2.26666700","name":"Ashleworth"},{"id":"827481","latitude":"51.40000000","longitude":"-1.46666700","name":"Avington"},{"id":"827680","latitude":"54.55000000","longitude":"-5.96666700","name":"Balmoral"},{"id":"827755","latitude":"51.38333300","longitude":"-0.88333300","name":"Barkham"},{"id":"827907","latitude":"51.48333300","longitude":"-1.60000000","name":"Baydon"},{"id":"827974","latitude":"51.36666700","longitude":"-1.60000000","name":"Bedwyn"},{"id":"827982","latitude":"51.41666700","longitude":"-1.15000000","name":"Beenham"},{"id":"828053","latitude":"51.05000000","longitude":"0.58333300","name":"Beneden"},{"id":"828055","latitude":"51.05000000","longitude":"0.58333300","name":"Benenden"},{"id":"828322","latitude":"51.31666700","longitude":"-0.83333300","name":"Blackbushe"},{"id":"828323","latitude":"51.31666700","longitude":"-0.83333300","name":"Blackbushes"},{"id":"828345","latitude":"51.31666700","longitude":"-0.78333300","name":"Blackwater"},{"id":"829093","latitude":"51.43333300","longitude":"-1.20000000","name":"Bucklebury"},{"id":"829260","latitude":"51.33333300","longitude":"-1.51666700","name":"Buttermere"},{"id":"829895","latitude":"51.41666700","longitude":"-1.53333300","name":"Chilton Foliat"},{"id":"830245","latitude":"51.41666700","longitude":"-1.25000000","name":"Cold Ash"},{"id":"830323","latitude":"51.33333300","longitude":"-1.46666700","name":"Combe"},{"id":"830446","latitude":"51.93333300","longitude":"-2.30000000","name":"Corse"},{"id":"830791","latitude":"51.36666700","longitude":"-0.81666700","name":"Crowthorne"},{"id":"831361","latitude":"54.53333300","longitude":"-5.98333300","name":"Drumbeg"},{"id":"831365","latitude":"54.51666700","longitude":"-5.95000000","name":"Drumbo"},{"id":"832283","latitude":"54.55000000","longitude":"-5.98333300","name":"Finaghy"},{"id":"832286","latitude":"51.35000000","longitude":"-0.85000000","name":"Finchampstead"},{"id":"832530","latitude":"51.45000000","longitude":"-1.21666700","name":"Frilsham"},{"id":"832563","latitude":"51.40000000","longitude":"-1.56666700","name":"Froxfield"},{"id":"833032","latitude":"51.36666700","longitude":"-1.60000000","name":"Great Bedwyn"},{"id":"833433","latitude":"51.35000000","longitude":"-1.51666700","name":"Ham"},{"id":"833582","latitude":"51.91666700","longitude":"-2.30000000","name":"Hartpury"},{"id":"833602","latitude":"51.95000000","longitude":"-2.25000000","name":"Hasfield"},{"id":"833837","latitude":"51.45000000","longitude":"-1.26666700","name":"Hermitage"},{"id":"833916","latitude":"51.03333300","longitude":"0.51666700","name":"Highgate"},{"id":"834301","latitude":"51.41666700","longitude":"-1.51666700","name":"Hungerford"},{"id":"834302","latitude":"51.43333300","longitude":"-1.48333300","name":"Hungerford Newton"},{"id":"834459","latitude":"51.36666700","longitude":"-1.48333300","name":"Inkpen"},{"id":"835040","latitude":"51.38333300","longitude":"-1.43333300","name":"Kintbury"},{"id":"835405","latitude":"51.88333300","longitude":"-2.30000000","name":"Lassington"},{"id":"835661","latitude":"51.31666700","longitude":"-1.48333300","name":"Linkenholt"},{"id":"835717","latitude":"51.38333300","longitude":"-1.58333300","name":"Little Bedwyn"},{"id":"836699","latitude":"51.88333300","longitude":"-2.26666700","name":"Maisemore"},{"id":"837115","latitude":"51.40000000","longitude":"-1.20000000","name":"Midgham"},{"id":"837681","latitude":"51.00000000","longitude":"0.61666700","name":"Newenden"},{"id":"837811","latitude":"51.48333300","longitude":"-0.60000000","name":"New Windsor"},{"id":"837905","latitude":"50.98333300","longitude":"0.60000000","name":"Northiam"},{"id":"838964","latitude":"54.53333300","longitude":"-5.91666700","name":"Purdysburn"},{"id":"839068","latitude":"51.43333300","longitude":"-1.60000000","name":"Ramsbury"},{"id":"839815","latitude":"51.01666700","longitude":"0.56666700","name":"Sandhurst"},{"id":"840066","latitude":"51.35000000","longitude":"-1.55000000","name":"Shalbourne"},{"id":"840067","latitude":"51.35000000","longitude":"-1.55000000","name":"Shalbourn"},{"id":"840406","latitude":"51.66666700","longitude":"-0.83333300","name":"Slough"},{"id":"841458","latitude":"51.40000000","longitude":"-1.26666700","name":"Thatcham"},{"id":"841691","latitude":"51.95000000","longitude":"-2.23333300","name":"Tirley"},{"id":"842819","latitude":"51.36666700","longitude":"-1.43333300","name":"West Woodhay"},{"id":"843115","latitude":"51.48333300","longitude":"-0.60000000","name":"Windsor"}]