[{"id":"827620","latitude":"54.76666700","longitude":"-5.76666700","name":"Ballycarry"},{"id":"828016","latitude":"54.73333300","longitude":"-5.75000000","name":"Bellahill"},{"id":"829537","latitude":"54.71666700","longitude":"-5.73333300","name":"Carrickfergus"},{"id":"831797","latitude":"54.71666700","longitude":"-5.78333300","name":"Eden"},{"id":"832989","latitude":"54.78333300","longitude":"-5.71666700","name":"Gransha"},{"id":"834886","latitude":"54.71666700","longitude":"-5.76666700","name":"Kilroot"},{"id":"842910","latitude":"54.75000000","longitude":"-5.70000000","name":"Whitehead"},{"id":"843275","latitude":"54.73333300","longitude":"-5.83333300","name":"Woodburn"}]