[{"id":"827874","latitude":"51.57777800","longitude":"-3.05333300","name":"Bassaleg"},{"id":"828305","latitude":"51.58194400","longitude":"-2.87833300","name":"Bishton"},{"id":"829304","latitude":"51.61333300","longitude":"-2.95888900","name":"Caerleon"},{"id":"829570","latitude":"51.58333300","longitude":"-2.98333300","name":"Casnewydd"},{"id":"829613","latitude":"51.54222200","longitude":"-3.07583300","name":"Castleton"},{"id":"829948","latitude":"51.60000000","longitude":"-2.95000000","name":"Christchurch"},{"id":"831413","latitude":"51.55444400","longitude":"-2.99861100","name":"Duffryn"},{"id":"832894","latitude":"51.54222200","longitude":"-2.91777800","name":"Goldcliff"},{"id":"836208","latitude":"51.62111100","longitude":"-2.81833300","name":"Llanvaches"},{"id":"836222","latitude":"51.58888900","longitude":"-2.91361100","name":"Llanwern"},{"id":"836469","latitude":"51.55000000","longitude":"-3.00000000","name":"Lower Clapton"},{"id":"836845","latitude":"51.53388900","longitude":"-3.07305600","name":"Marshfield"},{"id":"836846","latitude":"51.53388900","longitude":"-3.07305600","name":"Marshfields"},{"id":"837536","latitude":"51.54888900","longitude":"-2.94611100","name":"Nash"},{"id":"837731","latitude":"51.58333300","longitude":"-2.98333300","name":"Newport"},{"id":"838337","latitude":"51.62194400","longitude":"-2.85750000","name":"Parc Seymour"},{"id":"838537","latitude":"51.51611100","longitude":"-3.05638900","name":"Peterstone Wentlooge"},{"id":"839168","latitude":"51.55277800","longitude":"-2.85000000","name":"Redwick"},{"id":"839365","latitude":"51.59305600","longitude":"-3.05305600","name":"Rogerstone"},{"id":"839599","latitude":"51.53388900","longitude":"-3.01750000","name":"Saint Brides Wentlooge"},{"id":"842952","latitude":"51.54500000","longitude":"-2.89222200","name":"Whitson"}]