[{"id":"827813","latitude":"55.78333300","longitude":"-4.38333300","name":"Barrhead"},{"id":"829244","latitude":"55.76666700","longitude":"-4.25000000","name":"Busby"},{"id":"829503","latitude":"55.78333300","longitude":"-4.26666700","name":"Carmunnock"},{"id":"829629","latitude":"55.80000000","longitude":"-4.25000000","name":"Cathcart"},{"id":"831553","latitude":"55.73333300","longitude":"-4.26666700","name":"Eaglesham"},{"id":"831683","latitude":"55.76666700","longitude":"-4.16666700","name":"East Kilbride"},{"id":"831684","latitude":"55.76666700","longitude":"-4.16666700","name":"East Kilbridge"},{"id":"832736","latitude":"55.80000000","longitude":"-4.28333300","name":"Giffneck"},{"id":"832737","latitude":"55.80000000","longitude":"-4.28333300","name":"Giffnock"},{"id":"836751","latitude":"55.81666700","longitude":"-4.30000000","name":"Mansewood"},{"id":"837764","latitude":"55.76666700","longitude":"-4.33333300","name":"Newton Mearns"},{"id":"837824","latitude":"55.80000000","longitude":"-4.36666700","name":"Nitshill"},{"id":"838679","latitude":"55.80000000","longitude":"-4.31666700","name":"Pollokshaws"}]