[{"id":"827647","latitude":"54.83333300","longitude":"-5.78333300","name":"Ballylumford"},{"id":"827694","latitude":"54.83333300","longitude":"-5.78333300","name":"Balylumford"},{"id":"828045","latitude":"54.78333300","longitude":"-5.80000000","name":"Beltoy"},{"id":"829516","latitude":"54.88333300","longitude":"-5.88333300","name":"Carncastle"},{"id":"829522","latitude":"54.98333300","longitude":"-5.98333300","name":"Carnlough"},{"id":"831415","latitude":"54.81666700","longitude":"-5.76666700","name":"Duffstown"},{"id":"832610","latitude":"54.96666700","longitude":"-6.00000000","name":"Galdanagh"},{"id":"832811","latitude":"54.96666700","longitude":"-5.96666700","name":"Glenarm"},{"id":"832841","latitude":"54.80000000","longitude":"-5.83333300","name":"Glenoe"},{"id":"832869","latitude":"54.81666700","longitude":"-5.81666700","name":"Glynn"},{"id":"833713","latitude":"54.81666700","longitude":"-5.91666700","name":"Headwood"},{"id":"835398","latitude":"54.85000000","longitude":"-5.81666700","name":"Larne"},{"id":"836679","latitude":"54.81666700","longitude":"-5.76666700","name":"Magheramorne"},{"id":"837166","latitude":"54.91666700","longitude":"-5.88333300","name":"Milltown"}]