[{"id":"827611","latitude":"55.23333300","longitude":"-6.35000000","name":"Ballintoy"},{"id":"827622","latitude":"55.21666700","longitude":"-6.23333300","name":"Ballycastle"},{"id":"827669","latitude":"55.20000000","longitude":"-6.18333300","name":"Ballyvoy"},{"id":"829419","latitude":"55.15000000","longitude":"-6.30000000","name":"Cape Castle"},{"id":"829518","latitude":"55.18333300","longitude":"-6.28333300","name":"Carneatly"},{"id":"830900","latitude":"55.08333300","longitude":"-6.05000000","name":"Cushendall"},{"id":"830901","latitude":"55.13333300","longitude":"-6.03333300","name":"Cushendun"},{"id":"832809","latitude":"55.05000000","longitude":"-6.06666700","name":"Glenariffe"},{"id":"832810","latitude":"55.05000000","longitude":"-6.06666700","name":"Glenariff"},{"id":"835241","latitude":"55.11666700","longitude":"-6.05000000","name":"Knocknacarry"},{"id":"837432","latitude":"55.16666700","longitude":"-6.33333300","name":"Moyarget"},{"id":"839348","latitude":"55.11666700","longitude":"-6.03333300","name":"Rock Port"},{"id":"841762","latitude":"55.10000000","longitude":"-6.28333300","name":"Toor"},{"id":"841791","latitude":"55.18333300","longitude":"-6.06666700","name":"Torr"},{"id":"842404","latitude":"55.05000000","longitude":"-6.06666700","name":"Warren"},{"id":"842436","latitude":"55.05000000","longitude":"-6.06666700","name":"Waterfoot"}]