[{"id":"827667","latitude":"54.71666700","longitude":"-6.53333300","name":"Ballyronan"},{"id":"828015","latitude":"54.80000000","longitude":"-6.51666700","name":"Bellaghy"},{"id":"829589","latitude":"54.78333300","longitude":"-6.56666700","name":"Castledawson"},{"id":"830893","latitude":"54.78333300","longitude":"-6.61666700","name":"Curran"},{"id":"831143","latitude":"54.76666700","longitude":"-6.68333300","name":"Desertmartin"},{"id":"832961","latitude":"54.73333300","longitude":"-6.55000000","name":"Gracefield"},{"id":"836673","latitude":"54.76666700","longitude":"-6.60000000","name":"Magherafelt"},{"id":"837167","latitude":"54.75000000","longitude":"-6.43333300","name":"Milltown"},{"id":"837684","latitude":"54.81666700","longitude":"-6.45000000","name":"New Ferry"},{"id":"841761","latitude":"54.75000000","longitude":"-6.45000000","name":"Toome"}]