[{"id":"827648","latitude":"54.60000000","longitude":"-5.90000000","name":"Ballymacarret"},{"id":"827921","latitude":"54.58333300","longitude":"-5.93333300","name":"B\u00e9al Feirste"},{"id":"828006","latitude":"54.58333300","longitude":"-5.93333300","name":"Belfast"},{"id":"828007","latitude":"54.60000000","longitude":"-5.93333300","name":"Belfast County Borough"},{"id":"830116","latitude":"54.61666700","longitude":"-5.93333300","name":"Cliftonville"},{"id":"833190","latitude":"54.63333300","longitude":"-5.91666700","name":"Greencastle"},{"id":"835519","latitude":"54.61666700","longitude":"-5.98333300","name":"Legoneil"},{"id":"835520","latitude":"54.61666700","longitude":"-5.98333300","name":"Legoniel"},{"id":"835628","latitude":"54.61666700","longitude":"-5.98333300","name":"Ligoniel"},{"id":"839011","latitude":"54.61666700","longitude":"-5.90000000","name":"Queens Island"},{"id":"840075","latitude":"54.60000000","longitude":"-5.93333300","name":"Shankill"},{"id":"840335","latitude":"54.61666700","longitude":"-5.93333300","name":"Skegoneill"},{"id":"840336","latitude":"54.61666700","longitude":"-5.93333300","name":"Skegoniel"},{"id":"840670","latitude":"54.60000000","longitude":"-5.96666700","name":"Springfield"},{"id":"841045","latitude":"54.56666700","longitude":"-5.91666700","name":"Stranmillis"},{"id":"841271","latitude":"54.60000000","longitude":"-5.88333300","name":"Sydenham"},{"id":"841483","latitude":"54.66666700","longitude":"-6.01666700","name":"The Trench"},{"id":"842914","latitude":"54.63333300","longitude":"-5.91666700","name":"Whitehouse Upper"},{"id":"842915","latitude":"54.63333300","longitude":"-5.91666700","name":"Whitehouse"}]