[{"id":"828040","latitude":"53.55000000","longitude":"-0.81666700","name":"Belton"},{"id":"828446","latitude":"52.25000000","longitude":"-2.60000000","name":"Bockleton"},{"id":"830285","latitude":"52.25000000","longitude":"-2.51666700","name":"Collington"},{"id":"831219","latitude":"52.21666700","longitude":"-2.63333300","name":"Docklow"},{"id":"832000","latitude":"53.51666700","longitude":"-0.81666700","name":"Epworth"},{"id":"832306","latitude":"53.46666700","longitude":"-0.98333300","name":"Finningley"},{"id":"832325","latitude":"53.60000000","longitude":"-1.01666700","name":"Fishlake"},{"id":"833616","latitude":"53.56666700","longitude":"-0.98333300","name":"Hatfield"},{"id":"834286","latitude":"52.20000000","longitude":"-2.66666700","name":"Humber"},{"id":"839298","latitude":"52.20000000","longitude":"-2.66666700","name":"Risbury"},{"id":"839832","latitude":"53.56666700","longitude":"-0.88333300","name":"Sandtoft"},{"id":"840706","latitude":"53.60000000","longitude":"-1.03333300","name":"Stainforth"},{"id":"840832","latitude":"52.21666700","longitude":"-2.66666700","name":"Steens Bridge"},{"id":"841504","latitude":"52.23333300","longitude":"-2.55000000","name":"Thornbury"},{"id":"841512","latitude":"53.60000000","longitude":"-0.96666700","name":"Thorne"},{"id":"842228","latitude":"52.21666700","longitude":"-2.56666700","name":"Wacton"},{"id":"843443","latitude":"53.51666700","longitude":"-0.93333300","name":"Wroot"}]