[{"id":"827888","latitude":"53.70000000","longitude":"-1.61666700","name":"Batley"},{"id":"832861","latitude":"53.90000000","longitude":"-2.00000000","name":"Glusburn"},{"id":"834453","latitude":"53.85000000","longitude":"-1.91666700","name":"Ingrow"},{"id":"834638","latitude":"53.88333300","longitude":"-1.91666700","name":"Keighley"},{"id":"834798","latitude":"53.90000000","longitude":"-1.98333300","name":"Kildwick"},{"id":"838050","latitude":"53.83333300","longitude":"-1.96666700","name":"Oakworth"},{"id":"840292","latitude":"53.90000000","longitude":"-1.93333300","name":"Silsden"},{"id":"840842","latitude":"53.88333300","longitude":"-1.95000000","name":"Steeton"},{"id":"841181","latitude":"53.88333300","longitude":"-1.98333300","name":"Sutton-in-Craven"},{"id":"842192","latitude":"53.86666700","longitude":"-1.91666700","name":"Utley"}]