[{"id":"827883","latitude":"51.39222200","longitude":"-2.32222200","name":"Bathampton"},{"id":"827884","latitude":"51.37944400","longitude":"-2.36555600","name":"Bath"},{"id":"827885","latitude":"51.40888900","longitude":"-2.31861100","name":"Batheaston"},{"id":"827886","latitude":"51.40000000","longitude":"-2.30000000","name":"Bathford"},{"id":"828298","latitude":"51.33444400","longitude":"-2.59472200","name":"Bishop Sutton"},{"id":"829170","latitude":"51.38555600","longitude":"-2.48472200","name":"Burnett"},{"id":"829387","latitude":"51.31611100","longitude":"-2.45611100","name":"Camerton"},{"id":"829806","latitude":"51.35416700","longitude":"-2.52777800","name":"Chelwood"},{"id":"829860","latitude":"51.36611100","longitude":"-2.61027800","name":"Chew Magna"},{"id":"829861","latitude":"51.35611100","longitude":"-2.63083300","name":"Chew Stoke"},{"id":"830161","latitude":"51.32944400","longitude":"-2.54305600","name":"Clutton"},{"id":"830343","latitude":"51.37944400","longitude":"-2.50972200","name":"Compton Dando"},{"id":"830345","latitude":"51.31055600","longitude":"-2.65527800","name":"Compton Martin"},{"id":"830455","latitude":"51.38500000","longitude":"-2.44027800","name":"Corston"},{"id":"831666","latitude":"51.30111100","longitude":"-2.62166700","name":"East Harptree"},{"id":"832145","latitude":"51.34277800","longitude":"-2.48611100","name":"Farmboro"},{"id":"832146","latitude":"51.34277800","longitude":"-2.48611100","name":"Farmborough"},{"id":"832167","latitude":"51.29666700","longitude":"-2.53305600","name":"Farrington Gurney"},{"id":"832515","latitude":"51.33916700","longitude":"-2.30305600","name":"Freshford"},{"id":"833055","latitude":"51.36611100","longitude":"-2.61027800","name":"Great Chew"},{"id":"833395","latitude":"51.31250000","longitude":"-2.52055600","name":"Hallatrow"},{"id":"834000","latitude":"51.32222200","longitude":"-2.32916700","name":"Hinton Charterhouse"},{"id":"834670","latitude":"51.40277800","longitude":"-2.42972200","name":"Kelston"},{"id":"834755","latitude":"51.41138900","longitude":"-2.50500000","name":"Keynsham"},{"id":"836816","latitude":"51.35805600","longitude":"-2.48055600","name":"Marksbury"},{"id":"837114","latitude":"51.34361100","longitude":"-2.33861100","name":"Midford"},{"id":"837120","latitude":"51.28444400","longitude":"-2.49055600","name":"Midsomer Norton"},{"id":"837971","latitude":"51.32333300","longitude":"-2.61027800","name":"North Widcombe"},{"id":"838382","latitude":"51.30472200","longitude":"-2.50027800","name":"Paulton"},{"id":"838394","latitude":"51.31666700","longitude":"-2.42416700","name":"Peasedown Saint John"},{"id":"838478","latitude":"51.37111100","longitude":"-2.54722200","name":"Pensford"},{"id":"838933","latitude":"51.34305600","longitude":"-2.43916700","name":"Priston"},{"id":"838939","latitude":"51.37694400","longitude":"-2.54027800","name":"Publow"},{"id":"839039","latitude":"51.29305600","longitude":"-2.44361100","name":"Radstock"},{"id":"839781","latitude":"51.40138900","longitude":"-2.45944400","name":"Saltford"},{"id":"840615","latitude":"51.30750000","longitude":"-2.60250000","name":"South Widcombe"},{"id":"841022","latitude":"51.33388900","longitude":"-2.57611100","name":"Stowey"},{"id":"841209","latitude":"51.41555600","longitude":"-2.35055600","name":"Swainswick"},{"id":"841406","latitude":"51.31638900","longitude":"-2.54138900","name":"Temple Cloud"},{"id":"841677","latitude":"51.32444400","longitude":"-2.47916700","name":"Timsbury"},{"id":"842005","latitude":"51.37666700","longitude":"-2.40194400","name":"Twerton"},{"id":"842044","latitude":"51.32166700","longitude":"-2.67472200","name":"Ubley"},{"id":"842152","latitude":"51.41555600","longitude":"-2.35055600","name":"Upper Swainswick"},{"id":"842528","latitude":"51.32444400","longitude":"-2.37416700","name":"Wellow"},{"id":"842680","latitude":"51.30861100","longitude":"-2.62972200","name":"West Harptree"},{"id":"842891","latitude":"51.40694400","longitude":"-2.55583300","name":"Whitchurch"}]