[{"id":"828123","latitude":"51.51666700","longitude":"-0.05000000","name":"Bethnal Green"},{"id":"828344","latitude":"51.51666700","longitude":"0.00000000","name":"Blackwall"},{"id":"828606","latitude":"51.53333300","longitude":"-0.01666700","name":"Bow"},{"id":"831658","latitude":"51.53333300","longitude":"0.05000000","name":"East Ham"},{"id":"835640","latitude":"51.51666700","longitude":"-0.03333300","name":"Limehouse"},{"id":"837172","latitude":"51.50000000","longitude":"-0.01666700","name":"Millwall"},{"id":"839435","latitude":"51.50000000","longitude":"-0.05000000","name":"Rotherhithe"},{"id":"840300","latitude":"51.50000000","longitude":"0.03333300","name":"Silvertown"},{"id":"840850","latitude":"51.51666700","longitude":"-0.03333300","name":"Stepney"},{"id":"841052","latitude":"51.53333300","longitude":"0.00000000","name":"Stratford"},{"id":"842676","latitude":"51.53333300","longitude":"0.01666700","name":"West Ham"},{"id":"842900","latitude":"51.51666700","longitude":"-0.05000000","name":"Whitechapel"}]