[{"id":"103753","latitude":"-28.36666670","longitude":"-65.16666670","name":"Achalco"},{"id":"103772","latitude":"-29.03333330","longitude":"-66.01666670","name":"Adolfo E. Carranza"},{"id":"103775","latitude":"-29.03333330","longitude":"-66.01666670","name":"A.E. Carranza"},{"id":"103800","latitude":"-27.61666670","longitude":"-66.13333330","name":"Agua de las Palomas"},{"id":"103837","latitude":"-29.11666670","longitude":"-65.35000000","name":"Aibar"},{"id":"103857","latitude":"-28.58333330","longitude":"-65.23333330","name":"Albigasta"},{"id":"103940","latitude":"-28.15000000","longitude":"-65.48333330","name":"Alijil\u00e1n"},{"id":"103962","latitude":"-28.01666670","longitude":"-65.16666670","name":"Alta Gracia"},{"id":"103979","latitude":"-29.10000000","longitude":"-65.58333330","name":"Alto de la Esquina"},{"id":"104002","latitude":"-28.05000000","longitude":"-65.46666670","name":"Altos"},{"id":"104010","latitude":"-27.51666670","longitude":"-66.03333330","name":"Alumbrera"},{"id":"104021","latitude":"-28.28333330","longitude":"-65.65000000","name":"Amadores"},{"id":"104026","latitude":"-28.93333330","longitude":"-65.51666670","name":"Aman\u00e1"},{"id":"104028","latitude":"-28.93333330","longitude":"-65.51666670","name":"Amanal"},{"id":"104029","latitude":"-27.55000000","longitude":"-66.51666670","name":"Amanao"},{"id":"104044","latitude":"-26.90000000","longitude":"-66.06666670","name":"Ampajango"},{"id":"104045","latitude":"-28.16666670","longitude":"-65.13333330","name":"Ampallo"},{"id":"104049","latitude":"-28.16666670","longitude":"-65.13333330","name":"Ampolla"},{"id":"104051","latitude":"-28.93333330","longitude":"-65.51666670","name":"Anan\u00e1"},{"id":"104057","latitude":"-28.81666670","longitude":"-65.50000000","name":"Ancasti"},{"id":"104066","latitude":"-26.86666670","longitude":"-66.03333330","name":"Andagual\u00e1"},{"id":"104067","latitude":"-27.60000000","longitude":"-66.31666670","name":"Andalgal\u00e1"},{"id":"104068","latitude":"-26.86666670","longitude":"-66.03333330","name":"Andalhual\u00e1"},{"id":"104088","latitude":"-28.76666670","longitude":"-65.55000000","name":"Anguincila"},{"id":"104099","latitude":"-28.68333330","longitude":"-65.26666670","name":"Anjuli"},{"id":"104101","latitude":"-28.68333330","longitude":"-65.26666670","name":"Anjulio"},{"id":"104105","latitude":"-28.76666670","longitude":"-65.55000000","name":"Anquincila"},{"id":"104108","latitude":"-28.53333330","longitude":"-65.76666670","name":"Antapoca"},{"id":"104114","latitude":"-27.20000000","longitude":"-67.60000000","name":"Antinaco"},{"id":"104117","latitude":"-26.06666670","longitude":"-67.41666670","name":"Antofagasta de la Sierra"},{"id":"104118","latitude":"-25.51666670","longitude":"-67.68333330","name":"Antofalla"},{"id":"104138","latitude":"-28.30000000","longitude":"-66.15000000","name":"Apuyaco"},{"id":"104155","latitude":"-28.68333330","longitude":"-65.75000000","name":"Arbolito"},{"id":"104266","latitude":"-28.33333330","longitude":"-65.23333330","name":"Ayajasco"},{"id":"104267","latitude":"-28.33333330","longitude":"-65.23333330","name":"Ayajaso"},{"id":"104268","latitude":"-28.33333330","longitude":"-65.23333330","name":"Ayapaso"},{"id":"104270","latitude":"-27.35000000","longitude":"-67.05000000","name":"Azampay"},{"id":"104293","latitude":"-28.36666670","longitude":"-65.61666670","name":"Bajada"},{"id":"104322","latitude":"-27.88333330","longitude":"-65.71666670","name":"Balcosna"},{"id":"104323","latitude":"-27.88333330","longitude":"-65.71666670","name":"Balcozna"},{"id":"104370","latitude":"-28.10000000","longitude":"-65.31666670","name":"Ba\u00f1ado"},{"id":"104372","latitude":"-28.10000000","longitude":"-65.31666670","name":"Ba\u00f1ado de Ovanta"},{"id":"104377","latitude":"-28.43333330","longitude":"-65.75000000","name":"Banda de Varela"},{"id":"104421","latitude":"-28.21666670","longitude":"-66.38333330","name":"Barrealito"},{"id":"104425","latitude":"-28.21666670","longitude":"-66.38333330","name":"Barrialito"},{"id":"104472","latitude":"-28.78333330","longitude":"-65.30000000","name":"Baviano"},{"id":"104483","latitude":"-27.65000000","longitude":"-67.03333330","name":"Bel\u00e9n"},{"id":"104491","latitude":"-28.61666670","longitude":"-65.48333330","name":"Bella Vista"},{"id":"104553","latitude":"-28.48333330","longitude":"-65.45000000","name":"Bilisman"},{"id":"104579","latitude":"-27.91666670","longitude":"-65.88333330","name":"Bols\u00f3n"},{"id":"104611","latitude":"-28.98333330","longitude":"-65.76666670","name":"Brea"},{"id":"104615","latitude":"-28.98333330","longitude":"-65.76666670","name":"Breas"},{"id":"104662","latitude":"-28.98333330","longitude":"-65.33333330","name":"Caballa"},{"id":"104692","latitude":"-28.00000000","longitude":"-67.55000000","name":"Cachiyuyo"},{"id":"104694","latitude":"-28.00000000","longitude":"-67.55000000","name":"Cachiyuyu"},{"id":"104798","latitude":"-28.78333330","longitude":"-65.51666670","name":"Ca\u00f1ada de Ipizca"},{"id":"104805","latitude":"-28.70000000","longitude":"-65.50000000","name":"Ca\u00f1ada de P\u00e1ez"},{"id":"104812","latitude":"-29.06666670","longitude":"-65.63333330","name":"Ca\u00f1ada Larga"},{"id":"104837","latitude":"-28.70000000","longitude":"-65.45000000","name":"Candelaria"},{"id":"104869","latitude":"-28.76666670","longitude":"-66.06666670","name":"Capay\u00e1n"},{"id":"104888","latitude":"-27.35000000","longitude":"-66.40000000","name":"Capillitas"},{"id":"104912","latitude":"-25.85000000","longitude":"-67.35000000","name":"Cara Ci\u00e9naga"},{"id":"104959","latitude":"-29.03333330","longitude":"-66.01666670","name":"Carranza"},{"id":"104969","latitude":"-29.26666670","longitude":"-65.53333330","name":"Carrizal"},{"id":"104976","latitude":"-28.66666670","longitude":"-65.53333330","name":"Casa Armada"},{"id":"104981","latitude":"-26.81666670","longitude":"-66.08333330","name":"Casa de Piedra"},{"id":"105010","latitude":"-26.73333330","longitude":"-65.95000000","name":"Caspichango"},{"id":"105028","latitude":"-28.46666670","longitude":"-65.78333330","name":"Catamarca"},{"id":"105074","latitude":"-29.35000000","longitude":"-65.48333330","name":"Cercado"},{"id":"105081","latitude":"-29.40000000","longitude":"-65.40000000","name":"Cerrito"},{"id":"105096","latitude":"-28.26666670","longitude":"-67.13333330","name":"Cerro Negro"},{"id":"105116","latitude":"-29.15000000","longitude":"-65.35000000","name":"Chacra del Mistol"},{"id":"105142","latitude":"-28.88333330","longitude":"-65.20000000","name":"Cha\u00f1aritos"},{"id":"105147","latitude":"-28.50000000","longitude":"-65.15000000","name":"Cha\u00f1ar Laguna"},{"id":"105163","latitude":"-27.53333330","longitude":"-66.35000000","name":"Chaquiago Arriba"},{"id":"105164","latitude":"-27.53333330","longitude":"-66.35000000","name":"Chaquiago"},{"id":"105177","latitude":"-27.78333330","longitude":"-68.08333330","name":"Chaschuil"},{"id":"105202","latitude":"-27.63333330","longitude":"-66.20000000","name":"Chilca"},{"id":"105246","latitude":"-27.53333330","longitude":"-66.40000000","name":"Choya"},{"id":"105248","latitude":"-28.46666670","longitude":"-65.15000000","name":"Choya Viejo"},{"id":"105252","latitude":"-27.93333330","longitude":"-65.66666670","name":"Chuchucaruana"},{"id":"105256","latitude":"-28.86666670","longitude":"-66.23333330","name":"Chumbicha"},{"id":"105270","latitude":"-26.95000000","longitude":"-66.95000000","name":"Cidampajao"},{"id":"105272","latitude":"-27.13333330","longitude":"-67.65000000","name":"Ci\u00e9naga"},{"id":"105279","latitude":"-28.16666670","longitude":"-67.66666670","name":"Cienaguita"},{"id":"105282","latitude":"-27.13333330","longitude":"-67.65000000","name":"Ci\u00e9nega"},{"id":"105287","latitude":"-28.16666670","longitude":"-67.66666670","name":"Cieneguita"},{"id":"105350","latitude":"-28.08333330","longitude":"-66.15000000","name":"Cojango"},{"id":"105352","latitude":"-28.36666670","longitude":"-66.16666670","name":"Colana"},{"id":"105367","latitude":"-28.36666670","longitude":"-65.73333330","name":"Collagasta"},{"id":"105613","latitude":"-28.10000000","longitude":"-66.21666670","name":"Colpes"},{"id":"105625","latitude":"-28.91666670","longitude":"-65.60000000","name":"Comedero"},{"id":"105632","latitude":"-28.68333330","longitude":"-65.40000000","name":"Concepci\u00f3n"},{"id":"105649","latitude":"-27.48333330","longitude":"-67.08333330","name":"C\u00f3ndorhuasi"},{"id":"105652","latitude":"-28.58333330","longitude":"-65.90000000","name":"Coneta"},{"id":"105667","latitude":"-28.20000000","longitude":"-67.48333330","name":"Copacabana"},{"id":"105669","latitude":"-38.71666670","longitude":"-60.45000000","name":"Copetonas"},{"id":"105685","latitude":"-28.30000000","longitude":"-67.21666670","name":"Cordobita"},{"id":"105761","latitude":"-28.51666670","longitude":"-65.36666670","name":"Corrales"},{"id":"105771","latitude":"-28.25000000","longitude":"-65.20000000","name":"Cortadera"},{"id":"105772","latitude":"-28.25000000","longitude":"-65.20000000","name":"Cortaderas"},{"id":"105786","latitude":"-28.30000000","longitude":"-67.66666670","name":"Costa de los Reyes"},{"id":"105850","latitude":"-27.03333330","longitude":"-66.65000000","name":"Cuevas"},{"id":"105852","latitude":"-26.95000000","longitude":"-66.95000000","name":"Culampaj\u00e1"},{"id":"105853","latitude":"-26.95000000","longitude":"-66.95000000","name":"Culampajao"},{"id":"105961","latitude":"-29.21666670","longitude":"-65.45000000","name":"Divisadero"},{"id":"105984","latitude":"-28.43333330","longitude":"-65.73333330","name":"Dolores"},{"id":"106001","latitude":"-29.35000000","longitude":"-65.61666670","name":"Don Diego"},{"id":"106058","latitude":"-29.11666670","longitude":"-65.35000000","name":"El Aibal"},{"id":"106067","latitude":"-28.30000000","longitude":"-65.36666670","name":"El Alto"},{"id":"106077","latitude":"-29.11666670","longitude":"-65.35000000","name":"El Aybal"},{"id":"106082","latitude":"-28.63333330","longitude":"-65.86666670","name":"El Ba\u00f1ado"},{"id":"106088","latitude":"-29.18333330","longitude":"-65.45000000","name":"El Barrialito"},{"id":"106089","latitude":"-28.78333330","longitude":"-65.30000000","name":"El Baviano"},{"id":"106090","latitude":"-27.91666670","longitude":"-65.88333330","name":"El Bols\u00f3n"},{"id":"106108","latitude":"-26.43333330","longitude":"-66.26666670","name":"El Caj\u00f3n"},{"id":"106130","latitude":"-29.35000000","longitude":"-65.48333330","name":"El Cercado"},{"id":"106132","latitude":"-29.40000000","longitude":"-65.40000000","name":"El Cerrito"},{"id":"106175","latitude":"-26.90000000","longitude":"-66.10000000","name":"El Desmonte"},{"id":"106180","latitude":"-29.21666670","longitude":"-65.45000000","name":"El Divisadero"},{"id":"106230","latitude":"-29.41666670","longitude":"-65.50000000","name":"El Jumeal"},{"id":"106232","latitude":"-29.41666670","longitude":"-65.50000000","name":"El Jumial"},{"id":"106247","latitude":"-29.31666670","longitude":"-65.73333330","name":"El M\u00e9dano"},{"id":"106248","latitude":"-29.35000000","longitude":"-65.35000000","name":"El Milagro"},{"id":"106266","latitude":"-27.78333330","longitude":"-66.20000000","name":"El Mollecito"},{"id":"106271","latitude":"-29.25000000","longitude":"-65.40000000","name":"El Moreno"},{"id":"106288","latitude":"-28.36666670","longitude":"-66.30000000","name":"El Pajonal"},{"id":"106328","latitude":"-28.46666670","longitude":"-65.63333330","name":"El Portezuelo"},{"id":"106355","latitude":"-27.95000000","longitude":"-67.63333330","name":"El Puesto"},{"id":"106384","latitude":"-28.21666670","longitude":"-65.86666670","name":"El Rodeo"},{"id":"106406","latitude":"-27.68333330","longitude":"-67.16666670","name":"El Shincal"},{"id":"106416","latitude":"-29.20000000","longitude":"-65.36666670","name":"El Suncho"},{"id":"106420","latitude":"-28.71666670","longitude":"-65.61666670","name":"El Taco"},{"id":"106559","latitude":"-29.38333330","longitude":"-65.28333330","name":"Esqui\u00fa"},{"id":"106725","latitude":"-28.76666670","longitude":"-65.46666670","name":"Falda"},{"id":"106729","latitude":"-26.76666670","longitude":"-66.08333330","name":"Famatanca"},{"id":"106758","latitude":"-27.68333330","longitude":"-67.63333330","name":"Fiambal\u00e1"},{"id":"106812","latitude":"-28.70000000","longitude":"-65.18333330","name":"Fort\u00edn La Albigasta"},{"id":"106876","latitude":"-26.61666670","longitude":"-66.05000000","name":"Fuerte Quemado"},{"id":"107120","latitude":"-28.10000000","longitude":"-66.21666670","name":"Golpes"},{"id":"107202","latitude":"-28.35000000","longitude":"-65.41666670","name":"Guayamba"},{"id":"107261","latitude":"-28.11666670","longitude":"-67.65000000","name":"Higuerita"},{"id":"107284","latitude":"-29.51666670","longitude":"-65.36666670","name":"Horqueta"},{"id":"107302","latitude":"-28.53333330","longitude":"-65.68333330","name":"Hualcama"},{"id":"107304","latitude":"-27.23333330","longitude":"-66.83333330","name":"Hualf\u00edn"},{"id":"107310","latitude":"-27.56666670","longitude":"-66.31666670","name":"Huas\u00e1n"},{"id":"107316","latitude":"-27.43333330","longitude":"-67.10000000","name":"Huasayacu"},{"id":"107321","latitude":"-28.53333330","longitude":"-65.68333330","name":"Huaycama"},{"id":"107331","latitude":"-28.25000000","longitude":"-65.30000000","name":"Huerta"},{"id":"107334","latitude":"-28.73333330","longitude":"-65.98333330","name":"Huillapima"},{"id":"107356","latitude":"-28.90000000","longitude":"-65.31666670","name":"Ica\u00f1o"},{"id":"107360","latitude":"-28.33333330","longitude":"-65.16666670","name":"Ichipuca"},{"id":"107374","latitude":"-28.41666670","longitude":"-65.41666670","name":"Iloga"},{"id":"107376","latitude":"-25.46666670","longitude":"-67.20000000","name":"Incahuasi"},{"id":"107383","latitude":"-28.58333330","longitude":"-65.43333330","name":"Infanson"},{"id":"107384","latitude":"-28.58333330","longitude":"-65.43333330","name":"Infanz\u00f3n"},{"id":"107460","latitude":"-28.85000000","longitude":"-65.56666670","name":"Ipisca"},{"id":"107461","latitude":"-28.85000000","longitude":"-65.56666670","name":"Ipizca"},{"id":"107590","latitude":"-26.78333330","longitude":"-66.06666670","name":"Jos\u00e9"},{"id":"107605","latitude":"-28.08333330","longitude":"-66.15000000","name":"Joyango"},{"id":"107665","latitude":"-29.41666670","longitude":"-65.50000000","name":"Jumial"},{"id":"107673","latitude":"-28.13333330","longitude":"-65.90000000","name":"Juntas"},{"id":"107714","latitude":"-27.51666670","longitude":"-66.30000000","name":"La Aguada"},{"id":"107733","latitude":"-28.36666670","longitude":"-65.61666670","name":"La Bajada"},{"id":"107759","latitude":"-29.20000000","longitude":"-65.16666670","name":"La Brea"},{"id":"107769","latitude":"-28.45000000","longitude":"-65.25000000","name":"La Calera"},{"id":"107790","latitude":"-28.36666670","longitude":"-65.71666670","name":"La Carrera"},{"id":"107800","latitude":"-28.46666670","longitude":"-65.73333330","name":"La Chacarita"},{"id":"107806","latitude":"-27.13333330","longitude":"-67.65000000","name":"La Ci\u00e9naga"},{"id":"107821","latitude":"-28.30000000","longitude":"-67.21666670","name":"La Cordobita"},{"id":"107843","latitude":"-29.25000000","longitude":"-65.46666670","name":"La Dorada"},{"id":"107871","latitude":"-27.51666670","longitude":"-67.51666670","name":"La Estancia"},{"id":"107876","latitude":"-28.76666670","longitude":"-65.46666670","name":"La Falda"},{"id":"107916","latitude":"-29.55000000","longitude":"-65.45000000","name":"La Guardia"},{"id":"107958","latitude":"-29.51666670","longitude":"-65.36666670","name":"La Horqueta"},{"id":"107959","latitude":"-26.55000000","longitude":"-66.36666670","name":"La Hoyada"},{"id":"108005","latitude":"-29.05000000","longitude":"-65.55000000","name":"La Majada"},{"id":"108026","latitude":"-28.16666670","longitude":"-65.68333330","name":"La Merced"},{"id":"108029","latitude":"-27.11666670","longitude":"-67.66666670","name":"La Mesada de los Z\u00e1rate"},{"id":"108064","latitude":"-28.93333330","longitude":"-65.30000000","name":"La Parada"},{"id":"108109","latitude":"-27.55000000","longitude":"-67.01666670","name":"La Puerta de San Jos\u00e9"},{"id":"108110","latitude":"-28.16666670","longitude":"-65.80000000","name":"La Puerta"},{"id":"108116","latitude":"-28.13333330","longitude":"-67.50000000","name":"La Puntilla"},{"id":"108118","latitude":"-28.41666670","longitude":"-65.18333330","name":"La Quebrada"},{"id":"108123","latitude":"-29.06666670","longitude":"-65.35000000","name":"La Quinta"},{"id":"108128","latitude":"-27.63333330","longitude":"-67.63333330","name":"La Ramadita"},{"id":"108134","latitude":"-27.70000000","longitude":"-67.08333330","name":"La Represa"},{"id":"108176","latitude":"-27.53333330","longitude":"-67.11666670","name":"Las Barrancas"},{"id":"108185","latitude":"-28.20000000","longitude":"-65.21666670","name":"Las Ca\u00f1as"},{"id":"108218","latitude":"-27.03333330","longitude":"-66.65000000","name":"Las Cuevas"},{"id":"108233","latitude":"-29.36666670","longitude":"-65.48333330","name":"Las Flores"},{"id":"108250","latitude":"-27.78333330","longitude":"-65.85000000","name":"Las Higueras"},{"id":"108253","latitude":"-27.78333330","longitude":"-65.85000000","name":"Las Higuerillas"},{"id":"108264","latitude":"-27.28333330","longitude":"-66.90000000","name":"Las Juntas"},{"id":"108291","latitude":"-26.68333330","longitude":"-66.05000000","name":"Las Mojarras"},{"id":"108308","latitude":"-28.75000000","longitude":"-66.18333330","name":"Las Palmas"},{"id":"108341","latitude":"-27.96666670","longitude":"-65.86666670","name":"Las Talas"},{"id":"108346","latitude":"-28.71666670","longitude":"-65.76666670","name":"Las Tejas de Abajo"},{"id":"108347","latitude":"-28.71666670","longitude":"-65.76666670","name":"Las Tejas"},{"id":"108367","latitude":"-28.15000000","longitude":"-65.36666670","name":"Las Tunas"},{"id":"108387","latitude":"-27.96666670","longitude":"-68.18333330","name":"La Tamber\u00eda"},{"id":"108408","latitude":"-28.30000000","longitude":"-66.65000000","name":"La Tusca"},{"id":"108409","latitude":"-28.78333330","longitude":"-65.11666670","name":"La Uni\u00f3n"},{"id":"108432","latitude":"-28.45000000","longitude":"-65.95000000","name":"La Villa"},{"id":"108433","latitude":"-28.03333330","longitude":"-65.56666670","name":"La Vi\u00f1a"},{"id":"108442","latitude":"-27.85000000","longitude":"-65.35000000","name":"La Zanja"},{"id":"108504","latitude":"-28.70000000","longitude":"-65.83333330","name":"Linda Vista"},{"id":"108525","latitude":"-27.23333330","longitude":"-67.01666670","name":"Loconte"},{"id":"108555","latitude":"-27.71666670","longitude":"-67.11666670","name":"Londres"},{"id":"108568","latitude":"-25.90000000","longitude":"-68.00000000","name":"Loro Huasi"},{"id":"108574","latitude":"-28.43333330","longitude":"-65.38333330","name":"Los Alamitos"},{"id":"108583","latitude":"-28.05000000","longitude":"-65.46666670","name":"Los Altos"},{"id":"108588","latitude":"-28.48333330","longitude":"-65.98333330","name":"Los \u00c1ngeles"},{"id":"108592","latitude":"-28.68333330","longitude":"-65.75000000","name":"Los Arbolitos"},{"id":"108602","latitude":"-28.71666670","longitude":"-65.53333330","name":"Los Bulacios"},{"id":"108609","latitude":"-27.96666670","longitude":"-65.80000000","name":"Los Castillos"},{"id":"108610","latitude":"-29.28333330","longitude":"-65.66666670","name":"Los Cerrillos Abajo"},{"id":"108632","latitude":"-28.51666670","longitude":"-65.36666670","name":"Los Corrales"},{"id":"108645","latitude":"-28.20000000","longitude":"-66.63333330","name":"Los Hornillos"},{"id":"108678","latitude":"-27.20000000","longitude":"-67.30000000","name":"Los Morteritos"},{"id":"108680","latitude":"-28.45000000","longitude":"-65.18333330","name":"Los Morteros"},{"id":"108682","latitude":"-29.11666670","longitude":"-65.50000000","name":"Los Moyes"},{"id":"108700","latitude":"-28.56666670","longitude":"-65.96666670","name":"Los Pinos"},{"id":"108735","latitude":"-29.40000000","longitude":"-65.23333330","name":"Los Suncho"},{"id":"108736","latitude":"-29.40000000","longitude":"-65.23333330","name":"Los Sunchos"},{"id":"108748","latitude":"-27.95000000","longitude":"-65.86666670","name":"Los Varela"},{"id":"108785","latitude":"-27.65000000","longitude":"-66.90000000","name":"Luna Aguada"},{"id":"108816","latitude":"-28.21666670","longitude":"-66.36666670","name":"Maderero San Antonio"},{"id":"108833","latitude":"-29.05000000","longitude":"-65.55000000","name":"Majada"},{"id":"108863","latitude":"-28.13333330","longitude":"-65.48333330","name":"Manantiales"},{"id":"108869","latitude":"-28.13333330","longitude":"-65.48333330","name":"Manantial"},{"id":"108924","latitude":"-28.46666670","longitude":"-65.75000000","name":"Marengo"},{"id":"108979","latitude":"-27.46666670","longitude":"-68.28333330","name":"Matambre"},{"id":"109024","latitude":"-27.53333330","longitude":"-67.60000000","name":"Medanito"},{"id":"109025","latitude":"-27.53333330","longitude":"-67.60000000","name":"Medanitos"},{"id":"109061","latitude":"-28.16666670","longitude":"-65.68333330","name":"Merced"},{"id":"109066","latitude":"-27.11666670","longitude":"-67.66666670","name":"Mesada"},{"id":"109110","latitude":"-28.60000000","longitude":"-65.91666670","name":"Miraflores"},{"id":"109121","latitude":"-28.26666670","longitude":"-66.15000000","name":"Mischango"},{"id":"109150","latitude":"-29.36666670","longitude":"-65.55000000","name":"Mogote"},{"id":"109151","latitude":"-29.36666670","longitude":"-65.55000000","name":"Mogotes"},{"id":"109163","latitude":"-27.71666670","longitude":"-65.86666670","name":"Molinitos"},{"id":"109166","latitude":"-27.53333330","longitude":"-66.33333330","name":"Molino Potrero"},{"id":"109172","latitude":"-27.78333330","longitude":"-66.20000000","name":"Mollecito"},{"id":"109218","latitude":"-28.21666670","longitude":"-65.66666670","name":"Monte Potrero"},{"id":"109221","latitude":"-28.03333330","longitude":"-65.50000000","name":"Monte Redondo"},{"id":"109272","latitude":"-28.31666670","longitude":"-66.16666670","name":"Mudquin"},{"id":"109290","latitude":"-27.55000000","longitude":"-66.43333330","name":"Muschaca"},{"id":"109293","latitude":"-28.31666670","longitude":"-66.16666670","name":"Mutqu\u00edn"},{"id":"109297","latitude":"-27.11666670","longitude":"-66.65000000","name":"Nacimiento"},{"id":"109299","latitude":"-27.18333330","longitude":"-66.73333330","name":"Nacimientos Abajo"},{"id":"109300","latitude":"-27.11666670","longitude":"-66.65000000","name":"Nacimientos Arriba"},{"id":"109301","latitude":"-27.18333330","longitude":"-66.73333330","name":"Nacimientos de Abajo"},{"id":"109302","latitude":"-27.11666670","longitude":"-66.65000000","name":"Nacimientos de Arriba"},{"id":"109310","latitude":"-28.13333330","longitude":"-65.23333330","name":"Naipa"},{"id":"109311","latitude":"-28.13333330","longitude":"-65.23333330","name":"Naipe"},{"id":"109325","latitude":"-27.65000000","longitude":"-65.95000000","name":"Narv\u00e1ez"},{"id":"109450","latitude":"-28.46666670","longitude":"-65.45000000","name":"Ojo de Agua"},{"id":"109513","latitude":"-26.25000000","longitude":"-66.20000000","name":"Ovejer\u00eda"},{"id":"109515","latitude":"-28.46666670","longitude":"-65.40000000","name":"Oyolas"},{"id":"109575","latitude":"-27.31666670","longitude":"-67.75000000","name":"Palo Blanco"},{"id":"109576","latitude":"-29.31666670","longitude":"-65.25000000","name":"Palo Cruz"},{"id":"109577","latitude":"-28.35000000","longitude":"-65.61666670","name":"Palo Labrado"},{"id":"109587","latitude":"-28.35000000","longitude":"-65.61666670","name":"Palo"},{"id":"109618","latitude":"-29.05000000","longitude":"-65.15000000","name":"Pampa Pozo"},{"id":"109785","latitude":"-28.40000000","longitude":"-66.21666670","name":"Peman"},{"id":"109846","latitude":"-28.38333330","longitude":"-65.70000000","name":"Piedra Blanca"},{"id":"109854","latitude":"-27.60000000","longitude":"-67.20000000","name":"Piedra Larga"},{"id":"109876","latitude":"-27.75000000","longitude":"-66.30000000","name":"Pilciao"},{"id":"109951","latitude":"-28.31666670","longitude":"-65.71666670","name":"Pomancillo"},{"id":"109952","latitude":"-28.40000000","longitude":"-66.21666670","name":"Pom\u00e1n"},{"id":"109964","latitude":"-28.46666670","longitude":"-65.63333330","name":"Portezuelo"},{"id":"109966","latitude":"-29.31666670","longitude":"-65.38333330","name":"Portillo Chico"},{"id":"109967","latitude":"-29.30000000","longitude":"-65.40000000","name":"Portillo Grande"},{"id":"109991","latitude":"-27.53333330","longitude":"-66.33333330","name":"Potrero"},{"id":"110002","latitude":"-28.01666670","longitude":"-65.23333330","name":"Pozo de Abajo"},{"id":"110033","latitude":"-27.58333330","longitude":"-67.13333330","name":"Pozo de Piedra"},{"id":"110044","latitude":"-28.98333330","longitude":"-65.88333330","name":"Pozo Lindo"},{"id":"110085","latitude":"-27.71666670","longitude":"-66.01666670","name":"Pucar\u00e1"},{"id":"110139","latitude":"-27.23333330","longitude":"-66.93333330","name":"Puerta de Corral Quemado"},{"id":"110146","latitude":"-28.01666670","longitude":"-65.46666670","name":"Puerta Grande"},{"id":"110148","latitude":"-27.23333330","longitude":"-66.93333330","name":"Puerta"},{"id":"110291","latitude":"-29.05000000","longitude":"-65.30000000","name":"Puestito"},{"id":"110305","latitude":"-29.51666670","longitude":"-65.56666670","name":"Puesto Nuevo"},{"id":"110328","latitude":"-26.96666670","longitude":"-66.13333330","name":"Punta de Balasto"},{"id":"110329","latitude":"-26.96666670","longitude":"-66.13333330","name":"Punta de Balastro"},{"id":"110370","latitude":"-28.41666670","longitude":"-65.18333330","name":"Quebrada"},{"id":"110398","latitude":"-28.78333330","longitude":"-65.11666670","name":"Quir\u00f3s"},{"id":"110418","latitude":"-29.16666670","longitude":"-65.41666670","name":"Ramblones"},{"id":"110485","latitude":"-29.26666670","longitude":"-65.06666670","name":"Recreo"},{"id":"110540","latitude":"-28.25000000","longitude":"-66.13333330","name":"Rinc\u00f3n"},{"id":"110550","latitude":"-28.93333330","longitude":"-65.35000000","name":"R\u00edo Chico"},{"id":"110555","latitude":"-28.25000000","longitude":"-67.66666670","name":"R\u00edo Colorado"},{"id":"110560","latitude":"-28.45000000","longitude":"-65.41666670","name":"R\u00edo de \u00c1vila"},{"id":"110561","latitude":"-29.30000000","longitude":"-65.48333330","name":"R\u00edo de la Dorada"},{"id":"110624","latitude":"-27.45000000","longitude":"-66.46666670","name":"Rodeo Grande"},{"id":"110628","latitude":"-28.21666670","longitude":"-65.86666670","name":"Rodeo"},{"id":"110652","latitude":"-28.36666670","longitude":"-66.16666670","name":"Rosario de Colana"},{"id":"110659","latitude":"-28.36666670","longitude":"-66.16666670","name":"Rosario"},{"id":"110729","latitude":"-28.30000000","longitude":"-67.25000000","name":"Salado"},{"id":"110738","latitude":"-28.36666670","longitude":"-65.61666670","name":"Salcedo"},{"id":"110747","latitude":"-28.36666670","longitude":"-65.61666670","name":"Salsedo"},{"id":"110787","latitude":"-28.93333330","longitude":"-65.10000000","name":"San Antonio de la Paz"},{"id":"110796","latitude":"-27.86666670","longitude":"-67.26666670","name":"San Antonio"},{"id":"110870","latitude":"-28.46666670","longitude":"-65.78333330","name":"San Fernando del Valle de Catamarca"},{"id":"110872","latitude":"-27.33333330","longitude":"-66.90000000","name":"San Fernando"},{"id":"110882","latitude":"-28.95000000","longitude":"-65.41666670","name":"San Francisco"},{"id":"110914","latitude":"-29.03333330","longitude":"-66.01666670","name":"San Ignacio"},{"id":"110922","latitude":"-28.45000000","longitude":"-65.73333330","name":"San Isidro"},{"id":"110955","latitude":"-28.05000000","longitude":"-66.15000000","name":"San Jos\u00e9 de Flores"},{"id":"110956","latitude":"-28.38333330","longitude":"-65.70000000","name":"San Jos\u00e9 de Fray Mamerto Esqui\u00fa"},{"id":"110969","latitude":"-26.78333330","longitude":"-66.06666670","name":"San Jos\u00e9"},{"id":"111020","latitude":"-29.23333330","longitude":"-65.76666670","name":"San Mart\u00edn"},{"id":"111039","latitude":"-28.01666670","longitude":"-67.58333330","name":"San Miguel"},{"id":"111051","latitude":"-29.28333330","longitude":"-65.26666670","name":"San Nicol\u00e1s"},{"id":"111057","latitude":"-28.70000000","longitude":"-66.03333330","name":"San Pablo"},{"id":"111069","latitude":"-28.73333330","longitude":"-66.11666670","name":"San Pedro"},{"id":"111134","latitude":"-28.28333330","longitude":"-67.20000000","name":"Santa Cruz"},{"id":"111160","latitude":"-29.10000000","longitude":"-65.21666670","name":"Santa Luc\u00eda"},{"id":"111174","latitude":"-26.68333330","longitude":"-66.03333330","name":"Santa Mar\u00eda"},{"id":"111197","latitude":"-28.03333330","longitude":"-67.61666670","name":"Santa Rosa"},{"id":"111233","latitude":"-28.51666670","longitude":"-65.96666670","name":"Santo Domingo"},{"id":"111254","latitude":"-28.61666670","longitude":"-65.51666670","name":"San Vicente"},{"id":"111289","latitude":"-29.00000000","longitude":"-65.56666670","name":"Sauce"},{"id":"111296","latitude":"-27.56666670","longitude":"-67.61666670","name":"Saujil"},{"id":"111306","latitude":"-28.71666670","longitude":"-66.36666670","name":"S\u00e9bila"},{"id":"111365","latitude":"-28.26666670","longitude":"-66.23333330","name":"Sij\u00e1n"},{"id":"111376","latitude":"-28.38333330","longitude":"-65.16666670","name":"Simogasta"},{"id":"111381","latitude":"-27.81666670","longitude":"-65.86666670","name":"Sinquil"},{"id":"111384","latitude":"-28.71666670","longitude":"-65.83333330","name":"Sisiguasi"},{"id":"111385","latitude":"-28.71666670","longitude":"-65.83333330","name":"Sisi Huasi"},{"id":"111434","latitude":"-28.46666670","longitude":"-65.73333330","name":"Sumalao"},{"id":"111436","latitude":"-28.05000000","longitude":"-65.51666670","name":"Sumampa"},{"id":"111438","latitude":"-28.05000000","longitude":"-65.51666670","name":"Sunampa"},{"id":"111447","latitude":"-29.40000000","longitude":"-65.23333330","name":"Suncho"},{"id":"111449","latitude":"-29.40000000","longitude":"-65.23333330","name":"Sunchu"},{"id":"111460","latitude":"-28.58333330","longitude":"-65.48333330","name":"Suruipiana"},{"id":"111482","latitude":"-28.65000000","longitude":"-65.60000000","name":"Tacana"},{"id":"111492","latitude":"-28.71666670","longitude":"-65.61666670","name":"Taco"},{"id":"111515","latitude":"-27.56666670","longitude":"-66.85000000","name":"Talamayo"},{"id":"111522","latitude":"-27.96666670","longitude":"-65.86666670","name":"Tala"},{"id":"111540","latitude":"-27.33333330","longitude":"-68.36666670","name":"Tamber\u00eda"},{"id":"111544","latitude":"-28.06666670","longitude":"-68.16666670","name":"Tambillo"},{"id":"111547","latitude":"-27.96666670","longitude":"-68.18333330","name":"Tambo"},{"id":"111563","latitude":"-28.40000000","longitude":"-65.11666670","name":"Tapso"},{"id":"111576","latitude":"-27.33333330","longitude":"-67.56666670","name":"Tat\u00f3n"},{"id":"111581","latitude":"-28.71666670","longitude":"-65.76666670","name":"Tejas"},{"id":"111585","latitude":"-29.46666670","longitude":"-65.65000000","name":"Telaritos"},{"id":"111633","latitude":"-28.06666670","longitude":"-67.56666670","name":"Tinogasta"},{"id":"111634","latitude":"-28.36666670","longitude":"-65.48333330","name":"Tintigasta"},{"id":"111642","latitude":"-29.06666670","longitude":"-65.70000000","name":"Tip\u00e1n"},{"id":"111687","latitude":"-26.51666670","longitude":"-66.28333330","name":"Toroyaco"},{"id":"111688","latitude":"-26.51666670","longitude":"-66.28333330","name":"Toro Yaco"},{"id":"111689","latitude":"-26.51666670","longitude":"-66.28333330","name":"Toroyac\u00fa"},{"id":"111770","latitude":"-28.45000000","longitude":"-65.73333330","name":"Tres Puentes"},{"id":"111789","latitude":"-28.06666670","longitude":"-66.61666670","name":"Tucumanao"},{"id":"111790","latitude":"-28.06666670","longitude":"-66.61666670","name":"Tucumana"},{"id":"111887","latitude":"-27.95000000","longitude":"-65.86666670","name":"Varela"},{"id":"111952","latitude":"-28.48333330","longitude":"-65.45000000","name":"Vilism\u00e1n"},{"id":"112027","latitude":"-28.48333330","longitude":"-65.78333330","name":"Villa Cubas"},{"id":"112056","latitude":"-28.43333330","longitude":"-65.73333330","name":"Villa Dolores"},{"id":"112066","latitude":"-28.30000000","longitude":"-65.36666670","name":"Villa El Alto"},{"id":"112300","latitude":"-27.10000000","longitude":"-66.81666670","name":"Villa V\u00edl"},{"id":"112385","latitude":"-28.98333330","longitude":"-65.48333330","name":"Yerba Buena"},{"id":"112392","latitude":"-28.41666670","longitude":"-65.63333330","name":"Yoc\u00e1n"}]