[{"id":"828256","latitude":"59.13333300","longitude":"-3.31666700","name":"Birsay"},{"id":"829239","latitude":"58.73333300","longitude":"-2.98333300","name":"Burwick"},{"id":"832309","latitude":"59.01666700","longitude":"-3.13333300","name":"Finstown"},{"id":"832727","latitude":"59.10000000","longitude":"-3.08333300","name":"Georth"},{"id":"834329","latitude":"58.78333300","longitude":"-3.25000000","name":"Hurliness"},{"id":"834744","latitude":"59.23333300","longitude":"-2.60000000","name":"Kettletoft"},{"id":"834745","latitude":"59.23333300","longitude":"-2.60000000","name":"Kettletott"},{"id":"835180","latitude":"58.96666700","longitude":"-2.95000000","name":"Kirkwall"},{"id":"836622","latitude":"58.83333300","longitude":"-3.20000000","name":"Lyness"},{"id":"836979","latitude":"58.78333300","longitude":"-3.26666700","name":"Melsetter"},{"id":"837543","latitude":"58.96666700","longitude":"-3.28333300","name":"Navershaw"},{"id":"837576","latitude":"58.91666700","longitude":"-2.93333300","name":"Nether Button"},{"id":"837618","latitude":"58.80000000","longitude":"-2.98333300","name":"Newbigging"},{"id":"837622","latitude":"58.80000000","longitude":"-2.98333300","name":"Newbiggin"},{"id":"838180","latitude":"58.93333300","longitude":"-3.13333300","name":"Orphir"},{"id":"838570","latitude":"59.33333300","longitude":"-2.98333300","name":"Pierowall"},{"id":"839021","latitude":"58.90000000","longitude":"-3.30000000","name":"Quoyness"},{"id":"839025","latitude":"58.86666700","longitude":"-3.38333300","name":"Rackwick"},{"id":"839154","latitude":"59.10000000","longitude":"-3.06666700","name":"Redland"},{"id":"839690","latitude":"58.81666700","longitude":"-2.95000000","name":"Saint Margarets Hope"},{"id":"839704","latitude":"58.90000000","longitude":"-2.91666700","name":"Saint Marys"},{"id":"839902","latitude":"58.96666700","longitude":"-2.98333300","name":"Scapa"},{"id":"841101","latitude":"58.95000000","longitude":"-3.30000000","name":"Stromness"},{"id":"842908","latitude":"59.15000000","longitude":"-2.61666700","name":"Whitehall"}]