[{"id":"828268","latitude":"55.90000000","longitude":"-4.23333300","name":"Bishopbriggs"},{"id":"829953","latitude":"55.90000000","longitude":"-4.10000000","name":"Chryston"},{"id":"834041","latitude":"55.88333300","longitude":"-4.16666700","name":"Hogganfield"},{"id":"834043","latitude":"55.88333300","longitude":"-4.16666700","name":"Hoggonfield"},{"id":"835123","latitude":"55.91666700","longitude":"-4.16666700","name":"Kirkintilloch"},{"id":"835124","latitude":"55.91666700","longitude":"-4.16666700","name":"Kirkintillock"},{"id":"835550","latitude":"55.96666700","longitude":"-4.20000000","name":"Lennoxtown"},{"id":"837191","latitude":"55.96666700","longitude":"-4.15000000","name":"Milton"},{"id":"838937","latitude":"55.88333300","longitude":"-4.20000000","name":"Provanmill"},{"id":"840668","latitude":"55.88333300","longitude":"-4.21666700","name":"Springburn"},{"id":"840852","latitude":"55.88333300","longitude":"-4.15000000","name":"Stepps"},{"id":"840853","latitude":"55.88333300","longitude":"-4.15000000","name":"Steps"}]