[{"id":"828313","latitude":"50.90000000","longitude":"-1.35000000","name":"Bitterne"},{"id":"831880","latitude":"50.90000000","longitude":"-1.48333300","name":"Eling"},{"id":"834567","latitude":"50.90000000","longitude":"-1.38333300","name":"Itchen"},{"id":"837847","latitude":"50.90000000","longitude":"-1.38333300","name":"Northam"},{"id":"839143","latitude":"50.91666700","longitude":"-1.46666700","name":"Redbridge"},{"id":"840219","latitude":"50.88333300","longitude":"-1.33333300","name":"Sholing"},{"id":"840486","latitude":"50.90000000","longitude":"-1.40000000","name":"Southampton"},{"id":"841816","latitude":"50.91666700","longitude":"-1.48333300","name":"Totton"},{"id":"842641","latitude":"50.91666700","longitude":"-1.33333300","name":"West End"},{"id":"843336","latitude":"50.88333300","longitude":"-1.36666700","name":"Woolston"}]