[{"id":"828388","latitude":"54.96666700","longitude":"-1.70000000","name":"Blaydon"},{"id":"831140","latitude":"54.96666700","longitude":"-1.68333300","name":"Derwent Haugh"},{"id":"831942","latitude":"54.96666700","longitude":"-1.65000000","name":"Elswick"},{"id":"832948","latitude":"55.00000000","longitude":"-1.61666700","name":"Gosforth"},{"id":"833924","latitude":"55.00000000","longitude":"-1.60000000","name":"High Heaton"},{"id":"834600","latitude":"54.98333300","longitude":"-1.60000000","name":"Jesmond"},{"id":"834716","latitude":"55.00000000","longitude":"-1.65000000","name":"Kenton"},{"id":"835545","latitude":"54.98333300","longitude":"-1.70000000","name":"Lemington"},{"id":"835546","latitude":"54.98333300","longitude":"-1.70000000","name":"Lemington-on-Tyne"},{"id":"837615","latitude":"54.96666700","longitude":"-1.65000000","name":"New Benwell"},{"id":"837659","latitude":"54.98805600","longitude":"-1.61944400","name":"Newcastle"},{"id":"837662","latitude":"54.98805600","longitude":"-1.61944400","name":"Newcastle-on-Tyne"},{"id":"837665","latitude":"54.98805600","longitude":"-1.61944400","name":"Newcastle upon Tyne"},{"id":"839945","latitude":"54.96666700","longitude":"-1.68333300","name":"Scotswood"},{"id":"841824","latitude":"54.98333300","longitude":"-1.61666700","name":"Town Moor"}]