[{"id":"828484","latitude":"53.58333300","longitude":"-2.43333300","name":"Bolton"},{"id":"828679","latitude":"53.60000000","longitude":"-2.40000000","name":"Bradshaw"},{"id":"828959","latitude":"53.60000000","longitude":"-2.40000000","name":"Bromley Cross"},{"id":"829810","latitude":"53.55000000","longitude":"-2.48333300","name":"Chequerbent"},{"id":"831020","latitude":"53.56666700","longitude":"-2.40000000","name":"Darcy Lever"},{"id":"831811","latitude":"53.63333300","longitude":"-2.38333300","name":"Edgworth"},{"id":"832162","latitude":"53.55000000","longitude":"-2.40000000","name":"Farnworth"},{"id":"833594","latitude":"53.58333300","longitude":"-2.38333300","name":"Harwood"},{"id":"834626","latitude":"53.53333300","longitude":"-2.38333300","name":"Kearsley"},{"id":"835777","latitude":"53.53333300","longitude":"-2.41666700","name":"Little Hulton"},{"id":"835781","latitude":"53.55000000","longitude":"-2.36666700","name":"Little Lever"},{"id":"841993","latitude":"53.63333300","longitude":"-2.40000000","name":"Turton"},{"id":"842693","latitude":"53.55000000","longitude":"-2.51666700","name":"Westhoughton"}]