[{"id":"103755","latitude":"-40.33333330","longitude":"-70.33333330","name":"Achic\u00f3"},{"id":"103792","latitude":"-37.78333330","longitude":"-69.93333330","name":"Aguada de Castro"},{"id":"103798","latitude":"-38.20000000","longitude":"-69.43333330","name":"Agua de Canale"},{"id":"103799","latitude":"-37.78333330","longitude":"-69.93333330","name":"Agua de Castro"},{"id":"103803","latitude":"-39.30000000","longitude":"-70.11666670","name":"Agua del Overo"},{"id":"103836","latitude":"-40.11666670","longitude":"-70.73333330","name":"Ahrenfeld"},{"id":"103943","latitude":"-39.58333330","longitude":"-70.13333330","name":"Almac\u00e9n La Picaza"},{"id":"104012","latitude":"-39.21666670","longitude":"-70.95000000","name":"Alumin\u00e9"},{"id":"104065","latitude":"-37.18333330","longitude":"-70.68333330","name":"Andacollo"},{"id":"104075","latitude":"-38.35000000","longitude":"-68.78333330","name":"A\u00f1elo"},{"id":"104186","latitude":"-39.08333330","longitude":"-68.58333330","name":"Arroyito"},{"id":"104189","latitude":"-39.08333330","longitude":"-68.58333330","name":"Arroyito Challac\u00f3"},{"id":"104192","latitude":"-37.26666670","longitude":"-70.28333330","name":"Arroyo Blanco"},{"id":"104232","latitude":"-38.86666670","longitude":"-69.08333330","name":"Astra"},{"id":"104249","latitude":"-37.88333330","longitude":"-68.51666670","name":"Auca Mahuida"},{"id":"104282","latitude":"-39.85000000","longitude":"-69.73333330","name":"Bahada Colorada"},{"id":"104294","latitude":"-39.85000000","longitude":"-69.73333330","name":"Bajada Colorada"},{"id":"104295","latitude":"-38.38333330","longitude":"-70.03333330","name":"Bajada del Agrio"},{"id":"104389","latitude":"-37.80000000","longitude":"-71.11666670","name":"Ba\u00f1os de Copahue"},{"id":"104410","latitude":"-36.81666670","longitude":"-69.91666670","name":"Barrancas"},{"id":"104476","latitude":"-40.11666670","longitude":"-71.21666670","name":"Bazan"},{"id":"104497","latitude":"-37.03333330","longitude":"-70.81666670","name":"Bella Vista"},{"id":"104555","latitude":"-37.45000000","longitude":"-70.76666670","name":"Bilo Mallin"},{"id":"104596","latitude":"-37.00000000","longitude":"-70.73333330","name":"Bote"},{"id":"104625","latitude":"-38.61666670","longitude":"-69.18333330","name":"Buena Esperanza"},{"id":"104653","latitude":"-37.56666670","longitude":"-70.73333330","name":"Buta Mall\u00edn"},{"id":"104655","latitude":"-37.05000000","longitude":"-69.83333330","name":"Buta Ranquil"},{"id":"104711","latitude":"-38.16666670","longitude":"-70.50000000","name":"Caj\u00f3n de Almanza"},{"id":"104712","latitude":"-38.30000000","longitude":"-70.51666670","name":"Caj\u00f3n del Manzano"},{"id":"104734","latitude":"-40.50000000","longitude":"-71.16666670","name":"Caleuf\u00fa"},{"id":"104756","latitude":"-38.20000000","longitude":"-70.60000000","name":"Campana Mahuida"},{"id":"104777","latitude":"-39.93333330","longitude":"-71.36666670","name":"Campo Grande"},{"id":"104835","latitude":"-37.01666670","longitude":"-70.38333330","name":"Cancha Huinganco"},{"id":"104906","latitude":"-40.75000000","longitude":"-71.68333330","name":"Caprara"},{"id":"105029","latitude":"-39.75000000","longitude":"-70.61666670","name":"Cat\u00e1n Lil"},{"id":"105041","latitude":"-37.15000000","longitude":"-70.78333330","name":"Cayanta"},{"id":"105066","latitude":"-38.80000000","longitude":"-68.13333330","name":"Centenario"},{"id":"105097","latitude":"-40.23333330","longitude":"-71.38333330","name":"Cerro Negro"},{"id":"105108","latitude":"-39.30000000","longitude":"-70.30000000","name":"Chacaic\u00f3"},{"id":"105112","latitude":"-37.23333330","longitude":"-70.36666670","name":"Chacay Melehue"},{"id":"105130","latitude":"-38.96666670","longitude":"-68.96666670","name":"Challac\u00f3"},{"id":"105161","latitude":"-40.11666670","longitude":"-71.21666670","name":"Chapelco"},{"id":"105227","latitude":"-37.36666670","longitude":"-70.86666670","name":"Chochoy Mall\u00edn"},{"id":"105243","latitude":"-37.38333330","longitude":"-70.26666670","name":"Chos Malal"},{"id":"105266","latitude":"-37.90000000","longitude":"-70.13333330","name":"Churriaca"},{"id":"105342","latitude":"-38.46666670","longitude":"-70.48333330","name":"Codihu\u00e9"},{"id":"105346","latitude":"-38.06666670","longitude":"-70.16666670","name":"Coihueco"},{"id":"105347","latitude":"-39.98333330","longitude":"-71.18333330","name":"Coillun-Co"},{"id":"105364","latitude":"-37.76666670","longitude":"-70.40000000","name":"Colipilli"},{"id":"105365","latitude":"-37.76666670","longitude":"-70.40000000","name":"Colipulli"},{"id":"105369","latitude":"-40.11666670","longitude":"-70.73333330","name":"Coll\u00f3n Cur\u00e1"},{"id":"105370","latitude":"-39.98333330","longitude":"-71.18333330","name":"Coll\u00fan-C\u00f3"},{"id":"105423","latitude":"-38.80000000","longitude":"-68.13333330","name":"Colonia Centenario"},{"id":"105607","latitude":"-38.75000000","longitude":"-68.18333330","name":"Colonia Vista Alegre"},{"id":"105768","latitude":"-40.75000000","longitude":"-71.68333330","name":"Correntoso"},{"id":"105774","latitude":"-37.66666670","longitude":"-69.58333330","name":"Cortaderas"},{"id":"105794","latitude":"-38.73333330","longitude":"-70.01666670","name":"Covunco Centro"},{"id":"105795","latitude":"-38.53333330","longitude":"-70.25000000","name":"Covunco"},{"id":"105872","latitude":"-38.93333330","longitude":"-69.23333330","name":"Cutrai-C\u00f3"},{"id":"105873","latitude":"-38.93333330","longitude":"-69.23333330","name":"Cutral-C\u00f3"},{"id":"105874","latitude":"-40.76666670","longitude":"-71.18333330","name":"Cuy\u00edn Manzano"},{"id":"106151","latitude":"-37.18333330","longitude":"-70.66666670","name":"El Chinque"},{"id":"106153","latitude":"-37.41666670","longitude":"-70.65000000","name":"El Cholar"},{"id":"106154","latitude":"-37.41666670","longitude":"-70.65000000","name":"El Chollar"},{"id":"106221","latitude":"-37.61666670","longitude":"-70.60000000","name":"El Huec\u00fa"},{"id":"106239","latitude":"-39.40000000","longitude":"-68.95000000","name":"El Mangrullo"},{"id":"106245","latitude":"-39.45000000","longitude":"-70.18333330","name":"El Marucho"},{"id":"106292","latitude":"-36.70000000","longitude":"-70.76666670","name":"El Palomar"},{"id":"106542","latitude":"-39.28333330","longitude":"-70.61666670","name":"Espinazo del Zorro"},{"id":"106584","latitude":"-40.33333330","longitude":"-70.33333330","name":"Estancia Achic\u00f3"},{"id":"106595","latitude":"-39.98333330","longitude":"-71.18333330","name":"Estancia Collun-C\u00f3"},{"id":"106624","latitude":"-39.53333330","longitude":"-70.33333330","name":"Estancia La Negra"},{"id":"106631","latitude":"-39.73333330","longitude":"-71.33333330","name":"Estancia Los Helechos"},{"id":"106645","latitude":"-40.23333330","longitude":"-70.81666670","name":"Estancia Quemquemtreu"},{"id":"106646","latitude":"-39.35000000","longitude":"-70.91666670","name":"Estancia Rahue"},{"id":"106657","latitude":"-39.86666670","longitude":"-70.08333330","name":"Estancia Santo Tom\u00e1s"},{"id":"106661","latitude":"-39.90000000","longitude":"-70.85000000","name":"Estancia S. Ingnacio"},{"id":"106672","latitude":"-40.25000000","longitude":"-70.16666670","name":"Estancia Yunc\u00e1n"},{"id":"106673","latitude":"-40.25000000","longitude":"-70.16666670","name":"Estancia Yunc\u00f3n"},{"id":"106704","latitude":"-38.93333330","longitude":"-69.23333330","name":"Eva Per\u00f3n"},{"id":"106762","latitude":"-40.48333330","longitude":"-71.35000000","name":"Filo-hua-hum"},{"id":"106799","latitude":"-39.41666670","longitude":"-70.63333330","name":"Fort\u00edn 1 De Mayo"},{"id":"106822","latitude":"-39.41666670","longitude":"-70.63333330","name":"Fort\u00edn Primero de Mayo"},{"id":"107177","latitude":"-37.28333330","longitude":"-70.75000000","name":"Guanaco"},{"id":"107180","latitude":"-37.28333330","longitude":"-70.75000000","name":"Gua\u00f1acos"},{"id":"107224","latitude":"-29.73333330","longitude":"-63.51666670","name":"Gutemberg"},{"id":"107225","latitude":"-29.73333330","longitude":"-63.51666670","name":"Gutenberg"},{"id":"107287","latitude":"-40.75000000","longitude":"-71.68333330","name":"Hotel Correntoso"},{"id":"107299","latitude":"-40.11666670","longitude":"-71.66666670","name":"Hua Hum"},{"id":"107303","latitude":"-37.96666670","longitude":"-70.60000000","name":"Hualcup\u00e9n"},{"id":"107336","latitude":"-37.11666670","longitude":"-70.65000000","name":"Huinganco"},{"id":"107345","latitude":"-37.93333330","longitude":"-70.33333330","name":"Huncal"},{"id":"107459","latitude":"-36.83333330","longitude":"-70.68333330","name":"Invernada Vieja"},{"id":"107669","latitude":"-39.93333330","longitude":"-71.08333330","name":"Jun\u00edn de los Andes"},{"id":"107764","latitude":"-38.55000000","longitude":"-70.33333330","name":"La Buitrera"},{"id":"107891","latitude":"-37.81666670","longitude":"-70.95000000","name":"Lafontaine"},{"id":"107992","latitude":"-40.81666670","longitude":"-71.13333330","name":"La Lipela"},{"id":"108040","latitude":"-39.53333330","longitude":"-70.33333330","name":"La Negra"},{"id":"108086","latitude":"-39.58333330","longitude":"-70.13333330","name":"La Picaza"},{"id":"108162","latitude":"-37.31666670","longitude":"-70.25000000","name":"La Salada"},{"id":"108212","latitude":"-39.55000000","longitude":"-70.58333330","name":"Las Coloradas"},{"id":"108271","latitude":"-38.51666670","longitude":"-70.36666670","name":"Las Lajas"},{"id":"108282","latitude":"-37.23333330","longitude":"-70.35000000","name":"Las M\u00e1quinas"},{"id":"108305","latitude":"-37.01666670","longitude":"-70.75000000","name":"Las Ovejas"},{"id":"108493","latitude":"-37.20000000","longitude":"-70.96666670","name":"Lileo"},{"id":"108529","latitude":"-40.08333330","longitude":"-71.33333330","name":"Lolog"},{"id":"108536","latitude":"-39.20000000","longitude":"-68.75000000","name":"Loma Far\u00edas"},{"id":"108552","latitude":"-38.06666670","longitude":"-70.61666670","name":"Loncopu\u00e9"},{"id":"108630","latitude":"-37.80000000","longitude":"-71.11666670","name":"Los Copahues"},{"id":"108644","latitude":"-39.73333330","longitude":"-71.33333330","name":"Los Helechos"},{"id":"108664","latitude":"-37.23333330","longitude":"-70.86666670","name":"Los Miches"},{"id":"108675","latitude":"-39.20000000","longitude":"-70.26666670","name":"Los Molles"},{"id":"108846","latitude":"-39.80000000","longitude":"-70.96666670","name":"Malleo"},{"id":"108848","latitude":"-38.03333330","longitude":"-70.76666670","name":"Mall\u00edn de Toro"},{"id":"108898","latitude":"-37.23333330","longitude":"-70.35000000","name":"Maquinas"},{"id":"108944","latitude":"-38.73333330","longitude":"-70.01666670","name":"Mariano Moreno"},{"id":"108969","latitude":"-39.45000000","longitude":"-70.18333330","name":"Marucho"},{"id":"109091","latitude":"-37.26666670","longitude":"-70.63333330","name":"Milla Michico"},{"id":"109099","latitude":"-37.88333330","longitude":"-68.51666670","name":"Mina La Escondida"},{"id":"109142","latitude":"-38.73333330","longitude":"-70.01666670","name":"M. Moreno"},{"id":"109279","latitude":"-38.06666670","longitude":"-70.45000000","name":"Mulichinc\u00f3"},{"id":"109304","latitude":"-41.05000000","longitude":"-71.15000000","name":"Nahuel Huap\u00ed"},{"id":"109308","latitude":"-37.06666670","longitude":"-70.78333330","name":"Nahueve"},{"id":"109312","latitude":"-41.05000000","longitude":"-71.15000000","name":"Nalmel Huapi"},{"id":"109328","latitude":"-37.61666670","longitude":"-70.18333330","name":"Naunauco"},{"id":"109349","latitude":"-38.95000000","longitude":"-68.06666670","name":"Nequen"},{"id":"109350","latitude":"-38.95000000","longitude":"-68.06666670","name":"Neuqu\u00e9n"},{"id":"109388","latitude":"-37.70000000","longitude":"-70.63333330","name":"\u00d1orqu\u00edn"},{"id":"109700","latitude":"-38.53333330","longitude":"-69.41666670","name":"Paso de los Indios"},{"id":"109729","latitude":"-40.25000000","longitude":"-70.16666670","name":"Paso Yuc\u00f3n"},{"id":"109730","latitude":"-40.25000000","longitude":"-70.16666670","name":"Paso Yunc\u00f3n"},{"id":"109830","latitude":"-37.73333330","longitude":"-70.23333330","name":"Pichaihu\u00e9"},{"id":"109843","latitude":"-39.51666670","longitude":"-69.25000000","name":"Pic\u00fan Leuf\u00fa"},{"id":"109850","latitude":"-40.05000000","longitude":"-70.08333330","name":"Piedra de Aguila"},{"id":"109851","latitude":"-40.05000000","longitude":"-70.08333330","name":"Piedra del \u00c1guila"},{"id":"109879","latitude":"-39.65000000","longitude":"-70.95000000","name":"Pilolil"},{"id":"109890","latitude":"-38.66666670","longitude":"-70.90000000","name":"Pino Hachado"},{"id":"109925","latitude":"-38.91666670","longitude":"-69.15000000","name":"Plaza Huincul"},{"id":"109932","latitude":"-38.96666670","longitude":"-68.23333330","name":"Plottier"},{"id":"110141","latitude":"-38.96666670","longitude":"-70.81666670","name":"Puerta del Diablo"},{"id":"110204","latitude":"-40.11666670","longitude":"-71.66666670","name":"Puerto Hua Hum"},{"id":"110205","latitude":"-41.03333330","longitude":"-71.41666670","name":"Puerto Huemul"},{"id":"110229","latitude":"-40.80000000","longitude":"-71.61666670","name":"Puerto Manzano"},{"id":"110372","latitude":"-40.23333330","longitude":"-70.81666670","name":"Quemquemtreu"},{"id":"110383","latitude":"-39.06666670","longitude":"-70.93333330","name":"Quilachanquil"},{"id":"110384","latitude":"-40.18333330","longitude":"-71.45000000","name":"Quilaquina"},{"id":"110386","latitude":"-38.35000000","longitude":"-69.81666670","name":"Quili Malal"},{"id":"110410","latitude":"-37.40000000","longitude":"-70.41666670","name":"Rahuec\u00f3"},{"id":"110411","latitude":"-39.35000000","longitude":"-70.91666670","name":"Rahu\u00e9"},{"id":"110432","latitude":"-38.85000000","longitude":"-69.75000000","name":"Ram\u00f3n M. Castro"},{"id":"110451","latitude":"-37.53333330","longitude":"-70.80000000","name":"Ranquilc\u00f3"},{"id":"110456","latitude":"-37.76666670","longitude":"-70.51666670","name":"Ranquil\u00f3n"},{"id":"110609","latitude":"-38.85000000","longitude":"-69.75000000","name":"R.M. Castro"},{"id":"110646","latitude":"-40.08333330","longitude":"-71.33333330","name":"Romero"},{"id":"110662","latitude":"-37.16666670","longitude":"-70.61666670","name":"Rosario"},{"id":"110679","latitude":"-39.21666670","longitude":"-70.95000000","name":"Rucachoroi"},{"id":"110714","latitude":"-38.91666670","longitude":"-70.71666670","name":"Sainuco"},{"id":"110762","latitude":"-40.11666670","longitude":"-70.41666670","name":"Samico"},{"id":"110912","latitude":"-40.11666670","longitude":"-70.41666670","name":"Sa\u00f1ic\u00f3"},{"id":"110917","latitude":"-39.90000000","longitude":"-70.85000000","name":"San Ignacio"},{"id":"111015","latitude":"-40.16666670","longitude":"-71.35000000","name":"San Mart\u00edn de los Andes"},{"id":"111247","latitude":"-39.86666670","longitude":"-70.08333330","name":"Santo Tom\u00e1s"},{"id":"111329","latitude":"-39.00000000","longitude":"-68.41666670","name":"Senillosa"},{"id":"111566","latitude":"-37.60000000","longitude":"-70.35000000","name":"Taquimil\u00e1n"},{"id":"111708","latitude":"-40.70000000","longitude":"-71.21666670","name":"Traful"},{"id":"111712","latitude":"-37.63333330","longitude":"-70.35000000","name":"Tralalhu\u00e9"},{"id":"111722","latitude":"-38.40000000","longitude":"-68.60000000","name":"Tratay\u00e9n"},{"id":"111740","latitude":"-37.50000000","longitude":"-70.38333330","name":"Tres Chorros"},{"id":"111775","latitude":"-37.05000000","longitude":"-70.31666670","name":"Tricao Malal"},{"id":"111776","latitude":"-37.05000000","longitude":"-70.31666670","name":"Tricau Malal"},{"id":"111783","latitude":"-40.13333330","longitude":"-71.41666670","name":"Trompul"},{"id":"111891","latitude":"-36.80000000","longitude":"-70.70000000","name":"Varvarco"},{"id":"112068","latitude":"-39.23333330","longitude":"-68.75000000","name":"Villa El Choc\u00f3n"},{"id":"112137","latitude":"-40.78333330","longitude":"-71.66666670","name":"Villa La Angostura"},{"id":"112288","latitude":"-40.66666670","longitude":"-71.40000000","name":"Villa Traful"},{"id":"112310","latitude":"-37.45000000","longitude":"-70.76666670","name":"Vil\u00fa Mall\u00edn"},{"id":"112326","latitude":"-38.75000000","longitude":"-68.18333330","name":"Vista Alegre"},{"id":"112402","latitude":"-38.15000000","longitude":"-70.71666670","name":"Yumu Yumu"},{"id":"112408","latitude":"-40.18333330","longitude":"-70.23333330","name":"Zaina Yegua"},{"id":"112413","latitude":"-38.90000000","longitude":"-70.06666670","name":"Zapala"}]