[{"id":"828961","latitude":"51.40000000","longitude":"0.53333300","name":"Brompton"},{"id":"829768","latitude":"51.41666700","longitude":"0.51666700","name":"Chattenden"},{"id":"830098","latitude":"51.45000000","longitude":"0.50000000","name":"Cliffe-at-Hoo"},{"id":"830099","latitude":"51.45000000","longitude":"0.50000000","name":"Cliffe"},{"id":"830393","latitude":"51.45000000","longitude":"0.53333300","name":"Cooling"},{"id":"831744","latitude":"51.45000000","longitude":"0.46666700","name":"East Tilbury"},{"id":"833893","latitude":"51.43333300","longitude":"0.46666700","name":"Higham"},{"id":"839332","latitude":"51.38333300","longitude":"0.51666700","name":"Rochester"},{"id":"841108","latitude":"51.38333300","longitude":"0.50000000","name":"Strood"},{"id":"842246","latitude":"51.40000000","longitude":"0.50000000","name":"Wainscott"},{"id":"842247","latitude":"51.40000000","longitude":"0.50000000","name":"Wainscot"}]