[{"id":"828710","latitude":"53.36666700","longitude":"-2.16666700","name":"Bramhall"},{"id":"828783","latitude":"53.41666700","longitude":"-2.11666700","name":"Bredbury"},{"id":"831206","latitude":"53.36666700","longitude":"-2.06666700","name":"Disley"},{"id":"833702","latitude":"53.38333300","longitude":"-2.11666700","name":"Hazel Grove"},{"id":"833731","latitude":"53.41666700","longitude":"-2.16666700","name":"Heaton Norris"},{"id":"838886","latitude":"53.35000000","longitude":"-2.11666700","name":"Poynton"},{"id":"839147","latitude":"53.43333300","longitude":"-2.15000000","name":"Reddish"},{"id":"840901","latitude":"53.40000000","longitude":"-2.15000000","name":"Stockport"}]