[{"id":"103782","latitude":"-34.60000000","longitude":"-58.48333330","name":"Agronom\u00eda"},{"id":"103946","latitude":"-34.60000000","longitude":"-58.41666670","name":"Almagro"},{"id":"103948","latitude":"-34.66666670","longitude":"-58.45000000","name":"Almirante Brown"},{"id":"104038","latitude":"-43.80000000","longitude":"-65.75000000","name":"Ameghino"},{"id":"104209","latitude":"-43.00000000","longitude":"-70.76666670","name":"Arroyo Pescado"},{"id":"104318","latitude":"-34.65000000","longitude":"-58.46666670","name":"Balbastro"},{"id":"104402","latitude":"-34.65000000","longitude":"-58.36666670","name":"Barracas"},{"id":"104453","latitude":"-34.58333330","longitude":"-58.40000000","name":"Barrio Norte"},{"id":"104485","latitude":"-34.56666670","longitude":"-58.46666670","name":"Belgrano"},{"id":"104566","latitude":"-34.63333330","longitude":"-58.35000000","name":"Boca"},{"id":"104574","latitude":"-34.63333330","longitude":"-58.41666670","name":"Boedo"},{"id":"104584","latitude":"-34.63333330","longitude":"-58.46666670","name":"Bonorino"},{"id":"104637","latitude":"-34.58750000","longitude":"-58.67250000","name":"Buenos Aires"},{"id":"104663","latitude":"-34.61666670","longitude":"-58.45000000","name":"Caballito"},{"id":"104704","latitude":"-34.63333330","longitude":"-58.43333330","name":"Cafferata"},{"id":"104717","latitude":"-34.66666670","longitude":"-58.48333330","name":"Calaza"},{"id":"105069","latitude":"-34.60000000","longitude":"-58.38333330","name":"Centro"},{"id":"105109","latitude":"-34.58333330","longitude":"-58.45000000","name":"Chacarita"},{"id":"105344","latitude":"-34.56666670","longitude":"-58.46666670","name":"Coghlan"},{"id":"105361","latitude":"-34.58333330","longitude":"-58.45000000","name":"Colegiales"},{"id":"105362","latitude":"-42.58333330","longitude":"-69.08333330","name":"Colelache"},{"id":"105363","latitude":"-45.71666670","longitude":"-68.93333330","name":"Colhu\u00e9 Huap\u00ed"},{"id":"105438","latitude":"-43.30000000","longitude":"-65.70000000","name":"Colonia Dolav\u00f3n"},{"id":"105619","latitude":"-34.68333330","longitude":"-58.50000000","name":"Comandante L. Piedrabuena"},{"id":"105627","latitude":"-45.86666670","longitude":"-67.50000000","name":"Comodoro Rivadavia"},{"id":"105653","latitude":"-34.61666670","longitude":"-58.40000000","name":"Congreso"},{"id":"105661","latitude":"-34.61666670","longitude":"-58.38333330","name":"Constituci\u00f3n"},{"id":"105982","latitude":"-43.30000000","longitude":"-65.70000000","name":"Dolav\u00f3n"},{"id":"106011","latitude":"-43.90000000","longitude":"-65.41666670","name":"Dos Pozos"},{"id":"106236","latitude":"-42.05000000","longitude":"-71.16666670","name":"El Mait\u00e9n"},{"id":"106412","latitude":"-44.16666670","longitude":"-68.26666670","name":"El Sombrero"},{"id":"106475","latitude":"-34.63333330","longitude":"-58.43333330","name":"Emilio Mitre"},{"id":"106501","latitude":"-45.30000000","longitude":"-69.96666670","name":"Ensanche Colonia Sarmiento"},{"id":"106503","latitude":"-45.30000000","longitude":"-69.96666670","name":"Ensanche de la Colonia Sarmiento"},{"id":"106504","latitude":"-45.30000000","longitude":"-69.96666670","name":"Ensanche Sarmiento"},{"id":"106511","latitude":"-42.23333330","longitude":"-71.35000000","name":"Epuy\u00e9n"},{"id":"106524","latitude":"-45.75000000","longitude":"-67.80000000","name":"Escalante"},{"id":"106550","latitude":"-42.90000000","longitude":"-71.31666670","name":"Esquel"},{"id":"106594","latitude":"-42.23333330","longitude":"-71.35000000","name":"Estancia Cholila"},{"id":"106606","latitude":"-42.05000000","longitude":"-71.16666670","name":"Estancia El Mait\u00e9n"},{"id":"106721","latitude":"-45.30000000","longitude":"-69.96666670","name":"Facundo"},{"id":"106780","latitude":"-43.80000000","longitude":"-65.75000000","name":"Florentino Ameghino"},{"id":"106783","latitude":"-34.63333330","longitude":"-58.46666670","name":"Flores"},{"id":"106784","latitude":"-34.63333330","longitude":"-58.48333330","name":"Floresta"},{"id":"106898","latitude":"-42.50000000","longitude":"-68.26666670","name":"Gan Gan"},{"id":"106977","latitude":"-34.58333330","longitude":"-58.51666670","name":"General J. de San Mart\u00edn"},{"id":"106981","latitude":"-34.58333330","longitude":"-58.51666670","name":"General Jos\u00e9 de San Mart\u00edn"},{"id":"107046","latitude":"-34.56666670","longitude":"-58.48333330","name":"General Urquiza"},{"id":"107126","latitude":"-42.50000000","longitude":"-68.26666670","name":"Gongan"},{"id":"107481","latitude":"-34.61666670","longitude":"-58.35000000","name":"Isla Demarchi"},{"id":"107747","latitude":"-34.63333330","longitude":"-58.35000000","name":"La Boca"},{"id":"107789","latitude":"-34.66666670","longitude":"-58.45000000","name":"Lacarra"},{"id":"108069","latitude":"-34.60000000","longitude":"-58.46666670","name":"La Paternal"},{"id":"108505","latitude":"-34.63333330","longitude":"-58.51666670","name":"Liniers"},{"id":"108694","latitude":"-34.66666670","longitude":"-58.51666670","name":"Los Perales"},{"id":"108774","latitude":"-34.68333330","longitude":"-58.46666670","name":"Luis J. Garc\u00eda"},{"id":"108910","latitude":"-34.65000000","longitude":"-58.50000000","name":"Marcelo Torcuato de Alvear"},{"id":"108975","latitude":"-34.66666670","longitude":"-58.50000000","name":"Mataderos"},{"id":"109054","latitude":"-43.80000000","longitude":"-65.75000000","name":"Merayo"},{"id":"109182","latitude":"-34.61666670","longitude":"-58.38333330","name":"Monserrat"},{"id":"109191","latitude":"-34.61666670","longitude":"-58.50000000","name":"Monte Castro"},{"id":"109235","latitude":"-34.61666670","longitude":"-58.38333330","name":"Montserrat"},{"id":"109335","latitude":"-34.61666670","longitude":"-58.48333330","name":"Nazca"},{"id":"109395","latitude":"-34.66666670","longitude":"-58.50000000","name":"Nueva Chicago"},{"id":"109412","latitude":"-34.65000000","longitude":"-58.43333330","name":"Nueva Pompeya"},{"id":"109424","latitude":"-34.55000000","longitude":"-58.45000000","name":"N\u00fa\u00f1ez"},{"id":"109484","latitude":"-34.60000000","longitude":"-58.41666670","name":"Once"},{"id":"109554","latitude":"-34.58333330","longitude":"-58.41666670","name":"Palermo"},{"id":"109676","latitude":"-34.63333330","longitude":"-58.45000000","name":"Parque Chacabuco"},{"id":"109677","latitude":"-34.58333330","longitude":"-58.50000000","name":"Parque Chas"},{"id":"109679","latitude":"-34.63333330","longitude":"-58.40000000","name":"Parque Patricios"},{"id":"109739","latitude":"-34.60000000","longitude":"-58.46666670","name":"Paternal"},{"id":"110061","latitude":"-34.65000000","longitude":"-58.43333330","name":"Presidente Rivadavia"},{"id":"110065","latitude":"-34.55000000","longitude":"-58.50000000","name":"Presidente Roque S\u00e1enz Pe\u00f1a"},{"id":"110071","latitude":"-34.63333330","longitude":"-58.43333330","name":"Primera Junta"},{"id":"110225","latitude":"-34.60000000","longitude":"-58.36666670","name":"Puerto Madero"},{"id":"110237","latitude":"-34.58333330","longitude":"-58.36666670","name":"Puerto Nuevo"},{"id":"110312","latitude":"-34.58333330","longitude":"-58.50000000","name":"Pueyrred\u00f3n"},{"id":"110431","latitude":"-34.65000000","longitude":"-58.51666670","name":"Ram\u00f3n L. Falc\u00f3n"},{"id":"110483","latitude":"-34.58333330","longitude":"-58.40000000","name":"Recoleta"},{"id":"110513","latitude":"-34.58333330","longitude":"-58.38333330","name":"Retiro"},{"id":"110523","latitude":"-34.65000000","longitude":"-58.40000000","name":"Riachuelo"},{"id":"110701","latitude":"-34.55000000","longitude":"-58.46666670","name":"Saavedra"},{"id":"110848","latitude":"-34.63333330","longitude":"-58.38333330","name":"San Crist\u00f3bal"},{"id":"111225","latitude":"-34.61666670","longitude":"-58.36666670","name":"San Telmo"},{"id":"111377","latitude":"-34.63333330","longitude":"-58.46666670","name":"Sim\u00f3n Bol\u00edvar"},{"id":"111587","latitude":"-34.68333330","longitude":"-58.46666670","name":"Tellier"},{"id":"111690","latitude":"-34.60000000","longitude":"-58.37500000","name":"Torre de los Ingleses"},{"id":"111888","latitude":"-34.63333330","longitude":"-58.46666670","name":"Varela"},{"id":"111908","latitude":"-34.63333330","longitude":"-58.48333330","name":"V\u00e9lez Sarsfield"},{"id":"111919","latitude":"-34.63333330","longitude":"-58.51666670","name":"Versailles"},{"id":"112025","latitude":"-34.60000000","longitude":"-58.45000000","name":"Villa Crespo"},{"id":"112040","latitude":"-34.60000000","longitude":"-58.48333330","name":"Villa del Parque"},{"id":"112052","latitude":"-34.60000000","longitude":"-58.51666670","name":"Villa Devoto"},{"id":"112103","latitude":"-34.61666670","longitude":"-58.46666670","name":"Villa General Mitre"},{"id":"112138","latitude":"-34.66666670","longitude":"-58.51666670","name":"Villa Lamadrid"},{"id":"112157","latitude":"-34.68333330","longitude":"-58.46666670","name":"Villa Lugano"},{"id":"112159","latitude":"-34.63333330","longitude":"-58.50000000","name":"Villa Luro"},{"id":"112208","latitude":"-34.58333330","longitude":"-58.48333330","name":"Villa Ort\u00fazar"},{"id":"112219","latitude":"-34.58333330","longitude":"-58.50000000","name":"Villa Pueyrred\u00f3n"},{"id":"112225","latitude":"-34.61666670","longitude":"-58.53333330","name":"Villa Real"},{"id":"112236","latitude":"-34.70000000","longitude":"-58.46666670","name":"Villa Riachuelo"},{"id":"112284","latitude":"-34.66666670","longitude":"-58.45000000","name":"Villa Soldati"},{"id":"112295","latitude":"-34.56666670","longitude":"-58.48333330","name":"Villa Urquiza"}]