[{"id":"828592","latitude":"51.56666700","longitude":"-1.66666700","name":"Bourton"},{"id":"828910","latitude":"51.48333300","longitude":"-1.83333300","name":"Broad Hinton"},{"id":"829920","latitude":"51.50000000","longitude":"-1.73333300","name":"Chisledon"},{"id":"831323","latitude":"51.50000000","longitude":"-1.73333300","name":"Draycot Foliat"},{"id":"835620","latitude":"51.51666700","longitude":"-1.70000000","name":"Liddington"},{"id":"835770","latitude":"51.53333300","longitude":"-1.66666700","name":"Little Hinton"},{"id":"836604","latitude":"51.55000000","longitude":"-1.85000000","name":"Lydiard Tregoze"},{"id":"840558","latitude":"51.58333300","longitude":"-1.71666700","name":"South Marston"},{"id":"841069","latitude":"51.58333300","longitude":"-1.75000000","name":"Stratton Saint Margaret"},{"id":"841073","latitude":"51.58333300","longitude":"-1.75000000","name":"Stratton"},{"id":"841249","latitude":"51.51666700","longitude":"-1.78333300","name":"Swindon"},{"id":"842149","latitude":"51.58333300","longitude":"-1.76666700","name":"Upper Stratton"},{"id":"842351","latitude":"51.53333300","longitude":"-1.70000000","name":"Wanborough"},{"id":"843445","latitude":"51.51666700","longitude":"-1.78333300","name":"Wroughton"}]