[{"id":"103","latitude":"25.90833330","longitude":"56.39194440","name":"Ad Duss"},{"id":"106","latitude":"25.28222220","longitude":"55.89027780","name":"Adh Dhaid"},{"id":"108","latitude":"25.28222220","longitude":"55.89027780","name":"Adh Dhayd"},{"id":"129","latitude":"25.28222220","longitude":"55.89027780","name":"Al Daid"},{"id":"130","latitude":"25.28222220","longitude":"55.89027780","name":"Al-Dhayd"},{"id":"131","latitude":"25.93388890","longitude":"56.40333330","name":"Al Dini"},{"id":"132","latitude":"25.90833330","longitude":"56.39194440","name":"Al Duss"},{"id":"286","latitude":"25.36500000","longitude":"55.86083330","name":"`Awanat"},{"id":"341","latitude":"25.28222220","longitude":"55.89027780","name":"Dayd"},{"id":"343","latitude":"25.93388890","longitude":"56.40333330","name":"Dayni"},{"id":"350","latitude":"25.28222220","longitude":"55.89027780","name":"Dhaid"},{"id":"353","latitude":"25.28222220","longitude":"55.89027780","name":"Dhayd"},{"id":"372","latitude":"25.28222220","longitude":"55.89027780","name":"Duhayd"},{"id":"382","latitude":"25.35305560","longitude":"55.85333330","name":"Falaj al Ali"},{"id":"383","latitude":"25.35305560","longitude":"55.85333330","name":"Falaj al Mu`all\u00e1"},{"id":"384","latitude":"25.35305560","longitude":"55.85333330","name":"Falaj Ibn Mu'all\u00e1"},{"id":"385","latitude":"25.35305560","longitude":"55.85333330","name":"Falj Al `Ali"},{"id":"386","latitude":"25.35305560","longitude":"55.85333330","name":"Falq Al Ali"},{"id":"400","latitude":"25.35305560","longitude":"55.85333330","name":"Fili Ma`ala"},{"id":"495","latitude":"25.28222220","longitude":"55.89027780","name":"Ihaid"},{"id":"525","latitude":"25.87194440","longitude":"56.33972220","name":"Khatm Kabir"},{"id":"558","latitude":"25.58611110","longitude":"55.56333330","name":"Lazimah"},{"id":"810","latitude":"25.56527780","longitude":"55.55333330","name":"Um al Quweim"},{"id":"811","latitude":"25.56527780","longitude":"55.55333330","name":"Umm al Qaiwain"},{"id":"812","latitude":"25.56527780","longitude":"55.55333330","name":"Umm al Qawain"},{"id":"813","latitude":"25.56527780","longitude":"55.55333330","name":"Umm al Qaywayn"},{"id":"822","latitude":"25.36500000","longitude":"55.86083330","name":"`Uwaynat"},{"id":"845","latitude":"25.56527780","longitude":"55.55333330","name":"Yumul al Quwain"}]