[{"id":"829470","latitude":"54.58333300","longitude":"-1.20000000","name":"Cargo Fleet"},{"id":"830091","latitude":"54.58333300","longitude":"-1.20000000","name":"Cleveland Port"},{"id":"832987","latitude":"54.58333300","longitude":"-1.15000000","name":"Grangetown"},{"id":"833420","latitude":"54.60000000","longitude":"-1.21666700","name":"Halveston Hill-on-Tees"},{"id":"833648","latitude":"54.60000000","longitude":"-1.21666700","name":"Haverton Hill"},{"id":"833649","latitude":"54.60000000","longitude":"-1.21666700","name":"Haverton Hill-on-Tees"},{"id":"837071","latitude":"54.57277800","longitude":"-1.16277800","name":"Middlebrough"},{"id":"837081","latitude":"54.57277800","longitude":"-1.16277800","name":"Middlesborough"},{"id":"837082","latitude":"54.57277800","longitude":"-1.16277800","name":"Middlesbrough"},{"id":"838770","latitude":"54.58333300","longitude":"-1.20000000","name":"Port Clarence"},{"id":"841394","latitude":"54.59111100","longitude":"-1.15194400","name":"Teesport"},{"id":"841395","latitude":"54.56666700","longitude":"-1.23333300","name":"Teesside County Borough"}]