[{"id":"829490","latitude":"54.58333300","longitude":"-1.40000000","name":"Carlton"},{"id":"831952","latitude":"54.55000000","longitude":"-1.36666700","name":"Elton"},{"id":"833252","latitude":"54.61666700","longitude":"-1.38333300","name":"Grindon"},{"id":"836391","latitude":"54.53333300","longitude":"-1.41666700","name":"Long Newton"},{"id":"839158","latitude":"54.58333300","longitude":"-1.40000000","name":"Redmarshall"},{"id":"840878","latitude":"54.60000000","longitude":"-1.43333300","name":"Stillington"},{"id":"840906","latitude":"54.58333300","longitude":"-1.41666700","name":"Stockton-on-Tees"},{"id":"840911","latitude":"54.58333300","longitude":"-1.41666700","name":"Stockton"},{"id":"841558","latitude":"54.60000000","longitude":"-1.38333300","name":"Thorpe Thewles"}]