[{"id":"829560","latitude":"53.33333300","longitude":"-2.90000000","name":"Carston"},{"id":"831903","latitude":"53.28333300","longitude":"-2.90000000","name":"Ellesmere Port"},{"id":"831947","latitude":"53.26666700","longitude":"-2.81666700","name":"Elton"},{"id":"832657","latitude":"53.33333300","longitude":"-2.90000000","name":"Garston"},{"id":"834422","latitude":"53.28333300","longitude":"-2.83333300","name":"Ince"},{"id":"840955","latitude":"53.25000000","longitude":"-2.86666700","name":"Stoke"},{"id":"841532","latitude":"53.26666700","longitude":"-2.83333300","name":"Thornton le Moors"}]