[{"id":"829240","latitude":"53.60000000","longitude":"-2.30000000","name":"Bury"},{"id":"834058","latitude":"53.65000000","longitude":"-2.33333300","name":"Holcombe"},{"id":"839028","latitude":"53.55000000","longitude":"-2.33333300","name":"Radcliffe"},{"id":"839067","latitude":"53.63333300","longitude":"-2.31666700","name":"Ramsbottom"},{"id":"839281","latitude":"53.55000000","longitude":"-2.35000000","name":"Ringley"},{"id":"841116","latitude":"53.65000000","longitude":"-2.31666700","name":"Stubbins"},{"id":"841152","latitude":"53.61666700","longitude":"-2.31666700","name":"Summerseat"},{"id":"841814","latitude":"53.60000000","longitude":"-2.33333300","name":"Tottington"},{"id":"842293","latitude":"53.61666700","longitude":"-2.30000000","name":"Walmersley"},{"id":"842906","latitude":"53.55000000","longitude":"-2.30000000","name":"Whitefield"}]