[{"id":"829502","latitude":"54.68333300","longitude":"-5.95000000","name":"Carmoney"},{"id":"829523","latitude":"54.68333300","longitude":"-5.95000000","name":"Carnmoney"},{"id":"833205","latitude":"54.70000000","longitude":"-5.86666700","name":"Greenisland"},{"id":"834363","latitude":"54.66666700","longitude":"-6.00000000","name":"Hyde Park"},{"id":"834612","latitude":"54.68333300","longitude":"-5.90000000","name":"Jordanstown"},{"id":"837796","latitude":"54.66666700","longitude":"-5.86666700","name":"Newtownabbey"},{"id":"842897","latitude":"54.66666700","longitude":"-5.90000000","name":"Whiteabbey"},{"id":"842913","latitude":"54.65000000","longitude":"-5.91666700","name":"Whitehouse Lower"}]