[{"id":"829414","latitude":"51.51666700","longitude":"-0.60000000","name":"Canvey"},{"id":"829415","latitude":"51.51666700","longitude":"-0.60000000","name":"Canvey-on-Sea"},{"id":"832044","latitude":"51.50000000","longitude":"-0.60000000","name":"Eton"},{"id":"832154","latitude":"51.55869000","longitude":"0.61939700","name":"Farnham Common"},{"id":"832156","latitude":"51.53333300","longitude":"-0.61666700","name":"Farnham Royal"},{"id":"832577","latitude":"51.55000000","longitude":"-0.55000000","name":"Fulmer"},{"id":"833357","latitude":"51.53333300","longitude":"0.60000000","name":"Hadleigh"},{"id":"835352","latitude":"51.50000000","longitude":"-0.55000000","name":"Langley Marish"},{"id":"840407","latitude":"51.50000000","longitude":"-0.58333300","name":"Slough"},{"id":"840946","latitude":"51.51666700","longitude":"-0.58333300","name":"Stoke Poges"},{"id":"841595","latitude":"51.55000000","longitude":"0.58333300","name":"Thundersley"}]