[{"id":"829945","latitude":"53.46666700","longitude":"-2.21666700","name":"Chorlton-on-Medlock"},{"id":"829946","latitude":"53.46666700","longitude":"-2.21666700","name":"Chorlton upon Medlock"},{"id":"836728","latitude":"53.50000000","longitude":"-2.21666700","name":"Manchester"},{"id":"837388","latitude":"53.51666700","longitude":"-2.16666700","name":"Moston"},{"id":"837757","latitude":"53.50000000","longitude":"-2.18333300","name":"Newton Heath"},{"id":"842219","latitude":"53.48333300","longitude":"-2.23333300","name":"Victoria Park"}]