[{"id":"103790","latitude":"-40.85000000","longitude":"-65.85000000","name":"Aguada Cecilio"},{"id":"103793","latitude":"-41.06666670","longitude":"-68.41666670","name":"Aguada de Guerra"},{"id":"103794","latitude":"-41.06666670","longitude":"-68.41666670","name":"Aguada de Guerro"},{"id":"103795","latitude":"-39.98333330","longitude":"-68.86666670","name":"Aguada de Guzm\u00e1n"},{"id":"103915","latitude":"-39.05000000","longitude":"-67.53333330","name":"Alejandro Stefenelli"},{"id":"103941","latitude":"-38.96666670","longitude":"-67.83333330","name":"Allen"},{"id":"104199","latitude":"-41.66666670","longitude":"-66.10000000","name":"Arroyo de la Ventana"},{"id":"104206","latitude":"-41.46666670","longitude":"-65.96666670","name":"Arroyo Los Berros"},{"id":"104216","latitude":"-41.91666670","longitude":"-66.16666670","name":"Arroyo Verde"},{"id":"104229","latitude":"-39.05000000","longitude":"-67.53333330","name":"A. Stefenelli"},{"id":"104347","latitude":"-41.08333330","longitude":"-62.80000000","name":"Balneario El C\u00f3ndor"},{"id":"104349","latitude":"-41.05000000","longitude":"-62.85000000","name":"Balneario La Boca"},{"id":"104354","latitude":"-41.05000000","longitude":"-62.85000000","name":"Balneario Massini"},{"id":"104395","latitude":"-38.71666670","longitude":"-68.16666670","name":"Barda del Medio"},{"id":"104398","latitude":"-41.15000000","longitude":"-71.30000000","name":"Bariloche"},{"id":"104520","latitude":"-39.10000000","longitude":"-65.48333330","name":"Benjam\u00edn Zorrilla"},{"id":"104521","latitude":"-39.10000000","longitude":"-65.48333330","name":"Benjamin Zorrillo"},{"id":"104568","latitude":"-40.21666670","longitude":"-64.06666670","name":"Boca de la Traves\u00eda"},{"id":"104577","latitude":"-39.98333330","longitude":"-67.83333330","name":"Boliche"},{"id":"104658","latitude":"-39.10000000","longitude":"-65.48333330","name":"B. Zorrilla"},{"id":"104707","latitude":"-39.55000000","longitude":"-67.28333330","name":"Caitaco"},{"id":"105032","latitude":"-37.86666670","longitude":"-67.83333330","name":"Catriel"},{"id":"105045","latitude":"-41.60000000","longitude":"-66.45000000","name":"Cayuqueo"},{"id":"105054","latitude":"-39.26666670","longitude":"-65.68333330","name":"C. Choel"},{"id":"105084","latitude":"-40.96666670","longitude":"-68.30000000","name":"Cerro Abanico"},{"id":"105092","latitude":"-39.73333330","longitude":"-68.51666670","name":"Cerro de Polic\u00eda"},{"id":"105094","latitude":"-41.70000000","longitude":"-70.46666670","name":"Cerro Mesa"},{"id":"105098","latitude":"-39.73333330","longitude":"-68.51666670","name":"Cerro Polic\u00eda"},{"id":"105101","latitude":"-39.05000000","longitude":"-67.38333330","name":"Cervantes"},{"id":"105111","latitude":"-41.66666670","longitude":"-70.73333330","name":"Chacay Huarruca"},{"id":"105181","latitude":"-40.30000000","longitude":"-68.96666670","name":"Chasic\u00f3"},{"id":"105190","latitude":"-39.06666670","longitude":"-66.53333330","name":"Chelfor\u00f3"},{"id":"105197","latitude":"-39.10000000","longitude":"-66.93333330","name":"Chichinales"},{"id":"105214","latitude":"-39.16666670","longitude":"-66.15000000","name":"Chimpay"},{"id":"105215","latitude":"-39.10000000","longitude":"-66.93333330","name":"Chinchinales"},{"id":"105228","latitude":"-39.26666670","longitude":"-65.68333330","name":"Choele Choel"},{"id":"105291","latitude":"-40.71666670","longitude":"-65.23333330","name":"Cinco Cha\u00f1ares"},{"id":"105293","latitude":"-38.81666670","longitude":"-68.06666670","name":"Cinco Saltos"},{"id":"105295","latitude":"-38.93333330","longitude":"-67.98333330","name":"Cipoletti"},{"id":"105296","latitude":"-38.93333330","longitude":"-67.98333330","name":"Cipolleti"},{"id":"105297","latitude":"-38.93333330","longitude":"-67.98333330","name":"Cipolletti"},{"id":"105322","latitude":"-41.23333330","longitude":"-70.01666670","name":"Clemente Onelli"},{"id":"105349","latitude":"-39.55000000","longitude":"-67.28333330","name":"Coitaco"},{"id":"105479","latitude":"-39.73333330","longitude":"-65.41666670","name":"Colonia Josefa"},{"id":"105483","latitude":"-39.03333330","longitude":"-64.05000000","name":"Colonia Julia y Echarren"},{"id":"105484","latitude":"-39.03333330","longitude":"-64.05000000","name":"Colonia J. y Echarren"},{"id":"105590","latitude":"-40.20000000","longitude":"-64.20000000","name":"Colonia Teniente General Fr\u00edas"},{"id":"105614","latitude":"-41.03333330","longitude":"-70.26666670","name":"Comallo"},{"id":"105629","latitude":"-41.88333330","longitude":"-67.00000000","name":"Cona Niyeo"},{"id":"105630","latitude":"-41.88333330","longitude":"-67.00000000","name":"Cona Niyeu"},{"id":"105651","latitude":"-40.10000000","longitude":"-64.43333330","name":"Conesa"},{"id":"105663","latitude":"-38.73333330","longitude":"-68.16666670","name":"Contraalmirante Cordero"},{"id":"105664","latitude":"-39.01666670","longitude":"-67.73333330","name":"Contraalmirante Mart\u00edn Guerrico"},{"id":"105665","latitude":"-38.73333330","longitude":"-68.16666670","name":"Contralmirante Cordero"},{"id":"105666","latitude":"-39.01666670","longitude":"-67.73333330","name":"Contralmirante Mart\u00edn Guerrico"},{"id":"105695","latitude":"-39.18333330","longitude":"-65.98333330","name":"Coronel Belisle"},{"id":"105704","latitude":"-38.95000000","longitude":"-64.25000000","name":"Coronel Eugenio del Busto"},{"id":"105708","latitude":"-39.03333330","longitude":"-67.65000000","name":"Coronel G\u00f3mez"},{"id":"105714","latitude":"-39.03333330","longitude":"-67.65000000","name":"Coronel J. F. G\u00f3mez"},{"id":"105715","latitude":"-39.03333330","longitude":"-67.65000000","name":"Coronel J. J. G\u00f3mez"},{"id":"105716","latitude":"-39.03333330","longitude":"-67.65000000","name":"Coronel Juan J. G\u00f3mez"},{"id":"105717","latitude":"-39.03333330","longitude":"-67.65000000","name":"Coronel Juan Jos\u00e9 G\u00f3mez"},{"id":"105734","latitude":"-40.43333330","longitude":"-63.68333330","name":"Coronel Pringles"},{"id":"105836","latitude":"-40.66666670","longitude":"-63.50000000","name":"Cubanea"},{"id":"105860","latitude":"-39.45000000","longitude":"-67.70000000","name":"Curac\u00f3"},{"id":"105885","latitude":"-39.20000000","longitude":"-65.76666670","name":"Darwin"},{"id":"105981","latitude":"-40.73333330","longitude":"-65.03333330","name":"Doctor Rogelio Cortizo"},{"id":"106091","latitude":"-41.96666670","longitude":"-71.51666670","name":"El Bols\u00f3n"},{"id":"106107","latitude":"-41.63333330","longitude":"-68.31666670","name":"El Ca\u00edn"},{"id":"106136","latitude":"-39.73333330","longitude":"-68.51666670","name":"El Cerro"},{"id":"106174","latitude":"-39.93333330","longitude":"-68.33333330","name":"El Cuy"},{"id":"106215","latitude":"-39.25000000","longitude":"-65.86666670","name":"El Hinojo"},{"id":"106336","latitude":"-40.10000000","longitude":"-64.51666670","name":"El Porvenir"},{"id":"106579","latitude":"-40.50000000","longitude":"-67.28333330","name":"Estaci\u00f3n Ministro Ramos Mex\u00eda"},{"id":"106640","latitude":"-40.55000000","longitude":"-70.43333330","name":"Estancia Paso Limay"},{"id":"106642","latitude":"-41.13333330","longitude":"-70.66666670","name":"Estancia Pilcaniyeu"},{"id":"106666","latitude":"-39.61666670","longitude":"-68.00000000","name":"Estancia Trica-C\u00f3"},{"id":"106723","latitude":"-40.50000000","longitude":"-67.05000000","name":"Falckner"},{"id":"106755","latitude":"-38.88333330","longitude":"-68.00000000","name":"Ferri"},{"id":"106769","latitude":"-40.65000000","longitude":"-69.50000000","name":"Fitarru\u00edn"},{"id":"106827","latitude":"-38.85000000","longitude":"-65.28333330","name":"Fort\u00edn Uno"},{"id":"106857","latitude":"-39.31666670","longitude":"-65.76666670","name":"Fray L. Beltr\u00e1n"},{"id":"106860","latitude":"-39.31666670","longitude":"-65.76666670","name":"Fray Luis Beltr\u00e1n"},{"id":"106875","latitude":"-39.03333330","longitude":"-67.58333330","name":"Fuerte General Roca"},{"id":"106879","latitude":"-41.63333330","longitude":"-70.01666670","name":"Futa Ru\u00edn"},{"id":"106899","latitude":"-40.73333330","longitude":"-68.03333330","name":"Ganz\u00fa Laufquen"},{"id":"106900","latitude":"-40.73333330","longitude":"-68.03333330","name":"Ganz\u00fa Lauquen"},{"id":"106953","latitude":"-40.10000000","longitude":"-64.43333330","name":"General Conesa"},{"id":"106959","latitude":"-39.08333330","longitude":"-67.15000000","name":"General E. Godoy"},{"id":"106960","latitude":"-39.08333330","longitude":"-67.15000000","name":"General Enrique Godoy"},{"id":"106963","latitude":"-38.95000000","longitude":"-67.91666670","name":"General Fern\u00e1ndez Oro"},{"id":"106967","latitude":"-40.20000000","longitude":"-64.20000000","name":"General Fr\u00edas"},{"id":"106993","latitude":"-40.83333330","longitude":"-63.65000000","name":"General Liborio Bernal"},{"id":"106994","latitude":"-40.73333330","longitude":"-64.48333330","name":"General Lorenzo Vintter"},{"id":"106995","latitude":"-40.73333330","longitude":"-64.48333330","name":"General L. Vintter"},{"id":"107009","latitude":"-40.83333330","longitude":"-63.35000000","name":"General N.H. Palacios"},{"id":"107010","latitude":"-40.83333330","longitude":"-63.35000000","name":"General Nicol\u00e1s A. Palacios"},{"id":"107011","latitude":"-40.83333330","longitude":"-63.35000000","name":"General Nicol\u00e1s H. Palacios"},{"id":"107012","latitude":"-40.83333330","longitude":"-63.35000000","name":"General Nicol\u00e1s R. Palacios"},{"id":"107032","latitude":"-39.03333330","longitude":"-67.58333330","name":"General Roca"},{"id":"107052","latitude":"-40.73333330","longitude":"-64.48333330","name":"General Winter"},{"id":"107112","latitude":"-39.08333330","longitude":"-67.15000000","name":"Godoy"},{"id":"107191","latitude":"-40.43333330","longitude":"-63.68333330","name":"Guardia Mitre"},{"id":"107295","latitude":"-40.71666670","longitude":"-65.31666670","name":"H. Scott"},{"id":"107402","latitude":"-39.08333330","longitude":"-67.23333330","name":"Ingeniero Huergo"},{"id":"107403","latitude":"-41.30000000","longitude":"-69.58333330","name":"Ingeniero Jacobacci"},{"id":"107406","latitude":"-39.08333330","longitude":"-67.23333330","name":"Ingeniero L.A. Huergo"},{"id":"107408","latitude":"-39.08333330","longitude":"-67.23333330","name":"Ingeniero Luis A. Huergo"},{"id":"107415","latitude":"-39.10000000","longitude":"-67.00000000","name":"Ingeniero O. Krause"},{"id":"107417","latitude":"-39.10000000","longitude":"-67.00000000","name":"Ingeniero Otto Krause"},{"id":"107548","latitude":"-38.86666670","longitude":"-64.56666670","name":"J. de Garay"},{"id":"107566","latitude":"-39.03333330","longitude":"-67.65000000","name":"J.J. G\u00f3mez"},{"id":"107627","latitude":"-38.86666670","longitude":"-64.56666670","name":"Juan de Garay"},{"id":"107702","latitude":"-40.73333330","longitude":"-64.48333330","name":"Kil\u00f3metro 60"},{"id":"107748","latitude":"-41.05000000","longitude":"-62.85000000","name":"La Boca"},{"id":"107852","latitude":"-41.16666670","longitude":"-63.46666670","name":"La Ensenada"},{"id":"107863","latitude":"-40.43333330","longitude":"-68.53333330","name":"La Esperanza"},{"id":"107924","latitude":"-40.73333330","longitude":"-69.85000000","name":"Laguna Blanca"},{"id":"107995","latitude":"-41.15000000","longitude":"-63.16666670","name":"La Lober\u00eda"},{"id":"108017","latitude":"-39.40000000","longitude":"-65.70000000","name":"Lamarque"},{"id":"108179","latitude":"-41.46666670","longitude":"-70.66666670","name":"Las Bayas"},{"id":"108401","latitude":"-40.83333330","longitude":"-65.65000000","name":"La Travesia"},{"id":"108510","latitude":"-41.90000000","longitude":"-68.55000000","name":"Llama Niyeo"},{"id":"108514","latitude":"-41.05000000","longitude":"-71.53333330","name":"Llao Llao"},{"id":"108554","latitude":"-40.11666670","longitude":"-69.05000000","name":"Lonco Vaca"},{"id":"108598","latitude":"-41.46666670","longitude":"-65.96666670","name":"Los Berros"},{"id":"108651","latitude":"-41.06666670","longitude":"-71.03333330","name":"Los Juncos"},{"id":"108662","latitude":"-40.83333330","longitude":"-68.13333330","name":"Los Menucos"},{"id":"108720","latitude":"-41.85000000","longitude":"-71.41666670","name":"Los Repollos"},{"id":"108769","latitude":"-39.31666670","longitude":"-65.76666670","name":"Luis Beltr\u00e1n"},{"id":"108828","latitude":"-39.06666670","longitude":"-67.30000000","name":"Mainque"},{"id":"108872","latitude":"-40.78333330","longitude":"-65.45000000","name":"Mancha Blanca"},{"id":"108899","latitude":"-41.25000000","longitude":"-68.73333330","name":"Maquinchao"},{"id":"108964","latitude":"-39.01666670","longitude":"-67.73333330","name":"Mart\u00edn Guerrico"},{"id":"109016","latitude":"-39.98333330","longitude":"-67.83333330","name":"M. Castailbon"},{"id":"109017","latitude":"-39.98333330","longitude":"-67.83333330","name":"M. Castaill\u00f3n"},{"id":"109050","latitude":"-40.41666670","longitude":"-69.63333330","name":"Mencu\u00e9"},{"id":"109053","latitude":"-39.43333330","longitude":"-67.50000000","name":"Menucos"},{"id":"109079","latitude":"-39.01666670","longitude":"-67.73333330","name":"M. Guerrico"},{"id":"109105","latitude":"-40.50000000","longitude":"-67.28333330","name":"Ministro Ramos Mej\u00eda"},{"id":"109106","latitude":"-40.50000000","longitude":"-67.28333330","name":"Ministro Ramos Mex\u00eda"},{"id":"109108","latitude":"-40.50000000","longitude":"-67.28333330","name":"Ministro R. Mex\u00eda"},{"id":"109292","latitude":"-40.60000000","longitude":"-66.38333330","name":"Musters"},{"id":"109306","latitude":"-40.50000000","longitude":"-66.55000000","name":"Nahuel Niyeu"},{"id":"109341","latitude":"-41.11666670","longitude":"-70.43333330","name":"Necolman"},{"id":"109344","latitude":"-39.78333330","longitude":"-65.26666670","name":"Negro Muerto"},{"id":"109347","latitude":"-41.11666670","longitude":"-70.43333330","name":"Neneo Ruc\u00e1"},{"id":"109372","latitude":"-41.11666670","longitude":"-71.15000000","name":"Nirihau"},{"id":"109373","latitude":"-41.11666670","longitude":"-71.15000000","name":"Nirihuao"},{"id":"109374","latitude":"-41.11666670","longitude":"-71.15000000","name":"\u00d1irihuau"},{"id":"109387","latitude":"-41.85000000","longitude":"-70.90000000","name":"\u00d1orquinco"},{"id":"109420","latitude":"-40.75000000","longitude":"-64.13333330","name":"Nuevo Le\u00f3n"},{"id":"109456","latitude":"-41.66666670","longitude":"-69.91666670","name":"Ojos de Agua"},{"id":"109525","latitude":"-39.05000000","longitude":"-67.53333330","name":"Padre Alejandro Stefenelli"},{"id":"109526","latitude":"-39.05000000","longitude":"-67.53333330","name":"Padre A. Stefenelli"},{"id":"109536","latitude":"-41.15000000","longitude":"-65.93333330","name":"Pailem\u00e1n"},{"id":"109542","latitude":"-40.75000000","longitude":"-66.05000000","name":"Pajalta"},{"id":"109688","latitude":"-40.65000000","longitude":"-70.96666670","name":"Paso Chacabuco"},{"id":"109697","latitude":"-40.55000000","longitude":"-70.43333330","name":"Paso del Limay"},{"id":"109710","latitude":"-40.58333330","longitude":"-70.63333330","name":"Paso Flores"},{"id":"109716","latitude":"-40.55000000","longitude":"-70.43333330","name":"Paso Limay"},{"id":"109796","latitude":"-40.83333330","longitude":"-65.65000000","name":"Percy H. Scott"},{"id":"109808","latitude":"-41.11666670","longitude":"-71.41666670","name":"Perito Moreno"},{"id":"109835","latitude":"-41.13333330","longitude":"-70.85000000","name":"Pichi Leuf\u00fa"},{"id":"109836","latitude":"-38.83333330","longitude":"-64.95000000","name":"Pichi Mahuida"},{"id":"109856","latitude":"-40.08333330","longitude":"-70.20000000","name":"Piedra Pintada"},{"id":"109870","latitude":"-40.55000000","longitude":"-69.73333330","name":"Pilahu\u00e9"},{"id":"109875","latitude":"-41.13333330","longitude":"-70.66666670","name":"Pilcaniyeu"},{"id":"109954","latitude":"-39.46666670","longitude":"-65.50000000","name":"Pomona"},{"id":"110069","latitude":"-40.46666670","longitude":"-63.78333330","name":"Primera Angostura"},{"id":"110075","latitude":"-40.43333330","longitude":"-63.68333330","name":"Pringles"},{"id":"110095","latitude":"-39.01666670","longitude":"-64.03333330","name":"Pueblo Buena Parada"},{"id":"110152","latitude":"-41.05000000","longitude":"-71.80000000","name":"Puerto Alegre"},{"id":"110161","latitude":"-41.03333330","longitude":"-71.81666670","name":"Puerto Blest"},{"id":"110190","latitude":"-41.08333330","longitude":"-71.81666670","name":"Puerto Fr\u00edas"},{"id":"110235","latitude":"-41.11666670","longitude":"-71.41666670","name":"Puerto Moreno"},{"id":"110264","latitude":"-40.81666670","longitude":"-64.75000000","name":"Puerto San Antonio Este"},{"id":"110265","latitude":"-40.73333330","longitude":"-64.93333330","name":"Puerto San Antonio Oeste"},{"id":"110292","latitude":"-41.05000000","longitude":"-71.80000000","name":"Puesto Alegre"},{"id":"110379","latitude":"-41.55000000","longitude":"-69.36666670","name":"Quetrequile"},{"id":"110394","latitude":"-40.16666670","longitude":"-69.75000000","name":"Qui\u00f1ihuao"},{"id":"110552","latitude":"-41.71666670","longitude":"-70.50000000","name":"R\u00edo Chico"},{"id":"110557","latitude":"-39.01666670","longitude":"-64.08333330","name":"R\u00edo Colorado"},{"id":"110593","latitude":"-41.56666670","longitude":"-71.53333330","name":"R\u00edo Villegas"},{"id":"110600","latitude":"-39.11666670","longitude":"-67.33333330","name":"Rivadavia"},{"id":"110794","latitude":"-40.81666670","longitude":"-64.75000000","name":"San Antonio Este"},{"id":"110795","latitude":"-40.73333330","longitude":"-64.93333330","name":"San Antonio Oeste"},{"id":"110830","latitude":"-41.15000000","longitude":"-71.30000000","name":"San Carlos de Bariloche"},{"id":"110936","latitude":"-40.76666670","longitude":"-63.30000000","name":"San Javier"},{"id":"110998","latitude":"-40.16666670","longitude":"-64.31666670","name":"San Lorenzo"},{"id":"111205","latitude":"-39.98333330","longitude":"-66.56666670","name":"Santa Rosa"},{"id":"111353","latitude":"-40.58333330","longitude":"-67.80000000","name":"Sierra Colorada"},{"id":"111354","latitude":"-40.58333330","longitude":"-67.80000000","name":"Sierra Colorado"},{"id":"111357","latitude":"-41.60000000","longitude":"-65.36666670","name":"Sierra Grande"},{"id":"111359","latitude":"-41.15000000","longitude":"-65.93333330","name":"Sierra Pailem\u00e1n"},{"id":"111423","latitude":"-39.05000000","longitude":"-67.53333330","name":"Stefenelli A"},{"id":"111596","latitude":"-40.20000000","longitude":"-64.20000000","name":"Teniente General Eustoquio Fr\u00edas"},{"id":"111600","latitude":"-40.50000000","longitude":"-66.76666670","name":"Teniente Maza"},{"id":"111709","latitude":"-39.45000000","longitude":"-65.58333330","name":"Tragua Tragua"},{"id":"111720","latitude":"-39.56666670","longitude":"-66.98333330","name":"Trapalc\u00f3"},{"id":"111774","latitude":"-39.61666670","longitude":"-68.00000000","name":"Trica C\u00f3"},{"id":"111869","latitude":"-40.70000000","longitude":"-66.15000000","name":"Valcheta"},{"id":"111928","latitude":"-40.80000000","longitude":"-63.86666670","name":"Vicealmirante Eduardo O'Connor"},{"id":"111929","latitude":"-40.80000000","longitude":"-63.86666670","name":"Vicealmirante E. O'Connor"},{"id":"111944","latitude":"-40.80000000","longitude":"-63.00000000","name":"Viedma"},{"id":"112174","latitude":"-41.35000000","longitude":"-71.51666670","name":"Villa Mascardi"},{"id":"112229","latitude":"-39.10000000","longitude":"-67.06666670","name":"Villa Regina"},{"id":"112411","latitude":"-40.70000000","longitude":"-63.46666670","name":"Zanj\u00f3n de Oyuela"}]