[{"id":"831032","latitude":"53.38333300","longitude":"-1.41666700","name":"Darnall"},{"id":"831778","latitude":"53.35000000","longitude":"-1.51666700","name":"Ecclesall"},{"id":"832582","latitude":"53.35000000","longitude":"-1.55000000","name":"Fulwood"},{"id":"833747","latitude":"53.35000000","longitude":"-1.46666700","name":"Heeley"},{"id":"836747","latitude":"53.36666700","longitude":"-1.41666700","name":"Manor"},{"id":"837578","latitude":"53.35000000","longitude":"-1.50000000","name":"Nether Edge"},{"id":"840108","latitude":"53.36666700","longitude":"-1.50000000","name":"Sheffield"}]