[{"id":"103864","latitude":"-45.55000000","longitude":"-71.53333330","name":"Aldea"},{"id":"103865","latitude":"-44.68333330","longitude":"-70.85000000","name":"Aldea Apeleg"},{"id":"103866","latitude":"-44.68333330","longitude":"-70.85000000","name":"Aldea Appeleg"},{"id":"103999","latitude":"-45.55000000","longitude":"-71.30000000","name":"Alto R\u00edo Mayo"},{"id":"104000","latitude":"-45.03333330","longitude":"-70.83333330","name":"Alto R\u00edo Senguer"},{"id":"104001","latitude":"-45.03333330","longitude":"-70.83333330","name":"Alto R\u00edo Senguerr"},{"id":"104132","latitude":"-44.60000000","longitude":"-71.10000000","name":"Apeleg"},{"id":"104215","latitude":"-42.00000000","longitude":"-65.10000000","name":"Arroyo Verde"},{"id":"104231","latitude":"-45.73333330","longitude":"-67.50000000","name":"Astra"},{"id":"104280","latitude":"-43.16666670","longitude":"-71.66666670","name":"Baggle"},{"id":"104284","latitude":"-45.13333330","longitude":"-66.53333330","name":"Bah\u00eda Bustamante"},{"id":"104368","latitude":"-43.31666670","longitude":"-65.03333330","name":"Balneario Uni\u00f3n"},{"id":"104406","latitude":"-43.51666670","longitude":"-71.25000000","name":"Barranca"},{"id":"104447","latitude":"-45.81666670","longitude":"-67.51666670","name":"Barrio Laprida"},{"id":"104448","latitude":"-45.81666670","longitude":"-67.51666670","name":"Barrio Laprida y Manantial Rosales"},{"id":"104456","latitude":"-45.83333330","longitude":"-67.53333330","name":"Barrio Saavedra"},{"id":"104569","latitude":"-43.35000000","longitude":"-65.93333330","name":"Boca de la Zanja"},{"id":"104610","latitude":"-45.03333330","longitude":"-70.83333330","name":"Brazo Norte"},{"id":"104629","latitude":"-42.08333330","longitude":"-71.23333330","name":"Buenas Aires Chico"},{"id":"104638","latitude":"-42.08333330","longitude":"-71.23333330","name":"Buenos Aires Chico"},{"id":"104639","latitude":"-45.08333330","longitude":"-69.46666670","name":"Buen Pasto"},{"id":"104648","latitude":"-45.13333330","longitude":"-66.53333330","name":"Bustamante"},{"id":"104650","latitude":"-45.13333330","longitude":"-66.53333330","name":"Bustamente"},{"id":"104677","latitude":"-44.35000000","longitude":"-65.23333330","name":"Cabo Raso"},{"id":"104730","latitude":"-45.73333330","longitude":"-67.06666670","name":"Caleta C\u00f3rdoba"},{"id":"104731","latitude":"-45.73333330","longitude":"-67.06666670","name":"Caleta C\u00f3rdova"},{"id":"104745","latitude":"-44.80000000","longitude":"-65.70000000","name":"Camarones"},{"id":"104751","latitude":"-45.66666670","longitude":"-67.63333330","name":"Campamento I"},{"id":"104752","latitude":"-45.66666670","longitude":"-67.63333330","name":"Campamento Primero"},{"id":"104754","latitude":"-43.43333330","longitude":"-66.13333330","name":"Campamento Villegas"},{"id":"104768","latitude":"-44.21666670","longitude":"-71.35000000","name":"Campo del R\u00edo Pica"},{"id":"104824","latitude":"-45.86666670","longitude":"-68.41666670","name":"Ca\u00f1ad\u00f3n Lagarto"},{"id":"104828","latitude":"-45.71666670","longitude":"-67.61666670","name":"Ca\u00f1ad\u00f3n Perdido"},{"id":"104859","latitude":"-44.53333330","longitude":"-68.36666670","name":"Canque"},{"id":"104860","latitude":"-44.53333330","longitude":"-68.36666670","name":"Canquel"},{"id":"104960","latitude":"-44.66666670","longitude":"-66.66666670","name":"Carrayalde"},{"id":"104961","latitude":"-43.58333330","longitude":"-71.70000000","name":"Carrenleuf\u00fa"},{"id":"104986","latitude":"-45.95000000","longitude":"-71.51666670","name":"Casa Koslowsky"},{"id":"105071","latitude":"-45.58333330","longitude":"-71.10000000","name":"Centro R\u00edo Mayo"},{"id":"105093","latitude":"-45.71666670","longitude":"-68.33333330","name":"Cerro Drag\u00f3n"},{"id":"105180","latitude":"-42.81666670","longitude":"-66.83333330","name":"Chasic\u00f3"},{"id":"105230","latitude":"-42.38333330","longitude":"-71.05000000","name":"Cholila"},{"id":"105231","latitude":"-42.51666670","longitude":"-71.45000000","name":"Cholita"},{"id":"105353","latitude":"-43.26666670","longitude":"-69.85000000","name":"Colan Conhu\u00e9"},{"id":"105551","latitude":"-44.03333330","longitude":"-70.48333330","name":"Colonia San Mart\u00edn"},{"id":"105580","latitude":"-45.60000000","longitude":"-69.08333330","name":"Colonia Sarmiento"},{"id":"105683","latitude":"-43.53333330","longitude":"-71.60000000","name":"Corcovado"},{"id":"105886","latitude":"-45.96666670","longitude":"-70.60000000","name":"D. Casanova"},{"id":"105942","latitude":"-45.76666670","longitude":"-67.66666670","name":"Diadema Argentina"},{"id":"105943","latitude":"-45.76666670","longitude":"-67.66666670","name":"Diadema"},{"id":"105957","latitude":"-43.66666670","longitude":"-66.41666670","name":"Dique Florentino Ameghino"},{"id":"105980","latitude":"-45.56666670","longitude":"-71.06666670","name":"Doctor Ricardo Rojas"},{"id":"106168","latitude":"-42.70000000","longitude":"-65.80000000","name":"El Corcovado"},{"id":"106170","latitude":"-45.21666670","longitude":"-71.30000000","name":"El Coyte"},{"id":"106192","latitude":"-43.70000000","longitude":"-71.26666670","name":"Elena"},{"id":"106222","latitude":"-42.35000000","longitude":"-66.20000000","name":"El Hunco"},{"id":"106233","latitude":"-42.35000000","longitude":"-66.20000000","name":"El Junco"},{"id":"106246","latitude":"-42.65000000","longitude":"-70.98333330","name":"El Mayoco"},{"id":"106253","latitude":"-43.36666670","longitude":"-67.70000000","name":"El Mirasol"},{"id":"106267","latitude":"-43.81666670","longitude":"-69.91666670","name":"El Molle"},{"id":"106286","latitude":"-43.80000000","longitude":"-69.25000000","name":"El Pajarito"},{"id":"106381","latitude":"-42.55000000","longitude":"-71.53333330","name":"El Rinc\u00f3n"},{"id":"106435","latitude":"-45.88333330","longitude":"-68.08333330","name":"El Tordillo"},{"id":"106439","latitude":"-45.81666670","longitude":"-67.93333330","name":"El Tr\u00e9bol"},{"id":"106537","latitude":"-43.08333330","longitude":"-70.61666670","name":"Esperanza"},{"id":"106590","latitude":"-44.21666670","longitude":"-71.35000000","name":"Estancia Campo del Pico"},{"id":"106607","latitude":"-45.88333330","longitude":"-68.08333330","name":"Estancia El Tordillo"},{"id":"106616","latitude":"-45.95000000","longitude":"-71.51666670","name":"Estancia Koslowsky"},{"id":"106649","latitude":"-42.50000000","longitude":"-68.51666670","name":"Estancia Sacanana"},{"id":"106668","latitude":"-45.95000000","longitude":"-71.51666670","name":"Estancia Valle Huemules"},{"id":"106720","latitude":"-45.30000000","longitude":"-69.95000000","name":"Facundo"},{"id":"106756","latitude":"-45.80000000","longitude":"-67.41666670","name":"Ferrocarrilera"},{"id":"106832","latitude":"-43.60000000","longitude":"-71.03333330","name":"Foyel"},{"id":"106883","latitude":"-43.28333330","longitude":"-65.48333330","name":"Gaim\u00e1n"},{"id":"106905","latitude":"-44.66666670","longitude":"-66.66666670","name":"Garayalde"},{"id":"106910","latitude":"-44.66666670","longitude":"-66.66666670","name":"Garrayalde"},{"id":"106918","latitude":"-45.78333330","longitude":"-67.51666670","name":"Gasoducto"},{"id":"106921","latitude":"-42.28333330","longitude":"-69.23333330","name":"Gastre"},{"id":"106922","latitude":"-42.28333330","longitude":"-69.23333330","name":"Gastres"},{"id":"106976","latitude":"-44.03333330","longitude":"-70.48333330","name":"General J. de San Mart\u00edn"},{"id":"107007","latitude":"-45.70000000","longitude":"-67.46666670","name":"General Mosconi"},{"id":"107075","latitude":"-44.06666670","longitude":"-70.58333330","name":"Gobernador Costa"},{"id":"107108","latitude":"-44.06666670","longitude":"-70.58333330","name":"Gobernor Costa"},{"id":"107119","latitude":"-42.01666670","longitude":"-71.51666670","name":"Golondrinas"},{"id":"107172","latitude":"-42.70000000","longitude":"-70.50000000","name":"Gualjaina"},{"id":"107254","latitude":"-43.88333330","longitude":"-69.15000000","name":"Herreria"},{"id":"107275","latitude":"-45.95000000","longitude":"-68.21666670","name":"Holdich"},{"id":"107292","latitude":"-42.06666670","longitude":"-71.50000000","name":"Hoyo de Epuy\u00e9n"},{"id":"107305","latitude":"-42.70000000","longitude":"-70.50000000","name":"Hualjaina"},{"id":"107526","latitude":"-43.81666670","longitude":"-71.20000000","name":"Jaramillo"},{"id":"107585","latitude":"-44.03333330","longitude":"-70.48333330","name":"Jos\u00e9 de San Mart\u00edn"},{"id":"107688","latitude":"-45.78333330","longitude":"-68.75000000","name":"Kil\u00f3metro 162"},{"id":"107701","latitude":"-45.81666670","longitude":"-67.45000000","name":"Kil\u00f3metro 5"},{"id":"107708","latitude":"-45.80000000","longitude":"-67.53333330","name":"Kil\u00f3metro 8"},{"id":"107718","latitude":"-43.11666670","longitude":"-71.55000000","name":"La Aldea"},{"id":"107750","latitude":"-42.55000000","longitude":"-71.58333330","name":"La Bolsa"},{"id":"107783","latitude":"-43.53333330","longitude":"-70.73333330","name":"La Carlota"},{"id":"107902","latitude":"-45.91666670","longitude":"-71.25000000","name":"Lago Blanco"},{"id":"107906","latitude":"-42.88333330","longitude":"-71.61666670","name":"Lago Futalaufquen"},{"id":"107909","latitude":"-42.08333330","longitude":"-71.63333330","name":"Lago Puelo"},{"id":"107931","latitude":"-43.70000000","longitude":"-66.80000000","name":"Laguna Grande"},{"id":"107951","latitude":"-43.88333330","longitude":"-69.15000000","name":"La Herrer\u00eda"},{"id":"108019","latitude":"-43.01666670","longitude":"-70.05000000","name":"La Martha"},{"id":"108044","latitude":"-43.30000000","longitude":"-70.41666670","name":"Languileo"},{"id":"108045","latitude":"-43.26666670","longitude":"-69.85000000","name":"Langui\u00f1eo"},{"id":"108204","latitude":"-43.61666670","longitude":"-66.58333330","name":"Las Chapas"},{"id":"108243","latitude":"-42.01666670","longitude":"-71.51666670","name":"Las Golondrinas"},{"id":"108330","latitude":"-43.71666670","longitude":"-67.25000000","name":"Las Plumas"},{"id":"108331","latitude":"-45.43333330","longitude":"-69.63333330","name":"Las Pulgas"},{"id":"108462","latitude":"-42.38333330","longitude":"-71.05000000","name":"Leleque"},{"id":"108469","latitude":"-42.56666670","longitude":"-71.05000000","name":"Lep\u00e1"},{"id":"108473","latitude":"-42.38333330","longitude":"-71.05000000","name":"Leteque"},{"id":"108623","latitude":"-43.16666670","longitude":"-71.75000000","name":"Los Cipreses"},{"id":"108740","latitude":"-45.03333330","longitude":"-70.03333330","name":"Los Tamariscos"},{"id":"108818","latitude":"-42.76666670","longitude":"-65.05000000","name":"Madryn"},{"id":"108842","latitude":"-44.93333330","longitude":"-66.90000000","name":"Malaspina"},{"id":"108859","latitude":"-45.68333330","longitude":"-67.51666670","name":"Manantiales Behr"},{"id":"108871","latitude":"-45.83333330","longitude":"-67.53333330","name":"Manantial Rosales"},{"id":"109358","latitude":"-43.33333330","longitude":"-70.90000000","name":"Niedo"},{"id":"109359","latitude":"-43.33333330","longitude":"-70.90000000","name":"Nieto"},{"id":"109406","latitude":"-44.53333330","longitude":"-70.40000000","name":"Nueva Lubeca"},{"id":"109407","latitude":"-44.53333330","longitude":"-70.40000000","name":"Nueva Lubecka"},{"id":"109599","latitude":"-43.75000000","longitude":"-69.66666670","name":"Pampa de Agnia"},{"id":"109601","latitude":"-45.80000000","longitude":"-68.08333330","name":"Pampa del Castillo"},{"id":"109647","latitude":"-44.66666670","longitude":"-66.66666670","name":"Parada Garayalde"},{"id":"109678","latitude":"-42.88333330","longitude":"-71.61666670","name":"Parque Nacional Los Alerces"},{"id":"109691","latitude":"-43.86666670","longitude":"-69.10000000","name":"Paso de Indios"},{"id":"109699","latitude":"-43.86666670","longitude":"-69.10000000","name":"Paso de los Indios"},{"id":"109714","latitude":"-45.96666670","longitude":"-70.60000000","name":"Paso Guenguel"},{"id":"109722","latitude":"-45.68333330","longitude":"-70.26666670","name":"Paso Rio de Mayo"},{"id":"109723","latitude":"-45.68333330","longitude":"-70.26666670","name":"Paso R\u00edo Mayo"},{"id":"109735","latitude":"-45.30000000","longitude":"-70.50000000","name":"Pastos Blancos"},{"id":"109818","latitude":"-45.80000000","longitude":"-67.53333330","name":"Petroqu\u00edmica"},{"id":"109838","latitude":"-45.41666670","longitude":"-67.41666670","name":"Pico de Salamanca"},{"id":"109840","latitude":"-45.41666670","longitude":"-67.41666670","name":"Pico Salamanca"},{"id":"109905","latitude":"-42.56666670","longitude":"-64.28333330","name":"Pir\u00e1mide"},{"id":"109920","latitude":"-43.31666670","longitude":"-65.03333330","name":"Playa Uni\u00f3n"},{"id":"110132","latitude":"-42.11666670","longitude":"-71.71666670","name":"Puelo"},{"id":"110156","latitude":"-42.00000000","longitude":"-65.10000000","name":"Puerto Arroyo Verde"},{"id":"110221","latitude":"-42.00000000","longitude":"-65.10000000","name":"Puerto Lobos"},{"id":"110226","latitude":"-42.76666670","longitude":"-65.05000000","name":"Puerto Madryn"},{"id":"110248","latitude":"-42.56666670","longitude":"-64.28333330","name":"Puerto Pir\u00e1mide"},{"id":"110249","latitude":"-42.56666670","longitude":"-64.28333330","name":"Puerto Pir\u00e1mides"},{"id":"110254","latitude":"-44.35000000","longitude":"-65.23333330","name":"Puerto Raso"},{"id":"110255","latitude":"-43.33333330","longitude":"-65.05000000","name":"Puerto Rawson"},{"id":"110284","latitude":"-45.40000000","longitude":"-67.13333330","name":"Puerto Visser"},{"id":"110337","latitude":"-42.76666670","longitude":"-63.63333330","name":"Punta Delgada"},{"id":"110357","latitude":"-43.81666670","longitude":"-70.91666670","name":"Putrachoique"},{"id":"110358","latitude":"-43.60000000","longitude":"-71.03333330","name":"Puyel"},{"id":"110403","latitude":"-45.93333330","longitude":"-67.53333330","name":"Rada Tilli"},{"id":"110404","latitude":"-45.93333330","longitude":"-67.53333330","name":"Rada Tilly"},{"id":"110467","latitude":"-43.30000000","longitude":"-65.10000000","name":"Rawson"},{"id":"110509","latitude":"-45.80000000","longitude":"-67.41666670","name":"Resting Al\u00ed"},{"id":"110533","latitude":"-42.51666670","longitude":"-71.45000000","name":"Rinc\u00f3n de Cholila"},{"id":"110573","latitude":"-45.68333330","longitude":"-70.26666670","name":"R\u00edo Mayo"},{"id":"110577","latitude":"-44.21666670","longitude":"-71.35000000","name":"Rio Pica"},{"id":"110578","latitude":"-44.21666670","longitude":"-71.35000000","name":"R\u00edo Pico"},{"id":"110581","latitude":"-42.11666670","longitude":"-71.71666670","name":"R\u00edo Puelo"},{"id":"110612","latitude":"-45.81666670","longitude":"-67.43333330","name":"Roberto M. Ortiz"},{"id":"110668","latitude":"-45.68333330","longitude":"-70.26666670","name":"Rosa"},{"id":"110704","latitude":"-42.50000000","longitude":"-68.51666670","name":"Sacanana"},{"id":"111021","latitude":"-44.03333330","longitude":"-70.48333330","name":"San Mart\u00edn"},{"id":"111273","latitude":"-45.60000000","longitude":"-69.08333330","name":"Sarmiento"},{"id":"111351","latitude":"-42.75000000","longitude":"-66.00000000","name":"Sierra Chata"},{"id":"111358","latitude":"-44.68333330","longitude":"-69.63333330","name":"Sierra Nevada"},{"id":"111360","latitude":"-43.11666670","longitude":"-67.33333330","name":"Sierra Rosada"},{"id":"111513","latitude":"-42.23333330","longitude":"-68.28333330","name":"Talagapa"},{"id":"111532","latitude":"-45.81666670","longitude":"-67.45000000","name":"Tallares"},{"id":"111533","latitude":"-45.81666670","longitude":"-67.45000000","name":"Talleres"},{"id":"111577","latitude":"-43.48333330","longitude":"-70.80000000","name":"Tecka"},{"id":"111590","latitude":"-42.40000000","longitude":"-66.95000000","name":"Telsen"},{"id":"111728","latitude":"-43.25000000","longitude":"-65.30000000","name":"Trelew"},{"id":"111773","latitude":"-43.06666670","longitude":"-71.46666670","name":"Trevel\u00edn"},{"id":"111863","latitude":"-44.21666670","longitude":"-66.15000000","name":"Uzcudum"},{"id":"111864","latitude":"-44.21666670","longitude":"-66.15000000","name":"Uzcudun"},{"id":"111881","latitude":"-45.80000000","longitude":"-67.48333330","name":"Valle"},{"id":"111890","latitude":"-43.71666670","longitude":"-71.21666670","name":"Vargas"},{"id":"112324","latitude":"-45.40000000","longitude":"-67.13333330","name":"Visser"}]