[{"id":"831724","latitude":"55.96666700","longitude":"-3.23333300","name":"East Pilton"},{"id":"831813","latitude":"55.95000000","longitude":"-3.20000000","name":"Edinburgh"},{"id":"832995","latitude":"55.96666700","longitude":"-3.21666700","name":"Granton"},{"id":"835540","latitude":"55.95000000","longitude":"-3.16666700","name":"Leith"},{"id":"838583","latitude":"55.96666700","longitude":"-3.23333300","name":"Pilton"},{"id":"839967","latitude":"55.96666700","longitude":"-3.15000000","name":"Seafield"},{"id":"842775","latitude":"55.96666700","longitude":"-3.25000000","name":"West Pilton"}]