[{"id":"831510","latitude":"54.95000000","longitude":"-1.65000000","name":"Dunston"},{"id":"832691","latitude":"54.94500000","longitude":"-1.61750000","name":"Gateshead"},{"id":"832692","latitude":"54.94500000","longitude":"-1.61750000","name":"Gateshead-on-Tyne"},{"id":"835306","latitude":"54.91666700","longitude":"-1.60000000","name":"Lamesley"},{"id":"836518","latitude":"54.95000000","longitude":"-1.63333300","name":"Low Team"},{"id":"839122","latitude":"54.93333300","longitude":"-1.60000000","name":"Ravensworth"},{"id":"840157","latitude":"54.93333300","longitude":"-1.58333300","name":"Sheriff Hill"},{"id":"841218","latitude":"54.95000000","longitude":"-1.68333300","name":"Swalwell"}]