[{"id":"103935","latitude":"-32.58333330","longitude":"-66.78333330","name":"Algarrobo Grande"},{"id":"103936","latitude":"-32.93333330","longitude":"-66.56666670","name":"Algarrobos Grandes"},{"id":"103958","latitude":"-32.50000000","longitude":"-65.45000000","name":"Alsa"},{"id":"103994","latitude":"-32.75000000","longitude":"-65.25000000","name":"Alto Lindo"},{"id":"103996","latitude":"-33.83333330","longitude":"-66.15000000","name":"Alto Pelado"},{"id":"103997","latitude":"-33.43333330","longitude":"-66.93333330","name":"Alto Pencoso"},{"id":"104060","latitude":"-35.68333330","longitude":"-65.45000000","name":"Anchorena"},{"id":"104156","latitude":"-32.50000000","longitude":"-66.50000000","name":"\u00c1rbol Solo"},{"id":"104172","latitude":"-35.71666670","longitude":"-65.30000000","name":"Arizona"},{"id":"104187","latitude":"-32.36666670","longitude":"-65.36666670","name":"Arroyito"},{"id":"104273","latitude":"-32.13333330","longitude":"-66.76666670","name":"Azcurra"},{"id":"104281","latitude":"-35.15000000","longitude":"-65.58333330","name":"Bagual"},{"id":"104297","latitude":"-35.23333330","longitude":"-66.51666670","name":"Bajada Nueva"},{"id":"104312","latitude":"-33.15000000","longitude":"-66.35000000","name":"Bajo Hondo"},{"id":"104317","latitude":"-33.15000000","longitude":"-66.35000000","name":"Bajos Hondos"},{"id":"104321","latitude":"-32.55000000","longitude":"-65.05000000","name":"Balcarce"},{"id":"104324","latitude":"-33.33333330","longitude":"-66.63333330","name":"Balde"},{"id":"104328","latitude":"-32.13333330","longitude":"-66.76666670","name":"Balde de Azcurra"},{"id":"104329","latitude":"-32.08333330","longitude":"-65.58333330","name":"Balde de Escudero"},{"id":"104331","latitude":"-32.03333330","longitude":"-66.11666670","name":"Balde de los Torres"},{"id":"104333","latitude":"-32.43333330","longitude":"-66.21666670","name":"Balde de Puertas"},{"id":"104334","latitude":"-32.05000000","longitude":"-65.73333330","name":"Balde de Quines"},{"id":"104335","latitude":"-32.03333330","longitude":"-66.11666670","name":"Balde de Torres"},{"id":"104336","latitude":"-32.03333330","longitude":"-66.11666670","name":"Balde Los Torres"},{"id":"104339","latitude":"-32.05000000","longitude":"-65.73333330","name":"Baldes de Quines"},{"id":"104340","latitude":"-32.11666670","longitude":"-66.15000000","name":"Balde Viejo"},{"id":"104407","latitude":"-33.25000000","longitude":"-66.36666670","name":"Barranca Colorada"},{"id":"104466","latitude":"-34.78333330","longitude":"-65.68333330","name":"Batavia"},{"id":"104479","latitude":"-33.75000000","longitude":"-66.65000000","name":"Beazley"},{"id":"104500","latitude":"-32.33333330","longitude":"-66.58333330","name":"Bella Vista"},{"id":"104546","latitude":"-34.75000000","longitude":"-65.25000000","name":"B. Esperanza"},{"id":"104597","latitude":"-32.21666670","longitude":"-66.60000000","name":"Botija"},{"id":"104627","latitude":"-34.75000000","longitude":"-65.25000000","name":"Buena Esperanza"},{"id":"104635","latitude":"-32.81666670","longitude":"-65.81666670","name":"Buena Vista"},{"id":"104669","latitude":"-32.38333330","longitude":"-65.40000000","name":"Cabeza del Novillo"},{"id":"104671","latitude":"-32.38333330","longitude":"-65.40000000","name":"Cabeza de Novillo"},{"id":"104723","latitude":"-33.78333330","longitude":"-65.83333330","name":"Caldenadas"},{"id":"104792","latitude":"-32.46666670","longitude":"-66.55000000","name":"Ca\u00f1ada Angosta"},{"id":"104810","latitude":"-32.83333330","longitude":"-66.03333330","name":"Ca\u00f1ada Honda"},{"id":"104841","latitude":"-32.06666670","longitude":"-65.81666670","name":"Candelaria"},{"id":"104863","latitude":"-33.15000000","longitude":"-65.73333330","name":"Canteras"},{"id":"104864","latitude":"-32.85000000","longitude":"-65.31666670","name":"Canteras Piedras Chatas"},{"id":"104955","latitude":"-32.80000000","longitude":"-66.10000000","name":"Carolina"},{"id":"104958","latitude":"-32.40000000","longitude":"-65.01666670","name":"Carpinter\u00eda"},{"id":"105006","latitude":"-35.08333330","longitude":"-65.11666670","name":"Casimiro G\u00f3mez"},{"id":"105046","latitude":"-33.85000000","longitude":"-66.38333330","name":"Cazador"},{"id":"105091","latitude":"-32.38333330","longitude":"-65.00000000","name":"Cerro de Oro"},{"id":"105118","latitude":"-32.55000000","longitude":"-65.78333330","name":"Chacras"},{"id":"105127","latitude":"-33.71666670","longitude":"-65.96666670","name":"Chalanta"},{"id":"105212","latitude":"-32.45000000","longitude":"-66.76666670","name":"Chimborazo"},{"id":"105220","latitude":"-32.18333330","longitude":"-67.03333330","name":"Chipisca"},{"id":"105221","latitude":"-32.18333330","longitude":"-67.03333330","name":"Chipisc\u00fa"},{"id":"105224","latitude":"-34.16666670","longitude":"-66.33333330","name":"Chischaquita"},{"id":"105236","latitude":"-33.30000000","longitude":"-66.26666670","name":"Chorrillo"},{"id":"105238","latitude":"-33.30000000","longitude":"-66.26666670","name":"Chorrillos"},{"id":"105244","latitude":"-33.40000000","longitude":"-66.81666670","name":"Chosmes"},{"id":"105337","latitude":"-35.33333330","longitude":"-65.83333330","name":"Cochequingam"},{"id":"105338","latitude":"-35.33333330","longitude":"-65.83333330","name":"Cochequing\u00e1n"},{"id":"105413","latitude":"-34.81666670","longitude":"-66.45000000","name":"Colonia Calzada"},{"id":"105571","latitude":"-34.01666670","longitude":"-66.15000000","name":"Colonia Santa Virginia"},{"id":"105596","latitude":"-35.20000000","longitude":"-66.21666670","name":"Colonia Urd\u00e1niz"},{"id":"105617","latitude":"-33.45000000","longitude":"-65.88333330","name":"Comandante Granville"},{"id":"105628","latitude":"-33.45000000","longitude":"-65.88333330","name":"Comte Granville"},{"id":"105631","latitude":"-32.56666670","longitude":"-65.25000000","name":"Concar\u00e1n"},{"id":"105642","latitude":"-32.56666670","longitude":"-65.25000000","name":"Concoran"},{"id":"105658","latitude":"-32.88333330","longitude":"-65.53333330","name":"Conlara"},{"id":"105691","latitude":"-33.45000000","longitude":"-65.55000000","name":"Coronel Alzogaray"},{"id":"105743","latitude":"-34.78333330","longitude":"-65.91666670","name":"Coronel Segovia"},{"id":"105775","latitude":"-32.50000000","longitude":"-65.00000000","name":"Cortaderas"},{"id":"105798","latitude":"-33.70000000","longitude":"-65.36666670","name":"Cr\u00e1mer"},{"id":"105812","latitude":"-32.65000000","longitude":"-66.33333330","name":"Cruz de Ca\u00f1a"},{"id":"105829","latitude":"-33.05000000","longitude":"-65.61666670","name":"Cuatro de Junio"},{"id":"105832","latitude":"-33.26666670","longitude":"-66.11666670","name":"Cuatro Esquinas"},{"id":"105882","latitude":"-33.33333330","longitude":"-66.23333330","name":"Daniel D\u00f3novan"},{"id":"105964","latitude":"-34.76666670","longitude":"-65.51666670","name":"Dixonville"},{"id":"105986","latitude":"-32.56666670","longitude":"-65.25000000","name":"Dolores"},{"id":"105995","latitude":"-33.78333330","longitude":"-66.88333330","name":"Donado"},{"id":"106022","latitude":"-32.30000000","longitude":"-65.28333330","name":"Duraznito"},{"id":"106026","latitude":"-33.16666670","longitude":"-66.15000000","name":"Durazno"},{"id":"106055","latitude":"-35.06666670","longitude":"-66.50000000","name":"El \u00c1guila"},{"id":"106070","latitude":"-33.18333330","longitude":"-66.15000000","name":"El Amparo"},{"id":"106080","latitude":"-32.40000000","longitude":"-66.10000000","name":"El Baldecito"},{"id":"106112","latitude":"-31.88333330","longitude":"-65.86666670","name":"El Cald\u00e9n"},{"id":"106120","latitude":"-32.33333330","longitude":"-67.11666670","name":"El Carmen"},{"id":"106144","latitude":"-32.78333330","longitude":"-66.30000000","name":"El Cha\u00f1ar"},{"id":"106150","latitude":"-32.45000000","longitude":"-66.76666670","name":"El Chimborazo"},{"id":"106156","latitude":"-33.30000000","longitude":"-66.26666670","name":"El Chorrillo"},{"id":"106190","latitude":"-33.16666670","longitude":"-66.15000000","name":"El Durazno"},{"id":"106195","latitude":"-33.38333330","longitude":"-66.01666670","name":"Eleodoro Lobos"},{"id":"106216","latitude":"-31.95000000","longitude":"-65.85000000","name":"El Hormiguero"},{"id":"106237","latitude":"-32.70000000","longitude":"-65.91666670","name":"El Manantial Escondido"},{"id":"106240","latitude":"-33.98333330","longitude":"-65.13333330","name":"El Mangrullo"},{"id":"106244","latitude":"-35.56666670","longitude":"-65.91666670","name":"El Martillo"},{"id":"106250","latitude":"-33.10000000","longitude":"-66.36666670","name":"El Milagro"},{"id":"106264","latitude":"-32.01666670","longitude":"-66.80000000","name":"El Mollar"},{"id":"106269","latitude":"-33.10000000","longitude":"-66.30000000","name":"El Molle"},{"id":"106274","latitude":"-33.21666670","longitude":"-65.48333330","name":"El Morro"},{"id":"106295","latitude":"-32.33333330","longitude":"-65.91666670","name":"El Pantanillo"},{"id":"106296","latitude":"-33.20000000","longitude":"-66.36666670","name":"El Pantano"},{"id":"106310","latitude":"-32.43333330","longitude":"-66.78333330","name":"El Pastal"},{"id":"106311","latitude":"-34.76666670","longitude":"-65.51666670","name":"El Patria"},{"id":"106317","latitude":"-31.88333330","longitude":"-65.93333330","name":"El Pimpollo"},{"id":"106331","latitude":"-33.11666670","longitude":"-66.83333330","name":"El Portezuelo"},{"id":"106338","latitude":"-35.86666670","longitude":"-66.28333330","name":"El Porvenir"},{"id":"106370","latitude":"-34.66666670","longitude":"-66.26666670","name":"El Recuerdo"},{"id":"106374","latitude":"-32.10000000","longitude":"-65.96666670","name":"El Retamo"},{"id":"106382","latitude":"-32.35000000","longitude":"-64.98333330","name":"El Rinc\u00f3n"},{"id":"106386","latitude":"-35.61666670","longitude":"-65.73333330","name":"El Rodeo"},{"id":"106404","latitude":"-32.80000000","longitude":"-65.01666670","name":"El Sauce"},{"id":"106423","latitude":"-32.81666670","longitude":"-66.90000000","name":"El Tala"},{"id":"106438","latitude":"-33.11666670","longitude":"-66.08333330","name":"El Trapiche"},{"id":"106456","latitude":"-33.25000000","longitude":"-66.20000000","name":"El Volc\u00e1n"},{"id":"106468","latitude":"-33.11666670","longitude":"-66.01666670","name":"Embalse La Florida"},{"id":"106555","latitude":"-33.13333330","longitude":"-65.38333330","name":"Esquina"},{"id":"106764","latitude":"-34.76666670","longitude":"-65.51666670","name":"Finca El Patria"},{"id":"106787","latitude":"-33.11666670","longitude":"-66.01666670","name":"Florida"},{"id":"106808","latitude":"-34.76666670","longitude":"-65.51666670","name":"Fort\u00edn El Patria"},{"id":"106831","latitude":"-35.11666670","longitude":"-65.38333330","name":"Fortuna"},{"id":"106836","latitude":"-33.50000000","longitude":"-65.80000000","name":"Fraga"},{"id":"106867","latitude":"-34.75000000","longitude":"-65.40000000","name":"Frisia"},{"id":"107033","latitude":"-32.65000000","longitude":"-66.46666670","name":"General Roca"},{"id":"107137","latitude":"-33.78333330","longitude":"-66.73333330","name":"Gorgonta"},{"id":"107157","latitude":"-33.45000000","longitude":"-65.88333330","name":"Granville"},{"id":"107179","latitude":"-32.55000000","longitude":"-65.56666670","name":"Guanaco Pampa"},{"id":"107267","latitude":"-32.91666670","longitude":"-66.33333330","name":"Hip\u00f3lito Irigoyen"},{"id":"107269","latitude":"-32.91666670","longitude":"-66.33333330","name":"Hip\u00f3lito Yrigoyen"},{"id":"107270","latitude":"-32.91666670","longitude":"-66.33333330","name":"H. Irigoyen"},{"id":"107325","latitude":"-33.83333330","longitude":"-66.21666670","name":"Huejeda"},{"id":"107532","latitude":"-33.40000000","longitude":"-67.03333330","name":"Jarilla"},{"id":"107567","latitude":"-33.61666670","longitude":"-65.26666670","name":"J. Jorba"},{"id":"107636","latitude":"-33.61666670","longitude":"-65.26666670","name":"Juan Jorba"},{"id":"107642","latitude":"-33.26666670","longitude":"-65.61666670","name":"Juan Llerena"},{"id":"107654","latitude":"-33.38333330","longitude":"-66.13333330","name":"Juan W. Gez"},{"id":"107677","latitude":"-33.86666670","longitude":"-65.18333330","name":"Justo Daract"},{"id":"107678","latitude":"-33.86666670","longitude":"-65.18333330","name":"Justo Daraet"},{"id":"107720","latitude":"-34.38333330","longitude":"-65.45000000","name":"La Angelina"},{"id":"107725","latitude":"-34.38333330","longitude":"-65.45000000","name":"La Argelina"},{"id":"107734","latitude":"-33.03333330","longitude":"-66.03333330","name":"La Bajada"},{"id":"107755","latitude":"-32.21666670","longitude":"-66.60000000","name":"La Botija"},{"id":"107760","latitude":"-32.21666670","longitude":"-65.88333330","name":"La Brea"},{"id":"107777","latitude":"-32.40000000","longitude":"-66.68333330","name":"La Ca\u00f1ada"},{"id":"107786","latitude":"-32.80000000","longitude":"-66.10000000","name":"La Carolina"},{"id":"107813","latitude":"-32.61666670","longitude":"-65.45000000","name":"La Cocha"},{"id":"107827","latitude":"-33.78333330","longitude":"-66.50000000","name":"La Costa"},{"id":"107837","latitude":"-33.38333330","longitude":"-66.13333330","name":"La Cumbre"},{"id":"107867","latitude":"-33.13333330","longitude":"-65.38333330","name":"La Esquina"},{"id":"107875","latitude":"-35.28333330","longitude":"-65.90000000","name":"La Estrella"},{"id":"107882","latitude":"-32.06666670","longitude":"-65.33333330","name":"Lafinur"},{"id":"107886","latitude":"-33.11666670","longitude":"-66.01666670","name":"La Florida"},{"id":"107942","latitude":"-32.61666670","longitude":"-65.75000000","name":"Lagunas Largas"},{"id":"107962","latitude":"-32.50000000","longitude":"-65.38333330","name":"La Huerta"},{"id":"107968","latitude":"-34.33333330","longitude":"-66.25000000","name":"La Irene"},{"id":"108006","latitude":"-32.53333330","longitude":"-66.10000000","name":"La Majada"},{"id":"108016","latitude":"-35.20000000","longitude":"-66.35000000","name":"La Maroma"},{"id":"108024","latitude":"-35.28333330","longitude":"-65.75000000","name":"La Melina"},{"id":"108041","latitude":"-33.26666670","longitude":"-66.38333330","name":"La N\u00e9lida"},{"id":"108061","latitude":"-32.33333330","longitude":"-66.31666670","name":"La Pampa Grande"},{"id":"108112","latitude":"-33.00000000","longitude":"-65.81666670","name":"La Puerta"},{"id":"108114","latitude":"-33.13333330","longitude":"-65.08333330","name":"La Punilla"},{"id":"108161","latitude":"-32.36666670","longitude":"-65.50000000","name":"Las Aguadas"},{"id":"108163","latitude":"-32.43333330","longitude":"-65.53333330","name":"La Sala"},{"id":"108177","latitude":"-33.61666670","longitude":"-66.30000000","name":"Las Barrancas"},{"id":"108178","latitude":"-33.18333330","longitude":"-66.06666670","name":"Las Barranquitas"},{"id":"108184","latitude":"-32.06666670","longitude":"-65.48333330","name":"Las Ca\u00f1adas"},{"id":"108202","latitude":"-32.55000000","longitude":"-65.78333330","name":"Las Chacras"},{"id":"108207","latitude":"-32.41666670","longitude":"-65.31666670","name":"Las Chilcas"},{"id":"108208","latitude":"-32.13333330","longitude":"-66.55000000","name":"Las Chimbas"},{"id":"108217","latitude":"-32.50000000","longitude":"-65.00000000","name":"Las Cortaderas"},{"id":"108227","latitude":"-33.86666670","longitude":"-66.31666670","name":"La Se\u00f1a"},{"id":"108238","latitude":"-34.23333330","longitude":"-66.25000000","name":"Las Gamas"},{"id":"108261","latitude":"-33.80000000","longitude":"-65.55000000","name":"Las Isletas"},{"id":"108269","latitude":"-32.60000000","longitude":"-65.55000000","name":"Las Lagunas"},{"id":"108316","latitude":"-32.05000000","longitude":"-65.48333330","name":"Las Palomas"},{"id":"108360","latitude":"-33.13333330","longitude":"-65.75000000","name":"Las Totoras"},{"id":"108395","latitude":"-33.05000000","longitude":"-65.61666670","name":"La Toma"},{"id":"108398","latitude":"-32.66666670","longitude":"-65.83333330","name":"La Totora"},{"id":"108400","latitude":"-32.35000000","longitude":"-67.28333330","name":"La Tranca"},{"id":"108415","latitude":"-33.81666670","longitude":"-65.41666670","name":"Lavaisse"},{"id":"108428","latitude":"-35.55000000","longitude":"-65.36666670","name":"La Verde"},{"id":"108429","latitude":"-32.80000000","longitude":"-65.76666670","name":"La Vertiente"},{"id":"108453","latitude":"-32.48333330","longitude":"-66.05000000","name":"Leandro N. Alem"},{"id":"108486","latitude":"-32.40000000","longitude":"-65.68333330","name":"Libertador General San Mart\u00edn"},{"id":"108487","latitude":"-33.58333330","longitude":"-65.65000000","name":"Liborio Luna"},{"id":"108534","latitude":"-32.70000000","longitude":"-66.98333330","name":"Loma Blanca"},{"id":"108541","latitude":"-32.31666670","longitude":"-66.46666670","name":"Lomas Blancas"},{"id":"108550","latitude":"-32.05000000","longitude":"-65.31666670","name":"Lomitas"},{"id":"108578","latitude":"-32.50000000","longitude":"-65.41666670","name":"Los Alanices"},{"id":"108593","latitude":"-32.30000000","longitude":"-65.23333330","name":"Los Arg\u00fcellos"},{"id":"108605","latitude":"-32.03333330","longitude":"-65.38333330","name":"Los Cajones"},{"id":"108612","latitude":"-33.30000000","longitude":"-66.15000000","name":"Los Cerrillos"},{"id":"108617","latitude":"-32.25000000","longitude":"-65.35000000","name":"Los Cha\u00f1ares"},{"id":"108631","latitude":"-33.61666670","longitude":"-66.51666670","name":"Los Coros"},{"id":"108633","latitude":"-32.30000000","longitude":"-65.28333330","name":"Los Duraznitos"},{"id":"108657","latitude":"-32.45000000","longitude":"-65.28333330","name":"Los Lobos"},{"id":"108676","latitude":"-32.45000000","longitude":"-65.01666670","name":"Los Molles"},{"id":"108709","latitude":"-33.26666670","longitude":"-66.18333330","name":"Los Puquios"},{"id":"108718","latitude":"-31.93333330","longitude":"-66.56666670","name":"Los Ranchos"},{"id":"108780","latitude":"-32.36666670","longitude":"-65.95000000","name":"Luj\u00e1n"},{"id":"108858","latitude":"-32.90000000","longitude":"-65.80000000","name":"Manantial Blanco"},{"id":"108867","latitude":"-32.65000000","longitude":"-65.63333330","name":"Manantiales"},{"id":"108958","latitude":"-35.61666670","longitude":"-66.28333330","name":"Mart\u00edn de Loyola"},{"id":"109043","latitude":"-33.10000000","longitude":"-66.36666670","name":"Melagro"},{"id":"109059","latitude":"-33.66666670","longitude":"-65.46666670","name":"Mercedes"},{"id":"109065","latitude":"-32.35000000","longitude":"-65.03333330","name":"Merlo"},{"id":"109164","latitude":"-33.03333330","longitude":"-65.48333330","name":"Molino Chico"},{"id":"109257","latitude":"-33.63333330","longitude":"-66.98333330","name":"Mosmota"},{"id":"109305","latitude":"-34.78333330","longitude":"-66.16666670","name":"Nahuel Map\u00e1"},{"id":"109314","latitude":"-34.78333330","longitude":"-66.16666670","name":"Nanuel Map\u00e1"},{"id":"109327","latitude":"-52.91666670","longitude":"-65.38333330","name":"Naschel"},{"id":"109332","latitude":"-34.78333330","longitude":"-66.58333330","name":"Navia"},{"id":"109378","latitude":"-32.91666670","longitude":"-66.33333330","name":"Nogol\u00ed"},{"id":"109396","latitude":"-35.95000000","longitude":"-66.16666670","name":"Nueva Constituci\u00f3n"},{"id":"109398","latitude":"-33.78333330","longitude":"-65.73333330","name":"Nueva Escocia"},{"id":"109403","latitude":"-35.11666670","longitude":"-65.25000000","name":"Nueva Galia"},{"id":"109448","latitude":"-32.61666670","longitude":"-65.83333330","name":"Ojo Agua"},{"id":"109452","latitude":"-32.61666670","longitude":"-65.83333330","name":"Ojo de Agua"},{"id":"109455","latitude":"-32.45000000","longitude":"-65.20000000","name":"Ojo del R\u00edo"},{"id":"109640","latitude":"-32.33333330","longitude":"-65.01666670","name":"Pantanillo"},{"id":"109650","latitude":"-33.98333330","longitude":"-65.13333330","name":"Paradero El Mangrullo"},{"id":"109651","latitude":"-34.80000000","longitude":"-66.31666670","name":"Paradero Usiyal"},{"id":"109705","latitude":"-32.95000000","longitude":"-66.00000000","name":"Paso del Rey"},{"id":"109712","latitude":"-32.86666670","longitude":"-65.65000000","name":"Paso Grande"},{"id":"109755","latitude":"-32.95000000","longitude":"-66.00000000","name":"Pazo Rey"},{"id":"109763","latitude":"-33.78333330","longitude":"-65.30000000","name":"Pedernera"},{"id":"109816","latitude":"-33.30000000","longitude":"-66.46666670","name":"Pescadores"},{"id":"109861","latitude":"-32.85000000","longitude":"-65.31666670","name":"Piedras Chatas"},{"id":"109945","latitude":"-35.15000000","longitude":"-65.76666670","name":"Polledo"},{"id":"109970","latitude":"-35.86666670","longitude":"-66.28333330","name":"Porvenir"},{"id":"109981","latitude":"-32.66666670","longitude":"-65.65000000","name":"Potrerillo"},{"id":"109984","latitude":"-32.66666670","longitude":"-65.65000000","name":"Potrerillos"},{"id":"109985","latitude":"-33.21666670","longitude":"-66.23333330","name":"Potrero de la Funes"},{"id":"109989","latitude":"-33.21666670","longitude":"-66.23333330","name":"Potrero de los Funes"},{"id":"109990","latitude":"-33.21666670","longitude":"-66.23333330","name":"Potrero Funes"},{"id":"110011","latitude":"-33.20000000","longitude":"-66.36666670","name":"Pozo del Carril"},{"id":"110026","latitude":"-32.60000000","longitude":"-66.30000000","name":"Pozo del Tala"},{"id":"110335","latitude":"-32.18333330","longitude":"-65.25000000","name":"Punta del Agua"},{"id":"110368","latitude":"-33.25000000","longitude":"-66.26666670","name":"Quebrada de los C\u00f3dores"},{"id":"110392","latitude":"-32.21666670","longitude":"-65.80000000","name":"Quines"},{"id":"110447","latitude":"-35.26666670","longitude":"-65.43333330","name":"Ranquelc\u00f3"},{"id":"110498","latitude":"-32.76666670","longitude":"-65.36666670","name":"Renca"},{"id":"110535","latitude":"-32.45000000","longitude":"-65.48333330","name":"Rinc\u00f3n del Carmen"},{"id":"110582","latitude":"-33.85000000","longitude":"-65.26666670","name":"R\u00edo Quinto"},{"id":"110663","latitude":"-32.11666670","longitude":"-65.25000000","name":"Rosario"},{"id":"110716","latitude":"-32.45000000","longitude":"-65.36666670","name":"Salada"},{"id":"110727","latitude":"-33.20000000","longitude":"-65.85000000","name":"Saladillo"},{"id":"110731","latitude":"-32.45000000","longitude":"-65.36666670","name":"Salado"},{"id":"110744","latitude":"-31.93333330","longitude":"-66.56666670","name":"Salinas"},{"id":"110780","latitude":"-33.05000000","longitude":"-65.90000000","name":"San Ambrosio"},{"id":"110804","latitude":"-32.63333330","longitude":"-66.90000000","name":"San Antonio"},{"id":"110853","latitude":"-33.21666670","longitude":"-66.03333330","name":"San Eduardo"},{"id":"110865","latitude":"-32.85000000","longitude":"-65.48333330","name":"San Felipe"},{"id":"110880","latitude":"-32.60000000","longitude":"-66.13333330","name":"San Francisco del Monte de Oro"},{"id":"110889","latitude":"-32.60000000","longitude":"-66.13333330","name":"San Francisco"},{"id":"110902","latitude":"-33.13333330","longitude":"-66.51666670","name":"San Ger\u00f3nimo"},{"id":"110919","latitude":"-32.08333330","longitude":"-66.10000000","name":"San Ignacio"},{"id":"110929","latitude":"-32.53333330","longitude":"-65.53333330","name":"San Isidro"},{"id":"110944","latitude":"-33.13333330","longitude":"-66.51666670","name":"San Jer\u00f3nimo"},{"id":"110964","latitude":"-33.21666670","longitude":"-65.48333330","name":"San Jos\u00e9 del Morro"},{"id":"111006","latitude":"-33.30000000","longitude":"-66.35000000","name":"San Luis"},{"id":"111013","latitude":"-34.13333330","longitude":"-66.15000000","name":"San Mart\u00edn del Alto Negro"},{"id":"111028","latitude":"-32.40000000","longitude":"-65.68333330","name":"San Mart\u00edn"},{"id":"111046","latitude":"-32.91666670","longitude":"-65.98333330","name":"San Miguel"},{"id":"111058","latitude":"-32.65000000","longitude":"-65.30000000","name":"San Pablo"},{"id":"111075","latitude":"-32.96666670","longitude":"-66.70000000","name":"San Pedro"},{"id":"111099","latitude":"-33.28333330","longitude":"-66.23333330","name":"San Roque"},{"id":"111105","latitude":"-32.28333330","longitude":"-66.76666670","name":"San Salvador"},{"id":"111189","latitude":"-32.33333330","longitude":"-65.20000000","name":"Santa Rosa del Conlara"},{"id":"111207","latitude":"-32.31666670","longitude":"-66.93333330","name":"Santa Rosa"},{"id":"111218","latitude":"-34.21666670","longitude":"-66.78333330","name":"Santa Teresa"},{"id":"111248","latitude":"-32.38333330","longitude":"-66.71666670","name":"Santo Tom\u00e1s"},{"id":"111391","latitude":"-32.56666670","longitude":"-66.26666670","name":"Socoscora"},{"id":"111419","latitude":"-34.23333330","longitude":"-65.41666670","name":"Soven"},{"id":"111463","latitude":"-33.13333330","longitude":"-66.26666670","name":"Suyuque Nuevo"},{"id":"111464","latitude":"-33.15000000","longitude":"-66.30000000","name":"Suyuque"},{"id":"111465","latitude":"-33.15000000","longitude":"-66.30000000","name":"Suyuque Viejo"},{"id":"111528","latitude":"-32.40000000","longitude":"-65.55000000","name":"Tala Verde"},{"id":"111531","latitude":"-32.23333330","longitude":"-65.58333330","name":"Talita"},{"id":"111534","latitude":"-33.46666670","longitude":"-66.63333330","name":"Talleres"},{"id":"111622","latitude":"-32.73333330","longitude":"-65.30000000","name":"Tilisarao"},{"id":"111682","latitude":"-32.75000000","longitude":"-66.35000000","name":"Toro Negro"},{"id":"111693","latitude":"-32.03333330","longitude":"-66.11666670","name":"Torres"},{"id":"111697","latitude":"-35.65000000","longitude":"-66.53333330","name":"Toscal"},{"id":"111716","latitude":"-32.35000000","longitude":"-67.28333330","name":"Tranca"},{"id":"111721","latitude":"-33.11666670","longitude":"-66.08333330","name":"Trapiche"},{"id":"111724","latitude":"-33.78333330","longitude":"-66.08333330","name":"Traves\u00eda"},{"id":"111732","latitude":"-35.05000000","longitude":"-66.10000000","name":"Tres Amigos"},{"id":"111837","latitude":"-35.15000000","longitude":"-65.95000000","name":"Uni\u00f3n"},{"id":"111856","latitude":"-34.80000000","longitude":"-66.31666670","name":"Usiyal"},{"id":"111867","latitude":"-32.66666670","longitude":"-65.58333330","name":"Vaca Parada"},{"id":"111889","latitude":"-34.11666670","longitude":"-66.45000000","name":"Varela"},{"id":"112033","latitude":"-33.03333330","longitude":"-66.30000000","name":"Villa de la Quebrada"},{"id":"112035","latitude":"-32.95000000","longitude":"-65.05000000","name":"Villa del Carmen"},{"id":"112049","latitude":"-32.53333330","longitude":"-65.65000000","name":"Villa de Praga"},{"id":"112059","latitude":"-32.56666670","longitude":"-65.25000000","name":"Villa Dolores"},{"id":"112063","latitude":"-32.53333330","longitude":"-65.65000000","name":"Villa Draga"},{"id":"112084","latitude":"-32.08333330","longitude":"-65.58333330","name":"Villa Evita"},{"id":"112105","latitude":"-32.65000000","longitude":"-66.46666670","name":"Villa General Roca"},{"id":"112142","latitude":"-32.61666670","longitude":"-64.98333330","name":"Villa Larca"},{"id":"112154","latitude":"-32.61666670","longitude":"-64.98333330","name":"Villa Lorca"},{"id":"112182","latitude":"-33.66666670","longitude":"-65.46666670","name":"Villa Mercedes"},{"id":"112216","latitude":"-32.53333330","longitude":"-65.65000000","name":"Villa Praga"},{"id":"112221","latitude":"-33.03333330","longitude":"-66.30000000","name":"Villa Quebrada"},{"id":"112235","latitude":"-33.71666670","longitude":"-65.38333330","name":"Villa Reynolds"},{"id":"112410","latitude":"-33.80000000","longitude":"-66.43333330","name":"Zanjitas"}]