[{"id":"833012","latitude":"51.48333300","longitude":"0.33333300","name":"Grays"},{"id":"833013","latitude":"51.48333300","longitude":"0.33333300","name":"Grays Thurrock"},{"id":"834181","latitude":"51.51666700","longitude":"0.40000000","name":"Horndon on the Hill"},{"id":"838182","latitude":"51.51666700","longitude":"0.36666700","name":"Orsett"},{"id":"840737","latitude":"51.50000000","longitude":"0.41666700","name":"Stanford le Hope"},{"id":"840876","latitude":"51.48333300","longitude":"0.31666700","name":"Stifford"}]