[{"id":"104264","latitude":"-26.70000000","longitude":"-60.73333330","name":"Avi\u00e1 Terai"},{"id":"104415","latitude":"-27.48333330","longitude":"-58.93333330","name":"Barranqueras"},{"id":"104463","latitude":"-27.86666670","longitude":"-59.30000000","name":"Basail"},{"id":"104513","latitude":"-27.33333330","longitude":"-58.93333330","name":"Ben\u00edtez"},{"id":"104527","latitude":"-26.93333330","longitude":"-58.50000000","name":"Bermejo"},{"id":"104670","latitude":"-27.98333330","longitude":"-61.10000000","name":"Cabeza del Tigre"},{"id":"104782","latitude":"-26.80000000","longitude":"-60.83333330","name":"Campo Largo"},{"id":"104902","latitude":"-26.80000000","longitude":"-59.56666670","name":"Capit\u00e1n Solari"},{"id":"104927","latitude":"-27.41666670","longitude":"-59.23333330","name":"Cardoso"},{"id":"105021","latitude":"-25.95000000","longitude":"-60.61666670","name":"Castelli"},{"id":"105166","latitude":"-27.63333330","longitude":"-59.90000000","name":"Charadai"},{"id":"105167","latitude":"-27.63333330","longitude":"-59.90000000","name":"Charaday"},{"id":"105168","latitude":"-27.21666670","longitude":"-61.20000000","name":"Charata"},{"id":"105169","latitude":"-27.21666670","longitude":"-61.20000000","name":"Charatas"},{"id":"105235","latitude":"-27.91666670","longitude":"-61.40000000","name":"Chorotis"},{"id":"105289","latitude":"-26.58333330","longitude":"-59.63333330","name":"Ciervo Petiso"},{"id":"105290","latitude":"-26.58333330","longitude":"-59.63333330","name":"Ciervo Petizo"},{"id":"105324","latitude":"-27.61666670","longitude":"-60.80000000","name":"Clodomiro D\u00edaz"},{"id":"105383","latitude":"-26.96666670","longitude":"-60.16666670","name":"Colonia Agr\u00edcola Aborg\u00edgen Chaco"},{"id":"105396","latitude":"-27.56666670","longitude":"-59.30000000","name":"Colonia Baranda"},{"id":"105401","latitude":"-27.33333330","longitude":"-58.93333330","name":"Colonia Ben\u00edtez"},{"id":"105407","latitude":"-27.35000000","longitude":"-61.18333330","name":"Colonia Bravo"},{"id":"105419","latitude":"-25.95000000","longitude":"-60.61666670","name":"Colonia Castelli"},{"id":"105425","latitude":"-26.96666670","longitude":"-60.50000000","name":"Colonia Cerveza Helada"},{"id":"105448","latitude":"-26.93333330","longitude":"-59.53333330","name":"Colonia Elisa"},{"id":"105450","latitude":"-26.50000000","longitude":"-60.08333330","name":"Colonia El Paraisal"},{"id":"105458","latitude":"-25.85000000","longitude":"-60.75000000","name":"Colonia Florida"},{"id":"105481","latitude":"-26.98333330","longitude":"-60.73333330","name":"Colonia Jos\u00e9 M\u00e1rmol"},{"id":"105482","latitude":"-27.53333330","longitude":"-60.81666670","name":"Colonia Juan Jos\u00e9 Paso"},{"id":"105490","latitude":"-25.85000000","longitude":"-60.75000000","name":"Colonia La Florida"},{"id":"105493","latitude":"-26.58333330","longitude":"-59.80000000","name":"Colonia Las Garcitas"},{"id":"105496","latitude":"-26.65000000","longitude":"-59.98333330","name":"Colonia La Tambora"},{"id":"105504","latitude":"-26.51666670","longitude":"-60.56666670","name":"Colonia Mariano Sarratea"},{"id":"105529","latitude":"-27.28333330","longitude":"-59.15000000","name":"Colonia Popular"},{"id":"105532","latitude":"-27.15000000","longitude":"-60.51666670","name":"Colonia Pozo Colorado"},{"id":"105559","latitude":"-27.10000000","longitude":"-61.16666670","name":"Colonia Santa Ana"},{"id":"105562","latitude":"-27.10000000","longitude":"-61.16666670","name":"Colonia Santa Elena"},{"id":"105585","latitude":"-26.70000000","longitude":"-59.63333330","name":"Colonias Unidas"},{"id":"105595","latitude":"-26.70000000","longitude":"-59.63333330","name":"Colonia Unidas"},{"id":"105612","latitude":"-26.55000000","longitude":"-59.35000000","name":"Colonia Zapallar"},{"id":"105638","latitude":"-26.60000000","longitude":"-60.95000000","name":"Concepci\u00f3n del Bermejo"},{"id":"105703","latitude":"-27.66666670","longitude":"-60.93333330","name":"Coronel Du Graty"},{"id":"105778","latitude":"-26.95000000","longitude":"-60.96666670","name":"Corzuela"},{"id":"105791","latitude":"-27.50000000","longitude":"-59.60000000","name":"Cot\u00e9-Lai"},{"id":"105927","latitude":"-27.11666670","longitude":"-59.45000000","name":"Desvio La Escondida"},{"id":"106197","latitude":"-25.40000000","longitude":"-60.45000000","name":"El Espinillo"},{"id":"106289","latitude":"-27.13333330","longitude":"-61.48333330","name":"El Palmar"},{"id":"106314","latitude":"-26.55000000","longitude":"-58.98333330","name":"El Perdido"},{"id":"106319","latitude":"-24.63333330","longitude":"-61.45000000","name":"El Pintado"},{"id":"106344","latitude":"-26.96666670","longitude":"-61.30000000","name":"El Puc\u00e1"},{"id":"106460","latitude":"-26.55000000","longitude":"-59.35000000","name":"El Zapallar"},{"id":"106500","latitude":"-27.56666670","longitude":"-60.53333330","name":"Enrique Urien"},{"id":"106708","latitude":"-24.96666670","longitude":"-61.33333330","name":"Ex Fort\u00edn Marcos Paz"},{"id":"106709","latitude":"-24.85000000","longitude":"-61.50000000","name":"Ex Fort\u00edn P\u00e9rez Mill\u00e1n"},{"id":"106795","latitude":"-27.41666670","longitude":"-59.03333330","name":"Fontana"},{"id":"106801","latitude":"-27.06666670","longitude":"-59.63333330","name":"Fort\u00edn Aguilar"},{"id":"106804","latitude":"-27.41666670","longitude":"-59.23333330","name":"Fort\u00edn Cardoso"},{"id":"106805","latitude":"-27.41666670","longitude":"-59.23333330","name":"Fort\u00edn Cardozo"},{"id":"106814","latitude":"-25.68333330","longitude":"-60.21666670","name":"Fort\u00edn Lavalle"},{"id":"106819","latitude":"-26.70000000","longitude":"-59.85000000","name":"Fort\u00edn Paso del Oso"},{"id":"106820","latitude":"-24.96666670","longitude":"-61.33333330","name":"Fort\u00edn P\u00e9rez Mill\u00e1n"},{"id":"106895","latitude":"-27.50000000","longitude":"-61.70000000","name":"Gancedo"},{"id":"106949","latitude":"-27.43333330","longitude":"-61.46666670","name":"General Capdevila"},{"id":"106980","latitude":"-26.55000000","longitude":"-59.35000000","name":"General Jos\u00e9 de San Mart\u00edn"},{"id":"106998","latitude":"-26.66666670","longitude":"-58.60000000","name":"General Mansilla"},{"id":"107013","latitude":"-27.41666670","longitude":"-59.43333330","name":"General Obligado"},{"id":"107024","latitude":"-27.31666670","longitude":"-61.28333330","name":"General Pinedo"},{"id":"107038","latitude":"-26.55000000","longitude":"-59.35000000","name":"General San Mart\u00edn"},{"id":"107047","latitude":"-26.93333330","longitude":"-58.66666670","name":"General Vedia"},{"id":"107048","latitude":"-26.93333330","longitude":"-58.66666670","name":"General Verde"},{"id":"107236","latitude":"-27.48333330","longitude":"-60.18333330","name":"Haumonia"},{"id":"107243","latitude":"-27.60000000","longitude":"-61.35000000","name":"Hermoso Campo"},{"id":"107285","latitude":"-27.53333330","longitude":"-59.96666670","name":"Horquilla"},{"id":"107388","latitude":"-26.98333330","longitude":"-59.46666670","name":"Ingeniero Barbet"},{"id":"107498","latitude":"-27.48333330","longitude":"-61.31666670","name":"It\u00edn"},{"id":"107565","latitude":"-25.95000000","longitude":"-60.61666670","name":"J.J. Castelli"},{"id":"107639","latitude":"-25.95000000","longitude":"-60.61666670","name":"Juan Jos\u00e9 Castelli"},{"id":"107699","latitude":"-27.56666670","longitude":"-59.71666670","name":"Kil\u00f3metro 474"},{"id":"107707","latitude":"-26.90000000","longitude":"-60.13333330","name":"Kil\u00f3metro 846"},{"id":"107802","latitude":"-26.83333330","longitude":"-60.31666670","name":"La Chiquita"},{"id":"107812","latitude":"-27.13333330","longitude":"-60.66666670","name":"La Clotilde"},{"id":"107848","latitude":"-26.83333330","longitude":"-59.08333330","name":"La Eduvigis"},{"id":"107855","latitude":"-27.11666670","longitude":"-59.45000000","name":"La Escondida"},{"id":"107901","latitude":"-27.26666670","longitude":"-59.23333330","name":"Lago Blanca"},{"id":"107922","latitude":"-27.26666670","longitude":"-59.23333330","name":"Laguna Blanca"},{"id":"107936","latitude":"-26.48333330","longitude":"-59.68333330","name":"Laguna Limpia"},{"id":"107989","latitude":"-27.05000000","longitude":"-58.71666670","name":"La Leonesa"},{"id":"108054","latitude":"-27.16666670","longitude":"-59.40000000","name":"Lapachito"},{"id":"108129","latitude":"-27.81666670","longitude":"-58.85000000","name":"La Ramadita"},{"id":"108157","latitude":"-27.86666670","longitude":"-59.95000000","name":"La S\u00e1bana"},{"id":"108180","latitude":"-27.08333330","longitude":"-61.08333330","name":"Las Bre\u00f1as"},{"id":"108240","latitude":"-26.58333330","longitude":"-59.80000000","name":"Las Garcitas"},{"id":"108309","latitude":"-27.06666670","longitude":"-58.70000000","name":"Las Palmas"},{"id":"108379","latitude":"-27.60000000","longitude":"-61.70000000","name":"Las V\u00edboras"},{"id":"108390","latitude":"-27.10000000","longitude":"-60.56666670","name":"La Tigra"},{"id":"108427","latitude":"-27.13333330","longitude":"-59.38333330","name":"La Verde"},{"id":"108430","latitude":"-27.95000000","longitude":"-59.98333330","name":"La Vicu\u00f1a"},{"id":"108537","latitude":"-26.81666670","longitude":"-59.13333330","name":"Loma Florida"},{"id":"108581","latitude":"-27.70000000","longitude":"-59.11666670","name":"Los Algarrobos"},{"id":"108636","latitude":"-26.41666670","longitude":"-61.41666670","name":"Los Frentones"},{"id":"108637","latitude":"-26.41666670","longitude":"-61.41666670","name":"Los Frontones"},{"id":"108710","latitude":"-27.16666670","longitude":"-61.65000000","name":"Los Quebrachitos"},{"id":"108802","latitude":"-26.93333330","longitude":"-60.05000000","name":"Machagai"},{"id":"108836","latitude":"-27.21666670","longitude":"-59.28333330","name":"Makall\u00e9"},{"id":"108864","latitude":"-25.11666670","longitude":"-60.71666670","name":"Manantiales"},{"id":"108925","latitude":"-27.26666670","longitude":"-58.96666670","name":"Margarita Bel\u00e9n"},{"id":"108926","latitude":"-27.26666670","longitude":"-58.96666670","name":"Margarita BeT\u00e9n"},{"id":"109010","latitude":"-27.26666670","longitude":"-58.96666670","name":"M. Bel\u00e9n"},{"id":"109071","latitude":"-27.43333330","longitude":"-61.01666670","name":"Mes\u00f3n de Fierro"},{"id":"109092","latitude":"-24.96666670","longitude":"-61.33333330","name":"Mill\u00e1n"},{"id":"109289","latitude":"-27.53333330","longitude":"-59.96666670","name":"Murquilla"},{"id":"109316","latitude":"-26.90000000","longitude":"-60.13333330","name":"Napalp\u00ed"},{"id":"109317","latitude":"-26.73333330","longitude":"-60.61666670","name":"Napenay"},{"id":"109340","latitude":"-27.98333330","longitude":"-61.10000000","name":"Necochea"},{"id":"109409","latitude":"-24.96666670","longitude":"-61.33333330","name":"Nueva Poblaci\u00f3n"},{"id":"109411","latitude":"-24.85000000","longitude":"-61.50000000","name":"Nueva Pompeya"},{"id":"109443","latitude":"-27.40000000","longitude":"-60.01666670","name":"Oetling"},{"id":"109562","latitude":"-27.20000000","longitude":"-58.75000000","name":"Palmar"},{"id":"109568","latitude":"-27.06666670","longitude":"-58.70000000","name":"Palmas"},{"id":"109580","latitude":"-25.40000000","longitude":"-60.73333330","name":"Palo Marcado"},{"id":"109596","latitude":"-26.70000000","longitude":"-59.13333330","name":"Pampa Almir\u00f3n"},{"id":"109598","latitude":"-26.28333330","longitude":"-60.30000000","name":"Pampa Cab\u00e1 \u00d1ar\u00f3"},{"id":"109603","latitude":"-27.15000000","longitude":"-61.13333330","name":"Pampa del Cielo"},{"id":"109604","latitude":"-26.03333330","longitude":"-59.91666670","name":"Pampa del Indio"},{"id":"109605","latitude":"-26.51666670","longitude":"-61.16666670","name":"Pampa del Infierno"},{"id":"109608","latitude":"-26.55000000","longitude":"-60.40000000","name":"Pampa Florida"},{"id":"109611","latitude":"-26.21666670","longitude":"-61.05000000","name":"Pampa Guanaco"},{"id":"109612","latitude":"-27.13333330","longitude":"-61.30000000","name":"Pampa Maiel"},{"id":"109613","latitude":"-27.13333330","longitude":"-61.30000000","name":"Pampa Majel"},{"id":"109620","latitude":"-27.05000000","longitude":"-61.18333330","name":"Pampa San Mart\u00edn"},{"id":"109621","latitude":"-27.03333330","longitude":"-61.30000000","name":"Pampa Sommer"},{"id":"109702","latitude":"-26.70000000","longitude":"-59.85000000","name":"Paso del Oso"},{"id":"109707","latitude":"-26.70000000","longitude":"-59.85000000","name":"Paso de Oso"},{"id":"110015","latitude":"-27.01666670","longitude":"-61.01666670","name":"Pozo del Indio"},{"id":"110038","latitude":"-25.58333330","longitude":"-63.13333330","name":"Pozo Hondo"},{"id":"110053","latitude":"-27.01666670","longitude":"-59.85000000","name":"Presidencia de la Plaza"},{"id":"110054","latitude":"-26.13333330","longitude":"-59.60000000","name":"Presidencia Roca"},{"id":"110055","latitude":"-26.78333330","longitude":"-60.45000000","name":"Presidencia Roque S\u00e1enz Pe\u00f1a"},{"id":"110056","latitude":"-27.01666670","longitude":"-59.85000000","name":"Presidente de la Plaza"},{"id":"110062","latitude":"-26.13333330","longitude":"-59.60000000","name":"Presidente Roca"},{"id":"110064","latitude":"-26.78333330","longitude":"-60.45000000","name":"Presidente Roque S\u00e1enz Pe\u00f1a"},{"id":"110160","latitude":"-26.93333330","longitude":"-58.50000000","name":"Puerto Bermejo"},{"id":"110176","latitude":"-27.01666670","longitude":"-59.85000000","name":"Puerto de la Plaza"},{"id":"110183","latitude":"-26.31666670","longitude":"-59.36666670","name":"Puerto El Zapallar"},{"id":"110215","latitude":"-27.11666670","longitude":"-58.65000000","name":"Puerto Las Palmas"},{"id":"110277","latitude":"-27.38333330","longitude":"-59.08333330","name":"Puerto Tirol"},{"id":"110283","latitude":"-27.51666670","longitude":"-58.93333330","name":"Puerto Vilelas"},{"id":"110290","latitude":"-26.31666670","longitude":"-59.36666670","name":"Puerto Zapallar"},{"id":"110301","latitude":"-27.11666670","longitude":"-58.65000000","name":"Puesto Las Palmas"},{"id":"110349","latitude":"-27.20000000","longitude":"-59.05000000","name":"Punta Riel"},{"id":"110400","latitude":"-26.86666670","longitude":"-60.21666670","name":"Quitilipi"},{"id":"110415","latitude":"-27.81666670","longitude":"-58.85000000","name":"Ramadita"},{"id":"110490","latitude":"-26.96666670","longitude":"-60.16666670","name":"Reducci\u00f3n de Indios"},{"id":"110506","latitude":"-27.45000000","longitude":"-58.98333330","name":"Resistencia"},{"id":"110574","latitude":"-26.30000000","longitude":"-61.68333330","name":"R\u00edo Muerto"},{"id":"110588","latitude":"-27.55000000","longitude":"-59.66666670","name":"R\u00edo Tapenag\u00e1"},{"id":"110650","latitude":"-26.78333330","longitude":"-60.45000000","name":"Roque S\u00e1enz Pe\u00f1a"},{"id":"110764","latitude":"-27.51666670","longitude":"-60.40000000","name":"Samuhi"},{"id":"110765","latitude":"-27.51666670","longitude":"-60.40000000","name":"Samuh\u00fa"},{"id":"110820","latitude":"-27.28333330","longitude":"-60.70000000","name":"San Bernardo"},{"id":"110977","latitude":"-24.46666670","longitude":"-62.25000000","name":"San Juancito"},{"id":"111213","latitude":"-27.81666670","longitude":"-61.15000000","name":"Santa Silvina"},{"id":"111215","latitude":"-27.81666670","longitude":"-61.15000000","name":"Santa Sylvina"},{"id":"111324","latitude":"-26.80000000","longitude":"-58.96666670","name":"Selvas del R\u00edo de Oro"},{"id":"111326","latitude":"-26.80000000","longitude":"-58.96666670","name":"Selvas"},{"id":"111370","latitude":"-24.51666670","longitude":"-62.05000000","name":"Simbolar"},{"id":"111487","latitude":"-25.61666670","longitude":"-63.28333330","name":"Taco Pozo"},{"id":"111747","latitude":"-26.93333330","longitude":"-61.60000000","name":"Tres Estacas"},{"id":"111751","latitude":"-26.35000000","longitude":"-60.43333330","name":"Tres Isletas"},{"id":"111759","latitude":"-27.98333330","longitude":"-61.71666670","name":"Tres Mojones"},{"id":"111803","latitude":"-24.83333330","longitude":"-61.46666670","name":"Tunales"},{"id":"111907","latitude":"-26.70000000","longitude":"-58.66666670","name":"Velaz"},{"id":"111910","latitude":"-27.81666670","longitude":"-61.38333330","name":"Venados Grandes"},{"id":"111934","latitude":"-27.41666670","longitude":"-59.05000000","name":"Vicentini"},{"id":"111970","latitude":"-27.58333330","longitude":"-60.71666670","name":"Villa \u00c1ngela"},{"id":"111990","latitude":"-27.28333330","longitude":"-60.41666670","name":"Villa Berthet"},{"id":"112414","latitude":"-26.55000000","longitude":"-59.35000000","name":"Zapallar"},{"id":"112416","latitude":"-26.06666670","longitude":"-60.55000000","name":"Zaparinqui"},{"id":"112432","latitude":"-27.71666670","longitude":"-61.36666670","name":"Zuberb\u00fchler"}]