[{"id":"843615","latitude":"12.16666670","longitude":"-61.73333330","name":"Charlotte Town"},{"id":"843621","latitude":"12.11666670","longitude":"-61.73333330","name":"Concord"},{"id":"843634","latitude":"12.13333330","longitude":"-61.73333330","name":"Dothan"},{"id":"843647","latitude":"12.15000000","longitude":"-61.70000000","name":"Florida"},{"id":"843655","latitude":"12.16666670","longitude":"-61.73333330","name":"Gouave"},{"id":"843656","latitude":"12.16666670","longitude":"-61.73333330","name":"Gouyave"},{"id":"843657","latitude":"12.16666670","longitude":"-61.73333330","name":"Goyave"},{"id":"843666","latitude":"12.11666670","longitude":"-61.75000000","name":"Grand Roy"},{"id":"843671","latitude":"12.16666670","longitude":"-61.73333330","name":"Guyave"},{"id":"843713","latitude":"12.15000000","longitude":"-61.73333330","name":"Mabouya"},{"id":"843722","latitude":"12.11666670","longitude":"-61.75000000","name":"Marigot"},{"id":"843731","latitude":"12.11666670","longitude":"-61.71666670","name":"Mon Plaisir"},{"id":"843763","latitude":"12.13333330","longitude":"-61.71666670","name":"Mount Nesbit Land Settlement"},{"id":"843764","latitude":"12.13333330","longitude":"-61.71666670","name":"Mount Nesbit"},{"id":"843815","latitude":"12.15000000","longitude":"-61.70000000","name":"Rosemont"},{"id":"843828","latitude":"12.15000000","longitude":"-61.70000000","name":"Saint Mary"}]