[{"id":"843883","latitude":"43.12694440","longitude":"40.73888890","name":"Aats'i"},{"id":"843884","latitude":"43.12694440","longitude":"40.73888890","name":"Aatsy"},{"id":"843885","latitude":"42.86750000","longitude":"41.55333330","name":"Abaazhvakhu"},{"id":"843886","latitude":"43.14361110","longitude":"40.72111110","name":"Abakhuamtsa"},{"id":"843887","latitude":"43.14361110","longitude":"40.72111110","name":"Abakhuatsa"},{"id":"843888","latitude":"43.14361110","longitude":"40.72111110","name":"Abakhvamtsa"},{"id":"843903","latitude":"43.11666670","longitude":"41.10000000","name":"Abazadag"},{"id":"843910","latitude":"43.19666670","longitude":"40.62472220","name":"Abgara"},{"id":"843911","latitude":"43.11000000","longitude":"40.71583330","name":"Abgarkhuk"},{"id":"843912","latitude":"43.11000000","longitude":"40.71583330","name":"Abgarkhuki"},{"id":"843913","latitude":"43.12694440","longitude":"40.65805560","name":"Abgauyera"},{"id":"843914","latitude":"43.12694440","longitude":"40.65805560","name":"Abgavera"},{"id":"843915","latitude":"43.11000000","longitude":"40.71583330","name":"Abgharkhuk'i"},{"id":"843916","latitude":"42.84666670","longitude":"41.68833330","name":"Abgigdara"},{"id":"843920","latitude":"43.11027780","longitude":"41.24388890","name":"Ablukhvara"},{"id":"843921","latitude":"43.11027780","longitude":"41.24388890","name":"Ablukhvari"},{"id":"843924","latitude":"43.17250000","longitude":"40.48805560","name":"Abtskhua"},{"id":"843930","latitude":"42.75000000","longitude":"41.51666670","name":"Abzhaaptra"},{"id":"843931","latitude":"42.75000000","longitude":"41.51666670","name":"Abzhabtra"},{"id":"843932","latitude":"43.03250000","longitude":"41.07527780","name":"Abzhakva"},{"id":"843933","latitude":"43.03250000","longitude":"41.07527780","name":"Abzhaqva"},{"id":"843934","latitude":"43.04388890","longitude":"40.99805560","name":"Ach'adara"},{"id":"843935","latitude":"43.09527780","longitude":"40.78305560","name":"Achakva"},{"id":"843941","latitude":"42.89000000","longitude":"41.59111110","name":"Achandara"},{"id":"843947","latitude":"42.81222220","longitude":"41.40277780","name":"Acharkete"},{"id":"843948","latitude":"42.81222220","longitude":"41.40277780","name":"Acharketi"},{"id":"843952","latitude":"42.68833330","longitude":"41.63611110","name":"Ach'igvara"},{"id":"843953","latitude":"43.14166670","longitude":"40.67111110","name":"Achkatsa"},{"id":"843966","latitude":"43.17027780","longitude":"41.62194440","name":"Adzgara"},{"id":"843967","latitude":"43.22611110","longitude":"40.43472220","name":"Adzhakhu"},{"id":"843968","latitude":"42.87972220","longitude":"41.64777780","name":"Adzhampazra"},{"id":"843975","latitude":"43.17138890","longitude":"40.62555560","name":"Adzhimchigra"},{"id":"843976","latitude":"43.20611110","longitude":"40.48444440","name":"Adzhkhakhara"},{"id":"843977","latitude":"43.12888890","longitude":"40.83388890","name":"Adzhmatvara"},{"id":"843978","latitude":"43.20388890","longitude":"40.98805560","name":"Adzibzhara"},{"id":"843979","latitude":"43.05722220","longitude":"40.97305560","name":"Adzigezh"},{"id":"843980","latitude":"43.09027780","longitude":"40.75222220","name":"Adzkhapsha"},{"id":"843981","latitude":"42.79166670","longitude":"41.69583330","name":"Adzkhida"},{"id":"843982","latitude":"42.79166670","longitude":"41.69583330","name":"Adzkhyda"},{"id":"843983","latitude":"43.15611110","longitude":"40.62638890","name":"Adzlagara"},{"id":"843984","latitude":"42.79166670","longitude":"41.69583330","name":"Adztkhida"},{"id":"843985","latitude":"42.84305560","longitude":"41.17527780","name":"Adzubzha"},{"id":"843986","latitude":"43.18611110","longitude":"40.83222220","name":"Adzusta"},{"id":"843988","latitude":"42.84305560","longitude":"41.17527780","name":"Adzvibzha"},{"id":"843993","latitude":"42.85250000","longitude":"41.50777780","name":"Adzybzhara"},{"id":"843994","latitude":"42.84305560","longitude":"41.17527780","name":"Adzyubzha"},{"id":"843995","latitude":"42.96666670","longitude":"41.35000000","name":"Afyushra-Khu"},{"id":"844006","latitude":"43.18722220","longitude":"40.40361110","name":"Agaraki"},{"id":"844012","latitude":"43.11000000","longitude":"40.71583330","name":"Agbarkhuk"},{"id":"844018","latitude":"43.06500000","longitude":"40.97972220","name":"Agdara"},{"id":"844024","latitude":"43.01916670","longitude":"41.20916670","name":"Agishi"},{"id":"844030","latitude":"42.79750000","longitude":"41.57194440","name":"Aguaa"},{"id":"844031","latitude":"42.76694440","longitude":"41.67555560","name":"Agubedia"},{"id":"844032","latitude":"42.92000000","longitude":"41.09916670","name":"Agudzera"},{"id":"844033","latitude":"42.92000000","longitude":"41.09916670","name":"Agudzery"},{"id":"844034","latitude":"43.41111110","longitude":"40.82000000","name":"Agurip'st'a"},{"id":"844035","latitude":"42.87222220","longitude":"41.59250000","name":"Agvavera"},{"id":"844037","latitude":"42.92888890","longitude":"41.50388890","name":"Aimara"},{"id":"844038","latitude":"43.17138890","longitude":"40.62555560","name":"Ajimch'ighra"},{"id":"844039","latitude":"43.03444440","longitude":"41.13361110","name":"Akapa"},{"id":"844040","latitude":"42.85777780","longitude":"41.77861110","name":"Akarmara"},{"id":"844048","latitude":"42.83694440","longitude":"41.19722220","name":"Akhaldaba"},{"id":"844061","latitude":"43.07638890","longitude":"40.81027780","name":"Akhali-Afoni"},{"id":"844062","latitude":"42.79611110","longitude":"41.54694440","name":"Akhali Akvaskia"},{"id":"844063","latitude":"43.07638890","longitude":"40.81027780","name":"Akhali At'oni"},{"id":"844066","latitude":"43.28777780","longitude":"40.26861110","name":"Akhali-Gagra"},{"id":"844074","latitude":"42.78944440","longitude":"41.29027780","name":"Akhali Kindghi"},{"id":"844075","latitude":"42.78944440","longitude":"41.29027780","name":"Akhali-Kindgi"},{"id":"844099","latitude":"43.11638890","longitude":"41.02527780","name":"Akhalsheni"},{"id":"844110","latitude":"43.00444440","longitude":"41.09888890","name":"Akhalsop'eli"},{"id":"844174","latitude":"42.81666670","longitude":"41.30000000","name":"Akhuaa"},{"id":"844175","latitude":"43.23944440","longitude":"40.40111110","name":"Akhuadzha"},{"id":"844178","latitude":"42.95777780","longitude":"41.38138890","name":"Akhutsa"},{"id":"844179","latitude":"43.19472220","longitude":"40.58611110","name":"Akhuts"},{"id":"844180","latitude":"43.23944440","longitude":"40.40111110","name":"Akhvadzha"},{"id":"844181","latitude":"42.85861110","longitude":"41.19583330","name":"Akhyvaa"},{"id":"844182","latitude":"42.90666670","longitude":"41.48472220","name":"Ak'idra"},{"id":"844187","latitude":"42.83694440","longitude":"41.66444440","name":"Akuarchapan"},{"id":"844188","latitude":"43.16861110","longitude":"40.59722220","name":"Akuaskyamtsa"},{"id":"844192","latitude":"43.11277780","longitude":"40.83555560","name":"Akvacha"},{"id":"844193","latitude":"43.20638890","longitude":"40.56666670","name":"Akvacharkhu"},{"id":"844194","latitude":"43.24194440","longitude":"40.39861110","name":"Akvara"},{"id":"844195","latitude":"42.75000000","longitude":"41.56666670","name":"Akvarashi"},{"id":"844196","latitude":"42.83694440","longitude":"41.66444440","name":"Akvarchapan"},{"id":"844197","latitude":"42.83694440","longitude":"41.66444440","name":"Akvarchapani"},{"id":"844198","latitude":"42.81777780","longitude":"41.56277780","name":"Akvaske"},{"id":"844199","latitude":"43.16861110","longitude":"40.59722220","name":"Akvaskemtsa"},{"id":"844200","latitude":"42.81777780","longitude":"41.56277780","name":"Akvaskia"},{"id":"844201","latitude":"42.90666670","longitude":"41.48472220","name":"Akydra"},{"id":"844204","latitude":"43.21472220","longitude":"40.30611110","name":"Alakhadze"},{"id":"844205","latitude":"43.21472220","longitude":"40.30611110","name":"Alakhadzi"},{"id":"844206","latitude":"43.21472220","longitude":"40.30611110","name":"Alakhadzy"},{"id":"844207","latitude":"43.16777780","longitude":"40.58083330","name":"Alakhashakhu"},{"id":"844208","latitude":"43.16777780","longitude":"40.58083330","name":"Alakhashkhu"},{"id":"844210","latitude":"42.89861110","longitude":"41.33333330","name":"Alapankvara"},{"id":"844221","latitude":"43.12722220","longitude":"40.74305560","name":"Aldzykh"},{"id":"844223","latitude":"43.03638890","longitude":"41.15861110","name":"Aleksandrovka"},{"id":"844225","latitude":"42.99805560","longitude":"41.09472220","name":"Alekseyevka"},{"id":"844233","latitude":"43.11888890","longitude":"40.57805560","name":"Algit"},{"id":"844234","latitude":"43.11888890","longitude":"40.57805560","name":"Algyt"},{"id":"844235","latitude":"43.11888890","longitude":"40.57805560","name":"Algyti"},{"id":"844248","latitude":"43.29583330","longitude":"40.27972220","name":"Alpiiskoe"},{"id":"844249","latitude":"43.29583330","longitude":"40.27972220","name":"Al'piyskoye"},{"id":"844250","latitude":"43.11333330","longitude":"40.73472220","name":"Alra"},{"id":"844254","latitude":"42.93583330","longitude":"41.28583330","name":"Amastas'yevka"},{"id":"844258","latitude":"43.08055560","longitude":"40.96805560","name":"Amba-Rykhutsa"},{"id":"844267","latitude":"43.22138890","longitude":"40.43055560","name":"Amparaa"},{"id":"844268","latitude":"43.22138890","longitude":"40.43055560","name":"Amparaarkhu"},{"id":"844270","latitude":"43.03416670","longitude":"41.32444440","name":"Amtkel"},{"id":"844271","latitude":"43.03416670","longitude":"41.32444440","name":"Amtkeli"},{"id":"844272","latitude":"43.03416670","longitude":"41.32444440","name":"Amtkhel"},{"id":"844273","latitude":"43.03416670","longitude":"41.32444440","name":"Amtkiali"},{"id":"844274","latitude":"43.03416670","longitude":"41.32444440","name":"Amtqeli"},{"id":"844275","latitude":"43.01722220","longitude":"41.35000000","name":"Amzara"},{"id":"844286","latitude":"42.93166670","longitude":"41.27944440","name":"Anastasiyevka"},{"id":"844287","latitude":"42.93583330","longitude":"41.28583330","name":"Anastas'yevka"},{"id":"844294","latitude":"42.89055560","longitude":"41.48250000","name":"Andra"},{"id":"844295","latitude":"43.11638890","longitude":"41.02527780","name":"Andreyevka"},{"id":"844296","latitude":"43.11638890","longitude":"41.02527780","name":"Andreyevskoye"},{"id":"844298","latitude":"42.89000000","longitude":"41.53111110","name":"Androu"},{"id":"844302","latitude":"43.23611110","longitude":"40.49138890","name":"Ankhashtuk"},{"id":"844303","latitude":"43.11916670","longitude":"40.83416670","name":"Ankhva"},{"id":"844306","latitude":"43.11916670","longitude":"40.83416670","name":"Anukhua"},{"id":"844307","latitude":"43.11916670","longitude":"40.83416670","name":"Anukhva"},{"id":"844308","latitude":"43.11694440","longitude":"40.78055560","name":"Anukhva-Armyanskoye"},{"id":"844309","latitude":"43.19916670","longitude":"40.71250000","name":"Aosyrkhva"},{"id":"844311","latitude":"43.00666670","longitude":"41.25166670","name":"Apiancha Nizhniy"},{"id":"844312","latitude":"42.96666670","longitude":"41.25000000","name":"Apiancha Verkhniy"},{"id":"844313","latitude":"43.09472220","longitude":"41.05305560","name":"Apianda"},{"id":"844316","latitude":"43.18500000","longitude":"40.58416670","name":"Apshankhvara"},{"id":"844318","latitude":"43.17250000","longitude":"40.48805560","name":"Aptskhva"},{"id":"844319","latitude":"43.07444440","longitude":"41.32722220","name":"Apushta"},{"id":"844321","latitude":"42.83694440","longitude":"41.66444440","name":"Aqvarch'ap'ani"},{"id":"844323","latitude":"42.75000000","longitude":"41.73333330","name":"Aradu"},{"id":"844324","latitude":"42.75000000","longitude":"41.73333330","name":"Aradukva"},{"id":"844325","latitude":"42.84416670","longitude":"41.25388890","name":"Aragich"},{"id":"844333","latitude":"42.84416670","longitude":"41.25388890","name":"Arakich"},{"id":"844334","latitude":"42.84416670","longitude":"41.25388890","name":"Arakich'i"},{"id":"844339","latitude":"42.88361110","longitude":"41.60055560","name":"Arasadzikh"},{"id":"844340","latitude":"42.88361110","longitude":"41.60055560","name":"Arasadzikhi"},{"id":"844341","latitude":"43.23277780","longitude":"40.33944440","name":"Arasadzykh"},{"id":"844342","latitude":"42.87972220","longitude":"41.64777780","name":"Arasadzykh-Dzhampazar"},{"id":"844343","latitude":"43.09194440","longitude":"41.24805560","name":"Arasara"},{"id":"844344","latitude":"43.18250000","longitude":"40.52083330","name":"Arashakhu"},{"id":"844350","latitude":"42.84222220","longitude":"41.51083330","name":"Arazhpara"},{"id":"844368","latitude":"43.05250000","longitude":"41.48583330","name":"Argunia"},{"id":"844370","latitude":"43.05250000","longitude":"41.48583330","name":"Argunna"},{"id":"844376","latitude":"43.24194440","longitude":"40.42694440","name":"Aripsta"},{"id":"844378","latitude":"43.23444440","longitude":"40.57944440","name":"Arkha"},{"id":"844383","latitude":"43.23444440","longitude":"40.57944440","name":"Arkhva"},{"id":"844387","latitude":"43.10333330","longitude":"40.80361110","name":"Armianskoye Ushelie"},{"id":"844390","latitude":"43.11916670","longitude":"40.83416670","name":"Armyanskoye Anukhua"},{"id":"844391","latitude":"42.93888890","longitude":"41.29888890","name":"Armyanskoye Naa"},{"id":"844392","latitude":"43.11194440","longitude":"40.79000000","name":"Armyanskoye Ushchel'ye"},{"id":"844404","latitude":"43.17944440","longitude":"40.66972220","name":"Aruta"},{"id":"844405","latitude":"43.17944440","longitude":"40.66972220","name":"Aryuta"},{"id":"844416","latitude":"43.18611110","longitude":"40.64027780","name":"Ashir-Khobla"},{"id":"844422","latitude":"43.21888890","longitude":"40.32694440","name":"Aspa"},{"id":"844429","latitude":"43.01722220","longitude":"41.35000000","name":"Asterovka"},{"id":"844432","latitude":"42.92166670","longitude":"41.54527780","name":"Atap-Tsarakhmul"},{"id":"844433","latitude":"42.91916670","longitude":"41.29750000","name":"At'ara Armianskoe"},{"id":"844434","latitude":"42.91916670","longitude":"41.29750000","name":"Atara-Armyanskaya"},{"id":"844435","latitude":"42.91916670","longitude":"41.29750000","name":"Atara-Armyanskoye"},{"id":"844436","latitude":"42.87194440","longitude":"41.27138890","name":"At'ara"},{"id":"844437","latitude":"42.87833330","longitude":"41.30888890","name":"Atarba"},{"id":"844438","latitude":"42.87833330","longitude":"41.30888890","name":"Atarba-Ikhusta"},{"id":"844439","latitude":"42.96000000","longitude":"41.21472220","name":"Atarbekovka"},{"id":"844441","latitude":"43.22277780","longitude":"40.36333330","name":"At'idzt'a"},{"id":"844442","latitude":"42.85111110","longitude":"41.64694440","name":"Atishadu"},{"id":"844447","latitude":"43.17027780","longitude":"41.62194440","name":"Atsgara"},{"id":"844455","latitude":"43.20083330","longitude":"40.33861110","name":"Atsydzhkva"},{"id":"844456","latitude":"43.21500000","longitude":"40.61250000","name":"Atvarkhu"},{"id":"844457","latitude":"43.22472220","longitude":"40.38388890","name":"Atydzta"},{"id":"844458","latitude":"42.84944440","longitude":"41.63250000","name":"Atyshadu"},{"id":"844459","latitude":"43.17833330","longitude":"40.70194440","name":"Aualitsa"},{"id":"844460","latitude":"43.11861110","longitude":"40.84666670","name":"Audzkha"},{"id":"844461","latitude":"43.17833330","longitude":"40.70194440","name":"Aulitsa"},{"id":"844462","latitude":"43.19916670","longitude":"40.71250000","name":"Ausirkhua"},{"id":"844463","latitude":"43.51333330","longitude":"40.66472220","name":"Avadzhara"},{"id":"844474","latitude":"42.92888890","longitude":"41.50388890","name":"Aymara"},{"id":"844475","latitude":"43.08972220","longitude":"41.28611110","name":"Azant'a"},{"id":"844480","latitude":"43.15000000","longitude":"40.81111110","name":"Azhamsa"},{"id":"844481","latitude":"43.11194440","longitude":"41.76138890","name":"Azhara"},{"id":"844482","latitude":"42.80500000","longitude":"41.59666670","name":"Azhgerian"},{"id":"844483","latitude":"43.18694440","longitude":"40.69916670","name":"Azhgydyrkhva"},{"id":"844484","latitude":"43.20611110","longitude":"40.48444440","name":"Azhkhakhara"},{"id":"844491","latitude":"42.84305560","longitude":"41.17527780","name":"Azyubzha"},{"id":"844492","latitude":"43.16666670","longitude":"40.55000000","name":"Baalarkhua"},{"id":"844493","latitude":"43.16666670","longitude":"40.55000000","name":"Baalarkhva"},{"id":"844498","latitude":"42.86777780","longitude":"41.13055560","name":"Babushara"},{"id":"844499","latitude":"42.86777780","longitude":"41.13055560","name":"Babushera"},{"id":"844500","latitude":"42.86777780","longitude":"41.13055560","name":"Babusheri"},{"id":"844501","latitude":"43.20361110","longitude":"40.52833330","name":"Bacha"},{"id":"844511","latitude":"42.91138890","longitude":"41.12444440","name":"Bagaviashta"},{"id":"844512","latitude":"42.91138890","longitude":"41.12444440","name":"Bagazhiashta"},{"id":"844513","latitude":"43.02583330","longitude":"41.15277780","name":"Bagbaran"},{"id":"844523","latitude":"43.02583330","longitude":"41.15277780","name":"Baghmarani"},{"id":"844526","latitude":"43.13861110","longitude":"40.70638890","name":"Bagikita"},{"id":"844527","latitude":"43.13861110","longitude":"40.70638890","name":"Bagikyta"},{"id":"844530","latitude":"42.82416670","longitude":"41.17055560","name":"Baglani"},{"id":"844531","latitude":"43.02583330","longitude":"41.15277780","name":"Bagmarani"},{"id":"844534","latitude":"42.88222220","longitude":"41.20361110","name":"Bagnasheni"},{"id":"844547","latitude":"43.12694440","longitude":"40.73888890","name":"Baklanovka"},{"id":"844559","latitude":"42.80444440","longitude":"41.23555560","name":"Balak"},{"id":"844568","latitude":"43.03333330","longitude":"41.36666670","name":"Bali"},{"id":"844577","latitude":"43.09388890","longitude":"40.60444440","name":"Bambora"},{"id":"844593","latitude":"43.19638890","longitude":"40.51666670","name":"Baramysh"},{"id":"844598","latitude":"42.55166670","longitude":"41.61444440","name":"Bargepi"},{"id":"844609","latitude":"43.19638890","longitude":"40.51666670","name":"Barmishi"},{"id":"844610","latitude":"43.19638890","longitude":"40.51666670","name":"Barmysh"},{"id":"844612","latitude":"43.09388890","longitude":"40.69833330","name":"Barnitsats"},{"id":"844618","latitude":"43.09944440","longitude":"41.71527780","name":"Barumba"},{"id":"844630","latitude":"43.01694440","longitude":"41.04527780","name":"Baslata"},{"id":"844657","latitude":"42.73333330","longitude":"41.65000000","name":"Bedia"},{"id":"844659","latitude":"42.74250000","longitude":"41.65750000","name":"Bediya"},{"id":"844675","latitude":"42.95000000","longitude":"41.40000000","name":"Bekhkan"},{"id":"844704","latitude":"42.75000000","longitude":"41.51972220","name":"Beslachuba"},{"id":"844705","latitude":"42.75000000","longitude":"41.51972220","name":"Beslakhuba"},{"id":"844706","latitude":"43.01694440","longitude":"41.04527780","name":"Beslet'i"},{"id":"844723","latitude":"43.20000000","longitude":"40.59861110","name":"Bgardvany"},{"id":"844730","latitude":"43.15694440","longitude":"40.35000000","name":"Bichvint'a"},{"id":"844739","latitude":"43.14222220","longitude":"40.74611110","name":"Bint'kha"},{"id":"844744","latitude":"43.37388890","longitude":"40.83527780","name":"Bitaga"},{"id":"844749","latitude":"43.21833330","longitude":"40.48250000","name":"Blaburkhva"},{"id":"844776","latitude":"42.91138890","longitude":"41.12444440","name":"Bogoposhta"},{"id":"844815","latitude":"43.09388890","longitude":"40.60444440","name":"Bombara"},{"id":"844816","latitude":"43.09388890","longitude":"40.60444440","name":"Bombora"},{"id":"844817","latitude":"43.09388890","longitude":"40.60444440","name":"Bombori"},{"id":"844818","latitude":"43.09388890","longitude":"40.60444440","name":"Bombory"},{"id":"844846","latitude":"42.91166670","longitude":"41.55638890","name":"Bramba"},{"id":"844871","latitude":"43.01416670","longitude":"41.37805560","name":"Buduki"},{"id":"844872","latitude":"43.10111110","longitude":"41.69194440","name":"Budzgur"},{"id":"844873","latitude":"43.10111110","longitude":"41.69194440","name":"Budzigir"},{"id":"844874","latitude":"43.10111110","longitude":"41.69194440","name":"Budzuguri"},{"id":"844893","latitude":"42.70000000","longitude":"41.61666670","name":"Bulishkhindzhi"},{"id":"844894","latitude":"42.70000000","longitude":"41.61666670","name":"Buliskhindzhi"},{"id":"844920","latitude":"43.14222220","longitude":"40.74611110","name":"Byntkha"},{"id":"844921","latitude":"43.05861110","longitude":"41.14305560","name":"Byrdzha"},{"id":"844922","latitude":"43.02277780","longitude":"41.04750000","name":"Byrtskh"},{"id":"844923","latitude":"42.81666670","longitude":"41.38333330","name":"Bzana"},{"id":"844924","latitude":"42.81666670","longitude":"41.38333330","name":"Bzanakit"},{"id":"844930","latitude":"43.22750000","longitude":"40.38472220","name":"Bzip'i"},{"id":"844934","latitude":"43.22750000","longitude":"40.38472220","name":"Bzyb'"},{"id":"844935","latitude":"43.24527780","longitude":"40.36444440","name":"Bzybta"},{"id":"844936","latitude":"43.28611110","longitude":"40.39888890","name":"Bzybta Pyatyy Kilometr"},{"id":"844937","latitude":"43.26777780","longitude":"40.39444440","name":"Bzybta Tretyy Kilometr"},{"id":"844938","latitude":"43.28611110","longitude":"40.39888890","name":"Bzypiskhevi"},{"id":"844939","latitude":"43.10638890","longitude":"40.79166670","name":"Chabanlug"},{"id":"844968","latitude":"42.92416670","longitude":"41.26388890","name":"Chala"},{"id":"844983","latitude":"43.05000000","longitude":"41.35000000","name":"Chali"},{"id":"845037","latitude":"42.86638890","longitude":"41.62750000","name":"Chatsakyt"},{"id":"845043","latitude":"42.96666670","longitude":"41.31666670","name":"Chegem"},{"id":"845056","latitude":"43.23277780","longitude":"40.46611110","name":"Cherkev-Ikhu"},{"id":"845057","latitude":"43.23277780","longitude":"40.46611110","name":"Cherkezikhu"},{"id":"845058","latitude":"42.94833330","longitude":"41.26500000","name":"Chernigovka"},{"id":"845091","latitude":"42.87722220","longitude":"41.49083330","name":"Chilou"},{"id":"845092","latitude":"42.92888890","longitude":"41.50388890","name":"Chilov-Aimara"},{"id":"845094","latitude":"42.87722220","longitude":"41.49083330","name":"Chilov"},{"id":"845103","latitude":"43.04444440","longitude":"41.34222220","name":"Chin-Chal-Bil"},{"id":"845115","latitude":"43.13833330","longitude":"40.79194440","name":"Chirut'a"},{"id":"845116","latitude":"43.13833330","longitude":"40.79194440","name":"Chiryuta"},{"id":"845132","latitude":"43.09666670","longitude":"41.67333330","name":"Chkalta"},{"id":"845135","latitude":"43.09666670","longitude":"41.67333330","name":"Ch'khalt'a"},{"id":"845153","latitude":"42.76333330","longitude":"41.74250000","name":"Ch'khort'oli"},{"id":"845154","latitude":"42.76333330","longitude":"41.74250000","name":"Chkhortoli Nizhniye"},{"id":"845155","latitude":"42.78333330","longitude":"41.73333330","name":"Chkhortoli Verkhniye"},{"id":"845165","latitude":"42.76333330","longitude":"41.74250000","name":"Chkortoli"},{"id":"845171","latitude":"42.87722220","longitude":"41.49083330","name":"Chlou"},{"id":"845175","latitude":"43.10638890","longitude":"40.79166670","name":"Chobanluk"},{"id":"845239","latitude":"42.58027780","longitude":"41.81805560","name":"Chuburis-Khindzhi"},{"id":"845240","latitude":"42.58027780","longitude":"41.81805560","name":"Chuburkhindzhi"},{"id":"845241","latitude":"42.58027780","longitude":"41.81805560","name":"Chuburkhinji"},{"id":"845283","latitude":"42.82805560","longitude":"41.20611110","name":"Dacha"},{"id":"845357","latitude":"43.08333330","longitude":"41.58333330","name":"Dedukepta"},{"id":"845368","latitude":"42.91055560","longitude":"41.31166670","name":"Depegindze"},{"id":"845376","latitude":"42.89472220","longitude":"41.42305560","name":"Dgamishi"},{"id":"845377","latitude":"42.89472220","longitude":"41.42305560","name":"Dgamsh"},{"id":"845378","latitude":"42.89472220","longitude":"41.42305560","name":"Dgamshi"},{"id":"845400","latitude":"42.84416670","longitude":"41.25388890","name":"Didi-Agaraki"},{"id":"845440","latitude":"43.01583330","longitude":"41.32138890","name":"Didi Krayevich"},{"id":"845477","latitude":"42.48000000","longitude":"41.56666670","name":"Dikhagudzba"},{"id":"845478","latitude":"42.48000000","longitude":"41.56666670","name":"Dikhagudzuba"},{"id":"845481","latitude":"42.61833330","longitude":"41.84416670","name":"Dikhazurga"},{"id":"845500","latitude":"43.08333330","longitude":"41.00000000","name":"Dmitriyevka"},{"id":"845509","latitude":"42.73333330","longitude":"41.51666670","name":"Dodlani"},{"id":"845523","latitude":"42.86444440","longitude":"41.21111110","name":"Dopoukyt"},{"id":"845524","latitude":"42.86444440","longitude":"41.21111110","name":"Dopuakiti"},{"id":"845525","latitude":"42.86444440","longitude":"41.21111110","name":"Dopuakyti"},{"id":"845536","latitude":"42.87166670","longitude":"41.15333330","name":"Dranda"},{"id":"845537","latitude":"42.87166670","longitude":"41.15333330","name":"Drandi"},{"id":"845538","latitude":"42.87166670","longitude":"41.15333330","name":"Drandy"},{"id":"845542","latitude":"42.95000000","longitude":"41.48333330","name":"Duab"},{"id":"845562","latitude":"43.20166670","longitude":"40.64250000","name":"Duripsh"},{"id":"845563","latitude":"43.20166670","longitude":"40.64250000","name":"Durip'shi"},{"id":"845608","latitude":"42.84083330","longitude":"41.58027780","name":"Dzhal-Apsua"},{"id":"845611","latitude":"42.83611110","longitude":"41.52166670","name":"Dzhal"},{"id":"845613","latitude":"42.83611110","longitude":"41.52166670","name":"Dzhali"},{"id":"845614","latitude":"43.04444440","longitude":"41.34222220","name":"Dzhampal"},{"id":"845615","latitude":"43.04444440","longitude":"41.34222220","name":"Dzhampali"},{"id":"845641","latitude":"42.85000000","longitude":"41.78333330","name":"Dzhentukha"},{"id":"845645","latitude":"42.91722220","longitude":"41.35500000","name":"Dzhgerda"},{"id":"845646","latitude":"42.91722220","longitude":"41.35500000","name":"Dzhgerde"},{"id":"845647","latitude":"42.81666670","longitude":"41.61666670","name":"Dzhgeriani"},{"id":"845649","latitude":"43.18694440","longitude":"40.69916670","name":"Dzhgydyrkhva"},{"id":"845668","latitude":"42.88861110","longitude":"41.38055560","name":"Dzhirgul"},{"id":"845669","latitude":"42.88861110","longitude":"41.38055560","name":"Dzhirguli"},{"id":"845670","latitude":"43.19027780","longitude":"40.55722220","name":"Dzhirkhva"},{"id":"845671","latitude":"43.19027780","longitude":"40.55722220","name":"Dzhirkhveto"},{"id":"845712","latitude":"43.00611110","longitude":"41.07111110","name":"Dziguta"},{"id":"845713","latitude":"43.25277780","longitude":"40.36000000","name":"Dzikhcha"},{"id":"845719","latitude":"43.19027780","longitude":"40.55722220","name":"Dzirkha"},{"id":"845764","latitude":"43.20472220","longitude":"40.68305560","name":"Dzybzyr"},{"id":"845808","latitude":"43.02972220","longitude":"40.92694440","name":"Eshera"},{"id":"845809","latitude":"43.02972220","longitude":"40.92694440","name":"Esheri"},{"id":"845811","latitude":"43.02972220","longitude":"40.92694440","name":"Eshiri"},{"id":"845812","latitude":"43.02972220","longitude":"40.92694440","name":"Eshiry"},{"id":"845813","latitude":"42.84777780","longitude":"41.59555560","name":"Eshkit"},{"id":"845814","latitude":"42.75000000","longitude":"41.70000000","name":"Eshkiti"},{"id":"845818","latitude":"42.88222220","longitude":"41.20361110","name":"Estonka"},{"id":"845819","latitude":"42.88222220","longitude":"41.20361110","name":"Estonskoye"},{"id":"845823","latitude":"42.73694440","longitude":"41.54555560","name":"Etseri"},{"id":"845860","latitude":"42.49305560","longitude":"41.57861110","name":"Gagida"},{"id":"845874","latitude":"43.32222220","longitude":"40.24361110","name":"Gagra"},{"id":"845875","latitude":"43.27277780","longitude":"40.29916670","name":"Gagrapsta"},{"id":"845876","latitude":"43.32222220","longitude":"40.24361110","name":"Gagri"},{"id":"845877","latitude":"43.32222220","longitude":"40.24361110","name":"Gagry"},{"id":"845882","latitude":"42.64055560","longitude":"41.73722220","name":"Gali"},{"id":"845907","latitude":"42.52722220","longitude":"41.64277780","name":"Ganakhleba"},{"id":"845947","latitude":"43.24027780","longitude":"40.55638890","name":"Garp"},{"id":"845948","latitude":"43.24027780","longitude":"40.55638890","name":"Garpi"},{"id":"845958","latitude":"43.05000000","longitude":"41.85000000","name":"Gavra"},{"id":"845988","latitude":"43.09861110","longitude":"41.23972220","name":"Genikey"},{"id":"845989","latitude":"43.10527780","longitude":"41.79277780","name":"Gentsvish"},{"id":"845991","latitude":"43.06333330","longitude":"41.36416670","name":"Georgiyevsk"},{"id":"845992","latitude":"43.06333330","longitude":"41.36416670","name":"Georgiyevskoye"},{"id":"845993","latitude":"42.98444440","longitude":"41.21638890","name":"Gerdzauli"},{"id":"845994","latitude":"43.08583330","longitude":"41.25250000","name":"Gergemishi"},{"id":"845995","latitude":"43.08583330","longitude":"41.25250000","name":"Gergemysh"},{"id":"846018","latitude":"42.90111110","longitude":"41.42972220","name":"Ghvada"},{"id":"846111","latitude":"43.06138890","longitude":"41.01472220","name":"Gorana"},{"id":"846126","latitude":"43.07083330","longitude":"41.27777780","name":"Goriana"},{"id":"846137","latitude":"42.86111110","longitude":"41.79194440","name":"Gornyatskiy"},{"id":"846159","latitude":"43.13333330","longitude":"40.83333330","name":"Grecheskoye"},{"id":"846178","latitude":"43.24500000","longitude":"40.30000000","name":"Gruzinskoye Ushchel'ye"},{"id":"846179","latitude":"42.90111110","longitude":"41.42972220","name":"Guada"},{"id":"846180","latitude":"43.11333330","longitude":"41.83500000","name":"Guandra"},{"id":"846181","latitude":"42.93166670","longitude":"41.27944440","name":"Guba-santy"},{"id":"846198","latitude":"43.09388890","longitude":"40.63277780","name":"Gudaut'a"},{"id":"846199","latitude":"43.09388890","longitude":"40.63277780","name":"Gudauti"},{"id":"846200","latitude":"43.09388890","longitude":"40.63277780","name":"Gudauty"},{"id":"846201","latitude":"42.63055560","longitude":"41.52694440","name":"Gudava"},{"id":"846202","latitude":"42.67111110","longitude":"41.60166670","name":"Gudava Verkhnyaya"},{"id":"846203","latitude":"42.63055560","longitude":"41.52694440","name":"Gudavsli"},{"id":"846214","latitude":"43.19222220","longitude":"40.51222220","name":"Gugunirkhua"},{"id":"846215","latitude":"43.19222220","longitude":"40.51222220","name":"Gugunyrkhva"},{"id":"846235","latitude":"42.92694440","longitude":"41.09388890","name":"Gulrifsh"},{"id":"846236","latitude":"42.92694440","longitude":"41.09388890","name":"Gul'ripsh"},{"id":"846237","latitude":"42.92694440","longitude":"41.09388890","name":"Gul'ripshi"},{"id":"846238","latitude":"42.92694440","longitude":"41.09388890","name":"Gulrip'shi"},{"id":"846239","latitude":"42.94916670","longitude":"41.13222220","name":"Gulripsh Verkhniy"},{"id":"846241","latitude":"43.12777780","longitude":"41.03583330","name":"Guma"},{"id":"846246","latitude":"43.02722220","longitude":"40.98138890","name":"Gumist'a"},{"id":"846248","latitude":"42.70000000","longitude":"41.78333330","name":"Gumurishi"},{"id":"846255","latitude":"42.89000000","longitude":"41.59111110","name":"Gup'agu"},{"id":"846256","latitude":"42.84777780","longitude":"41.59555560","name":"Gup-Eshkiti"},{"id":"846257","latitude":"42.84777780","longitude":"41.59555560","name":"Gup"},{"id":"846258","latitude":"42.84777780","longitude":"41.59555560","name":"Gup'i"},{"id":"846259","latitude":"42.85694440","longitude":"41.60527780","name":"Gup-Padlu"},{"id":"846262","latitude":"42.92416670","longitude":"41.37805560","name":"Gurchkh"},{"id":"846263","latitude":"42.92416670","longitude":"41.37805560","name":"Gurchkhi"},{"id":"846286","latitude":"42.98444440","longitude":"41.21638890","name":"Gurzauli"},{"id":"846287","latitude":"42.98444440","longitude":"41.21638890","name":"Gurzuli"},{"id":"846290","latitude":"42.90111110","longitude":"41.42972220","name":"Gvada"},{"id":"846291","latitude":"43.11333330","longitude":"41.83500000","name":"Gvandra"},{"id":"846294","latitude":"43.03888890","longitude":"41.09166670","name":"Gvarda"},{"id":"846296","latitude":"42.64694440","longitude":"41.94777780","name":"Gvashigberdi"},{"id":"846349","latitude":"43.17333330","longitude":"40.37611110","name":"Idzaava"},{"id":"846367","latitude":"42.93333330","longitude":"41.08333330","name":"Ilich"},{"id":"846369","latitude":"42.71666670","longitude":"41.55000000","name":"Ilorgani"},{"id":"846370","latitude":"42.69194440","longitude":"41.50305560","name":"Ilori"},{"id":"846373","latitude":"42.93333330","longitude":"41.08333330","name":"Imeni Il'icha"},{"id":"846376","latitude":"43.12222220","longitude":"40.55666670","name":"Imeni Ordzhonikidze"},{"id":"846395","latitude":"43.17527780","longitude":"40.30138890","name":"Inkit"},{"id":"846406","latitude":"43.23194440","longitude":"40.32166670","name":"Ipnari"},{"id":"846437","latitude":"42.94444440","longitude":"41.16750000","name":"Ivano-Alekseyevka"},{"id":"846455","latitude":"42.91722220","longitude":"41.35500000","name":"Jgerda"},{"id":"846462","latitude":"43.19027780","longitude":"40.55722220","name":"Jirkhva"},{"id":"846475","latitude":"42.73583330","longitude":"41.45388890","name":"Juqmuri"},{"id":"846493","latitude":"42.93333330","longitude":"41.48333330","name":"Kada"},{"id":"846495","latitude":"43.02250000","longitude":"41.49472220","name":"Kadari"},{"id":"846501","latitude":"43.03333330","longitude":"41.46666670","name":"Kagubovka"},{"id":"846526","latitude":"43.22805560","longitude":"40.45638890","name":"Kaldakhiara"},{"id":"846527","latitude":"43.22805560","longitude":"40.45638890","name":"Kaldakhvara"},{"id":"846538","latitude":"43.05333330","longitude":"41.04388890","name":"Kaman"},{"id":"846551","latitude":"42.95000000","longitude":"41.10000000","name":"Kapitanovka"},{"id":"846636","latitude":"42.75000000","longitude":"41.55000000","name":"Katsikhabla"},{"id":"846641","latitude":"43.05250000","longitude":"41.27611110","name":"Kavakluk"},{"id":"846676","latitude":"42.97861110","longitude":"41.06305560","name":"Kelasuri"},{"id":"846689","latitude":"42.88194440","longitude":"41.43916670","name":"Kerekeni"},{"id":"846693","latitude":"42.88194440","longitude":"41.43916670","name":"Kerken"},{"id":"846714","latitude":"43.19805560","longitude":"40.77944440","name":"Khabiua"},{"id":"846715","latitude":"43.19805560","longitude":"40.77944440","name":"Khabiu"},{"id":"846716","latitude":"43.19805560","longitude":"40.77944440","name":"Khabua"},{"id":"846718","latitude":"43.19805560","longitude":"40.77944440","name":"Khabyu"},{"id":"846753","latitude":"43.13194440","longitude":"40.63166670","name":"Khapshira"},{"id":"846807","latitude":"43.13166670","longitude":"41.74805560","name":"Khetskuara"},{"id":"846808","latitude":"43.13166670","longitude":"41.74805560","name":"Khetskvara"},{"id":"846810","latitude":"43.03333330","longitude":"41.31666670","name":"Khevi"},{"id":"846846","latitude":"43.02722220","longitude":"41.41805560","name":"Khizarukha"},{"id":"846860","latitude":"42.61861110","longitude":"41.84750000","name":"Khole"},{"id":"846870","latitude":"43.21500000","longitude":"40.61250000","name":"Khop'i"},{"id":"846895","latitude":"43.13166670","longitude":"41.74805560","name":"Khotskvara"},{"id":"846913","latitude":"43.21500000","longitude":"40.61250000","name":"Khuap"},{"id":"846915","latitude":"43.19027780","longitude":"40.55722220","name":"Khudaara"},{"id":"846924","latitude":"42.61861110","longitude":"41.60111110","name":"Khumeni-Natopuri"},{"id":"846926","latitude":"42.59416670","longitude":"41.66444440","name":"Khumushk'uri"},{"id":"846927","latitude":"42.59833330","longitude":"41.66250000","name":"Khumushkuri"},{"id":"846937","latitude":"43.11611110","longitude":"41.80888890","name":"Khutia"},{"id":"846938","latitude":"43.11611110","longitude":"41.80888890","name":"Khutiya"},{"id":"846975","latitude":"42.82527780","longitude":"41.31583330","name":"Kindghi"},{"id":"846976","latitude":"42.82527780","longitude":"41.31583330","name":"Kindgi"},{"id":"846989","latitude":"42.88861110","longitude":"41.38055560","name":"Kirguli"},{"id":"847070","latitude":"42.85750000","longitude":"41.44361110","name":"K'och'ara"},{"id":"847090","latitude":"42.89166670","longitude":"41.23777780","name":"Kodori"},{"id":"847107","latitude":"42.69250000","longitude":"41.70250000","name":"Kokhora"},{"id":"847117","latitude":"43.22805560","longitude":"40.45638890","name":"Koldakhvara"},{"id":"847121","latitude":"43.24500000","longitude":"40.30000000","name":"Kolkhida"},{"id":"847122","latitude":"43.24500000","longitude":"40.30000000","name":"Kolkhide"},{"id":"847128","latitude":"43.10000000","longitude":"40.98333330","name":"Komani"},{"id":"847136","latitude":"42.78055560","longitude":"41.71416670","name":"Kopiti"},{"id":"847140","latitude":"42.85750000","longitude":"41.14361110","name":"Korasi"},{"id":"847200","latitude":"42.98416670","longitude":"40.97194440","name":"Krasnyy Mayak"},{"id":"847201","latitude":"43.01500000","longitude":"41.30166670","name":"Krayevich"},{"id":"847219","latitude":"42.93166670","longitude":"41.27944440","name":"Kubasan"},{"id":"847220","latitude":"42.93166670","longitude":"41.27944440","name":"Kubasanti"},{"id":"847237","latitude":"43.11583330","longitude":"40.68416670","name":"Kulanurkhva"},{"id":"847238","latitude":"43.11583330","longitude":"40.68416670","name":"Kulanyrkhva"},{"id":"847281","latitude":"43.18111110","longitude":"40.74444440","name":"Kutidzra"},{"id":"847285","latitude":"42.85083330","longitude":"41.39111110","name":"Kutoli"},{"id":"847286","latitude":"42.84555560","longitude":"41.37027780","name":"Kutol"},{"id":"847288","latitude":"43.02444440","longitude":"40.94777780","name":"Kutyshkha"},{"id":"847289","latitude":"43.07305560","longitude":"41.61222220","name":"Kvabchara"},{"id":"847293","latitude":"43.19472220","longitude":"40.72833330","name":"Kvabryuta"},{"id":"847295","latitude":"43.07305560","longitude":"41.61222220","name":"Kvachkara"},{"id":"847296","latitude":"43.12388890","longitude":"41.09666670","name":"Kvadani"},{"id":"847308","latitude":"43.19305560","longitude":"40.57416670","name":"Kvanapa"},{"id":"847434","latitude":"43.10555560","longitude":"41.70916670","name":"K'vemo Azhara"},{"id":"847437","latitude":"42.55166670","longitude":"41.61444440","name":"Kvemo-Bargebi"},{"id":"847438","latitude":"42.55166670","longitude":"41.61444440","name":"K'vemo Barghebi"},{"id":"847440","latitude":"43.03500000","longitude":"41.39833330","name":"Kvemo-Bebutovka"},{"id":"847443","latitude":"43.02277780","longitude":"41.04750000","name":"K'vemo Birts'kha"},{"id":"847464","latitude":"43.10000000","longitude":"41.25000000","name":"Kvemo-Fundukluk"},{"id":"847465","latitude":"43.10000000","longitude":"41.25000000","name":"Kvemo-Funduklyk"},{"id":"847470","latitude":"42.92694440","longitude":"41.09388890","name":"Kvemo-Gul'ripshi"},{"id":"847471","latitude":"42.92694440","longitude":"41.09388890","name":"Kvemo-Gul'ripsh"},{"id":"847497","latitude":"43.24500000","longitude":"40.30000000","name":"Kvemo-Kolkhida"},{"id":"847506","latitude":"43.03055560","longitude":"41.26833330","name":"Kvemo Lemsa"},{"id":"847508","latitude":"43.05472220","longitude":"41.08888890","name":"K'vemo Linda"},{"id":"847517","latitude":"42.95472220","longitude":"41.07972220","name":"K'vemo Merkheuli"},{"id":"847538","latitude":"42.88555560","longitude":"41.13027780","name":"K'vemo P'shap'i"},{"id":"847561","latitude":"43.03055560","longitude":"41.26833330","name":"Kvemo-Tskaro"},{"id":"847564","latitude":"43.03055560","longitude":"41.26833330","name":"K'vemo Tsqaro"},{"id":"847570","latitude":"43.08611110","longitude":"41.65166670","name":"K'vemo Zima"},{"id":"847575","latitude":"43.03500000","longitude":"41.39833330","name":"Kvenbani"},{"id":"847576","latitude":"43.03500000","longitude":"41.39833330","name":"Kvenobani"},{"id":"847584","latitude":"43.36666670","longitude":"40.81666670","name":"Kveto-Bytaga"},{"id":"847606","latitude":"42.83333330","longitude":"41.36666670","name":"Kvitouli"},{"id":"847611","latitude":"42.81055560","longitude":"41.39555560","name":"Labra"},{"id":"847644","latitude":"43.08194440","longitude":"40.91555560","name":"Lakoba"},{"id":"847686","latitude":"43.03638890","longitude":"41.47194440","name":"Lat'a"},{"id":"847687","latitude":"43.05000000","longitude":"41.45000000","name":"Lati Nizhreye"},{"id":"847692","latitude":"43.03333330","longitude":"41.48333330","name":"Latyverkhnie"},{"id":"847697","latitude":"43.17333330","longitude":"40.37611110","name":"Ldzaava"},{"id":"847703","latitude":"42.66222220","longitude":"41.90916670","name":"Lecharaya"},{"id":"847704","latitude":"42.66222220","longitude":"41.90916670","name":"Lechariye"},{"id":"847707","latitude":"43.00361110","longitude":"40.95694440","name":"Lech'k'op'i"},{"id":"847708","latitude":"43.00361110","longitude":"40.95694440","name":"Lechkop"},{"id":"847714","latitude":"43.17333330","longitude":"40.37611110","name":"Ledzava"},{"id":"847744","latitude":"42.67166670","longitude":"41.92833330","name":"Lekukhona"},{"id":"847758","latitude":"43.11666670","longitude":"41.03333330","name":"Lenin"},{"id":"847759","latitude":"43.11666670","longitude":"41.03333330","name":"Lenino"},{"id":"847791","latitude":"43.17027780","longitude":"41.62194440","name":"Levaya Atsgara"},{"id":"847793","latitude":"43.10083330","longitude":"41.82277780","name":"Levyy Gentsvish"},{"id":"847794","latitude":"43.13944440","longitude":"41.68638890","name":"Levyy Ptysh"},{"id":"847802","latitude":"43.17333330","longitude":"40.37611110","name":"Lidzaa"},{"id":"847803","latitude":"43.17333330","longitude":"40.37611110","name":"Lidzava"},{"id":"847807","latitude":"43.13694440","longitude":"40.63527780","name":"Likhni"},{"id":"847830","latitude":"43.13694440","longitude":"40.63527780","name":"Loukhoumi"},{"id":"847834","latitude":"43.13694440","longitude":"40.63527780","name":"Luikhni"},{"id":"847835","latitude":"43.13694440","longitude":"40.63527780","name":"Lukhny"},{"id":"847842","latitude":"43.13694440","longitude":"40.63527780","name":"Lykhni"},{"id":"847843","latitude":"43.13694440","longitude":"40.63527780","name":"Lykhny"},{"id":"847850","latitude":"42.94527780","longitude":"41.09083330","name":"Machara"},{"id":"847859","latitude":"42.94527780","longitude":"41.09083330","name":"Madzhara"},{"id":"847860","latitude":"42.94527780","longitude":"41.09083330","name":"Madzharka"},{"id":"847906","latitude":"42.61222220","longitude":"41.76111110","name":"Makhundzhia"},{"id":"847907","latitude":"42.62416670","longitude":"41.74944440","name":"Makhunjia"},{"id":"847941","latitude":"43.19055560","longitude":"40.53805560","name":"Mamidzhirkhua"},{"id":"847942","latitude":"43.19055560","longitude":"40.53805560","name":"Mamidzhirtskha"},{"id":"847955","latitude":"43.19055560","longitude":"40.53805560","name":"Mamydzhirkhva"},{"id":"847974","latitude":"43.03166670","longitude":"41.21333330","name":"Marani"},{"id":"847976","latitude":"43.02805560","longitude":"41.47277780","name":"Mardakhuch"},{"id":"847977","latitude":"43.10527780","longitude":"41.79277780","name":"Mardzhvena-Gentsvishi"},{"id":"847978","latitude":"43.12916670","longitude":"41.67166670","name":"Mardzhvena-Ptishi"},{"id":"847988","latitude":"43.10527780","longitude":"41.79277780","name":"Marjvena Gentsvishi"},{"id":"847989","latitude":"43.12916670","longitude":"41.67166670","name":"Marjvena Ptishi"},{"id":"848002","latitude":"43.10083330","longitude":"41.82277780","name":"Marts'khena Gentsvishi"},{"id":"848003","latitude":"43.13944440","longitude":"41.68638890","name":"Marts'khena Ptishi"},{"id":"848026","latitude":"43.17388890","longitude":"40.81250000","name":"Maydros-Aylya"},{"id":"848035","latitude":"43.23138890","longitude":"40.47805560","name":"Mazikhua"},{"id":"848036","latitude":"43.23138890","longitude":"40.47805560","name":"Mazikhva"},{"id":"848054","latitude":"43.04916670","longitude":"41.23166670","name":"Megrelovka"},{"id":"848079","latitude":"42.59638890","longitude":"41.79138890","name":"Meore Akvaga"},{"id":"848080","latitude":"43.11916670","longitude":"40.83416670","name":"Meore Anukhva"},{"id":"848083","latitude":"42.73333330","longitude":"41.65000000","name":"Meore-Bedia"},{"id":"848087","latitude":"42.63055560","longitude":"41.52694440","name":"Meore Gudava"},{"id":"848093","latitude":"42.78055560","longitude":"41.71416670","name":"Meore Kopiti"},{"id":"848101","latitude":"42.64916670","longitude":"41.63333330","name":"Meore Shesheleti"},{"id":"848112","latitude":"42.97888890","longitude":"41.13000000","name":"Merkheuli"},{"id":"848113","latitude":"42.75861110","longitude":"41.49722220","name":"Merkula"},{"id":"848121","latitude":"43.04916670","longitude":"41.23166670","name":"Metelevka"},{"id":"848130","latitude":"43.14277780","longitude":"40.52361110","name":"Mguzurkhva"},{"id":"848141","latitude":"43.04916670","longitude":"41.23166670","name":"Migrel'skoye"},{"id":"848156","latitude":"43.08583330","longitude":"41.03444440","name":"Mikhaylovka"},{"id":"848159","latitude":"43.08583330","longitude":"41.03444440","name":"Mikhaylovskoye"},{"id":"848183","latitude":"42.76666670","longitude":"41.65000000","name":"Mishveli"},{"id":"848187","latitude":"43.16777780","longitude":"40.47222220","name":"Miusera"},{"id":"848207","latitude":"42.83138890","longitude":"41.49777780","name":"Mok'vi"},{"id":"848236","latitude":"42.91166670","longitude":"41.55638890","name":"Mramba"},{"id":"848254","latitude":"43.12805560","longitude":"41.04750000","name":"Mtiskalta"},{"id":"848257","latitude":"43.10666670","longitude":"41.08861110","name":"Mtisubani"},{"id":"848260","latitude":"43.13833330","longitude":"40.79194440","name":"Mtsara"},{"id":"848279","latitude":"43.14277780","longitude":"40.52361110","name":"Mugudzirkhua"},{"id":"848280","latitude":"43.14277780","longitude":"40.52361110","name":"Mugudzirkhva"},{"id":"848281","latitude":"43.14277780","longitude":"40.52361110","name":"Mugudzyrkhva"},{"id":"848288","latitude":"43.14277780","longitude":"40.52361110","name":"Muguzyrkhva"},{"id":"848306","latitude":"42.69416670","longitude":"41.71472220","name":"Mukhuri"},{"id":"848332","latitude":"43.03416670","longitude":"41.42416670","name":"Myasinovka"},{"id":"848334","latitude":"43.15750000","longitude":"40.47972220","name":"Myussera"},{"id":"848335","latitude":"43.14277780","longitude":"40.52361110","name":"Myuzurkhya"},{"id":"848336","latitude":"43.13611110","longitude":"40.57638890","name":"Mzakhva"},{"id":"848341","latitude":"43.02694440","longitude":"41.29138890","name":"Mziseuli"},{"id":"848343","latitude":"42.61944440","longitude":"41.73444440","name":"Mziuri"},{"id":"848346","latitude":"42.93888890","longitude":"41.29888890","name":"Naa-Armyanskoye"},{"id":"848347","latitude":"42.93888890","longitude":"41.29888890","name":"Naa"},{"id":"848348","latitude":"42.96111110","longitude":"41.28194440","name":"Naa Verkhneye"},{"id":"848350","latitude":"42.50166670","longitude":"41.67472220","name":"Nabakevi"},{"id":"848358","latitude":"42.88333330","longitude":"41.25000000","name":"Nabzhou"},{"id":"848360","latitude":"42.44277780","longitude":"41.57916670","name":"Nachkadu"},{"id":"848384","latitude":"42.66111110","longitude":"41.89583330","name":"Nadzhikhuri"},{"id":"848402","latitude":"42.64138890","longitude":"41.49750000","name":"Nagvalou"},{"id":"848407","latitude":"43.00444440","longitude":"41.09888890","name":"Naidorf"},{"id":"848423","latitude":"43.11416670","longitude":"41.71138890","name":"Nakhar"},{"id":"848426","latitude":"43.10750000","longitude":"41.09833330","name":"Nakhshira"},{"id":"848431","latitude":"42.86388890","longitude":"41.28777780","name":"Nakhurzou"},{"id":"848443","latitude":"42.86388890","longitude":"41.28777780","name":"Nalchurcou"},{"id":"848506","latitude":"42.77833330","longitude":"41.34250000","name":"Navach"},{"id":"848533","latitude":"43.07638890","longitude":"40.81027780","name":"New Athen"},{"id":"848551","latitude":"42.92416670","longitude":"41.26388890","name":"Nikolayevka"},{"id":"848552","latitude":"42.92416670","longitude":"41.26388890","name":"Nikolo-Anastas'evka"},{"id":"848572","latitude":"42.88555560","longitude":"41.13027780","name":"Nizhne-Pshapskoye"},{"id":"848576","latitude":"43.08305560","longitude":"40.79388890","name":"Nizhneye Armyanskoye Ushchel'ye"},{"id":"848581","latitude":"43.00666670","longitude":"41.25166670","name":"Nizhniy Apiancha"},{"id":"848601","latitude":"42.92694440","longitude":"41.09388890","name":"Nizhniye Gul'ripsh"},{"id":"848607","latitude":"42.83333330","longitude":"41.36666670","name":"Nizhniye Kvitouli"},{"id":"848608","latitude":"43.05000000","longitude":"41.45000000","name":"Nizhniye Lati"},{"id":"848609","latitude":"43.05000000","longitude":"41.45000000","name":"Nizhniye Laty"},{"id":"848627","latitude":"42.92694440","longitude":"41.09388890","name":"Nizhniy Gul'ripsh"},{"id":"848628","latitude":"42.85972220","longitude":"41.76638890","name":"Nizhniy Istochnik"},{"id":"848631","latitude":"42.88555560","longitude":"41.13027780","name":"Nizhniy Pshap"},{"id":"848635","latitude":"43.00666670","longitude":"41.25166670","name":"Nizhnyaya Apiancha"},{"id":"848641","latitude":"43.13194440","longitude":"40.75583330","name":"Nizhnyaya Mtsara"},{"id":"848649","latitude":"43.02638890","longitude":"41.01083330","name":"Nizhnyaya-Yashkhtva"},{"id":"848650","latitude":"43.05000000","longitude":"41.45000000","name":"Nizhnyy Laty"},{"id":"848657","latitude":"42.81583330","longitude":"41.69916670","name":"Nodzhikhevi"},{"id":"848678","latitude":"42.75000000","longitude":"41.51666670","name":"Novaya Beslakhuba"},{"id":"848686","latitude":"43.07638890","longitude":"40.81027780","name":"Novyy Afon"},{"id":"848687","latitude":"42.79611110","longitude":"41.54694440","name":"Novyye Akvaske"},{"id":"848688","latitude":"43.28777780","longitude":"40.26861110","name":"Novyye Gagra"},{"id":"848689","latitude":"43.28777780","longitude":"40.26861110","name":"Novyye Gagry"},{"id":"848691","latitude":"42.78944440","longitude":"41.29027780","name":"Novyye Kindgi"},{"id":"848692","latitude":"42.77333330","longitude":"41.46527780","name":"Novyye Tamishi"},{"id":"848696","latitude":"43.07638890","longitude":"40.81027780","name":"Nowyi Afton"},{"id":"848705","latitude":"42.69666670","longitude":"41.47833330","name":"Ochamchira"},{"id":"848706","latitude":"42.69666670","longitude":"41.47833330","name":"Och'amch'ire"},{"id":"848707","latitude":"42.69666670","longitude":"41.47833330","name":"Ochemchiri"},{"id":"848708","latitude":"42.69666670","longitude":"41.47833330","name":"Ochemchiry"},{"id":"848709","latitude":"42.69666670","longitude":"41.47833330","name":"Ochemechiri"},{"id":"848717","latitude":"43.12000000","longitude":"40.98166670","name":"Ochubure"},{"id":"848720","latitude":"43.07722220","longitude":"41.09750000","name":"Odishi"},{"id":"848723","latitude":"43.17888890","longitude":"40.51916670","name":"Odonurkhava"},{"id":"848741","latitude":"42.65805560","longitude":"41.51833330","name":"Okhurei"},{"id":"848742","latitude":"42.65805560","longitude":"41.51833330","name":"Okhurey"},{"id":"848759","latitude":"43.20972220","longitude":"40.55666670","name":"Okthara"},{"id":"848760","latitude":"43.03055560","longitude":"41.23277780","name":"Ok'tomberi"},{"id":"848761","latitude":"43.09027780","longitude":"40.84555560","name":"Oktomberi"},{"id":"848766","latitude":"42.71500000","longitude":"41.76222220","name":"Ok'umi"},{"id":"848768","latitude":"42.51222220","longitude":"41.59555560","name":"Okvinore"},{"id":"848773","latitude":"43.03055560","longitude":"41.23277780","name":"Ol'ginskoye"},{"id":"848779","latitude":"43.09527780","longitude":"41.86083330","name":"Omarishara"},{"id":"848780","latitude":"43.10666670","longitude":"41.83527780","name":"Omarisharo"},{"id":"848786","latitude":"43.17888890","longitude":"40.51916670","name":"Ondanyrkhva"},{"id":"848809","latitude":"42.94444440","longitude":"41.16750000","name":"Ordu-Kuchuk"},{"id":"848858","latitude":"42.92166670","longitude":"41.54527780","name":"Otap'i"},{"id":"848859","latitude":"42.92166670","longitude":"41.54527780","name":"Otap"},{"id":"848864","latitude":"43.20972220","longitude":"40.55666670","name":"Ot'khara"},{"id":"848865","latitude":"43.20972220","longitude":"40.55666670","name":"Otkhari"},{"id":"848866","latitude":"42.48305560","longitude":"41.62777780","name":"Otobaiya"},{"id":"848867","latitude":"42.48305560","longitude":"41.62777780","name":"Otobaya"},{"id":"848868","latitude":"42.96888890","longitude":"41.30722220","name":"Otorondzhia"},{"id":"848869","latitude":"43.26972220","longitude":"40.27333330","name":"Otradnoe"},{"id":"848870","latitude":"43.27416670","longitude":"40.27722220","name":"Otradnoye"},{"id":"848874","latitude":"42.59305560","longitude":"41.85000000","name":"Otsartse"},{"id":"848875","latitude":"42.69666670","longitude":"41.47833330","name":"Otschemtschiri"},{"id":"848884","latitude":"42.85694440","longitude":"41.60527780","name":"Padgu"},{"id":"848885","latitude":"42.85694440","longitude":"41.60527780","name":"Padlu"},{"id":"848911","latitude":"43.02305560","longitude":"41.33472220","name":"Panta"},{"id":"848919","latitude":"43.15972220","longitude":"40.51416670","name":"Papcha"},{"id":"848921","latitude":"43.20138890","longitude":"40.50305560","name":"Paptsa"},{"id":"848922","latitude":"43.20138890","longitude":"40.50305560","name":"Paptsva"},{"id":"848930","latitude":"42.94444440","longitude":"41.16750000","name":"P'arnaut'i"},{"id":"848931","latitude":"42.94444440","longitude":"41.16750000","name":"Parnaut"},{"id":"848933","latitude":"42.64638890","longitude":"41.86722220","name":"Partonokhovi"},{"id":"848945","latitude":"43.18722220","longitude":"40.40361110","name":"Patara Agaraki"},{"id":"848984","latitude":"43.01500000","longitude":"41.30166670","name":"Patara Krayevichi"},{"id":"849019","latitude":"42.58750000","longitude":"41.71138890","name":"Patrakhutsa"},{"id":"849026","latitude":"43.06638890","longitude":"41.11611110","name":"Pavlovka"},{"id":"849027","latitude":"43.06638890","longitude":"41.11611110","name":"Pavlovskoe"},{"id":"849028","latitude":"43.06638890","longitude":"41.11611110","name":"Pavlovskoye"},{"id":"849040","latitude":"43.07666670","longitude":"41.14305560","name":"Petrovskoye"},{"id":"849047","latitude":"42.44805560","longitude":"41.55888890","name":"P'ich'ori"},{"id":"849060","latitude":"42.88361110","longitude":"41.60055560","name":"Pirazadzikhi"},{"id":"849064","latitude":"42.60083330","longitude":"41.77861110","name":"Pirveli Akvaga"},{"id":"849065","latitude":"42.61138890","longitude":"41.76555560","name":"Pirveli Akvagha"},{"id":"849071","latitude":"42.65638890","longitude":"41.57750000","name":"Pirveli-Gudava"},{"id":"849081","latitude":"42.73083330","longitude":"41.58805560","name":"Pirveli Okhurei"},{"id":"849082","latitude":"42.73083330","longitude":"41.58805560","name":"Pirveli Okhurey"},{"id":"849084","latitude":"42.48305560","longitude":"41.62777780","name":"Pirveli Otobaia"},{"id":"849085","latitude":"42.48305560","longitude":"41.62777780","name":"Pirveli Otobaiya"},{"id":"849086","latitude":"42.48305560","longitude":"41.62777780","name":"Pirveli Otobaya"},{"id":"849087","latitude":"42.48305560","longitude":"41.62777780","name":"Pirveli Otoboya"},{"id":"849088","latitude":"42.66000000","longitude":"41.67611110","name":"Pirveli-Shesheleti"},{"id":"849100","latitude":"42.53277780","longitude":"41.58305560","name":"Pitsargali"},{"id":"849101","latitude":"42.53027780","longitude":"41.58527780","name":"P'its'arghali"},{"id":"849103","latitude":"43.15694440","longitude":"40.35000000","name":"Pitsunda"},{"id":"849104","latitude":"43.15694440","longitude":"40.35000000","name":"Pitsundo"},{"id":"849105","latitude":"43.15694440","longitude":"40.35000000","name":"Pitsundskiy"},{"id":"849124","latitude":"42.76972220","longitude":"41.55472220","name":"Pokeshi"},{"id":"849125","latitude":"42.79750000","longitude":"41.57194440","name":"P'ok'veshi"},{"id":"849126","latitude":"42.79750000","longitude":"41.57194440","name":"Pokvesh"},{"id":"849128","latitude":"43.04722220","longitude":"41.15472220","name":"Poltava-Aleksandrovskoye"},{"id":"849129","latitude":"43.04722220","longitude":"41.15472220","name":"Poltava"},{"id":"849130","latitude":"43.04722220","longitude":"41.15472220","name":"Poltavskoye"},{"id":"849135","latitude":"43.09388890","longitude":"40.60444440","name":"Pos\u00eblok Bombory"},{"id":"849143","latitude":"43.16222220","longitude":"41.62527780","name":"Pravaya Atsgara"},{"id":"849144","latitude":"43.10527780","longitude":"41.79277780","name":"Pravyy Gentsvish"},{"id":"849145","latitude":"43.12916670","longitude":"41.67166670","name":"Pravyy Ptysh"},{"id":"849149","latitude":"43.09333330","longitude":"40.71083330","name":"Primorskoe"},{"id":"849150","latitude":"43.09333330","longitude":"40.71083330","name":"Primorskoye"},{"id":"849151","latitude":"42.59472220","longitude":"41.51972220","name":"Primorsk"},{"id":"849157","latitude":"43.07638890","longitude":"40.81027780","name":"Psereti"},{"id":"849158","latitude":"42.88555560","longitude":"41.13027780","name":"Pshapi Nizhniye"},{"id":"849159","latitude":"42.88527780","longitude":"41.09722220","name":"P'shap'i"},{"id":"849160","latitude":"42.87972220","longitude":"41.14416670","name":"Pshapi Verkhniye"},{"id":"849161","latitude":"42.88527780","longitude":"41.09722220","name":"Pshap"},{"id":"849164","latitude":"43.39388890","longitude":"40.82527780","name":"Pshu"},{"id":"849165","latitude":"43.07638890","longitude":"40.81027780","name":"Psirtkha"},{"id":"849166","latitude":"43.07638890","longitude":"40.81027780","name":"Psirtskha"},{"id":"849167","latitude":"43.08472220","longitude":"40.85000000","name":"P'sirts'kha"},{"id":"849168","latitude":"42.89361110","longitude":"41.28194440","name":"Pskal"},{"id":"849169","latitude":"43.39388890","longitude":"40.82527780","name":"P'skhu"},{"id":"849171","latitude":"43.07638890","longitude":"40.81027780","name":"Pssyrzcha"},{"id":"849172","latitude":"43.07638890","longitude":"40.81027780","name":"Psyrtskha"},{"id":"849174","latitude":"43.12916670","longitude":"41.67166670","name":"Ptish"},{"id":"849176","latitude":"43.12916670","longitude":"41.67166670","name":"Ptysh Levyy"},{"id":"849204","latitude":"43.11583330","longitude":"40.68416670","name":"Qulanurkhva"},{"id":"849221","latitude":"43.18166670","longitude":"40.34333330","name":"Rapytsa"},{"id":"849227","latitude":"42.66694440","longitude":"41.75333330","name":"Rech'khi"},{"id":"849229","latitude":"42.76527780","longitude":"41.64722220","name":"Reka"},{"id":"849232","latitude":"43.15000000","longitude":"41.65000000","name":"Rekva"},{"id":"849234","latitude":"42.63250000","longitude":"41.67027780","name":"Repi-Etseri"},{"id":"849235","latitude":"42.63250000","longitude":"41.67027780","name":"Repi"},{"id":"849236","latitude":"42.63250000","longitude":"41.67027780","name":"Rep'o-Etseri"},{"id":"849237","latitude":"42.63250000","longitude":"41.67027780","name":"Repo"},{"id":"849238","latitude":"43.32777780","longitude":"40.87777780","name":"Reshevie"},{"id":"849239","latitude":"43.32416670","longitude":"40.86944440","name":"Resheviye"},{"id":"849245","latitude":"43.20722220","longitude":"40.43916670","name":"Riapshi"},{"id":"849246","latitude":"43.20722220","longitude":"40.43916670","name":"Riapsh"},{"id":"849249","latitude":"43.39083330","longitude":"40.78833330","name":"Rikza"},{"id":"849284","latitude":"43.20722220","longitude":"40.43916670","name":"Ryapsh"},{"id":"849292","latitude":"42.54694440","longitude":"41.63416670","name":"Sabchot'a Ch'ai"},{"id":"849293","latitude":"42.53722220","longitude":"41.64305560","name":"Sabchota-Chay"},{"id":"849295","latitude":"42.65277780","longitude":"41.93500000","name":"Saberio"},{"id":"849311","latitude":"42.57138890","longitude":"41.64444440","name":"Sabutbaio"},{"id":"849316","latitude":"42.83222220","longitude":"41.58500000","name":"Sachachkhala"},{"id":"849317","latitude":"42.83222220","longitude":"41.58500000","name":"Sachachkhalia"},{"id":"849325","latitude":"42.78333330","longitude":"41.63333330","name":"Sachino"},{"id":"849359","latitude":"42.76666670","longitude":"41.66666670","name":"Sagartskio"},{"id":"849397","latitude":"43.24500000","longitude":"40.30000000","name":"Sakartvelos Kheoba"},{"id":"849413","latitude":"42.75000000","longitude":"41.65000000","name":"Sakhakhubio"},{"id":"849465","latitude":"42.58305560","longitude":"41.78583330","name":"Salkhino"},{"id":"849474","latitude":"42.62944440","longitude":"41.89166670","name":"Samarkvali"},{"id":"849475","latitude":"42.62944440","longitude":"41.89166670","name":"Samarkvalo"},{"id":"849485","latitude":"42.64611110","longitude":"41.72777780","name":"Samkuari"},{"id":"849488","latitude":"42.64611110","longitude":"41.72777780","name":"Samk'vari"},{"id":"849490","latitude":"42.64611110","longitude":"41.72777780","name":"Samokvara"},{"id":"849510","latitude":"43.41166670","longitude":"40.86583330","name":"Sanch'ara"},{"id":"849511","latitude":"43.41166670","longitude":"40.86583330","name":"Sancharo"},{"id":"849561","latitude":"42.57750000","longitude":"41.67333330","name":"Sashamugio"},{"id":"849576","latitude":"43.15277780","longitude":"41.02861110","name":"Satave"},{"id":"849616","latitude":"43.10000000","longitude":"41.11666670","name":"Semenli"},{"id":"849624","latitude":"43.36861110","longitude":"40.82416670","name":"Serebrianoe"},{"id":"849625","latitude":"43.36861110","longitude":"40.82416670","name":"Serebryannoye"},{"id":"849626","latitude":"43.32833330","longitude":"40.85388890","name":"Serebryanoye"},{"id":"849627","latitude":"43.36861110","longitude":"40.82416670","name":"Serebryanyy"},{"id":"849640","latitude":"43.08527780","longitude":"41.66777780","name":"Shabatkvara"},{"id":"849672","latitude":"42.61805560","longitude":"41.71694440","name":"Shashikvara"},{"id":"849678","latitude":"42.90833330","longitude":"41.20527780","name":"Shaumyanovka"},{"id":"849679","latitude":"43.15388890","longitude":"40.78305560","name":"Shaumyan"},{"id":"849704","latitude":"42.64916670","longitude":"41.63333330","name":"Shesheleti"},{"id":"849705","latitude":"42.64916670","longitude":"41.63333330","name":"Sheshleti"},{"id":"849724","latitude":"43.05805560","longitude":"40.91166670","name":"Shitskvara"},{"id":"849727","latitude":"42.65388890","longitude":"41.93500000","name":"Shkashikhuki"},{"id":"849728","latitude":"42.65388890","longitude":"41.93500000","name":"Shkashisuki"},{"id":"849736","latitude":"43.22194440","longitude":"40.62222220","name":"Shkvana"},{"id":"849737","latitude":"43.21361110","longitude":"40.47250000","name":"Shlara"},{"id":"849738","latitude":"42.91416670","longitude":"41.23222220","name":"Shmati"},{"id":"849748","latitude":"43.08583330","longitude":"41.03444440","name":"Shroma"},{"id":"849784","latitude":"43.01583330","longitude":"41.32138890","name":"Shuamta"},{"id":"849785","latitude":"43.13833330","longitude":"40.79194440","name":"Shua-Mta"},{"id":"849787","latitude":"43.13833330","longitude":"40.79194440","name":"Shua-Mtsara"},{"id":"849819","latitude":"42.56444440","longitude":"41.71861110","name":"Sida"},{"id":"849879","latitude":"42.80333330","longitude":"41.20250000","name":"Skurdzhinskiy"},{"id":"849895","latitude":"43.00333330","longitude":"41.01527780","name":"Sokhumi"},{"id":"849911","latitude":"42.85000000","longitude":"41.75000000","name":"Soua-Kvara"},{"id":"849929","latitude":"43.00333330","longitude":"41.01527780","name":"Ssuchum"},{"id":"849934","latitude":"42.94444440","longitude":"41.16750000","name":"Stambul-Nakhalovka"},{"id":"849936","latitude":"43.11638890","longitude":"41.06416670","name":"Starushkino"},{"id":"849941","latitude":"43.00333330","longitude":"41.01527780","name":"Suchum"},{"id":"849948","latitude":"43.16666670","longitude":"41.05000000","name":"Sukhumges-Pervyy"},{"id":"849949","latitude":"43.00333330","longitude":"41.01527780","name":"Sukhumi"},{"id":"849950","latitude":"43.00333330","longitude":"41.01527780","name":"Sukhum"},{"id":"849979","latitude":"43.20055560","longitude":"40.55194440","name":"Synyrkhva"},{"id":"850015","latitude":"42.77944440","longitude":"41.37555560","name":"Tamishi"},{"id":"850017","latitude":"43.15388890","longitude":"40.64500000","name":"Tamkvach-Igvavera"},{"id":"850018","latitude":"43.15388890","longitude":"40.64500000","name":"Tamkvach"},{"id":"850019","latitude":"42.77944440","longitude":"41.37555560","name":"Tamysh-Agu"},{"id":"850020","latitude":"42.77944440","longitude":"41.37555560","name":"Tamysh"},{"id":"850046","latitude":"43.03805560","longitude":"41.03583330","name":"T'avisup'leba"},{"id":"850057","latitude":"43.12666670","longitude":"41.07888890","name":"Tbeti"},{"id":"850083","latitude":"42.97777780","longitude":"41.27527780","name":"Tekhi"},{"id":"850178","latitude":"42.59472220","longitude":"41.60916670","name":"Tkhinashkari"},{"id":"850179","latitude":"42.87972220","longitude":"41.57722220","name":"T'khina"},{"id":"850188","latitude":"42.96333330","longitude":"41.07388890","name":"Tkhubun"},{"id":"850196","latitude":"42.85250000","longitude":"41.67888890","name":"Tkvarcheli"},{"id":"850197","latitude":"42.85250000","longitude":"41.67888890","name":"Tkvarchely"},{"id":"850202","latitude":"42.85250000","longitude":"41.67888890","name":"Tkwartscheli"},{"id":"850260","latitude":"42.84888890","longitude":"41.35722220","name":"Toumishi"},{"id":"850261","latitude":"42.84888890","longitude":"41.35722220","name":"Toumush"},{"id":"850262","latitude":"42.84888890","longitude":"41.35722220","name":"Toumyshi"},{"id":"850263","latitude":"42.84888890","longitude":"41.35722220","name":"Toumysh"},{"id":"850272","latitude":"42.85250000","longitude":"41.67888890","name":"Tqvarch'eli"},{"id":"850297","latitude":"42.77361110","longitude":"41.43000000","name":"Ts'agera"},{"id":"850329","latitude":"43.20305560","longitude":"40.40194440","name":"Tsangvarta"},{"id":"850330","latitude":"43.20305560","longitude":"40.40194440","name":"Tsanigvarta"},{"id":"850333","latitude":"42.71027780","longitude":"41.66111110","name":"Tsarch'e"},{"id":"850339","latitude":"42.77333330","longitude":"41.46527780","name":"Tsatskhentskari"},{"id":"850346","latitude":"43.02333330","longitude":"41.26805560","name":"Tsebelda"},{"id":"850347","latitude":"43.02333330","longitude":"41.26805560","name":"Tsebel'dinskoye"},{"id":"850437","latitude":"43.01500000","longitude":"41.30166670","name":"Tsiplovani"},{"id":"850465","latitude":"43.07805560","longitude":"40.84222220","name":"Tsitrusovani"},{"id":"850491","latitude":"42.92166670","longitude":"41.54527780","name":"Tskarkhumuli"},{"id":"850492","latitude":"42.92166670","longitude":"41.54527780","name":"Tskar-Khumul"},{"id":"850505","latitude":"42.92166670","longitude":"41.54527780","name":"Tskhar-Khumul"},{"id":"850515","latitude":"42.77333330","longitude":"41.46527780","name":"Tskhenistskali"},{"id":"850517","latitude":"42.77333330","longitude":"41.46527780","name":"Tskhentskari"},{"id":"850523","latitude":"42.78333330","longitude":"41.36666670","name":"Tskhirish"},{"id":"850524","latitude":"42.60666670","longitude":"41.82083330","name":"Tskhiri"},{"id":"850550","latitude":"42.78333330","longitude":"41.36666670","name":"Tskirishi"},{"id":"850557","latitude":"42.78333330","longitude":"41.36666670","name":"Tskryshi"},{"id":"850558","latitude":"42.78333330","longitude":"41.36666670","name":"Tskrysh"},{"id":"850559","latitude":"42.80333330","longitude":"41.20222220","name":"Tskurgile"},{"id":"850560","latitude":"42.79833330","longitude":"41.24472220","name":"Tskurgili"},{"id":"850561","latitude":"43.09416670","longitude":"40.76388890","name":"Tskvara"},{"id":"850587","latitude":"43.14638890","longitude":"40.68583330","name":"Tsoukhva"},{"id":"850597","latitude":"42.80333330","longitude":"41.20222220","name":"Tsqurgili"},{"id":"850604","latitude":"43.16666670","longitude":"41.05000000","name":"Tsumuri"},{"id":"850614","latitude":"43.17361110","longitude":"40.72472220","name":"Tsvindirta"},{"id":"850616","latitude":"43.13694440","longitude":"40.65666670","name":"Tsvishaarkhu"},{"id":"850617","latitude":"43.17361110","longitude":"40.72472220","name":"Tsvyndyrta"},{"id":"850618","latitude":"43.20083330","longitude":"40.33861110","name":"Tsydzhikva"},{"id":"850636","latitude":"43.20694440","longitude":"40.65694440","name":"Tvanaarkhu"},{"id":"850637","latitude":"43.20694440","longitude":"40.65694440","name":"Tvanikhua"},{"id":"850645","latitude":"42.84555560","longitude":"41.14388890","name":"Uarche"},{"id":"850646","latitude":"43.20972220","longitude":"40.55666670","name":"Uatkhary"},{"id":"850647","latitude":"43.05000000","longitude":"40.97555560","name":"Uazabaa"},{"id":"850714","latitude":"42.81666670","longitude":"41.60000000","name":"Urta"},{"id":"850783","latitude":"42.84555560","longitude":"41.14388890","name":"Varcha"},{"id":"850784","latitude":"42.84555560","longitude":"41.14388890","name":"Varche"},{"id":"850825","latitude":"42.94472220","longitude":"41.27138890","name":"Vasil'yevka"},{"id":"850867","latitude":"42.96666670","longitude":"41.25000000","name":"Verkhniy Apiancha"},{"id":"850895","latitude":"43.03333330","longitude":"41.48333330","name":"Verkhniye Lati"},{"id":"850896","latitude":"43.03333330","longitude":"41.48333330","name":"Verkhniye Laty"},{"id":"850898","latitude":"42.99055560","longitude":"41.16500000","name":"Verkhniye Merkheuli"},{"id":"850909","latitude":"42.60666670","longitude":"41.82083330","name":"Verkhniye Tskhiri"},{"id":"850911","latitude":"42.94916670","longitude":"41.13222220","name":"Verkhniy Gul'ripsh"},{"id":"850912","latitude":"42.87666670","longitude":"41.79250000","name":"Verkhniy Istochnik"},{"id":"850916","latitude":"42.87972220","longitude":"41.14416670","name":"Verkhniy Pshap"},{"id":"850918","latitude":"43.00500000","longitude":"41.23638890","name":"Verkhnyaya Apiancha"},{"id":"850920","latitude":"43.07472220","longitude":"40.89361110","name":"Verkhnyaya Eshera"},{"id":"850923","latitude":"43.15944440","longitude":"40.75194440","name":"Verkhnyaya Mtsara"},{"id":"850930","latitude":"43.04972220","longitude":"41.01583330","name":"Verkhnyaya Yashtkhua"},{"id":"850931","latitude":"43.04972220","longitude":"41.01583330","name":"Verkhnyaya-Yashtkhva"},{"id":"850944","latitude":"43.12611110","longitude":"40.82083330","name":"Veselovka"},{"id":"850945","latitude":"43.12611110","longitude":"40.82083330","name":"Ves\u00ebloye"},{"id":"850947","latitude":"43.12611110","longitude":"40.82083330","name":"Vesiolovka"},{"id":"850959","latitude":"42.89166670","longitude":"41.23777780","name":"Vladimirovka"},{"id":"850963","latitude":"43.00444440","longitude":"41.05222220","name":"Volodarovka"},{"id":"850964","latitude":"43.00444440","longitude":"41.05222220","name":"Volodarskoye"},{"id":"850966","latitude":"43.16388890","longitude":"40.75972220","name":"Voroshilov"},{"id":"850967","latitude":"42.89972220","longitude":"41.59388890","name":"Vtoroy Arasadzykhi"},{"id":"850968","latitude":"42.92750000","longitude":"41.60388890","name":"Vtoroy Arasadzykh"},{"id":"850988","latitude":"43.06666670","longitude":"41.26666670","name":"Yefteluk"},{"id":"851019","latitude":"43.02972220","longitude":"40.92694440","name":"Yeshera"},{"id":"851026","latitude":"43.00000000","longitude":"41.23333330","name":"Yur'yevka"},{"id":"851027","latitude":"43.00000000","longitude":"41.23333330","name":"Yur'yevskoye"},{"id":"851028","latitude":"43.16638890","longitude":"41.87444440","name":"Yuzhnyy Priyut"},{"id":"851030","latitude":"42.81666670","longitude":"41.55000000","name":"Zagani"},{"id":"851031","latitude":"42.81666670","longitude":"41.55000000","name":"Zagan"},{"id":"851039","latitude":"43.03333330","longitude":"41.31666670","name":"Zakharovka"},{"id":"851063","latitude":"42.49194440","longitude":"41.64055560","name":"Zartsupa"},{"id":"851151","latitude":"42.81666670","longitude":"41.55000000","name":"Zegani"},{"id":"851180","latitude":"43.11194440","longitude":"41.76138890","name":"Zemo-Azhara"},{"id":"851182","latitude":"42.56111110","longitude":"41.63472220","name":"Zemo-Bargebi"},{"id":"851183","latitude":"42.56111110","longitude":"41.63472220","name":"Zemo Barghebi"},{"id":"851185","latitude":"43.04194440","longitude":"41.40277780","name":"Zemo-Bebutovka"},{"id":"851189","latitude":"43.03722220","longitude":"41.04638890","name":"Zemo Birts'kha"},{"id":"851195","latitude":"43.37388890","longitude":"40.83527780","name":"Zemo-Bytaga"},{"id":"851199","latitude":"42.78333330","longitude":"41.73333330","name":"Zemo-Chkhortoli"},{"id":"851212","latitude":"43.07472220","longitude":"40.89361110","name":"Zemo Eshera"},{"id":"851213","latitude":"42.72361110","longitude":"41.80000000","name":"Zemo Ghumurishi"},{"id":"851217","latitude":"42.94916670","longitude":"41.13222220","name":"Zemo-Gul'ripshi"},{"id":"851218","latitude":"42.72361110","longitude":"41.80000000","name":"Zemo-Gumurishi"},{"id":"851258","latitude":"43.03222220","longitude":"41.53500000","name":"Zemo-Lata"},{"id":"851259","latitude":"43.04444440","longitude":"41.26527780","name":"Zemo Lemsashua Lemsa"},{"id":"851262","latitude":"43.01055560","longitude":"41.18972220","name":"Zemo-Machara"},{"id":"851292","latitude":"42.87972220","longitude":"41.14416670","name":"Zemo-Pshapi"},{"id":"851314","latitude":"43.04444440","longitude":"41.26527780","name":"Zemo-Tskaro"},{"id":"851320","latitude":"43.04972220","longitude":"41.01583330","name":"Zemo-Yashtukh"},{"id":"851324","latitude":"43.08611110","longitude":"41.65166670","name":"Zemo Zima"},{"id":"851331","latitude":"42.51611110","longitude":"41.70777780","name":"Zeni"},{"id":"851335","latitude":"43.04194440","longitude":"41.40277780","name":"Zenobani"},{"id":"851353","latitude":"43.22444440","longitude":"40.51166670","name":"Zhabna"},{"id":"851368","latitude":"42.68333330","longitude":"41.90000000","name":"Zhirgalishka"},{"id":"851369","latitude":"42.68333330","longitude":"41.90000000","name":"Zhiri-Galishka"},{"id":"851380","latitude":"43.08611110","longitude":"41.65166670","name":"Zima"},{"id":"851409","latitude":"43.15472220","longitude":"40.55888890","name":"Zvandrip'shi"},{"id":"851410","latitude":"43.15472220","longitude":"40.55888890","name":"Zvandripsh"}]