[{"id":"843891","latitude":"42.54222220","longitude":"43.01333330","name":"Abanoyeti"},{"id":"843892","latitude":"42.63138890","longitude":"43.27305560","name":"Abari"},{"id":"844003","latitude":"42.45000000","longitude":"43.13333330","name":"Agara"},{"id":"844114","latitude":"42.51000000","longitude":"43.15138890","name":"Akhalsopeli"},{"id":"844260","latitude":"42.52111110","longitude":"43.16222220","name":"Ambralauri"},{"id":"844261","latitude":"42.52111110","longitude":"43.16222220","name":"Ambrolauri"},{"id":"844505","latitude":"42.54944440","longitude":"42.95333330","name":"Badzhi"},{"id":"844597","latitude":"42.53333330","longitude":"43.05000000","name":"Bareuli"},{"id":"844711","latitude":"42.45750000","longitude":"43.20777780","name":"Betlevi"},{"id":"844841","latitude":"42.55000000","longitude":"43.08333330","name":"Bostana"},{"id":"844878","latitude":"42.53194440","longitude":"43.08833330","name":"Bugeuli"},{"id":"845049","latitude":"42.46694440","longitude":"43.12805560","name":"Cheliagele"},{"id":"845050","latitude":"42.46694440","longitude":"43.12805560","name":"Cheliaghele"},{"id":"845168","latitude":"42.56666670","longitude":"42.93333330","name":"Chkvishi"},{"id":"845198","latitude":"42.46694440","longitude":"43.12805560","name":"Choliagele"},{"id":"845219","latitude":"42.56000000","longitude":"43.07166670","name":"Chordzho"},{"id":"845234","latitude":"42.55861110","longitude":"42.96888890","name":"Chrebalo"},{"id":"845260","latitude":"42.60000000","longitude":"43.28333330","name":"Chvebari"},{"id":"845408","latitude":"42.56000000","longitude":"43.07166670","name":"Didi-Chordzho"},{"id":"845716","latitude":"42.54444440","longitude":"43.13416670","name":"Dzirageuli"},{"id":"845850","latitude":"42.61666670","longitude":"43.31666670","name":"Gadamshi"},{"id":"845852","latitude":"42.54444440","longitude":"43.01027780","name":"Gadishi"},{"id":"845987","latitude":"42.59027780","longitude":"42.93194440","name":"Gendushi"},{"id":"846007","latitude":"42.54444440","longitude":"43.01027780","name":"Ghadishi"},{"id":"846068","latitude":"42.52444440","longitude":"42.89500000","name":"Gogoleti"},{"id":"846127","latitude":"42.51666670","longitude":"43.16666670","name":"Gori"},{"id":"846134","latitude":"42.53333330","longitude":"43.03333330","name":"Gorisubani"},{"id":"846317","latitude":"42.56444440","longitude":"43.08194440","name":"Gviara"},{"id":"846432","latitude":"42.51055560","longitude":"43.15222220","name":"Itsa"},{"id":"846486","latitude":"42.47666670","longitude":"43.10861110","name":"Kachaeti"},{"id":"846489","latitude":"42.47666670","longitude":"43.10861110","name":"Kachayeti"},{"id":"846664","latitude":"42.50666670","longitude":"43.04166670","name":"Kedisubani"},{"id":"846707","latitude":"42.54861110","longitude":"42.99222220","name":"Kevda-Shavara"},{"id":"846762","latitude":"42.41222220","longitude":"43.04166670","name":"Kharist'vala"},{"id":"846836","latitude":"42.53166670","longitude":"43.20694440","name":"Khimshi"},{"id":"846865","latitude":"42.49750000","longitude":"43.04277780","name":"Khonchiori"},{"id":"846894","latitude":"42.47138890","longitude":"43.15222220","name":"Khotevi"},{"id":"846944","latitude":"42.55916670","longitude":"43.02333330","name":"Khvanchkara"},{"id":"847045","latitude":"42.55000000","longitude":"43.08333330","name":"Kldisubani"},{"id":"847143","latitude":"42.48388890","longitude":"43.17444440","name":"Kordi"},{"id":"847166","latitude":"42.48388890","longitude":"43.17444440","name":"Korti"},{"id":"847202","latitude":"42.50333330","longitude":"43.17944440","name":"Krikhi"},{"id":"847328","latitude":"42.53222220","longitude":"43.18305560","name":"Kvats'khut'i"},{"id":"847352","latitude":"42.56666670","longitude":"42.93333330","name":"Kveda-Chkvishi"},{"id":"847354","latitude":"42.56666670","longitude":"42.93333330","name":"K'veda Chqvishi"},{"id":"847359","latitude":"42.54111110","longitude":"42.90833330","name":"K'veda Ghvardia"},{"id":"847363","latitude":"42.54111110","longitude":"42.90833330","name":"Kveda-Gvardia"},{"id":"847395","latitude":"42.54861110","longitude":"42.99222220","name":"K'veda Shavra"},{"id":"847398","latitude":"42.44611110","longitude":"43.12805560","name":"K'veda T'lughi"},{"id":"847399","latitude":"42.44611110","longitude":"43.12805560","name":"Kveda-Tlugi"},{"id":"847411","latitude":"42.56944440","longitude":"42.97055560","name":"Kveda Zhoshkha"},{"id":"847414","latitude":"42.54111110","longitude":"42.90833330","name":"Kvegvardia"},{"id":"847503","latitude":"42.50000000","longitude":"43.20000000","name":"K'vemo Krikhi"},{"id":"847559","latitude":"42.53888890","longitude":"43.21000000","name":"Kvemo-Tsesi"},{"id":"847569","latitude":"42.56944440","longitude":"42.97055560","name":"K'vemo Zhoshkha"},{"id":"847599","latitude":"42.56583330","longitude":"42.93750000","name":"Kvishari"},{"id":"847610","latitude":"42.57444440","longitude":"42.91472220","name":"Labechina"},{"id":"847619","latitude":"42.55944440","longitude":"42.94416670","name":"Ladzhanurges"},{"id":"847806","latitude":"42.60166670","longitude":"43.24972220","name":"Likhet'i"},{"id":"848104","latitude":"42.56666670","longitude":"43.00000000","name":"Meore Tola"},{"id":"848229","latitude":"42.50333330","longitude":"43.09166670","name":"Motkiari"},{"id":"848230","latitude":"42.50333330","longitude":"43.09166670","name":"Motkiyeri"},{"id":"848299","latitude":"42.54388890","longitude":"43.23972220","name":"Mukhli"},{"id":"848447","latitude":"42.50000000","longitude":"43.04111110","name":"Namaneva"},{"id":"848449","latitude":"42.50000000","longitude":"43.04111110","name":"Namanevi"},{"id":"848553","latitude":"42.46194440","longitude":"43.10083330","name":"Nikortsminda"},{"id":"848620","latitude":"42.44611110","longitude":"43.12805560","name":"Nizhniye Tlugi"},{"id":"848953","latitude":"42.56666670","longitude":"43.05000000","name":"Patara-Chordzho"},{"id":"848992","latitude":"42.53333330","longitude":"42.98333330","name":"Patara-Oni"},{"id":"849090","latitude":"42.58333330","longitude":"42.98333330","name":"Pirveli-Tola"},{"id":"849335","latitude":"42.53805560","longitude":"43.11694440","name":"Sadmeli"},{"id":"849411","latitude":"42.53416670","longitude":"43.08972220","name":"Saketsia"},{"id":"849412","latitude":"42.53416670","longitude":"43.08972220","name":"Saketsiya"},{"id":"849498","latitude":"42.53333330","longitude":"43.25000000","name":"Samtisi"},{"id":"849685","latitude":"42.50638890","longitude":"42.99083330","name":"Shavra"},{"id":"849734","latitude":"42.45000000","longitude":"43.21666670","name":"Shkhivana"},{"id":"849749","latitude":"42.52444440","longitude":"43.06472220","name":"Shroma"},{"id":"849779","latitude":"42.50000000","longitude":"43.18333330","name":"Shua-Krikhi"},{"id":"849793","latitude":"42.49666670","longitude":"43.23972220","name":"Shua Skhvava"},{"id":"849836","latitude":"42.46194440","longitude":"43.10083330","name":"Sinatle"},{"id":"849862","latitude":"42.45000000","longitude":"43.16666670","name":"Skhartali"},{"id":"849870","latitude":"42.50000000","longitude":"43.23333330","name":"Skhvava"},{"id":"849882","latitude":"42.50000000","longitude":"43.23333330","name":"Skvavi"},{"id":"850059","latitude":"42.53333330","longitude":"42.96666670","name":"Tbeti"},{"id":"850070","latitude":"42.55861110","longitude":"42.96888890","name":"Tchrebalo"},{"id":"850186","latitude":"42.49638890","longitude":"42.93055560","name":"Tkhmori"},{"id":"850207","latitude":"42.44611110","longitude":"43.12805560","name":"Tlugi Kvemo"},{"id":"850208","latitude":"42.45277780","longitude":"43.15083330","name":"Tlugi Zemo"},{"id":"850228","latitude":"42.58333330","longitude":"42.98333330","name":"Tola Pervaya"},{"id":"850305","latitude":"42.51694440","longitude":"42.92000000","name":"Tsakha"},{"id":"850306","latitude":"42.51694440","longitude":"42.92000000","name":"Ts'akhi"},{"id":"850361","latitude":"42.53888890","longitude":"43.21000000","name":"Tsesi"},{"id":"850479","latitude":"42.46277780","longitude":"43.16361110","name":"Tskadisi"},{"id":"850682","latitude":"42.45194440","longitude":"43.11611110","name":"Ukeshi"},{"id":"850704","latitude":"42.65027780","longitude":"43.29583330","name":"Uravi"},{"id":"850846","latitude":"42.46277780","longitude":"43.20194440","name":"Velevi"},{"id":"850926","latitude":"42.50638890","longitude":"42.99083330","name":"Verkhnyaya Shavra"},{"id":"851083","latitude":"42.56500000","longitude":"42.93027780","name":"Zeda-Chkvishi"},{"id":"851084","latitude":"42.56500000","longitude":"42.93027780","name":"Zeda Chqvishi"},{"id":"851121","latitude":"42.50638890","longitude":"42.99083330","name":"Zeda-Shavra"},{"id":"851123","latitude":"42.50000000","longitude":"43.25000000","name":"Zeda Skhvava"},{"id":"851125","latitude":"42.56500000","longitude":"42.93027780","name":"Zeda Tchkvishi"},{"id":"851127","latitude":"42.45277780","longitude":"43.15083330","name":"Zeda-Tlugi"},{"id":"851141","latitude":"42.59111110","longitude":"42.94472220","name":"Zeda Zhoshkha"},{"id":"851200","latitude":"42.56500000","longitude":"42.93027780","name":"Zemo-Chkvishi"},{"id":"851250","latitude":"42.50333330","longitude":"43.17944440","name":"Zemo-Krikhi"},{"id":"851304","latitude":"42.50000000","longitude":"43.25000000","name":"Zemo-Skhvava"},{"id":"851323","latitude":"42.59111110","longitude":"42.94472220","name":"Zemo-Zhoshkha"},{"id":"851385","latitude":"42.51333330","longitude":"43.10805560","name":"Znakva"}]