[{"id":"843890","latitude":"42.60388890","longitude":"44.38888890","name":"Abano"},{"id":"844010","latitude":"42.57777780","longitude":"44.47194440","name":"Agatkau"},{"id":"844138","latitude":"42.58694440","longitude":"44.66277780","name":"Akhalts'ikhe"},{"id":"844244","latitude":"42.55694440","longitude":"44.49694440","name":"Almasiani"},{"id":"844903","latitude":"42.62916670","longitude":"44.34055560","name":"Burmaseki"},{"id":"844904","latitude":"42.62916670","longitude":"44.34055560","name":"Burmasigi"},{"id":"845372","latitude":"42.60750000","longitude":"44.35222220","name":"Desi"},{"id":"845699","latitude":"42.58055560","longitude":"44.74666670","name":"Dzhuta"},{"id":"846024","latitude":"42.63916670","longitude":"44.33277780","name":"Gimara"},{"id":"846477","latitude":"42.58055560","longitude":"44.74666670","name":"Jut'a"},{"id":"846548","latitude":"42.58944440","longitude":"44.52666670","name":"Kanobi"},{"id":"846582","latitude":"42.62416670","longitude":"44.35277780","name":"Karatkau"},{"id":"846600","latitude":"42.57833330","longitude":"44.67861110","name":"Karkuch'a"},{"id":"846706","latitude":"42.59583330","longitude":"44.39750000","name":"Ketrisi"},{"id":"846932","latitude":"42.59805560","longitude":"44.53833330","name":"Khurt'isi"},{"id":"847064","latitude":"42.55833330","longitude":"44.51222220","name":"Kobi"},{"id":"847174","latitude":"42.59027780","longitude":"44.66305560","name":"K'oseli"},{"id":"847456","latitude":"42.61083330","longitude":"44.35027780","name":"Kvemo-Desi"},{"id":"847520","latitude":"42.59527780","longitude":"44.45916670","name":"Kvemo-Mna"},{"id":"847532","latitude":"42.58611110","longitude":"44.46500000","name":"Kvemo-Okrokana"},{"id":"847661","latitude":"42.58944440","longitude":"44.52666670","name":"Lanobi"},{"id":"848191","latitude":"42.61194440","longitude":"44.46416670","name":"Mna"},{"id":"848593","latitude":"42.61083330","longitude":"44.35027780","name":"Nizhniye Desi"},{"id":"848640","latitude":"42.59527780","longitude":"44.45916670","name":"Nizhnyaya Mna"},{"id":"848642","latitude":"42.58611110","longitude":"44.46500000","name":"Nizhnyaya Okrokana"},{"id":"848667","latitude":"42.57333330","longitude":"44.47250000","name":"Nogkau"},{"id":"848751","latitude":"42.58083330","longitude":"44.46305560","name":"Okrokana"},{"id":"849240","latitude":"42.66194440","longitude":"44.30416670","name":"Resi"},{"id":"849680","latitude":"42.58305560","longitude":"44.47166670","name":"Shavardeni"},{"id":"849707","latitude":"42.58305560","longitude":"44.47166670","name":"Shevardeni"},{"id":"849940","latitude":"42.63000000","longitude":"44.38277780","name":"Suat'isi"},{"id":"850103","latitude":"42.65722220","longitude":"44.31916670","name":"Tep'i"},{"id":"850585","latitude":"42.62805560","longitude":"44.33388890","name":"Tsotsolda"},{"id":"850586","latitude":"42.62805560","longitude":"44.33388890","name":"Tsotsolta"},{"id":"850879","latitude":"42.60000000","longitude":"44.35000000","name":"Verkhniye Desi"},{"id":"850922","latitude":"42.61194440","longitude":"44.46416670","name":"Verkhnyaya Mna"},{"id":"850924","latitude":"42.58083330","longitude":"44.46305560","name":"Verkhnyaya Okrokana"},{"id":"851016","latitude":"42.72638890","longitude":"44.54611110","name":"(( Yermolovskaya ))"},{"id":"851203","latitude":"42.60000000","longitude":"44.35000000","name":"Zemo-Desi"},{"id":"851272","latitude":"42.61194440","longitude":"44.46416670","name":"Zemo-Mna"},{"id":"851284","latitude":"42.58083330","longitude":"44.46305560","name":"Zemo-Okrokana"}]