[{"id":"843568","latitude":"12.00000000","longitude":"-61.75000000","name":"Amber Belair"},{"id":"843573","latitude":"12.00000000","longitude":"-61.78333330","name":"Bamboo"},{"id":"843578","latitude":"12.06666670","longitude":"-61.73333330","name":"Beaulieu"},{"id":"843588","latitude":"12.03333330","longitude":"-61.75000000","name":"Belmont"},{"id":"843595","latitude":"11.98333330","longitude":"-61.78333330","name":"Blow Hole"},{"id":"843596","latitude":"12.06666670","longitude":"-61.71666670","name":"Boca"},{"id":"843600","latitude":"12.10000000","longitude":"-61.75000000","name":"Brisant"},{"id":"843601","latitude":"12.10000000","longitude":"-61.75000000","name":"Brizan"},{"id":"843603","latitude":"12.03333330","longitude":"-61.73333330","name":"Caf\u00e9"},{"id":"843604","latitude":"12.01666670","longitude":"-61.73333330","name":"Calivigny"},{"id":"843605","latitude":"12.00000000","longitude":"-61.76666670","name":"Calliste"},{"id":"843606","latitude":"12.00000000","longitude":"-61.76666670","name":"Calliste Land Settlement"},{"id":"843607","latitude":"12.01666670","longitude":"-61.71666670","name":"Canne Fond"},{"id":"843619","latitude":"12.03333330","longitude":"-61.73333330","name":"Clarkes Court"},{"id":"843622","latitude":"12.01666670","longitude":"-61.71666670","name":"Confer"},{"id":"843624","latitude":"12.06666670","longitude":"-61.71666670","name":"Constantine"},{"id":"843630","latitude":"12.05000000","longitude":"-61.75000000","name":"D'Arbeau"},{"id":"843640","latitude":"12.00000000","longitude":"-61.71666670","name":"Egmont"},{"id":"843644","latitude":"12.03333330","longitude":"-61.75000000","name":"Falaise"},{"id":"843645","latitude":"12.03333330","longitude":"-61.75000000","name":"Falege"},{"id":"843648","latitude":"12.06666670","longitude":"-61.75000000","name":"Fontenoy"},{"id":"843650","latitude":"12.00000000","longitude":"-61.70000000","name":"Fort Jeudy"},{"id":"843651","latitude":"12.05000000","longitude":"-61.75000000","name":"Fort Royal"},{"id":"843652","latitude":"12.00000000","longitude":"-61.76666670","name":"Frequente"},{"id":"843653","latitude":"12.05000000","longitude":"-61.75000000","name":"Georgetown"},{"id":"843654","latitude":"12.01666670","longitude":"-61.75000000","name":"Golflands"},{"id":"843658","latitude":"12.01666670","longitude":"-61.75000000","name":"Grand Ance"},{"id":"843659","latitude":"12.01666670","longitude":"-61.75000000","name":"Grand Anse"},{"id":"843663","latitude":"12.06666670","longitude":"-61.75000000","name":"Grand Mal"},{"id":"843667","latitude":"12.08333330","longitude":"-61.71666670","name":"Granton"},{"id":"843668","latitude":"12.05000000","longitude":"-61.75000000","name":"Grenada City"},{"id":"843670","latitude":"12.05000000","longitude":"-61.75000000","name":"Gretna Green"},{"id":"843672","latitude":"12.01666670","longitude":"-61.76666670","name":"Gwa Kay"},{"id":"843673","latitude":"12.08333330","longitude":"-61.75000000","name":"Happy Hill"},{"id":"843676","latitude":"12.06666670","longitude":"-61.73333330","name":"Hermitage"},{"id":"843681","latitude":"12.00000000","longitude":"-61.75000000","name":"Horne"},{"id":"843682","latitude":"12.05000000","longitude":"-61.73333330","name":"Hyde Park"},{"id":"843684","latitude":"12.03333330","longitude":"-61.75000000","name":"Ka-fe Beau"},{"id":"843692","latitude":"12.06666670","longitude":"-61.73333330","name":"La Mode"},{"id":"843694","latitude":"11.98333330","longitude":"-61.75000000","name":"Lance aux \u00c9pines"},{"id":"843706","latitude":"12.05000000","longitude":"-61.75000000","name":"Lewis"},{"id":"843712","latitude":"12.01666670","longitude":"-61.73333330","name":"Lower Woburn"},{"id":"843715","latitude":"12.08333330","longitude":"-61.75000000","name":"Maliniere"},{"id":"843717","latitude":"12.08333330","longitude":"-61.71666670","name":"Mango"},{"id":"843720","latitude":"12.05000000","longitude":"-61.71666670","name":"Mardigras"},{"id":"843721","latitude":"12.01666670","longitude":"-61.71666670","name":"Marian"},{"id":"843730","latitude":"12.08333330","longitude":"-61.75000000","name":"Molini\u00e8re"},{"id":"843734","latitude":"12.06666670","longitude":"-61.73333330","name":"Mont Moritz"},{"id":"843736","latitude":"12.01666670","longitude":"-61.75000000","name":"Mont Tout"},{"id":"843737","latitude":"12.10000000","longitude":"-61.75000000","name":"Morne Docteur"},{"id":"843741","latitude":"12.01666670","longitude":"-61.73333330","name":"Morne Jaloux"},{"id":"843742","latitude":"12.03333330","longitude":"-61.73333330","name":"Morne Jaloux Ridge"},{"id":"843744","latitude":"12.01666670","longitude":"-61.76666670","name":"Morne Rouge"},{"id":"843753","latitude":"12.01666670","longitude":"-61.73333330","name":"Mount Desir"},{"id":"843755","latitude":"12.05000000","longitude":"-61.73333330","name":"Mount Gay"},{"id":"843756","latitude":"12.05000000","longitude":"-61.73333330","name":"Mount Helicon"},{"id":"843759","latitude":"12.06666670","longitude":"-61.73333330","name":"Mount Marice"},{"id":"843760","latitude":"12.06666670","longitude":"-61.73333330","name":"Mount Morice"},{"id":"843761","latitude":"12.08333330","longitude":"-61.73333330","name":"Mount Moritz Land Settlement"},{"id":"843762","latitude":"12.06666670","longitude":"-61.73333330","name":"Mount Moritz"},{"id":"843770","latitude":"12.05000000","longitude":"-61.75000000","name":"Mount Royal"},{"id":"843772","latitude":"12.05000000","longitude":"-61.75000000","name":"Mount Weldale"},{"id":"843777","latitude":"12.08333330","longitude":"-61.71666670","name":"New Hampshire"},{"id":"843780","latitude":"12.03333330","longitude":"-61.73333330","name":"Paddock"},{"id":"843783","latitude":"12.05000000","longitude":"-61.73333330","name":"Parade"},{"id":"843792","latitude":"12.01666670","longitude":"-61.75000000","name":"Petit Bouc"},{"id":"843793","latitude":"12.00000000","longitude":"-61.71666670","name":"Petit Calivigny"},{"id":"843799","latitude":"12.05000000","longitude":"-61.75000000","name":"Port Louis"},{"id":"843800","latitude":"12.05000000","longitude":"-61.75000000","name":"Port Royal"},{"id":"843805","latitude":"12.05000000","longitude":"-61.71666670","name":"Radix"},{"id":"843806","latitude":"12.05000000","longitude":"-61.73333330","name":"Ravine"},{"id":"843808","latitude":"12.06666670","longitude":"-61.71666670","name":"Retreat"},{"id":"843809","latitude":"12.05000000","longitude":"-61.73333330","name":"Richmond Hill"},{"id":"843811","latitude":"12.10000000","longitude":"-61.73333330","name":"Richmond"},{"id":"843816","latitude":"12.01666670","longitude":"-61.75000000","name":"Ruth Howard"},{"id":"843820","latitude":"12.05000000","longitude":"-61.75000000","name":"Saint George"},{"id":"843821","latitude":"12.05000000","longitude":"-61.75000000","name":"Saint George's"},{"id":"843831","latitude":"12.05000000","longitude":"-61.71666670","name":"Saint Paul's"},{"id":"843832","latitude":"12.05000000","longitude":"-61.75000000","name":"Sans Souci"},{"id":"843837","latitude":"12.06666670","longitude":"-61.73333330","name":"Snug Corner"},{"id":"843839","latitude":"12.03333330","longitude":"-61.73333330","name":"Springs"},{"id":"843841","latitude":"12.03333330","longitude":"-61.73333330","name":"Tanteen"},{"id":"843843","latitude":"12.05000000","longitude":"-61.73333330","name":"Tempe"},{"id":"843844","latitude":"12.05000000","longitude":"-61.73333330","name":"Temple"},{"id":"843848","latitude":"12.03333330","longitude":"-61.73333330","name":"The Bocas"},{"id":"843849","latitude":"12.01666670","longitude":"-61.73333330","name":"The Cliff"},{"id":"843851","latitude":"12.01666670","longitude":"-61.76666670","name":"The Lime"},{"id":"843852","latitude":"12.05000000","longitude":"-61.71666670","name":"The Park"},{"id":"843856","latitude":"12.00000000","longitude":"-61.76666670","name":"True Blue"},{"id":"843866","latitude":"12.06666670","longitude":"-61.71666670","name":"Vend\u00f4me"},{"id":"843873","latitude":"12.00000000","longitude":"-61.70000000","name":"Westerhall Point"},{"id":"843874","latitude":"12.00000000","longitude":"-61.70000000","name":"Westerhall"},{"id":"843875","latitude":"12.05000000","longitude":"-61.73333330","name":"White Gun"},{"id":"843876","latitude":"12.08333330","longitude":"-61.71666670","name":"Willis"},{"id":"843881","latitude":"12.01666670","longitude":"-61.73333330","name":"Woborn"},{"id":"843882","latitude":"12.01666670","longitude":"-61.73333330","name":"Woburn"}]