[{"id":"843569","latitude":"12.05000000","longitude":"-61.66666670","name":"Apr\u00e8s Tout"},{"id":"843572","latitude":"12.03333330","longitude":"-61.68333330","name":"Baillies Bacolet"},{"id":"843575","latitude":"12.05000000","longitude":"-61.70000000","name":"Barrow"},{"id":"843577","latitude":"12.03333330","longitude":"-61.70000000","name":"Beaton"},{"id":"843580","latitude":"12.01666670","longitude":"-61.70000000","name":"Becke Moui"},{"id":"843583","latitude":"12.03333330","longitude":"-61.65000000","name":"Belle Isle"},{"id":"843584","latitude":"12.03333330","longitude":"-61.71666670","name":"Belle Plain"},{"id":"843586","latitude":"12.05000000","longitude":"-61.65000000","name":"Bellevue"},{"id":"843598","latitude":"12.03333330","longitude":"-61.70000000","name":"Bois de Gannes"},{"id":"843613","latitude":"12.05000000","longitude":"-61.68333330","name":"Champs Fleurs"},{"id":"843616","latitude":"12.03333330","longitude":"-61.70000000","name":"Charlotte Vale"},{"id":"843625","latitude":"12.03333330","longitude":"-61.66666670","name":"Content"},{"id":"843626","latitude":"12.03333330","longitude":"-61.71666670","name":"Corbeau Town"},{"id":"843627","latitude":"12.03333330","longitude":"-61.66666670","name":"Corinth"},{"id":"843629","latitude":"12.05000000","longitude":"-61.65000000","name":"Crochu"},{"id":"843642","latitude":"12.03333330","longitude":"-61.70000000","name":"Epping Forest"},{"id":"843643","latitude":"12.05000000","longitude":"-61.65000000","name":"Fairfield"},{"id":"843686","latitude":"12.03333330","longitude":"-61.71666670","name":"Laborie"},{"id":"843689","latitude":"12.03333330","longitude":"-61.70000000","name":"La Femme"},{"id":"843698","latitude":"12.03333330","longitude":"-61.70000000","name":"Laura"},{"id":"843719","latitude":"12.05000000","longitude":"-61.70000000","name":"Mardigras"},{"id":"843724","latitude":"12.05000000","longitude":"-61.65000000","name":"Marlmount"},{"id":"843726","latitude":"12.03333330","longitude":"-61.66666670","name":"Maulti"},{"id":"843732","latitude":"12.03333330","longitude":"-61.66666670","name":"Mon Repos"},{"id":"843745","latitude":"12.05000000","longitude":"-61.70000000","name":"Morne Tranquille"},{"id":"843747","latitude":"12.03333330","longitude":"-61.71666670","name":"Mount Airy"},{"id":"843765","latitude":"12.05000000","longitude":"-61.70000000","name":"Mount Pleasant"},{"id":"843768","latitude":"12.03333330","longitude":"-61.71666670","name":"Mount Rose"},{"id":"843789","latitude":"12.05000000","longitude":"-61.70000000","name":"Perdmontemps"},{"id":"843790","latitude":"12.01666670","longitude":"-61.68333330","name":"Petit Bacaye"},{"id":"843794","latitude":"12.05000000","longitude":"-61.68333330","name":"Petit \u00c9tang"},{"id":"843798","latitude":"12.05000000","longitude":"-61.65000000","name":"Pomme Rose"},{"id":"843803","latitude":"12.05000000","longitude":"-61.66666670","name":"Providence"},{"id":"843819","latitude":"12.03333330","longitude":"-61.66666670","name":"Saint David's"},{"id":"843830","latitude":"12.03333330","longitude":"-61.71666670","name":"Saint Paul's"},{"id":"843840","latitude":"12.03333330","longitude":"-61.68333330","name":"Syracuse"},{"id":"843846","latitude":"12.05000000","longitude":"-61.66666670","name":"Thebaide"},{"id":"843847","latitude":"12.05000000","longitude":"-61.66666670","name":"Thebaid"},{"id":"843862","latitude":"12.05000000","longitude":"-61.65000000","name":"Upper La Tante"},{"id":"843868","latitude":"12.05000000","longitude":"-61.68333330","name":"Vincennes"},{"id":"843869","latitude":"12.05000000","longitude":"-61.70000000","name":"Vineyard"},{"id":"843872","latitude":"12.01666670","longitude":"-61.70000000","name":"Westerhall Land Settlement"},{"id":"843877","latitude":"12.03333330","longitude":"-61.70000000","name":"Windsor Castle"},{"id":"843878","latitude":"12.05000000","longitude":"-61.68333330","name":"Windsor Forest"}]