[{"id":"843570","latitude":"12.45000000","longitude":"-61.48333330","name":"Argyle"},{"id":"843571","latitude":"12.16666670","longitude":"-61.63333330","name":"Arthur Seat"},{"id":"843574","latitude":"12.16666670","longitude":"-61.65000000","name":"Barique"},{"id":"843582","latitude":"12.48333330","longitude":"-61.43333330","name":"Belair"},{"id":"843590","latitude":"12.16666670","longitude":"-61.63333330","name":"Belmont"},{"id":"843591","latitude":"12.50000000","longitude":"-61.43333330","name":"Belvedere"},{"id":"843597","latitude":"12.50000000","longitude":"-61.43333330","name":"Bogles"},{"id":"843608","latitude":"12.16666670","longitude":"-61.63333330","name":"Carriere"},{"id":"843610","latitude":"12.18333330","longitude":"-61.66666670","name":"Castle Hill"},{"id":"843611","latitude":"12.21666670","longitude":"-61.63333330","name":"Celeste"},{"id":"843614","latitude":"12.20000000","longitude":"-61.65000000","name":"Chantimelle"},{"id":"843632","latitude":"12.21666670","longitude":"-61.66666670","name":"Des Isles"},{"id":"843633","latitude":"12.20000000","longitude":"-61.66666670","name":"Diego Piece"},{"id":"843635","latitude":"12.50000000","longitude":"-61.43333330","name":"Dover"},{"id":"843637","latitude":"12.46666670","longitude":"-61.46666670","name":"Dumfries"},{"id":"843639","latitude":"12.20000000","longitude":"-61.66666670","name":"Duquesne"},{"id":"843641","latitude":"12.20000000","longitude":"-61.63333330","name":"Elie Hall"},{"id":"843660","latitude":"12.48333330","longitude":"-61.43333330","name":"Grand Bay"},{"id":"843675","latitude":"12.21666670","longitude":"-61.63333330","name":"Helvellyn"},{"id":"843677","latitude":"12.16666670","longitude":"-61.63333330","name":"Hermitage"},{"id":"843679","latitude":"12.48333330","longitude":"-61.46666670","name":"Hillsborough"},{"id":"843683","latitude":"12.21666670","longitude":"-61.68333330","name":"Industry"},{"id":"843691","latitude":"12.21666670","longitude":"-61.63333330","name":"La Fortune"},{"id":"843693","latitude":"12.20000000","longitude":"-61.63333330","name":"La Mode"},{"id":"843696","latitude":"12.51666670","longitude":"-61.43333330","name":"L'Appelle"},{"id":"843697","latitude":"12.18333330","longitude":"-61.61666670","name":"La Taste"},{"id":"843699","latitude":"12.21666670","longitude":"-61.66666670","name":"Le Sausos"},{"id":"843702","latitude":"12.46666670","longitude":"-61.48333330","name":"L'Esterre"},{"id":"843703","latitude":"12.18333330","longitude":"-61.63333330","name":"L'Etage"},{"id":"843704","latitude":"12.20000000","longitude":"-61.61666670","name":"Levera Development"},{"id":"843705","latitude":"12.21666670","longitude":"-61.63333330","name":"Levera"},{"id":"843709","latitude":"12.18333330","longitude":"-61.61666670","name":"Lower La Taste"},{"id":"843723","latitude":"12.21666670","longitude":"-61.63333330","name":"Marli"},{"id":"843727","latitude":"12.50000000","longitude":"-61.43333330","name":"Meldrum"},{"id":"843735","latitude":"12.18333330","longitude":"-61.63333330","name":"Montreuil"},{"id":"843738","latitude":"12.20000000","longitude":"-61.63333330","name":"Morne Fendue"},{"id":"843739","latitude":"12.20000000","longitude":"-61.63333330","name":"Morne Fondue"},{"id":"843748","latitude":"12.21666670","longitude":"-61.65000000","name":"Mount Alexander"},{"id":"843752","latitude":"12.21666670","longitude":"-61.65000000","name":"Mount Craven"},{"id":"843766","latitude":"12.46666670","longitude":"-61.43333330","name":"Mount Pleasant"},{"id":"843767","latitude":"12.18333330","longitude":"-61.63333330","name":"Mount Rich"},{"id":"843769","latitude":"12.18333330","longitude":"-61.61666670","name":"Mount Rose"},{"id":"843774","latitude":"12.21666670","longitude":"-61.66666670","name":"Mount William"},{"id":"843781","latitude":"12.21666670","longitude":"-61.65000000","name":"Panorama"},{"id":"843788","latitude":"12.16666670","longitude":"-61.63333330","name":"Peggys Whim"},{"id":"843802","latitude":"12.21666670","longitude":"-61.66666670","name":"Prospect"},{"id":"843812","latitude":"12.20000000","longitude":"-61.61666670","name":"River Sallee"},{"id":"843813","latitude":"12.20000000","longitude":"-61.61666670","name":"Rivi\u00e8re Sallee"},{"id":"843814","latitude":"12.20000000","longitude":"-61.61666670","name":"Rose Hill"},{"id":"843833","latitude":"12.21666670","longitude":"-61.63333330","name":"Sauteurs"},{"id":"843834","latitude":"12.21666670","longitude":"-61.63333330","name":"Sautiers"},{"id":"843836","latitude":"12.46666670","longitude":"-61.45000000","name":"Six Roads"},{"id":"843854","latitude":"12.21666670","longitude":"-61.63333330","name":"Trevellan"},{"id":"843855","latitude":"12.18333330","longitude":"-61.65000000","name":"Tricolar"},{"id":"843858","latitude":"12.20000000","longitude":"-61.65000000","name":"Union"},{"id":"843863","latitude":"12.18333330","longitude":"-61.61666670","name":"Upper La Taste"},{"id":"843871","latitude":"12.20000000","longitude":"-61.65000000","name":"Welcome Hall"},{"id":"843880","latitude":"12.51666670","longitude":"-61.43333330","name":"Windward"}]