[{"id":"843919","latitude":"42.10000000","longitude":"43.73333330","name":"Abisistavi"},{"id":"843989","latitude":"42.04888890","longitude":"43.69527780","name":"Adzvisi"},{"id":"843990","latitude":"42.05000000","longitude":"43.70000000","name":"Adzvisi Nizhniye"},{"id":"843991","latitude":"42.04888890","longitude":"43.69527780","name":"Adzvisi Verkhniye"},{"id":"844009","latitude":"42.01666670","longitude":"43.70000000","name":"Agarebi"},{"id":"844119","latitude":"42.01666670","longitude":"43.66666670","name":"Akhalsopeli"},{"id":"844131","latitude":"42.01666670","longitude":"43.66666670","name":"Akhalsopeli Malyye"},{"id":"844145","latitude":"42.08333330","longitude":"43.66666670","name":"Akhalubani"},{"id":"844222","latitude":"41.93333330","longitude":"43.66666670","name":"Aleksandrestskaro"},{"id":"844236","latitude":"42.08777780","longitude":"43.64527780","name":"Ali"},{"id":"844665","latitude":"41.98333330","longitude":"43.50000000","name":"Begleti"},{"id":"844671","latitude":"42.00583330","longitude":"43.55472220","name":"Bekami"},{"id":"844731","latitude":"42.05500000","longitude":"43.53166670","name":"Bidzhnisi"},{"id":"844852","latitude":"42.07888890","longitude":"43.61055560","name":"Brili"},{"id":"844857","latitude":"42.11388890","longitude":"43.66416670","name":"Brolosani"},{"id":"844858","latitude":"42.11388890","longitude":"43.66416670","name":"Brolosani Nizhniye"},{"id":"844859","latitude":"42.11666670","longitude":"43.66666670","name":"Brolosani Verkhniye"},{"id":"844877","latitude":"42.03333330","longitude":"43.55000000","name":"Bugaura"},{"id":"844890","latitude":"41.96666670","longitude":"43.46666670","name":"Bulbulistsikhe"},{"id":"845030","latitude":"41.99111110","longitude":"43.59000000","name":"Chaschuri"},{"id":"845213","latitude":"42.13361110","longitude":"43.66666670","name":"Ch'orch'ana"},{"id":"845246","latitude":"42.03333330","longitude":"43.55000000","name":"Chumateleti"},{"id":"845310","latitude":"41.95000000","longitude":"43.56666670","name":"Damchkhreula"},{"id":"845404","latitude":"42.00583330","longitude":"43.55472220","name":"Didi-Bekami"},{"id":"845433","latitude":"41.94138890","longitude":"43.66666670","name":"Didi Khalebi"},{"id":"845435","latitude":"41.96666670","longitude":"43.71666670","name":"Didi-Khavleti"},{"id":"845455","latitude":"42.06861110","longitude":"43.71111110","name":"Didi P'levi"},{"id":"845457","latitude":"42.02805560","longitude":"43.68027780","name":"Didi-Sative"},{"id":"845461","latitude":"41.95000000","longitude":"43.68333330","name":"Didi-Tkhinala"},{"id":"845555","latitude":"42.08333330","longitude":"43.66666670","name":"Dumatskhovi"},{"id":"845707","latitude":"41.95000000","longitude":"43.63333330","name":"Dzhvartmukha"},{"id":"845920","latitude":"41.93333330","longitude":"43.63333330","name":"Gandzilebi"},{"id":"845949","latitude":"41.93333330","longitude":"43.65000000","name":"Garta"},{"id":"846092","latitude":"42.02250000","longitude":"43.72888890","name":"Gomi"},{"id":"846100","latitude":"42.02250000","longitude":"43.72888890","name":"Gomy"},{"id":"846186","latitude":"41.95000000","longitude":"43.61666670","name":"Guda"},{"id":"846307","latitude":"42.01777780","longitude":"43.54055560","name":"Gverdisubani"},{"id":"846308","latitude":"42.01777780","longitude":"43.54055560","name":"Gverdiyeubani"},{"id":"846332","latitude":"41.96666670","longitude":"43.63333330","name":"Gvriatskali"},{"id":"846380","latitude":"41.98333330","longitude":"43.75000000","name":"Imerliantkari"},{"id":"846431","latitude":"42.03333330","longitude":"43.53333330","name":"Itria"},{"id":"846627","latitude":"41.95000000","longitude":"43.58333330","name":"Kashveti"},{"id":"846682","latitude":"42.04222220","longitude":"43.59805560","name":"Kemperi"},{"id":"846775","latitude":"41.99111110","longitude":"43.59000000","name":"Khashuri"},{"id":"846776","latitude":"41.99111110","longitude":"43.59000000","name":"Khasuri"},{"id":"846827","latitude":"42.03333330","longitude":"43.75000000","name":"Khidiskuri"},{"id":"846912","latitude":"41.98000000","longitude":"43.67305560","name":"Khts'isi"},{"id":"846974","latitude":"42.09750000","longitude":"43.66055560","name":"Kindazti"},{"id":"846977","latitude":"42.09750000","longitude":"43.66055560","name":"Kindzati"},{"id":"846984","latitude":"41.98333330","longitude":"43.53333330","name":"Kipiantubani"},{"id":"847042","latitude":"42.12250000","longitude":"43.69583330","name":"Kldis-Tska"},{"id":"847043","latitude":"41.95000000","longitude":"43.55000000","name":"Kldistskaro"},{"id":"847063","latitude":"42.13333330","longitude":"43.71666670","name":"Kobi"},{"id":"847078","latitude":"42.06666670","longitude":"43.73333330","name":"Kodavardisubani"},{"id":"847086","latitude":"41.95000000","longitude":"43.55000000","name":"Kodistskaro"},{"id":"847203","latitude":"41.96666670","longitude":"43.65000000","name":"Kriskhevi"},{"id":"847422","latitude":"42.05000000","longitude":"43.70000000","name":"Kvemo-Adzvisi"},{"id":"847450","latitude":"42.11388890","longitude":"43.66416670","name":"Kvemo-Brolosani"},{"id":"847536","latitude":"42.00000000","longitude":"43.63333330","name":"Kvemo-Osiauri"},{"id":"847585","latitude":"41.96222220","longitude":"43.50333330","name":"Kviahkheu"},{"id":"847601","latitude":"41.96222220","longitude":"43.50333330","name":"K'vishkhet'i"},{"id":"848154","latitude":"41.99111110","longitude":"43.59000000","name":"Mikhailovo"},{"id":"848158","latitude":"41.99111110","longitude":"43.59000000","name":"Mikhaylovo"},{"id":"848186","latitude":"41.98333330","longitude":"43.70000000","name":"Mitsobi"},{"id":"848220","latitude":"41.98333330","longitude":"43.48333330","name":"Monasteri"},{"id":"848320","latitude":"42.12638890","longitude":"43.66722220","name":"Murknistskaro"},{"id":"848353","latitude":"42.05138890","longitude":"43.64166670","name":"Nabakhtevi"},{"id":"848366","latitude":"41.98333330","longitude":"43.73333330","name":"Nadarbazevi"},{"id":"848494","latitude":"42.07388890","longitude":"43.72611110","name":"Natsargora"},{"id":"848550","latitude":"42.13138890","longitude":"43.59111110","name":"Nikisi"},{"id":"848560","latitude":"42.13138890","longitude":"43.59111110","name":"Ninisi"},{"id":"848561","latitude":"42.13138890","longitude":"43.59111110","name":"Ninisk"},{"id":"848852","latitude":"42.00055560","longitude":"43.62500000","name":"Osiauri"},{"id":"848950","latitude":"42.00000000","longitude":"43.55000000","name":"Patara-Bekami"},{"id":"848978","latitude":"41.95000000","longitude":"43.66666670","name":"Patara-Khalebi"},{"id":"848981","latitude":"41.96666670","longitude":"43.71666670","name":"Patara-Khavleti"},{"id":"848997","latitude":"42.08361110","longitude":"43.69333330","name":"Patara-Plevi"},{"id":"849002","latitude":"42.01666670","longitude":"43.68333330","name":"Patara-Sative"},{"id":"849007","latitude":"41.95000000","longitude":"43.68333330","name":"Patara-Tkhinala"},{"id":"849117","latitude":"42.06861110","longitude":"43.71111110","name":"Plevi Bol'shiye"},{"id":"849118","latitude":"42.08361110","longitude":"43.69333330","name":"Plevi Malyye"},{"id":"849119","latitude":"42.06861110","longitude":"43.71111110","name":"Plevi"},{"id":"849185","latitude":"42.03138890","longitude":"43.64416670","name":"Pzarma"},{"id":"849226","latitude":"41.96666670","longitude":"43.56666670","name":"Rbona"},{"id":"849278","latitude":"42.00000000","longitude":"43.51666670","name":"Rusaantubani"},{"id":"849554","latitude":"41.93444440","longitude":"43.66888890","name":"Sartkela"},{"id":"849555","latitude":"41.93444440","longitude":"43.66888890","name":"Sartqela"},{"id":"849580","latitude":"41.95000000","longitude":"43.53333330","name":"Sative"},{"id":"849648","latitude":"42.06305560","longitude":"43.66472220","name":"Shakshaketa"},{"id":"849930","latitude":"42.02250000","longitude":"43.55555560","name":"Ssuromi"},{"id":"849933","latitude":"41.99111110","longitude":"43.59000000","name":"Stalinissi"},{"id":"849960","latitude":"42.02250000","longitude":"43.55555560","name":"Surami"},{"id":"849961","latitude":"42.02250000","longitude":"43.55555560","name":"Suram"},{"id":"849994","latitude":"41.96361110","longitude":"43.59277780","name":"T'agvet'i"},{"id":"850038","latitude":"41.94722220","longitude":"43.48944440","name":"Tashiskari"},{"id":"850107","latitude":"42.04416670","longitude":"43.67750000","name":"Tergvisi"},{"id":"850125","latitude":"41.98333330","longitude":"43.55000000","name":"Tezeri"},{"id":"850151","latitude":"42.13333330","longitude":"43.66666670","name":"Titvinistskaro"},{"id":"850177","latitude":"41.95000000","longitude":"43.68333330","name":"Tkhinara"},{"id":"850195","latitude":"42.09638890","longitude":"43.71194440","name":"Tkotsa"},{"id":"850288","latitude":"42.06611110","longitude":"43.58694440","name":"Tsablovana"},{"id":"850289","latitude":"42.06611110","longitude":"43.58694440","name":"Tsablovani"},{"id":"850302","latitude":"42.11666670","longitude":"43.70305560","name":"Tsagvli"},{"id":"850348","latitude":"42.06750000","longitude":"43.56527780","name":"Tsedani"},{"id":"850475","latitude":"42.06666670","longitude":"43.55000000","name":"Tsivtskaro"},{"id":"850518","latitude":"42.10000000","longitude":"43.66666670","name":"Tskhetisdzhvari"},{"id":"850532","latitude":"41.97583330","longitude":"43.58138890","name":"Ts'khramukha"},{"id":"850584","latitude":"42.05388890","longitude":"43.58972220","name":"Ts'ots'khnara"},{"id":"850600","latitude":"41.99444440","longitude":"43.73472220","name":"Tsromi"},{"id":"850613","latitude":"42.10583330","longitude":"43.68944440","name":"Tsveti"},{"id":"850716","latitude":"42.03333330","longitude":"43.56666670","name":"Urtkhva"},{"id":"850732","latitude":"42.10722220","longitude":"43.62944440","name":"Utslevi"},{"id":"850741","latitude":"42.04166670","longitude":"43.71666670","name":"Vaka"},{"id":"850782","latitude":"42.04166670","longitude":"43.71666670","name":"Vaqa"},{"id":"850928","latitude":"42.06305560","longitude":"43.73666670","name":"Verkhnyaya"},{"id":"851161","latitude":"42.03944440","longitude":"43.52111110","name":"Zekota"},{"id":"851163","latitude":"42.00055560","longitude":"43.62500000","name":"Zema-Osiauri"},{"id":"851167","latitude":"42.04888890","longitude":"43.69527780","name":"Zemo-Adzvisi"},{"id":"851194","latitude":"42.11666670","longitude":"43.66666670","name":"Zemo-Brolosani"},{"id":"851289","latitude":"42.00055560","longitude":"43.62500000","name":"Zemo Osiauri"}]