[{"id":"843901","latitude":"42.40111110","longitude":"41.88888890","name":"Abast'umani"},{"id":"843902","latitude":"42.53333330","longitude":"41.81666670","name":"Abastumani"},{"id":"844060","latitude":"42.51666670","longitude":"41.81027780","name":"Akhali Abast'umani"},{"id":"844091","latitude":"42.46194440","longitude":"41.72861110","name":"Akhalkakhat'i"},{"id":"844129","latitude":"42.47666670","longitude":"41.89138890","name":"Akhalsop'eli"},{"id":"844132","latitude":"42.47666670","longitude":"41.89138890","name":"Akhalsop'ili"},{"id":"844152","latitude":"42.47666670","longitude":"41.89138890","name":"Akhelsopeli"},{"id":"844278","latitude":"42.39833330","longitude":"41.56527780","name":"Anaklia"},{"id":"844279","latitude":"42.39833330","longitude":"41.56527780","name":"Anaklija"},{"id":"844280","latitude":"42.39833330","longitude":"41.56527780","name":"Anakliya"},{"id":"844281","latitude":"42.39833330","longitude":"41.56527780","name":"Anakriya"},{"id":"844532","latitude":"42.47277780","longitude":"41.96611110","name":"Bagmarani"},{"id":"844621","latitude":"42.56194440","longitude":"41.92694440","name":"Bashi"},{"id":"844964","latitude":"42.48888890","longitude":"41.99027780","name":"Chakvindzhi"},{"id":"844965","latitude":"42.48888890","longitude":"41.99027780","name":"Chak'vinja"},{"id":"844966","latitude":"42.48888890","longitude":"41.99027780","name":"Chak'vinji"},{"id":"845059","latitude":"42.36666670","longitude":"41.60000000","name":"Chernomorskiy Pos\u00eblok"},{"id":"845120","latitude":"42.40000000","longitude":"41.61666670","name":"Chitatskari"},{"id":"845121","latitude":"42.40000000","longitude":"41.61666670","name":"Chita-Tskhali"},{"id":"845122","latitude":"42.47861110","longitude":"41.85027780","name":"Chit'atsqari"},{"id":"845149","latitude":"42.60972220","longitude":"41.95138890","name":"Ch'khoria"},{"id":"845156","latitude":"42.43416670","longitude":"41.78388890","name":"Chkhoushi"},{"id":"845328","latitude":"42.43416670","longitude":"41.70055560","name":"Darch'eli"},{"id":"845347","latitude":"42.45833330","longitude":"41.78416670","name":"Davidiani"},{"id":"845348","latitude":"42.45833330","longitude":"41.78416670","name":"Davitiani"},{"id":"845383","latitude":"42.34611110","longitude":"41.73472220","name":"Dgvaba"},{"id":"845451","latitude":"42.41138890","longitude":"41.71250000","name":"Didi Nedzi"},{"id":"845479","latitude":"42.40000000","longitude":"41.71666670","name":"Dikhagudzuba"},{"id":"845656","latitude":"42.51361110","longitude":"42.04000000","name":"Dzhikhashkari"},{"id":"845657","latitude":"42.51361110","longitude":"42.04000000","name":"Dzhikhaskari"},{"id":"845693","latitude":"42.45166670","longitude":"41.87611110","name":"Dzhumi"},{"id":"845797","latitude":"42.38500000","longitude":"41.68305560","name":"Ergeta"},{"id":"845844","latitude":"42.39833330","longitude":"41.56527780","name":"Fort Anakria"},{"id":"845911","latitude":"42.41055560","longitude":"41.58638890","name":"Ganardzhias-Mukhuri"},{"id":"845912","latitude":"42.41055560","longitude":"41.58638890","name":"Ganardzhiis-Mukhuri"},{"id":"845913","latitude":"42.41055560","longitude":"41.58638890","name":"Ganardzhis-Mukhuri"},{"id":"845914","latitude":"42.41055560","longitude":"41.58638890","name":"Ganarjiis Mukhuri"},{"id":"845922","latitude":"42.41055560","longitude":"41.58638890","name":"Ganmukhuri"},{"id":"846037","latitude":"42.53250000","longitude":"41.95944440","name":"Gligolishi"},{"id":"846168","latitude":"42.53250000","longitude":"41.95944440","name":"Grigolishi"},{"id":"846393","latitude":"42.49027780","longitude":"41.81750000","name":"Ingiri"},{"id":"846394","latitude":"42.49027780","longitude":"41.81750000","name":"Inguri"},{"id":"846460","latitude":"42.51361110","longitude":"42.04000000","name":"Jikhaskari"},{"id":"846510","latitude":"42.48805560","longitude":"41.77861110","name":"Kakhat'i"},{"id":"846625","latitude":"42.39611110","longitude":"41.93138890","name":"Kashadepa"},{"id":"846806","latitude":"42.42361110","longitude":"41.86722220","name":"Khets'era"},{"id":"847001","latitude":"42.41277780","longitude":"41.67083330","name":"Kirovi"},{"id":"847005","latitude":"42.41277780","longitude":"41.67083330","name":"Kirov"},{"id":"847108","latitude":"42.48472220","longitude":"41.70305560","name":"Koki"},{"id":"847168","latitude":"42.55305560","longitude":"41.93833330","name":"Korts'kheli"},{"id":"847706","latitude":"42.58000000","longitude":"41.92250000","name":"Lechitine"},{"id":"847872","latitude":"42.37194440","longitude":"41.74027780","name":"Magiri"},{"id":"847892","latitude":"42.62333330","longitude":"41.93722220","name":"Makharia"},{"id":"848098","latitude":"42.45027780","longitude":"41.64333330","name":"Meore-Otobaiya"},{"id":"848099","latitude":"42.45027780","longitude":"41.64333330","name":"Meore-Otobaya"},{"id":"848197","latitude":"42.37194440","longitude":"41.74027780","name":"Mogiri"},{"id":"848359","latitude":"42.36361110","longitude":"41.69111110","name":"Nachkadou"},{"id":"848361","latitude":"42.36361110","longitude":"41.69111110","name":"Nachkadu"},{"id":"848416","latitude":"42.38583330","longitude":"41.72138890","name":"Nakalevi"},{"id":"848417","latitude":"42.44472220","longitude":"41.60722220","name":"Nakargali"},{"id":"848477","latitude":"42.39527780","longitude":"41.92527780","name":"Narazeni"},{"id":"848495","latitude":"42.57083330","longitude":"41.98027780","name":"Natsatou"},{"id":"848496","latitude":"42.57083330","longitude":"41.98027780","name":"Natsatu"},{"id":"848505","latitude":"42.54805560","longitude":"41.88833330","name":"Natsuluku"},{"id":"848721","latitude":"42.51638890","longitude":"41.92055560","name":"Odishi"},{"id":"848722","latitude":"42.51638890","longitude":"41.92055560","name":"Odish"},{"id":"848730","latitude":"42.47111110","longitude":"41.81722220","name":"Oireme"},{"id":"848765","latitude":"42.44055560","longitude":"41.77083330","name":"Ok'tomberi"},{"id":"848793","latitude":"42.44861110","longitude":"41.89166670","name":"Opachkhapu"},{"id":"848816","latitude":"42.51250000","longitude":"41.94527780","name":"Ordzhonikidze"},{"id":"848823","latitude":"42.51250000","longitude":"41.94527780","name":"Orjonikidze"},{"id":"848839","latitude":"42.46861110","longitude":"41.66250000","name":"Orsantia"},{"id":"848845","latitude":"42.39888890","longitude":"41.71750000","name":"Orule"},{"id":"848846","latitude":"42.39888890","longitude":"41.71750000","name":"Orulu"},{"id":"848898","latitude":"42.50722220","longitude":"42.06138890","name":"Palazoni"},{"id":"849206","latitude":"42.50694440","longitude":"41.95000000","name":"Qulishkari"},{"id":"849247","latitude":"42.58527780","longitude":"41.88472220","name":"Rike"},{"id":"849252","latitude":"42.58527780","longitude":"41.88472220","name":"Riqe"},{"id":"849276","latitude":"42.56277780","longitude":"41.85333330","name":"Rukhi"},{"id":"849309","latitude":"42.55611110","longitude":"41.89055560","name":"Sabulio"},{"id":"849332","latitude":"42.53000000","longitude":"41.96500000","name":"Sachurgulio"},{"id":"849442","latitude":"42.40000000","longitude":"41.78333330","name":"Sakukao"},{"id":"849518","latitude":"42.54444440","longitude":"41.83972220","name":"Sapartsvanno"},{"id":"849584","latitude":"42.56194440","longitude":"41.91944440","name":"Satordio"},{"id":"849657","latitude":"42.40000000","longitude":"41.93333330","name":"Shamadela"},{"id":"849658","latitude":"42.53833330","longitude":"41.79777780","name":"Shamgona"},{"id":"849670","latitude":"42.40000000","longitude":"41.93333330","name":"Shashadela"},{"id":"849945","latitude":"42.50138890","longitude":"41.86138890","name":"Sugdidi"},{"id":"849990","latitude":"42.54777780","longitude":"41.78833330","name":"Tageloni"},{"id":"849991","latitude":"42.54777780","longitude":"41.78833330","name":"T'agiloni"},{"id":"850134","latitude":"42.36638890","longitude":"41.59583330","name":"Tikori"},{"id":"850154","latitude":"42.61972220","longitude":"41.92250000","name":"Tkaia"},{"id":"850156","latitude":"42.61972220","longitude":"41.92250000","name":"Tkaya"},{"id":"850187","latitude":"42.34333330","longitude":"41.73638890","name":"Tkhnoishi"},{"id":"850303","latitude":"42.42777780","longitude":"41.80083330","name":"Ts'aishi"},{"id":"850340","latitude":"42.41972220","longitude":"41.80138890","name":"Ts'ats'khvi"},{"id":"850342","latitude":"42.42777780","longitude":"41.80083330","name":"Tsayshi"},{"id":"850344","latitude":"42.40000000","longitude":"41.61666670","name":"Tschitazkari"},{"id":"850611","latitude":"42.36916670","longitude":"41.64611110","name":"Tsvane"},{"id":"850654","latitude":"42.49194440","longitude":"41.92611110","name":"Uchashona"},{"id":"850715","latitude":"42.40722220","longitude":"41.80888890","name":"Urt'a"},{"id":"851010","latitude":"42.38500000","longitude":"41.68305560","name":"Yergeti"},{"id":"851089","latitude":"42.57888890","longitude":"41.92611110","name":"Zeda Etseri"},{"id":"851333","latitude":"42.61472220","longitude":"41.88111110","name":"Zeni"},{"id":"851403","latitude":"42.50138890","longitude":"41.86138890","name":"Zugdidi"}]