[{"id":"112440","latitude":"47.55000000","longitude":"13.35000000","name":"Abbtenau"},{"id":"112441","latitude":"47.40000000","longitude":"12.90000000","name":"Aberg"},{"id":"112445","latitude":"47.79111110","longitude":"13.07611110","name":"Abfalter"},{"id":"112454","latitude":"47.95000000","longitude":"13.03333330","name":"Absmann"},{"id":"112457","latitude":"47.55000000","longitude":"13.35000000","name":"Abtenao"},{"id":"112458","latitude":"47.55000000","longitude":"13.35000000","name":"Abtenau"},{"id":"112467","latitude":"47.90000000","longitude":"13.00000000","name":"Acharting"},{"id":"112485","latitude":"47.90472220","longitude":"12.99944440","name":"Adelsberg"},{"id":"112499","latitude":"47.68333330","longitude":"13.13333330","name":"Adnet"},{"id":"112519","latitude":"47.96000000","longitude":"12.92388890","name":"Aglassing"},{"id":"112554","latitude":"47.98333330","longitude":"13.30000000","name":"Aigelsbrunn"},{"id":"112558","latitude":"47.15000000","longitude":"13.10000000","name":"Aigen"},{"id":"112569","latitude":"47.28333330","longitude":"12.63333330","name":"Aisdorf"},{"id":"112641","latitude":"47.40000000","longitude":"12.90000000","name":"Alm"},{"id":"112643","latitude":"47.40000000","longitude":"12.86666670","name":"Almdorf"},{"id":"112651","latitude":"47.31666670","longitude":"13.20000000","name":"Alpendorf"},{"id":"112653","latitude":"47.43333330","longitude":"13.26666670","name":"Alpfahrt"},{"id":"112657","latitude":"47.36666670","longitude":"13.20000000","name":"Altach"},{"id":"112669","latitude":"47.93944440","longitude":"13.05888890","name":"Altenberg"},{"id":"112683","latitude":"47.31666670","longitude":"13.08333330","name":"Altenhof"},{"id":"112689","latitude":"47.38333330","longitude":"13.41666670","name":"Altenmarkt"},{"id":"112697","latitude":"47.38333330","longitude":"13.41666670","name":"Altenmarkt im Pongau"},{"id":"112720","latitude":"47.35000000","longitude":"13.11666670","name":"Althaus"},{"id":"112725","latitude":"47.15000000","longitude":"13.73333330","name":"Althofen"},{"id":"112751","latitude":"47.97055560","longitude":"12.99527780","name":"Altsberg"},{"id":"112785","latitude":"47.36666670","longitude":"13.40000000","name":"Am Feuersang"},{"id":"112793","latitude":"47.95750000","longitude":"13.03500000","name":"Ammeroid"},{"id":"112834","latitude":"47.28333330","longitude":"12.68333330","name":"Angerberg"},{"id":"112843","latitude":"47.75000000","longitude":"13.06666670","name":"Anif"},{"id":"112846","latitude":"47.08333330","longitude":"13.13333330","name":"Anlauftal"},{"id":"112849","latitude":"47.51666670","longitude":"13.43333330","name":"Annaberg"},{"id":"112850","latitude":"47.51666670","longitude":"13.43333330","name":"Annaberg im Lammertal"},{"id":"112858","latitude":"47.96500000","longitude":"13.04944440","name":"Ansfelden"},{"id":"112862","latitude":"47.88333330","longitude":"13.01666670","name":"Anthering"},{"id":"112871","latitude":"47.90833330","longitude":"13.03277780","name":"Anzfelden"},{"id":"112903","latitude":"47.28333330","longitude":"12.43333330","name":"Arndorf"},{"id":"112924","latitude":"47.36666670","longitude":"13.28333330","name":"Arzkendl"},{"id":"112949","latitude":"47.35000000","longitude":"13.30000000","name":"Aschberg"},{"id":"112970","latitude":"47.98361110","longitude":"13.06888890","name":"Asperding"},{"id":"112983","latitude":"47.38333330","longitude":"13.31666670","name":"Astegg"},{"id":"113004","latitude":"47.35000000","longitude":"12.80000000","name":"Atzing"},{"id":"113006","latitude":"47.13333330","longitude":"13.88333330","name":"Atzmannsdorf"},{"id":"113013","latitude":"47.28333330","longitude":"13.21666670","name":"Au"},{"id":"113019","latitude":"47.85805560","longitude":"13.06472220","name":"Auberg"},{"id":"113047","latitude":"47.30000000","longitude":"12.76666670","name":"Aufhausen"},{"id":"113067","latitude":"47.28333330","longitude":"13.21666670","name":"Auschule"},{"id":"113090","latitude":"47.33333330","longitude":"13.18333330","name":"Au\u00dferklinglberg"},{"id":"113095","latitude":"47.98333330","longitude":"13.30000000","name":"Ausserroid"},{"id":"113110","latitude":"47.94333330","longitude":"13.04555560","name":"Au\u00dferwall"},{"id":"113134","latitude":"47.16666670","longitude":"13.75000000","name":"Bacher"},{"id":"113145","latitude":"47.38333330","longitude":"12.93333330","name":"Bachwinkl"},{"id":"113151","latitude":"47.13333330","longitude":"13.13333330","name":"Badbruck"},{"id":"113163","latitude":"47.20000000","longitude":"12.85000000","name":"Bad Fusch"},{"id":"113165","latitude":"47.11666670","longitude":"13.13333330","name":"Badgastein"},{"id":"113170","latitude":"47.16666670","longitude":"13.10000000","name":"Bad Hofgastein"},{"id":"113196","latitude":"47.91666670","longitude":"13.13333330","name":"Baierham"},{"id":"113197","latitude":"47.40000000","longitude":"13.31666670","name":"Bairau"},{"id":"113207","latitude":"47.94694440","longitude":"13.07000000","name":"Bambach"},{"id":"113208","latitude":"47.30000000","longitude":"12.53333330","name":"Bam"},{"id":"113209","latitude":"47.30000000","longitude":"12.53333330","name":"Bamm"},{"id":"113217","latitude":"47.21666670","longitude":"12.81666670","name":"B\u00e4renwirt"},{"id":"113241","latitude":"47.93416670","longitude":"13.00500000","name":"Bauerstatt"},{"id":"113252","latitude":"47.90138890","longitude":"13.05250000","name":"Baumgarten"},{"id":"113264","latitude":"47.13333330","longitude":"13.68333330","name":"Beg\u00f6riach"},{"id":"113277","latitude":"47.87583330","longitude":"13.02972220","name":"Bergassing"},{"id":"113284","latitude":"47.30000000","longitude":"13.00000000","name":"Berg"},{"id":"113287","latitude":"47.40000000","longitude":"13.01666670","name":"Berg Dienten"},{"id":"113293","latitude":"47.38333330","longitude":"12.80000000","name":"Bergern"},{"id":"113297","latitude":"47.83333330","longitude":"13.03333330","name":"Bergheim"},{"id":"113301","latitude":"47.25000000","longitude":"13.11666670","name":"Bergl"},{"id":"113309","latitude":"47.98333330","longitude":"13.06666670","name":"Berndorf bei Salzburg"},{"id":"113312","latitude":"47.98333330","longitude":"13.06666670","name":"Berndorf"},{"id":"113335","latitude":"47.28333330","longitude":"12.36666670","name":"Bicheln"},{"id":"113339","latitude":"47.40000000","longitude":"13.23333330","name":"Bichl"},{"id":"113341","latitude":"47.95000000","longitude":"12.93333330","name":"Bichlhaiden"},{"id":"113379","latitude":"47.91694440","longitude":"13.06972220","name":"Bischelsroid"},{"id":"113384","latitude":"47.41666670","longitude":"13.21666670","name":"Bischofhofen"},{"id":"113386","latitude":"47.41666670","longitude":"13.21666670","name":"Bischofshofen"},{"id":"113387","latitude":"47.41666670","longitude":"13.21666670","name":"Bischofshogen"},{"id":"113442","latitude":"47.08333330","longitude":"13.11666670","name":"B\u00f6ckstein"},{"id":"113483","latitude":"47.26666670","longitude":"12.35000000","name":"Bramberg am Wildkogel"},{"id":"113485","latitude":"47.26666670","longitude":"12.35000000","name":"Bramberg"},{"id":"113504","latitude":"47.94000000","longitude":"13.02222220","name":"Brandst\u00e4tt"},{"id":"113530","latitude":"47.85416670","longitude":"13.04527780","name":"Breit"},{"id":"113542","latitude":"47.40000000","longitude":"12.83333330","name":"Breitenbergham"},{"id":"113606","latitude":"47.28333330","longitude":"12.81666670","name":"Bruck an der Glocknerstrasse"},{"id":"113607","latitude":"47.28333330","longitude":"12.81666670","name":"Bruck an der Gro\u00dfglocknerstra\u00dfe"},{"id":"113614","latitude":"47.30000000","longitude":"12.78333330","name":"Bruckberg"},{"id":"113617","latitude":"47.28333330","longitude":"12.81666670","name":"Bruck"},{"id":"113620","latitude":"47.15000000","longitude":"13.71666670","name":"Bruckdorf"},{"id":"113631","latitude":"47.90444440","longitude":"13.08250000","name":"Bruderstall"},{"id":"113672","latitude":"47.95555560","longitude":"12.92694440","name":"Buchach"},{"id":"113685","latitude":"47.43333330","longitude":"13.23333330","name":"Buchberg"},{"id":"113688","latitude":"47.30000000","longitude":"13.08333330","name":"Buchbergd\u00f6rfl"},{"id":"113697","latitude":"47.15000000","longitude":"12.96666670","name":"Bucheben"},{"id":"113724","latitude":"47.90777780","longitude":"13.01083330","name":"Buchst\u00e4tt"},{"id":"113725","latitude":"47.16666670","longitude":"13.75000000","name":"Buggen"},{"id":"113727","latitude":"47.96000000","longitude":"12.97111110","name":"Bulharting"},{"id":"113731","latitude":"47.38333330","longitude":"13.15000000","name":"Burgau"},{"id":"113741","latitude":"47.43333330","longitude":"13.51666670","name":"Burgfried"},{"id":"113754","latitude":"47.30000000","longitude":"12.50000000","name":"Burk"},{"id":"113755","latitude":"47.98333330","longitude":"12.93333330","name":"B\u00fcrmoos"},{"id":"113776","latitude":"47.35000000","longitude":"13.33333330","name":"Daar"},{"id":"113798","latitude":"47.28333330","longitude":"12.96666670","name":"Daxenbach"},{"id":"113801","latitude":"47.35000000","longitude":"12.81666670","name":"Dechantshofen"},{"id":"113803","latitude":"47.43333330","longitude":"13.25000000","name":"Dechl"},{"id":"113825","latitude":"47.40000000","longitude":"12.85000000","name":"Deuting"},{"id":"113854","latitude":"47.84833330","longitude":"13.04027780","name":"Dexgitzen"},{"id":"113860","latitude":"47.45000000","longitude":"13.21666670","name":"Diel"},{"id":"113871","latitude":"47.36666670","longitude":"13.00000000","name":"Dienten am Hochk\u00f6nig"},{"id":"113872","latitude":"47.36666670","longitude":"13.00000000","name":"Dienten"},{"id":"113984","latitude":"47.90583330","longitude":"13.01638890","name":"Doppl"},{"id":"113990","latitude":"48.01666670","longitude":"13.01666670","name":"Dorfbeuern"},{"id":"113991","latitude":"47.36666670","longitude":"13.00000000","name":"Dorf-Dienten am Hochk\u00f6nig"},{"id":"113992","latitude":"47.36666670","longitude":"13.00000000","name":"Dorf Dienten"},{"id":"113995","latitude":"47.28333330","longitude":"12.38333330","name":"Dorf"},{"id":"114000","latitude":"47.21666670","longitude":"12.81666670","name":"Dorf Fusch"},{"id":"114001","latitude":"47.25000000","longitude":"13.10000000","name":"Dorfgastein"},{"id":"114003","latitude":"47.43333330","longitude":"12.83333330","name":"Dorfheim"},{"id":"114012","latitude":"47.06666670","longitude":"13.88333330","name":"D\u00f6rfl"},{"id":"114016","latitude":"47.92361110","longitude":"13.01694440","name":"Dorfleiten"},{"id":"114021","latitude":"47.46666670","longitude":"13.21666670","name":"Dorfwerfen"},{"id":"114043","latitude":"47.93333330","longitude":"13.13333330","name":"D\u00f6tleinsdorf"},{"id":"114074","latitude":"47.93944440","longitude":"12.96194440","name":"Dreim\u00fchlen"},{"id":"114118","latitude":"47.28333330","longitude":"12.51666670","name":"D\u00fcrnberg"},{"id":"114135","latitude":"47.66666670","longitude":"13.08333330","name":"D\u00fcrrnberg"},{"id":"114144","latitude":"47.80000000","longitude":"13.18333330","name":"Ebenau"},{"id":"114151","latitude":"47.21666670","longitude":"13.20000000","name":"Eben"},{"id":"114158","latitude":"47.40000000","longitude":"13.40000000","name":"Eben im Pongau"},{"id":"114172","latitude":"47.95166670","longitude":"12.99083330","name":"Eberharten"},{"id":"114173","latitude":"47.95194440","longitude":"12.99500000","name":"Eberharting"},{"id":"114175","latitude":"47.58333330","longitude":"12.70000000","name":"Eberl"},{"id":"114212","latitude":"47.45000000","longitude":"12.80000000","name":"Ecking"},{"id":"114214","latitude":"47.93055560","longitude":"13.01611110","name":"Ed"},{"id":"114260","latitude":"47.28333330","longitude":"13.21666670","name":"Edt"},{"id":"114261","latitude":"47.30000000","longitude":"12.96666670","name":"Edt Gut"},{"id":"114263","latitude":"47.08333330","longitude":"13.61666670","name":"Eeichter"},{"id":"114275","latitude":"47.33333330","longitude":"13.31666670","name":"Egg"},{"id":"114295","latitude":"47.81666670","longitude":"13.18333330","name":"Eggerh\u00e4user"},{"id":"114311","latitude":"47.87250000","longitude":"13.05944440","name":"Ehrengraben"},{"id":"114340","latitude":"47.75277780","longitude":"13.03527780","name":"Eichet"},{"id":"114341","latitude":"47.76611110","longitude":"13.03777780","name":"Eichethofsiedlung"},{"id":"114342","latitude":"47.78111110","longitude":"12.99638890","name":"Eichetsiedlung"},{"id":"114351","latitude":"47.85916670","longitude":"13.00694440","name":"Eichpoint"},{"id":"114366","latitude":"47.33333330","longitude":"12.78333330","name":"Ein\u00f6den"},{"id":"114367","latitude":"47.33333330","longitude":"12.78333330","name":"Ein\u00f6dfeld"},{"id":"114368","latitude":"47.33333330","longitude":"12.80000000","name":"Ein\u00f6dsiedlung"},{"id":"114371","latitude":"47.46666670","longitude":"13.18333330","name":"Einsiedl"},{"id":"114392","latitude":"47.97694440","longitude":"13.07805560","name":"Eisenm\u00fchle"},{"id":"114399","latitude":"47.98333330","longitude":"13.01666670","name":"Eisping"},{"id":"114400","latitude":"47.97722220","longitude":"12.98666670","name":"Eitelsberg"},{"id":"114412","latitude":"47.86666670","longitude":"13.06666670","name":"Elixhausen"},{"id":"114420","latitude":"47.35000000","longitude":"13.26666670","name":"Ellmau"},{"id":"114422","latitude":"47.43333330","longitude":"13.23333330","name":"Ellmauthal"},{"id":"114423","latitude":"47.43333330","longitude":"13.26666670","name":"Ellmer"},{"id":"114435","latitude":"47.75000000","longitude":"13.08333330","name":"Elsbethen"},{"id":"114439","latitude":"47.81666670","longitude":"13.21666670","name":"Elsenwang"},{"id":"114447","latitude":"47.28333330","longitude":"13.00000000","name":"Embach"},{"id":"114490","latitude":"47.33333330","longitude":"13.08333330","name":"Enkerbichl"},{"id":"114525","latitude":"47.16666670","longitude":"12.61666670","name":"Enzingerboden"},{"id":"114553","latitude":"47.31666670","longitude":"12.81666670","name":"Erlberg"},{"id":"114580","latitude":"47.31666670","longitude":"13.01666670","name":"Eschenau"},{"id":"114588","latitude":"47.96861110","longitude":"12.97361110","name":"E\u00dftal"},{"id":"114613","latitude":"47.88333330","longitude":"13.13333330","name":"Eugenbach"},{"id":"114614","latitude":"47.86666670","longitude":"13.11666670","name":"Eugendorf"},{"id":"114617","latitude":"47.45000000","longitude":"13.26666670","name":"Eulersberg"},{"id":"114619","latitude":"47.45000000","longitude":"12.81666670","name":"Euring"},{"id":"114623","latitude":"47.36666670","longitude":"12.70000000","name":"Exenbach"},{"id":"114639","latitude":"47.86583330","longitude":"13.07555560","name":"Fahrenzagl"},{"id":"114640","latitude":"47.60000000","longitude":"12.68333330","name":"Faistau"},{"id":"114641","latitude":"47.76666670","longitude":"13.23333330","name":"Faistenau"},{"id":"114663","latitude":"47.15000000","longitude":"13.71666670","name":"Fanning"},{"id":"114677","latitude":"47.06666670","longitude":"13.76666670","name":"Fegendorf"},{"id":"114690","latitude":"47.70000000","longitude":"13.28333330","name":"Feichten"},{"id":"114694","latitude":"47.08333330","longitude":"13.61666670","name":"Feichtinger"},{"id":"114718","latitude":"47.28333330","longitude":"12.48333330","name":"Felben"},{"id":"114740","latitude":"47.28333330","longitude":"12.48333330","name":"Feldstein"},{"id":"114746","latitude":"47.21666670","longitude":"12.60000000","name":"Fellern"},{"id":"114749","latitude":"47.13333330","longitude":"13.56666670","name":"Fell"},{"id":"114759","latitude":"47.16666670","longitude":"12.81666670","name":"Ferleiten"},{"id":"114780","latitude":"47.36666670","longitude":"13.40000000","name":"Feuersang"},{"id":"114795","latitude":"47.43333330","longitude":"13.51666670","name":"Filzmoos"},{"id":"114807","latitude":"47.84472220","longitude":"13.02861110","name":"Fischach"},{"id":"114820","latitude":"47.28333330","longitude":"12.80000000","name":"Fischhorn"},{"id":"114824","latitude":"47.90000000","longitude":"13.13333330","name":"Fischtaging"},{"id":"114828","latitude":"47.33333330","longitude":"13.40000000","name":"Flachau"},{"id":"114864","latitude":"47.35000000","longitude":"13.25000000","name":"Floitensberg"},{"id":"114869","latitude":"47.99055560","longitude":"13.07555560","name":"Flurnsbach"},{"id":"114891","latitude":"47.36666670","longitude":"13.53333330","name":"Forstau"},{"id":"114911","latitude":"47.98333330","longitude":"13.08333330","name":"Fraham"},{"id":"115011","latitude":"47.30000000","longitude":"12.68333330","name":"Friedensbach"},{"id":"115034","latitude":"47.41666670","longitude":"13.28333330","name":"Fritzerberg"},{"id":"115043","latitude":"47.51666670","longitude":"12.75000000","name":"Frohnwies"},{"id":"115057","latitude":"47.18333330","longitude":"12.98333330","name":"Fr\u00f6stelberg"},{"id":"115058","latitude":"47.18333330","longitude":"12.98333330","name":"Fr\u00f6stlberg"},{"id":"115092","latitude":"47.33333330","longitude":"13.30000000","name":"F\u00fcrbach"},{"id":"115093","latitude":"47.76666670","longitude":"13.38333330","name":"F\u00fcrberg"},{"id":"115100","latitude":"47.28333330","longitude":"12.88333330","name":"F\u00fcrstau"},{"id":"115102","latitude":"47.43333330","longitude":"13.28333330","name":"F\u00fcrstenmoos"},{"id":"115104","latitude":"47.94472220","longitude":"12.97111110","name":"Furt"},{"id":"115109","latitude":"47.28333330","longitude":"12.75000000","name":"F\u00fcrth"},{"id":"115114","latitude":"47.21666670","longitude":"12.81666670","name":"Fusch an der Glocknerstra\u00dfe"},{"id":"115115","latitude":"47.21666670","longitude":"12.81666670","name":"Fusch"},{"id":"115116","latitude":"47.80000000","longitude":"13.30000000","name":"Fuschl am See"},{"id":"115117","latitude":"47.80000000","longitude":"13.30000000","name":"Fuschl"},{"id":"115131","latitude":"47.15000000","longitude":"13.13333330","name":"Gadaunern"},{"id":"115136","latitude":"47.83194440","longitude":"13.04777780","name":"Gaglham"},{"id":"115145","latitude":"47.41666670","longitude":"13.18333330","name":"Gainfeld"},{"id":"115148","latitude":"47.94500000","longitude":"13.02361110","name":"Gaisberg"},{"id":"115166","latitude":"47.88666670","longitude":"13.01583330","name":"Gaizenberg"},{"id":"115209","latitude":"47.08333330","longitude":"13.76666670","name":"Ganslberg"},{"id":"115232","latitude":"47.71666670","longitude":"13.05000000","name":"Gartenau"},{"id":"115239","latitude":"47.88222220","longitude":"13.04861110","name":"Gaspading"},{"id":"115252","latitude":"47.94861110","longitude":"12.93444440","name":"Gastag"},{"id":"115253","latitude":"47.30000000","longitude":"12.68333330","name":"Gasteg"},{"id":"115255","latitude":"47.61666670","longitude":"13.13333330","name":"Gasteig"},{"id":"115258","latitude":"47.11666670","longitude":"13.13333330","name":"Gastein"},{"id":"115260","latitude":"47.20000000","longitude":"12.60000000","name":"Gasthaus Schneiderau"},{"id":"115261","latitude":"47.43333330","longitude":"13.38333330","name":"Gasthof"},{"id":"115276","latitude":"47.91305560","longitude":"13.01305560","name":"Gauesed"},{"id":"115295","latitude":"47.97305560","longitude":"13.03416670","name":"Geiersberg"},{"id":"115318","latitude":"47.11666670","longitude":"13.83333330","name":"Gensgitsch"},{"id":"115343","latitude":"47.38333330","longitude":"12.83333330","name":"Gerling"},{"id":"115351","latitude":"47.33333330","longitude":"13.26666670","name":"Gersbach"},{"id":"115373","latitude":"47.63333330","longitude":"12.66666670","name":"Gf\u00f6ll"},{"id":"115398","latitude":"47.95416670","longitude":"13.06722220","name":"Gimelsberg"},{"id":"115403","latitude":"47.36666670","longitude":"13.26666670","name":"Ginau"},{"id":"115410","latitude":"47.87555560","longitude":"13.07083330","name":"Girling"},{"id":"115414","latitude":"47.81666670","longitude":"13.18333330","name":"Gitzen"},{"id":"115419","latitude":"47.75000000","longitude":"13.00000000","name":"Glanegg"},{"id":"115422","latitude":"47.80000000","longitude":"12.98333330","name":"Glanhofen"},{"id":"115423","latitude":"47.77444440","longitude":"13.00333330","name":"Glansiedlung"},{"id":"115429","latitude":"47.76666670","longitude":"13.08333330","name":"Glasenbach"},{"id":"115430","latitude":"47.76666670","longitude":"13.08333330","name":"Glas"},{"id":"115502","latitude":"47.77833330","longitude":"13.03972220","name":"Gneis"},{"id":"115510","latitude":"47.80000000","longitude":"13.08333330","name":"Gnigl"},{"id":"115537","latitude":"47.76666670","longitude":"12.96666670","name":"Gois"},{"id":"115538","latitude":"47.33333330","longitude":"13.30000000","name":"Goldanger"},{"id":"115542","latitude":"47.31666670","longitude":"13.10000000","name":"Goldeck"},{"id":"115544","latitude":"47.31666670","longitude":"13.10000000","name":"Goldegg"},{"id":"115545","latitude":"47.31666670","longitude":"13.08333330","name":"Goldeggweng"},{"id":"115549","latitude":"47.89000000","longitude":"13.00305560","name":"Gollacken"},{"id":"115555","latitude":"47.60000000","longitude":"13.16666670","name":"Golling an der Salzach"},{"id":"115557","latitude":"47.60000000","longitude":"13.16666670","name":"Golling"},{"id":"115562","latitude":"47.95111110","longitude":"12.95500000","name":"G\u00f6ming"},{"id":"115659","latitude":"47.18333330","longitude":"13.73333330","name":"Grabendorf"},{"id":"115698","latitude":"47.33333330","longitude":"13.16666670","name":"Grafenhof"},{"id":"115724","latitude":"47.98333330","longitude":"13.08333330","name":"Gransdorf"},{"id":"115742","latitude":"47.40000000","longitude":"13.21666670","name":"Gra\u00dfl"},{"id":"115772","latitude":"48.00000000","longitude":"13.00000000","name":"Gresenberg"},{"id":"115773","latitude":"48.00000000","longitude":"13.00000000","name":"Gressenberg"},{"id":"115784","latitude":"47.41666670","longitude":"12.91666670","name":"Griesbachwinkl"},{"id":"115791","latitude":"47.16666670","longitude":"13.46666670","name":"Gries"},{"id":"115798","latitude":"47.45000000","longitude":"12.66666670","name":"Grie\u00dfen"},{"id":"115799","latitude":"47.46666670","longitude":"13.20000000","name":"Grie\u00dfl"},{"id":"115819","latitude":"47.13333330","longitude":"13.71666670","name":"Gr\u00f6bendorf"},{"id":"115823","latitude":"47.73333330","longitude":"13.03333330","name":"Gr\u00f6dig"},{"id":"115830","latitude":"47.96000000","longitude":"12.98333330","name":"Gr\u00f6m-Graben"},{"id":"115831","latitude":"47.96277780","longitude":"13.07500000","name":"Gr\u00f6m"},{"id":"115834","latitude":"47.23333330","longitude":"13.20000000","name":"Grossarl"},{"id":"115835","latitude":"47.23333330","longitude":"13.20000000","name":"Gross Arl"},{"id":"115859","latitude":"47.97361110","longitude":"13.04055560","name":"Gro\u00dfenegg"},{"id":"115881","latitude":"47.71666670","longitude":"12.91666670","name":"Grossgmain"},{"id":"115901","latitude":"47.33333330","longitude":"13.11666670","name":"Gro\u00dfh\u00f6ch"},{"id":"115916","latitude":"47.95000000","longitude":"13.20000000","name":"Gross K\u00f6stendorf"},{"id":"115939","latitude":"47.94194440","longitude":"12.99916670","name":"Gro\u00dfolching"},{"id":"115969","latitude":"47.99666670","longitude":"13.03055560","name":"Gro\u00dfschachern"},{"id":"115982","latitude":"47.28333330","longitude":"12.90000000","name":"Grosssonnberg"},{"id":"116012","latitude":"47.61666670","longitude":"13.20000000","name":"Grubach"},{"id":"116023","latitude":"47.06666670","longitude":"13.88333330","name":"Gruben"},{"id":"116031","latitude":"47.33333330","longitude":"13.10000000","name":"Grub"},{"id":"116035","latitude":"47.28333330","longitude":"12.41666670","name":"Grubing"},{"id":"116042","latitude":"47.79222220","longitude":"12.95722220","name":"Gr\u00fcnau"},{"id":"116065","latitude":"47.38333330","longitude":"13.11666670","name":"Gr\u00fcnholzer"},{"id":"116066","latitude":"47.35000000","longitude":"13.18333330","name":"Gr\u00fcnreit"},{"id":"116097","latitude":"47.45000000","longitude":"13.25000000","name":"Gschwandt"},{"id":"116103","latitude":"47.71666670","longitude":"13.43333330","name":"Gschwendt"},{"id":"116106","latitude":"47.58333330","longitude":"13.45000000","name":"Gseng"},{"id":"116126","latitude":"47.81666670","longitude":"13.10000000","name":"Guggental"},{"id":"116127","latitude":"47.81666670","longitude":"13.10000000","name":"Guggenthal"},{"id":"116148","latitude":"47.58333330","longitude":"12.70000000","name":"Gumping"},{"id":"116149","latitude":"47.35000000","longitude":"13.30000000","name":"Gumpold"},{"id":"116168","latitude":"47.96083330","longitude":"12.95361110","name":"Gunsering"},{"id":"116221","latitude":"47.53333330","longitude":"13.40000000","name":"Gwechenberg"},{"id":"116236","latitude":"47.93472220","longitude":"12.98000000","name":"Haarbruck"},{"id":"116237","latitude":"47.25000000","longitude":"12.31666670","name":"Habach"},{"id":"116251","latitude":"47.43333330","longitude":"13.56666670","name":"Hachau"},{"id":"116288","latitude":"47.83333330","longitude":"13.03333330","name":"Hagenau"},{"id":"116304","latitude":"47.88333330","longitude":"13.15000000","name":"Haging"},{"id":"116315","latitude":"47.40000000","longitude":"13.18333330","name":"Haidberg"},{"id":"116320","latitude":"47.15000000","longitude":"13.83333330","name":"Haiden"},{"id":"116321","latitude":"47.95944440","longitude":"12.94138890","name":"Haiden\u00f6ster"},{"id":"116340","latitude":"47.86250000","longitude":"13.04777780","name":"Hainach"},{"id":"116343","latitude":"47.97027780","longitude":"12.98638890","name":"Hainbach"},{"id":"116351","latitude":"47.88444440","longitude":"13.05638890","name":"Hained"},{"id":"116372","latitude":"47.86666670","longitude":"13.10000000","name":"Halberst\u00e4tten"},{"id":"116377","latitude":"47.35000000","longitude":"13.18333330","name":"Halldorf"},{"id":"116379","latitude":"47.68333330","longitude":"13.10000000","name":"Hallein"},{"id":"116381","latitude":"47.61666670","longitude":"12.70000000","name":"Hallenstein"},{"id":"116388","latitude":"47.33333330","longitude":"13.25000000","name":"Hallmoos"},{"id":"116390","latitude":"47.56666670","longitude":"13.40000000","name":"Hallseiten"},{"id":"116394","latitude":"47.85000000","longitude":"13.08333330","name":"Hallwang"},{"id":"116401","latitude":"47.91055560","longitude":"13.06222220","name":"Hamberg"},{"id":"116417","latitude":"47.38333330","longitude":"13.23333330","name":"Hanif"},{"id":"116427","latitude":"47.21666670","longitude":"13.10000000","name":"Harbach"},{"id":"116435","latitude":"47.40000000","longitude":"12.80000000","name":"Harham"},{"id":"116463","latitude":"47.33333330","longitude":"13.13333330","name":"Hartberg"},{"id":"116535","latitude":"47.31666670","longitude":"13.11666670","name":"Hasling"},{"id":"116538","latitude":"47.95444440","longitude":"13.01833330","name":"Ha\u00dfberg"},{"id":"116560","latitude":"47.28333330","longitude":"12.61666670","name":"Hauptmannsdorf"},{"id":"116561","latitude":"47.28333330","longitude":"12.61666670","name":"Hauptmansdorf"},{"id":"116587","latitude":"47.98777780","longitude":"12.95944440","name":"Hausmoning"},{"id":"116642","latitude":"47.16666670","longitude":"13.11666670","name":"Heissingfelding"},{"id":"116654","latitude":"47.76666670","longitude":"13.06666670","name":"Hellbrunn"},{"id":"116658","latitude":"47.36666670","longitude":"13.21666670","name":"Helmberg"},{"id":"116660","latitude":"47.93333330","longitude":"13.15000000","name":"Helming"},{"id":"116668","latitude":"47.90000000","longitude":"13.18333330","name":"Henndorf am Wallersee"},{"id":"116670","latitude":"47.90000000","longitude":"13.18333330","name":"Henndorf"},{"id":"116689","latitude":"47.80000000","longitude":"13.03333330","name":"Herrenau"},{"id":"116691","latitude":"47.21666670","longitude":"12.83333330","name":"Herrenhaus"},{"id":"116709","latitude":"47.30000000","longitude":"13.01666670","name":"Heuberg"},{"id":"116743","latitude":"47.80000000","longitude":"12.98333330","name":"Himmelreich"},{"id":"116771","latitude":"47.85250000","longitude":"13.02583330","name":"Hintergitzen"},{"id":"116772","latitude":"47.36666670","longitude":"12.56666670","name":"Hinterglemm"},{"id":"116773","latitude":"47.18333330","longitude":"13.75000000","name":"Hinterg\u00f6riach"},{"id":"116780","latitude":"47.45000000","longitude":"13.15000000","name":"Hinterimlau"},{"id":"116781","latitude":"47.06666670","longitude":"13.85000000","name":"Hintering"},{"id":"116783","latitude":"47.25000000","longitude":"13.31666670","name":"Hinterkleinarl"},{"id":"116803","latitude":"47.80000000","longitude":"13.18333330","name":"Hinterschroffenau"},{"id":"116805","latitude":"47.70000000","longitude":"13.28333330","name":"Hintersee"},{"id":"116812","latitude":"47.40000000","longitude":"12.96666670","name":"Hinterthal"},{"id":"116820","latitude":"47.25000000","longitude":"12.20000000","name":"Hinterwaldberg"},{"id":"116822","latitude":"47.18333330","longitude":"13.70000000","name":"Hinterweisspriach"},{"id":"116823","latitude":"47.73333330","longitude":"13.13333330","name":"Hinterwiestal"},{"id":"116824","latitude":"47.73333330","longitude":"13.13333330","name":"Hinterwiesthal"},{"id":"116830","latitude":"47.76666670","longitude":"13.13333330","name":"Hinterwinkl"},{"id":"116840","latitude":"47.43333330","longitude":"12.78333330","name":"Hirnreith"},{"id":"116841","latitude":"47.43333330","longitude":"12.78333330","name":"Hirnreit"},{"id":"116849","latitude":"47.55000000","longitude":"12.80000000","name":"Hirschbichl"},{"id":"116850","latitude":"47.55000000","longitude":"12.80000000","name":"Hirschb\u00fchel"},{"id":"116881","latitude":"47.93250000","longitude":"13.00611110","name":"Hochberg"},{"id":"116891","latitude":"47.86083330","longitude":"13.03694440","name":"Hochegg"},{"id":"116906","latitude":"47.36666670","longitude":"13.38333330","name":"H\u00f6ch"},{"id":"116920","latitude":"47.40000000","longitude":"13.20000000","name":"Hochmoos"},{"id":"116955","latitude":"47.81666670","longitude":"13.21666670","name":"Hof bei Salzburg"},{"id":"116965","latitude":"47.16666670","longitude":"13.10000000","name":"Hofgastein"},{"id":"116967","latitude":"47.30000000","longitude":"12.61666670","name":"Hofham"},{"id":"116971","latitude":"47.10000000","longitude":"13.60000000","name":"H\u00f6f"},{"id":"116996","latitude":"47.31666670","longitude":"13.10000000","name":"Hofmark"},{"id":"116997","latitude":"47.31666670","longitude":"13.31666670","name":"Hofmarkt"},{"id":"117011","latitude":"47.38333330","longitude":"13.48333330","name":"H\u00f6ggen"},{"id":"117022","latitude":"47.26666670","longitude":"12.31666670","name":"Hohenbramberg"},{"id":"117035","latitude":"47.92222220","longitude":"13.04472220","name":"Hohengarten"},{"id":"117071","latitude":"47.33333330","longitude":"13.30000000","name":"Holleregg"},{"id":"117074","latitude":"47.26666670","longitude":"12.41666670","name":"Hollersbach"},{"id":"117076","latitude":"47.26666670","longitude":"12.41666670","name":"Hollersbach im Pinzgau"},{"id":"117079","latitude":"47.41666670","longitude":"13.28333330","name":"H\u00f6llgrub"},{"id":"117090","latitude":"47.74972220","longitude":"12.94055560","name":"Holzeck"},{"id":"117098","latitude":"48.01666670","longitude":"12.93333330","name":"Holzhausen"},{"id":"117103","latitude":"47.97694440","longitude":"12.95416670","name":"Holzleiten"},{"id":"117106","latitude":"47.96361110","longitude":"13.02138890","name":"Holzmannberg"},{"id":"117151","latitude":"47.94861110","longitude":"13.02305560","name":"H\u00f6rndl"},{"id":"117181","latitude":"47.35000000","longitude":"13.31666670","name":"Hubd\u00f6rfl"},{"id":"117187","latitude":"47.96333330","longitude":"13.04361110","name":"Hub"},{"id":"117200","latitude":"47.28333330","longitude":"12.70000000","name":"Hummersdorf"},{"id":"117207","latitude":"47.16666670","longitude":"13.10000000","name":"Hundsdorf"},{"id":"117208","latitude":"47.35000000","longitude":"13.40000000","name":"Hundsd\u00f6rfl"},{"id":"117214","latitude":"47.16666670","longitude":"13.10000000","name":"Hunsdorf"},{"id":"117219","latitude":"47.36666670","longitude":"13.23333330","name":"Hutegg"},{"id":"117221","latitude":"47.41666670","longitude":"13.30000000","name":"H\u00fcttau"},{"id":"117234","latitude":"47.45000000","longitude":"12.70000000","name":"H\u00fctten"},{"id":"117236","latitude":"47.78333330","longitude":"13.38333330","name":"H\u00fcttenstein"},{"id":"117241","latitude":"47.16666670","longitude":"13.23333330","name":"H\u00fcttschlag"},{"id":"117242","latitude":"47.89083330","longitude":"13.05000000","name":"Hutzing"},{"id":"117246","latitude":"47.91833330","longitude":"13.06444440","name":"Ibertsberg"},{"id":"117251","latitude":"47.40000000","longitude":"13.31666670","name":"Iglsbach"},{"id":"117268","latitude":"47.46666670","longitude":"13.18333330","name":"Imlau"},{"id":"117284","latitude":"47.36666670","longitude":"12.68333330","name":"Ingelsberg"},{"id":"117330","latitude":"47.98333330","longitude":"13.28333330","name":"Innerroid"},{"id":"117344","latitude":"47.95083330","longitude":"13.04888890","name":"Innerwall"},{"id":"117372","latitude":"47.85000000","longitude":"13.21666670","name":"Irlach"},{"id":"117377","latitude":"47.96666670","longitude":"13.28333330","name":"Irrsdorf"},{"id":"117378","latitude":"47.86666670","longitude":"13.25000000","name":"Irsberg"},{"id":"117392","latitude":"47.81666670","longitude":"13.05000000","name":"Itzling"},{"id":"117395","latitude":"47.63333330","longitude":"13.15000000","name":"Jadorf"},{"id":"117418","latitude":"47.38333330","longitude":"13.31666670","name":"Jansenberg"},{"id":"117428","latitude":"47.96666670","longitude":"12.91666670","name":"Jauchsdorf"},{"id":"117438","latitude":"47.11666670","longitude":"13.46666670","name":"Jedl"},{"id":"117456","latitude":"47.30000000","longitude":"12.41666670","name":"Jochberg"},{"id":"117458","latitude":"47.28333330","longitude":"12.43333330","name":"Jochbergthurn"},{"id":"117485","latitude":"47.13333330","longitude":"13.80000000","name":"Judendorf"},{"id":"117503","latitude":"47.78333330","longitude":"12.95000000","name":"K\u00e4ferheim"},{"id":"117542","latitude":"47.97833330","longitude":"13.07111110","name":"K\u00e4lberpoint"},{"id":"117543","latitude":"47.38333330","longitude":"13.16666670","name":"Kalchau"},{"id":"117549","latitude":"47.85000000","longitude":"13.13333330","name":"Kalham"},{"id":"117583","latitude":"47.68333330","longitude":"13.08333330","name":"Kaltenhausen"},{"id":"117597","latitude":"47.36666670","longitude":"12.81666670","name":"Kammer"},{"id":"117639","latitude":"47.26666670","longitude":"12.76666670","name":"Kaprun"},{"id":"117640","latitude":"47.25000000","longitude":"12.75000000","name":"Kaprun Werksiedlung"},{"id":"117667","latitude":"47.16666670","longitude":"13.26666670","name":"Karteis"},{"id":"117673","latitude":"47.83333330","longitude":"13.06666670","name":"Kasern"},{"id":"117693","latitude":"47.92166670","longitude":"13.07305560","name":"Katzelsberg"},{"id":"117707","latitude":"47.85611110","longitude":"13.06861110","name":"Katzmoos"},{"id":"117716","latitude":"47.41666670","longitude":"12.81666670","name":"Kehlbach"},{"id":"117725","latitude":"47.98638890","longitude":"12.91333330","name":"Kellerwald"},{"id":"117738","latitude":"47.95000000","longitude":"12.95000000","name":"Kemating"},{"id":"117743","latitude":"47.06666670","longitude":"13.88333330","name":"Kendlbruck"},{"id":"117744","latitude":"47.78000000","longitude":"13.00361110","name":"Kendlersiedlung"},{"id":"117749","latitude":"47.85833330","longitude":"13.02166670","name":"Kerath"},{"id":"117750","latitude":"47.88805560","longitude":"13.04555560","name":"Kerbeslehen"},{"id":"117753","latitude":"47.98638890","longitude":"13.07444440","name":"Kernwimm"},{"id":"117831","latitude":"47.86666670","longitude":"13.16666670","name":"Kirchberg"},{"id":"117836","latitude":"47.33333330","longitude":"13.30000000","name":"Kirchboden"},{"id":"117842","latitude":"47.21666670","longitude":"12.16666670","name":"Kirchdorf"},{"id":"117848","latitude":"47.99527780","longitude":"12.95611110","name":"Kirchendorf"},{"id":"117850","latitude":"47.95111110","longitude":"12.95500000","name":"Kircheng\u00f6ming"},{"id":"117851","latitude":"47.55000000","longitude":"12.68333330","name":"Kirchental"},{"id":"117852","latitude":"47.55000000","longitude":"12.68333330","name":"Kirchenthal"},{"id":"117856","latitude":"47.95111110","longitude":"12.95500000","name":"Kirchg\u00f6ming"},{"id":"117858","latitude":"47.36666670","longitude":"12.80000000","name":"Kirchham"},{"id":"117868","latitude":"47.93444440","longitude":"13.07055560","name":"Kirchst\u00e4tt"},{"id":"117875","latitude":"47.90555560","longitude":"13.00305560","name":"Kirschberg"},{"id":"117901","latitude":"47.38333330","longitude":"13.30000000","name":"Klamm"},{"id":"117904","latitude":"47.28333330","longitude":"13.08333330","name":"Klammstein"},{"id":"117912","latitude":"47.28333330","longitude":"12.48333330","name":"Klausen"},{"id":"117928","latitude":"47.28333330","longitude":"13.31666670","name":"Kleinarl"},{"id":"117933","latitude":"47.95527780","longitude":"13.01722220","name":"Kleinberg"},{"id":"117947","latitude":"47.97555560","longitude":"13.04166670","name":"Kleinegg"},{"id":"117969","latitude":"47.78333330","longitude":"13.05000000","name":"Kleingmain"},{"id":"117985","latitude":"47.33333330","longitude":"13.11666670","name":"Kleinh\u00f6ch"},{"id":"117998","latitude":"47.95000000","longitude":"13.20000000","name":"Kleink\u00f6stendorf"},{"id":"118019","latitude":"47.93861110","longitude":"12.99500000","name":"Kleinolching"},{"id":"118051","latitude":"47.99805560","longitude":"13.03388890","name":"Kleinschachern"},{"id":"118058","latitude":"47.35000000","longitude":"13.11666670","name":"Kleinschwarzach"},{"id":"118067","latitude":"47.28333330","longitude":"12.91666670","name":"Kleinsonnberg"},{"id":"118117","latitude":"47.96027780","longitude":"13.01944440","name":"Kletzlberg"},{"id":"118150","latitude":"47.38333330","longitude":"13.11666670","name":"Knie"},{"id":"118155","latitude":"47.92861110","longitude":"13.02944440","name":"Knolled"},{"id":"118160","latitude":"47.97972220","longitude":"12.94194440","name":"Knotzing"},{"id":"118171","latitude":"47.90111110","longitude":"13.03388890","name":"Kobl"},{"id":"118204","latitude":"47.26666670","longitude":"12.56666670","name":"K\u00f6hlbichl"},{"id":"118220","latitude":"47.92055560","longitude":"13.07944440","name":"K\u00f6llern"},{"id":"118241","latitude":"47.87277780","longitude":"13.02472220","name":"K\u00f6nigsberg"},{"id":"118264","latitude":"47.80000000","longitude":"13.16666670","name":"Koppl"},{"id":"118272","latitude":"47.85611110","longitude":"13.02916670","name":"Korb"},{"id":"118277","latitude":"47.92000000","longitude":"13.04138890","name":"Korndobl"},{"id":"118294","latitude":"47.95000000","longitude":"13.20000000","name":"K\u00f6stendorf"},{"id":"118300","latitude":"47.91666670","longitude":"13.10000000","name":"Kothgumprechting"},{"id":"118301","latitude":"47.93861110","longitude":"13.05194440","name":"Kothingstra\u00df"},{"id":"118306","latitude":"47.13333330","longitude":"13.13333330","name":"K\u00f6tschachdorf"},{"id":"118308","latitude":"47.13333330","longitude":"13.13333330","name":"K\u00f6tschach"},{"id":"118339","latitude":"47.90611110","longitude":"13.04361110","name":"Kraibach"},{"id":"118341","latitude":"47.90000000","longitude":"13.06666670","name":"Kraiham"},{"id":"118346","latitude":"47.85000000","longitude":"13.16666670","name":"Kraiwiesen"},{"id":"118385","latitude":"47.92250000","longitude":"13.01333330","name":"Kravogl"},{"id":"118394","latitude":"47.92000000","longitude":"13.02416670","name":"Kreit"},{"id":"118423","latitude":"47.41666670","longitude":"13.23333330","name":"Kreuzberg"},{"id":"118429","latitude":"47.36666670","longitude":"12.71666670","name":"Kreuzerlehen"},{"id":"118430","latitude":"47.94916670","longitude":"12.94333330","name":"Kreuzerleiten"},{"id":"118444","latitude":"47.21666670","longitude":"12.18333330","name":"Krimml"},{"id":"118445","latitude":"47.90805560","longitude":"13.07027780","name":"Krimpelst\u00e4tten"},{"id":"118450","latitude":"47.71666670","longitude":"13.18333330","name":"Krispl"},{"id":"118467","latitude":"47.93722220","longitude":"12.99277780","name":"Kroisbach"},{"id":"118485","latitude":"47.60000000","longitude":"13.28333330","name":"Kronreif"},{"id":"118491","latitude":"47.33333330","longitude":"13.26666670","name":"Kropflehen"},{"id":"118496","latitude":"47.28333330","longitude":"12.81666670","name":"Kr\u00f6ssenbach"},{"id":"118535","latitude":"47.61666670","longitude":"13.15000000","name":"Kuchl"},{"id":"118619","latitude":"47.81666670","longitude":"13.16666670","name":"Ladau"},{"id":"118621","latitude":"47.20000000","longitude":"13.11666670","name":"Laderding"},{"id":"118626","latitude":"47.15000000","longitude":"13.10000000","name":"Lafen"},{"id":"118639","latitude":"47.38333330","longitude":"12.80000000","name":"Lahntal"},{"id":"118641","latitude":"47.41666670","longitude":"13.20000000","name":"Laideregg"},{"id":"118683","latitude":"47.13333330","longitude":"13.55000000","name":"Lamm"},{"id":"118685","latitude":"47.46666670","longitude":"13.23333330","name":"Lampersbach"},{"id":"118692","latitude":"47.98333330","longitude":"12.95000000","name":"Lamprechtshausen"},{"id":"118764","latitude":"47.73333330","longitude":"13.25000000","name":"Langreith"},{"id":"118771","latitude":"47.82222220","longitude":"13.07444440","name":"Langwied"},{"id":"118781","latitude":"47.38333330","longitude":"12.80000000","name":"Lanthal"},{"id":"118797","latitude":"47.10000000","longitude":"13.83333330","name":"Lasaberg"},{"id":"118832","latitude":"47.46666670","longitude":"13.21666670","name":"Laubichl"},{"id":"118833","latitude":"47.98972220","longitude":"12.91750000","name":"Laubschachen"},{"id":"118872","latitude":"47.33333330","longitude":"13.11666670","name":"Lehen"},{"id":"118875","latitude":"47.38333330","longitude":"13.15000000","name":"Leh"},{"id":"118889","latitude":"47.85500000","longitude":"13.06111110","name":"Leicharting"},{"id":"118904","latitude":"47.26666670","longitude":"12.33333330","name":"Leiten"},{"id":"118924","latitude":"47.45000000","longitude":"13.28333330","name":"Leiwein"},{"id":"118933","latitude":"47.30000000","longitude":"13.06666670","name":"Lend"},{"id":"118937","latitude":"47.36666670","longitude":"12.53333330","name":"Lengau"},{"id":"118940","latitude":"47.28333330","longitude":"12.61666670","name":"Lengdorf"},{"id":"118943","latitude":"47.85000000","longitude":"13.05000000","name":"Lengfelden"},{"id":"118946","latitude":"47.45000000","longitude":"12.81666670","name":"Lenzing"},{"id":"118953","latitude":"47.43333330","longitude":"12.75000000","name":"Leogang"},{"id":"118967","latitude":"47.78333330","longitude":"13.03333330","name":"Leopoldskron"},{"id":"118987","latitude":"47.18333330","longitude":"13.81666670","name":"Lessach Oberdorf"},{"id":"118988","latitude":"47.18333330","longitude":"13.81666670","name":"Lessach Unterdorf"},{"id":"118995","latitude":"47.96222220","longitude":"12.88333330","name":"Lettensau"},{"id":"118997","latitude":"47.40000000","longitude":"12.83333330","name":"Letting"},{"id":"119030","latitude":"47.76666670","longitude":"13.21666670","name":"Lidaun"},{"id":"119044","latitude":"47.81666670","longitude":"13.01666670","name":"Liefering"},{"id":"119063","latitude":"47.20000000","longitude":"13.73333330","name":"Lignitz"},{"id":"119080","latitude":"47.96222220","longitude":"13.03555560","name":"Lina"},{"id":"119084","latitude":"47.93777780","longitude":"12.95000000","name":"Lindach"},{"id":"119095","latitude":"47.92722220","longitude":"13.07805560","name":"Lindenhof"},{"id":"119099","latitude":"47.56666670","longitude":"13.38333330","name":"Lindenthal"},{"id":"119134","latitude":"47.15000000","longitude":"13.80000000","name":"Litzelsdorf"},{"id":"119138","latitude":"47.15000000","longitude":"13.80000000","name":"Litzldorf"},{"id":"119142","latitude":"47.38333330","longitude":"13.48333330","name":"L\u00f6benau"},{"id":"119162","latitude":"47.58333330","longitude":"12.68333330","name":"Lofer"},{"id":"119163","latitude":"47.28333330","longitude":"12.48333330","name":"Loferstein"},{"id":"119187","latitude":"47.78805560","longitude":"12.99694440","name":"Loig"},{"id":"119199","latitude":"47.96111110","longitude":"12.93222220","name":"Loipferding"},{"id":"119220","latitude":"47.40000000","longitude":"13.46666670","name":"Loretto"},{"id":"119221","latitude":"47.40000000","longitude":"13.46666670","name":"Lorettosiedlung"},{"id":"119254","latitude":"47.36666670","longitude":"12.75000000","name":"Luftm\u00fchle"},{"id":"119255","latitude":"47.36666670","longitude":"12.75000000","name":"Luftm\u00fchl"},{"id":"119259","latitude":"47.21666670","longitude":"13.10000000","name":"Luggau"},{"id":"119262","latitude":"47.93666670","longitude":"12.96083330","name":"Lukasedt"},{"id":"119268","latitude":"47.48333330","longitude":"13.40000000","name":"Lung\u00f6tz"},{"id":"119288","latitude":"47.06666670","longitude":"13.81666670","name":"Madling Alm"},{"id":"119289","latitude":"47.06666670","longitude":"13.81666670","name":"Madling"},{"id":"119290","latitude":"47.06666670","longitude":"13.81666670","name":"Madling Wirtsboden"},{"id":"119315","latitude":"47.35000000","longitude":"12.80000000","name":"Maierhfen"},{"id":"119319","latitude":"47.30000000","longitude":"13.08333330","name":"Maierhof"},{"id":"119344","latitude":"47.36666670","longitude":"12.80000000","name":"Maishofen"},{"id":"119371","latitude":"47.45000000","longitude":"13.23333330","name":"Mandlegg"},{"id":"119376","latitude":"47.98083330","longitude":"13.03388890","name":"Mangerberg"},{"id":"119377","latitude":"47.99527780","longitude":"13.07694440","name":"Manglberg"},{"id":"119413","latitude":"47.31666670","longitude":"13.06666670","name":"March"},{"id":"119424","latitude":"47.40000000","longitude":"12.90000000","name":"Maria Alm am Steinernen Meer"},{"id":"119452","latitude":"47.15000000","longitude":"13.75000000","name":"Mariapfarr"},{"id":"119461","latitude":"47.85027780","longitude":"13.05194440","name":"Maria Sorg"},{"id":"119507","latitude":"47.36666670","longitude":"13.20000000","name":"Maschl"},{"id":"119527","latitude":"47.93000000","longitude":"13.07250000","name":"Mattich"},{"id":"119531","latitude":"47.96666670","longitude":"13.10000000","name":"Mattsee"},{"id":"119540","latitude":"47.95000000","longitude":"13.06666670","name":"Matzing"},{"id":"119557","latitude":"47.28333330","longitude":"13.21666670","name":"Maurach"},{"id":"119565","latitude":"47.13333330","longitude":"13.66666670","name":"Mauterndorf"},{"id":"119578","latitude":"47.13333330","longitude":"13.66666670","name":"Mautterndorf"},{"id":"119579","latitude":"48.01666670","longitude":"12.95000000","name":"Maxdorf"},{"id":"119582","latitude":"47.80000000","longitude":"13.03333330","name":"Maxglan"},{"id":"119584","latitude":"47.45000000","longitude":"13.23333330","name":"Maxlhub"},{"id":"119588","latitude":"47.25000000","longitude":"13.10000000","name":"Mayerhofen"},{"id":"119590","latitude":"47.10000000","longitude":"13.53333330","name":"Mayerhofer"},{"id":"119592","latitude":"47.10000000","longitude":"13.53333330","name":"Mayerhof"},{"id":"119596","latitude":"47.60000000","longitude":"12.73333330","name":"Mayrberg"},{"id":"119597","latitude":"47.36666670","longitude":"13.33333330","name":"Mayrd\u00f6rfl"},{"id":"119598","latitude":"47.30000000","longitude":"12.43333330","name":"Mayrhofen"},{"id":"119600","latitude":"47.10000000","longitude":"13.53333330","name":"Mayrhofer"},{"id":"119602","latitude":"47.94250000","longitude":"12.94750000","name":"Mayrhof"},{"id":"119664","latitude":"48.01666670","longitude":"13.03333330","name":"Michaelbeuern"},{"id":"119674","latitude":"48.01666670","longitude":"13.03333330","name":"Michelbeuern"},{"id":"119686","latitude":"48.01666670","longitude":"13.03333330","name":"Michlbeuern"},{"id":"119689","latitude":"47.86138890","longitude":"13.07805560","name":"Midering"},{"id":"119761","latitude":"47.40000000","longitude":"13.21666670","name":"Mitterbergh\u00fctten"},{"id":"119763","latitude":"47.07388890","longitude":"13.87861110","name":"Mitterberg"},{"id":"119782","latitude":"47.38333330","longitude":"13.20000000","name":"Mitteregg"},{"id":"119795","latitude":"47.95000000","longitude":"12.95000000","name":"Mitterg\u00f6ming"},{"id":"119798","latitude":"47.38333330","longitude":"12.80000000","name":"Mitterhofen"},{"id":"119806","latitude":"47.26666670","longitude":"13.31666670","name":"Mitterkleinarl"},{"id":"119816","latitude":"47.76666670","longitude":"13.01666670","name":"Mittermoos"},{"id":"119838","latitude":"47.26666670","longitude":"12.48333330","name":"Mittersill"},{"id":"119839","latitude":"47.26666670","longitude":"12.48333330","name":"Mittersil"},{"id":"119841","latitude":"47.89583330","longitude":"13.07611110","name":"Mitterstall"},{"id":"119842","latitude":"47.90277780","longitude":"13.00666670","name":"Mitterst\u00e4tt"},{"id":"119844","latitude":"47.31666670","longitude":"13.03333330","name":"Mitterstein"},{"id":"119871","latitude":"47.30000000","longitude":"12.86666670","name":"Moderegg"},{"id":"119875","latitude":"47.89888890","longitude":"13.05666670","name":"M\u00f6dlham"},{"id":"119922","latitude":"47.28333330","longitude":"13.31666670","name":"M\u00f6nichsberg"},{"id":"119938","latitude":"47.86416670","longitude":"13.05444440","name":"Moosham"},{"id":"119950","latitude":"47.41666670","longitude":"13.23333330","name":"Moos"},{"id":"119954","latitude":"47.99611110","longitude":"12.90472220","name":"Moospirach"},{"id":"119965","latitude":"47.13333330","longitude":"13.80000000","name":"M\u00f6rtelsdorf"},{"id":"119971","latitude":"47.76666670","longitude":"13.06666670","name":"Morzg"},{"id":"119990","latitude":"47.33333330","longitude":"13.15000000","name":"M\u00f6slehen"},{"id":"120016","latitude":"47.45000000","longitude":"13.23333330","name":"M\u00fchlau"},{"id":"120019","latitude":"47.26666670","longitude":"12.36666670","name":"M\u00fchlbach am Hochk\u00f6nig"},{"id":"120027","latitude":"47.26666670","longitude":"12.36666670","name":"M\u00fchlbach"},{"id":"120031","latitude":"47.28333330","longitude":"12.36666670","name":"M\u00fchlberg"},{"id":"120044","latitude":"47.94722220","longitude":"12.99138890","name":"M\u00fchlfeld"},{"id":"120060","latitude":"47.56666670","longitude":"13.31666670","name":"M\u00fchlrain"},{"id":"120073","latitude":"47.11666670","longitude":"13.50000000","name":"Muhr"},{"id":"120097","latitude":"47.85000000","longitude":"13.00000000","name":"Muntigl"},{"id":"120115","latitude":"47.11666670","longitude":"13.50000000","name":"Mur"},{"id":"120190","latitude":"47.11666670","longitude":"13.76666670","name":"Neggerndorf"},{"id":"120191","latitude":"47.10000000","longitude":"13.60000000","name":"Neiderdorf"},{"id":"120217","latitude":"47.45000000","longitude":"13.48333330","name":"Neuberg"},{"id":"120253","latitude":"47.91666670","longitude":"13.21666670","name":"Neufahrn"},{"id":"120268","latitude":"47.94361110","longitude":"13.04027780","name":"Neuh\u00e4usl"},{"id":"120278","latitude":"47.86666670","longitude":"13.18333330","name":"Neuhofen"},{"id":"120289","latitude":"47.25000000","longitude":"12.28333330","name":"Neukirchen am Gro\u00dfvenediger"},{"id":"120300","latitude":"47.25000000","longitude":"12.28333330","name":"Neukirchen"},{"id":"120306","latitude":"47.95000000","longitude":"13.23333330","name":"Neumark"},{"id":"120307","latitude":"47.95000000","longitude":"13.23333330","name":"Neumarkt am Wallersee"},{"id":"120315","latitude":"47.95000000","longitude":"13.20000000","name":"Neumarkt-K\u00f6stendorf"},{"id":"120319","latitude":"47.95000000","longitude":"13.23333330","name":"Neumarkt"},{"id":"120349","latitude":"47.11666670","longitude":"13.68333330","name":"Neusess"},{"id":"120407","latitude":"47.73333330","longitude":"13.05000000","name":"Niederalm"},{"id":"120411","latitude":"47.96666670","longitude":"12.95000000","name":"Niederarnsdorf"},{"id":"120455","latitude":"47.66666670","longitude":"12.73333330","name":"Niederland"},{"id":"120457","latitude":"47.36666670","longitude":"13.26666670","name":"Niederlehen"},{"id":"120461","latitude":"47.43333330","longitude":"13.28333330","name":"Niedermais"},{"id":"120470","latitude":"47.28333330","longitude":"12.65000000","name":"Niedernsill"},{"id":"120481","latitude":"47.97361110","longitude":"12.94583330","name":"Niederreit"},{"id":"120500","latitude":"47.31666670","longitude":"13.18333330","name":"Niederuntersberg"},{"id":"120502","latitude":"47.28333330","longitude":"13.31666670","name":"Nieder Viehhof"},{"id":"120543","latitude":"47.78916670","longitude":"13.04861110","name":"Nonntal"},{"id":"120546","latitude":"47.98305560","longitude":"12.97111110","name":"Nopping"},{"id":"120556","latitude":"47.23333330","longitude":"12.18333330","name":"Nothdorf"},{"id":"120571","latitude":"47.95944440","longitude":"13.00916670","name":"Nussdorf am Haunsberg"},{"id":"120572","latitude":"47.95944440","longitude":"13.00916670","name":"Nu\u00dfdorf am Haunsberg"},{"id":"120577","latitude":"47.83277780","longitude":"13.07027780","name":"Nu\u00dfdorf"},{"id":"120578","latitude":"47.95944440","longitude":"13.00916670","name":"Nussdorf"},{"id":"120610","latitude":"47.70000000","longitude":"13.10000000","name":"Oberalm"},{"id":"120617","latitude":"47.96666670","longitude":"12.95000000","name":"Oberarnsdorf"},{"id":"120622","latitude":"47.71666670","longitude":"13.26666670","name":"Oberasch"},{"id":"120636","latitude":"47.08333330","longitude":"13.68333330","name":"Oberbairdorf"},{"id":"120639","latitude":"47.08333330","longitude":"13.68333330","name":"Oberbayrdorf"},{"id":"120645","latitude":"47.41666670","longitude":"13.25000000","name":"Oberberg"},{"id":"120648","latitude":"47.35000000","longitude":"13.21666670","name":"Oberbichl"},{"id":"120659","latitude":"47.40000000","longitude":"13.16666670","name":"Oberbrixen"},{"id":"120660","latitude":"47.93027780","longitude":"13.05277780","name":"Oberbruckmoos"},{"id":"120689","latitude":"47.38333330","longitude":"13.40000000","name":"Oberdorf"},{"id":"120702","latitude":"47.48333330","longitude":"13.20000000","name":"Obereben"},{"id":"120703","latitude":"47.96666670","longitude":"12.90000000","name":"Obereching"},{"id":"120713","latitude":"47.46666670","longitude":"13.23333330","name":"Oberegg"},{"id":"120716","latitude":"47.06666670","longitude":"13.88333330","name":"Obere Grub"},{"id":"120746","latitude":"47.25000000","longitude":"12.48333330","name":"Oberfelben"},{"id":"120833","latitude":"47.38333330","longitude":"12.81666670","name":"Oberhaus"},{"id":"120852","latitude":"47.31666670","longitude":"13.11666670","name":"Oberhof"},{"id":"120874","latitude":"47.91083330","longitude":"13.04750000","name":"Oberkapelln"},{"id":"120876","latitude":"47.99638890","longitude":"13.04944440","name":"Oberkarellen"},{"id":"120899","latitude":"47.21666670","longitude":"12.16666670","name":"Oberkrimml"},{"id":"120924","latitude":"47.46666670","longitude":"13.26666670","name":"Oberlehen"},{"id":"120974","latitude":"47.91444440","longitude":"13.05027780","name":"Oberm\u00f6dlham"},{"id":"120977","latitude":"47.75000000","longitude":"13.01666670","name":"Obermoos"},{"id":"120981","latitude":"47.28333330","longitude":"12.36666670","name":"Oberm\u00fchlbach"},{"id":"120990","latitude":"47.96666670","longitude":"13.11666670","name":"Obernberg"},{"id":"120991","latitude":"47.89611110","longitude":"13.05388890","name":"Obernbichl"},{"id":"120996","latitude":"47.95000000","longitude":"12.93333330","name":"Oberndorf bei Salzburg"},{"id":"121002","latitude":"47.95000000","longitude":"12.93333330","name":"Oberndorf"},{"id":"121046","latitude":"47.38333330","longitude":"13.15000000","name":"Oberp\u00f6ll"},{"id":"121064","latitude":"47.26666670","longitude":"13.31666670","name":"Oberrain"},{"id":"121079","latitude":"47.35000000","longitude":"12.80000000","name":"Oberreit"},{"id":"121113","latitude":"47.38333330","longitude":"13.13333330","name":"Oberschamberg"},{"id":"121126","latitude":"47.45000000","longitude":"13.20000000","name":"Oberschwabegg"},{"id":"121166","latitude":"47.25000000","longitude":"13.53333330","name":"Obertauern"},{"id":"121199","latitude":"47.93722220","longitude":"13.07722220","name":"Obertrum am See"},{"id":"121201","latitude":"47.93722220","longitude":"13.07722220","name":"Obertrum"},{"id":"121205","latitude":"47.31666670","longitude":"13.13333330","name":"Oberuntersberg"},{"id":"121210","latitude":"47.83333330","longitude":"13.28333330","name":"Obervetterbach"},{"id":"121212","latitude":"47.33333330","longitude":"13.31666670","name":"Obervierteck"},{"id":"121238","latitude":"47.51666670","longitude":"12.75000000","name":"Oberweissbach"},{"id":"121239","latitude":"47.10000000","longitude":"13.60000000","name":"Oberweissburg"},{"id":"121279","latitude":"47.35000000","longitude":"13.20000000","name":"Obkirchen"},{"id":"121316","latitude":"47.90000000","longitude":"13.20000000","name":"Oelling"},{"id":"121328","latitude":"47.58333330","longitude":"13.16666670","name":"Ofenau"},{"id":"121331","latitude":"47.40000000","longitude":"13.31666670","name":"Ofensberg"},{"id":"121350","latitude":"47.38333330","longitude":"13.41666670","name":"Old Markt"},{"id":"121358","latitude":"47.98333330","longitude":"12.90000000","name":"\u00d6lling"},{"id":"121359","latitude":"47.11666670","longitude":"13.45000000","name":"Ollsch\u00fctzen"},{"id":"121429","latitude":"47.45000000","longitude":"12.78333330","name":"Otting"},{"id":"121444","latitude":"47.91944440","longitude":"12.97055560","name":"Pabing"},{"id":"121487","latitude":"47.80000000","longitude":"13.06666670","name":"Parsch"},{"id":"121500","latitude":"47.08333330","longitude":"13.11666670","name":"Passau"},{"id":"121504","latitude":"47.31666670","longitude":"12.41666670","name":"Pa\u00dfthurn"},{"id":"121530","latitude":"47.85000000","longitude":"13.11666670","name":"Pebering"},{"id":"121584","latitude":"47.88027780","longitude":"13.05583330","name":"Perling"},{"id":"121587","latitude":"47.35000000","longitude":"13.30000000","name":"Permoos"},{"id":"121601","latitude":"47.92944440","longitude":"13.06027780","name":"Pernerst\u00e4tt"},{"id":"121674","latitude":"47.40000000","longitude":"12.81666670","name":"Pfaffenhofen"},{"id":"121701","latitude":"47.92555560","longitude":"13.07416670","name":"Pfarrhof"},{"id":"121715","latitude":"47.95000000","longitude":"13.23333330","name":"Pfongau"},{"id":"121727","latitude":"47.28333330","longitude":"12.36666670","name":"Picheln"},{"id":"121739","latitude":"47.08333330","longitude":"13.71666670","name":"Pichlern"},{"id":"121750","latitude":"47.10000000","longitude":"13.73333330","name":"Pichl"},{"id":"121765","latitude":"47.28333330","longitude":"12.71666670","name":"Piesendorf"},{"id":"121777","latitude":"47.38333330","longitude":"13.23333330","name":"Pilzegg"},{"id":"121785","latitude":"47.99166670","longitude":"13.02555560","name":"Pinswang"},{"id":"121815","latitude":"47.41666670","longitude":"13.31666670","name":"Pirnitz"},{"id":"121816","latitude":"47.28333330","longitude":"12.55000000","name":"Pirtendorf"},{"id":"121817","latitude":"47.43333330","longitude":"12.75000000","name":"Pirzbichl"},{"id":"121824","latitude":"47.08333330","longitude":"13.71666670","name":"Pischelsdorf"},{"id":"121842","latitude":"47.38333330","longitude":"13.30000000","name":"Pitzen"},{"id":"121845","latitude":"47.98500000","longitude":"12.92916670","name":"Pladenfeld"},{"id":"121849","latitude":"47.83333330","longitude":"13.18333330","name":"Plainfeld"},{"id":"121858","latitude":"47.33333330","longitude":"13.18333330","name":"Plankenau"},{"id":"121918","latitude":"47.79388890","longitude":"12.99000000","name":"Pointing"},{"id":"121919","latitude":"47.94083330","longitude":"12.98638890","name":"Pointlau"},{"id":"121920","latitude":"47.35000000","longitude":"13.11666670","name":"Pointlehen"},{"id":"121921","latitude":"47.35000000","longitude":"12.80000000","name":"Point"},{"id":"121927","latitude":"47.78333330","longitude":"13.35000000","name":"P\u00f6llach"},{"id":"121948","latitude":"47.30000000","longitude":"12.63333330","name":"P\u00f6lsen"},{"id":"121958","latitude":"47.91083330","longitude":"13.00833330","name":"Pomed"},{"id":"122020","latitude":"47.41666670","longitude":"13.31666670","name":"P\u00f6tting"},{"id":"122024","latitude":"47.93472220","longitude":"13.06000000","name":"P\u00f6tzelsberg"},{"id":"122111","latitude":"47.33333330","longitude":"12.80000000","name":"Prielau"},{"id":"122143","latitude":"47.71666670","longitude":"13.10000000","name":"Puch bei Hallein"},{"id":"122161","latitude":"47.71666670","longitude":"13.10000000","name":"Puch"},{"id":"122198","latitude":"47.41666670","longitude":"13.28333330","name":"Purnstein"},{"id":"122202","latitude":"47.51666670","longitude":"12.76666670","name":"P\u00fcrzlbach"},{"id":"122228","latitude":"47.53333330","longitude":"13.40000000","name":"Quechenberg"},{"id":"122259","latitude":"47.92750000","longitude":"13.04472220","name":"Rablst\u00e4tt"},{"id":"122263","latitude":"47.83611110","longitude":"13.05611110","name":"Radeck"},{"id":"122293","latitude":"47.38333330","longitude":"13.45000000","name":"Radstadt"},{"id":"122294","latitude":"47.38333330","longitude":"13.45000000","name":"Radstatt"},{"id":"122312","latitude":"47.87555560","longitude":"13.04944440","name":"Ragging"},{"id":"122327","latitude":"47.40000000","longitude":"13.20000000","name":"Rainberg"},{"id":"122333","latitude":"47.33333330","longitude":"13.11666670","name":"Rain"},{"id":"122340","latitude":"47.90777780","longitude":"13.02361110","name":"Raith"},{"id":"122358","latitude":"47.06666670","longitude":"13.83333330","name":"Ramingstein"},{"id":"122370","latitude":"47.76666670","longitude":"13.25000000","name":"Ramsau"},{"id":"122375","latitude":"47.41666670","longitude":"12.86666670","name":"Ramseiden"},{"id":"122406","latitude":"47.46666670","longitude":"13.18333330","name":"Raplend"},{"id":"122448","latitude":"47.25000000","longitude":"13.20000000","name":"Rattersberg"},{"id":"122474","latitude":"47.21666670","longitude":"13.00000000","name":"Rauris"},{"id":"122545","latitude":"47.99666670","longitude":"12.99222220","name":"Reicherting"},{"id":"122568","latitude":"47.96666670","longitude":"12.96666670","name":"Reinberg"},{"id":"122610","latitude":"47.87583330","longitude":"13.03750000","name":"Reitbach"},{"id":"122613","latitude":"47.36666670","longitude":"13.38333330","name":"Reitdorf"},{"id":"122618","latitude":"47.75722220","longitude":"12.94222220","name":"Reiterheindl"},{"id":"122637","latitude":"47.61666670","longitude":"12.71666670","name":"Reith"},{"id":"122643","latitude":"47.26666670","longitude":"12.41666670","name":"Reitlehen"},{"id":"122644","latitude":"47.99166670","longitude":"12.94388890","name":"Reitlwaldsiedlung"},{"id":"122646","latitude":"47.38333330","longitude":"13.11666670","name":"Reit"},{"id":"122647","latitude":"47.45000000","longitude":"13.20000000","name":"Reitsam"},{"id":"122648","latitude":"47.99277780","longitude":"13.00888890","name":"Reitsberg"},{"id":"122659","latitude":"47.13333330","longitude":"13.13333330","name":"Remsach"},{"id":"122665","latitude":"47.66666670","longitude":"13.20000000","name":"Rengerberg"},{"id":"122677","latitude":"47.28333330","longitude":"12.43333330","name":"Rettenbach"},{"id":"122683","latitude":"47.35000000","longitude":"13.21666670","name":"Rettenstein"},{"id":"122726","latitude":"47.98333330","longitude":"12.98333330","name":"Riedlkam"},{"id":"122732","latitude":"47.90000000","longitude":"13.03333330","name":"Ried"},{"id":"122766","latitude":"47.58333330","longitude":"13.35000000","name":"Rigaussaag"},{"id":"122778","latitude":"47.98805560","longitude":"12.93055560","name":"Ringofen"},{"id":"122816","latitude":"47.26111110","longitude":"13.11666670","name":"Rodelberg"},{"id":"122820","latitude":"48.00000000","longitude":"12.90000000","name":"Roding"},{"id":"122823","latitude":"47.98722220","longitude":"12.97750000","name":"R\u00f6d"},{"id":"122868","latitude":"47.38333330","longitude":"13.11666670","name":"Rohrmoos"},{"id":"122921","latitude":"47.93111110","longitude":"13.00472220","name":"Rosenstatt"},{"id":"122923","latitude":"47.45000000","longitude":"12.75000000","name":"Rosental"},{"id":"122925","latitude":"47.25000000","longitude":"12.25000000","name":"Rosenthal"},{"id":"122942","latitude":"47.40000000","longitude":"13.16666670","name":"Rostatt"},{"id":"122949","latitude":"47.11666670","longitude":"13.43333330","name":"Rotg\u00fclden"},{"id":"122964","latitude":"47.11666670","longitude":"13.43333330","name":"Rothg\u00fclden"},{"id":"122980","latitude":"47.96722220","longitude":"12.99305560","name":"Rottenaigen"},{"id":"122989","latitude":"47.83333330","longitude":"12.98333330","name":"Rott"},{"id":"122990","latitude":"47.96194440","longitude":"12.99138890","name":"Rottst\u00e4tt"},{"id":"123015","latitude":"47.38333330","longitude":"12.85000000","name":"Ruhgassing"},{"id":"123041","latitude":"47.58333330","longitude":"13.46666670","name":"Russbach am Pass Gsch\u00fctt"},{"id":"123043","latitude":"47.58333330","longitude":"13.46666670","name":"Russbach"},{"id":"123065","latitude":"47.38333330","longitude":"12.63333330","name":"Saalbach"},{"id":"123066","latitude":"47.41666670","longitude":"12.85000000","name":"Saalfelden am Steinernen Meer"},{"id":"123067","latitude":"47.41666670","longitude":"12.85000000","name":"Saalfelden"},{"id":"123082","latitude":"47.86250000","longitude":"13.06333330","name":"Sachsenheim"},{"id":"123105","latitude":"47.41666670","longitude":"12.85000000","name":"Salfelden"},{"id":"123122","latitude":"47.45000000","longitude":"13.21666670","name":"Salzachgrub"},{"id":"123126","latitude":"47.80000000","longitude":"13.03333330","name":"Salzburg"},{"id":"123127","latitude":"47.26666670","longitude":"13.20000000","name":"Salzleck"},{"id":"123132","latitude":"47.82722220","longitude":"13.06583330","name":"Sam"},{"id":"123148","latitude":"47.98333330","longitude":"12.98333330","name":"Sankt Alban"},{"id":"123153","latitude":"47.15000000","longitude":"13.78333330","name":"Sankt Andr\u00e4 im Lungau"},{"id":"123159","latitude":"47.15000000","longitude":"13.78333330","name":"Sankt Andr\u00e4"},{"id":"123223","latitude":"47.98333330","longitude":"12.88333330","name":"Sankt Georgen bei Salzburg"},{"id":"123237","latitude":"47.28333330","longitude":"12.88333330","name":"Sankt Georgen"},{"id":"123243","latitude":"47.76666670","longitude":"13.36666670","name":"Sankt Gilgen"},{"id":"123252","latitude":"47.73333330","longitude":"13.10000000","name":"Sankt Jakob am Thurn"},{"id":"123276","latitude":"47.35000000","longitude":"13.20000000","name":"Sankt Johann im Pongau"},{"id":"123289","latitude":"47.35000000","longitude":"13.20000000","name":"Sankt Johann"},{"id":"123331","latitude":"47.71666670","longitude":"13.05000000","name":"Sankt Leonhard"},{"id":"123378","latitude":"47.08333330","longitude":"13.68333330","name":"Sankt Margarethen im Lungau"},{"id":"123387","latitude":"47.08333330","longitude":"13.68333330","name":"Sankt Margarethen"},{"id":"123410","latitude":"47.56666670","longitude":"12.70000000","name":"Sankt Martin bei Lofer"},{"id":"123421","latitude":"47.10000000","longitude":"13.65000000","name":"Sankt Martin"},{"id":"123431","latitude":"47.10000000","longitude":"13.63333330","name":"Sankt Michael im Lungau"},{"id":"123433","latitude":"47.10000000","longitude":"13.63333330","name":"Sankt Michael Lungau"},{"id":"123438","latitude":"47.10000000","longitude":"13.63333330","name":"Sankt Michael"},{"id":"123504","latitude":"47.16666670","longitude":"13.70000000","name":"Sankt Rupert am Kulm"},{"id":"123506","latitude":"47.16666670","longitude":"13.70000000","name":"Sankt Rupert"},{"id":"123508","latitude":"47.16666670","longitude":"13.70000000","name":"Sankt Ruppert"},{"id":"123559","latitude":"47.33333330","longitude":"13.15000000","name":"Sankt Veit im Pongau"},{"id":"123562","latitude":"47.33333330","longitude":"13.15000000","name":"Sankt Veit Pongau"},{"id":"123567","latitude":"47.33333330","longitude":"13.15000000","name":"Sankt Veit"},{"id":"123608","latitude":"47.06666670","longitude":"13.80000000","name":"Saudorf"},{"id":"123611","latitude":"47.13333330","longitude":"13.85000000","name":"Sauerfeld"},{"id":"123659","latitude":"47.93333330","longitude":"13.21666670","name":"Schalkham"},{"id":"123670","latitude":"47.98305560","longitude":"13.05750000","name":"Schallmoos"},{"id":"123681","latitude":"47.80000000","longitude":"13.41666670","name":"Scharfling"},{"id":"123690","latitude":"47.43333330","longitude":"13.30000000","name":"Scharten"},{"id":"123692","latitude":"47.33333330","longitude":"13.10000000","name":"Schattau"},{"id":"123694","latitude":"47.26666670","longitude":"12.68333330","name":"Schattberg"},{"id":"123711","latitude":"47.26666670","longitude":"12.73333330","name":"Schaufelberg"},{"id":"123714","latitude":"47.58333330","longitude":"13.20000000","name":"Scheffau am Tennengebirge"},{"id":"123716","latitude":"47.58333330","longitude":"13.20000000","name":"Scheffau"},{"id":"123718","latitude":"47.58333330","longitude":"12.70000000","name":"Scheffsnoth"},{"id":"123728","latitude":"47.26666670","longitude":"13.20000000","name":"Scheiblbrand"},{"id":"123740","latitude":"47.08333330","longitude":"13.58333330","name":"Schellgaden"},{"id":"123753","latitude":"47.26666670","longitude":"13.20000000","name":"Schied"},{"id":"123780","latitude":"47.41666670","longitude":"12.90000000","name":"Schinking"},{"id":"123804","latitude":"47.48333330","longitude":"13.20000000","name":"Schlaming"},{"id":"123816","latitude":"47.95000000","longitude":"13.15000000","name":"Schleedorf"},{"id":"123828","latitude":"47.99861110","longitude":"13.01638890","name":"Schlipfing"},{"id":"123833","latitude":"47.06666670","longitude":"13.66666670","name":"Schl\u00f6gelberg"},{"id":"123836","latitude":"47.06666670","longitude":"13.66666670","name":"Schl\u00f6glberg"},{"id":"123843","latitude":"47.93055560","longitude":"12.98694440","name":"Schl\u00f6\u00dfl"},{"id":"123848","latitude":"47.41666670","longitude":"12.85000000","name":"Schmalenbergham"},{"id":"123857","latitude":"47.90527780","longitude":"13.05500000","name":"Schmiding"},{"id":"123860","latitude":"47.97805560","longitude":"12.96750000","name":"Schmieden"},{"id":"123863","latitude":"47.88861110","longitude":"13.01138890","name":"Schmieding"},{"id":"123866","latitude":"47.90277780","longitude":"13.00111110","name":"Schmiedsberg"},{"id":"123867","latitude":"47.46666670","longitude":"13.36666670","name":"Schmied"},{"id":"123869","latitude":"47.33333330","longitude":"12.78333330","name":"Schmitten"},{"id":"123882","latitude":"47.20000000","longitude":"12.60000000","name":"Schneiderau"},{"id":"123927","latitude":"47.25000000","longitude":"12.31666670","name":"Sch\u00f6nbach"},{"id":"123935","latitude":"47.31666670","longitude":"13.10000000","name":"Sch\u00f6nberg"},{"id":"123963","latitude":"47.93416670","longitude":"13.04444440","name":"Sch\u00f6nstra\u00df"},{"id":"123975","latitude":"47.93111110","longitude":"13.03777780","name":"Sch\u00f6rgst\u00e4tt"},{"id":"123988","latitude":"47.58333330","longitude":"13.36666670","name":"Schratten"},{"id":"123998","latitude":"47.50000000","longitude":"13.20000000","name":"Schr\u00f6ckenberg"},{"id":"124000","latitude":"47.93222220","longitude":"12.97861110","name":"Schr\u00f6ck"},{"id":"124002","latitude":"47.40000000","longitude":"13.31666670","name":"Schroffen"},{"id":"124011","latitude":"47.35000000","longitude":"13.23333330","name":"Schuhzach"},{"id":"124014","latitude":"47.95500000","longitude":"13.04777780","name":"Schupfen"},{"id":"124037","latitude":"47.85222220","longitude":"13.03722220","name":"Schwabgitzen"},{"id":"124046","latitude":"47.35000000","longitude":"13.31666670","name":"Schwaighof"},{"id":"124048","latitude":"47.38333330","longitude":"13.23333330","name":"Schwaig"},{"id":"124058","latitude":"47.73333330","longitude":"13.40000000","name":"Schwand"},{"id":"124060","latitude":"47.98277780","longitude":"13.03666670","name":"Schwandtl"},{"id":"124061","latitude":"47.97666670","longitude":"13.03666670","name":"Schwandt"},{"id":"124064","latitude":"47.31666670","longitude":"13.15000000","name":"Schwarzach im Pongau"},{"id":"124065","latitude":"47.31666670","longitude":"13.15000000","name":"Schwarzach"},{"id":"124089","latitude":"47.36666670","longitude":"13.31666670","name":"Schwarzeneck"},{"id":"124097","latitude":"47.43333330","longitude":"12.68333330","name":"Schwarzleo"},{"id":"124117","latitude":"47.28333330","longitude":"12.36666670","name":"Schweinegg"},{"id":"124123","latitude":"47.77611110","longitude":"12.99305560","name":"Schweizer Siedlung"},{"id":"124124","latitude":"47.40000000","longitude":"13.43333330","name":"Schwemmberg"},{"id":"124139","latitude":"48.01666670","longitude":"12.95000000","name":"Schwerting"},{"id":"124155","latitude":"47.15000000","longitude":"13.30000000","name":"Seebauer"},{"id":"124168","latitude":"47.96666670","longitude":"13.08333330","name":"Seeham"},{"id":"124170","latitude":"47.90000000","longitude":"13.13333330","name":"Seekirchen Markt"},{"id":"124171","latitude":"47.90000000","longitude":"13.13333330","name":"Seekirchen"},{"id":"124173","latitude":"47.94972220","longitude":"13.07000000","name":"Seeleiten"},{"id":"124178","latitude":"47.15000000","longitude":"13.30000000","name":"See"},{"id":"124182","latitude":"47.15000000","longitude":"13.95000000","name":"Seetal"},{"id":"124183","latitude":"47.15000000","longitude":"13.95000000","name":"Seethal"},{"id":"124185","latitude":"47.90000000","longitude":"13.13333330","name":"Seewalchen"},{"id":"124198","latitude":"47.60000000","longitude":"13.38333330","name":"Seidegg"},{"id":"124200","latitude":"47.20000000","longitude":"12.95000000","name":"Seidlwinkl"},{"id":"124218","latitude":"47.15000000","longitude":"13.70000000","name":"Seitling"},{"id":"124264","latitude":"47.30000000","longitude":"12.80000000","name":"Sh\u00fcttdorf"},{"id":"124319","latitude":"47.80000000","longitude":"12.98333330","name":"Siezenheim"},{"id":"124323","latitude":"47.86138890","longitude":"13.01277780","name":"Siggerwiesen"},{"id":"124325","latitude":"47.93333330","longitude":"13.23333330","name":"Sighartstein"},{"id":"124327","latitude":"47.85027780","longitude":"13.02083330","name":"Siglm\u00fchle"},{"id":"124356","latitude":"47.93416670","longitude":"13.01666670","name":"Simmerstatt"},{"id":"124369","latitude":"47.40000000","longitude":"13.40000000","name":"Sinnhuber"},{"id":"124370","latitude":"47.40000000","longitude":"13.40000000","name":"Sinnhub"},{"id":"124409","latitude":"47.83333330","longitude":"13.08333330","name":"S\u00f6llheim"},{"id":"124417","latitude":"47.91666670","longitude":"13.28333330","name":"Sommerholz"},{"id":"124423","latitude":"47.41666670","longitude":"13.31666670","name":"Sonnberg"},{"id":"124426","latitude":"47.18333330","longitude":"13.71666670","name":"Sonnd\u00f6rfl"},{"id":"124434","latitude":"47.41666670","longitude":"13.30000000","name":"Sonnhalb"},{"id":"124451","latitude":"47.95000000","longitude":"13.16666670","name":"Spannswag"},{"id":"124452","latitude":"47.95000000","longitude":"13.16666670","name":"Spanswag"},{"id":"124456","latitude":"47.45000000","longitude":"13.23333330","name":"Spareck"},{"id":"124460","latitude":"47.96416670","longitude":"13.03083330","name":"Spatzenegg"},{"id":"124476","latitude":"47.28333330","longitude":"12.46666670","name":"Spielbichl"},{"id":"124492","latitude":"47.94444440","longitude":"13.05555560","name":"Spitzesed"},{"id":"124498","latitude":"47.96194440","longitude":"12.94722220","name":"Sp\u00f6cklberg"},{"id":"124508","latitude":"47.96861110","longitude":"13.05277780","name":"Sprungedt"},{"id":"124527","latitude":"47.99416670","longitude":"13.04638890","name":"Stadl"},{"id":"124538","latitude":"47.76666670","longitude":"13.36666670","name":"St. \u00c6gidius"},{"id":"124541","latitude":"47.94166670","longitude":"13.06916670","name":"Staffl"},{"id":"124542","latitude":"47.08333330","longitude":"13.70000000","name":"Staig"},{"id":"124604","latitude":"47.36666670","longitude":"13.31666670","name":"Steffen"},{"id":"124615","latitude":"47.21666670","longitude":"12.83333330","name":"Steg"},{"id":"124642","latitude":"47.96666670","longitude":"13.01666670","name":"Steinbach"},{"id":"124655","latitude":"47.98666670","longitude":"12.95416670","name":"Steinbreite"},{"id":"124667","latitude":"47.15000000","longitude":"13.70000000","name":"Steindorf"},{"id":"124706","latitude":"47.06666670","longitude":"13.83333330","name":"Stein"},{"id":"124722","latitude":"47.99055560","longitude":"13.08055560","name":"Stemesedt"},{"id":"124745","latitude":"47.80000000","longitude":"12.98333330","name":"Stezenheim"},{"id":"124760","latitude":"47.96833330","longitude":"12.94388890","name":"Stierling"},{"id":"124784","latitude":"47.35000000","longitude":"13.20000000","name":"St. John's im Pougau"},{"id":"124785","latitude":"48.01666670","longitude":"13.03333330","name":"St. Michael Beyrn"},{"id":"124793","latitude":"47.30000000","longitude":"12.88333330","name":"Stockern"},{"id":"124794","latitude":"47.60000000","longitude":"13.38333330","name":"Stocker"},{"id":"124795","latitude":"47.96666670","longitude":"13.30000000","name":"Stockham"},{"id":"124811","latitude":"47.86666670","longitude":"13.26666670","name":"Stollberg"},{"id":"124836","latitude":"47.08333330","longitude":"13.65000000","name":"Stranach"},{"id":"124868","latitude":"47.33333330","longitude":"13.23333330","name":"Stra\u00df"},{"id":"124869","latitude":"47.86666670","longitude":"13.11666670","name":"Strass"},{"id":"124873","latitude":"47.98333330","longitude":"13.25000000","name":"Strasswalchen"},{"id":"124875","latitude":"47.98333330","longitude":"13.25000000","name":"Strasz Walchen"},{"id":"124880","latitude":"47.97833330","longitude":"13.05222220","name":"Strauchm\u00fchle"},{"id":"124916","latitude":"47.71666670","longitude":"13.48333330","name":"Strobl"},{"id":"124921","latitude":"47.33333330","longitude":"13.11666670","name":"Strohlehen"},{"id":"124931","latitude":"47.76666670","longitude":"13.20000000","name":"Strubklamm"},{"id":"124936","latitude":"47.25000000","longitude":"12.56666670","name":"Stubach"},{"id":"124947","latitude":"47.28333330","longitude":"12.51666670","name":"Stuhlfelden"},{"id":"124964","latitude":"47.23333330","longitude":"12.26666670","name":"Sulzau"},{"id":"124967","latitude":"47.23333330","longitude":"12.83333330","name":"Sulzbach"},{"id":"124970","latitude":"47.92388890","longitude":"13.03388890","name":"Sulzberg"},{"id":"124975","latitude":"47.50000000","longitude":"13.16666670","name":"Sulzerberg"},{"id":"125016","latitude":"47.28333330","longitude":"12.48333330","name":"Talbach"},{"id":"125023","latitude":"47.13333330","longitude":"13.80000000","name":"Tambsweg"},{"id":"125024","latitude":"47.13333330","longitude":"13.80000000","name":"Tamsweg"},{"id":"125028","latitude":"47.50000000","longitude":"13.16666670","name":"T\u00e4nneck"},{"id":"125069","latitude":"47.28333330","longitude":"12.96666670","name":"Taxenbach"},{"id":"125070","latitude":"47.40000000","longitude":"13.20000000","name":"Taxen"},{"id":"125071","latitude":"47.81111110","longitude":"13.00611110","name":"Taxham"},{"id":"125089","latitude":"47.50000000","longitude":"13.16666670","name":"Tenneck"},{"id":"125112","latitude":"47.28333330","longitude":"12.48333330","name":"Thalbach"},{"id":"125113","latitude":"47.83333330","longitude":"13.25000000","name":"Thalgau"},{"id":"125124","latitude":"47.95861110","longitude":"13.06055560","name":"Thallacken"},{"id":"125172","latitude":"47.06666670","longitude":"13.75000000","name":"Thomatal"},{"id":"125173","latitude":"47.06666670","longitude":"13.75000000","name":"Thomathal"},{"id":"125177","latitude":"47.41666670","longitude":"12.85000000","name":"Thor"},{"id":"125179","latitude":"47.33333330","longitude":"12.81666670","name":"Thumersbach"},{"id":"125196","latitude":"47.45000000","longitude":"13.25000000","name":"Thurn"},{"id":"125204","latitude":"47.33333330","longitude":"13.28333330","name":"Tiefenbach"},{"id":"125247","latitude":"47.28333330","longitude":"12.58333330","name":"Tobersbach"},{"id":"125272","latitude":"47.60000000","longitude":"13.15000000","name":"Torren"},{"id":"125297","latitude":"47.88333330","longitude":"13.05000000","name":"Trainting"},{"id":"125310","latitude":"47.25000000","longitude":"12.28333330","name":"Tratten"},{"id":"125352","latitude":"47.28333330","longitude":"12.96666670","name":"Triegl"},{"id":"125354","latitude":"47.40000000","longitude":"13.23333330","name":"Trigl"},{"id":"125387","latitude":"47.18333330","longitude":"13.73333330","name":"Tscharra"},{"id":"125427","latitude":"47.18333330","longitude":"13.60000000","name":"Tweng"},{"id":"125436","latitude":"47.85388890","longitude":"13.00416670","name":"\u00dcberfuhr"},{"id":"125441","latitude":"47.93638890","longitude":"13.04055560","name":"\u00dcbertsroid"},{"id":"125452","latitude":"47.28333330","longitude":"12.58333330","name":"Uggl"},{"id":"125454","latitude":"47.45000000","longitude":"12.78333330","name":"Ullach"},{"id":"125482","latitude":"47.63333330","longitude":"12.70000000","name":"Unkenberg"},{"id":"125483","latitude":"47.65000000","longitude":"12.71666670","name":"Unken"},{"id":"125517","latitude":"47.08333330","longitude":"13.70000000","name":"Unterbairdorf"},{"id":"125519","latitude":"47.08333330","longitude":"13.70000000","name":"Unterbayrdorf"},{"id":"125525","latitude":"47.11666670","longitude":"13.73333330","name":"Unterberg"},{"id":"125535","latitude":"47.92638890","longitude":"13.05388890","name":"Unterbruckmoos"},{"id":"125558","latitude":"47.85000000","longitude":"13.21666670","name":"Unterdorf"},{"id":"125566","latitude":"47.96666670","longitude":"12.90000000","name":"Untereching"},{"id":"125576","latitude":"47.46666670","longitude":"13.23333330","name":"Unteregg"},{"id":"125602","latitude":"47.26666670","longitude":"12.48333330","name":"Unterfelben"},{"id":"125609","latitude":"47.25000000","longitude":"13.33333330","name":"Unterflo\u00df"},{"id":"125651","latitude":"47.06666670","longitude":"13.88333330","name":"Unter Grub"},{"id":"125699","latitude":"47.99416670","longitude":"13.05333330","name":"Unter-H\u00f6pfling"},{"id":"125728","latitude":"47.23333330","longitude":"12.18333330","name":"Unterkrimml"},{"id":"125800","latitude":"47.90388890","longitude":"13.06277780","name":"Unterm\u00f6dlham"},{"id":"125802","latitude":"47.78333330","longitude":"13.01666670","name":"Untermoos"},{"id":"125813","latitude":"47.11666670","longitude":"13.73333330","name":"Unternberg"},{"id":"125860","latitude":"47.26666670","longitude":"13.31666670","name":"Unterrain"},{"id":"125871","latitude":"47.35000000","longitude":"12.80000000","name":"Unterreit"},{"id":"125898","latitude":"47.38333330","longitude":"13.13333330","name":"Unterschamberg"},{"id":"125937","latitude":"47.30000000","longitude":"13.50000000","name":"Untertauern"},{"id":"125967","latitude":"47.83333330","longitude":"13.28333330","name":"Untervetterbach"},{"id":"125978","latitude":"47.28333330","longitude":"13.23333330","name":"Unterwand"},{"id":"125989","latitude":"47.51666670","longitude":"12.75000000","name":"Unterweissbach"},{"id":"125990","latitude":"47.10000000","longitude":"13.60000000","name":"Unterweissburg"},{"id":"126024","latitude":"47.86666670","longitude":"13.16666670","name":"Unzing"},{"id":"126032","latitude":"47.38333330","longitude":"13.21666670","name":"Urreiting"},{"id":"126037","latitude":"47.88277780","longitude":"13.06555560","name":"Ursprung"},{"id":"126045","latitude":"47.28333330","longitude":"12.56666670","name":"Uttendorf"},{"id":"126087","latitude":"47.83333330","longitude":"13.28333330","name":"Vetterbach"},{"id":"126097","latitude":"47.78333330","longitude":"12.98333330","name":"Viehausen"},{"id":"126101","latitude":"47.85472220","longitude":"13.05583330","name":"Viehhausen"},{"id":"126103","latitude":"47.28333330","longitude":"13.20000000","name":"Viehhaus"},{"id":"126104","latitude":"47.36666670","longitude":"12.73333330","name":"Viehhofen"},{"id":"126105","latitude":"47.28333330","longitude":"13.31666670","name":"Viehhof"},{"id":"126106","latitude":"47.35000000","longitude":"13.10000000","name":"Viehlehen"},{"id":"126116","latitude":"47.66666670","longitude":"13.13333330","name":"Vigaun"},{"id":"126134","latitude":"47.25000000","longitude":"12.83333330","name":"Vodergaisst\u00e4tt"},{"id":"126141","latitude":"47.86611110","longitude":"13.03277780","name":"Voggenberg"},{"id":"126144","latitude":"47.11666670","longitude":"13.73333330","name":"Voidersdorf"},{"id":"126168","latitude":"47.96055560","longitude":"12.91027780","name":"Vollern"},{"id":"126175","latitude":"48.01666670","longitude":"13.03333330","name":"Vorau"},{"id":"126186","latitude":"47.35000000","longitude":"13.23333330","name":"Vordereben"},{"id":"126188","latitude":"47.80000000","longitude":"13.23333330","name":"Vorderelsenwang"},{"id":"126189","latitude":"47.36666670","longitude":"12.70000000","name":"Vorder Exenbach"},{"id":"126190","latitude":"47.76666670","longitude":"13.11666670","name":"Vorderfager"},{"id":"126193","latitude":"47.16666670","longitude":"13.75000000","name":"Vorderg\u00f6riach"},{"id":"126197","latitude":"47.31666670","longitude":"13.30000000","name":"Vorderkleinarl"},{"id":"126201","latitude":"47.23333330","longitude":"12.20000000","name":"Vorderkrimml"},{"id":"126211","latitude":"47.41666670","longitude":"13.31666670","name":"Vordersattelegg"},{"id":"126217","latitude":"47.80000000","longitude":"13.18333330","name":"Vorderschroffenau"},{"id":"126219","latitude":"47.75000000","longitude":"13.25000000","name":"Vordersee"},{"id":"126231","latitude":"47.25000000","longitude":"12.20000000","name":"Vorderwaldberg"},{"id":"126235","latitude":"47.18333330","longitude":"13.70000000","name":"Vorderweisspriach"},{"id":"126239","latitude":"47.61666670","longitude":"13.20000000","name":"Voregg"},{"id":"126247","latitude":"47.20000000","longitude":"13.00000000","name":"Vorstanddorf"},{"id":"126286","latitude":"47.33527780","longitude":"13.29888890","name":"Wagrain"},{"id":"126293","latitude":"47.33527780","longitude":"13.29888890","name":"Wagrin"},{"id":"126296","latitude":"47.68333330","longitude":"13.13333330","name":"Waidach"},{"id":"126320","latitude":"47.28333330","longitude":"12.68333330","name":"Walchen"},{"id":"126344","latitude":"47.25000000","longitude":"12.23333330","name":"Wald im Pinzgau"},{"id":"126358","latitude":"47.90000000","longitude":"13.11666670","name":"Waldprechting"},{"id":"126369","latitude":"47.25000000","longitude":"12.23333330","name":"Wald"},{"id":"126399","latitude":"47.77388890","longitude":"12.95750000","name":"Walserberg"},{"id":"126400","latitude":"47.79222220","longitude":"12.98000000","name":"Walserfeld"},{"id":"126401","latitude":"47.78333330","longitude":"12.96666670","name":"Wals"},{"id":"126465","latitude":"47.98333330","longitude":"13.30000000","name":"Watzlberg"},{"id":"126470","latitude":"47.35000000","longitude":"13.31666670","name":"Weberland"},{"id":"126471","latitude":"47.94888890","longitude":"13.06388890","name":"Webersberg"},{"id":"126473","latitude":"47.94833330","longitude":"13.02750000","name":"Webersdorf"},{"id":"126482","latitude":"47.60000000","longitude":"13.35000000","name":"Wegscheid"},{"id":"126491","latitude":"47.86972220","longitude":"13.06111110","name":"Weichenberg"},{"id":"126531","latitude":"47.40000000","longitude":"12.80000000","name":"Weikersbach"},{"id":"126581","latitude":"47.76666670","longitude":"13.16666670","name":"Weissbach"},{"id":"126602","latitude":"47.61666670","longitude":"13.13333330","name":"Weissenbach"},{"id":"126619","latitude":"47.30000000","longitude":"12.45000000","name":"Weissenstein"},{"id":"126630","latitude":"47.60000000","longitude":"13.25000000","name":"Weitenau"},{"id":"126647","latitude":"47.91666670","longitude":"12.96666670","name":"Weitw\u00f6rth"},{"id":"126668","latitude":"47.90027780","longitude":"13.07694440","name":"Wendling"},{"id":"126670","latitude":"47.30000000","longitude":"12.73333330","name":"Wengerberg"},{"id":"126671","latitude":"47.46666670","longitude":"13.26666670","name":"Wengerwinkl"},{"id":"126673","latitude":"47.93777780","longitude":"13.05583330","name":"Wenglberg"},{"id":"126675","latitude":"47.31666670","longitude":"13.08333330","name":"Weng"},{"id":"126684","latitude":"47.26666670","longitude":"12.35000000","name":"Wenns"},{"id":"126691","latitude":"47.46666670","longitude":"13.25000000","name":"Werfenweng"},{"id":"126692","latitude":"47.46666670","longitude":"13.18333330","name":"Werfen"},{"id":"126708","latitude":"47.93333330","longitude":"13.23333330","name":"Wertham"},{"id":"126737","latitude":"47.26666670","longitude":"12.31666670","name":"Weyer"},{"id":"126744","latitude":"47.33333330","longitude":"13.31666670","name":"Widmoos"},{"id":"126749","latitude":"47.20000000","longitude":"13.10000000","name":"Wieden"},{"id":"126753","latitude":"47.31666670","longitude":"13.16666670","name":"Wiederriesen"},{"id":"126793","latitude":"47.96194440","longitude":"13.06805560","name":"Wiesenberg"},{"id":"126810","latitude":"47.89611110","longitude":"13.03638890","name":"Wiesen"},{"id":"126812","latitude":"47.38333330","longitude":"12.58333330","name":"Wiesern"},{"id":"126813","latitude":"47.45000000","longitude":"12.80000000","name":"Wiesersberg"},{"id":"126824","latitude":"47.88333330","longitude":"13.08333330","name":"Wies"},{"id":"126842","latitude":"47.55000000","longitude":"12.73333330","name":"Wildenthal"},{"id":"126860","latitude":"47.28333330","longitude":"12.51666670","name":"Wilhelmsdorf"},{"id":"126862","latitude":"47.97722220","longitude":"13.05611110","name":"Wilhelmsedt"},{"id":"126885","latitude":"47.28333330","longitude":"13.33333330","name":"Wimm"},{"id":"126892","latitude":"47.88166670","longitude":"13.03166670","name":"Wimpassing"},{"id":"126898","latitude":"47.35000000","longitude":"13.25000000","name":"Windberg"},{"id":"126918","latitude":"47.87111110","longitude":"13.04055560","name":"Winding"},{"id":"126949","latitude":"47.26666670","longitude":"12.75000000","name":"Winklerd\u00f6rfl"},{"id":"126965","latitude":"47.28333330","longitude":"12.98333330","name":"Winkl"},{"id":"126995","latitude":"47.35000000","longitude":"13.31666670","name":"Wirtsd\u00f6rfl"},{"id":"126997","latitude":"47.20000000","longitude":"12.60000000","name":"Wirtshaus Schneiderau"},{"id":"127033","latitude":"47.16666670","longitude":"13.25000000","name":"Wolfau"},{"id":"127034","latitude":"47.28333330","longitude":"12.91666670","name":"Wolfbach"},{"id":"127074","latitude":"47.89277780","longitude":"13.05916670","name":"Wolfzagl"},{"id":"127098","latitude":"47.15000000","longitude":"13.81666670","name":"W\u00f6lting"},{"id":"127116","latitude":"47.18333330","longitude":"12.96666670","name":"W\u00f6rth"},{"id":"127143","latitude":"47.89166670","longitude":"13.03138890","name":"Wurmassing"},{"id":"127160","latitude":"47.90000000","longitude":"13.01666670","name":"W\u00fcrzenberg"},{"id":"127182","latitude":"47.46666670","longitude":"13.26666670","name":"Zaglauwinkl"},{"id":"127196","latitude":"47.16666670","longitude":"13.75000000","name":"Zankwarn"},{"id":"127206","latitude":"47.33333330","longitude":"13.20000000","name":"Zederberg"},{"id":"127207","latitude":"47.15000000","longitude":"13.50000000","name":"Zederhaus"},{"id":"127220","latitude":"47.99027780","longitude":"12.93805560","name":"Zehmemoos"},{"id":"127250","latitude":"47.31666670","longitude":"12.78333330","name":"Zell am See"},{"id":"127262","latitude":"47.98333330","longitude":"13.10000000","name":"Zellhof"},{"id":"127264","latitude":"47.31666670","longitude":"12.78333330","name":"Zell in the Pinzgau"},{"id":"127278","latitude":"47.96583330","longitude":"12.90194440","name":"Zeltsberg"},{"id":"127298","latitude":"47.95222220","longitude":"12.93916670","name":"Ziegelhaiden"},{"id":"127311","latitude":"47.85000000","longitude":"13.10000000","name":"Zilling"},{"id":"127313","latitude":"47.26666670","longitude":"13.21666670","name":"Zimmereben"},{"id":"127316","latitude":"47.73333330","longitude":"13.41666670","name":"Zinkenbach"},{"id":"127317","latitude":"47.45000000","longitude":"13.25000000","name":"Zinken"},{"id":"127361","latitude":"47.16666670","longitude":"13.81666670","name":"Zoitzach"},{"id":"127367","latitude":"47.38333330","longitude":"13.20000000","name":"Zoss"},{"id":"127406","latitude":"47.33333330","longitude":"13.31666670","name":"Zwieselegg"}]