[{"id":"843908","latitude":"42.39055560","longitude":"42.30333330","name":"Abedat'i"},{"id":"844561","latitude":"42.47527780","longitude":"42.40722220","name":"Balda"},{"id":"844562","latitude":"42.47527780","longitude":"42.40722220","name":"Balda Pervaya"},{"id":"844563","latitude":"42.50000000","longitude":"42.40000000","name":"Balda Tret'ya"},{"id":"844564","latitude":"42.48166670","longitude":"42.39444440","name":"Balda Vtoraya"},{"id":"844580","latitude":"42.34888890","longitude":"42.28416670","name":"Bandsar"},{"id":"844581","latitude":"42.34888890","longitude":"42.28416670","name":"Bandza"},{"id":"844605","latitude":"42.74777780","longitude":"42.07583330","name":"Barkha"},{"id":"844756","latitude":"42.39722220","longitude":"42.33888890","name":"Boboti"},{"id":"844814","latitude":"42.49388890","longitude":"42.34500000","name":"Bol'shoye Salkhino"},{"id":"844819","latitude":"42.39722220","longitude":"42.33888890","name":"Bomboti"},{"id":"844944","latitude":"42.41611110","longitude":"42.35916670","name":"Chaburta"},{"id":"844950","latitude":"42.53972220","longitude":"42.29277780","name":"Chachkhuri"},{"id":"845384","latitude":"42.56666670","longitude":"42.26666670","name":"Dgvana"},{"id":"845407","latitude":"42.48500000","longitude":"42.34194440","name":"Didi-Chkoni"},{"id":"845409","latitude":"42.48500000","longitude":"42.34194440","name":"Didi Chqoni"},{"id":"845429","latitude":"42.43444440","longitude":"42.39805560","name":"Didi Inch'khuri"},{"id":"845460","latitude":"42.48500000","longitude":"42.34194440","name":"Didi Tchkoni"},{"id":"845503","latitude":"42.58861110","longitude":"42.33055560","name":"Doberazeni"},{"id":"845532","latitude":"42.51833330","longitude":"42.27361110","name":"Doshake"},{"id":"845533","latitude":"42.51833330","longitude":"42.27361110","name":"Doshaqe"},{"id":"845825","latitude":"42.55166670","longitude":"42.30111110","name":"Etseri"},{"id":"845848","latitude":"42.46611110","longitude":"42.37972220","name":"Gachedili"},{"id":"845971","latitude":"42.41527780","longitude":"42.37388890","name":"Gegechkari"},{"id":"845972","latitude":"42.41527780","longitude":"42.37388890","name":"Gegechkori"},{"id":"846046","latitude":"42.56305560","longitude":"42.27472220","name":"Godogani"},{"id":"846266","latitude":"42.47888890","longitude":"42.27277780","name":"Gurdzemi"},{"id":"846389","latitude":"42.43444440","longitude":"42.39805560","name":"Inchkhuri"},{"id":"846931","latitude":"42.38500000","longitude":"42.40611110","name":"Khuntsa"},{"id":"847020","latitude":"42.50000000","longitude":"42.26666670","name":"Kitsia"},{"id":"847022","latitude":"42.50000000","longitude":"42.26666670","name":"Kitsiya"},{"id":"847268","latitude":"42.58055560","longitude":"42.30000000","name":"Kurzu"},{"id":"847299","latitude":"42.42777780","longitude":"42.44722220","name":"Kvaiti"},{"id":"847329","latitude":"42.40500000","longitude":"42.26777780","name":"Kvauti"},{"id":"847489","latitude":"42.38500000","longitude":"42.40611110","name":"K'vemo Khuntsi"},{"id":"847490","latitude":"42.38500000","longitude":"42.40611110","name":"Kvemo-Khunts"},{"id":"847523","latitude":"42.36666670","longitude":"42.35000000","name":"K'vemo Nagvazavo"},{"id":"847699","latitude":"42.44138890","longitude":"42.38583330","name":"Lebach'e"},{"id":"847711","latitude":"42.50083330","longitude":"42.31611110","name":"Ledgebe"},{"id":"847712","latitude":"42.50083330","longitude":"42.31611110","name":"Ledgebiye"},{"id":"847728","latitude":"42.73333330","longitude":"42.07305560","name":"Lek'arde"},{"id":"847729","latitude":"42.35194440","longitude":"42.34611110","name":"Lekhaindrao"},{"id":"847730","latitude":"42.35194440","longitude":"42.34611110","name":"Lekhaindravo"},{"id":"847764","latitude":"42.33333330","longitude":"42.25000000","name":"Lepochkhuye"},{"id":"847775","latitude":"42.52555560","longitude":"42.37361110","name":"Leskhulukhe"},{"id":"847782","latitude":"42.50361110","longitude":"42.38694440","name":"Letsave"},{"id":"847896","latitude":"42.30138890","longitude":"42.29055560","name":"Makhati"},{"id":"848006","latitude":"42.41527780","longitude":"42.37388890","name":"Martvili"},{"id":"848081","latitude":"42.48166670","longitude":"42.39444440","name":"Meore Balada"},{"id":"848082","latitude":"42.48166670","longitude":"42.39444440","name":"Meore-Balda"},{"id":"848088","latitude":"42.46666670","longitude":"42.25000000","name":"Meore-Gurdzemi"},{"id":"848114","latitude":"42.50000000","longitude":"42.40000000","name":"Mesame-Balda"},{"id":"848305","latitude":"42.31666670","longitude":"42.25000000","name":"Mukhurcha"},{"id":"848380","latitude":"42.35805560","longitude":"42.29694440","name":"Nadzhakhavo"},{"id":"848381","latitude":"42.35805560","longitude":"42.29694440","name":"Nadzhakhovo"},{"id":"848383","latitude":"42.34805560","longitude":"42.33444440","name":"Nadzhikhevi"},{"id":"848390","latitude":"42.33222220","longitude":"42.30000000","name":"Nageberao"},{"id":"848404","latitude":"42.39027780","longitude":"42.36722220","name":"Nagvazao"},{"id":"848408","latitude":"42.34805560","longitude":"42.33444440","name":"Najakhavo"},{"id":"848420","latitude":"42.38333330","longitude":"42.36666670","name":"Nakharebao"},{"id":"848421","latitude":"42.38333330","longitude":"42.36666670","name":"Nakharebavo"},{"id":"848422","latitude":"42.38333330","longitude":"42.36666670","name":"Nakharebovo"},{"id":"848429","latitude":"42.42694440","longitude":"42.36138890","name":"Nakhunavo"},{"id":"848430","latitude":"42.43027780","longitude":"42.26916670","name":"Nakhurts'ilavo"},{"id":"848444","latitude":"42.42833330","longitude":"42.35111110","name":"Nalepsavo"},{"id":"848445","latitude":"42.42833330","longitude":"42.35111110","name":"Nalepsovo"},{"id":"848451","latitude":"42.47416670","longitude":"42.33638890","name":"Namikolavo Meore"},{"id":"848452","latitude":"42.45972220","longitude":"42.30472220","name":"Namikolavo"},{"id":"848453","latitude":"42.45972220","longitude":"42.30472220","name":"Namikolavo Pirveli"},{"id":"848454","latitude":"42.45972220","longitude":"42.30472220","name":"Namikolovo"},{"id":"848651","latitude":"42.55722220","longitude":"42.32305560","name":"Nobulevi"},{"id":"848654","latitude":"42.34805560","longitude":"42.33444440","name":"Nodzhakhavo"},{"id":"848659","latitude":"42.34805560","longitude":"42.33444440","name":"Nodzhikhevi"},{"id":"848710","latitude":"42.51666670","longitude":"42.31666670","name":"Oche"},{"id":"848790","latitude":"42.30027780","longitude":"42.32555560","name":"Onoghia"},{"id":"848791","latitude":"42.30027780","longitude":"42.32555560","name":"Onogia"},{"id":"848824","latitude":"42.31055560","longitude":"42.27027780","name":"Orka"},{"id":"848972","latitude":"42.43333330","longitude":"42.41666670","name":"Patara-Inchkhuri"},{"id":"848991","latitude":"42.51666670","longitude":"42.31666670","name":"Patara-Oche"},{"id":"849005","latitude":"42.46666670","longitude":"42.35000000","name":"Patara-Tamakoni"},{"id":"849014","latitude":"42.50000000","longitude":"42.35000000","name":"Patara-Zhinota"},{"id":"849066","latitude":"42.47527780","longitude":"42.40722220","name":"Pirveli Balada"},{"id":"849067","latitude":"42.47527780","longitude":"42.40722220","name":"Pirveli-Balda"},{"id":"849072","latitude":"42.47888890","longitude":"42.27277780","name":"Pirveli Gurdzemi"},{"id":"849075","latitude":"42.49305560","longitude":"42.29277780","name":"Pirveli Kitsia"},{"id":"849347","latitude":"42.42833330","longitude":"42.38222220","name":"Saeliavo"},{"id":"849467","latitude":"42.49388890","longitude":"42.34500000","name":"Salkhino"},{"id":"849505","latitude":"42.57166670","longitude":"42.30861110","name":"Sanachkebio"},{"id":"849506","latitude":"42.57166670","longitude":"42.30861110","name":"Sanachkebi"},{"id":"849606","latitude":"42.42833330","longitude":"42.38222220","name":"Sayeliavo"},{"id":"849628","latitude":"42.39861110","longitude":"42.35250000","name":"Sergiet'i"},{"id":"849629","latitude":"42.39861110","longitude":"42.35250000","name":"Sergiyeti"},{"id":"849878","latitude":"42.47527780","longitude":"42.38333330","name":"Skurdi"},{"id":"850003","latitude":"42.53722220","longitude":"42.31916670","name":"Taleri"},{"id":"850007","latitude":"42.45277780","longitude":"42.31555560","name":"T'amakoni"},{"id":"850032","latitude":"42.43861110","longitude":"42.26694440","name":"Targameuli"},{"id":"850033","latitude":"42.43861110","longitude":"42.26694440","name":"Targamouli"},{"id":"850290","latitude":"42.53972220","longitude":"42.29277780","name":"Tsachkhuri"},{"id":"850400","latitude":"42.40000000","longitude":"42.33333330","name":"Tsinakverkve"},{"id":"850749","latitude":"42.53916670","longitude":"42.34638890","name":"Vakha"},{"id":"850831","latitude":"42.32138890","longitude":"42.27944440","name":"Vedidkari"},{"id":"850832","latitude":"42.32138890","longitude":"42.27944440","name":"Veditkari"},{"id":"851237","latitude":"42.38333330","longitude":"42.36666670","name":"Zemo-Khuntsi"},{"id":"851275","latitude":"42.39027780","longitude":"42.36722220","name":"Zemo Nagvazavo"},{"id":"851276","latitude":"42.39027780","longitude":"42.36722220","name":"Zemo-Nagvozovo"},{"id":"851365","latitude":"42.50000000","longitude":"42.33333330","name":"Zhinot'a"},{"id":"851375","latitude":"42.44083330","longitude":"42.46583330","name":"Zhushki"}]