[{"id":"843962","latitude":"42.99750000","longitude":"42.91500000","name":"Adish"},{"id":"843963","latitude":"42.99750000","longitude":"42.91500000","name":"Adishi"},{"id":"844402","latitude":"43.05000000","longitude":"42.79583330","name":"Artskheli"},{"id":"844535","latitude":"43.06555560","longitude":"42.61277780","name":"Bagvdanari"},{"id":"844603","latitude":"42.85444440","longitude":"42.04750000","name":"Barjashi"},{"id":"844604","latitude":"42.85444440","longitude":"42.04750000","name":"Barkashi"},{"id":"844615","latitude":"43.05027780","longitude":"42.52416670","name":"Barshi"},{"id":"844656","latitude":"43.03333330","longitude":"42.58333330","name":"Becho"},{"id":"844777","latitude":"43.01444440","longitude":"42.82944440","name":"Bogremi"},{"id":"844778","latitude":"43.01444440","longitude":"42.82944440","name":"Bogreshi"},{"id":"845039","latitude":"42.90750000","longitude":"43.01083330","name":"Ch'azhashi"},{"id":"845052","latitude":"43.05194440","longitude":"42.52805560","name":"Cheliri"},{"id":"845055","latitude":"42.98333330","longitude":"42.21666670","name":"Cheri"},{"id":"845160","latitude":"43.05000000","longitude":"42.58333330","name":"Chkidanari"},{"id":"845161","latitude":"43.05000000","longitude":"42.58333330","name":"Chkidianari"},{"id":"845193","latitude":"43.06666670","longitude":"42.61666670","name":"Chokhuldi"},{"id":"845196","latitude":"43.04222220","longitude":"42.86694440","name":"Cholashi"},{"id":"845203","latitude":"43.04222220","longitude":"42.86694440","name":"Choloshi"},{"id":"845236","latitude":"43.06666670","longitude":"42.46666670","name":"Chubari"},{"id":"845257","latitude":"43.04138890","longitude":"42.85277780","name":"Chvabiani"},{"id":"845262","latitude":"42.85000000","longitude":"42.01666670","name":"Chveletana"},{"id":"845266","latitude":"42.91666670","longitude":"43.01666670","name":"Chvibiani"},{"id":"845342","latitude":"42.93333330","longitude":"42.93333330","name":"Dauberi"},{"id":"845345","latitude":"42.93333330","longitude":"42.93333330","name":"Davberi"},{"id":"845375","latitude":"43.03416670","longitude":"42.18277780","name":"Devra"},{"id":"845495","latitude":"43.03777780","longitude":"42.34500000","name":"Dizi"},{"id":"845519","latitude":"43.03444440","longitude":"42.59305560","name":"Dolasvip'i"},{"id":"845520","latitude":"43.03444440","longitude":"42.59305560","name":"Doli"},{"id":"845682","latitude":"42.99555560","longitude":"42.27000000","name":"Dzhorkvali"},{"id":"845767","latitude":"43.02666670","longitude":"42.54500000","name":"Ebudi"},{"id":"845803","latitude":"43.06555560","longitude":"42.41583330","name":"Erkhvashi"},{"id":"845931","latitude":"43.00000000","longitude":"42.28333330","name":"Gantsishi"},{"id":"846000","latitude":"43.06638890","longitude":"42.47333330","name":"Geshderi"},{"id":"846040","latitude":"42.97500000","longitude":"42.20583330","name":"Gobari"},{"id":"846042","latitude":"42.97500000","longitude":"42.20583330","name":"Gobori"},{"id":"846299","latitude":"43.01500000","longitude":"42.53055560","name":"Gvebaldi"},{"id":"846300","latitude":"43.04750000","longitude":"42.78111110","name":"Gvebra"},{"id":"846301","latitude":"43.04750000","longitude":"42.78111110","name":"Gvebro"},{"id":"846345","latitude":"42.92083330","longitude":"42.08277780","name":"Idiani"},{"id":"846347","latitude":"42.92083330","longitude":"42.08277780","name":"Idliani"},{"id":"846351","latitude":"43.01194440","longitude":"42.63027780","name":"Ienishi"},{"id":"846352","latitude":"43.02055560","longitude":"42.60916670","name":"Ifkhi"},{"id":"846403","latitude":"43.00444440","longitude":"42.28555560","name":"Ipari"},{"id":"846404","latitude":"43.02055560","longitude":"42.60916670","name":"Ipkhi"},{"id":"846409","latitude":"42.93333330","longitude":"42.91666670","name":"Iprari"},{"id":"846421","latitude":"43.04138890","longitude":"42.52083330","name":"Iskari"},{"id":"846422","latitude":"43.01166670","longitude":"42.76111110","name":"Isli"},{"id":"846443","latitude":"43.00583330","longitude":"42.75361110","name":"Iyeli"},{"id":"846444","latitude":"43.01194440","longitude":"42.63027780","name":"Iyenashi"},{"id":"846483","latitude":"43.05083330","longitude":"42.87472220","name":"Kabeshi"},{"id":"846523","latitude":"43.02583330","longitude":"42.52444440","name":"Kalashi"},{"id":"846598","latitude":"43.04500000","longitude":"42.18166670","name":"Kari"},{"id":"846615","latitude":"43.01500000","longitude":"42.55722220","name":"Kartvani"},{"id":"846628","latitude":"43.02972220","longitude":"42.69388890","name":"Kashveti"},{"id":"846638","latitude":"43.06666670","longitude":"42.50000000","name":"Katskhi"},{"id":"846639","latitude":"43.02750000","longitude":"42.51194440","name":"Kaulder"},{"id":"846647","latitude":"43.00777780","longitude":"42.27277780","name":"Kazakh"},{"id":"846659","latitude":"42.98500000","longitude":"42.24361110","name":"Kedani"},{"id":"846702","latitude":"43.01305560","longitude":"42.70138890","name":"Keshkili"},{"id":"846728","latitude":"42.93583330","longitude":"42.19444440","name":"Khaishi"},{"id":"846737","latitude":"42.94666670","longitude":"42.94444440","name":"Khalde"},{"id":"846771","latitude":"42.93583330","longitude":"42.19444440","name":"Khashiti"},{"id":"846779","latitude":"43.02666670","longitude":"42.54500000","name":"Khebudi"},{"id":"846784","latitude":"42.93333330","longitude":"42.91666670","name":"Khe"},{"id":"846790","latitude":"42.98972220","longitude":"42.31611110","name":"Khelra"},{"id":"846798","latitude":"43.06555560","longitude":"42.41583330","name":"Kherkhvashi"},{"id":"846820","latitude":"43.06638890","longitude":"42.47333330","name":"Khgeshter"},{"id":"846893","latitude":"43.05916670","longitude":"42.47111110","name":"Khosruani"},{"id":"846902","latitude":"43.05916670","longitude":"42.47111110","name":"Khozvrari"},{"id":"846914","latitude":"42.86722220","longitude":"42.03111110","name":"Khuberi"},{"id":"846959","latitude":"43.07611110","longitude":"42.44861110","name":"Kichkhuldashi"},{"id":"847116","latitude":"43.04916670","longitude":"42.82638890","name":"K'olashi"},{"id":"847153","latitude":"42.99555560","longitude":"42.27000000","name":"Korkvali"},{"id":"847256","latitude":"43.04583330","longitude":"42.53083330","name":"Kurashi"},{"id":"847307","latitude":"42.98333330","longitude":"42.41666670","name":"Kvana"},{"id":"847309","latitude":"43.00722220","longitude":"42.62250000","name":"Kvanchianari"},{"id":"847333","latitude":"43.01500000","longitude":"42.53055560","name":"Kvebaldi"},{"id":"847366","latitude":"43.00444440","longitude":"42.28555560","name":"Kveda-Ipari"},{"id":"847376","latitude":"43.04416670","longitude":"42.47527780","name":"K'veda Luha"},{"id":"847377","latitude":"43.04416670","longitude":"42.47527780","name":"Kveda-Lukha"},{"id":"847382","latitude":"43.02500000","longitude":"42.19416670","name":"K'veda Marghi"},{"id":"847404","latitude":"42.92722220","longitude":"42.21027780","name":"K'veda Tsirmindi"},{"id":"847516","latitude":"43.02500000","longitude":"42.19416670","name":"Kvemo-Margi"},{"id":"847613","latitude":"42.99555560","longitude":"42.57583330","name":"Labskaldi"},{"id":"847617","latitude":"43.03527780","longitude":"42.51222220","name":"Ladreri"},{"id":"847623","latitude":"43.05527780","longitude":"42.73750000","name":"Lagami"},{"id":"847628","latitude":"43.00111110","longitude":"42.61750000","name":"Laili"},{"id":"847633","latitude":"42.99250000","longitude":"42.18333330","name":"Lakhami"},{"id":"847634","latitude":"43.04694440","longitude":"42.44250000","name":"Lakhamula"},{"id":"847635","latitude":"42.98333330","longitude":"42.25000000","name":"Lakhani"},{"id":"847638","latitude":"43.05444440","longitude":"42.81361110","name":"Lakhiri"},{"id":"847639","latitude":"43.04694440","longitude":"42.44250000","name":"Lakhomuli"},{"id":"847641","latitude":"43.00500000","longitude":"42.64750000","name":"Lakhushdi"},{"id":"847642","latitude":"43.00500000","longitude":"42.64750000","name":"Lakhushti"},{"id":"847645","latitude":"43.06666670","longitude":"42.46666670","name":"Lakvri"},{"id":"847649","latitude":"42.92777780","longitude":"42.93222220","name":"Lalkhori"},{"id":"847655","latitude":"43.01666670","longitude":"42.55000000","name":"Lamkheri"},{"id":"847658","latitude":"43.05000000","longitude":"42.73333330","name":"Lanchvali"},{"id":"847660","latitude":"43.03750000","longitude":"42.18861110","name":"Lanilari"},{"id":"847662","latitude":"43.03333330","longitude":"42.50000000","name":"Lanteli"},{"id":"847674","latitude":"43.03750000","longitude":"42.18861110","name":"Larilari"},{"id":"847680","latitude":"43.03333330","longitude":"42.51666670","name":"Lashkhrashi"},{"id":"847681","latitude":"43.03333330","longitude":"42.51666670","name":"Lashkhreri"},{"id":"847682","latitude":"43.03222220","longitude":"42.69500000","name":"Lashtkhveri"},{"id":"847691","latitude":"43.02916670","longitude":"42.18166670","name":"Latsperi"},{"id":"847695","latitude":"43.00111110","longitude":"42.61750000","name":"Layli"},{"id":"847725","latitude":"43.00777780","longitude":"42.18888890","name":"Leka Imakhi"},{"id":"847726","latitude":"43.00777780","longitude":"42.18888890","name":"Lekalmakhi"},{"id":"847734","latitude":"43.05000000","longitude":"42.70000000","name":"Lekhtagi"},{"id":"847735","latitude":"43.05000000","longitude":"42.70000000","name":"Lekhtag"},{"id":"847753","latitude":"43.03277780","longitude":"42.68861110","name":"Lemsia"},{"id":"847754","latitude":"43.03277780","longitude":"42.68861110","name":"Lemsiya"},{"id":"847770","latitude":"43.03333330","longitude":"42.61666670","name":"Leshuki"},{"id":"847771","latitude":"43.03333330","longitude":"42.61666670","name":"Leshukvi"},{"id":"847785","latitude":"43.02916670","longitude":"42.18166670","name":"Letsperi"},{"id":"847795","latitude":"43.00472220","longitude":"42.54583330","name":"Lezgara"},{"id":"847818","latitude":"43.04333330","longitude":"42.48638890","name":"Liya"},{"id":"847862","latitude":"43.00222220","longitude":"42.55888890","name":"Magardeli"},{"id":"847991","latitude":"43.02500000","longitude":"42.19416670","name":"Markhi"},{"id":"848018","latitude":"43.01388890","longitude":"42.61972220","name":"Matskhvarishi"},{"id":"848032","latitude":"43.07194440","longitude":"42.60861110","name":"Mazeri"},{"id":"848116","latitude":"43.04555560","longitude":"42.72972220","name":"Mestia"},{"id":"848117","latitude":"43.04555560","longitude":"42.72972220","name":"Mestiya"},{"id":"848118","latitude":"43.04555560","longitude":"42.72972220","name":"Mestno"},{"id":"848292","latitude":"42.98055560","longitude":"42.27722220","name":"Mukhashura"},{"id":"848296","latitude":"42.98055560","longitude":"42.27722220","name":"Mukhdari"},{"id":"848316","latitude":"42.81666670","longitude":"42.01666670","name":"Muntskva"},{"id":"848319","latitude":"42.91666670","longitude":"43.00000000","name":"Murkmeli"},{"id":"848321","latitude":"43.05416670","longitude":"42.79194440","name":"Murshkeli"},{"id":"848375","latitude":"42.91666670","longitude":"42.10000000","name":"Nadkorvali"},{"id":"848433","latitude":"43.08194440","longitude":"42.38777780","name":"Naki"},{"id":"848434","latitude":"43.00861110","longitude":"42.81888890","name":"Nakipari"},{"id":"848437","latitude":"43.08194440","longitude":"42.38777780","name":"Nakra"},{"id":"848463","latitude":"43.01666670","longitude":"42.61666670","name":"Nankvamu"},{"id":"848464","latitude":"43.01666670","longitude":"42.61666670","name":"Nankvam-Zagrali"},{"id":"848486","latitude":"43.06027780","longitude":"42.60694440","name":"Nashtkoli"},{"id":"848527","latitude":"43.10083330","longitude":"42.40833330","name":"Nenkvash"},{"id":"848531","latitude":"43.03888890","longitude":"42.69833330","name":"Nesguldi"},{"id":"848532","latitude":"43.03888890","longitude":"42.69833330","name":"Nesguni"},{"id":"848653","latitude":"43.05083330","longitude":"42.39861110","name":"Nodashi"},{"id":"848902","latitude":"43.05000000","longitude":"42.45000000","name":"Paledi"},{"id":"848903","latitude":"43.05000000","longitude":"42.45000000","name":"Paled"},{"id":"848929","latitude":"43.05000000","longitude":"42.49527780","name":"P'ari"},{"id":"849052","latitude":"43.24638890","longitude":"42.59944440","name":"Pichvnari"},{"id":"849112","latitude":"43.05000000","longitude":"42.50000000","name":"Pkhutreri"},{"id":"849154","latitude":"43.15000000","longitude":"42.40000000","name":"Priyut Babash"},{"id":"849406","latitude":"43.08750000","longitude":"41.91583330","name":"Sakeni"},{"id":"849407","latitude":"43.08750000","longitude":"41.91583330","name":"Saken"},{"id":"849632","latitude":"43.04555560","longitude":"42.72972220","name":"Seti"},{"id":"849637","latitude":"42.99277780","longitude":"42.64333330","name":"Sgobuldi"},{"id":"849639","latitude":"43.08000000","longitude":"42.18694440","name":"Sgurishi"},{"id":"849691","latitude":"43.04277780","longitude":"42.35833330","name":"Shdigiri"},{"id":"849692","latitude":"43.04277780","longitude":"42.35833330","name":"Shdikhiri"},{"id":"849693","latitude":"43.04277780","longitude":"42.35833330","name":"Shdukhiri"},{"id":"849726","latitude":"43.01611110","longitude":"42.62138890","name":"Shkaleri"},{"id":"849731","latitude":"43.05000000","longitude":"42.45000000","name":"Shkedi"},{"id":"849820","latitude":"43.02500000","longitude":"42.63888890","name":"Sidianari"},{"id":"849874","latitude":"42.93000000","longitude":"42.12694440","name":"Skormeti"},{"id":"849897","latitude":"43.02833330","longitude":"42.68555560","name":"Soli"},{"id":"849972","latitude":"43.01138890","longitude":"42.53944440","name":"Svip'i"},{"id":"849973","latitude":"43.05638890","longitude":"42.50194440","name":"Svipi"},{"id":"850049","latitude":"43.06472220","longitude":"42.42444440","name":"Tavrali"},{"id":"850076","latitude":"43.24638890","longitude":"42.59944440","name":"Tegenekli"},{"id":"850077","latitude":"43.24638890","longitude":"42.59944440","name":"Tegenekl'"},{"id":"850149","latitude":"43.09027780","longitude":"42.18611110","name":"Tita"},{"id":"850150","latitude":"43.09027780","longitude":"42.18611110","name":"Tito"},{"id":"850214","latitude":"42.97500000","longitude":"42.20583330","name":"Tobari"},{"id":"850216","latitude":"42.97500000","longitude":"42.20583330","name":"Tobri"},{"id":"850254","latitude":"42.88333330","longitude":"42.05000000","name":"Totana"},{"id":"850255","latitude":"42.88333330","longitude":"42.05000000","name":"Totani"},{"id":"850258","latitude":"42.88333330","longitude":"42.05000000","name":"Totona"},{"id":"850310","latitude":"43.03333330","longitude":"42.50000000","name":"Tsalanari"},{"id":"850311","latitude":"43.03333330","longitude":"42.50000000","name":"Tsalaner"},{"id":"850314","latitude":"43.05000000","longitude":"42.86666670","name":"Tsaldashi"},{"id":"850317","latitude":"43.07416670","longitude":"42.43388890","name":"Tsaleri"},{"id":"850471","latitude":"42.93972220","longitude":"42.14472220","name":"Tsitskhvari"},{"id":"850615","latitude":"43.01527780","longitude":"42.80805560","name":"Tsvirmi"},{"id":"850640","latitude":"43.06833330","longitude":"42.59805560","name":"Tvebishi"},{"id":"850641","latitude":"43.01083330","longitude":"42.54888890","name":"Tviberi"},{"id":"850669","latitude":"43.03333330","longitude":"42.51666670","name":"Ugvali"},{"id":"850696","latitude":"42.87694440","longitude":"42.23944440","name":"Umroni"},{"id":"850722","latitude":"42.93972220","longitude":"42.42444440","name":"Usgviri"},{"id":"850726","latitude":"43.04694440","longitude":"42.60972220","name":"Ushkhvanari"},{"id":"850727","latitude":"42.91416670","longitude":"43.02638890","name":"Ushkul"},{"id":"850954","latitude":"42.94777780","longitude":"42.90305560","name":"Vichnashi"},{"id":"850955","latitude":"42.94777780","longitude":"42.90305560","name":"Vichnashti"},{"id":"850995","latitude":"43.00583330","longitude":"42.75361110","name":"Yeli"},{"id":"851000","latitude":"43.01194440","longitude":"42.63027780","name":"Yenashi"},{"id":"851032","latitude":"43.05000000","longitude":"42.50000000","name":"Zagari"},{"id":"851035","latitude":"43.05000000","longitude":"42.50000000","name":"Zagrar"},{"id":"851058","latitude":"43.05250000","longitude":"42.78222220","name":"Zardlashi"},{"id":"851131","latitude":"42.93944440","longitude":"42.25444440","name":"Zeda Tsirmindi"},{"id":"851138","latitude":"42.87694440","longitude":"42.23944440","name":"Zeda Vedi"},{"id":"851139","latitude":"42.87694440","longitude":"42.23944440","name":"Zeda Veli"},{"id":"851153","latitude":"43.00333330","longitude":"42.81388890","name":"Zegani"},{"id":"851269","latitude":"43.06611110","longitude":"42.21000000","name":"Zemo-Margi"},{"id":"851351","latitude":"43.04750000","longitude":"42.82750000","name":"Zhabeshi"},{"id":"851352","latitude":"42.91416670","longitude":"43.02638890","name":"Zhabiani"},{"id":"851355","latitude":"43.04861110","longitude":"42.81138890","name":"Zhamishi"},{"id":"851356","latitude":"43.04861110","longitude":"42.81138890","name":"Zhamushi"},{"id":"851363","latitude":"43.06611110","longitude":"42.21000000","name":"Zhibe-Markhi"},{"id":"851364","latitude":"42.91416670","longitude":"43.02638890","name":"Zhibiani"}]