[{"id":"843949","latitude":"42.51083330","longitude":"44.97722220","name":"Ache"},{"id":"843950","latitude":"42.45750000","longitude":"44.91888890","name":"Achekha"},{"id":"843954","latitude":"42.62250000","longitude":"44.61722220","name":"Ach'khoti"},{"id":"843960","latitude":"41.96638890","longitude":"44.73944440","name":"Adgulyand-Kari"},{"id":"843973","latitude":"41.41666670","longitude":"44.95000000","name":"Adzhi-Isakend"},{"id":"843974","latitude":"41.41666670","longitude":"44.95000000","name":"Adzhiis-Kendi"},{"id":"843997","latitude":"41.32166670","longitude":"44.90166670","name":"Agamedli"},{"id":"844007","latitude":"41.73750000","longitude":"44.69250000","name":"Agaraki"},{"id":"844019","latitude":"41.96638890","longitude":"44.73944440","name":"Agdgomelaantkari"},{"id":"844021","latitude":"41.32166670","longitude":"44.90166670","name":"Aghamedli"},{"id":"844022","latitude":"41.59444440","longitude":"44.98916670","name":"Aght'ak'la"},{"id":"844026","latitude":"41.59444440","longitude":"44.98916670","name":"Aglagla"},{"id":"844027","latitude":"41.59444440","longitude":"44.98916670","name":"Agtagla"},{"id":"844028","latitude":"41.59444440","longitude":"44.98916670","name":"Agtaglya"},{"id":"844029","latitude":"41.59444440","longitude":"44.98916670","name":"Ag'-Takla"},{"id":"844036","latitude":"41.44138890","longitude":"44.88305560","name":"Aigeti"},{"id":"844045","latitude":"42.40388890","longitude":"45.08888890","name":"Akhadi"},{"id":"844051","latitude":"41.68444440","longitude":"44.65833330","name":"Akhaldaba"},{"id":"844068","latitude":"42.00500000","longitude":"44.57555560","name":"Akhali Kadoyeti"},{"id":"844069","latitude":"41.52638890","longitude":"44.65166670","name":"Akhali Khaishi"},{"id":"844076","latitude":"41.31666670","longitude":"44.80000000","name":"Akhali-Lalalo"},{"id":"844077","latitude":"41.35000000","longitude":"44.86666670","name":"Akhali-Mamudlo"},{"id":"844078","latitude":"41.53527780","longitude":"44.75916670","name":"Akhali Marabda"},{"id":"844079","latitude":"41.84805560","longitude":"44.55083330","name":"Akhali-Nichbisi"},{"id":"844080","latitude":"42.03333330","longitude":"44.80000000","name":"Akhali-Osebi"},{"id":"844081","latitude":"41.65416670","longitude":"44.59944440","name":"Akhali-Pantiani"},{"id":"844103","latitude":"41.50000000","longitude":"45.06666670","name":"Akhalsheni"},{"id":"844104","latitude":"42.01444440","longitude":"44.59638890","name":"(( Akhalsheni ))"},{"id":"844115","latitude":"41.90055560","longitude":"44.78444440","name":"Akhalsopeli"},{"id":"844136","latitude":"42.08138890","longitude":"44.78111110","name":"Akhalts'ikhe"},{"id":"844139","latitude":"41.64388890","longitude":"44.83555560","name":"Akhaltskaro"},{"id":"844143","latitude":"41.94583330","longitude":"44.70388890","name":"Akhalubani"},{"id":"844149","latitude":"41.95444440","longitude":"44.81500000","name":"Akhatani"},{"id":"844151","latitude":"41.35000000","longitude":"44.86666670","name":"Akhelo-Makhmudlo"},{"id":"844153","latitude":"42.65750000","longitude":"44.90416670","name":"Akhieli"},{"id":"844154","latitude":"42.65750000","longitude":"44.90416670","name":"Akhiyeli"},{"id":"844158","latitude":"41.33277780","longitude":"44.90333330","name":"Akh-Mamadlo"},{"id":"844164","latitude":"42.08583330","longitude":"44.84361110","name":"Akho"},{"id":"844183","latitude":"41.31388890","longitude":"44.72361110","name":"Akkulari"},{"id":"844184","latitude":"42.54555560","longitude":"44.95388890","name":"Akneli"},{"id":"844186","latitude":"41.31388890","longitude":"44.72361110","name":"Akqulari"},{"id":"844190","latitude":"42.45972220","longitude":"44.95527780","name":"Akusho"},{"id":"844202","latitude":"42.12611110","longitude":"44.91972220","name":"Alachani"},{"id":"844203","latitude":"42.12611110","longitude":"44.91972220","name":"Aladzhani"},{"id":"844215","latitude":"41.43833330","longitude":"44.77083330","name":"Alavar"},{"id":"844216","latitude":"41.43833330","longitude":"44.77083330","name":"Alavari"},{"id":"844230","latitude":"41.70277780","longitude":"44.93138890","name":"Alexeevka Selo"},{"id":"844231","latitude":"41.44138890","longitude":"44.88305560","name":"Alget'i"},{"id":"844243","latitude":"41.43833330","longitude":"44.77083330","name":"Allavar"},{"id":"844256","latitude":"41.46916670","longitude":"45.00777780","name":"Ambarovka"},{"id":"844257","latitude":"41.48333330","longitude":"45.06666670","name":"Ambartafa"},{"id":"844262","latitude":"42.66888890","longitude":"44.92861110","name":"Amga"},{"id":"844263","latitude":"42.38833330","longitude":"44.65194440","name":"Amirni"},{"id":"844282","latitude":"42.16444440","longitude":"44.70250000","name":"Ananur"},{"id":"844283","latitude":"42.16444440","longitude":"44.70250000","name":"Ananuri"},{"id":"844289","latitude":"42.47500000","longitude":"45.21083330","name":"Andak'i"},{"id":"844291","latitude":"42.61111110","longitude":"44.59361110","name":"(( Andeziti ))"},{"id":"844317","latitude":"42.39111110","longitude":"44.90666670","name":"Ap'sho"},{"id":"844320","latitude":"42.54555560","longitude":"44.95388890","name":"Aqneli"},{"id":"844329","latitude":"42.39222220","longitude":"44.95000000","name":"Arakhidzha"},{"id":"844330","latitude":"42.39222220","longitude":"44.95000000","name":"Arakhindzha"},{"id":"844331","latitude":"41.46694440","longitude":"44.69444440","name":"Arakhlo"},{"id":"844332","latitude":"42.42472220","longitude":"44.53527780","name":"Arakhvet'i"},{"id":"844337","latitude":"42.11861110","longitude":"44.76055560","name":"Aranisi"},{"id":"844338","latitude":"41.35000000","longitude":"44.85000000","name":"Araplo"},{"id":"844346","latitude":"41.90416670","longitude":"44.79750000","name":"Arashenda"},{"id":"844349","latitude":"41.90416670","longitude":"44.79750000","name":"Arashendi"},{"id":"844351","latitude":"42.31333330","longitude":"44.86444440","name":"Arbach'khani"},{"id":"844355","latitude":"42.11111110","longitude":"44.60027780","name":"Arboyeti"},{"id":"844357","latitude":"42.51111110","longitude":"45.20583330","name":"Archilo"},{"id":"844358","latitude":"41.60194440","longitude":"44.59694440","name":"Ardasubani"},{"id":"844360","latitude":"42.57027780","longitude":"45.18972220","name":"Ardeti"},{"id":"844362","latitude":"41.60194440","longitude":"44.59694440","name":"Ardisubani"},{"id":"844363","latitude":"42.57027780","longitude":"45.18972220","name":"Ardoti"},{"id":"844369","latitude":"42.11694440","longitude":"44.64055560","name":"Arguni"},{"id":"844393","latitude":"41.53194440","longitude":"44.64111110","name":"Arnauti"},{"id":"844394","latitude":"41.35000000","longitude":"44.85000000","name":"Arpalo"},{"id":"844395","latitude":"42.61944440","longitude":"44.60000000","name":"Arsha"},{"id":"844398","latitude":"42.56111110","longitude":"44.64166670","name":"Art'khmo"},{"id":"844403","latitude":"41.46694440","longitude":"44.69444440","name":"Arukhlo"},{"id":"844408","latitude":"41.44472220","longitude":"44.65972220","name":"Asankhodzhalo"},{"id":"844409","latitude":"41.44472220","longitude":"44.65972220","name":"Asankhojalo"},{"id":"844412","latitude":"41.34222220","longitude":"44.82416670","name":"Ashaga-Saral'"},{"id":"844413","latitude":"41.34222220","longitude":"44.82416670","name":"Ashaga-Sarali"},{"id":"844415","latitude":"42.11250000","longitude":"44.69277780","name":"(( Ashi ))"},{"id":"844420","latitude":"41.45000000","longitude":"44.61666670","name":"Asmalari"},{"id":"844421","latitude":"41.45000000","longitude":"44.61666670","name":"Asmalyar"},{"id":"844430","latitude":"41.59305560","longitude":"44.66722220","name":"Asuret'i"},{"id":"844431","latitude":"42.56638890","longitude":"44.97166670","name":"Atabe"},{"id":"844443","latitude":"42.45638890","longitude":"44.70666670","name":"At'nokhi"},{"id":"844464","latitude":"41.79027780","longitude":"44.82611110","name":"Avchala"},{"id":"844465","latitude":"41.81666670","longitude":"44.80000000","name":"Avchaly"},{"id":"844467","latitude":"42.16722220","longitude":"44.71972220","name":"Avenisi"},{"id":"844485","latitude":"41.41583330","longitude":"44.93666670","name":"Azis-Kend"},{"id":"844486","latitude":"41.41583330","longitude":"44.93666670","name":"Azizekend"},{"id":"844487","latitude":"41.41583330","longitude":"44.93666670","name":"Azizkend"},{"id":"844488","latitude":"41.41583330","longitude":"44.93666670","name":"Azizk'endi"},{"id":"844510","latitude":"42.03083330","longitude":"44.71805560","name":"Baga"},{"id":"844520","latitude":"41.70000000","longitude":"44.73333330","name":"Bagebi"},{"id":"844536","latitude":"41.40000000","longitude":"44.88333330","name":"Baidari"},{"id":"844539","latitude":"42.36916670","longitude":"44.71833330","name":"Bakhani"},{"id":"844546","latitude":"42.46972220","longitude":"45.06944440","name":"Bakkhiya"},{"id":"844553","latitude":"42.47722220","longitude":"44.79583330","name":"Bakurkhevi"},{"id":"844556","latitude":"42.34722220","longitude":"44.47722220","name":"Balaani"},{"id":"844586","latitude":"42.32416670","longitude":"44.69916670","name":"Bants'uri"},{"id":"844587","latitude":"42.32416670","longitude":"44.69916670","name":"Bantsurni"},{"id":"844588","latitude":"42.14388890","longitude":"44.65611110","name":"Bantsurtkari"},{"id":"844601","latitude":"42.47416670","longitude":"44.92000000","name":"Barisakho"},{"id":"844617","latitude":"42.11027780","longitude":"44.84805560","name":"Bartsla"},{"id":"844635","latitude":"42.55861110","longitude":"44.96444440","name":"Bats'aligo"},{"id":"844644","latitude":"41.40000000","longitude":"44.88333330","name":"Baydar"},{"id":"844645","latitude":"41.40000000","longitude":"44.88333330","name":"Baydari"},{"id":"844647","latitude":"41.32500000","longitude":"44.87388890","name":"Baytalo"},{"id":"844648","latitude":"41.32500000","longitude":"44.87388890","name":"Baytelo"},{"id":"844649","latitude":"42.07194440","longitude":"44.65000000","name":"Bazalet'i"},{"id":"844660","latitude":"42.42972220","longitude":"44.55000000","name":"Bedoni"},{"id":"844667","latitude":"41.41666670","longitude":"44.80000000","name":"Beglyar Bol'shoy"},{"id":"844668","latitude":"41.41666670","longitude":"44.81666670","name":"Beglyar Malyy"},{"id":"844670","latitude":"41.30000000","longitude":"44.85000000","name":"Beitarapchi"},{"id":"844677","latitude":"42.46500000","longitude":"44.53444440","name":"Bekot-Kari"},{"id":"844685","latitude":"42.46750000","longitude":"44.53166670","name":"Beniant-Kari"},{"id":"844686","latitude":"42.46750000","longitude":"44.53166670","name":"Beniat'begoni"},{"id":"844700","latitude":"42.24333330","longitude":"44.59416670","name":"Beselta"},{"id":"844708","latitude":"42.41277780","longitude":"44.91944440","name":"Betisch'rdili"},{"id":"844713","latitude":"41.75222220","longitude":"44.60194440","name":"Bevreti"},{"id":"844714","latitude":"41.30000000","longitude":"44.85000000","name":"Beytarabchi"},{"id":"844726","latitude":"42.34083330","longitude":"44.68861110","name":"Bibiliani"},{"id":"844727","latitude":"42.34083330","longitude":"44.68861110","name":"Bibliani"},{"id":"844728","latitude":"42.10194440","longitude":"44.75500000","name":"Bichingaur-Kari"},{"id":"844729","latitude":"42.10194440","longitude":"44.75500000","name":"Bichingaurtkari"},{"id":"844736","latitude":"42.40444440","longitude":"45.03111110","name":"Bindilaruta"},{"id":"844737","latitude":"42.40444440","longitude":"45.03111110","name":"Bindilaurta"},{"id":"844738","latitude":"42.10194440","longitude":"44.75500000","name":"Biningour-Kari"},{"id":"844741","latitude":"41.48000000","longitude":"45.07055560","name":"Birlik"},{"id":"844742","latitude":"41.48000000","longitude":"45.07055560","name":"Birliki"},{"id":"844743","latitude":"42.52888890","longitude":"44.99611110","name":"Biso"},{"id":"844747","latitude":"41.93694440","longitude":"44.79555560","name":"Bitsmendi"},{"id":"844750","latitude":"42.57055560","longitude":"44.92111110","name":"Blo"},{"id":"844762","latitude":"42.13138890","longitude":"44.81388890","name":"Bodavi"},{"id":"844765","latitude":"42.05250000","longitude":"44.70916670","name":"Bodorna"},{"id":"844771","latitude":"42.49777780","longitude":"44.97083330","name":"Bogch'vilo"},{"id":"844779","latitude":"41.57750000","longitude":"44.61500000","name":"Bogvi"},{"id":"844781","latitude":"42.49777780","longitude":"44.97083330","name":"Bokchvilo"},{"id":"844782","latitude":"42.36916670","longitude":"44.71833330","name":"Bokhani"},{"id":"844796","latitude":"41.53944440","longitude":"44.74833330","name":"Bol'shaya Marabda"},{"id":"844803","latitude":"41.54000000","longitude":"44.69138890","name":"Bol'shiye Durnuki"},{"id":"844821","latitude":"41.60361110","longitude":"44.73111110","name":"Borbalo"},{"id":"844822","latitude":"41.46361110","longitude":"44.81083330","name":"Borchalo"},{"id":"844836","latitude":"42.46611110","longitude":"44.69555560","name":"Boseli"},{"id":"844837","latitude":"42.24333330","longitude":"44.59416670","name":"Boselt'a"},{"id":"844847","latitude":"41.21916670","longitude":"44.73583330","name":"Brdadzoi"},{"id":"844861","latitude":"42.28527780","longitude":"44.69277780","name":"Buch'aani"},{"id":"844862","latitude":"42.25750000","longitude":"44.92583330","name":"Buchkinta"},{"id":"844863","latitude":"42.25750000","longitude":"44.92583330","name":"Buchqinta"},{"id":"844864","latitude":"42.48361110","longitude":"44.89444440","name":"Buch'ukurt'a"},{"id":"844865","latitude":"42.48361110","longitude":"44.89444440","name":"Buchukurt-Kari"},{"id":"844888","latitude":"42.04916670","longitude":"44.75944440","name":"Bulach'auri"},{"id":"844889","latitude":"42.47916670","longitude":"45.00166670","name":"Bulalaurta"},{"id":"844898","latitude":"41.21916670","longitude":"44.73583330","name":"Burdadzori"},{"id":"844901","latitude":"41.89305560","longitude":"44.87527780","name":"Buriani"},{"id":"844902","latitude":"42.45777780","longitude":"45.08750000","name":"(( Burilo ))"},{"id":"844908","latitude":"42.49027780","longitude":"44.73194440","name":"Bursachigi"},{"id":"844909","latitude":"42.49027780","longitude":"44.73194440","name":"Bursachili"},{"id":"844910","latitude":"42.49027780","longitude":"44.73194440","name":"Bursachiri"},{"id":"844911","latitude":"42.10055560","longitude":"44.53555560","name":"Buruli"},{"id":"844912","latitude":"42.45472220","longitude":"44.72277780","name":"(( Busachir ))"},{"id":"844929","latitude":"42.20027780","longitude":"44.79750000","name":"Bzikurt Kari"},{"id":"844941","latitude":"42.35666670","longitude":"44.66916670","name":"(( Chabarukhi ))"},{"id":"844948","latitude":"42.56083330","longitude":"45.09027780","name":"Chachkheti"},{"id":"844952","latitude":"42.38555560","longitude":"44.66027780","name":"Ch'adists'ikhe"},{"id":"844961","latitude":"42.27694440","longitude":"44.65111110","name":"Chakisopeli"},{"id":"844984","latitude":"42.27694440","longitude":"44.65111110","name":"Chalisop'eli"},{"id":"844985","latitude":"42.50222220","longitude":"44.98333330","name":"Chalis-Sopeli"},{"id":"844998","latitude":"42.04666670","longitude":"44.69500000","name":"Chanadirtkari"},{"id":"845005","latitude":"42.21277780","longitude":"44.60111110","name":"Chandari"},{"id":"845019","latitude":"42.32333330","longitude":"44.47666670","name":"Charchekhi"},{"id":"845020","latitude":"41.87388890","longitude":"44.65555560","name":"Ch'ardakhi"},{"id":"845023","latitude":"42.32805560","longitude":"44.92333330","name":"Ch'argali"},{"id":"845027","latitude":"42.27222220","longitude":"44.67472220","name":"Chart'ali"},{"id":"845040","latitude":"42.56083330","longitude":"45.09027780","name":"Chechketi"},{"id":"845063","latitude":"42.41194440","longitude":"45.11833330","name":"(( Cheshe ))"},{"id":"845071","latitude":"42.40083330","longitude":"45.07611110","name":"Chich'o"},{"id":"845072","latitude":"42.41083330","longitude":"45.13277780","name":"(( Chidale ))"},{"id":"845073","latitude":"42.52722220","longitude":"44.95333330","name":"Chie"},{"id":"845079","latitude":"42.41444440","longitude":"44.44833330","name":"Ch'igoiani"},{"id":"845080","latitude":"42.39500000","longitude":"44.66500000","name":"Chikaani"},{"id":"845082","latitude":"42.40166670","longitude":"44.69500000","name":"(( Chikat-Kari ))"},{"id":"845090","latitude":"41.88638890","longitude":"44.88861110","name":"Chilaantkari"},{"id":"845095","latitude":"42.04277780","longitude":"44.61861110","name":"Chilurti"},{"id":"845100","latitude":"42.63972220","longitude":"44.88277780","name":"Chimga"},{"id":"845108","latitude":"42.10694440","longitude":"44.78083330","name":"Ch'int'i"},{"id":"845112","latitude":"42.05361110","longitude":"44.64638890","name":"Chirdileliantkari"},{"id":"845113","latitude":"42.48527780","longitude":"44.91138890","name":"Chirdili"},{"id":"845114","latitude":"42.41583330","longitude":"44.65583330","name":"Ch'iriki"},{"id":"845123","latitude":"42.26972220","longitude":"44.65083330","name":"Ch'itaurebi"},{"id":"845125","latitude":"42.26972220","longitude":"44.65083330","name":"Chitaurni"},{"id":"845126","latitude":"42.32777780","longitude":"44.52861110","name":"Ch'itiani"},{"id":"845130","latitude":"42.52722220","longitude":"44.95333330","name":"Chiye"},{"id":"845157","latitude":"42.55111110","longitude":"44.95333330","name":"Ch'khuba"},{"id":"845173","latitude":"42.44777780","longitude":"44.72388890","name":"Chobalauni"},{"id":"845174","latitude":"42.44777780","longitude":"44.72388890","name":"Ch'obalaurni"},{"id":"845178","latitude":"42.44777780","longitude":"44.72388890","name":"Chobaurka"},{"id":"845179","latitude":"42.44777780","longitude":"44.72388890","name":"Chobaurna"},{"id":"845185","latitude":"42.45750000","longitude":"44.79333330","name":"Chochokhi"},{"id":"845189","latitude":"42.40444440","longitude":"44.63805560","name":"Chokhelii"},{"id":"845190","latitude":"42.40444440","longitude":"44.63805560","name":"Ch'okhelni"},{"id":"845191","latitude":"42.40444440","longitude":"44.63805560","name":"Chokhelt-Karm"},{"id":"845192","latitude":"42.45611110","longitude":"44.71805560","name":"Ch'okhi"},{"id":"845208","latitude":"42.42111110","longitude":"45.05500000","name":"(( Choniskhevi ))"},{"id":"845209","latitude":"42.09222220","longitude":"44.61111110","name":"Chontili"},{"id":"845211","latitude":"41.97777780","longitude":"44.77083330","name":"Choporti"},{"id":"845217","latitude":"42.32333330","longitude":"44.47666670","name":"Chorchokhi"},{"id":"845220","latitude":"42.54027780","longitude":"44.97444440","name":"Chormeshavi"},{"id":"845222","latitude":"42.75194440","longitude":"44.63666670","name":"Chortov Most"},{"id":"845227","latitude":"42.05361110","longitude":"44.64638890","name":"Chrdileliantkari"},{"id":"845232","latitude":"42.48527780","longitude":"44.91138890","name":"Chrdilo"},{"id":"845237","latitude":"42.03777780","longitude":"44.64722220","name":"Chubiniantkari"},{"id":"845238","latitude":"42.03777780","longitude":"44.64722220","name":"Chubinidze"},{"id":"845277","latitude":"42.32666670","longitude":"44.54194440","name":"Dabakmeti"},{"id":"845278","latitude":"42.32666670","longitude":"44.54194440","name":"Dabaknet'i"},{"id":"845284","latitude":"42.28833330","longitude":"44.52194440","name":"Dadaneti"},{"id":"845286","latitude":"42.28833330","longitude":"44.52194440","name":"Dadianet'i"},{"id":"845311","latitude":"41.27805560","longitude":"44.75083330","name":"Damia"},{"id":"845312","latitude":"41.29583330","longitude":"44.77972220","name":"Damia Giaurarkhi"},{"id":"845313","latitude":"41.27805560","longitude":"44.75083330","name":"Damiya"},{"id":"845315","latitude":"41.96666670","longitude":"44.56666670","name":"Dampala"},{"id":"845332","latitude":"42.03555560","longitude":"44.58861110","name":"(( Daredzhana ))"},{"id":"845340","latitude":"41.36666670","longitude":"44.85000000","name":"Dashtapa"},{"id":"845341","latitude":"42.44250000","longitude":"44.90277780","name":"Dat'visi"},{"id":"845343","latitude":"41.99138890","longitude":"44.82305560","name":"Davat'i"},{"id":"845349","latitude":"42.34472220","longitude":"44.62333330","name":"Davituri"},{"id":"845350","latitude":"42.34472220","longitude":"44.62333330","name":"Davit'urni"},{"id":"845363","latitude":"42.12500000","longitude":"44.55527780","name":"Delkani"},{"id":"845381","latitude":"42.22111110","longitude":"44.65694440","name":"Dgnali"},{"id":"845393","latitude":"42.10000000","longitude":"44.70000000","name":"(( Didebaani ))"},{"id":"845394","latitude":"42.42805560","longitude":"44.72916670","name":"Didebaani"},{"id":"845395","latitude":"42.10000000","longitude":"44.70000000","name":"Didebaant-Kari"},{"id":"845396","latitude":"41.78555560","longitude":"44.66527780","name":"Didgori"},{"id":"845403","latitude":"41.41666670","longitude":"44.80000000","name":"Didi-Beglari"},{"id":"845413","latitude":"41.54000000","longitude":"44.69138890","name":"Didi Durnuki"},{"id":"845444","latitude":"41.73638890","longitude":"44.96583330","name":"Didi Lilo"},{"id":"845449","latitude":"41.37694440","longitude":"44.94666670","name":"Didi-Muganlo"},{"id":"845450","latitude":"41.37694440","longitude":"44.94666670","name":"Didi Mughanlo"},{"id":"845474","latitude":"41.77277780","longitude":"44.73805560","name":"Dighomi"},{"id":"845475","latitude":"41.77277780","longitude":"44.73805560","name":"Digomi"},{"id":"845482","latitude":"42.36750000","longitude":"44.74861110","name":"Dikhch'o"},{"id":"845518","latitude":"42.26611110","longitude":"44.69055560","name":"Dolask'edi"},{"id":"845522","latitude":"42.12333330","longitude":"44.84388890","name":"Dolosha"},{"id":"845546","latitude":"42.12194440","longitude":"44.64722220","name":"Dudaurebi"},{"id":"845547","latitude":"42.12194440","longitude":"44.64722220","name":"Dudaurt-Kari"},{"id":"845554","latitude":"42.46361110","longitude":"44.71055560","name":"Dumatskho"},{"id":"845564","latitude":"41.52805560","longitude":"44.71861110","name":"Durnuki Malyye"},{"id":"845565","latitude":"41.54000000","longitude":"44.69138890","name":"Durunki"},{"id":"845566","latitude":"42.08583330","longitude":"44.69583330","name":"Duscheti"},{"id":"845567","latitude":"42.08583330","longitude":"44.69583330","name":"Dushet"},{"id":"845568","latitude":"42.08583330","longitude":"44.69583330","name":"Dushet'i"},{"id":"845577","latitude":"42.31138890","longitude":"44.91611110","name":"(( Dykelya ))"},{"id":"845580","latitude":"41.76638890","longitude":"44.61638890","name":"Dzalantkhevi"},{"id":"845581","latitude":"41.96083330","longitude":"44.60888890","name":"Dzalisi"},{"id":"845588","latitude":"42.52138890","longitude":"44.97222220","name":"Dzedzeurt'a"},{"id":"845592","latitude":"41.84638890","longitude":"44.60277780","name":"Dzegvi"},{"id":"845597","latitude":"41.84638890","longitude":"44.60277780","name":"Dzgevi"},{"id":"845603","latitude":"42.40000000","longitude":"44.65611110","name":"Dzhagmiani"},{"id":"845604","latitude":"42.40000000","longitude":"44.65611110","name":"Dzhagumiani"},{"id":"845617","latitude":"41.50416670","longitude":"44.79333330","name":"Dzhandar"},{"id":"845619","latitude":"41.50416670","longitude":"44.79333330","name":"Dzhandari"},{"id":"845636","latitude":"42.10750000","longitude":"44.66722220","name":"Dzhavakhiani"},{"id":"845637","latitude":"42.10750000","longitude":"44.66722220","name":"Dzhavakhiantkari"},{"id":"845651","latitude":"41.92277780","longitude":"44.77833330","name":"Dzhigaura"},{"id":"845661","latitude":"42.07500000","longitude":"44.74138890","name":"Dzhikurault"},{"id":"845662","latitude":"42.07500000","longitude":"44.74138890","name":"Dzhikuraultkari"},{"id":"845680","latitude":"41.58055560","longitude":"44.62527780","name":"Dzhordzhiashvili"},{"id":"845690","latitude":"42.28055560","longitude":"44.71638890","name":"Dzhugisi"},{"id":"845706","latitude":"42.15583330","longitude":"44.56333330","name":"Dzhvarisubani"},{"id":"845733","latitude":"41.27805560","longitude":"44.75083330","name":"Dzmia"},{"id":"845734","latitude":"42.40000000","longitude":"44.65611110","name":"Dzmiani"},{"id":"845735","latitude":"42.40222220","longitude":"44.65694440","name":"Dzmiani-Tsinkobani"},{"id":"845736","latitude":"42.40222220","longitude":"44.65694440","name":"Dzmiani-Tsinkosani"},{"id":"845750","latitude":"42.10055560","longitude":"44.53555560","name":"Dzveli Burghuli"},{"id":"845751","latitude":"42.10055560","longitude":"44.53555560","name":"Dzveli Burguli"},{"id":"845753","latitude":"41.90305560","longitude":"44.60333330","name":"Dzveli Kanda"},{"id":"845756","latitude":"41.53944440","longitude":"44.74833330","name":"Dzveli-Marabda"},{"id":"845757","latitude":"42.01805560","longitude":"44.82111110","name":"Dzveli Osebi"},{"id":"845758","latitude":"42.00638890","longitude":"44.72444440","name":"Dzveli Sakramulo"},{"id":"845760","latitude":"41.77055560","longitude":"44.67138890","name":"Dzveli-Vedzisi"},{"id":"845765","latitude":"42.05694440","longitude":"44.60527780","name":"Ebnisi"},{"id":"845779","latitude":"42.40694440","longitude":"45.14027780","name":"(( Eliagza ))"},{"id":"845782","latitude":"42.38527780","longitude":"44.48611110","name":"Eloiani"},{"id":"845785","latitude":"41.60583330","longitude":"44.63333330","name":"Enageti"},{"id":"845786","latitude":"41.60583330","longitude":"44.63333330","name":"Enageti Malyye"},{"id":"845791","latitude":"41.96777780","longitude":"44.63361110","name":"Ereda"},{"id":"845795","latitude":"42.48277780","longitude":"44.44916670","name":"Eret'o"},{"id":"845806","latitude":"41.61916670","longitude":"44.73000000","name":"Ertisi"},{"id":"845817","latitude":"42.57277780","longitude":"44.94000000","name":"Estecho"},{"id":"845831","latitude":"42.13166670","longitude":"44.73138890","name":"Etvalisi"},{"id":"845835","latitude":"41.37277780","longitude":"44.64194440","name":"Fakhralo"},{"id":"845836","latitude":"42.47972220","longitude":"44.46361110","name":"Falagkau"},{"id":"845880","latitude":"42.62027780","longitude":"44.59277780","name":"Gaiboteni"},{"id":"845881","latitude":"41.91305560","longitude":"44.81500000","name":"Galavani"},{"id":"845884","latitude":"41.64861110","longitude":"44.99833330","name":"Gamardzhoeba"},{"id":"845886","latitude":"41.64861110","longitude":"44.99833330","name":"Gamardzhveba"},{"id":"845887","latitude":"41.64861110","longitude":"44.99833330","name":"Gamardzhvebe"},{"id":"845889","latitude":"41.64861110","longitude":"44.99833330","name":"Gamarjveba"},{"id":"845890","latitude":"41.46916670","longitude":"45.00777780","name":"Gambarovka"},{"id":"845905","latitude":"42.43777780","longitude":"44.71972220","name":"Gamsi"},{"id":"845906","latitude":"42.43777780","longitude":"44.71972220","name":"Gamvi"},{"id":"845934","latitude":"42.54472220","longitude":"44.89888890","name":"Garbani"},{"id":"845946","latitude":"42.04194440","longitude":"44.79277780","name":"Garis-Tskaro"},{"id":"845959","latitude":"42.62027780","longitude":"44.59277780","name":"Gayboteni"},{"id":"845961","latitude":"42.22083330","longitude":"44.59138890","name":"Gdu"},{"id":"845985","latitude":"42.52472220","longitude":"44.92833330","name":"Gelisvake"},{"id":"845996","latitude":"42.66361110","longitude":"44.63000000","name":"(( Gergeti ))"},{"id":"846011","latitude":"42.52472220","longitude":"44.92833330","name":"Ghelisvake"},{"id":"846022","latitude":"41.44138890","longitude":"44.88305560","name":"Giaurarkhi"},{"id":"846034","latitude":"42.64027780","longitude":"45.10972220","name":"Giorgitsminda"},{"id":"846036","latitude":"41.82194440","longitude":"44.82916670","name":"Gldani"},{"id":"846052","latitude":"41.50000000","longitude":"45.06666670","name":"Gofnustal'"},{"id":"846053","latitude":"41.50000000","longitude":"45.06666670","name":"Gofrunstal'"},{"id":"846062","latitude":"42.42250000","longitude":"44.62000000","name":"Gognauri"},{"id":"846065","latitude":"42.41416670","longitude":"45.04166670","name":"Gogolaurt'a"},{"id":"846066","latitude":"42.41416670","longitude":"45.04166670","name":"Gogolaurt"},{"id":"846080","latitude":"41.91305560","longitude":"44.81500000","name":"Golovani"},{"id":"846082","latitude":"41.55805560","longitude":"44.57888890","name":"Golt'et'i"},{"id":"846089","latitude":"42.30305560","longitude":"44.81333330","name":"Gometsari"},{"id":"846098","latitude":"42.46138890","longitude":"44.53416670","name":"Gomurni"},{"id":"846133","latitude":"42.60166670","longitude":"44.56805560","name":"Gorists'ikhe"},{"id":"846138","latitude":"41.88250000","longitude":"44.66833330","name":"Gorovani"},{"id":"846140","latitude":"42.47722220","longitude":"44.79583330","name":"Goruli"},{"id":"846146","latitude":"41.60972220","longitude":"44.71472220","name":"Goubani"},{"id":"846147","latitude":"42.47750000","longitude":"44.47444440","name":"Goudaour"},{"id":"846162","latitude":"42.08722220","longitude":"44.55694440","name":"Gremiskhevi"},{"id":"846165","latitude":"42.04972220","longitude":"44.65944440","name":"Grigolaantkari"},{"id":"846169","latitude":"41.76666670","longitude":"44.80000000","name":"(( Grmagele ))"},{"id":"846172","latitude":"42.21694440","longitude":"44.54972220","name":"Grua"},{"id":"846174","latitude":"42.21694440","longitude":"44.54972220","name":"(( Gru ))"},{"id":"846189","latitude":"42.53555560","longitude":"44.95861110","name":"Gudani"},{"id":"846191","latitude":"42.34805560","longitude":"44.90361110","name":"Gudarakhi"},{"id":"846196","latitude":"42.47750000","longitude":"44.47444440","name":"Gudaur"},{"id":"846197","latitude":"42.47750000","longitude":"44.47444440","name":"Gudauri"},{"id":"846208","latitude":"42.47750000","longitude":"44.47444440","name":"Gudouri"},{"id":"846209","latitude":"42.18500000","longitude":"44.81000000","name":"Gudrukhi"},{"id":"846223","latitude":"41.23222220","longitude":"44.74944440","name":"Gulbagi"},{"id":"846232","latitude":"42.52250000","longitude":"44.94277780","name":"Guli"},{"id":"846269","latitude":"42.09166670","longitude":"44.80138890","name":"Gurgalveli"},{"id":"846271","latitude":"41.89305560","longitude":"44.87527780","name":"Guriani"},{"id":"846279","latitude":"42.60083330","longitude":"45.08694440","name":"Guro"},{"id":"846282","latitude":"42.41416670","longitude":"44.44722220","name":"Gurtsgani"},{"id":"846283","latitude":"42.41416670","longitude":"44.44722220","name":"Gurtsiani"},{"id":"846284","latitude":"42.41416670","longitude":"44.44722220","name":"Gurtsikikau"},{"id":"846285","latitude":"42.41416670","longitude":"44.44722220","name":"(( Gurtsinikau ))"},{"id":"846304","latitude":"42.44444440","longitude":"44.92777780","name":"Gvelet'i"},{"id":"846305","latitude":"42.70805560","longitude":"44.62361110","name":"Gveleti"},{"id":"846315","latitude":"41.70527780","longitude":"44.53888890","name":"Gvevi"},{"id":"846318","latitude":"42.43638890","longitude":"44.60194440","name":"Gvidak'e"},{"id":"846334","latitude":"41.29583330","longitude":"44.77972220","name":"Gyaur-Arkh"},{"id":"846335","latitude":"41.23222220","longitude":"44.74944440","name":"Gyul-Dag"},{"id":"846336","latitude":"41.50000000","longitude":"45.06666670","name":"Hoffnungstal"},{"id":"846368","latitude":"41.43333330","longitude":"45.01666670","name":"Ilmazlo"},{"id":"846382","latitude":"41.42944440","longitude":"44.66527780","name":"Imirasani"},{"id":"846383","latitude":"41.42944440","longitude":"44.66527780","name":"Imir-Asan"},{"id":"846384","latitude":"41.39944440","longitude":"44.81500000","name":"Imiri"},{"id":"846385","latitude":"41.39944440","longitude":"44.81500000","name":"Imir"},{"id":"846396","latitude":"42.35166670","longitude":"44.91277780","name":"Ino"},{"id":"846400","latitude":"42.11083330","longitude":"44.72694440","name":"Iori"},{"id":"846414","latitude":"42.07638890","longitude":"44.87194440","name":"Iremiant-Kar"},{"id":"846434","latitude":"42.46361110","longitude":"44.53944440","name":"Iukho"},{"id":"846446","latitude":"42.40000000","longitude":"44.65611110","name":"Jaghmiani"},{"id":"846465","latitude":"41.58055560","longitude":"44.62527780","name":"Jorjiashvili"},{"id":"846470","latitude":"42.28055560","longitude":"44.71638890","name":"Jughisi"},{"id":"846487","latitude":"41.34361110","longitude":"44.91777780","name":"Kachagani"},{"id":"846488","latitude":"41.34361110","longitude":"44.91777780","name":"Kachagan"},{"id":"846490","latitude":"42.22111110","longitude":"44.85277780","name":"Kachev"},{"id":"846499","latitude":"42.17722220","longitude":"44.59916670","name":"Kadoyeti"},{"id":"846500","latitude":"42.17722220","longitude":"44.59916670","name":"Kaduyeti"},{"id":"846503","latitude":"42.23805560","longitude":"44.60333330","name":"Kaidzhvari"},{"id":"846504","latitude":"42.44138890","longitude":"44.51055560","name":"Kaishaurni"},{"id":"846518","latitude":"41.48333330","longitude":"44.70000000","name":"Kalagir"},{"id":"846529","latitude":"42.29861110","longitude":"44.87166670","name":"K'alilo"},{"id":"846530","latitude":"41.48500000","longitude":"45.05972220","name":"Kalinino"},{"id":"846541","latitude":"42.46555560","longitude":"44.98777780","name":"Kamkhi"},{"id":"846542","latitude":"42.25472220","longitude":"44.83555560","name":"Kanatia"},{"id":"846543","latitude":"42.25472220","longitude":"44.83555560","name":"Kanatiya"},{"id":"846545","latitude":"41.90305560","longitude":"44.60333330","name":"Kanda-Dzveli"},{"id":"846546","latitude":"41.90305560","longitude":"44.60333330","name":"Kanda"},{"id":"846550","latitude":"41.40777780","longitude":"45.03083330","name":"K'ap'anakhch'i"},{"id":"846562","latitude":"41.62027780","longitude":"44.96472220","name":"Karadzhalari"},{"id":"846563","latitude":"41.62027780","longitude":"44.96472220","name":"Karadzhalar"},{"id":"846570","latitude":"41.49222220","longitude":"44.61916670","name":"Karakend-Kosalar"},{"id":"846578","latitude":"41.60166670","longitude":"44.97250000","name":"Karatagla"},{"id":"846579","latitude":"41.60166670","longitude":"44.97250000","name":"Karataglya"},{"id":"846593","latitude":"42.36861110","longitude":"44.47138890","name":"K'arelt'kari"},{"id":"846597","latitude":"42.08611110","longitude":"44.67555560","name":"(( Kariaultkari ))"},{"id":"846601","latitude":"42.06888890","longitude":"44.55472220","name":"Karkushaani"},{"id":"846602","latitude":"42.06888890","longitude":"44.55472220","name":"Karkushani"},{"id":"846603","latitude":"42.36861110","longitude":"44.47138890","name":"Karletkari"},{"id":"846604","latitude":"41.82888890","longitude":"44.70388890","name":"Karsani"},{"id":"846605","latitude":"42.05277780","longitude":"44.71250000","name":"Karsimaantkari"},{"id":"846611","latitude":"42.48722220","longitude":"44.94861110","name":"Kartsaulta"},{"id":"846624","latitude":"42.65666670","longitude":"44.64333330","name":"Kasbek"},{"id":"846633","latitude":"41.29888890","longitude":"44.86055560","name":"Kasumlo"},{"id":"846635","latitude":"42.36027780","longitude":"44.86222220","name":"Katsalkhevi"},{"id":"846643","latitude":"42.38083330","longitude":"44.68166670","name":"(( Kavtaraani ))"},{"id":"846644","latitude":"42.42666670","longitude":"44.74277780","name":"Kavtaraani"},{"id":"846645","latitude":"42.38083330","longitude":"44.68166670","name":"Kavtaraski"},{"id":"846649","latitude":"42.65666670","longitude":"44.64333330","name":"Kazbegi"},{"id":"846650","latitude":"42.65666670","longitude":"44.64333330","name":"Kazbeg"},{"id":"846651","latitude":"42.65666670","longitude":"44.64333330","name":"Kazbek"},{"id":"846661","latitude":"42.09333330","longitude":"44.56250000","name":"Kedeloba"},{"id":"846686","latitude":"42.09694440","longitude":"44.80750000","name":"Kenchaklde"},{"id":"846687","latitude":"42.33333330","longitude":"44.46916670","name":"K'enk'aani"},{"id":"846688","latitude":"42.10611110","longitude":"44.69000000","name":"Kerana"},{"id":"846691","latitude":"42.02277780","longitude":"44.80138890","name":"K'eriant'kari"},{"id":"846692","latitude":"42.02277780","longitude":"44.80138890","name":"Keriant-Keri"},{"id":"846696","latitude":"41.40000000","longitude":"45.03333330","name":"Kesalo"},{"id":"846697","latitude":"41.38333330","longitude":"45.03333330","name":"Kesalo Vtoroye"},{"id":"846700","latitude":"41.44611110","longitude":"44.99916670","name":"K'eshalo"},{"id":"846705","latitude":"41.89694440","longitude":"44.84027780","name":"Ketoraantkati"},{"id":"846731","latitude":"42.55416670","longitude":"45.13583330","name":"Khakhabo"},{"id":"846733","latitude":"42.55416670","longitude":"45.13583330","name":"Khakhhabo"},{"id":"846734","latitude":"42.52916670","longitude":"45.00555560","name":"Khakhmat'i"},{"id":"846744","latitude":"42.30000000","longitude":"44.66666670","name":"(( Khamusha ))"},{"id":"846750","latitude":"41.35000000","longitude":"45.01666670","name":"Khandzhi-Gazlo"},{"id":"846765","latitude":"42.41138890","longitude":"44.62138890","name":"Kharkhet'i"},{"id":"846766","latitude":"42.08583330","longitude":"44.86194440","name":"Kharnaul"},{"id":"846768","latitude":"42.19027780","longitude":"44.84444440","name":"Khartisho"},{"id":"846770","latitude":"42.32611110","longitude":"45.03638890","name":"(( Khashari ))"},{"id":"846786","latitude":"41.81888890","longitude":"44.55694440","name":"Khekordzi"},{"id":"846794","latitude":"42.07277780","longitude":"44.85861110","name":"Kheoba"},{"id":"846814","latitude":"42.39305560","longitude":"44.68055560","name":"Khevsha"},{"id":"846826","latitude":"41.86944440","longitude":"44.56694440","name":"Khidiskuri"},{"id":"846834","latitude":"42.28888890","longitude":"44.84944440","name":"Khiliana"},{"id":"846835","latitude":"42.27305560","longitude":"44.83027780","name":"(( Khilnaki ))"},{"id":"846839","latitude":"42.21222220","longitude":"44.71916670","name":"Khirausha"},{"id":"846842","latitude":"42.56000000","longitude":"44.94194440","name":"Khitale"},{"id":"846845","latitude":"42.00611110","longitude":"44.82138890","name":"Khizanebi"},{"id":"846847","latitude":"42.00611110","longitude":"44.82138890","name":"Khiznebi"},{"id":"846863","latitude":"42.37944440","longitude":"44.92861110","name":"Khomi"},{"id":"846866","latitude":"42.57472220","longitude":"45.23750000","name":"Khone"},{"id":"846868","latitude":"42.58388890","longitude":"45.21305560","name":"Khonischala"},{"id":"846869","latitude":"42.57472220","longitude":"45.23750000","name":"Khons"},{"id":"846873","latitude":"42.12722220","longitude":"44.89694440","name":"Khopsa"},{"id":"846874","latitude":"42.12722220","longitude":"44.89694440","name":"Khoptsa"},{"id":"846876","latitude":"42.56861110","longitude":"44.95027780","name":"Khoranaula"},{"id":"846886","latitude":"42.20000000","longitude":"44.78333330","name":"Khorkhis-Ubani"},{"id":"846889","latitude":"42.41666670","longitude":"45.06666670","name":"Khoshara"},{"id":"846897","latitude":"42.24333330","longitude":"44.90083330","name":"Khovliyani"},{"id":"846898","latitude":"42.43722220","longitude":"44.71861110","name":"(( Khoza ))"},{"id":"846900","latitude":"42.33388890","longitude":"44.45750000","name":"Khozuet'i"},{"id":"846901","latitude":"42.33388890","longitude":"44.45750000","name":"Khozuyeti"},{"id":"846917","latitude":"42.28111110","longitude":"44.54555560","name":"Khudaliani"},{"id":"846940","latitude":"41.41666670","longitude":"44.91666670","name":"Khutor-Lezhbadini"},{"id":"846941","latitude":"41.82361110","longitude":"44.72833330","name":"Khutor Mukhat-Gvardi"},{"id":"846962","latitude":"41.64833330","longitude":"44.64361110","name":"Kiket'i"},{"id":"846968","latitude":"42.42111110","longitude":"44.56861110","name":"Kimbariani"},{"id":"846969","latitude":"42.46555560","longitude":"44.98777780","name":"Kimkhi"},{"id":"846987","latitude":"41.35000000","longitude":"45.03333330","name":"Kirach-Muganlo"},{"id":"846991","latitude":"41.36861110","longitude":"44.92277780","name":"Kirikhlo"},{"id":"846992","latitude":"41.35000000","longitude":"45.03333330","name":"Kirikhlo-Muganlo"},{"id":"847009","latitude":"42.40583330","longitude":"44.87833330","name":"(( Kishkhevi ))"},{"id":"847013","latitude":"42.56472220","longitude":"45.08888890","name":"Kistani"},{"id":"847018","latitude":"42.41888890","longitude":"44.75000000","name":"Kitokhi"},{"id":"847028","latitude":"41.47416670","longitude":"44.77250000","name":"Kizil-Adzhilo"},{"id":"847029","latitude":"41.47416670","longitude":"44.77250000","name":"Kizil-Adzhlo"},{"id":"847035","latitude":"42.58388890","longitude":"45.21305560","name":"Kkhomis-Chala"},{"id":"847050","latitude":"42.53638890","longitude":"44.91277780","name":"Kmost'i"},{"id":"847061","latitude":"42.07027780","longitude":"44.68861110","name":"(( Kobiantkari ))"},{"id":"847066","latitude":"42.47250000","longitude":"44.94250000","name":"K'obulo"},{"id":"847073","latitude":"41.43722220","longitude":"44.63083330","name":"Kochulo"},{"id":"847075","latitude":"41.58305560","longitude":"44.77833330","name":"Koda"},{"id":"847081","latitude":"42.23805560","longitude":"44.60333330","name":"Kodidzhvari"},{"id":"847082","latitude":"41.58305560","longitude":"44.77833330","name":"Kodi"},{"id":"847091","latitude":"42.17722220","longitude":"44.59916670","name":"Kodoyeti"},{"id":"847093","latitude":"41.66083330","longitude":"44.69166670","name":"Kodzhori"},{"id":"847094","latitude":"41.66083330","longitude":"44.69166670","name":"Kodzhor"},{"id":"847095","latitude":"41.66083330","longitude":"44.69166670","name":"Kodzhory"},{"id":"847099","latitude":"41.66083330","longitude":"44.69166670","name":"Kojori"},{"id":"847104","latitude":"42.03333330","longitude":"44.78944440","name":"Kokhiant"},{"id":"847113","latitude":"41.48333330","longitude":"44.70000000","name":"Kolagiri"},{"id":"847135","latitude":"42.30222220","longitude":"44.89583330","name":"Kopcha"},{"id":"847156","latitude":"42.46361110","longitude":"44.52194440","name":"Korogo"},{"id":"847162","latitude":"42.48000000","longitude":"44.92388890","name":"Korsha"},{"id":"847172","latitude":"41.49222220","longitude":"44.61916670","name":"K'osalari"},{"id":"847173","latitude":"41.49222220","longitude":"44.61916670","name":"Kosalar"},{"id":"847175","latitude":"41.41722220","longitude":"44.74750000","name":"Kosha-Kilisa Bol'shaya"},{"id":"847176","latitude":"41.41666670","longitude":"44.73333330","name":"Kosha-Kilisa"},{"id":"847179","latitude":"42.05000000","longitude":"44.81666670","name":"Koshkaskeli"},{"id":"847182","latitude":"41.49222220","longitude":"44.61916670","name":"Kosolari"},{"id":"847186","latitude":"42.10111110","longitude":"44.59111110","name":"(( Kotamzvare ))"},{"id":"847191","latitude":"41.52555560","longitude":"44.74166670","name":"Kotishi"},{"id":"847192","latitude":"41.89694440","longitude":"44.84027780","name":"Kotoraantkari"},{"id":"847210","latitude":"41.61083330","longitude":"44.90166670","name":"Krtsanisi"},{"id":"847211","latitude":"41.86277780","longitude":"44.57055560","name":"K'sani"},{"id":"847212","latitude":"41.86277780","longitude":"44.57055560","name":"Ksanka"},{"id":"847221","latitude":"42.05722220","longitude":"44.76444440","name":"Kubriantkari"},{"id":"847223","latitude":"42.27944440","longitude":"44.86555560","name":"Kuchecha"},{"id":"847225","latitude":"42.28888890","longitude":"44.84944440","name":"Kuda-Khiliana"},{"id":"847227","latitude":"42.28333330","longitude":"44.83333330","name":"Kudo-Khiliana"},{"id":"847228","latitude":"42.28333330","longitude":"44.83333330","name":"(( Kudo ))"},{"id":"847244","latitude":"41.38333330","longitude":"44.88333330","name":"Kullar"},{"id":"847248","latitude":"41.61277780","longitude":"44.78444440","name":"Kumisi"},{"id":"847250","latitude":"42.45416670","longitude":"44.48666670","name":"K'umlists'ikhe"},{"id":"847254","latitude":"42.05722220","longitude":"44.76444440","name":"Kupriantkari"},{"id":"847259","latitude":"41.34138890","longitude":"44.64916670","name":"Kurdo"},{"id":"847266","latitude":"41.39027780","longitude":"44.89277780","name":"K'urt'lari"},{"id":"847267","latitude":"41.39027780","longitude":"44.89277780","name":"Kurtlyar"},{"id":"847269","latitude":"41.33333330","longitude":"44.90000000","name":"Kushchi"},{"id":"847284","latitude":"42.40694440","longitude":"44.94416670","name":"Kutkhi"},{"id":"847330","latitude":"42.10194440","longitude":"44.71972220","name":"Kvavili"},{"id":"847415","latitude":"42.42305560","longitude":"44.59944440","name":"Kvelaani"},{"id":"847417","latitude":"42.30750000","longitude":"44.49638890","name":"K'veldaba"},{"id":"847431","latitude":"42.40000000","longitude":"44.66666670","name":"(( Kvemo-Amirni ))"},{"id":"847468","latitude":"42.21416670","longitude":"44.55805560","name":"Kvemo-Gru"},{"id":"847477","latitude":"41.45000000","longitude":"45.05000000","name":"Kvemo-Kapanakhchi"},{"id":"847488","latitude":"42.22972220","longitude":"44.75888890","name":"Kvemo-Khorkhi"},{"id":"847495","latitude":"42.01305560","longitude":"44.56500000","name":"Kvemo-Kodistskaro"},{"id":"847496","latitude":"42.01305560","longitude":"44.56500000","name":"K'vemo Kodistsqaro"},{"id":"847500","latitude":"41.41722220","longitude":"44.74750000","name":"Kvemo-Koshakilisi"},{"id":"847504","latitude":"41.37666670","longitude":"44.89444440","name":"Kvemo-Kulari"},{"id":"847509","latitude":"41.75750000","longitude":"44.67194440","name":"Kvemo-Lisi"},{"id":"847518","latitude":"42.42833330","longitude":"44.50944440","name":"K'vemo Mlet'a"},{"id":"847519","latitude":"42.42833330","longitude":"44.50944440","name":"Kvemo-Mleti"},{"id":"847528","latitude":"41.81944440","longitude":"44.52583330","name":"K'vemo Nich'bisi"},{"id":"847541","latitude":"41.37666670","longitude":"44.89444440","name":"K'vemo Qulari"},{"id":"847549","latitude":"41.34222220","longitude":"44.82416670","name":"Kvemo-Sarali"},{"id":"847552","latitude":"42.24333330","longitude":"44.90083330","name":"Kvemo-Sharakhevi"},{"id":"847554","latitude":"42.03027780","longitude":"44.58166670","name":"K'vemo Shuakhevi"},{"id":"847558","latitude":"41.64472220","longitude":"44.85805560","name":"Kvemo-Teleti"},{"id":"847580","latitude":"42.42666670","longitude":"44.55777780","name":"K'veshet'i"},{"id":"847600","latitude":"42.42666670","longitude":"44.55777780","name":"Kvishieti"},{"id":"847605","latitude":"42.03666670","longitude":"44.55583330","name":"Kvitkiristskaro"},{"id":"847624","latitude":"42.42944440","longitude":"44.74138890","name":"(( Lagaziani ))"},{"id":"847632","latitude":"42.44472220","longitude":"44.58277780","name":"Lakat'khevi"},{"id":"847636","latitude":"42.22750000","longitude":"44.91944440","name":"Lakhato"},{"id":"847652","latitude":"41.95194440","longitude":"44.74333330","name":"Lami"},{"id":"847656","latitude":"41.99611110","longitude":"44.60416670","name":"Lamovani"},{"id":"847663","latitude":"42.00972220","longitude":"44.80305560","name":"Lap'anaant'kari"},{"id":"847684","latitude":"41.73000000","longitude":"44.55027780","name":"Lastistsikhe"},{"id":"847688","latitude":"42.73694440","longitude":"44.93472220","name":"Latli"},{"id":"847693","latitude":"42.18333330","longitude":"44.75611110","name":"Lausha"},{"id":"847700","latitude":"42.54666670","longitude":"45.07861110","name":"Lebaiskari"},{"id":"847705","latitude":"41.41666670","longitude":"44.91666670","name":"Lechbadinlo"},{"id":"847747","latitude":"41.77722220","longitude":"44.55250000","name":"Lelobi"},{"id":"847757","latitude":"41.76250000","longitude":"44.90722220","name":"Leninisi"},{"id":"847796","latitude":"41.41666670","longitude":"44.91666670","name":"Lezhbadini"},{"id":"847799","latitude":"42.31111110","longitude":"45.11416670","name":"(( Lichanuri ))"},{"id":"847808","latitude":"42.50944440","longitude":"44.98305560","name":"(( Likoki ))"},{"id":"847809","latitude":"41.68166670","longitude":"44.98222220","name":"Lilo"},{"id":"847810","latitude":"41.74250000","longitude":"44.90777780","name":"Lilo Maloye"},{"id":"847812","latitude":"42.49194440","longitude":"44.87861110","name":"Lipodi"},{"id":"847815","latitude":"41.75333330","longitude":"44.66500000","name":"Lisi"},{"id":"847839","latitude":"42.37972220","longitude":"44.78500000","name":"Lut'khubi"},{"id":"847863","latitude":"42.29500000","longitude":"44.85333330","name":"Magaro"},{"id":"847864","latitude":"42.28694440","longitude":"44.86555560","name":"Magaroskari"},{"id":"847865","latitude":"42.28694440","longitude":"44.86555560","name":"Magharoskari"},{"id":"847869","latitude":"42.00666670","longitude":"44.79222220","name":"Maghraani"},{"id":"847870","latitude":"42.46833330","longitude":"44.93805560","name":"Maghrani"},{"id":"847878","latitude":"42.00666670","longitude":"44.79222220","name":"Magrani"},{"id":"847885","latitude":"42.39888890","longitude":"44.77194440","name":"(( Makarta ))"},{"id":"847898","latitude":"42.31777780","longitude":"44.54361110","name":"Makhiaret'i"},{"id":"847913","latitude":"41.91250000","longitude":"44.58500000","name":"Malaya Kanda"},{"id":"847915","latitude":"41.53527780","longitude":"44.75916670","name":"Malaya Marabda"},{"id":"847919","latitude":"41.74250000","longitude":"44.90777780","name":"Maloye Lilo"},{"id":"847938","latitude":"42.46833330","longitude":"44.78750000","name":"Mamastariya"},{"id":"847945","latitude":"41.83194440","longitude":"44.86333330","name":"Mamkoda"},{"id":"847946","latitude":"41.83194440","longitude":"44.86333330","name":"Mamkodi"},{"id":"847950","latitude":"42.26361110","longitude":"44.60722220","name":"Mamulaani"},{"id":"847951","latitude":"42.26361110","longitude":"44.60722220","name":"Mamulaant-Kari"},{"id":"847957","latitude":"42.41444440","longitude":"44.62944440","name":"Manaseuli"},{"id":"847958","latitude":"42.41444440","longitude":"44.62944440","name":"Manaseuri"},{"id":"847967","latitude":"41.53944440","longitude":"44.74833330","name":"Marabda"},{"id":"847975","latitude":"42.21777780","longitude":"44.87916670","name":"Marauli"},{"id":"847994","latitude":"41.46361110","longitude":"44.81083330","name":"Marneuli"},{"id":"847996","latitude":"42.32027780","longitude":"44.52444440","name":"Martiani"},{"id":"848021","latitude":"42.44000000","longitude":"45.07388890","name":"Mat'ura"},{"id":"848037","latitude":"42.39416670","longitude":"44.75166670","name":"Mazitani"},{"id":"848039","latitude":"42.01750000","longitude":"44.59777780","name":"Mchadidzhvari"},{"id":"848040","latitude":"42.01750000","longitude":"44.59777780","name":"Mchadijvari"},{"id":"848041","latitude":"42.01750000","longitude":"44.59777780","name":"Mchadis-Dzhvari"},{"id":"848046","latitude":"42.34055560","longitude":"44.47000000","name":"Medelaani"},{"id":"848050","latitude":"42.31527780","longitude":"44.63500000","name":"Medzhilaurni"},{"id":"848056","latitude":"42.31527780","longitude":"44.63500000","name":"Mejilaurni"},{"id":"848063","latitude":"42.45361110","longitude":"44.79472220","name":"Mekobaurebi"},{"id":"848076","latitude":"42.21083330","longitude":"44.75472220","name":"Meneso"},{"id":"848090","latitude":"41.38333330","longitude":"45.03333330","name":"Meore-Kesalo"},{"id":"848127","latitude":"42.32333330","longitude":"45.13611110","name":"(( Mgelattsikhe ))"},{"id":"848128","latitude":"42.12944440","longitude":"44.70555560","name":"Mgliani"},{"id":"848129","latitude":"42.12944440","longitude":"44.70555560","name":"Mgliant-Kari"},{"id":"848136","latitude":"42.34055560","longitude":"44.47000000","name":"Midelaani"},{"id":"848137","latitude":"42.34055560","longitude":"44.47000000","name":"Midelani"},{"id":"848138","latitude":"42.45916670","longitude":"44.52472220","name":"Midelaurni"},{"id":"848142","latitude":"42.32222220","longitude":"44.86638890","name":"Migriault'a"},{"id":"848143","latitude":"42.56805560","longitude":"44.64666670","name":"Miguda"},{"id":"848144","latitude":"42.39888890","longitude":"44.77194440","name":"Mikarta"},{"id":"848146","latitude":"42.07972220","longitude":"44.55388890","name":"Mikelaani"},{"id":"848148","latitude":"42.07972220","longitude":"44.55388890","name":"Mikeliani"},{"id":"848162","latitude":"42.08138890","longitude":"44.66611110","name":"(( Milakhvriantkari ))"},{"id":"848164","latitude":"41.98722220","longitude":"44.65611110","name":"Milistskaro"},{"id":"848180","latitude":"42.55250000","longitude":"44.94500000","name":"Misakhe"},{"id":"848181","latitude":"41.94722220","longitude":"44.73750000","name":"Misak'ts'ieli"},{"id":"848182","latitude":"41.94722220","longitude":"44.73750000","name":"Misaktsiyeli"},{"id":"848189","latitude":"42.01833330","longitude":"44.66888890","name":"Mlashe"},{"id":"848190","latitude":"42.43138890","longitude":"44.49611110","name":"Mleti"},{"id":"848208","latitude":"41.23333330","longitude":"44.75000000","name":"Molaogly"},{"id":"848211","latitude":"41.42638890","longitude":"44.72861110","name":"Molla-Akhmedlo"},{"id":"848215","latitude":"42.41444440","longitude":"44.62944440","name":"Monaseuri"},{"id":"848218","latitude":"42.19972220","longitude":"44.57916670","name":"Monasteri"},{"id":"848233","latitude":"42.43638890","longitude":"44.93194440","name":"Motsmao"},{"id":"848234","latitude":"42.43638890","longitude":"44.93194440","name":"Motsmovi"},{"id":"848238","latitude":"41.85333330","longitude":"44.88722220","name":"Mshralikhevi"},{"id":"848239","latitude":"41.85333330","longitude":"44.88722220","name":"Mshralkhevi"},{"id":"848244","latitude":"41.73916670","longitude":"44.62472220","name":"Mskhaldidi"},{"id":"848246","latitude":"41.86500000","longitude":"44.66611110","name":"Mskhaltba"},{"id":"848262","latitude":"42.02777780","longitude":"44.81111110","name":"Mtsit'urebi"},{"id":"848263","latitude":"41.84388890","longitude":"44.71638890","name":"Mtskhera"},{"id":"848264","latitude":"41.84388890","longitude":"44.71638890","name":"Mts'khet'a"},{"id":"848266","latitude":"41.84388890","longitude":"44.71638890","name":"Mtzkhet"},{"id":"848268","latitude":"42.37611110","longitude":"44.53750000","name":"Mudzhukhi"},{"id":"848269","latitude":"41.47222220","longitude":"44.73805560","name":"Muganlo Maloye"},{"id":"848271","latitude":"41.37694440","longitude":"44.94666670","name":"Muganlo"},{"id":"848275","latitude":"42.47361110","longitude":"44.52861110","name":"Mughure"},{"id":"848277","latitude":"42.28194440","longitude":"44.66833330","name":"Muguda"},{"id":"848278","latitude":"42.28194440","longitude":"44.66833330","name":"Mugudo"},{"id":"848282","latitude":"42.47361110","longitude":"44.52861110","name":"Mugure"},{"id":"848289","latitude":"42.37611110","longitude":"44.53750000","name":"Mujukhi"},{"id":"848293","latitude":"41.82361110","longitude":"44.72833330","name":"Mukhatgverdi"},{"id":"848294","latitude":"41.58333330","longitude":"44.76166670","name":"Mukhat'i"},{"id":"848300","latitude":"41.93388890","longitude":"44.57666670","name":"Mukhrani"},{"id":"848301","latitude":"41.63944440","longitude":"44.81111110","name":"Mukhran-Teleti"},{"id":"848309","latitude":"42.41888890","longitude":"45.04722220","name":"Muk'o"},{"id":"848312","latitude":"41.93388890","longitude":"44.57666670","name":"Mulkrani"},{"id":"848329","latitude":"42.60388890","longitude":"45.20638890","name":"Muts'o"},{"id":"848337","latitude":"41.84388890","longitude":"44.71638890","name":"Mzcheta"},{"id":"848342","latitude":"42.36388890","longitude":"44.84166670","name":"Mziskana"},{"id":"848364","latitude":"41.90527780","longitude":"44.81638890","name":"Nadaraantkari"},{"id":"848371","latitude":"42.41416670","longitude":"44.60888890","name":"Nadibaani"},{"id":"848372","latitude":"42.41416670","longitude":"44.60888890","name":"Nadibaant-Kari"},{"id":"848392","latitude":"42.41861110","longitude":"44.58861110","name":"Naghorevi"},{"id":"848393","latitude":"41.34944440","longitude":"44.75638890","name":"Naghvarevi"},{"id":"848394","latitude":"42.05000000","longitude":"44.71666670","name":"Nagliantkari"},{"id":"848399","latitude":"42.41861110","longitude":"44.58861110","name":"Nagorevi"},{"id":"848415","latitude":"42.41777780","longitude":"45.09333330","name":"(( Nakalesavi ))"},{"id":"848450","latitude":"42.15000000","longitude":"44.61861110","name":"(( Namgalauri ))"},{"id":"848468","latitude":"41.98138890","longitude":"44.74166670","name":"Naoza"},{"id":"848489","latitude":"41.91888890","longitude":"44.72916670","name":"Natakhtari"},{"id":"848493","latitude":"42.33222220","longitude":"44.64166670","name":"(( Natobiani ))"},{"id":"848509","latitude":"41.98138890","longitude":"44.74166670","name":"Navazi"},{"id":"848510","latitude":"41.90527780","longitude":"44.81638890","name":"Navdaraantkari"},{"id":"848512","latitude":"42.39694440","longitude":"44.45722220","name":"Navikhevi"},{"id":"848513","latitude":"42.39694440","longitude":"44.45722220","name":"Naviskhevi"},{"id":"848523","latitude":"42.18194440","longitude":"44.78777780","name":"Nedzikhi"},{"id":"848524","latitude":"42.18194440","longitude":"44.78777780","name":"Nedzikh"},{"id":"848537","latitude":"41.81944440","longitude":"44.52583330","name":"Nichbisi"},{"id":"848582","latitude":"41.70861110","longitude":"44.57083330","name":"Nizhniya Tskrulefi"},{"id":"848596","latitude":"42.43333330","longitude":"44.48333330","name":"(( Nizhniye Ganisi ))"},{"id":"848605","latitude":"42.22972220","longitude":"44.75888890","name":"Nizhniye Khorkhi"},{"id":"848614","latitude":"42.42833330","longitude":"44.50944440","name":"Nizhniye Mleti"},{"id":"848616","latitude":"42.24333330","longitude":"44.90083330","name":"Nizhniye Sharokhevi"},{"id":"848619","latitude":"41.64472220","longitude":"44.85805560","name":"Nizhniye Teleti"},{"id":"848625","latitude":"42.21416670","longitude":"44.82972220","name":"Nizhniye Tvalivi"},{"id":"848626","latitude":"42.55750000","longitude":"44.52194440","name":"Nizhniye Ukhati"},{"id":"848630","latitude":"41.37666670","longitude":"44.89444440","name":"Nizhniy Kullar"},{"id":"848634","latitude":"41.70277780","longitude":"44.93138890","name":"(( Nizhnyaya Alekseyevka ))"},{"id":"848655","latitude":"42.04916670","longitude":"44.86388890","name":"Nodzha"},{"id":"848656","latitude":"42.04333330","longitude":"44.85027780","name":"Nodzhiketi"},{"id":"848673","latitude":"41.79500000","longitude":"44.97555560","name":"Norio"},{"id":"848680","latitude":"41.70277780","longitude":"44.93138890","name":"Novo-Alekseyevka"},{"id":"848693","latitude":"42.21416670","longitude":"44.82972220","name":"Novyye Tvalivi"},{"id":"848736","latitude":"42.51027780","longitude":"44.89250000","name":"Okherkhevi"},{"id":"848738","latitude":"42.39305560","longitude":"44.51166670","name":"Okhiri"},{"id":"848739","latitude":"42.39305560","longitude":"44.51166670","name":"Okhnri"},{"id":"848750","latitude":"41.68333330","longitude":"44.76666670","name":"(( Okrokana ))"},{"id":"848756","latitude":"42.12888890","longitude":"44.65944440","name":"Okruvani"},{"id":"848805","latitude":"42.56861110","longitude":"44.95888890","name":"Orbeulta"},{"id":"848812","latitude":"41.42138890","longitude":"44.82166670","name":"Ordzhonikidze"},{"id":"848821","latitude":"41.42138890","longitude":"44.82166670","name":"Orjonikidze"},{"id":"848848","latitude":"42.03333330","longitude":"44.80000000","name":"Osebi-Akhali"},{"id":"848849","latitude":"42.01805560","longitude":"44.82111110","name":"Osebi-Dzveli"},{"id":"848887","latitude":"41.37277780","longitude":"44.64194440","name":"P'akhralo"},{"id":"848889","latitude":"42.44027780","longitude":"44.78250000","name":"Pakhvdzhi"},{"id":"848890","latitude":"42.44027780","longitude":"44.78250000","name":"Pakhvidzha"},{"id":"848891","latitude":"42.44027780","longitude":"44.78250000","name":"Pakhvidzhi"},{"id":"848892","latitude":"42.44027780","longitude":"44.78250000","name":"P'akhviji"},{"id":"848896","latitude":"42.47972220","longitude":"44.46361110","name":"Palagkau"},{"id":"848897","latitude":"42.47972220","longitude":"44.46361110","name":"P'alagqau"},{"id":"848908","latitude":"42.63444440","longitude":"44.61750000","name":"Pancheti"},{"id":"848910","latitude":"42.63444440","longitude":"44.61750000","name":"P'anshet'i"},{"id":"848913","latitude":"41.65416670","longitude":"44.59944440","name":"Pantiani"},{"id":"848918","latitude":"42.33027780","longitude":"45.14444440","name":"(( Papari ))"},{"id":"848928","latitude":"41.58083330","longitude":"44.56750000","name":"Parikhisiya"},{"id":"848937","latitude":"41.58083330","longitude":"44.56750000","name":"Partskhisi"},{"id":"848940","latitude":"42.34916670","longitude":"44.69055560","name":"P'asanauri"},{"id":"848941","latitude":"42.34916670","longitude":"44.69055560","name":"Pasanaur"},{"id":"848942","latitude":"42.35055560","longitude":"44.70805560","name":"Pasanuri"},{"id":"848944","latitude":"42.34916670","longitude":"44.69055560","name":"Passanauri"},{"id":"848946","latitude":"41.42638890","longitude":"44.72861110","name":"Patara-Akhmedlo"},{"id":"848949","latitude":"41.41666670","longitude":"44.81666670","name":"Patara-Beglari"},{"id":"848956","latitude":"41.52805560","longitude":"44.71861110","name":"Patara-Durnaki"},{"id":"848957","latitude":"41.52805560","longitude":"44.71861110","name":"Patara-Durnuki"},{"id":"848959","latitude":"41.60583330","longitude":"44.63333330","name":"Patara-Enageti"},{"id":"848975","latitude":"41.91250000","longitude":"44.58500000","name":"Patara Kanda"},{"id":"848987","latitude":"41.74250000","longitude":"44.90777780","name":"Patara Lilo"},{"id":"848990","latitude":"41.47222220","longitude":"44.73805560","name":"Patara-Muganlo"},{"id":"848996","latitude":"41.52805560","longitude":"44.71861110","name":"Patara"},{"id":"849016","latitude":"42.37361110","longitude":"44.71166670","name":"(( Patashuri ))"},{"id":"849022","latitude":"42.20277780","longitude":"44.68277780","name":"Pavleuri"},{"id":"849023","latitude":"42.37333330","longitude":"44.48194440","name":"Pavliaki"},{"id":"849024","latitude":"42.37333330","longitude":"44.48194440","name":"Pavliani"},{"id":"849025","latitude":"42.37333330","longitude":"44.48194440","name":"Pavliantkari"},{"id":"849038","latitude":"42.08722220","longitude":"44.55694440","name":"Petriani"},{"id":"849039","latitude":"42.42166670","longitude":"44.60666670","name":"(( Petriani ))"},{"id":"849048","latitude":"42.05861110","longitude":"44.86638890","name":"Pichviaki"},{"id":"849050","latitude":"42.05861110","longitude":"44.86638890","name":"Pichviani"},{"id":"849062","latitude":"42.07388890","longitude":"44.68250000","name":"Pirmisaani"},{"id":"849063","latitude":"42.07388890","longitude":"44.68250000","name":"Pirmisaant Kari"},{"id":"849074","latitude":"41.40000000","longitude":"45.03333330","name":"Pirveli-Kesalo"},{"id":"849098","latitude":"42.15555560","longitude":"44.72805560","name":"Pitavi"},{"id":"849106","latitude":"42.60027780","longitude":"44.56361110","name":"Pkhelsha"},{"id":"849107","latitude":"42.60027780","longitude":"44.56361110","name":"P'khelshe"},{"id":"849111","latitude":"42.14888890","longitude":"44.70722220","name":"Pkhundavi"},{"id":"849134","latitude":"41.63833330","longitude":"44.92222220","name":"P'onichala"},{"id":"849137","latitude":"41.66972220","longitude":"44.91833330","name":"Pos\u00eblok Khramzavodstroya"},{"id":"849146","latitude":"41.97527780","longitude":"44.69000000","name":"Prezeti"},{"id":"849148","latitude":"42.12472220","longitude":"44.70277780","name":"Pridonaantkari"},{"id":"849163","latitude":"42.05416670","longitude":"44.76444440","name":"Pshavlebi"},{"id":"849178","latitude":"42.14694440","longitude":"44.83888890","name":"Pudznari"},{"id":"849186","latitude":"41.34361110","longitude":"44.91777780","name":"Qach'aghani"},{"id":"849190","latitude":"41.62027780","longitude":"44.96472220","name":"Qarajalari"},{"id":"849192","latitude":"41.60166670","longitude":"44.97250000","name":"Qarat'aghla"},{"id":"849194","latitude":"42.65666670","longitude":"44.64333330","name":"Qazbegi"},{"id":"849197","latitude":"41.47416670","longitude":"44.77250000","name":"Qizilajalo"},{"id":"849211","latitude":"42.10194440","longitude":"44.71972220","name":"Qvavili"},{"id":"849214","latitude":"42.42305560","longitude":"44.59944440","name":"Qvelani"},{"id":"849241","latitude":"42.28833330","longitude":"44.53000000","name":"Revaziantkari"},{"id":"849268","latitude":"42.54472220","longitude":"44.89888890","name":"Roshka"},{"id":"849269","latitude":"42.45611110","longitude":"44.53027780","name":"Rostiani"},{"id":"849281","latitude":"41.54527780","longitude":"45.01361110","name":"Rust'avi"},{"id":"849297","latitude":"42.50527780","longitude":"44.84805560","name":"(( Sabertse ))"},{"id":"849300","latitude":"41.44138890","longitude":"44.86500000","name":"Sabirk'endi"},{"id":"849305","latitude":"41.44138890","longitude":"44.86500000","name":"Sabriakend"},{"id":"849310","latitude":"41.71666670","longitude":"44.75000000","name":"(( Saburtalo ))"},{"id":"849319","latitude":"42.45277780","longitude":"44.80472220","name":"Sachali-Chala"},{"id":"849320","latitude":"42.45277780","longitude":"44.80472220","name":"Sach'alischala"},{"id":"849333","latitude":"41.23888890","longitude":"44.78777780","name":"Sadakhlo"},{"id":"849351","latitude":"41.87888890","longitude":"44.57361110","name":"Sagadagiano"},{"id":"849355","latitude":"41.63833330","longitude":"44.92222220","name":"Saganlug"},{"id":"849356","latitude":"41.58166670","longitude":"44.57972220","name":"Sagarasheni"},{"id":"849362","latitude":"41.58166670","longitude":"44.57972220","name":"Saghrasheni"},{"id":"849367","latitude":"41.58166670","longitude":"44.57972220","name":"Sagirasheni"},{"id":"849374","latitude":"41.90055560","longitude":"44.76333330","name":"Saguramo"},{"id":"849386","latitude":"41.87888890","longitude":"44.57361110","name":"Sak'adagiano"},{"id":"849408","latitude":"42.30666670","longitude":"44.75083330","name":"Sakere"},{"id":"849409","latitude":"42.47888890","longitude":"44.80083330","name":"Sakerpe"},{"id":"849410","latitude":"42.47888890","longitude":"44.80083330","name":"Sakerpo"},{"id":"849432","latitude":"42.46805560","longitude":"44.72111110","name":"Sakore"},{"id":"849436","latitude":"42.00638890","longitude":"44.72444440","name":"Sakramulo-Dzveli"},{"id":"849437","latitude":"42.01416670","longitude":"44.70333330","name":"Sakramulo"},{"id":"849452","latitude":"42.41694440","longitude":"44.62277780","name":"Saladzhuri"},{"id":"849453","latitude":"42.41694440","longitude":"44.62277780","name":"Salajuri"},{"id":"849458","latitude":"42.11222220","longitude":"44.53666670","name":"Salbieri"},{"id":"849459","latitude":"42.11222220","longitude":"44.53666670","name":"Salbiyeri"},{"id":"849479","latitude":"41.68444440","longitude":"44.99666670","name":"(( Samgori ))"},{"id":"849480","latitude":"41.72194440","longitude":"44.96222220","name":"Samgorskiy Uchastok Pervyy"},{"id":"849529","latitude":"41.38333330","longitude":"44.71694440","name":"Sarach'lo"},{"id":"849532","latitude":"41.34222220","longitude":"44.82416670","name":"Saral'"},{"id":"849535","latitude":"42.11222220","longitude":"44.53666670","name":"Sarbiyeli"},{"id":"849550","latitude":"42.24416670","longitude":"44.81944440","name":"Sar"},{"id":"849556","latitude":"41.46361110","longitude":"44.81083330","name":"Sarvan"},{"id":"849557","latitude":"41.46361110","longitude":"44.81083330","name":"Sarwan"},{"id":"849560","latitude":"42.03333330","longitude":"44.71666670","name":"Sashaburo"},{"id":"849562","latitude":"42.24972220","longitude":"44.90972220","name":"Sashavardne"},{"id":"849563","latitude":"42.24972220","longitude":"44.90972220","name":"Sashevardne"},{"id":"849564","latitude":"42.24972220","longitude":"44.90972220","name":"Sashevardno"},{"id":"849572","latitude":"41.83805560","longitude":"44.55777780","name":"Saskhori"},{"id":"849585","latitude":"41.80277780","longitude":"44.56222220","name":"Satovle"},{"id":"849592","latitude":"42.08333330","longitude":"44.80000000","name":"Satskhavatlo"},{"id":"849603","latitude":"41.34944440","longitude":"44.75638890","name":"Saulaveri"},{"id":"849610","latitude":"41.34944440","longitude":"44.75638890","name":"Schaumjani"},{"id":"849613","latitude":"41.35000000","longitude":"44.85000000","name":"Seidkhodzhalo"},{"id":"849620","latitude":"42.42750000","longitude":"44.57083330","name":"Sep'e"},{"id":"849633","latitude":"42.45000000","longitude":"44.50000000","name":"Set'urni"},{"id":"849634","latitude":"42.45000000","longitude":"44.50000000","name":"Seturt-Kari"},{"id":"849636","latitude":"41.35000000","longitude":"44.85000000","name":"Seydkhodzhalo"},{"id":"849653","latitude":"42.28388890","longitude":"44.54083330","name":"Shaliantkari"},{"id":"849654","latitude":"42.14888890","longitude":"44.69805560","name":"Shalikaant-Kari"},{"id":"849655","latitude":"42.14888890","longitude":"44.69805560","name":"Shalikiantkari"},{"id":"849659","latitude":"41.88666670","longitude":"44.80416670","name":"Shamkevani"},{"id":"849661","latitude":"41.88666670","longitude":"44.80416670","name":"Shankevani"},{"id":"849665","latitude":"42.27305560","longitude":"44.93416670","name":"Sharakhevi"},{"id":"849668","latitude":"42.27305560","longitude":"44.93416670","name":"Sharokhevi"},{"id":"849669","latitude":"42.45277780","longitude":"44.52250000","name":"Sharumiani"},{"id":"849673","latitude":"42.09111110","longitude":"44.86972220","name":"Shashukant-Kari"},{"id":"849674","latitude":"42.65833330","longitude":"45.16000000","name":"Shatila"},{"id":"849675","latitude":"42.65833330","longitude":"45.16000000","name":"Shatili"},{"id":"849676","latitude":"41.34944440","longitude":"44.75638890","name":"Shaumiani"},{"id":"849677","latitude":"41.34944440","longitude":"44.75638890","name":"Shaumyani"},{"id":"849686","latitude":"41.56111110","longitude":"44.66916670","name":"Shavsakdari"},{"id":"849717","latitude":"41.66500000","longitude":"44.76861110","name":"Shindisi"},{"id":"849725","latitude":"42.34277780","longitude":"44.53722220","name":"Shiukaani"},{"id":"849742","latitude":"42.46305560","longitude":"44.55722220","name":"Shoncho"},{"id":"849775","latitude":"42.02888890","longitude":"44.56194440","name":"Shuakhevi"},{"id":"849790","latitude":"42.41611110","longitude":"45.00027780","name":"Shuap'kho"},{"id":"849811","latitude":"41.34944440","longitude":"44.75638890","name":"Shulaveri"},{"id":"849813","latitude":"41.36333330","longitude":"44.82944440","name":"Shulaver"},{"id":"849814","latitude":"41.34944440","longitude":"44.75638890","name":"Shulavery"},{"id":"849817","latitude":"41.82777780","longitude":"44.96916670","name":"(( Shvindadze ))"},{"id":"849818","latitude":"42.45000000","longitude":"44.53222220","name":"Sianami"},{"id":"849821","latitude":"42.46083330","longitude":"44.79972220","name":"Sidzhanaani"},{"id":"849822","latitude":"42.46083330","longitude":"44.79972220","name":"Sidzhanani"},{"id":"849827","latitude":"42.46083330","longitude":"44.79972220","name":"Sijanaani"},{"id":"849844","latitude":"42.60722220","longitude":"44.58527780","name":"Sioni"},{"id":"849852","latitude":"42.01833330","longitude":"44.66888890","name":"Sisaurebi"},{"id":"849853","latitude":"41.48388890","longitude":"44.62250000","name":"Siskala"},{"id":"849854","latitude":"41.48388890","longitude":"44.62250000","name":"Siskhla"},{"id":"849860","latitude":"41.86500000","longitude":"44.66611110","name":"Skhaltba"},{"id":"849868","latitude":"42.23333330","longitude":"44.88333330","name":"Skhlovani"},{"id":"849884","latitude":"42.60722220","longitude":"44.63888890","name":"Sno"},{"id":"849888","latitude":"42.31361110","longitude":"44.62333330","name":"Sodeve"},{"id":"849889","latitude":"42.31361110","longitude":"44.62333330","name":"Sodevi"},{"id":"849890","latitude":"41.63833330","longitude":"44.92222220","name":"Soganlugi"},{"id":"849891","latitude":"41.63833330","longitude":"44.92222220","name":"Soganlug"},{"id":"849892","latitude":"41.63833330","longitude":"44.92222220","name":"Soghanlughi"},{"id":"849894","latitude":"42.30388890","longitude":"44.55277780","name":"Sokhta"},{"id":"849899","latitude":"42.46305560","longitude":"44.55722220","name":"Soncho"},{"id":"849900","latitude":"42.25388890","longitude":"44.65888890","name":"Sonda"},{"id":"849901","latitude":"42.19361110","longitude":"44.75638890","name":"Sondisvela"},{"id":"849902","latitude":"42.19361110","longitude":"44.75638890","name":"Sondis-Veli"},{"id":"849903","latitude":"42.19361110","longitude":"44.75638890","name":"Sondiyevela"},{"id":"849913","latitude":"41.61083330","longitude":"44.90166670","name":"Sovkhoz Krtsanisi"},{"id":"849914","latitude":"41.70972220","longitude":"44.90111110","name":"Sovkhoz Varketili"},{"id":"849939","latitude":"42.21250000","longitude":"44.80972220","name":"Stsropavi"},{"id":"849958","latitude":"42.29250000","longitude":"44.71638890","name":"Suotnani"},{"id":"849968","latitude":"42.45611110","longitude":"44.53027780","name":"Svianani"},{"id":"849969","latitude":"42.45611110","longitude":"44.53027780","name":"Sviana-Rostiani"},{"id":"849982","latitude":"41.65305560","longitude":"44.75805560","name":"Tabakhmela"},{"id":"849985","latitude":"41.76361110","longitude":"44.58222220","name":"Tabaruki"},{"id":"849998","latitude":"42.30388890","longitude":"44.55277780","name":"Takhta"},{"id":"850002","latitude":"41.35472220","longitude":"44.95527780","name":"Takyalo"},{"id":"850013","latitude":"41.43305560","longitude":"44.74333330","name":"T'amarisi"},{"id":"850022","latitude":"42.14583330","longitude":"44.65111110","name":"(( Tandilaantkari ))"},{"id":"850026","latitude":"42.09750000","longitude":"44.70305560","name":"Taniantkari"},{"id":"850031","latitude":"41.60166670","longitude":"44.97250000","name":"Tara-Taklya"},{"id":"850040","latitude":"41.44722220","longitude":"44.67333330","name":"Tashtikulari"},{"id":"850041","latitude":"41.44722220","longitude":"44.67333330","name":"Tashti-Kullar"},{"id":"850044","latitude":"41.48500000","longitude":"45.05972220","name":"Tat'yanovka"},{"id":"850051","latitude":"41.21666670","longitude":"44.85000000","name":"Tazakendi"},{"id":"850052","latitude":"41.50611110","longitude":"45.04916670","name":"T'azak'endi"},{"id":"850053","latitude":"41.50611110","longitude":"45.04916670","name":"Tazakend"},{"id":"850055","latitude":"41.50611110","longitude":"45.04916670","name":"Tazavendi"},{"id":"850062","latitude":"41.72500000","longitude":"44.79083330","name":"Tbilisi"},{"id":"850063","latitude":"41.72500000","longitude":"44.79083330","name":"T'bilisi"},{"id":"850064","latitude":"41.72500000","longitude":"44.79083330","name":"Tbilsi"},{"id":"850067","latitude":"41.72500000","longitude":"44.79083330","name":"Tblisi"},{"id":"850080","latitude":"41.35472220","longitude":"44.95527780","name":"T'ek'ali"},{"id":"850097","latitude":"41.64083330","longitude":"44.82277780","name":"Teleti"},{"id":"850102","latitude":"41.80222220","longitude":"44.68166670","name":"Telovani"},{"id":"850116","latitude":"41.70277780","longitude":"44.93638890","name":"Tetrikhevges"},{"id":"850130","latitude":"41.72500000","longitude":"44.79083330","name":"Tiflis"},{"id":"850136","latitude":"42.52500000","longitude":"44.96805560","name":"Til'chkhe"},{"id":"850138","latitude":"42.37333330","longitude":"44.47666670","name":"T'inikaani"},{"id":"850139","latitude":"42.37333330","longitude":"44.47666670","name":"Tinikaant-Kari"},{"id":"850155","latitude":"42.61305560","longitude":"44.57833330","name":"Tkarsheti"},{"id":"850171","latitude":"42.42000000","longitude":"44.97444440","name":"T'khiliana"},{"id":"850174","latitude":"42.10333330","longitude":"44.58194440","name":"Tkhilovani"},{"id":"850181","latitude":"41.74416670","longitude":"44.68972220","name":"Tkhinvali"},{"id":"850218","latitude":"42.42250000","longitude":"44.62000000","name":"Tognauri"},{"id":"850226","latitude":"42.30388890","longitude":"44.55277780","name":"T'okht'a"},{"id":"850239","latitude":"42.12888890","longitude":"44.58750000","name":"Toncha"},{"id":"850245","latitude":"42.41444440","longitude":"44.75777780","name":"T'orelaani"},{"id":"850246","latitude":"42.41444440","longitude":"44.75777780","name":"Torelaani"},{"id":"850247","latitude":"42.41444440","longitude":"44.75777780","name":"Torelani"},{"id":"850256","latitude":"42.62777780","longitude":"44.59222220","name":"Toti"},{"id":"850259","latitude":"42.46222220","longitude":"44.79500000","name":"Totsaurni"},{"id":"850265","latitude":"41.72500000","longitude":"44.79083330","name":"Tpilisi"},{"id":"850275","latitude":"41.43305560","longitude":"44.74333330","name":"Traubenbergi"},{"id":"850276","latitude":"41.48333330","longitude":"45.06666670","name":"Traubenstal'"},{"id":"850277","latitude":"41.48333330","longitude":"45.06666670","name":"Traubental'"},{"id":"850284","latitude":"42.42694440","longitude":"45.00805560","name":"Tsabaurta"},{"id":"850312","latitude":"41.63055560","longitude":"44.81916670","name":"Tsalaskuri"},{"id":"850313","latitude":"41.63055560","longitude":"44.81916670","name":"Tsalasquri"},{"id":"850341","latitude":"41.67000000","longitude":"44.73888890","name":"Tsavkisi"},{"id":"850345","latitude":"42.69222220","longitude":"44.63277780","name":"Tsdo"},{"id":"850357","latitude":"41.43527780","longitude":"44.81777780","name":"Tseret'eli"},{"id":"850360","latitude":"41.86666670","longitude":"44.67527780","name":"Tserovani"},{"id":"850372","latitude":"42.39250000","longitude":"44.68777780","name":"Tsifori"},{"id":"850373","latitude":"42.23583330","longitude":"44.82083330","name":"Tsifrani"},{"id":"850375","latitude":"42.10722220","longitude":"44.56166670","name":"Tsigriantkari"},{"id":"850376","latitude":"41.99277780","longitude":"44.64805560","name":"Tsikhebdavi"},{"id":"850378","latitude":"41.99277780","longitude":"44.64805560","name":"Tsikhevdavi"},{"id":"850379","latitude":"42.45138890","longitude":"44.52611110","name":"Ts'ikhiani"},{"id":"850385","latitude":"41.88527780","longitude":"44.58166670","name":"Tsikhisdziri"},{"id":"850387","latitude":"42.27083330","longitude":"44.59833330","name":"Ts'ikhisop'eli"},{"id":"850389","latitude":"42.27083330","longitude":"44.59833330","name":"Tsikhissopeli"},{"id":"850390","latitude":"42.09083330","longitude":"44.56944440","name":"Ts'ikhisubani"},{"id":"850393","latitude":"42.70000000","longitude":"44.63333330","name":"(( Tsiklauri ))"},{"id":"850394","latitude":"42.14416670","longitude":"44.91666670","name":"Tsikvliant'kari"},{"id":"850395","latitude":"41.94666670","longitude":"44.66777780","name":"Tsilkani"},{"id":"850401","latitude":"41.91944440","longitude":"44.81444440","name":"Tsinamdzghvriant'kari"},{"id":"850402","latitude":"41.91944440","longitude":"44.81444440","name":"Tsinamdzgvariantkari"},{"id":"850403","latitude":"41.91944440","longitude":"44.81444440","name":"Tsinamdzgvriantkari"},{"id":"850404","latitude":"42.32861110","longitude":"44.64555560","name":"Tsinamkhari"},{"id":"850410","latitude":"42.57250000","longitude":"44.96277780","name":"Tsinkhadu"},{"id":"850411","latitude":"42.40222220","longitude":"44.65694440","name":"Tsinkobani"},{"id":"850416","latitude":"41.53805560","longitude":"44.61972220","name":"Tsintskaro"},{"id":"850418","latitude":"41.53805560","longitude":"44.61972220","name":"Tsintsqaro"},{"id":"850439","latitude":"42.39250000","longitude":"44.68777780","name":"Tsip'ori"},{"id":"850442","latitude":"42.23583330","longitude":"44.82083330","name":"Tsip'rani"},{"id":"850443","latitude":"42.35750000","longitude":"44.47166670","name":"Tsip't'auri"},{"id":"850458","latitude":"41.99805560","longitude":"44.75138890","name":"Tsit'elsop'eli"},{"id":"850460","latitude":"41.76777780","longitude":"44.90027780","name":"Tsitelubani"},{"id":"850464","latitude":"42.32805560","longitude":"44.67611110","name":"(( Tsitliani ))"},{"id":"850468","latitude":"41.85944440","longitude":"44.72750000","name":"Tsitsamura"},{"id":"850469","latitude":"41.85944440","longitude":"44.72750000","name":"Tsitsamuri"},{"id":"850496","latitude":"42.48055560","longitude":"44.53583330","name":"Tskere"},{"id":"850528","latitude":"41.69472220","longitude":"44.69861110","name":"Tskhneti"},{"id":"850547","latitude":"42.33333330","longitude":"44.70777780","name":"Tskhvediani"},{"id":"850548","latitude":"42.33333330","longitude":"44.70777780","name":"Ts'khvediet'i"},{"id":"850549","latitude":"42.33333330","longitude":"44.70777780","name":"Tskhvediyeti"},{"id":"850553","latitude":"41.69472220","longitude":"44.69861110","name":"Tskneti"},{"id":"850571","latitude":"41.75944440","longitude":"44.65305560","name":"Tsodoreti"},{"id":"850594","latitude":"41.69472220","longitude":"44.69861110","name":"Tsqnet'i"},{"id":"850610","latitude":"42.43750000","longitude":"44.73388890","name":"(( Tsutskunauri ))"},{"id":"850633","latitude":"42.20055560","longitude":"44.84361110","name":"Tvalivi"},{"id":"850648","latitude":"42.20000000","longitude":"44.78333330","name":"Ubani"},{"id":"850663","latitude":"42.43416670","longitude":"44.96861110","name":"Udzilaurt'a"},{"id":"850671","latitude":"42.48611110","longitude":"44.86777780","name":"Ukanakho"},{"id":"850672","latitude":"42.33222220","longitude":"44.61694440","name":"Ukanamkhari"},{"id":"850673","latitude":"42.40555560","longitude":"45.12972220","name":"Ukanap'shavi"},{"id":"850674","latitude":"42.35527780","longitude":"44.57555560","name":"Ukanaubani"},{"id":"850679","latitude":"42.57166670","longitude":"44.98833330","name":"Ukankhadu"},{"id":"850681","latitude":"42.35527780","longitude":"44.57555560","name":"Ukanubani"},{"id":"850683","latitude":"42.55750000","longitude":"44.52194440","name":"Ukhat'i"},{"id":"850686","latitude":"41.31666670","longitude":"44.88333330","name":"Ulashlo"},{"id":"850698","latitude":"42.05583330","longitude":"44.66861110","name":"Undilaantkari"},{"id":"850701","latitude":"41.98277780","longitude":"44.68277780","name":"Upureti"},{"id":"850702","latitude":"42.15972220","longitude":"44.58777780","name":"(( Upureti ))"},{"id":"850711","latitude":"42.47972220","longitude":"44.46361110","name":"Urmiskhet'i"},{"id":"850712","latitude":"42.47444440","longitude":"44.45750000","name":"(( Urmi ))"},{"id":"850725","latitude":"42.44277780","longitude":"44.56277780","name":"Usharni"},{"id":"850756","latitude":"42.01083330","longitude":"44.78500000","name":"(( Vakistsikhe ))"},{"id":"850779","latitude":"42.37694440","longitude":"44.97750000","name":"Vankhevi"},{"id":"850789","latitude":"42.60083330","longitude":"44.58416670","name":"Vardisubani"},{"id":"850803","latitude":"41.70972220","longitude":"44.90111110","name":"Varketili"},{"id":"850809","latitude":"42.05000000","longitude":"44.71666670","name":"Varsimaani"},{"id":"850810","latitude":"42.05000000","longitude":"44.71666670","name":"Varsimaant-Kari"},{"id":"850812","latitude":"42.11027780","longitude":"44.84805560","name":"Vartsla"},{"id":"850815","latitude":"41.75388890","longitude":"44.76888890","name":"Vashladzhvari"},{"id":"850816","latitude":"41.61972220","longitude":"44.74361110","name":"Vashlavani"},{"id":"850819","latitude":"42.29250000","longitude":"44.73000000","name":"Vashlobi"},{"id":"850822","latitude":"41.61972220","longitude":"44.74361110","name":"Vashlovani"},{"id":"850827","latitude":"41.96638890","longitude":"44.57055560","name":"Vaziani"},{"id":"850828","latitude":"41.71805560","longitude":"44.84388890","name":"Vazisubani"},{"id":"850833","latitude":"42.22527780","longitude":"44.85611110","name":"Vedrauli"},{"id":"850836","latitude":"42.13138890","longitude":"44.66638890","name":"Vedzatkhevi"},{"id":"850841","latitude":"41.77055560","longitude":"44.67138890","name":"Vedzisi"},{"id":"850854","latitude":"42.12055560","longitude":"44.67277780","name":"Veltaurtkari"},{"id":"850890","latitude":"42.25833330","longitude":"44.78444440","name":"Verkhniye Khorkhi"},{"id":"850899","latitude":"42.43138890","longitude":"44.49611110","name":"Verkhniye Mleti"},{"id":"850914","latitude":"41.38333330","longitude":"44.88333330","name":"Verkhniy Kullar"},{"id":"850946","latitude":"42.32833330","longitude":"44.63166670","name":"Veshagurni"},{"id":"850961","latitude":"42.05250000","longitude":"44.70916670","name":"Vodorna"},{"id":"850994","latitude":"41.59305560","longitude":"44.66722220","name":"Yelisavettal'"},{"id":"850997","latitude":"42.38527780","longitude":"44.48611110","name":"Yeloiani"},{"id":"851002","latitude":"41.35000000","longitude":"44.90000000","name":"Yenikendi"},{"id":"851003","latitude":"41.35000000","longitude":"44.90000000","name":"Yenikend"},{"id":"851006","latitude":"41.44138890","longitude":"44.88305560","name":"Yeor-Arkh"},{"id":"851024","latitude":"41.39944440","longitude":"44.81500000","name":"Ymir"},{"id":"851025","latitude":"41.31666670","longitude":"44.80000000","name":"Yukhary-Sarali"},{"id":"851034","latitude":"41.82444440","longitude":"44.75777780","name":"Zages"},{"id":"851036","latitude":"41.82444440","longitude":"44.75777780","name":"Zahesi"},{"id":"851037","latitude":"41.90916670","longitude":"44.82722220","name":"Zakaro"},{"id":"851038","latitude":"42.44111110","longitude":"44.52194440","name":"Zak'at'kari"},{"id":"851046","latitude":"42.40666670","longitude":"44.61916670","name":"(( Zamtreuli ))"},{"id":"851052","latitude":"42.42277780","longitude":"44.75055560","name":"Zanduki"},{"id":"851059","latitude":"42.12722220","longitude":"44.89694440","name":"Zaridzebi"},{"id":"851060","latitude":"42.12722220","longitude":"44.89694440","name":"Zaridzeebi"},{"id":"851061","latitude":"42.12722220","longitude":"44.89694440","name":"Zaridzeyebi"},{"id":"851159","latitude":"42.57388890","longitude":"44.94666670","name":"Zeistech'o"},{"id":"851175","latitude":"42.38833330","longitude":"44.65194440","name":"Zemo Amirni"},{"id":"851177","latitude":"41.81666670","longitude":"44.80000000","name":"Zemo-Avchala"},{"id":"851178","latitude":"41.81666670","longitude":"44.80000000","name":"Zemo-Avchalskaya"},{"id":"851179","latitude":"41.81666670","longitude":"44.80000000","name":"Zemo Avshala"},{"id":"851198","latitude":"42.41583330","longitude":"44.65583330","name":"Zemo Chiriki"},{"id":"851215","latitude":"42.21611110","longitude":"44.54611110","name":"Zemo-Gru"},{"id":"851222","latitude":"41.40777780","longitude":"45.03083330","name":"Zemo-Kapanakhchi"},{"id":"851236","latitude":"42.25833330","longitude":"44.78444440","name":"Zemo Khorkhi"},{"id":"851242","latitude":"42.01250000","longitude":"44.55861110","name":"Zemo-Kodistskaro"},{"id":"851243","latitude":"42.01250000","longitude":"44.55861110","name":"Zemo Kodistsqaro"},{"id":"851246","latitude":"41.41666670","longitude":"44.73333330","name":"Zemo-Koshakilisi"},{"id":"851252","latitude":"41.38333330","longitude":"44.88333330","name":"Zemo-Kulari"},{"id":"851261","latitude":"41.75333330","longitude":"44.66500000","name":"Zemo-Lisi"},{"id":"851270","latitude":"42.43138890","longitude":"44.49611110","name":"Zemo Mlet'a"},{"id":"851271","latitude":"42.43138890","longitude":"44.49611110","name":"Zemo-Mleti"},{"id":"851299","latitude":"41.31666670","longitude":"44.80000000","name":"Zemo-Sarali"},{"id":"851301","latitude":"42.27305560","longitude":"44.93416670","name":"Zemo Sharakhevi"},{"id":"851302","latitude":"42.02888890","longitude":"44.56194440","name":"Zemo Shuakhevi"},{"id":"851309","latitude":"41.64083330","longitude":"44.82277780","name":"Zemo-Teieti"},{"id":"851310","latitude":"41.64083330","longitude":"44.82277780","name":"Zemo T'elet'i"},{"id":"851318","latitude":"42.03611110","longitude":"44.80694440","name":"Zemo Ubani"},{"id":"851327","latitude":"42.20777780","longitude":"44.90611110","name":"Zenamkhari"},{"id":"851328","latitude":"42.26500000","longitude":"44.64694440","name":"Zenaubani"},{"id":"851334","latitude":"41.81666670","longitude":"44.80000000","name":"Zeno-Avchala"},{"id":"851337","latitude":"42.26500000","longitude":"44.64694440","name":"Zenubani"},{"id":"851338","latitude":"42.53972220","longitude":"44.96333330","name":"(( Zenubani ))"},{"id":"851366","latitude":"42.11583330","longitude":"44.76750000","name":"Zhinvali"},{"id":"851367","latitude":"42.11583330","longitude":"44.76750000","name":"Zhinvani"},{"id":"851370","latitude":"42.38777780","longitude":"44.68027780","name":"Zhizhoni"},{"id":"851371","latitude":"42.38777780","longitude":"44.68027780","name":"Zhizhoyani"},{"id":"851374","latitude":"42.38777780","longitude":"44.68027780","name":"Zhozhoni"},{"id":"851388","latitude":"42.29555560","longitude":"44.53305560","name":"Zodekhi"},{"id":"851393","latitude":"42.14805560","longitude":"44.69166670","name":"Zotikaantkari"},{"id":"851394","latitude":"42.14805560","longitude":"44.69166670","name":"Zotikiantkara"},{"id":"851395","latitude":"42.14805560","longitude":"44.69166670","name":"Zotikiantkari"}]