[{"id":"843951","latitude":"41.83916670","longitude":"42.02333330","name":"Achi"},{"id":"844008","latitude":"42.01472220","longitude":"41.98888890","name":"Agaraki"},{"id":"844122","latitude":"41.96666670","longitude":"41.98333330","name":"Akhalsopeli"},{"id":"844284","latitude":"41.90000000","longitude":"41.98333330","name":"Anaseuli"},{"id":"844285","latitude":"41.90000000","longitude":"41.98333330","name":"Anasouli"},{"id":"844537","latitude":"41.98361110","longitude":"41.97388890","name":"Bailet'i"},{"id":"844544","latitude":"41.92972220","longitude":"42.03583330","name":"Bakhvauri"},{"id":"844774","latitude":"42.00166670","longitude":"41.95527780","name":"Bogili"},{"id":"844783","latitude":"41.92972220","longitude":"42.03583330","name":"Bokhvauri"},{"id":"844972","latitude":"41.91666670","longitude":"42.06666670","name":"Chala"},{"id":"845010","latitude":"41.87861110","longitude":"41.98361110","name":"Chaniet'i"},{"id":"845011","latitude":"41.87861110","longitude":"41.98361110","name":"Chaniyeti"},{"id":"845012","latitude":"41.96666670","longitude":"41.93333330","name":"Chaniyeturi"},{"id":"845572","latitude":"41.93916670","longitude":"42.05750000","name":"Dvabzu"},{"id":"845692","latitude":"42.01861110","longitude":"41.98444440","name":"Dzhumati"},{"id":"845717","latitude":"42.01833330","longitude":"41.97861110","name":"Dzir-Dzhumati"},{"id":"845718","latitude":"42.01833330","longitude":"41.97861110","name":"Dziridzhumati"},{"id":"845771","latitude":"41.91666670","longitude":"42.00000000","name":"Ekadia"},{"id":"845772","latitude":"41.91666670","longitude":"42.00000000","name":"Ekadiya"},{"id":"846059","latitude":"41.88333330","longitude":"42.05000000","name":"Gogiyeti"},{"id":"846070","latitude":"41.90000000","longitude":"41.98333330","name":"Gogoreti"},{"id":"846094","latitude":"41.90138890","longitude":"42.11611110","name":"Gomi"},{"id":"846102","latitude":"41.91666670","longitude":"42.06666670","name":"Gonebiskari"},{"id":"846167","latitude":"42.03694440","longitude":"41.73916670","name":"Grigoleti"},{"id":"846272","latitude":"41.94722220","longitude":"41.96194440","name":"Guriant'a"},{"id":"846339","latitude":"42.00500000","longitude":"41.92861110","name":"Ianeti"},{"id":"846374","latitude":"41.90000000","longitude":"41.90000000","name":"Imeni Kirova"},{"id":"846472","latitude":"42.01861110","longitude":"41.98444440","name":"Jumat'i"},{"id":"846513","latitude":"41.93333330","longitude":"41.98333330","name":"Kakhuri"},{"id":"846909","latitude":"41.98333330","longitude":"41.83333330","name":"Khrialeti"},{"id":"846946","latitude":"41.95000000","longitude":"41.93333330","name":"Khvarbeti"},{"id":"847130","latitude":"41.97277780","longitude":"41.89277780","name":"Konchkati"},{"id":"847224","latitude":"42.00000000","longitude":"41.76666670","name":"Kuchkisabano"},{"id":"847294","latitude":"41.88333330","longitude":"42.01666670","name":"Kvachalati"},{"id":"847356","latitude":"42.00916670","longitude":"42.06166670","name":"K'veda Dzimit'i"},{"id":"847515","latitude":"41.90972220","longitude":"42.02111110","name":"K'vemo Makvanet'i"},{"id":"847527","latitude":"41.92611110","longitude":"41.80611110","name":"K'vemo Natanebi"},{"id":"847595","latitude":"41.91666670","longitude":"42.01666670","name":"Kviriketi"},{"id":"847629","latitude":"41.91055560","longitude":"41.91222220","name":"Lait'uri"},{"id":"847696","latitude":"41.91055560","longitude":"41.91222220","name":"Layturi"},{"id":"847805","latitude":"41.88611110","longitude":"42.02166670","name":"Likhauri"},{"id":"847849","latitude":"41.92138890","longitude":"42.00277780","name":"Macharadse"},{"id":"847890","latitude":"41.92138890","longitude":"42.00277780","name":"Makharadze"},{"id":"847911","latitude":"41.89722220","longitude":"42.04888890","name":"Makvaneti"},{"id":"847920","latitude":"42.05916670","longitude":"41.72638890","name":"Maltakva"},{"id":"847985","latitude":"41.94555560","longitude":"41.88277780","name":"Maria"},{"id":"848109","latitude":"41.94555560","longitude":"41.88277780","name":"Meria"},{"id":"848391","latitude":"41.94416670","longitude":"41.87166670","name":"Naghobilevi"},{"id":"848395","latitude":"41.94416670","longitude":"41.87166670","name":"Nagobilevi"},{"id":"848460","latitude":"42.00500000","longitude":"41.92861110","name":"Naneti"},{"id":"848482","latitude":"41.90527780","longitude":"41.93416670","name":"Naruja"},{"id":"848490","latitude":"41.92611110","longitude":"41.80611110","name":"Natanebi"},{"id":"848535","latitude":"41.87527780","longitude":"42.02750000","name":"Niabauri"},{"id":"848613","latitude":"41.90972220","longitude":"42.02111110","name":"Nizhniye Makvaneti"},{"id":"848677","latitude":"41.92611110","longitude":"41.80611110","name":"Notanebi"},{"id":"848690","latitude":"42.01833330","longitude":"41.76083330","name":"Novyye Grigoleti"},{"id":"848695","latitude":"42.01833330","longitude":"41.76083330","name":"Nov'yy Grigoleti"},{"id":"848781","latitude":"42.01805560","longitude":"41.80083330","name":"Ompareti"},{"id":"848881","latitude":"41.92138890","longitude":"42.00277780","name":"Ozurget'i"},{"id":"848882","latitude":"41.92138890","longitude":"42.00277780","name":"Ozurgety"},{"id":"849701","latitude":"41.91250000","longitude":"42.09250000","name":"Shemok'medi"},{"id":"849715","latitude":"41.91250000","longitude":"42.09250000","name":"Shimokmedi"},{"id":"849751","latitude":"41.99055560","longitude":"41.86333330","name":"Shroma"},{"id":"849830","latitude":"41.99888890","longitude":"42.00138890","name":"Silauri"},{"id":"850183","latitude":"41.96666670","longitude":"41.87388890","name":"T'khinvali"},{"id":"850388","latitude":"41.95000000","longitude":"41.95000000","name":"Tsikhisperdi"},{"id":"850456","latitude":"41.91666670","longitude":"42.06666670","name":"Tsitelmta"},{"id":"850482","latitude":"42.02111110","longitude":"41.77694440","name":"Tskaliminda"},{"id":"850488","latitude":"42.02111110","longitude":"41.77694440","name":"Tskaltsminda"},{"id":"850590","latitude":"42.02111110","longitude":"41.77694440","name":"Tsqaltsminda"},{"id":"850708","latitude":"41.98861110","longitude":"41.76333330","name":"Ureki"},{"id":"850746","latitude":"41.98333330","longitude":"41.85000000","name":"Vake"},{"id":"850824","latitude":"41.88333330","longitude":"41.98333330","name":"Vashtiali"},{"id":"850901","latitude":"41.96916670","longitude":"41.83611110","name":"Verkhniye Natanebi"},{"id":"851087","latitude":"42.00416670","longitude":"42.08638890","name":"Zeda Dzimit'i"},{"id":"851132","latitude":"41.91666670","longitude":"42.08333330","name":"Zeda-Uchkhubi"},{"id":"851145","latitude":"41.98333330","longitude":"41.88333330","name":"Zedubani"},{"id":"851268","latitude":"41.89722220","longitude":"42.04888890","name":"Zemo Makvanet'i"},{"id":"851279","latitude":"41.96916670","longitude":"41.83611110","name":"Zemo Natanebi"}]