[{"id":"843937","latitude":"42.26888890","longitude":"42.07916670","name":"Achal Senaki"},{"id":"844098","latitude":"42.26888890","longitude":"42.07916670","name":"Akhalsenaki"},{"id":"844125","latitude":"42.25722220","longitude":"42.08833330","name":"Akhalsop'eli"},{"id":"844631","latitude":"42.28083330","longitude":"42.02861110","name":"Bat'aria"},{"id":"844632","latitude":"42.28083330","longitude":"42.02861110","name":"Bataris"},{"id":"844709","latitude":"42.38055560","longitude":"42.21333330","name":"Betlem"},{"id":"844710","latitude":"42.38055560","longitude":"42.21333330","name":"Bet'lemi"},{"id":"844798","latitude":"42.39222220","longitude":"42.10111110","name":"Bol'shaya Zana"},{"id":"845437","latitude":"42.32416670","longitude":"42.00611110","name":"Didi-Khorshi"},{"id":"845466","latitude":"42.39222220","longitude":"42.10111110","name":"Didi-Zana"},{"id":"845612","latitude":"42.37666670","longitude":"42.25972220","name":"Dzhalevi"},{"id":"845654","latitude":"42.35722220","longitude":"42.21944440","name":"Dzhikha"},{"id":"845675","latitude":"42.37666670","longitude":"42.25972220","name":"Dzholevi"},{"id":"845711","latitude":"42.24527780","longitude":"42.15722220","name":"Dziguri"},{"id":"845759","latitude":"42.29166670","longitude":"42.14527780","name":"Dzveli Senaki"},{"id":"845773","latitude":"42.33277780","longitude":"42.11416670","name":"Eki"},{"id":"845827","latitude":"42.36666670","longitude":"42.03333330","name":"Etseri"},{"id":"845870","latitude":"42.36722220","longitude":"42.04027780","name":"Gagma-Sadzhidzhao"},{"id":"845960","latitude":"42.35250000","longitude":"42.20250000","name":"Gazomela"},{"id":"845970","latitude":"42.33305560","longitude":"42.21666670","name":"Gedzheti"},{"id":"845976","latitude":"42.33305560","longitude":"42.21666670","name":"Gejet'i"},{"id":"846425","latitude":"42.23055560","longitude":"42.08138890","name":"Isula"},{"id":"846459","latitude":"42.35722220","longitude":"42.21944440","name":"Jikha"},{"id":"846767","latitude":"42.32416670","longitude":"42.00611110","name":"Kharsha"},{"id":"846888","latitude":"42.32416670","longitude":"42.00611110","name":"Khorsha"},{"id":"847190","latitude":"42.32083330","longitude":"42.21277780","name":"Kotianeti"},{"id":"847311","latitude":"42.31666670","longitude":"42.16666670","name":"Kvarchkhali"},{"id":"847312","latitude":"42.31666670","longitude":"42.16666670","name":"Kvarchkhigali"},{"id":"847397","latitude":"42.30000000","longitude":"42.15000000","name":"K'veda Sorta"},{"id":"847713","latitude":"42.39305560","longitude":"42.23388890","name":"Ledzadzame"},{"id":"847720","latitude":"42.43333330","longitude":"42.20000000","name":"Legogiye"},{"id":"847721","latitude":"42.41805560","longitude":"42.18750000","name":"Legogiye-Nasadzhu"},{"id":"847737","latitude":"42.38055560","longitude":"42.15277780","name":"Lekokaiye"},{"id":"847738","latitude":"42.38055560","longitude":"42.15277780","name":"Lekokane"},{"id":"847739","latitude":"42.38055560","longitude":"42.15277780","name":"Lekokatse"},{"id":"847790","latitude":"42.34750000","longitude":"42.20833330","name":"Levakhane"},{"id":"847916","latitude":"42.34888890","longitude":"42.05138890","name":"Malaya Zana"},{"id":"848075","latitude":"42.27972220","longitude":"42.03611110","name":"Mendzhi"},{"id":"848095","latitude":"42.40000000","longitude":"42.18333330","name":"Meore-Mokhashi"},{"id":"848135","latitude":"42.26888890","longitude":"42.07916670","name":"Micha-Zchakaja"},{"id":"848155","latitude":"42.26888890","longitude":"42.07916670","name":"Mikha Tskhakaya"},{"id":"848199","latitude":"42.40388890","longitude":"42.20583330","name":"Mokhashi"},{"id":"848200","latitude":"42.40388890","longitude":"42.20583330","name":"Mokhash"},{"id":"848308","latitude":"42.21027780","longitude":"41.93416670","name":"Mukhuri"},{"id":"848409","latitude":"42.34944440","longitude":"42.19166670","name":"Najikhevi"},{"id":"848414","latitude":"42.34944440","longitude":"42.19166670","name":"Nakalakevi"},{"id":"848483","latitude":"42.41805560","longitude":"42.18750000","name":"Nasadzhou"},{"id":"848670","latitude":"42.34944440","longitude":"42.19166670","name":"Nokalakevi"},{"id":"848674","latitude":"42.26666670","longitude":"42.10000000","name":"Nosiri"},{"id":"848675","latitude":"42.25000000","longitude":"42.10000000","name":"Nosiri Pervyye"},{"id":"848685","latitude":"42.26888890","longitude":"42.07916670","name":"Novo-Senaki"},{"id":"849013","latitude":"42.34888890","longitude":"42.05138890","name":"Patara-Zana"},{"id":"849037","latitude":"42.30250000","longitude":"42.02722220","name":"Pertuli"},{"id":"849079","latitude":"42.25000000","longitude":"42.10000000","name":"Pirveli-Nosiri"},{"id":"849141","latitude":"42.42888890","longitude":"42.17138890","name":"P'ots'kho"},{"id":"849220","latitude":"42.19833330","longitude":"42.04944440","name":"Rami"},{"id":"849285","latitude":"42.33333330","longitude":"42.01666670","name":"Saadanaio"},{"id":"849299","latitude":"42.24444440","longitude":"42.15111110","name":"Sabeselio"},{"id":"849324","latitude":"42.30000000","longitude":"42.11666670","name":"Sachikobao"},{"id":"849345","latitude":"42.36722220","longitude":"42.04027780","name":"Sadzhidzhao"},{"id":"849350","latitude":"42.30527780","longitude":"42.04361110","name":"Sagabeskirio"},{"id":"849352","latitude":"42.32166670","longitude":"42.04722220","name":"Sagagunao"},{"id":"849370","latitude":"42.25944440","longitude":"42.03222220","name":"Sagrigolio"},{"id":"849371","latitude":"42.32166670","longitude":"42.04722220","name":"Sagugunao"},{"id":"849372","latitude":"42.32250000","longitude":"42.09527780","name":"Sagukio"},{"id":"849373","latitude":"42.32250000","longitude":"42.09527780","name":"Sagunio"},{"id":"849390","latitude":"42.34055560","longitude":"42.04361110","name":"Sakankao"},{"id":"849415","latitude":"42.29583330","longitude":"42.05722220","name":"Sakharbedio"},{"id":"849516","latitude":"42.24444440","longitude":"42.15111110","name":"Saodishario"},{"id":"849536","latitude":"42.34000000","longitude":"42.01638890","name":"Sardakano"},{"id":"849567","latitude":"42.37055560","longitude":"42.10222220","name":"Sashurgaio"},{"id":"849568","latitude":"42.37055560","longitude":"42.10222220","name":"Sashurgayo"},{"id":"849569","latitude":"42.37055560","longitude":"42.10222220","name":"Sashurghaio"},{"id":"849581","latitude":"42.40388890","longitude":"42.07805560","name":"Satkebuchao"},{"id":"849586","latitude":"42.40388890","longitude":"42.07805560","name":"Satqebuch'avo"},{"id":"849597","latitude":"42.34166670","longitude":"42.08777780","name":"Satskhvitao"},{"id":"849598","latitude":"42.31250000","longitude":"42.08611110","name":"Satsuleiskirio"},{"id":"849599","latitude":"42.31250000","longitude":"42.08611110","name":"Satsuleiskiro"},{"id":"849600","latitude":"42.31250000","longitude":"42.08611110","name":"Satsuleskirio"},{"id":"849601","latitude":"42.31250000","longitude":"42.08611110","name":"Satsuleyskirio"},{"id":"849602","latitude":"42.24444440","longitude":"42.15111110","name":"Saudishario"},{"id":"849617","latitude":"42.26888890","longitude":"42.07916670","name":"Senaki"},{"id":"849732","latitude":"42.29166670","longitude":"42.12333330","name":"Shkhepi"},{"id":"849733","latitude":"42.29166670","longitude":"42.12333330","name":"Shkhept"},{"id":"849753","latitude":"42.35027780","longitude":"42.12611110","name":"Shromiskari"},{"id":"849777","latitude":"42.34694440","longitude":"42.02361110","name":"Shua Khorshi"},{"id":"849788","latitude":"42.26361110","longitude":"42.12138890","name":"Shua Nosiri"},{"id":"849849","latitude":"42.19222220","longitude":"41.98555560","name":"Siriachkoni"},{"id":"849880","latitude":"42.32500000","longitude":"42.02611110","name":"Skuria"},{"id":"849909","latitude":"42.30944440","longitude":"42.16888890","name":"Sorta"},{"id":"849935","latitude":"42.29166670","longitude":"42.14527780","name":"Staro-Senaki"},{"id":"850084","latitude":"42.26111110","longitude":"42.03250000","name":"T'eklat'i"},{"id":"850085","latitude":"42.26111110","longitude":"42.03250000","name":"Teklyati"},{"id":"850192","latitude":"42.23972220","longitude":"42.01277780","name":"Tkioni"},{"id":"850193","latitude":"42.23972220","longitude":"42.01277780","name":"Tkiri"},{"id":"850497","latitude":"42.26888890","longitude":"42.07916670","name":"Tskhakaya"},{"id":"850498","latitude":"42.26888890","longitude":"42.07916670","name":"Tskhakuya"},{"id":"850723","latitude":"42.39500000","longitude":"42.15055560","name":"Ushap'at'i"},{"id":"850724","latitude":"42.39500000","longitude":"42.15055560","name":"Ushapato"},{"id":"850990","latitude":"42.33277780","longitude":"42.11416670","name":"Yeki"},{"id":"851051","latitude":"42.39222220","longitude":"42.10111110","name":"Zana"},{"id":"851113","latitude":"42.34944440","longitude":"42.19166670","name":"Zeda-Nakalakevi"},{"id":"851124","latitude":"42.30944440","longitude":"42.16888890","name":"Zeda-Sorta"},{"id":"851126","latitude":"42.26111110","longitude":"42.03250000","name":"Zeda-Teklati"}]