[{"id":"843927","latitude":"41.40000000","longitude":"43.61666670","name":"Abul"},{"id":"843928","latitude":"41.40000000","longitude":"43.61666670","name":"Abuli"},{"id":"844025","latitude":"41.21638890","longitude":"44.57333330","name":"Ag-Kerpi"},{"id":"844071","latitude":"41.48333330","longitude":"43.81666670","name":"Akhali-Khulgumo"},{"id":"844155","latitude":"41.21638890","longitude":"44.57333330","name":"Akhk'erp'i"},{"id":"844156","latitude":"41.21638890","longitude":"44.57333330","name":"Akh-Kerri"},{"id":"844253","latitude":"41.27611110","longitude":"44.22333330","name":"Amamlo"},{"id":"844388","latitude":"41.30000000","longitude":"44.15000000","name":"Armudlo"},{"id":"844389","latitude":"41.30000000","longitude":"44.15000000","name":"Armutlo"},{"id":"844423","latitude":"41.45194440","longitude":"43.77500000","name":"Asp'ara"},{"id":"844569","latitude":"41.35611110","longitude":"44.38722220","name":"Balichi"},{"id":"844619","latitude":"41.30000000","longitude":"44.23333330","name":"Bash-Gamamly"},{"id":"844623","latitude":"41.32055560","longitude":"44.18666670","name":"Bashkichet"},{"id":"844624","latitude":"41.32055560","longitude":"44.18666670","name":"Bashkicheti"},{"id":"844625","latitude":"41.32055560","longitude":"44.18666670","name":"Bashkichety"},{"id":"844633","latitude":"41.33027780","longitude":"44.07972220","name":"Batikhlo"},{"id":"844715","latitude":"41.27944440","longitude":"44.20527780","name":"Bezaklo"},{"id":"844770","latitude":"41.25000000","longitude":"44.21666670","name":"Bogaskasani"},{"id":"844773","latitude":"41.26694440","longitude":"43.59055560","name":"Bogdanovka"},{"id":"844780","latitude":"41.37750000","longitude":"44.50083330","name":"Boinisi"},{"id":"844789","latitude":"41.37750000","longitude":"44.50083330","name":"Bolnisi"},{"id":"844791","latitude":"41.37750000","longitude":"44.50083330","name":"Bolnis-Khachin"},{"id":"844795","latitude":"41.29416670","longitude":"43.47305560","name":"Bol'shaya Kondura"},{"id":"844808","latitude":"41.24472220","longitude":"43.58888890","name":"Bol'shiye Khanchali"},{"id":"844839","latitude":"41.35777780","longitude":"44.30083330","name":"Boslebi"},{"id":"844915","latitude":"41.36083330","longitude":"44.12583330","name":"Busukala"},{"id":"844999","latitude":"41.23527780","longitude":"44.59638890","name":"Chanakhchi"},{"id":"845034","latitude":"41.33333330","longitude":"44.50000000","name":"Chatakh"},{"id":"845035","latitude":"41.33333330","longitude":"44.50000000","name":"Chatakhi"},{"id":"845036","latitude":"41.33333330","longitude":"44.50000000","name":"Chatakhskiy Chugunnyy Zavod'"},{"id":"845285","latitude":"41.28361110","longitude":"43.41916670","name":"Dadeshi"},{"id":"845287","latitude":"41.38500000","longitude":"44.16027780","name":"Dagarukhlo"},{"id":"845292","latitude":"41.22222220","longitude":"44.31750000","name":"Dag Muganlo"},{"id":"845308","latitude":"41.31666670","longitude":"44.23333330","name":"Dalyari"},{"id":"845326","latitude":"41.33333330","longitude":"44.60000000","name":"Darbazi"},{"id":"845401","latitude":"41.30555560","longitude":"43.65861110","name":"Didi Arak'ali"},{"id":"845411","latitude":"41.35722220","longitude":"44.34944440","name":"Didi Dmanisi"},{"id":"845424","latitude":"41.29416670","longitude":"43.47305560","name":"Didi Gondrio"},{"id":"845434","latitude":"41.24472220","longitude":"43.58888890","name":"Didi Khanch'ali"},{"id":"845484","latitude":"41.27805560","longitude":"43.46722220","name":"Dilif"},{"id":"845485","latitude":"41.27805560","longitude":"43.46722220","name":"Dilifi"},{"id":"845488","latitude":"41.27805560","longitude":"43.46722220","name":"Dilit'i"},{"id":"845496","latitude":"41.31666670","longitude":"44.35000000","name":"Dmanisi"},{"id":"845498","latitude":"41.33138890","longitude":"44.34055560","name":"Dmanisi-Patara"},{"id":"845557","latitude":"41.31666670","longitude":"44.28333330","name":"Dunusi"},{"id":"845622","latitude":"41.26666670","longitude":"44.68333330","name":"Dzhankholi"},{"id":"845623","latitude":"41.26666670","longitude":"44.68333330","name":"Dzhankhoshi"},{"id":"845631","latitude":"41.25666670","longitude":"44.29555560","name":"Dzharaar"},{"id":"845632","latitude":"41.25666670","longitude":"44.29555560","name":"Dzharaiori"},{"id":"845633","latitude":"41.25666670","longitude":"44.29555560","name":"Dzharayer"},{"id":"845638","latitude":"41.32861110","longitude":"44.25916670","name":"Dzhavakhi"},{"id":"845652","latitude":"41.32194440","longitude":"43.54055560","name":"Dzhigrasheni"},{"id":"845715","latitude":"41.23527780","longitude":"44.59638890","name":"Dzilidza"},{"id":"845789","latitude":"41.19194440","longitude":"43.74055560","name":"Ep'removka"},{"id":"845815","latitude":"41.34388890","longitude":"43.61277780","name":"Eshtia"},{"id":"845816","latitude":"41.34388890","longitude":"43.61277780","name":"Eshtiya"},{"id":"845917","latitude":"41.35388890","longitude":"43.74861110","name":"Gandza"},{"id":"845918","latitude":"41.35388890","longitude":"43.74861110","name":"Gandzani"},{"id":"845928","latitude":"41.33888890","longitude":"44.24888890","name":"Gant'iadi"},{"id":"845932","latitude":"41.35388890","longitude":"43.74861110","name":"Ganza"},{"id":"845965","latitude":"41.40000000","longitude":"44.13333330","name":"Gedagdagi"},{"id":"846108","latitude":"41.25666670","longitude":"44.29555560","name":"Gora"},{"id":"846118","latitude":"41.21777780","longitude":"43.68972220","name":"Gorelovka"},{"id":"846119","latitude":"41.21777780","longitude":"43.68972220","name":"Goreloye"},{"id":"846129","latitude":"41.34972220","longitude":"44.36000000","name":"Gorindzhuki"},{"id":"846141","latitude":"41.34972220","longitude":"44.36000000","name":"Gorundzhuk"},{"id":"846142","latitude":"41.34972220","longitude":"44.36000000","name":"Gorundzhuki"},{"id":"846143","latitude":"41.21777780","longitude":"43.68972220","name":"Goryelovka"},{"id":"846216","latitude":"41.22222220","longitude":"44.31750000","name":"Gugut'a"},{"id":"846338","latitude":"41.33833330","longitude":"44.17305560","name":"Iakublo"},{"id":"846391","latitude":"41.36666670","longitude":"44.51666670","name":"Indzhaogly"},{"id":"846415","latitude":"41.20194440","longitude":"44.13277780","name":"Irganchay"},{"id":"846416","latitude":"41.20194440","longitude":"44.13277780","name":"Irgani"},{"id":"846452","latitude":"41.32861110","longitude":"44.25916670","name":"Javakhi"},{"id":"846453","latitude":"41.19194440","longitude":"43.74055560","name":"Jefremowka"},{"id":"846456","latitude":"41.32194440","longitude":"43.54055560","name":"Jigrasheni"},{"id":"846515","latitude":"41.37027780","longitude":"44.28361110","name":"Kakliani"},{"id":"846522","latitude":"41.33888890","longitude":"44.24888890","name":"Kalamsha"},{"id":"846531","latitude":"41.15000000","longitude":"43.80000000","name":"Kalinino"},{"id":"846539","latitude":"41.34972220","longitude":"44.13916670","name":"Kamarlo"},{"id":"846540","latitude":"41.24722220","longitude":"44.34388890","name":"Kamishlo"},{"id":"846571","latitude":"41.30750000","longitude":"44.21944440","name":"Karaklisi"},{"id":"846572","latitude":"41.30750000","longitude":"44.21944440","name":"Karaklis"},{"id":"846595","latitude":"41.36083330","longitude":"44.12583330","name":"K'ariani"},{"id":"846626","latitude":"41.26638890","longitude":"44.27583330","name":"Kashkatala"},{"id":"846634","latitude":"41.21666670","longitude":"43.60000000","name":"Katnatu"},{"id":"846640","latitude":"41.31666670","longitude":"43.58333330","name":"Kaurma"},{"id":"846653","latitude":"41.37750000","longitude":"44.41305560","name":"Kazret'i"},{"id":"846745","latitude":"41.24472220","longitude":"43.58888890","name":"Khanchali"},{"id":"846851","latitude":"41.26666670","longitude":"43.58333330","name":"Khodzhabegi"},{"id":"846852","latitude":"41.26666670","longitude":"43.58333330","name":"Khodzhabeg"},{"id":"846853","latitude":"41.26666670","longitude":"43.58333330","name":"Khodzhabek"},{"id":"846855","latitude":"41.22388890","longitude":"44.68555560","name":"Khodzhorni"},{"id":"846858","latitude":"41.22388890","longitude":"44.68555560","name":"Khojorni"},{"id":"846859","latitude":"41.25000000","longitude":"44.65000000","name":"Khokhmeli"},{"id":"846887","latitude":"41.25000000","longitude":"44.65000000","name":"Khorkhmeli"},{"id":"846899","latitude":"41.22388890","longitude":"44.68555560","name":"Khozhorniya"},{"id":"846922","latitude":"41.48333330","longitude":"43.81666670","name":"Khulgumo"},{"id":"847031","latitude":"41.36166670","longitude":"44.24305560","name":"Kizilkilisa"},{"id":"847129","latitude":"41.24722220","longitude":"44.34388890","name":"Komishlo"},{"id":"847133","latitude":"41.29416670","longitude":"43.47305560","name":"Kondura"},{"id":"847180","latitude":"41.26638890","longitude":"44.27583330","name":"Koshkatala"},{"id":"847236","latitude":"41.31666670","longitude":"43.48333330","name":"Kulalisi"},{"id":"847534","latitude":"41.30194440","longitude":"44.20027780","name":"K'vemo Orozmani"},{"id":"847760","latitude":"41.25000000","longitude":"44.10000000","name":"Lenino"},{"id":"847821","latitude":"41.25694440","longitude":"44.39083330","name":"Lokdzhandari"},{"id":"847822","latitude":"41.25694440","longitude":"44.39083330","name":"Lok-Dzhandar"},{"id":"847904","latitude":"41.28333330","longitude":"44.16666670","name":"Makhmutlo"},{"id":"847914","latitude":"41.30000000","longitude":"43.46666670","name":"Malaya Kondura"},{"id":"847923","latitude":"41.31666670","longitude":"44.35000000","name":"Malyye Dmanisi"},{"id":"847944","latitude":"41.30027780","longitude":"44.26194440","name":"Mamishlo"},{"id":"847948","latitude":"41.30000000","longitude":"43.50000000","name":"Mamtsvara"},{"id":"847949","latitude":"41.28333330","longitude":"44.16666670","name":"Mamudlo"},{"id":"847954","latitude":"41.28333330","longitude":"44.16666670","name":"Mamutlo"},{"id":"848007","latitude":"41.34972220","longitude":"44.36000000","name":"Mashavera"},{"id":"848139","latitude":"41.32861110","longitude":"44.25916670","name":"Midzha"},{"id":"848250","latitude":"41.28333330","longitude":"44.16666670","name":"Mtisdziri"},{"id":"848272","latitude":"41.22222220","longitude":"44.31750000","name":"Muganlo"},{"id":"848491","latitude":"41.31666670","longitude":"44.35000000","name":"Natara-Dmanisi"},{"id":"848564","latitude":"41.26694440","longitude":"43.59055560","name":"Ninotsminda"},{"id":"848621","latitude":"41.27138890","longitude":"44.68388890","name":"Nizhniye Tserakvi"},{"id":"848796","latitude":"41.24666670","longitude":"44.62500000","name":"Op'ret'i"},{"id":"848811","latitude":"41.29972220","longitude":"43.62138890","name":"Ordzholarii"},{"id":"848828","latitude":"41.21916670","longitude":"43.65250000","name":"Orlovka"},{"id":"848833","latitude":"41.29972220","longitude":"43.62138890","name":"Orodzhalari"},{"id":"848834","latitude":"41.29972220","longitude":"43.62138890","name":"Orodzhalar"},{"id":"848835","latitude":"41.29972220","longitude":"43.62138890","name":"Orodzholari"},{"id":"848836","latitude":"41.29972220","longitude":"43.62138890","name":"Orojolari"},{"id":"848847","latitude":"41.29416670","longitude":"44.18083330","name":"Oruzman"},{"id":"848915","latitude":"41.30000000","longitude":"44.15000000","name":"Pantiani"},{"id":"848924","latitude":"41.45333330","longitude":"43.84805560","name":"Paravani"},{"id":"848947","latitude":"41.31666670","longitude":"43.66666670","name":"Patara-Arakali"},{"id":"848955","latitude":"41.33138890","longitude":"44.34055560","name":"Patara Dmanisi"},{"id":"848966","latitude":"41.30000000","longitude":"43.46666670","name":"Patara Gondrio"},{"id":"848979","latitude":"41.24500000","longitude":"43.53222220","name":"Patara Khanch'ali"},{"id":"849122","latitude":"41.39916670","longitude":"43.78916670","name":"Poga"},{"id":"849123","latitude":"41.39916670","longitude":"43.78916670","name":"P'oka"},{"id":"849127","latitude":"41.33333330","longitude":"44.50000000","name":"Poladauri"},{"id":"849199","latitude":"41.36166670","longitude":"44.24305560","name":"Qizilk'ilisa"},{"id":"849217","latitude":"41.45333330","longitude":"43.84805560","name":"Radionovka"},{"id":"849259","latitude":"41.45333330","longitude":"43.84805560","name":"Rodionovka"},{"id":"849289","latitude":"41.21666670","longitude":"44.31666670","name":"Saatlo"},{"id":"849349","latitude":"41.30277780","longitude":"44.30111110","name":"Safarlo"},{"id":"849353","latitude":"41.30000000","longitude":"43.76666670","name":"Sagamo"},{"id":"849423","latitude":"41.26638890","longitude":"44.27583330","name":"Sakire"},{"id":"849501","latitude":"41.34111110","longitude":"44.50333330","name":"Samtsevrisi"},{"id":"849503","latitude":"41.34111110","longitude":"44.50333330","name":"Samtsverisi"},{"id":"849517","latitude":"41.30277780","longitude":"44.30111110","name":"Sap'arlo"},{"id":"849577","latitude":"41.28666670","longitude":"43.65194440","name":"Satchi"},{"id":"849582","latitude":"41.28666670","longitude":"43.65194440","name":"Satkha"},{"id":"849583","latitude":"41.28666670","longitude":"43.65194440","name":"Sat'khe"},{"id":"849642","latitude":"41.33333330","longitude":"44.15000000","name":"Shakhmarlo"},{"id":"849719","latitude":"41.35472220","longitude":"44.22583330","name":"Shindlara"},{"id":"849720","latitude":"41.35472220","longitude":"44.22583330","name":"Shindlari"},{"id":"849721","latitude":"41.35472220","longitude":"44.22583330","name":"Shindlyara"},{"id":"849812","latitude":"41.40361110","longitude":"44.12416670","name":"Shulaveri"},{"id":"849893","latitude":"41.36666670","longitude":"44.06666670","name":"Sogutlo"},{"id":"849915","latitude":"41.25000000","longitude":"43.65000000","name":"Spasovka"},{"id":"849997","latitude":"41.38333330","longitude":"43.58333330","name":"Takhcha"},{"id":"850014","latitude":"41.48027780","longitude":"43.79777780","name":"Tambovka"},{"id":"850194","latitude":"41.25000000","longitude":"44.21666670","name":"Tkispiri"},{"id":"850210","latitude":"41.32861110","longitude":"44.28416670","name":"Tnusi"},{"id":"850248","latitude":"41.36833330","longitude":"43.57111110","name":"Toria"},{"id":"850250","latitude":"41.36833330","longitude":"43.57111110","name":"Toriya"},{"id":"850281","latitude":"41.15000000","longitude":"43.80000000","name":"Troitskoe"},{"id":"850282","latitude":"41.15000000","longitude":"43.80000000","name":"Troitskoye"},{"id":"850355","latitude":"41.26666670","longitude":"44.65111110","name":"Tserak'vi"},{"id":"850356","latitude":"41.26666670","longitude":"44.65111110","name":"Tseravki"},{"id":"850580","latitude":"41.23333330","longitude":"44.71666670","name":"Tsopi"},{"id":"850657","latitude":"41.36666670","longitude":"43.58333330","name":"Uchmana"},{"id":"850662","latitude":"41.36666670","longitude":"43.58333330","name":"Udzhmana"},{"id":"850678","latitude":"41.33333330","longitude":"44.38333330","name":"Ukangora"},{"id":"850695","latitude":"41.25000000","longitude":"44.56666670","name":"Ul'yanovka"},{"id":"850745","latitude":"41.30750000","longitude":"44.21944440","name":"Vake"},{"id":"850792","latitude":"41.35000000","longitude":"44.35000000","name":"Vardisubani"},{"id":"850905","latitude":"41.26666670","longitude":"44.65111110","name":"VerkhniyeTserakvi"},{"id":"850913","latitude":"41.41388890","longitude":"44.09583330","name":"Verkhniy Karabulag"},{"id":"850915","latitude":"41.29416670","longitude":"44.18083330","name":"Verkhniy Oruzmay"},{"id":"850960","latitude":"41.41305560","longitude":"43.76944440","name":"Vladimirovka"},{"id":"850982","latitude":"41.33833330","longitude":"44.17305560","name":"Yagublo"},{"id":"850987","latitude":"41.19194440","longitude":"43.74055560","name":"Yefremovka"},{"id":"850993","latitude":"41.16888890","longitude":"43.75972220","name":"Yelia Avakan"},{"id":"851022","latitude":"41.16888890","longitude":"43.75972220","name":"Yezhovakani"},{"id":"851223","latitude":"41.41388890","longitude":"44.09583330","name":"Zemo-Karabulakhi"},{"id":"851286","latitude":"41.29416670","longitude":"44.18083330","name":"Zemo Orazmani"},{"id":"851287","latitude":"41.29416670","longitude":"44.18083330","name":"Zemo-Orozmani"},{"id":"851288","latitude":"41.29416670","longitude":"44.18083330","name":"Zemo-Oruzmani"},{"id":"851293","latitude":"41.41388890","longitude":"44.09583330","name":"Zemo Qarabulakhi"},{"id":"851359","latitude":"41.16888890","longitude":"43.75972220","name":"Zhdanovi"},{"id":"851360","latitude":"41.16888890","longitude":"43.75972220","name":"Zhdanov"},{"id":"851361","latitude":"41.16888890","longitude":"43.75972220","name":"Zhdanow"}]