[{"id":"111","latitude":"24.96361110","longitude":"56.32388890","name":"Ain al Ghamur"},{"id":"119","latitude":"25.27611110","longitude":"56.31638890","name":"Al Ardiyah"},{"id":"123","latitude":"24.96361110","longitude":"56.32388890","name":"Al `Ayn"},{"id":"124","latitude":"24.96361110","longitude":"56.32388890","name":"Al `Ayn al Ghamur"},{"id":"125","latitude":"24.96361110","longitude":"56.32388890","name":"Al `Ayn al Ghumur"},{"id":"152","latitude":"25.38138890","longitude":"55.40305560","name":"Al Haira"},{"id":"153","latitude":"25.38138890","longitude":"55.40305560","name":"Al Hairah"},{"id":"160","latitude":"25.48083330","longitude":"55.49833330","name":"Al Hamriya"},{"id":"161","latitude":"25.48083330","longitude":"55.49833330","name":"Al Hamriyah"},{"id":"165","latitude":"25.38138890","longitude":"55.40305560","name":"Al Hayrah"},{"id":"167","latitude":"25.38138890","longitude":"55.40305560","name":"Al-Hirah"},{"id":"172","latitude":"25.35083330","longitude":"55.37138890","name":"Aliya"},{"id":"176","latitude":"25.35000000","longitude":"55.36666670","name":"Al Jazirah"},{"id":"181","latitude":"25.33194440","longitude":"55.35888890","name":"Al Khan"},{"id":"194","latitude":"25.35083330","longitude":"55.37138890","name":"Al Layyah"},{"id":"238","latitude":"25.36222220","longitude":"55.39111110","name":"Al Sharjah"},{"id":"259","latitude":"25.35000000","longitude":"56.30000000","name":"Ar Rufaysah"},{"id":"265","latitude":"25.36222220","longitude":"55.39111110","name":"Ash 'Mariqah"},{"id":"267","latitude":"25.36222220","longitude":"55.39111110","name":"Ash Shariqa"},{"id":"268","latitude":"25.36222220","longitude":"55.39111110","name":"Ash Shariqah"},{"id":"291","latitude":"24.96361110","longitude":"56.32388890","name":"`Ayn al Ghamur"},{"id":"323","latitude":"25.61666670","longitude":"56.26666670","name":"Daba al-Hisn"},{"id":"324","latitude":"25.61666670","longitude":"56.26666670","name":"Daba"},{"id":"355","latitude":"25.61666670","longitude":"56.26666670","name":"Diba al Hisn"},{"id":"356","latitude":"25.61666670","longitude":"56.26666670","name":"Diba"},{"id":"357","latitude":"25.61666670","longitude":"56.26666670","name":"Dibah"},{"id":"360","latitude":"25.61666670","longitude":"56.26666670","name":"Dibba"},{"id":"361","latitude":"25.61666670","longitude":"56.26666670","name":"Dibbah"},{"id":"379","latitude":"25.33916670","longitude":"56.35611110","name":"Fakkan"},{"id":"414","latitude":"25.00000000","longitude":"56.33333330","name":"Ghail"},{"id":"416","latitude":"25.07305560","longitude":"56.35777780","name":"Ghalla"},{"id":"417","latitude":"25.07305560","longitude":"56.35777780","name":"Ghallah"},{"id":"423","latitude":"25.00000000","longitude":"56.33333330","name":"Ghayl"},{"id":"429","latitude":"25.26888890","longitude":"56.31416670","name":"Ghuna"},{"id":"430","latitude":"25.26888890","longitude":"56.31416670","name":"Ghunah"},{"id":"447","latitude":"25.38138890","longitude":"55.40305560","name":"Haira"},{"id":"448","latitude":"25.38138890","longitude":"55.40305560","name":"Hair"},{"id":"451","latitude":"25.27666670","longitude":"56.25333330","name":"Hajar"},{"id":"458","latitude":"25.48083330","longitude":"55.49833330","name":"Hamriya"},{"id":"459","latitude":"25.48083330","longitude":"55.49833330","name":"Hamriyah"},{"id":"460","latitude":"25.48083330","longitude":"55.49833330","name":"Hamriyyah"},{"id":"467","latitude":"25.32055560","longitude":"55.97444440","name":"Hasat al Bidiyah"},{"id":"469","latitude":"25.06666670","longitude":"56.35000000","name":"Hayat"},{"id":"473","latitude":"25.38138890","longitude":"55.40305560","name":"Hayrah"},{"id":"477","latitude":"25.61666670","longitude":"56.26666670","name":"Hisn Diba"},{"id":"479","latitude":"25.36000000","longitude":"56.34888890","name":"Hiyawah"},{"id":"480","latitude":"25.36000000","longitude":"56.34888890","name":"Hiyawa"},{"id":"481","latitude":"25.31583330","longitude":"55.41194440","name":"Hizayib az Zanah"},{"id":"487","latitude":"25.61666670","longitude":"56.26666670","name":"Husn Dibba"},{"id":"514","latitude":"25.07305560","longitude":"56.35777780","name":"Kalbah"},{"id":"515","latitude":"25.07305560","longitude":"56.35777780","name":"Kalba"},{"id":"522","latitude":"25.33194440","longitude":"55.35888890","name":"Khan"},{"id":"528","latitude":"25.33916670","longitude":"56.35611110","name":"Khawr al Fakkan"},{"id":"529","latitude":"25.03444440","longitude":"56.36277780","name":"Khawr al Kalba"},{"id":"531","latitude":"25.33916670","longitude":"56.35611110","name":"Khawr Fakkan"},{"id":"532","latitude":"25.03444440","longitude":"56.36277780","name":"Khawr Kalba"},{"id":"536","latitude":"25.03444440","longitude":"56.36277780","name":"Khawr Za`ab"},{"id":"538","latitude":"25.33916670","longitude":"56.35611110","name":"Khor al Fakhan"},{"id":"539","latitude":"25.33916670","longitude":"56.35611110","name":"Khor al Fakkan"},{"id":"540","latitude":"25.03444440","longitude":"56.36277780","name":"Khor al Kalba"},{"id":"541","latitude":"25.33916670","longitude":"56.35611110","name":"Khorfakan"},{"id":"542","latitude":"25.33916670","longitude":"56.35611110","name":"Khor Fakhan"},{"id":"543","latitude":"25.33916670","longitude":"56.35611110","name":"Khor Fakkan"},{"id":"544","latitude":"25.03444440","longitude":"56.36277780","name":"Khor Kalba"},{"id":"552","latitude":"25.35083330","longitude":"55.37138890","name":"Laiyah"},{"id":"553","latitude":"25.35083330","longitude":"55.37138890","name":"Laiya"},{"id":"554","latitude":"25.35083330","longitude":"55.37138890","name":"Laiyya"},{"id":"557","latitude":"25.35083330","longitude":"55.37138890","name":"Layyah"},{"id":"561","latitude":"25.39055560","longitude":"56.35472220","name":"Lulaiyah"},{"id":"562","latitude":"25.39055560","longitude":"56.35472220","name":"Lulayyah"},{"id":"563","latitude":"25.39055560","longitude":"56.35472220","name":"Luliyyah"},{"id":"564","latitude":"25.39055560","longitude":"56.35472220","name":"Lu'lu'iyah"},{"id":"565","latitude":"25.39055560","longitude":"56.35472220","name":"Luluya"},{"id":"574","latitude":"25.28444440","longitude":"56.33305560","name":"Madhah"},{"id":"575","latitude":"25.28444440","longitude":"56.33305560","name":"Madha"},{"id":"613","latitude":"24.93888890","longitude":"56.21805560","name":"Minazif"},{"id":"622","latitude":"25.36166670","longitude":"56.34472220","name":"Muaifi"},{"id":"624","latitude":"25.36166670","longitude":"56.34472220","name":"Mudayfi"},{"id":"650","latitude":"25.36166670","longitude":"56.34472220","name":"Muwafi"},{"id":"657","latitude":"25.26833330","longitude":"56.28027780","name":"Nahawa"},{"id":"658","latitude":"25.26833330","longitude":"56.28027780","name":"Nahw\u00e1"},{"id":"664","latitude":"25.36166670","longitude":"56.34472220","name":"Nedaifi"},{"id":"672","latitude":"25.33916670","longitude":"56.35611110","name":"Port Khor Fakkan"},{"id":"675","latitude":"25.07305560","longitude":"56.35777780","name":"Qalba"},{"id":"705","latitude":"25.35000000","longitude":"56.35000000","name":"Rafa`"},{"id":"735","latitude":"25.26666670","longitude":"56.28333330","name":"Sa`d"},{"id":"737","latitude":"25.28416670","longitude":"56.31055560","name":"Sahanah"},{"id":"747","latitude":"25.26638890","longitude":"56.31027780","name":"Saruj"},{"id":"759","latitude":"25.36222220","longitude":"55.39111110","name":"Sharga"},{"id":"760","latitude":"25.36222220","longitude":"55.39111110","name":"Sharijah"},{"id":"761","latitude":"25.36222220","longitude":"55.39111110","name":"Shariqah"},{"id":"764","latitude":"25.36222220","longitude":"55.39111110","name":"Sharjah"},{"id":"765","latitude":"25.36222220","longitude":"55.39111110","name":"Sharja"},{"id":"775","latitude":"25.29055560","longitude":"56.24555560","name":"Shis"},{"id":"795","latitude":"25.06861110","longitude":"56.33444440","name":"Tarif Kalba"},{"id":"829","latitude":"25.35000000","longitude":"56.31666670","name":"Wadi Shi"}]