[{"id":"844042","latitude":"42.01111110","longitude":"42.08944440","name":"Aketi"},{"id":"844043","latitude":"42.01111110","longitude":"42.08944440","name":"Akety"},{"id":"844121","latitude":"42.06250000","longitude":"41.86388890","name":"Akhalsop'eli"},{"id":"844356","latitude":"42.06055560","longitude":"41.92250000","name":"Archeuli"},{"id":"844445","latitude":"42.04472220","longitude":"42.08361110","name":"Ats'ana"},{"id":"844517","latitude":"41.93333330","longitude":"42.10000000","name":"Bagdadi"},{"id":"844629","latitude":"41.95000000","longitude":"42.15000000","name":"Basileti"},{"id":"844970","latitude":"42.08333330","longitude":"42.00000000","name":"Chala"},{"id":"845001","latitude":"42.01666670","longitude":"42.11666670","name":"Chanchati"},{"id":"845002","latitude":"42.04694440","longitude":"41.92333330","name":"Chancheti"},{"id":"845069","latitude":"42.09222220","longitude":"41.99444440","name":"Chibati"},{"id":"845102","latitude":"42.05638890","longitude":"41.97166670","name":"Chinati"},{"id":"845162","latitude":"42.09027780","longitude":"42.15750000","name":"Chkonagora"},{"id":"845163","latitude":"42.09027780","longitude":"42.15750000","name":"Chkonagvara"},{"id":"845184","latitude":"42.03166670","longitude":"41.87972220","name":"Ch'och'khat'i"},{"id":"845195","latitude":"42.08333330","longitude":"42.11666670","name":"Cholabargi"},{"id":"845202","latitude":"42.08333330","longitude":"42.11666670","name":"Cholobargi"},{"id":"845226","latitude":"42.09027780","longitude":"42.15750000","name":"Chqonagora"},{"id":"845279","latitude":"41.96666670","longitude":"42.11666670","name":"Dabali-Etseri"},{"id":"845658","latitude":"42.06666670","longitude":"42.16666670","name":"Dzhikheti"},{"id":"845659","latitude":"42.06666670","longitude":"42.16666670","name":"Dzhikhetis-Monasteri"},{"id":"845697","latitude":"42.08000000","longitude":"41.92111110","name":"Dzhurkveti"},{"id":"845698","latitude":"42.08000000","longitude":"41.92111110","name":"Dzhurukveti"},{"id":"845824","latitude":"42.06666670","longitude":"41.95000000","name":"Etseri"},{"id":"845856","latitude":"41.94916670","longitude":"42.06694440","name":"Gaghma Dvabze"},{"id":"845863","latitude":"41.94916670","longitude":"42.06694440","name":"Gagma-Dvabzu"},{"id":"845879","latitude":"42.02305560","longitude":"42.12694440","name":"Gaguri"},{"id":"846015","latitude":"42.01833330","longitude":"41.85166670","name":"Ghrmaghele"},{"id":"846152","latitude":"42.01833330","longitude":"41.85166670","name":"Gramagele"},{"id":"846170","latitude":"42.01833330","longitude":"41.85166670","name":"Grmagele"},{"id":"846229","latitude":"42.02111110","longitude":"41.92416670","name":"Guliani"},{"id":"846320","latitude":"42.09111110","longitude":"42.02250000","name":"Gvimbalauri"},{"id":"846322","latitude":"42.10083330","longitude":"42.03611110","name":"Gvimbralauri"},{"id":"846323","latitude":"42.09111110","longitude":"42.02250000","name":"Gvimralauri"},{"id":"846476","latitude":"42.08000000","longitude":"41.92111110","name":"Juruqvet'i"},{"id":"846675","latitude":"42.02833330","longitude":"41.94222220","name":"Kela"},{"id":"846723","latitude":"42.04583330","longitude":"41.80694440","name":"Khadmagala"},{"id":"846727","latitude":"42.06611110","longitude":"41.88666670","name":"Khadzhalia"},{"id":"846830","latitude":"42.04583330","longitude":"41.80694440","name":"Khidmagala"},{"id":"846831","latitude":"42.04583330","longitude":"41.80694440","name":"Khidmaghala"},{"id":"846882","latitude":"42.01916670","longitude":"41.88666670","name":"Khoreti"},{"id":"846997","latitude":"42.05194440","longitude":"41.96472220","name":"Kirovi"},{"id":"847003","latitude":"42.05194440","longitude":"41.96472220","name":"Kirov"},{"id":"847341","latitude":"41.96777780","longitude":"42.09055560","name":"K'veda Bakhvi"},{"id":"847381","latitude":"42.01666670","longitude":"42.06666670","name":"K'veda Mamat'i"},{"id":"847424","latitude":"42.01111110","longitude":"42.08944440","name":"K'vemo Aket'i"},{"id":"847453","latitude":"42.09222220","longitude":"41.99444440","name":"K'vemo Ch'ibat'i"},{"id":"847555","latitude":"42.07833330","longitude":"42.07055560","name":"K'vemo Shukhut'i"},{"id":"847588","latitude":"42.09166670","longitude":"42.18027780","name":"K'viani"},{"id":"847657","latitude":"42.09444440","longitude":"42.04166670","name":"Lanch'khut'i"},{"id":"847678","latitude":"42.07611110","longitude":"42.06555560","name":"Lashisgele"},{"id":"847766","latitude":"42.09027780","longitude":"41.97916670","name":"Lesa"},{"id":"847858","latitude":"42.06805560","longitude":"42.02361110","name":"Mach'khvareti"},{"id":"847939","latitude":"42.01666670","longitude":"42.06666670","name":"Mamat'i"},{"id":"848067","latitude":"41.96472220","longitude":"42.05583330","name":"Melek'eduri"},{"id":"848340","latitude":"41.98333330","longitude":"42.11666670","name":"Mziani"},{"id":"848396","latitude":"41.99777780","longitude":"42.11500000","name":"Nagomari"},{"id":"848541","latitude":"42.08416670","longitude":"42.11916670","name":"Nigoiti"},{"id":"848542","latitude":"42.08416670","longitude":"42.11916670","name":"Nigonti"},{"id":"848547","latitude":"42.07194440","longitude":"41.90000000","name":"Nigvziani"},{"id":"848562","latitude":"42.03444440","longitude":"41.95500000","name":"Ninoshvili"},{"id":"848753","latitude":"41.95000000","longitude":"42.13333330","name":"Okroskedi"},{"id":"848800","latitude":"42.04944440","longitude":"42.00888890","name":"Oragve"},{"id":"848830","latitude":"42.00916670","longitude":"41.86027780","name":"Ormeti"},{"id":"848905","latitude":"41.93333330","longitude":"42.11666670","name":"Pampaleti"},{"id":"849763","latitude":"41.95000000","longitude":"42.08333330","name":"Shua-Bakhvi"},{"id":"849805","latitude":"42.07833330","longitude":"42.07055560","name":"Shukhuti"},{"id":"849806","latitude":"42.07833330","longitude":"42.07055560","name":"Shukhuty"},{"id":"849944","latitude":"42.04333330","longitude":"41.81916670","name":"Sufsa"},{"id":"849959","latitude":"42.04333330","longitude":"41.81916670","name":"Sup'sa"},{"id":"849984","latitude":"42.05055560","longitude":"41.81000000","name":"Tabanati"},{"id":"850100","latitude":"42.04055560","longitude":"42.07277780","name":"Telmani"},{"id":"850512","latitude":"41.93388890","longitude":"42.08416670","name":"Ts'khemliskhidi"},{"id":"850525","latitude":"41.93388890","longitude":"42.08416670","name":"Tskhmeliskhidi"},{"id":"850697","latitude":"42.05055560","longitude":"41.83305560","name":"Unagera"},{"id":"850751","latitude":"41.91722220","longitude":"42.14527780","name":"Vakidzhvari"},{"id":"850752","latitude":"41.91722220","longitude":"42.14527780","name":"Vakijvari"},{"id":"850776","latitude":"42.03472220","longitude":"42.12361110","name":"Vani"},{"id":"851074","latitude":"41.94555560","longitude":"42.12805560","name":"Zeda Bakhvi"},{"id":"851169","latitude":"42.05222220","longitude":"42.09472220","name":"Zemo-Aketi"},{"id":"851197","latitude":"42.07638890","longitude":"41.98222220","name":"Zemo-Chibati"},{"id":"851303","latitude":"42.06666670","longitude":"42.08333330","name":"Zemo-Shukhuti"}]