[{"id":"844001","latitude":"42.20555560","longitude":"44.36444440","name":"(( Agara ))"},{"id":"844059","latitude":"42.12416670","longitude":"44.48583330","name":"Akhalgori"},{"id":"844067","latitude":"42.29111110","longitude":"44.44222220","name":"Akhali Gavazi"},{"id":"844072","latitude":"42.05000000","longitude":"44.30000000","name":"Akhali-Khurvaleti"},{"id":"844228","latitude":"42.19166670","longitude":"44.52916670","name":"(( Alevi ))"},{"id":"844229","latitude":"42.19277780","longitude":"44.53027780","name":"Alevi-Shua"},{"id":"844361","latitude":"42.27472220","longitude":"44.35055560","name":"Ardisi"},{"id":"844386","latitude":"42.16944440","longitude":"44.37666670","name":"Armazi"},{"id":"844414","latitude":"42.29611110","longitude":"44.35555560","name":"Ashaturi"},{"id":"844428","latitude":"42.16694440","longitude":"44.35694440","name":"Astaukag-Zakor"},{"id":"844570","latitude":"42.14833330","longitude":"44.30638890","name":"Baliskhidi"},{"id":"844572","latitude":"42.13388890","longitude":"44.32805560","name":"(( Balovani ))"},{"id":"844652","latitude":"42.15055560","longitude":"44.47250000","name":"Bazuani"},{"id":"844653","latitude":"42.15055560","longitude":"44.47250000","name":"Bazuant-Kari"},{"id":"844716","latitude":"42.26944440","longitude":"44.34138890","name":"(( Bezet ))"},{"id":"844809","latitude":"42.06444440","longitude":"44.30638890","name":"Bol'shiye Khurvaleti"},{"id":"844945","latitude":"42.10666670","longitude":"44.35222220","name":"Chachamuri"},{"id":"845158","latitude":"42.30444440","longitude":"44.38805560","name":"Chkhuneti"},{"id":"845214","latitude":"42.11666670","longitude":"44.51666670","name":"Chorchani"},{"id":"845216","latitude":"42.11666670","longitude":"44.51666670","name":"Chorchokhi"},{"id":"845231","latitude":"42.21583330","longitude":"44.42583330","name":"(( Chrdilo ))"},{"id":"845255","latitude":"42.30444440","longitude":"44.38805560","name":"Churt'a"},{"id":"845256","latitude":"42.31916670","longitude":"44.42138890","name":"Churta"},{"id":"845306","latitude":"42.14722220","longitude":"44.35000000","name":"Dallag-Zakor"},{"id":"845438","latitude":"42.06444440","longitude":"44.30638890","name":"Didi-Khurvaleti"},{"id":"845471","latitude":"42.16194440","longitude":"44.53555560","name":"(( Didvake ))"},{"id":"845526","latitude":"42.28805560","longitude":"44.43166670","name":"Dorelti-Kau"},{"id":"845527","latitude":"42.28805560","longitude":"44.43166670","name":"Doreti"},{"id":"845528","latitude":"42.28805560","longitude":"44.43166670","name":"Doretikari"},{"id":"845529","latitude":"42.28805560","longitude":"44.43166670","name":"Doret'kari"},{"id":"845531","latitude":"42.28805560","longitude":"44.43166670","name":"Doreuli"},{"id":"845544","latitude":"42.09611110","longitude":"44.39083330","name":"Dudaant-Kari"},{"id":"845545","latitude":"42.09611110","longitude":"44.39083330","name":"Dudaiti"},{"id":"845571","latitude":"42.06805560","longitude":"44.30666670","name":"Duzkatikau"},{"id":"845573","latitude":"42.27777780","longitude":"44.34222220","name":"Dvaliantkari"},{"id":"845582","latitude":"42.28944440","longitude":"44.40361110","name":"Dzangat'i"},{"id":"845590","latitude":"42.11388890","longitude":"44.52083330","name":"Dzeglevi"},{"id":"845620","latitude":"42.28944440","longitude":"44.40361110","name":"Dzhangaan-Kari"},{"id":"845683","latitude":"42.32805560","longitude":"44.39166670","name":"Dzhortisi"},{"id":"845741","latitude":"42.06805560","longitude":"44.30666670","name":"Dzugoytikau"},{"id":"845742","latitude":"42.06805560","longitude":"44.30666670","name":"Dzukat'a"},{"id":"845743","latitude":"42.06805560","longitude":"44.30666670","name":"Dzukato"},{"id":"845790","latitude":"42.14444440","longitude":"44.47027780","name":"Ereda"},{"id":"845951","latitude":"42.25166670","longitude":"44.50166670","name":"Garuyeti"},{"id":"845956","latitude":"42.29111110","longitude":"44.44222220","name":"Gavazi"},{"id":"845962","latitude":"42.08666670","longitude":"44.28527780","name":"Gduleti"},{"id":"845977","latitude":"42.14250000","longitude":"44.43305560","name":"(( Gekhavi ))"},{"id":"845983","latitude":"42.14916670","longitude":"44.42444440","name":"(( Gelauri ))"},{"id":"846003","latitude":"42.22250000","longitude":"44.44777780","name":"Gezevret'i"},{"id":"846023","latitude":"42.23555560","longitude":"44.47527780","name":"(( Gigaurebi ))"},{"id":"846153","latitude":"42.08666670","longitude":"44.28527780","name":"Grduleti"},{"id":"846185","latitude":"42.10222220","longitude":"44.32888890","name":"(( Gudaant-Kari ))"},{"id":"846194","latitude":"42.18361110","longitude":"44.53916670","name":"Gudatsveri"},{"id":"846206","latitude":"42.06666670","longitude":"44.31666670","name":"Gudita"},{"id":"846207","latitude":"42.06666670","longitude":"44.31666670","name":"Guditikau"},{"id":"846344","latitude":"42.20888890","longitude":"44.37638890","name":"Icheti"},{"id":"846358","latitude":"42.20888890","longitude":"44.37638890","name":"Iket'i"},{"id":"846361","latitude":"42.15472220","longitude":"44.50305560","name":"Ikoti"},{"id":"846544","latitude":"42.16083330","longitude":"44.44916670","name":"Kanchaveti"},{"id":"846599","latitude":"42.18416670","longitude":"44.48638890","name":"Karinta"},{"id":"846609","latitude":"42.11194440","longitude":"44.39666670","name":"(( Kartisi ))"},{"id":"846662","latitude":"42.06583330","longitude":"44.31722220","name":"Kedigora"},{"id":"846758","latitude":"42.29305560","longitude":"44.48611110","name":"Kharbali"},{"id":"846764","latitude":"42.18916670","longitude":"44.50916670","name":"Kharkelani"},{"id":"846797","latitude":"42.18916670","longitude":"44.50916670","name":"Kherkelani"},{"id":"846877","latitude":"42.29305560","longitude":"44.48611110","name":"Khorbali"},{"id":"846903","latitude":"42.24277780","longitude":"44.44861110","name":"Khramistskaro"},{"id":"846904","latitude":"42.24277780","longitude":"44.44861110","name":"Khramistsqaro"},{"id":"846911","latitude":"42.24277780","longitude":"44.44861110","name":"Khromistskaro"},{"id":"846925","latitude":"42.33527780","longitude":"44.42444440","name":"Khumkhoveti"},{"id":"846935","latitude":"42.05027780","longitude":"44.30361110","name":"Khurvaleti"},{"id":"847069","latitude":"42.18666670","longitude":"44.54527780","name":"Kochani"},{"id":"847074","latitude":"42.14027780","longitude":"44.52000000","name":"(( Koda ))"},{"id":"847125","latitude":"42.23611110","longitude":"44.37972220","name":"Koloti"},{"id":"847126","latitude":"42.23888890","longitude":"44.36000000","name":"K'olot'i"},{"id":"847150","latitude":"42.18416670","longitude":"44.48638890","name":"Korint'a"},{"id":"847264","latitude":"42.18583330","longitude":"44.47083330","name":"K'urt'a"},{"id":"847428","latitude":"42.19277780","longitude":"44.50277780","name":"Kvemo Alevi"},{"id":"847435","latitude":"42.09611110","longitude":"44.31555560","name":"Kvemo-Bagebi"},{"id":"847445","latitude":"42.10916670","longitude":"44.47388890","name":"Kvemo-Boli"},{"id":"847560","latitude":"42.12472220","longitude":"44.37777780","name":"Kvemo-Tsiri"},{"id":"847562","latitude":"42.08611110","longitude":"44.37388890","name":"Kvemo-Tskhiloni"},{"id":"847563","latitude":"42.17166670","longitude":"44.30861110","name":"Kvemo-Tsolda"},{"id":"847565","latitude":"42.12583330","longitude":"44.36194440","name":"Kvemo-Tsubeni"},{"id":"847568","latitude":"42.14722220","longitude":"44.35000000","name":"K'vemo Zakhori"},{"id":"847602","latitude":"42.19305560","longitude":"44.35861110","name":"K'vitiri"},{"id":"847604","latitude":"42.19305560","longitude":"44.35861110","name":"Kvitkiri"},{"id":"847673","latitude":"42.26944440","longitude":"44.48972220","name":"Largvisi"},{"id":"847736","latitude":"42.15083330","longitude":"44.35555560","name":"(( Lekhuri ))"},{"id":"847756","latitude":"42.12416670","longitude":"44.48583330","name":"Leningori"},{"id":"847931","latitude":"42.05027780","longitude":"44.30361110","name":"Malyye Khurvaleti"},{"id":"848123","latitude":"42.32638890","longitude":"44.40583330","name":"Metskeri"},{"id":"848124","latitude":"42.32638890","longitude":"44.40555560","name":"Metsneri"},{"id":"848125","latitude":"42.32638890","longitude":"44.40583330","name":"Metsqeri"},{"id":"848193","latitude":"42.28277780","longitude":"44.45416670","name":"Mochaleti"},{"id":"848216","latitude":"42.26944440","longitude":"44.48972220","name":"Monasteri Khoroti"},{"id":"848217","latitude":"42.26944440","longitude":"44.48972220","name":"Monasteri"},{"id":"848224","latitude":"42.11888890","longitude":"44.47111110","name":"Morbedaani"},{"id":"848225","latitude":"42.11888890","longitude":"44.47111110","name":"Morbedaant-Kari"},{"id":"848228","latitude":"42.10138890","longitude":"44.48916670","name":"Mosabruni"},{"id":"848240","latitude":"42.28027780","longitude":"44.47750000","name":"Mshveliet'i"},{"id":"848241","latitude":"42.28027780","longitude":"44.47750000","name":"Mshveliyeti"},{"id":"848323","latitude":"42.10138890","longitude":"44.48916670","name":"Musarukhi"},{"id":"848362","latitude":"42.15666670","longitude":"44.32472220","name":"Nadaburi"},{"id":"848424","latitude":"42.22638890","longitude":"44.41055560","name":"Nakhidi"},{"id":"848588","latitude":"42.09611110","longitude":"44.31555560","name":"Nizhniye Bagebi"},{"id":"848590","latitude":"42.10916670","longitude":"44.47388890","name":"Nizhniye Boli"},{"id":"848624","latitude":"42.08611110","longitude":"44.37388890","name":"Nizhniye Tskhiloni"},{"id":"848647","latitude":"42.17166670","longitude":"44.30861110","name":"Nizhnyaya Tsolda"},{"id":"848807","latitude":"42.05138890","longitude":"44.33194440","name":"Orchosani"},{"id":"848808","latitude":"42.05138890","longitude":"44.33194440","name":"Orchoshani"},{"id":"848982","latitude":"42.05027780","longitude":"44.30361110","name":"Patara-Khurvaleti"},{"id":"849187","latitude":"42.16083330","longitude":"44.44916670","name":"Qanch'avet'i"},{"id":"849267","latitude":"42.26194440","longitude":"44.42555560","name":"Roro"},{"id":"849337","latitude":"42.22333330","longitude":"44.48000000","name":"Sadzeguri Pirveli"},{"id":"849338","latitude":"42.22333330","longitude":"44.48000000","name":"Sadzeguri"},{"id":"849575","latitude":"42.19333330","longitude":"44.34027780","name":"(( Sataguri ))"},{"id":"849762","latitude":"42.19277780","longitude":"44.53027780","name":"Shua Alevi"},{"id":"849796","latitude":"42.13611110","longitude":"44.38611110","name":"Shua-Tsiri"},{"id":"849798","latitude":"42.13333330","longitude":"44.35000000","name":"Shua-Tsubeni"},{"id":"849800","latitude":"42.16694440","longitude":"44.35694440","name":"Shua Zakhori"},{"id":"849816","latitude":"42.28027780","longitude":"44.47750000","name":"Shveleti"},{"id":"850392","latitude":"42.20500000","longitude":"44.46166670","name":"(( Tsikhna ))"},{"id":"850397","latitude":"42.07722220","longitude":"44.28750000","name":"Tsinagari"},{"id":"850399","latitude":"42.07722220","longitude":"44.28750000","name":"Tsinakari"},{"id":"850445","latitude":"42.14638890","longitude":"44.40972220","name":"Tsiri-Gorga"},{"id":"850446","latitude":"42.12472220","longitude":"44.37777780","name":"Tsiri"},{"id":"850447","latitude":"42.15944440","longitude":"44.47222220","name":"Tsirkoli"},{"id":"850506","latitude":"42.24750000","longitude":"44.50694440","name":"Ts'khavat'i"},{"id":"850519","latitude":"42.08638890","longitude":"44.34722220","name":"Tskhilgorga"},{"id":"850520","latitude":"42.08611110","longitude":"44.37388890","name":"Tskhiloni"},{"id":"850521","latitude":"42.08638890","longitude":"44.34722220","name":"Tskhinuli-Gorga"},{"id":"850582","latitude":"42.14583330","longitude":"44.29555560","name":"Tsotagori"},{"id":"850583","latitude":"42.14583330","longitude":"44.29555560","name":"Tsotaguri"},{"id":"850602","latitude":"42.14166670","longitude":"44.34972220","name":"Tsubeni"},{"id":"850667","latitude":"42.10722220","longitude":"44.30277780","name":"Ugeltekhili"},{"id":"850668","latitude":"42.10722220","longitude":"44.30277780","name":"Ugeltekhi"},{"id":"850676","latitude":"42.15305560","longitude":"44.38194440","name":"Ukandziri"},{"id":"850680","latitude":"42.15305560","longitude":"44.38194440","name":"Ukantsiri"},{"id":"850821","latitude":"42.10277780","longitude":"44.47250000","name":"Vashlovani"},{"id":"850855","latitude":"42.10722220","longitude":"44.37805560","name":"Velura"},{"id":"850856","latitude":"42.10722220","longitude":"44.37805560","name":"Veluri"},{"id":"850873","latitude":"42.11583330","longitude":"44.32250000","name":"Verkhniye Bagebi"},{"id":"850875","latitude":"42.12722220","longitude":"44.47138890","name":"Verkhniye Boli"},{"id":"850894","latitude":"42.06194440","longitude":"44.34027780","name":"Verkhniye Kuri"},{"id":"850908","latitude":"42.08805560","longitude":"44.36250000","name":"Verkhniye Tskhiloni"},{"id":"850927","latitude":"42.17250000","longitude":"44.32805560","name":"Verkhnyaya Tsolda"},{"id":"850979","latitude":"42.17611110","longitude":"44.35305560","name":"Vuallag-Zakor"},{"id":"850996","latitude":"42.32000000","longitude":"44.44277780","name":"(( Yeloiani ))"},{"id":"850998","latitude":"42.32000000","longitude":"44.44277780","name":"Yeloyani"},{"id":"851007","latitude":"42.14444440","longitude":"44.47027780","name":"Yereda"},{"id":"851040","latitude":"42.14722220","longitude":"44.35000000","name":"Zakhori"},{"id":"851181","latitude":"42.11583330","longitude":"44.32250000","name":"Zemo Bagebi"},{"id":"851191","latitude":"42.12722220","longitude":"44.47138890","name":"Zemo-Boli"},{"id":"851253","latitude":"42.06194440","longitude":"44.34027780","name":"Zemo-Kuri"},{"id":"851312","latitude":"42.14638890","longitude":"44.40972220","name":"Zemo Tsiri"},{"id":"851313","latitude":"42.15305560","longitude":"44.38194440","name":"Zemo-Tsiri"},{"id":"851315","latitude":"42.08805560","longitude":"44.36250000","name":"Zemo Ts'khiloni"},{"id":"851316","latitude":"42.17250000","longitude":"44.32805560","name":"Zemo Tsolda"},{"id":"851317","latitude":"42.14166670","longitude":"44.34972220","name":"Zemo Tsubeni"},{"id":"851321","latitude":"42.17611110","longitude":"44.35305560","name":"Zemo Zakhori"}]