[{"id":"844085","latitude":"42.10000000","longitude":"42.95000000","name":"Akhali Sviri"},{"id":"844218","latitude":"42.05333330","longitude":"43.04500000","name":"Alaverdi"},{"id":"844269","latitude":"42.13388890","longitude":"43.19722220","name":"Amsaisi"},{"id":"844371","latitude":"42.14500000","longitude":"42.98638890","name":"Argveta"},{"id":"844373","latitude":"42.14500000","longitude":"42.98638890","name":"Argveti"},{"id":"844374","latitude":"42.14500000","longitude":"42.98638890","name":"Argveto"},{"id":"844663","latitude":"42.20361110","longitude":"43.17194440","name":"Beghlevi"},{"id":"844666","latitude":"42.20361110","longitude":"43.17194440","name":"Beglevi"},{"id":"844775","latitude":"42.20361110","longitude":"43.17194440","name":"Boglevi"},{"id":"844840","latitude":"42.20305560","longitude":"43.19166670","name":"Boslevi"},{"id":"844974","latitude":"42.11888890","longitude":"43.19444440","name":"Chala"},{"id":"844988","latitude":"42.01527780","longitude":"43.03972220","name":"Chalkeyeti"},{"id":"844989","latitude":"42.01527780","longitude":"43.03972220","name":"Chalkhesti"},{"id":"845418","latitude":"42.10472220","longitude":"43.17555560","name":"Didi-Gantiadi"},{"id":"845470","latitude":"42.21694440","longitude":"43.13972220","name":"Didtsipela"},{"id":"845486","latitude":"42.15666670","longitude":"43.17305560","name":"Dilikauri"},{"id":"845541","latitude":"42.11000000","longitude":"43.05250000","name":"Dshugeli"},{"id":"845594","latitude":"42.09083330","longitude":"43.17583330","name":"Dzerula"},{"id":"845674","latitude":"42.23111110","longitude":"43.15833330","name":"Dzhokoyeti"},{"id":"845689","latitude":"42.11000000","longitude":"43.05250000","name":"Dzhugeli"},{"id":"845727","latitude":"42.09083330","longitude":"43.17583330","name":"Dzirula"},{"id":"845728","latitude":"42.09083330","longitude":"43.17583330","name":"Dziruly"},{"id":"845855","latitude":"42.20305560","longitude":"43.19166670","name":"Gaghma Boslevi"},{"id":"845862","latitude":"42.20305560","longitude":"43.19166670","name":"Gagma-Boslevi"},{"id":"845893","latitude":"42.20305560","longitude":"43.16138890","name":"Gamoghma Boslevi"},{"id":"845896","latitude":"42.20305560","longitude":"43.16138890","name":"Gamogma-Boslevi"},{"id":"845923","latitude":"42.10472220","longitude":"43.17555560","name":"Gantiadi Bol'shiye"},{"id":"845929","latitude":"42.10472220","longitude":"43.17555560","name":"Gantiadi"},{"id":"845930","latitude":"42.08333330","longitude":"43.16666670","name":"Gantiadi Malyye"},{"id":"846365","latitude":"42.08333330","longitude":"43.11666670","name":"Ilemi"},{"id":"846366","latitude":"42.07777780","longitude":"43.11500000","name":"Ilemi Verkhniye"},{"id":"846979","latitude":"42.05000000","longitude":"43.05000000","name":"Kinoti"},{"id":"847041","latitude":"42.05000000","longitude":"43.05194440","name":"Kldeyeti"},{"id":"847046","latitude":"42.05000000","longitude":"43.05194440","name":"Kldiyeti"},{"id":"847305","latitude":"42.07694440","longitude":"43.00638890","name":"Kvaliti"},{"id":"847365","latitude":"42.07861110","longitude":"43.14138890","name":"K'veda Ilemi"},{"id":"847369","latitude":"42.06666670","longitude":"43.06666670","name":"K'veda Kldeet'i"},{"id":"847370","latitude":"42.06666670","longitude":"43.06666670","name":"Kveda-Kldeyeti"},{"id":"847372","latitude":"42.09277780","longitude":"43.00277780","name":"K'veda Kvalit'i"},{"id":"847392","latitude":"42.13666670","longitude":"43.05111110","name":"K'veda Sak'ara"},{"id":"847394","latitude":"42.19500000","longitude":"43.07000000","name":"K'veda Sazano"},{"id":"847401","latitude":"42.08333330","longitude":"43.13333330","name":"K'veda Tseva"},{"id":"847403","latitude":"42.11666670","longitude":"43.13333330","name":"K'veda Tsip'lavake"},{"id":"847418","latitude":"42.16666670","longitude":"43.10000000","name":"Kveletubani"},{"id":"847596","latitude":"42.11000000","longitude":"43.05250000","name":"Kvirily"},{"id":"847745","latitude":"42.06666670","longitude":"43.13333330","name":"Leladziseuli"},{"id":"847853","latitude":"42.12777780","longitude":"43.18833330","name":"Macharukha"},{"id":"847854","latitude":"42.12777780","longitude":"43.18833330","name":"Macharula"},{"id":"847886","latitude":"42.12444440","longitude":"43.22750000","name":"Makatubani"},{"id":"847979","latitude":"42.19555560","longitude":"43.18000000","name":"Mardzhvena-Rkvia"},{"id":"847990","latitude":"42.19555560","longitude":"43.18000000","name":"Marjvena Rkvia"},{"id":"847999","latitude":"42.13250000","longitude":"43.07361110","name":"Martotubani"},{"id":"848000","latitude":"42.13250000","longitude":"43.07361110","name":"Martoubani"},{"id":"848004","latitude":"42.19944440","longitude":"43.15555560","name":"Marts'khena Rkvia"},{"id":"848102","latitude":"42.10638890","longitude":"42.90972220","name":"Meore Sviri"},{"id":"848448","latitude":"42.11000000","longitude":"43.05250000","name":"Namaneva"},{"id":"848961","latitude":"42.08333330","longitude":"43.16666670","name":"Patara-Gantiadi"},{"id":"849078","latitude":"42.10916670","longitude":"43.10750000","name":"Pirveli Maisi"},{"id":"849089","latitude":"42.11777780","longitude":"42.97250000","name":"Pirveli Sviri"},{"id":"849094","latitude":"42.10916670","longitude":"43.10750000","name":"Pirvelmaisi"},{"id":"849095","latitude":"42.11777780","longitude":"42.97250000","name":"Pirvili Sviri"},{"id":"849183","latitude":"42.08000000","longitude":"43.11972220","name":"P'ut'i"},{"id":"849255","latitude":"42.19944440","longitude":"43.15555560","name":"Rkvia Levaya"},{"id":"849256","latitude":"42.19555560","longitude":"43.18000000","name":"Rkvia Pravaya"},{"id":"849257","latitude":"42.14777780","longitude":"42.89361110","name":"Rodinauli"},{"id":"849258","latitude":"42.14777780","longitude":"42.89361110","name":"Rodinouli"},{"id":"849380","latitude":"42.10916670","longitude":"43.10750000","name":"Sagvine"},{"id":"849392","latitude":"42.13666670","longitude":"43.05111110","name":"Sakara Nizhnyaya"},{"id":"849395","latitude":"42.15638890","longitude":"43.13000000","name":"Sakara Verkhnyaya"},{"id":"849507","latitude":"42.13250000","longitude":"43.14583330","name":"Sanakhshire"},{"id":"849587","latitude":"42.15250000","longitude":"43.18138890","name":"Satsable"},{"id":"849607","latitude":"42.19500000","longitude":"43.07000000","name":"Sazano Nizhneye"},{"id":"849611","latitude":"42.09583330","longitude":"43.11555560","name":"Schorapani"},{"id":"849612","latitude":"42.09583330","longitude":"43.11555560","name":"Schorpani"},{"id":"849631","latitude":"42.11000000","longitude":"43.05250000","name":"Sestafoni"},{"id":"849664","latitude":"42.09583330","longitude":"43.11555560","name":"Sharadan'"},{"id":"849743","latitude":"42.09583330","longitude":"43.11555560","name":"Shorapani"},{"id":"849744","latitude":"42.09583330","longitude":"43.11555560","name":"Shorapan'"},{"id":"849746","latitude":"42.09583330","longitude":"43.11555560","name":"Shorpani"},{"id":"849747","latitude":"42.12777780","longitude":"43.18833330","name":"Shroma Nizhnyaya"},{"id":"849755","latitude":"42.12777780","longitude":"43.18833330","name":"Shrosha"},{"id":"849756","latitude":"42.13333330","longitude":"43.20000000","name":"Shrosha Verkhnyaya"},{"id":"849780","latitude":"42.07694440","longitude":"43.00638890","name":"Shua Kvalit'i"},{"id":"849967","latitude":"42.14888890","longitude":"42.87611110","name":"Svetmagali"},{"id":"849974","latitude":"42.11777780","longitude":"42.97250000","name":"Sviri Pervyye"},{"id":"849976","latitude":"42.15638890","longitude":"42.90250000","name":"Sviri"},{"id":"849977","latitude":"42.10638890","longitude":"42.90972220","name":"Sviri Vtoryye"},{"id":"849983","latitude":"42.06388890","longitude":"43.03527780","name":"Tabakini"},{"id":"850271","latitude":"42.17583330","longitude":"43.06611110","name":"Tqlapivake"},{"id":"850363","latitude":"42.08333330","longitude":"43.13333330","name":"Tseva-Nizhnyaya"},{"id":"850364","latitude":"42.09916670","longitude":"43.13777780","name":"Tseva"},{"id":"850365","latitude":"42.09916670","longitude":"43.13777780","name":"Tseva Verkhnyaya"},{"id":"850366","latitude":"42.09916670","longitude":"43.13777780","name":"Tsevi"},{"id":"850431","latitude":"42.11666670","longitude":"43.13333330","name":"Tsiplavake"},{"id":"850516","latitude":"42.14388890","longitude":"42.87638890","name":"Ts'khent'aro"},{"id":"850534","latitude":"42.10027780","longitude":"43.04611110","name":"Tskhratskaro"},{"id":"850535","latitude":"42.10027780","longitude":"43.04611110","name":"Ts'khratsqaro"},{"id":"850619","latitude":"42.09916670","longitude":"43.13777780","name":"Tsyevi"},{"id":"851095","latitude":"42.07777780","longitude":"43.11500000","name":"Zeda-Ilemi"},{"id":"851099","latitude":"42.05000000","longitude":"43.05194440","name":"Zeda Kldeet'i"},{"id":"851100","latitude":"42.05000000","longitude":"43.05194440","name":"Zeda-Kldeyeti"},{"id":"851102","latitude":"42.06666670","longitude":"43.01666670","name":"Zeda-Kvaliti"},{"id":"851119","latitude":"42.15638890","longitude":"43.13000000","name":"Zeda Sak'ara"},{"id":"851128","latitude":"42.09916670","longitude":"43.13777780","name":"Zeda-Tseva"},{"id":"851130","latitude":"42.11666670","longitude":"43.13333330","name":"Zeda-Tsiplavake"},{"id":"851344","latitude":"42.11000000","longitude":"43.05250000","name":"Zestafoni"},{"id":"851345","latitude":"42.11000000","longitude":"43.05250000","name":"Zestap'oni"},{"id":"851384","latitude":"42.11000000","longitude":"43.05250000","name":"Zistafoni"},{"id":"851397","latitude":"42.19194440","longitude":"43.05277780","name":"Zovret'i"}]