[{"id":"844084","latitude":"42.01944440","longitude":"43.15444440","name":"Akhalisopeli"},{"id":"844118","latitude":"42.01944440","longitude":"43.15444440","name":"Akhalsopeli"},{"id":"844495","latitude":"41.96666670","longitude":"43.33333330","name":"Babi"},{"id":"844650","latitude":"42.03777780","longitude":"43.22611110","name":"Bazalet'i"},{"id":"844651","latitude":"42.03777780","longitude":"43.22611110","name":"Bazoleti"},{"id":"844722","latitude":"42.00000000","longitude":"43.40000000","name":"Bezhatubani"},{"id":"844826","latitude":"42.05000000","longitude":"43.11666670","name":"Bori"},{"id":"844828","latitude":"42.12027780","longitude":"43.27388890","name":"Borit'i"},{"id":"844925","latitude":"42.08333330","longitude":"43.33333330","name":"Bzhinevi"},{"id":"845028","latitude":"41.98333330","longitude":"43.33333330","name":"Chartali"},{"id":"845143","latitude":"42.01666670","longitude":"43.23333330","name":"Chkheri"},{"id":"845229","latitude":"41.96666670","longitude":"43.38333330","name":"Chrdili"},{"id":"845359","latitude":"41.96666670","longitude":"43.35000000","name":"Deisi"},{"id":"845422","latitude":"42.11666670","longitude":"43.43333330","name":"Didi-Golisi"},{"id":"845626","latitude":"42.04944440","longitude":"43.23805560","name":"Dzhaparauli"},{"id":"845627","latitude":"42.04944440","longitude":"43.23805560","name":"Dzhapareuli"},{"id":"845793","latitude":"42.13222220","longitude":"43.27833330","name":"Ereta"},{"id":"845953","latitude":"42.08083330","longitude":"43.36361110","name":"Gatsmania"},{"id":"845969","latitude":"42.08083330","longitude":"43.36361110","name":"Gedsamania"},{"id":"846001","latitude":"42.08083330","longitude":"43.36361110","name":"Getsmaniya"},{"id":"846013","latitude":"42.08750000","longitude":"43.26750000","name":"Ghoresha"},{"id":"846077","latitude":"42.00444440","longitude":"43.42000000","name":"Golatubani"},{"id":"846078","latitude":"42.11666670","longitude":"43.43333330","name":"Golisa Bol'shaya"},{"id":"846079","latitude":"42.11611110","longitude":"43.42083330","name":"Golisa Malaya"},{"id":"846120","latitude":"42.08750000","longitude":"43.26750000","name":"Goresha"},{"id":"846163","latitude":"42.09694440","longitude":"43.40972220","name":"Grigalat'i"},{"id":"846164","latitude":"42.09694440","longitude":"43.40972220","name":"Grigaleti"},{"id":"846166","latitude":"42.09694440","longitude":"43.40972220","name":"Grigolati"},{"id":"846195","latitude":"41.98333330","longitude":"43.43333330","name":"Gudatubani"},{"id":"846311","latitude":"42.05000000","longitude":"43.20000000","name":"Gverki"},{"id":"846354","latitude":"42.05000000","longitude":"43.15000000","name":"Igoreti"},{"id":"846567","latitude":"42.02027780","longitude":"43.21388890","name":"Karagouli"},{"id":"846754","latitude":"42.02027780","longitude":"43.21388890","name":"Kharagauli"},{"id":"846755","latitude":"42.02027780","longitude":"43.21388890","name":"Kharagouli"},{"id":"846793","latitude":"42.05000000","longitude":"43.18333330","name":"Khemagali"},{"id":"846812","latitude":"42.10583330","longitude":"43.44638890","name":"Khevi"},{"id":"846823","latitude":"42.01083330","longitude":"43.10916670","name":"Khidari"},{"id":"846884","latitude":"42.07611110","longitude":"43.21472220","name":"Khoriti"},{"id":"846930","latitude":"42.10500000","longitude":"43.36333330","name":"Khunevi"},{"id":"846943","latitude":"42.07666670","longitude":"43.29500000","name":"Khvadaura"},{"id":"847023","latitude":"42.03916670","longitude":"43.13611110","name":"Kits'khi"},{"id":"847024","latitude":"42.05000000","longitude":"43.15000000","name":"Kitskhis-Igoreti"},{"id":"847025","latitude":"42.03916670","longitude":"43.13611110","name":"Kitskhl"},{"id":"847101","latitude":"42.13333330","longitude":"43.36666670","name":"Kokaskhali"},{"id":"847102","latitude":"42.13333330","longitude":"43.36666670","name":"Kokastskali"},{"id":"847205","latitude":"42.03333330","longitude":"43.20000000","name":"Kroli"},{"id":"847297","latitude":"42.06166670","longitude":"43.28027780","name":"Kvadaura"},{"id":"847334","latitude":"41.96666670","longitude":"43.33333330","name":"K'vebi"},{"id":"847375","latitude":"42.13333330","longitude":"43.46666670","name":"K'veda Lich'i"},{"id":"847640","latitude":"42.04861110","longitude":"43.08555560","name":"Lakhundara"},{"id":"847677","latitude":"42.06722220","longitude":"43.19361110","name":"Lashe"},{"id":"847679","latitude":"42.05000000","longitude":"43.16666670","name":"Lashis-Igoreti"},{"id":"847719","latitude":"41.96916670","longitude":"43.25083330","name":"Leghvani"},{"id":"847724","latitude":"41.96916670","longitude":"43.25083330","name":"Legvani"},{"id":"847800","latitude":"42.13333330","longitude":"43.46666670","name":"Lich'i"},{"id":"847801","latitude":"42.13333330","longitude":"43.46666670","name":"Lichi Nizhniye"},{"id":"847980","latitude":"41.95000000","longitude":"43.26666670","name":"Marelisi"},{"id":"848206","latitude":"42.13527780","longitude":"43.45638890","name":"Mokhveuli"},{"id":"848210","latitude":"42.00277780","longitude":"43.41166670","name":"Moliti"},{"id":"848363","latitude":"42.13555560","longitude":"43.43722220","name":"Nadaburi"},{"id":"848378","latitude":"42.13555560","longitude":"43.43722220","name":"Naduburi"},{"id":"848522","latitude":"41.98333330","longitude":"43.36666670","name":"Nebodziri"},{"id":"848699","latitude":"41.95000000","longitude":"43.41666670","name":"Nunisi"},{"id":"848813","latitude":"42.02027780","longitude":"43.21388890","name":"Ordzhonikidze"},{"id":"848907","latitude":"42.02361110","longitude":"43.48444440","name":"Pana"},{"id":"848934","latitude":"41.99916670","longitude":"43.19111110","name":"Partskahnali"},{"id":"848939","latitude":"41.99916670","longitude":"43.19111110","name":"P'arts'khnali"},{"id":"848964","latitude":"42.11611110","longitude":"43.42083330","name":"Patara-Golisi"},{"id":"848980","latitude":"42.01666670","longitude":"43.21666670","name":"Patara-Kharagauli"},{"id":"849000","latitude":"41.90000000","longitude":"43.18333330","name":"Patara-Sakhvlari"},{"id":"849012","latitude":"42.01666670","longitude":"43.10000000","name":"Patara-Vardzia"},{"id":"849132","latitude":"42.02361110","longitude":"43.48444440","name":"Pona"},{"id":"849294","latitude":"42.06166670","longitude":"43.28027780","name":"Sabe-Kvadaura"},{"id":"849298","latitude":"42.06166670","longitude":"43.28027780","name":"Sabe"},{"id":"849354","latitude":"41.99055560","longitude":"43.22888890","name":"Sagandzile"},{"id":"849361","latitude":"41.99055560","longitude":"43.22888890","name":"Saghandzile"},{"id":"849396","latitude":"42.03333330","longitude":"43.13333330","name":"Sakarikedi"},{"id":"849399","latitude":"42.10222220","longitude":"43.31444440","name":"Sakasira"},{"id":"849400","latitude":"42.10222220","longitude":"43.31444440","name":"Sakasria"},{"id":"849402","latitude":"42.11194440","longitude":"43.47972220","name":"Sakbula"},{"id":"849420","latitude":"41.90000000","longitude":"43.18333330","name":"Sakhulari"},{"id":"849538","latitude":"42.07305560","longitude":"43.26250000","name":"Sargveshi"},{"id":"849623","latitude":"41.95000000","longitude":"43.30000000","name":"Serbaisi"},{"id":"849866","latitude":"41.96666670","longitude":"43.20000000","name":"Skhliti"},{"id":"850114","latitude":"42.02361110","longitude":"43.17527780","name":"Tetratskaro"},{"id":"850115","latitude":"42.02361110","longitude":"43.17527780","name":"T'et'ratsqaro"},{"id":"850308","latitude":"42.08333330","longitude":"43.43333330","name":"Tsakva"},{"id":"850425","latitude":"42.01805560","longitude":"43.47083330","name":"Tsip'a"},{"id":"850428","latitude":"42.05000000","longitude":"43.23333330","name":"Tsipi"},{"id":"850472","latitude":"42.12027780","longitude":"43.41000000","name":"Ts'its'kiuri"},{"id":"850481","latitude":"42.03555560","longitude":"43.07166670","name":"Tskalaporeti"},{"id":"850588","latitude":"42.03555560","longitude":"43.07166670","name":"Tsqalap'oret'i"},{"id":"850650","latitude":"42.10861110","longitude":"43.24166670","name":"Ubisa"},{"id":"850651","latitude":"42.10861110","longitude":"43.24166670","name":"Ubisi"},{"id":"850652","latitude":"42.05000000","longitude":"43.18333330","name":"Uchameti"},{"id":"850748","latitude":"41.94583330","longitude":"43.31944440","name":"Vakhani"},{"id":"850754","latitude":"42.12194440","longitude":"43.48166670","name":"Vakisa"},{"id":"850775","latitude":"41.98333330","longitude":"43.20000000","name":"Vani"},{"id":"850796","latitude":"42.03638890","longitude":"43.10722220","name":"Vardzia"},{"id":"850797","latitude":"42.03638890","longitude":"43.10722220","name":"Vardziya"},{"id":"850817","latitude":"42.12972220","longitude":"43.31055560","name":"Vashlevi"},{"id":"850939","latitude":"42.11222220","longitude":"43.32472220","name":"Vertichala"},{"id":"850940","latitude":"42.11222220","longitude":"43.32472220","name":"Vertkvichala"},{"id":"850941","latitude":"42.11666670","longitude":"43.33000000","name":"Vertkvila"},{"id":"850942","latitude":"42.11666670","longitude":"43.33000000","name":"Vertkvile"},{"id":"850943","latitude":"42.11666670","longitude":"43.33000000","name":"Vertqvila"},{"id":"851047","latitude":"42.00694440","longitude":"43.23500000","name":"Zanani"},{"id":"851054","latitude":"42.00694440","longitude":"43.23500000","name":"Zarani"},{"id":"851106","latitude":"42.13333330","longitude":"43.46666670","name":"Zeda Lich'i"},{"id":"851143","latitude":"41.95000000","longitude":"43.31666670","name":"Zedubani"},{"id":"851414","latitude":"41.97472220","longitude":"43.40777780","name":"Zvare"}]