[{"id":"844054","latitude":"42.36472220","longitude":"42.90777780","name":"Akhaldaba"},{"id":"844127","latitude":"42.31250000","longitude":"42.95555560","name":"Akhalsop'eli"},{"id":"844305","latitude":"42.39083330","longitude":"42.85138890","name":"Antoria"},{"id":"844521","latitude":"42.33333330","longitude":"42.87305560","name":"Bageti"},{"id":"844757","latitude":"42.37388890","longitude":"42.84277780","name":"Boboti"},{"id":"844758","latitude":"42.34000000","longitude":"43.11138890","name":"Bochorishvilebi"},{"id":"844917","latitude":"42.33333330","longitude":"42.88333330","name":"Buyeti"},{"id":"844928","latitude":"42.31666670","longitude":"42.98333330","name":"Bziauri"},{"id":"845133","latitude":"42.32500000","longitude":"42.84027780","name":"Chkepi"},{"id":"845197","latitude":"42.33333330","longitude":"42.76666670","name":"Cholevi"},{"id":"845275","latitude":"42.33611110","longitude":"42.92222220","name":"Dabadzveli"},{"id":"845276","latitude":"42.33611110","longitude":"42.92222220","name":"Dabadzyeli"},{"id":"845679","latitude":"42.35000000","longitude":"42.85000000","name":"Dzhonia"},{"id":"845705","latitude":"42.37555560","longitude":"42.80611110","name":"Dzhvarisa"},{"id":"845724","latitude":"42.35888890","longitude":"42.94888890","name":"Dzirovan"},{"id":"845725","latitude":"42.35888890","longitude":"42.94888890","name":"Dzirovani"},{"id":"845737","latitude":"42.42305560","longitude":"42.91638890","name":"Dzmuisi"},{"id":"845744","latitude":"42.32972220","longitude":"42.89333330","name":"Dzuknuri"},{"id":"845746","latitude":"42.32972220","longitude":"42.89333330","name":"Dzuqnuri"},{"id":"845849","latitude":"42.37138890","longitude":"42.89055560","name":"Gadagma-Tskaltsitela"},{"id":"845853","latitude":"42.37138890","longitude":"42.89055560","name":"Gadmogma-Tskaltsitela"},{"id":"845898","latitude":"42.29638890","longitude":"42.84861110","name":"Gamogma"},{"id":"845981","latitude":"42.29777780","longitude":"42.76750000","name":"Gelat'i"},{"id":"846278","latitude":"42.40333330","longitude":"42.86000000","name":"Gurna"},{"id":"846436","latitude":"42.35000000","longitude":"42.91666670","name":"Ivaneuli"},{"id":"846481","latitude":"42.37555560","longitude":"42.80611110","name":"Jvarisa"},{"id":"846879","latitude":"42.38305560","longitude":"42.81611110","name":"Khorchana"},{"id":"846880","latitude":"42.38305560","longitude":"42.81611110","name":"Khorehama"},{"id":"846999","latitude":"42.41222220","longitude":"42.77055560","name":"Kirovi"},{"id":"847012","latitude":"42.42583330","longitude":"42.87361110","name":"Kisoret'i"},{"id":"847016","latitude":"42.38277780","longitude":"42.86666670","name":"Kitkhidzhi"},{"id":"847017","latitude":"42.38277780","longitude":"42.86666670","name":"Kit'khiji"},{"id":"847100","latitude":"42.31805560","longitude":"42.82416670","name":"Koka"},{"id":"847149","latitude":"42.35972220","longitude":"42.85444440","name":"Koreyeti"},{"id":"847263","latitude":"42.30750000","longitude":"42.81361110","name":"Kursebi"},{"id":"847348","latitude":"42.33333330","longitude":"42.85000000","name":"Kveda-Chkepi"},{"id":"847353","latitude":"42.33333330","longitude":"42.85000000","name":"K'veda Chqepi"},{"id":"847668","latitude":"42.34527780","longitude":"42.84638890","name":"Lapeti"},{"id":"847723","latitude":"42.34027780","longitude":"42.89777780","name":"Legva"},{"id":"847879","latitude":"42.36944440","longitude":"42.79750000","name":"Mahdikori"},{"id":"847962","latitude":"42.36944440","longitude":"42.79750000","name":"Mandikori"},{"id":"848231","latitude":"42.28805560","longitude":"42.75527780","name":"Motsameta"},{"id":"848232","latitude":"42.28805560","longitude":"42.75527780","name":"Motsameti"},{"id":"848304","latitude":"42.32805560","longitude":"43.10194440","name":"Mukhura"},{"id":"848357","latitude":"42.31666670","longitude":"42.80000000","name":"Naboslevi"},{"id":"848385","latitude":"42.36916670","longitude":"42.82388890","name":"Nadzva"},{"id":"848663","latitude":"42.30000000","longitude":"42.73333330","name":"Noga"},{"id":"848725","latitude":"42.38638890","longitude":"42.78138890","name":"Odzhola"},{"id":"848731","latitude":"42.38638890","longitude":"42.78138890","name":"Ojola"},{"id":"848740","latitude":"42.30305560","longitude":"42.85166670","name":"Okhomira"},{"id":"848837","latitude":"42.32805560","longitude":"42.81888890","name":"Orpiri"},{"id":"849147","latitude":"42.38333330","longitude":"42.86666670","name":"Prialoura"},{"id":"849450","latitude":"42.32250000","longitude":"43.05527780","name":"Sakvirao"},{"id":"849590","latitude":"42.34694440","longitude":"42.93805560","name":"Satsire"},{"id":"849662","latitude":"42.40416670","longitude":"42.88888890","name":"Shaori"},{"id":"849804","latitude":"42.35000000","longitude":"42.83333330","name":"Shukeri"},{"id":"849886","latitude":"42.39833330","longitude":"42.90861110","name":"Soch'khet'i"},{"id":"850191","latitude":"42.34416670","longitude":"42.99000000","name":"Tkibuli"},{"id":"850199","latitude":"42.34416670","longitude":"42.99000000","name":"Tkvibeli"},{"id":"850200","latitude":"42.34416670","longitude":"42.99000000","name":"Tkvibuli"},{"id":"850203","latitude":"42.34416670","longitude":"42.99000000","name":"Tkwibuli"},{"id":"850270","latitude":"42.34416670","longitude":"42.99000000","name":"Tqibuli"},{"id":"850381","latitude":"42.35000000","longitude":"42.85000000","name":"Tsikhia"},{"id":"850483","latitude":"42.37138890","longitude":"42.89055560","name":"Tskalitela"},{"id":"850554","latitude":"42.40416670","longitude":"42.88888890","name":"Tsknori"},{"id":"850609","latitude":"42.28444440","longitude":"42.87222220","name":"Ts'uts'khvat'i"},{"id":"851081","latitude":"42.32500000","longitude":"42.84027780","name":"Zeda-Chkepi"},{"id":"851146","latitude":"42.33027780","longitude":"42.90361110","name":"Zedubani"},{"id":"851149","latitude":"42.33027780","longitude":"42.90361110","name":"Zeduhani"}]