[{"id":"844070","latitude":"42.43055560","longitude":"42.04027780","name":"Akhali Khibula"},{"id":"844096","latitude":"42.43055560","longitude":"42.04027780","name":"Akhalkhibula"},{"id":"844120","latitude":"42.24944440","longitude":"41.84916670","name":"Akhalsop'eli"},{"id":"844239","latitude":"42.28472220","longitude":"41.94416670","name":"Alioni"},{"id":"844724","latitude":"42.35250000","longitude":"41.92694440","name":"Bia"},{"id":"844725","latitude":"42.35888890","longitude":"41.94138890","name":"Bia-Sashonio"},{"id":"844892","latitude":"42.24638890","longitude":"41.95972220","name":"Bulishi"},{"id":"844895","latitude":"42.36500000","longitude":"41.87750000","name":"Bulitsku"},{"id":"844896","latitude":"42.36500000","longitude":"41.87750000","name":"Bulitsqu"},{"id":"844975","latitude":"42.22777780","longitude":"41.83833330","name":"Chaladidi"},{"id":"845088","latitude":"42.32555560","longitude":"41.88638890","name":"Chikhu"},{"id":"845560","latitude":"42.23833330","longitude":"41.93138890","name":"Durgena"},{"id":"845561","latitude":"42.23833330","longitude":"41.93138890","name":"Durghena"},{"id":"845630","latitude":"42.40694440","longitude":"41.98472220","name":"Dzhapshakari"},{"id":"845754","latitude":"42.47055560","longitude":"41.99388890","name":"Dzveli Khibula"},{"id":"845857","latitude":"42.25805560","longitude":"41.79166670","name":"Gaghma K'ariata"},{"id":"845858","latitude":"42.26555560","longitude":"41.84722220","name":"Gaghma Pirveli Khorga"},{"id":"845864","latitude":"42.26555560","longitude":"41.71472220","name":"Gagma-Kanata"},{"id":"845865","latitude":"42.25805560","longitude":"41.79166670","name":"Gagma-Kariata"},{"id":"845866","latitude":"42.26555560","longitude":"41.84722220","name":"Gagma-Khorga"},{"id":"845869","latitude":"42.26555560","longitude":"41.84722220","name":"Gagma Pirveli Khorga"},{"id":"845871","latitude":"42.25555560","longitude":"41.80527780","name":"Gagma-Shua Khorga"},{"id":"845894","latitude":"42.27416670","longitude":"41.83916670","name":"Gamoghma Pirveli Khorga"},{"id":"845895","latitude":"42.26861110","longitude":"41.80638890","name":"Gamoghma Shua Khorga"},{"id":"845899","latitude":"42.27388890","longitude":"41.76472220","name":"Gamogma-Kariata"},{"id":"845902","latitude":"42.27416670","longitude":"41.83916670","name":"Gamogma Pirveli Khorga"},{"id":"845903","latitude":"42.26861110","longitude":"41.80638890","name":"Gamogma Shua Khorga"},{"id":"845926","latitude":"42.23583330","longitude":"41.88055560","name":"Gantiadi"},{"id":"845952","latitude":"42.44666670","longitude":"42.04222220","name":"Gashperdi"},{"id":"846025","latitude":"42.25861110","longitude":"41.95027780","name":"Gimozgondzhili"},{"id":"846026","latitude":"42.25861110","longitude":"41.95027780","name":"Gimozgonjili"},{"id":"846027","latitude":"42.25861110","longitude":"41.95027780","name":"Gimozgvendzhili"},{"id":"846076","latitude":"42.23805560","longitude":"41.98083330","name":"Golaskuri"},{"id":"846144","latitude":"42.44666670","longitude":"42.04222220","name":"Goshperdi"},{"id":"846273","latitude":"42.29972220","longitude":"41.88250000","name":"Guripuli"},{"id":"846274","latitude":"42.28805560","longitude":"41.87888890","name":"Guripuli Meore"},{"id":"846319","latitude":"42.28166670","longitude":"41.98166670","name":"Gvimaroni"},{"id":"846555","latitude":"42.40694440","longitude":"41.98472220","name":"Kap'shak'ari"},{"id":"846596","latitude":"42.25805560","longitude":"41.79166670","name":"Kariata"},{"id":"846616","latitude":"42.25805560","longitude":"41.79166670","name":"Karyati"},{"id":"846740","latitude":"42.38972220","longitude":"41.80777780","name":"Khamiskuri"},{"id":"846741","latitude":"42.38972220","longitude":"41.80777780","name":"Khamisquri"},{"id":"846805","latitude":"42.36138890","longitude":"41.85472220","name":"Kheta"},{"id":"846822","latitude":"42.47055560","longitude":"41.99388890","name":"Khibula"},{"id":"846849","latitude":"42.32694440","longitude":"41.89722220","name":"Khobi"},{"id":"846871","latitude":"42.32694440","longitude":"41.89722220","name":"Khopi"},{"id":"846883","latitude":"42.27416670","longitude":"41.83916670","name":"Khorga"},{"id":"847141","latitude":"42.24638890","longitude":"41.79305560","name":"Korati"},{"id":"847242","latitude":"42.27583330","longitude":"41.64777780","name":"Kulevi"},{"id":"847243","latitude":"42.27583330","longitude":"41.64777780","name":"Kulevisi"},{"id":"847283","latitude":"42.32194440","longitude":"41.94861110","name":"Kutkhenodzhikhevi"},{"id":"847306","latitude":"42.28472220","longitude":"41.94416670","name":"Kvaloni"},{"id":"847671","latitude":"42.35472220","longitude":"41.84250000","name":"Larch'va"},{"id":"848074","latitude":"42.24555560","longitude":"41.95416670","name":"Mendzhi"},{"id":"848089","latitude":"42.28805560","longitude":"41.87888890","name":"Meore Guripuli"},{"id":"848091","latitude":"42.35000000","longitude":"41.91666670","name":"Meore Khobi"},{"id":"848349","latitude":"42.17750000","longitude":"41.66361110","name":"Nabada"},{"id":"848382","latitude":"42.32194440","longitude":"41.94861110","name":"Nadzhikhevi"},{"id":"848476","latitude":"42.32138890","longitude":"41.91777780","name":"Nap'oshtu"},{"id":"848652","latitude":"42.35277780","longitude":"41.81722220","name":"Nochkhoni"},{"id":"848658","latitude":"42.29944440","longitude":"41.94861110","name":"Nodzhikhevi"},{"id":"848669","latitude":"42.29944440","longitude":"41.94861110","name":"Nojikhevi"},{"id":"848743","latitude":"42.36916670","longitude":"41.84305560","name":"Okhvamekari"},{"id":"848744","latitude":"42.36916670","longitude":"41.84305560","name":"Okhvame"},{"id":"848998","latitude":"42.19083330","longitude":"41.72361110","name":"Patara P'ot'i"},{"id":"849073","latitude":"42.29972220","longitude":"41.88250000","name":"Pirveli-Guripuli"},{"id":"849139","latitude":"42.15527780","longitude":"41.67166670","name":"P'ot'i"},{"id":"849200","latitude":"42.24638890","longitude":"41.79305560","name":"Qorat'i"},{"id":"849205","latitude":"42.27583330","longitude":"41.64777780","name":"Qulevi"},{"id":"849228","latitude":"42.27583330","longitude":"41.64777780","name":"Redut-Kale Kulevi"},{"id":"849230","latitude":"42.26916670","longitude":"41.99416670","name":"Reka"},{"id":"849287","latitude":"42.30861110","longitude":"41.97444440","name":"Saalanio"},{"id":"849288","latitude":"42.30861110","longitude":"41.97444440","name":"Saalanio-Sapachulio"},{"id":"849291","latitude":"42.21000000","longitude":"41.78861110","name":"Sabazho"},{"id":"849308","latitude":"42.34444440","longitude":"41.77888890","name":"Sabukio"},{"id":"849330","latitude":"42.20305560","longitude":"41.75750000","name":"Sachochuo"},{"id":"849364","latitude":"42.22805560","longitude":"41.83833330","name":"Saghvamich'avo"},{"id":"849375","latitude":"42.22805560","longitude":"41.83833330","name":"Sagvamichao"},{"id":"849376","latitude":"42.22805560","longitude":"41.83833330","name":"Sagvamichavo"},{"id":"849379","latitude":"42.20583330","longitude":"41.87083330","name":"Sagvich'io"},{"id":"849416","latitude":"42.31583330","longitude":"41.94527780","name":"Sakhocholao"},{"id":"849417","latitude":"42.31583330","longitude":"41.94527780","name":"Sakhocholavo"},{"id":"849424","latitude":"42.38000000","longitude":"41.83000000","name":"Sakirio"},{"id":"849435","latitude":"42.20555560","longitude":"41.80000000","name":"Sakorkio"},{"id":"849449","latitude":"42.35000000","longitude":"41.86666670","name":"Sakvikvinio"},{"id":"849457","latitude":"42.36361110","longitude":"41.79472220","name":"Salatario"},{"id":"849566","latitude":"42.35888890","longitude":"41.94138890","name":"Sashonio"},{"id":"849776","latitude":"42.26861110","longitude":"41.80638890","name":"Shua-Khorga"},{"id":"849781","latitude":"42.28472220","longitude":"41.94416670","name":"Shua Kvaloni"},{"id":"849885","latitude":"42.47500000","longitude":"42.00750000","name":"Soboga"},{"id":"849912","latitude":"42.24944440","longitude":"41.84916670","name":"Sovkhoz Akhalsopeli"},{"id":"850252","latitude":"42.35666670","longitude":"41.78972220","name":"T'orsa"},{"id":"850398","latitude":"42.34083330","longitude":"41.84972220","name":"Tsinagola"},{"id":"850477","latitude":"42.34750000","longitude":"41.98416670","name":"Tsizeti"},{"id":"850478","latitude":"42.34750000","longitude":"41.98416670","name":"Tsizetti"},{"id":"851186","latitude":"42.34000000","longitude":"41.95861110","name":"Zemo-Bia"},{"id":"851255","latitude":"42.30611110","longitude":"41.93250000","name":"Zemo K'valoni"},{"id":"851332","latitude":"42.31277780","longitude":"41.92000000","name":"Zeni"},{"id":"851399","latitude":"42.40222220","longitude":"41.99555560","name":"Zubi"}]