[{"id":"844372","latitude":"42.30222220","longitude":"43.48388890","name":"Argvet'i"},{"id":"844508","latitude":"42.33333330","longitude":"43.35000000","name":"Badzhiti"},{"id":"844541","latitude":"42.26666670","longitude":"43.46666670","name":"Bakhioti"},{"id":"844672","latitude":"42.16666670","longitude":"43.55000000","name":"Bekami"},{"id":"844673","latitude":"42.16666670","longitude":"43.55000000","name":"Bekami Bolshiye"},{"id":"844767","latitude":"42.33333330","longitude":"43.35000000","name":"Bodzhiti"},{"id":"844926","latitude":"42.28333330","longitude":"43.38333330","name":"Bzhinevi"},{"id":"844973","latitude":"42.33250000","longitude":"43.51861110","name":"Chala"},{"id":"844992","latitude":"42.17861110","longitude":"43.51805560","name":"Chalovani"},{"id":"844995","latitude":"42.17861110","longitude":"43.51805560","name":"Chalvani"},{"id":"844996","latitude":"42.17861110","longitude":"43.51805560","name":"Chalvani Nizhniye"},{"id":"845083","latitude":"42.34944440","longitude":"43.43388890","name":"Ch'ikha"},{"id":"845170","latitude":"42.28916670","longitude":"43.42277780","name":"Chlorvila"},{"id":"845210","latitude":"42.23833330","longitude":"43.55055560","name":"Chonto"},{"id":"845223","latitude":"42.28916670","longitude":"43.42277780","name":"Chorvila"},{"id":"845254","latitude":"42.36666670","longitude":"43.60000000","name":"Churnali"},{"id":"845299","latitude":"42.35777780","longitude":"43.62638890","name":"Dallag-Kanzman"},{"id":"845300","latitude":"42.35777780","longitude":"43.62638890","name":"Dallag-Karzman"},{"id":"845335","latitude":"42.32833330","longitude":"43.54722220","name":"Darka"},{"id":"845337","latitude":"42.34111110","longitude":"43.36277780","name":"Darkveti"},{"id":"845344","latitude":"42.36194440","longitude":"43.52277780","name":"Davayeti"},{"id":"845346","latitude":"42.36194440","longitude":"43.52277780","name":"Daveti"},{"id":"845351","latitude":"42.14138890","longitude":"43.54611110","name":"Dedabera"},{"id":"845534","latitude":"42.36194440","longitude":"43.52277780","name":"Dovleti"},{"id":"845539","latitude":"42.33333330","longitude":"43.53333330","name":"Drbo"},{"id":"845556","latitude":"42.35000000","longitude":"43.41666670","name":"Dunta"},{"id":"845559","latitude":"42.27666670","longitude":"43.50555560","name":"Durevi"},{"id":"845607","latitude":"42.40611110","longitude":"43.65083330","name":"Dzhalabeti"},{"id":"845609","latitude":"42.25500000","longitude":"43.41166670","name":"Dzhalauri"},{"id":"845610","latitude":"42.25500000","longitude":"43.41166670","name":"Dzhalaurta"},{"id":"845677","latitude":"42.42611110","longitude":"43.38250000","name":"Dzholkheti"},{"id":"845685","latitude":"42.34888890","longitude":"43.58666670","name":"Dzhria"},{"id":"845726","latitude":"42.26666670","longitude":"43.60000000","name":"Dzirula"},{"id":"845820","latitude":"42.31250000","longitude":"43.50305560","name":"Eto"},{"id":"846048","latitude":"42.15694440","longitude":"43.49444440","name":"Godora"},{"id":"846064","latitude":"42.23666670","longitude":"43.47722220","name":"Gogoladzeyebi"},{"id":"846101","latitude":"42.33638890","longitude":"43.50944440","name":"Gona"},{"id":"846130","latitude":"42.28861110","longitude":"43.46000000","name":"Gorisa"},{"id":"846418","latitude":"42.30000000","longitude":"43.53333330","name":"Irtavaza"},{"id":"846433","latitude":"42.30000000","longitude":"43.48333330","name":"Itskisi"},{"id":"846448","latitude":"42.25500000","longitude":"43.41166670","name":"Jalaurt'a"},{"id":"846466","latitude":"42.34888890","longitude":"43.58666670","name":"Jria"},{"id":"846478","latitude":"42.20000000","longitude":"43.56666670","name":"Jvari"},{"id":"846536","latitude":"42.31666670","longitude":"43.40000000","name":"Kaluata"},{"id":"846537","latitude":"42.31666670","longitude":"43.40000000","name":"Kalvata"},{"id":"846619","latitude":"42.35000000","longitude":"43.63333330","name":"Karzman"},{"id":"846732","latitude":"42.40000000","longitude":"43.61666670","name":"Khakheti"},{"id":"846945","latitude":"42.19972220","longitude":"43.53361110","name":"Khvani"},{"id":"847119","latitude":"42.30055560","longitude":"43.54555560","name":"Kolevi"},{"id":"847142","latitude":"42.24250000","longitude":"43.48805560","name":"Korbouli"},{"id":"847148","latitude":"42.31000000","longitude":"43.39888890","name":"K'oret'i"},{"id":"847388","latitude":"42.35000000","longitude":"43.48333330","name":"K'veda Orghuli"},{"id":"847389","latitude":"42.35000000","longitude":"43.48333330","name":"Kveda-Orguli"},{"id":"847405","latitude":"42.16861110","longitude":"43.49555560","name":"Kveda-Tsmani"},{"id":"847479","latitude":"42.35777780","longitude":"43.62638890","name":"K'vemo K'arzmani"},{"id":"847578","latitude":"42.39222220","longitude":"43.41111110","name":"Kvereti"},{"id":"847590","latitude":"42.43194440","longitude":"43.41638890","name":"Kvichori"},{"id":"847895","latitude":"42.28333330","longitude":"43.50000000","name":"Makhatauri"},{"id":"847921","latitude":"42.32000000","longitude":"43.39166670","name":"Malvata"},{"id":"848105","latitude":"42.31250000","longitude":"43.45111110","name":"Merdzhevi"},{"id":"848111","latitude":"42.31250000","longitude":"43.45111110","name":"Merjevi"},{"id":"848196","latitude":"42.27083330","longitude":"43.41916670","name":"Modzvi"},{"id":"848205","latitude":"42.40250000","longitude":"43.32527780","name":"Mokhva"},{"id":"848546","latitude":"42.21416670","longitude":"43.47055560","name":"Nigvzara"},{"id":"848819","latitude":"42.34444440","longitude":"43.48444440","name":"Orguli"},{"id":"848873","latitude":"42.22611110","longitude":"43.56916670","name":"Otria"},{"id":"849032","latitude":"42.37472220","longitude":"43.60138890","name":"Perevi"},{"id":"849327","latitude":"42.34527780","longitude":"43.41944440","name":"Sach'khere"},{"id":"849328","latitude":"42.34527780","longitude":"43.41944440","name":"Sachkheri"},{"id":"849382","latitude":"42.31916670","longitude":"43.41222220","name":"Sairkhe"},{"id":"849389","latitude":"42.25194440","longitude":"43.52555560","name":"Sakanapura"},{"id":"849431","latitude":"42.33333330","longitude":"43.48333330","name":"Sakokhia"},{"id":"849537","latitude":"42.34111110","longitude":"43.36277780","name":"Sareki"},{"id":"849604","latitude":"42.31916670","longitude":"43.46777780","name":"Savane"},{"id":"849651","latitude":"42.28333330","longitude":"43.46666670","name":"Shalauri"},{"id":"849696","latitude":"42.29305560","longitude":"43.54805560","name":"Shekouli"},{"id":"849741","latitude":"42.22805560","longitude":"43.42916670","name":"Shomakhet'i"},{"id":"849835","latitude":"42.39861110","longitude":"43.62861110","name":"Sinaguri"},{"id":"849855","latitude":"42.24555560","longitude":"43.49027780","name":"Sisvadzeyebi Nizhniye"},{"id":"849856","latitude":"42.24555560","longitude":"43.49027780","name":"Sisvadzeyebi"},{"id":"849857","latitude":"42.24555560","longitude":"43.49027780","name":"Sisvadzeyevi"},{"id":"849872","latitude":"42.35000000","longitude":"43.43333330","name":"Skhvitori"},{"id":"849918","latitude":"42.32222220","longitude":"43.52250000","name":"Spet'i"},{"id":"849927","latitude":"42.34527780","longitude":"43.41944440","name":"Ssatschcheri"},{"id":"850072","latitude":"42.41944440","longitude":"43.60388890","name":"T'edelet'i"},{"id":"850459","latitude":"42.31666670","longitude":"43.40000000","name":"Tsitelsopeli"},{"id":"850501","latitude":"42.28638890","longitude":"43.51277780","name":"Tskhami"},{"id":"850502","latitude":"42.28638890","longitude":"43.51277780","name":"Tskham"},{"id":"850529","latitude":"42.40972220","longitude":"43.40083330","name":"Ts'khomaret'i"},{"id":"850563","latitude":"42.16861110","longitude":"43.49555560","name":"Tsmani"},{"id":"850572","latitude":"42.35000000","longitude":"43.73333330","name":"Tsoisi"},{"id":"850689","latitude":"42.14611110","longitude":"43.58222220","name":"Ulumba"},{"id":"850717","latitude":"42.25388890","longitude":"43.56416670","name":"Uruna"},{"id":"850734","latitude":"42.41416670","longitude":"43.34277780","name":"Uzunta"},{"id":"850757","latitude":"42.30916670","longitude":"43.54861110","name":"Valanda"},{"id":"850974","latitude":"42.36666670","longitude":"43.63333330","name":"Vuallag-Karzman"},{"id":"851115","latitude":"42.34444440","longitude":"43.48444440","name":"Zeda-Orguli"},{"id":"851224","latitude":"42.36666670","longitude":"43.63333330","name":"Zemo-Karzmani"}]