[{"id":"844176","latitude":"42.54611110","longitude":"44.17666670","name":"Akhubati"},{"id":"844292","latitude":"42.35472220","longitude":"43.93722220","name":"Andisi"},{"id":"844380","latitude":"42.56388890","longitude":"44.11361110","name":"Arkhibili"},{"id":"844410","latitude":"42.42722220","longitude":"43.82000000","name":"Asano"},{"id":"844425","latitude":"42.51055560","longitude":"44.24777780","name":"Astaukag-Erman"},{"id":"844427","latitude":"42.57750000","longitude":"44.16805560","name":"Astaukag-Sba"},{"id":"844509","latitude":"42.47305560","longitude":"44.10444440","name":"Badzhygata"},{"id":"844525","latitude":"42.50722220","longitude":"44.07083330","name":"Bagiata"},{"id":"844614","latitude":"42.36666670","longitude":"43.91666670","name":"Bars"},{"id":"844616","latitude":"42.36666670","longitude":"43.91666670","name":"Barsi"},{"id":"844639","latitude":"42.47305560","longitude":"44.10444440","name":"Baugad"},{"id":"844745","latitude":"42.46666670","longitude":"43.71666670","name":"Biteta"},{"id":"844746","latitude":"42.46666670","longitude":"43.71666670","name":"Bitetikau"},{"id":"844823","latitude":"42.43111110","longitude":"43.96861110","name":"Bordzhnis"},{"id":"844824","latitude":"42.43111110","longitude":"43.96861110","name":"Borginisi"},{"id":"844825","latitude":"42.43111110","longitude":"43.96861110","name":"Borgnisi"},{"id":"844827","latitude":"42.44555560","longitude":"43.87277780","name":"Borikota"},{"id":"844853","latitude":"42.51888890","longitude":"44.19666670","name":"Britata"},{"id":"844854","latitude":"42.51888890","longitude":"44.19666670","name":"Britat"},{"id":"844855","latitude":"42.51888890","longitude":"44.19666670","name":"Britati"},{"id":"844918","latitude":"42.38111110","longitude":"43.92166670","name":"Buzala"},{"id":"845051","latitude":"42.55833330","longitude":"44.20611110","name":"Cheliata"},{"id":"845062","latitude":"42.46916670","longitude":"43.92277780","name":"Chesel't"},{"id":"845065","latitude":"42.38500000","longitude":"44.01250000","name":"Chetar"},{"id":"845066","latitude":"42.42250000","longitude":"43.97138890","name":"Chetor"},{"id":"845084","latitude":"42.36666670","longitude":"43.86666670","name":"Chikhantura"},{"id":"845097","latitude":"42.40361110","longitude":"43.98750000","name":"Chimas"},{"id":"845099","latitude":"42.40361110","longitude":"43.98750000","name":"Chimasi"},{"id":"845230","latitude":"42.45444440","longitude":"44.08166670","name":"Chrdilo-Chiprani"},{"id":"845269","latitude":"42.39972220","longitude":"43.93666670","name":"Chvrivi"},{"id":"845294","latitude":"42.49666670","longitude":"44.03527780","name":"Dallag-Bakarta"},{"id":"845297","latitude":"42.51250000","longitude":"44.23833330","name":"Dallag-Erman"},{"id":"845301","latitude":"42.40833330","longitude":"43.96527780","name":"Dallag-Khvtse"},{"id":"845303","latitude":"42.54250000","longitude":"44.11777780","name":"Dallag-Roki"},{"id":"845304","latitude":"42.56555560","longitude":"44.16888890","name":"Dallag-Sba"},{"id":"845428","latitude":"42.34861110","longitude":"43.90083330","name":"Didi Gup't'a"},{"id":"845510","latitude":"42.45555560","longitude":"43.73361110","name":"Dodota"},{"id":"845513","latitude":"42.45555560","longitude":"43.73361110","name":"Dodotikau"},{"id":"845543","latitude":"42.48027780","longitude":"43.93972220","name":"Duadonisatu"},{"id":"845558","latitude":"42.48027780","longitude":"43.93972220","name":"Duodonasto"},{"id":"845635","latitude":"42.39972220","longitude":"43.93666670","name":"Dzhava"},{"id":"845684","latitude":"42.36305560","longitude":"43.95166670","name":"Dzhria"},{"id":"845738","latitude":"42.57638890","longitude":"44.04750000","name":"Dzomag"},{"id":"845739","latitude":"42.57638890","longitude":"44.04750000","name":"Dzomagi"},{"id":"845740","latitude":"42.54611110","longitude":"44.11611110","name":"Dzuarbina"},{"id":"845769","latitude":"42.53777780","longitude":"44.21555560","name":"Edisa"},{"id":"845770","latitude":"42.53777780","longitude":"44.21555560","name":"Edisi"},{"id":"845774","latitude":"42.42777780","longitude":"44.00805560","name":"Elbachita"},{"id":"845783","latitude":"42.55000000","longitude":"44.11666670","name":"Elontkau"},{"id":"845801","latitude":"42.46083330","longitude":"43.79333330","name":"Erio"},{"id":"845807","latitude":"42.46083330","longitude":"43.79333330","name":"Ertso"},{"id":"845837","latitude":"42.44027780","longitude":"44.27138890","name":"Farazi"},{"id":"845883","latitude":"42.56666670","longitude":"44.26666670","name":"Galuata"},{"id":"846039","latitude":"42.45944440","longitude":"44.27055560","name":"Gnugi"},{"id":"846149","latitude":"42.45194440","longitude":"44.29333330","name":"Gozo"},{"id":"846254","latitude":"42.34861110","longitude":"43.90083330","name":"Gunta Bolshaya"},{"id":"846261","latitude":"42.35000000","longitude":"43.91666670","name":"Gupta Malaya"},{"id":"846429","latitude":"42.33333330","longitude":"43.91666670","name":"Itrapisi"},{"id":"846430","latitude":"42.33333330","longitude":"43.91666670","name":"Itrapis"},{"id":"846451","latitude":"42.39972220","longitude":"43.93666670","name":"Java"},{"id":"846485","latitude":"42.54277780","longitude":"44.23500000","name":"Kabuzta"},{"id":"846496","latitude":"42.46583330","longitude":"44.14222220","name":"(( Kadasar ))"},{"id":"846507","latitude":"42.56611110","longitude":"44.04333330","name":"Kakatikau"},{"id":"846520","latitude":"42.46666670","longitude":"43.90000000","name":"Kala"},{"id":"846622","latitude":"42.56611110","longitude":"44.04333330","name":"Kasatikau"},{"id":"846623","latitude":"42.39388890","longitude":"44.00722220","name":"Kasatikay"},{"id":"846683","latitude":"42.44472220","longitude":"43.83972220","name":"Kemul'ta"},{"id":"846684","latitude":"42.44472220","longitude":"43.83972220","name":"Kemul'to"},{"id":"846698","latitude":"42.46916670","longitude":"43.92277780","name":"Kesel'ta"},{"id":"846701","latitude":"42.46916670","longitude":"43.92277780","name":"K'eshel'ta"},{"id":"846739","latitude":"42.46666670","longitude":"43.83333330","name":"Khalivdon"},{"id":"846742","latitude":"42.45000000","longitude":"43.73333330","name":"Khampalgomi"},{"id":"846743","latitude":"42.45000000","longitude":"43.73333330","name":"Khampalgom"},{"id":"846833","latitude":"42.41194440","longitude":"43.83861110","name":"Khikhata"},{"id":"846856","latitude":"42.53527780","longitude":"44.24555560","name":"Khodzi"},{"id":"846857","latitude":"42.53527780","longitude":"44.24555560","name":"Khodz"},{"id":"846919","latitude":"42.46666670","longitude":"43.70000000","name":"Khugata"},{"id":"846920","latitude":"42.46666670","longitude":"43.70000000","name":"Khugatikau"},{"id":"846936","latitude":"42.45444440","longitude":"44.08166670","name":"Khusar-Tsipran"},{"id":"846956","latitude":"42.41666670","longitude":"43.95000000","name":"Khvtse"},{"id":"847062","latitude":"42.41972220","longitude":"44.05944440","name":"Kobi"},{"id":"847079","latitude":"42.36083330","longitude":"43.90555560","name":"Kodibina"},{"id":"847080","latitude":"42.36083330","longitude":"43.90555560","name":"Kodibin"},{"id":"847115","latitude":"42.46666670","longitude":"43.90000000","name":"Kola"},{"id":"847161","latitude":"42.40583330","longitude":"43.86888890","name":"Korsevi"},{"id":"847178","latitude":"42.46027780","longitude":"44.04361110","name":"Koshka"},{"id":"847187","latitude":"42.43111110","longitude":"43.83694440","name":"Kotanto"},{"id":"847194","latitude":"42.56611110","longitude":"44.04333330","name":"Kozantikau"},{"id":"847207","latitude":"42.39500000","longitude":"43.97222220","name":"Kroza"},{"id":"847209","latitude":"42.39500000","longitude":"43.97222220","name":"Kroz"},{"id":"847234","latitude":"42.35000000","longitude":"43.93333330","name":"Kulakhta"},{"id":"847246","latitude":"42.35000000","longitude":"43.93333330","name":"Kulukhta"},{"id":"847419","latitude":"42.42722220","longitude":"43.82000000","name":"Kvemo Abano"},{"id":"847436","latitude":"42.49666670","longitude":"44.03527780","name":"Kvemo-Bakarda"},{"id":"847452","latitude":"42.55444440","longitude":"44.19805560","name":"Kvemo-Chelyat"},{"id":"847461","latitude":"42.57638890","longitude":"44.04750000","name":"Kvemo-Dzhomaga"},{"id":"847474","latitude":"42.57638890","longitude":"44.04750000","name":"K'vemo Jomagha"},{"id":"847475","latitude":"42.54277780","longitude":"44.23500000","name":"Kvemo-Kabuzta"},{"id":"847493","latitude":"42.40833330","longitude":"43.96527780","name":"K'vemo Khvtse"},{"id":"847499","latitude":"42.40583330","longitude":"43.86888890","name":"Kvemo-Korsevi"},{"id":"847501","latitude":"42.46777780","longitude":"44.05527780","name":"Kvemo-Koshka"},{"id":"847505","latitude":"42.46777780","longitude":"44.05527780","name":"Kvemo-Kuschita"},{"id":"847511","latitude":"42.50000000","longitude":"43.86666670","name":"Kvemo-Machkhara"},{"id":"847545","latitude":"42.54611110","longitude":"44.11611110","name":"K'vemo Roka"},{"id":"847546","latitude":"42.54611110","longitude":"44.11611110","name":"Kvemo-Roke"},{"id":"847550","latitude":"42.56555560","longitude":"44.16888890","name":"Kvemo-Sba"},{"id":"847567","latitude":"42.51250000","longitude":"44.23833330","name":"Kvemo-Yermani"},{"id":"847781","latitude":"42.41972220","longitude":"44.05944440","name":"Letnik Kobi"},{"id":"847816","latitude":"42.49666670","longitude":"44.08138890","name":"Litsi"},{"id":"847857","latitude":"42.49444440","longitude":"43.86555560","name":"Machkhara"},{"id":"847871","latitude":"42.58611110","longitude":"44.07222220","name":"Magi"},{"id":"847875","latitude":"42.58611110","longitude":"44.07222220","name":"Mag"},{"id":"847881","latitude":"42.47638890","longitude":"43.93805560","name":"Mairami"},{"id":"847897","latitude":"42.49444440","longitude":"43.86555560","name":"Makhchara"},{"id":"848027","latitude":"42.47638890","longitude":"43.93805560","name":"Mayram"},{"id":"848047","latitude":"42.35000000","longitude":"43.95000000","name":"Medoita"},{"id":"848048","latitude":"42.35000000","longitude":"43.95000000","name":"Medoyta"},{"id":"848227","latitude":"42.37083330","longitude":"43.92777780","name":"Morgo"},{"id":"848247","latitude":"42.39083330","longitude":"43.91472220","name":"Mskhlebi"},{"id":"848284","latitude":"42.42583330","longitude":"43.91888890","name":"Muguti"},{"id":"848286","latitude":"42.42583330","longitude":"43.91888890","name":"Mugut"},{"id":"848311","latitude":"42.46666670","longitude":"43.86666670","name":"Muldarta"},{"id":"848518","latitude":"42.41666670","longitude":"43.85000000","name":"Nazidzhin"},{"id":"848519","latitude":"42.41666670","longitude":"43.85000000","name":"Nazigina"},{"id":"848520","latitude":"42.38888890","longitude":"44.03055560","name":"Nazigino"},{"id":"848557","latitude":"42.38333330","longitude":"43.93333330","name":"Ninia"},{"id":"848574","latitude":"42.42722220","longitude":"43.82000000","name":"Nizhneye Abano"},{"id":"848578","latitude":"42.40833330","longitude":"43.96527780","name":"Nizhneye Khvtse"},{"id":"848595","latitude":"42.51250000","longitude":"44.23833330","name":"Nizhniye Ermani"},{"id":"848632","latitude":"42.49666670","longitude":"44.03527780","name":"Nizhniy Ursdzuar"},{"id":"848636","latitude":"42.55444440","longitude":"44.19805560","name":"Nizhnyaya Cheliata"},{"id":"848646","latitude":"42.56555560","longitude":"44.16888890","name":"Nizhnyaya Sba"},{"id":"848666","latitude":"42.36666670","longitude":"43.96666670","name":"Nogkau"},{"id":"848971","latitude":"42.35000000","longitude":"43.91666670","name":"Patara-Gupta"},{"id":"849021","latitude":"42.35722220","longitude":"43.89416670","name":"Patsa"},{"id":"849195","latitude":"42.44472220","longitude":"43.83972220","name":"Qemult'a"},{"id":"849222","latitude":"42.43777780","longitude":"43.88916670","name":"Raro"},{"id":"849224","latitude":"42.51611110","longitude":"44.19194440","name":"Razvaliny Khusarta"},{"id":"849225","latitude":"42.56861110","longitude":"44.21166670","name":"Razvaliny Zemo-Cheliata"},{"id":"849260","latitude":"42.42750000","longitude":"44.03083330","name":"Rokata"},{"id":"849422","latitude":"42.36666670","longitude":"43.90000000","name":"Sakire"},{"id":"849484","latitude":"42.46333330","longitude":"44.08555560","name":"Samkhret-Chiprani"},{"id":"849541","latitude":"42.46305560","longitude":"43.82416670","name":"Saritata"},{"id":"849609","latitude":"42.41555560","longitude":"44.01111110","name":"Sazeleti"},{"id":"849638","latitude":"42.54777780","longitude":"44.16555560","name":"Sgubiri"},{"id":"849667","latitude":"42.46305560","longitude":"43.82416670","name":"Sharita"},{"id":"849711","latitude":"42.36666670","longitude":"43.86666670","name":"Shikhanturi"},{"id":"849760","latitude":"42.34861110","longitude":"43.90083330","name":"Shtyr-Gufta"},{"id":"849792","latitude":"42.57750000","longitude":"44.16805560","name":"Shua-Sba"},{"id":"849799","latitude":"42.51055560","longitude":"44.24777780","name":"Shua-Yermani"},{"id":"849809","latitude":"42.43305560","longitude":"44.28833330","name":"Shulauri"},{"id":"849810","latitude":"42.43305560","longitude":"44.28833330","name":"Shulau"},{"id":"849828","latitude":"42.45388890","longitude":"43.89055560","name":"Sikhta"},{"id":"849840","latitude":"42.49638890","longitude":"43.79500000","name":"Sintbadan"},{"id":"849841","latitude":"42.49638890","longitude":"43.79500000","name":"Sintbadon"},{"id":"849850","latitude":"42.54944440","longitude":"44.11833330","name":"Sirkhautikau"},{"id":"849919","latitude":"42.55833330","longitude":"44.20611110","name":"Sredne Chelyat"},{"id":"849920","latitude":"42.51055560","longitude":"44.24777780","name":"Sredniye Ermani"},{"id":"849923","latitude":"42.55833330","longitude":"44.20611110","name":"Srednyaya Cheliata"},{"id":"849925","latitude":"42.57750000","longitude":"44.16805560","name":"Srednyaya Sba"},{"id":"850028","latitude":"42.50611110","longitude":"44.19472220","name":"Tapankau"},{"id":"850029","latitude":"42.50611110","longitude":"44.19472220","name":"Tapankhau"},{"id":"850168","latitude":"42.51666670","longitude":"43.96666670","name":"Tkhela"},{"id":"850169","latitude":"42.51666670","longitude":"43.96666670","name":"Tkheli"},{"id":"850205","latitude":"42.48166670","longitude":"44.12138890","name":"Tlia"},{"id":"850206","latitude":"42.48166670","longitude":"44.12138890","name":"Tli"},{"id":"850241","latitude":"42.40222220","longitude":"43.89916670","name":"Tontobeti"},{"id":"850242","latitude":"42.40222220","longitude":"43.89916670","name":"Tontobet"},{"id":"850243","latitude":"42.40222220","longitude":"43.89916670","name":"Tontobiti"},{"id":"850291","latitude":"42.47361110","longitude":"43.92388890","name":"Tsagata"},{"id":"850292","latitude":"42.54194440","longitude":"44.14250000","name":"Tsagatikau"},{"id":"850293","latitude":"42.54194440","longitude":"44.14250000","name":"Tsagatkau"},{"id":"850294","latitude":"42.46333330","longitude":"44.08555560","name":"Tsagat-Shipran"},{"id":"850295","latitude":"42.47361110","longitude":"43.92388890","name":"Tsagat"},{"id":"850296","latitude":"42.46333330","longitude":"44.08555560","name":"Tsagat-Tsipran"},{"id":"850324","latitude":"42.45861110","longitude":"43.90361110","name":"Tsamadi"},{"id":"850325","latitude":"42.45861110","longitude":"43.90361110","name":"Tsamad"},{"id":"850326","latitude":"42.45861110","longitude":"43.90361110","name":"Tsamat"},{"id":"850334","latitude":"42.47944440","longitude":"44.07166670","name":"Tsarita"},{"id":"850335","latitude":"42.47944440","longitude":"44.07166670","name":"Tsaritta"},{"id":"850371","latitude":"42.41666670","longitude":"43.98333330","name":"Tsifgina"},{"id":"850374","latitude":"42.46333330","longitude":"44.08555560","name":"Tsigat"},{"id":"850426","latitude":"42.41666670","longitude":"43.98333330","name":"Tsipdzhin"},{"id":"850577","latitude":"42.46111110","longitude":"43.72194440","name":"Tsona"},{"id":"850579","latitude":"42.46111110","longitude":"43.72194440","name":"Tson"},{"id":"850607","latitude":"42.46666670","longitude":"43.83333330","name":"Tsuskugomi"},{"id":"850608","latitude":"42.46666670","longitude":"43.83333330","name":"Tsuskugom"},{"id":"850620","latitude":"42.54250000","longitude":"44.06305560","name":"Tubat"},{"id":"850653","latitude":"42.39277780","longitude":"43.87750000","name":"Uchardanta"},{"id":"850666","latitude":"42.39277780","longitude":"43.87750000","name":"Ugardanta"},{"id":"850762","latitude":"42.56666670","longitude":"44.05000000","name":"Vallikau"},{"id":"850763","latitude":"42.56666670","longitude":"44.05000000","name":"Vallikru"},{"id":"850764","latitude":"42.48333330","longitude":"43.85555560","name":"Vametkau"},{"id":"850767","latitude":"42.46611110","longitude":"44.07083330","name":"Vaneli"},{"id":"850866","latitude":"42.41833330","longitude":"43.94916670","name":"Verkhneye Khvtse"},{"id":"850881","latitude":"42.51194440","longitude":"44.26722220","name":"Verkhniye Ermani"},{"id":"850902","latitude":"42.57694440","longitude":"44.12166670","name":"Verkhniye Roki"},{"id":"850919","latitude":"42.56861110","longitude":"44.21166670","name":"Verkhnyaya Cheliata"},{"id":"850957","latitude":"42.48777780","longitude":"44.10666670","name":"(( Visto ))"},{"id":"850965","latitude":"42.43361110","longitude":"44.04055560","name":"Voneli"},{"id":"850972","latitude":"42.51194440","longitude":"44.26722220","name":"Vuallag-Erman"},{"id":"850975","latitude":"42.41833330","longitude":"43.94916670","name":"Vuallag-Khvtse"},{"id":"850977","latitude":"42.57694440","longitude":"44.12166670","name":"Vuallag-Roki"},{"id":"850986","latitude":"42.53777780","longitude":"44.21555560","name":"Yedisa"},{"id":"850991","latitude":"42.42777780","longitude":"44.00805560","name":"Yelbakita"},{"id":"850992","latitude":"42.42777780","longitude":"44.00805560","name":"Yel'baki"},{"id":"851045","latitude":"42.48416670","longitude":"43.77305560","name":"Zamtareti"},{"id":"851196","latitude":"42.56861110","longitude":"44.21166670","name":"Zemo-Chelyat"},{"id":"851209","latitude":"42.56861110","longitude":"44.02250000","name":"Zemo-Dzhomaga"},{"id":"851220","latitude":"42.56861110","longitude":"44.02250000","name":"Zemo-Jomagha"},{"id":"851240","latitude":"42.41833330","longitude":"43.94916670","name":"Zemo-Khvtse"},{"id":"851245","latitude":"42.40583330","longitude":"43.86888890","name":"Zemo-Korsevi"},{"id":"851247","latitude":"42.45861110","longitude":"44.04972220","name":"Zemo-Koshka"},{"id":"851254","latitude":"42.45861110","longitude":"44.04972220","name":"Zemo-Kuschita"},{"id":"851264","latitude":"42.50000000","longitude":"43.86666670","name":"Zemo-Machkhara"},{"id":"851297","latitude":"42.57694440","longitude":"44.12166670","name":"Zemo Roka"},{"id":"851348","latitude":"42.54777780","longitude":"44.16555560","name":"Zgubiri"},{"id":"851349","latitude":"42.54777780","longitude":"44.16555560","name":"Zgubir"}]