[{"id":"844123","latitude":"41.90472220","longitude":"45.97694440","name":"Akhalsop'eli"},{"id":"844148","latitude":"41.79111110","longitude":"45.73611110","name":"Akhasheni"},{"id":"844189","latitude":"41.85972220","longitude":"45.62305560","name":"Akura"},{"id":"844245","latitude":"42.02972220","longitude":"45.68083330","name":"Almati"},{"id":"844913","latitude":"41.86666670","longitude":"45.58333330","name":"Bushati"},{"id":"844914","latitude":"41.86666670","longitude":"45.58333330","name":"Busheti"},{"id":"845014","latitude":"41.91027780","longitude":"45.91527780","name":"Chantlis-Kure"},{"id":"845015","latitude":"41.91027780","longitude":"45.91527780","name":"Ch'antlisquri"},{"id":"845053","latitude":"41.73611110","longitude":"45.61083330","name":"Cheremi"},{"id":"845247","latitude":"41.76250000","longitude":"45.76500000","name":"Chumiaki"},{"id":"845248","latitude":"41.76250000","longitude":"45.76500000","name":"Chumlaki"},{"id":"845249","latitude":"41.76250000","longitude":"45.76500000","name":"Ch'umlaqi"},{"id":"845665","latitude":"41.67916670","longitude":"45.69027780","name":"Dzhimiti"},{"id":"845787","latitude":"41.86333330","longitude":"46.06055560","name":"(( Endzeba ))"},{"id":"845788","latitude":"42.00166670","longitude":"45.66138890","name":"Eniseli"},{"id":"845935","latitude":"41.87194440","longitude":"46.06555560","name":"(( Garbuti ))"},{"id":"846154","latitude":"42.03416670","longitude":"45.63083330","name":"Grdzeli Chala"},{"id":"846161","latitude":"42.01361110","longitude":"45.67027780","name":"Gremi"},{"id":"846399","latitude":"42.06111110","longitude":"45.71805560","name":"Intsoba"},{"id":"846461","latitude":"41.67916670","longitude":"45.69027780","name":"Jimit'i"},{"id":"846521","latitude":"41.88333330","longitude":"46.05000000","name":"(( Kalaki ))"},{"id":"846525","latitude":"41.83194440","longitude":"45.66611110","name":"Kalauri"},{"id":"846769","latitude":"41.87472220","longitude":"46.05972220","name":"Khashalkhuti"},{"id":"847011","latitude":"41.89777780","longitude":"45.54361110","name":"Kisiskhevi"},{"id":"847132","latitude":"41.92416670","longitude":"45.57777780","name":"Kondoli"},{"id":"847222","latitude":"41.88111110","longitude":"45.84000000","name":"Kuchatani"},{"id":"847313","latitude":"41.95138890","longitude":"45.80166670","name":"Kvareli"},{"id":"847315","latitude":"41.95138890","longitude":"45.80166670","name":"Kvarely"},{"id":"847487","latitude":"41.88583330","longitude":"45.57666670","name":"K'vemo Khodasheni"},{"id":"847891","latitude":"41.67166670","longitude":"45.67500000","name":"Makharadze"},{"id":"848251","latitude":"41.87472220","longitude":"46.05972220","name":"Mt'isdziri"},{"id":"848261","latitude":"41.87472220","longitude":"46.05972220","name":"Mtsidziri"},{"id":"848290","latitude":"41.80194440","longitude":"45.73444440","name":"Mukazani"},{"id":"848310","latitude":"41.80194440","longitude":"45.73444440","name":"Mukuzani"},{"id":"848484","latitude":"41.91694440","longitude":"45.54083330","name":"Nasamkhrali"},{"id":"848604","latitude":"41.88583330","longitude":"45.57666670","name":"Nizhniye Khodasheni"},{"id":"848757","latitude":"41.89694440","longitude":"45.93305560","name":"Oktemberi"},{"id":"848763","latitude":"41.89694440","longitude":"45.93305560","name":"Ok'tomberi"},{"id":"849053","latitude":"42.08333330","longitude":"45.73333330","name":"(( Pikali ))"},{"id":"849209","latitude":"41.95138890","longitude":"45.80166670","name":"Qvareli"},{"id":"849307","latitude":"42.02611110","longitude":"45.69250000","name":"Sabue"},{"id":"849314","latitude":"42.02611110","longitude":"45.69250000","name":"Sabuye"},{"id":"849509","latitude":"41.89472220","longitude":"45.81333330","name":"Sanavardo"},{"id":"849645","latitude":"42.01694440","longitude":"45.58166670","name":"Shak'riani"},{"id":"849646","latitude":"42.01694440","longitude":"45.58166670","name":"Shakrian'"},{"id":"849650","latitude":"41.91500000","longitude":"45.50027780","name":"Shalauri"},{"id":"849671","latitude":"41.82527780","longitude":"45.67944440","name":"Shashiani"},{"id":"849710","latitude":"41.66416670","longitude":"45.61972220","name":"Shibliani"},{"id":"849714","latitude":"42.00888890","longitude":"45.72583330","name":"Shilda"},{"id":"849752","latitude":"41.84444440","longitude":"45.65638890","name":"Shroma"},{"id":"849839","latitude":"41.91250000","longitude":"45.90472220","name":"(( Sinobiani ))"},{"id":"850152","latitude":"41.90944440","longitude":"45.96111110","name":"Tivi"},{"id":"850172","latitude":"41.87000000","longitude":"46.01916670","name":"Tkhilistskaro"},{"id":"850405","latitude":"41.89500000","longitude":"45.57027780","name":"Tsinandali"},{"id":"850412","latitude":"41.89500000","longitude":"45.57027780","name":"Tsinondali"},{"id":"850470","latitude":"41.90944440","longitude":"45.85111110","name":"Tsitskanaant'seri"},{"id":"850709","latitude":"41.82000000","longitude":"45.69111110","name":"Uriatubani"},{"id":"850738","latitude":"41.84111110","longitude":"45.65777780","name":"Vach'nadziani"},{"id":"850780","latitude":"41.88027780","longitude":"45.59611110","name":"Vanta"},{"id":"850829","latitude":"41.82000000","longitude":"45.69111110","name":"Vazisubani"},{"id":"850852","latitude":"41.81611110","longitude":"45.75250000","name":"Velists'ikhe"},{"id":"851005","latitude":"42.00166670","longitude":"45.66138890","name":"Yeniseli"},{"id":"851020","latitude":"42.00166670","longitude":"45.66138890","name":"Yeviseli"},{"id":"851150","latitude":"41.79722220","longitude":"45.72111110","name":"Zegaani"},{"id":"851382","latitude":"41.89694440","longitude":"45.93305560","name":"Zinobiani"}]