[{"id":"844162","latitude":"41.38250000","longitude":"46.14333330","name":"Akh Mirzaani"},{"id":"844277","latitude":"41.54388890","longitude":"46.05166670","name":"Anaga-Dzveli"},{"id":"844352","latitude":"41.55166670","longitude":"45.96138890","name":"Arbashiki"},{"id":"844354","latitude":"41.55166670","longitude":"45.96138890","name":"Arboshiki"},{"id":"844381","latitude":"41.40361110","longitude":"46.43777780","name":"Arkhiloskalo"},{"id":"844407","latitude":"41.60777780","longitude":"45.96583330","name":"Asanauri"},{"id":"844411","latitude":"41.60777780","longitude":"45.96583330","name":"Asanuri"},{"id":"844763","latitude":"41.59027780","longitude":"45.94611110","name":"Bodbiskhevi"},{"id":"844812","latitude":"41.36666670","longitude":"46.33333330","name":"Bol'shiye Shiraki"},{"id":"844980","latitude":"41.63500000","longitude":"45.81722220","name":"Ch'alaubani"},{"id":"845013","latitude":"41.45111110","longitude":"46.25805560","name":"Chankaati"},{"id":"845224","latitude":"41.60472220","longitude":"45.86388890","name":"Chotori"},{"id":"845225","latitude":"41.60472220","longitude":"45.86388890","name":"Chotoris-Kaloyebi"},{"id":"845355","latitude":"41.46555560","longitude":"46.10527780","name":"Dedoplistskaro"},{"id":"845356","latitude":"41.46555560","longitude":"46.10527780","name":"Dedop'listsqaro"},{"id":"845390","latitude":"41.43000000","longitude":"46.19527780","name":"Dibilauri"},{"id":"845458","latitude":"41.36666670","longitude":"46.33333330","name":"Didi Shiraki"},{"id":"845468","latitude":"41.43000000","longitude":"46.19527780","name":"Didnauri"},{"id":"845628","latitude":"41.45555560","longitude":"46.14305560","name":"Dzhaparidze"},{"id":"845687","latitude":"41.59305560","longitude":"45.98944440","name":"Dzhugaani"},{"id":"845696","latitude":"41.59305560","longitude":"45.98944440","name":"Dzhurgaani"},{"id":"845747","latitude":"41.54388890","longitude":"46.05166670","name":"Dzvelanaga"},{"id":"845749","latitude":"41.54388890","longitude":"46.05166670","name":"Dzveli-Anaga"},{"id":"845775","latitude":"41.28833330","longitude":"46.46305560","name":"El'dar"},{"id":"845776","latitude":"41.28833330","longitude":"46.46305560","name":"Eldari"},{"id":"845777","latitude":"41.28833330","longitude":"46.46305560","name":"El'darskiy"},{"id":"845781","latitude":"41.30000000","longitude":"46.50000000","name":"El'oar"},{"id":"845885","latitude":"41.48055560","longitude":"46.02027780","name":"Gamardzhveba"},{"id":"845888","latitude":"41.49250000","longitude":"45.97972220","name":"Gamarjveba"},{"id":"846450","latitude":"41.45555560","longitude":"46.14305560","name":"Jap'aridze"},{"id":"846467","latitude":"41.59305560","longitude":"45.98944440","name":"Jugaani"},{"id":"846492","latitude":"41.64861110","longitude":"45.68027780","name":"Kachret'i"},{"id":"846564","latitude":"41.51000000","longitude":"46.13305560","name":"Karagadzhi"},{"id":"846566","latitude":"41.51000000","longitude":"46.13305560","name":"Karaghaji"},{"id":"846631","latitude":"41.28833330","longitude":"46.46305560","name":"Kasristskali"},{"id":"846632","latitude":"41.28833330","longitude":"46.46305560","name":"Kasristsqali"},{"id":"846652","latitude":"41.57555560","longitude":"45.58777780","name":"Kazlari"},{"id":"846660","latitude":"41.60527780","longitude":"45.93333330","name":"Kedeli"},{"id":"846663","latitude":"41.36944440","longitude":"46.50750000","name":"Kedi-Kvemo"},{"id":"846939","latitude":"41.43000000","longitude":"46.19527780","name":"Khutor Dibilauri"},{"id":"847185","latitude":"41.55000000","longitude":"45.98333330","name":"(( Kotaani ))"},{"id":"847195","latitude":"41.46555560","longitude":"46.10527780","name":"Kras-kolodtsy"},{"id":"847199","latitude":"41.46555560","longitude":"46.10527780","name":"Krasnyyekolodtsy"},{"id":"847213","latitude":"41.41888890","longitude":"46.42138890","name":"Ksiyeleb"},{"id":"847444","latitude":"41.55305560","longitude":"45.87611110","name":"K'vemo Bodbe"},{"id":"847480","latitude":"41.36944440","longitude":"46.50750000","name":"K'vemo K'edi"},{"id":"847510","latitude":"41.57666670","longitude":"45.97138890","name":"K'vemo Mach'khaani"},{"id":"847512","latitude":"41.56611110","longitude":"45.85083330","name":"Kvemo-Magaro"},{"id":"847513","latitude":"41.56611110","longitude":"45.85083330","name":"K'vemo Magharo"},{"id":"847572","latitude":"41.61416670","longitude":"45.95888890","name":"Kvenakeli"},{"id":"847761","latitude":"41.47666670","longitude":"46.05416670","name":"Leninovka"},{"id":"847934","latitude":"41.29388890","longitude":"46.34083330","name":"Malyye Shiraki"},{"id":"848009","latitude":"41.63500000","longitude":"45.94527780","name":"Mashnaari"},{"id":"848065","latitude":"41.64861110","longitude":"45.78583330","name":"Melaani"},{"id":"848178","latitude":"41.38250000","longitude":"46.14333330","name":"Mirzaani"},{"id":"848179","latitude":"41.56888890","longitude":"45.96388890","name":"Mirzoian"},{"id":"848577","latitude":"41.55305560","longitude":"45.87611110","name":"Nizhneye Bodbe"},{"id":"848579","latitude":"41.56611110","longitude":"45.85083330","name":"Nizhneye Magaro"},{"id":"848610","latitude":"41.57666670","longitude":"45.97138890","name":"Nizhniye Machkhaani"},{"id":"848697","latitude":"41.60888890","longitude":"45.89083330","name":"Nukriani"},{"id":"848853","latitude":"41.49000000","longitude":"45.94583330","name":"Ostelok Arboshiki"},{"id":"848854","latitude":"41.50722220","longitude":"45.90083330","name":"(( Ostelok Machkhaani ))"},{"id":"848855","latitude":"41.47444440","longitude":"45.94555560","name":"Ostelok Mirzaani"},{"id":"848877","latitude":"41.55305560","longitude":"45.99666670","name":"Ozaani"},{"id":"848909","latitude":"41.58527780","longitude":"45.95722220","name":"Paniaani"},{"id":"849003","latitude":"41.29388890","longitude":"46.34083330","name":"Patara-Shiraki"},{"id":"849136","latitude":"41.37916670","longitude":"45.64000000","name":"Pos\u00eblok Dzheyrangel'stroy"},{"id":"849142","latitude":"41.56055560","longitude":"45.99777780","name":"Prasiani"},{"id":"849188","latitude":"41.51000000","longitude":"46.13305560","name":"Qaraghaji"},{"id":"849427","latitude":"41.62666670","longitude":"45.95750000","name":"Sak'obo"},{"id":"849429","latitude":"41.61694440","longitude":"45.97194440","name":"Sakobosubani"},{"id":"849495","latitude":"41.43777780","longitude":"46.43888890","name":"Samtatskaro"},{"id":"849496","latitude":"41.43777780","longitude":"46.43888890","name":"Samt'atsqaro"},{"id":"849823","latitude":"41.61888890","longitude":"45.92166670","name":"Sighnaghi"},{"id":"849824","latitude":"41.61888890","longitude":"45.92166670","name":"Signagi"},{"id":"849825","latitude":"41.61888890","longitude":"45.92166670","name":"Signakhi"},{"id":"849826","latitude":"41.61888890","longitude":"45.92166670","name":"Signakh"},{"id":"849928","latitude":"41.61888890","longitude":"45.92166670","name":"Ssignachi"},{"id":"850034","latitude":"41.32472220","longitude":"46.02944440","name":"Taribani"},{"id":"850129","latitude":"41.57388890","longitude":"45.99666670","name":"Tibaani"},{"id":"850336","latitude":"41.46555560","longitude":"46.10527780","name":"Tsarskie Kolodtsi"},{"id":"850337","latitude":"41.46555560","longitude":"46.10527780","name":"Tsarskie-Kolodtsy"},{"id":"850362","latitude":"41.46555560","longitude":"46.10527780","name":"Tseteli-Tskhara"},{"id":"850451","latitude":"41.32722220","longitude":"46.65916670","name":"Tsit'eli Sabat'lo"},{"id":"850452","latitude":"41.46555560","longitude":"46.10527780","name":"Tsiteli-Tskaro"},{"id":"850453","latitude":"41.46833330","longitude":"46.09194440","name":"Tsit'eli Tsqaro"},{"id":"850562","latitude":"41.54638890","longitude":"45.99138890","name":"Tslunkaani"},{"id":"850567","latitude":"41.61694440","longitude":"45.97194440","name":"Tsnoristskali"},{"id":"850568","latitude":"41.61694440","longitude":"45.97194440","name":"Tsnori"},{"id":"850626","latitude":"41.44472220","longitude":"46.19388890","name":"Turiantkaluebi"},{"id":"850687","latitude":"41.57138890","longitude":"45.83750000","name":"Ulianovka"},{"id":"850693","latitude":"41.57138890","longitude":"45.83750000","name":"Ul'yanovka"},{"id":"850865","latitude":"41.58416670","longitude":"45.91833330","name":"Verkhneye Bodbe"},{"id":"850897","latitude":"41.56750000","longitude":"45.95138890","name":"Verkhniye Machkhaani"},{"id":"851190","latitude":"41.58416670","longitude":"45.91833330","name":"Zemo-Bodbe"},{"id":"851225","latitude":"41.42638890","longitude":"46.38305560","name":"Zemo K'edi"},{"id":"851263","latitude":"41.56750000","longitude":"45.95138890","name":"Zemo Mach'khaani"},{"id":"851265","latitude":"41.60222220","longitude":"45.89833330","name":"Zemo-Magario"},{"id":"851266","latitude":"41.60222220","longitude":"45.89833330","name":"Zemo-Magaro"}]