[{"id":"844981","latitude":"42.70222220","longitude":"42.04250000","name":"Chale"},{"id":"845131","latitude":"42.59527780","longitude":"41.98833330","name":"Chkaduashi"},{"id":"845167","latitude":"42.70500000","longitude":"42.10027780","name":"Ch'k'valeri"},{"id":"845261","latitude":"42.67861110","longitude":"42.00750000","name":"Chvele"},{"id":"845600","latitude":"42.65638890","longitude":"42.14750000","name":"Dzhagali"},{"id":"845602","latitude":"42.53750000","longitude":"42.07055560","name":"Dzhagira"},{"id":"845640","latitude":"42.65638890","longitude":"42.14750000","name":"Dzhegali"},{"id":"845643","latitude":"42.65638890","longitude":"42.14750000","name":"Dzhgala"},{"id":"845644","latitude":"42.65638890","longitude":"42.14750000","name":"Dzhgali"},{"id":"845700","latitude":"42.71388890","longitude":"42.05361110","name":"Dzhvara"},{"id":"845703","latitude":"42.71388890","longitude":"42.05361110","name":"Dzhvari"},{"id":"845708","latitude":"42.71388890","longitude":"42.05361110","name":"Dzhvary"},{"id":"845709","latitude":"42.71388890","longitude":"42.05361110","name":"Dzhvarzeni"},{"id":"845802","latitude":"42.70083330","longitude":"41.94861110","name":"Eristsqali"},{"id":"845810","latitude":"42.72000000","longitude":"42.04000000","name":"Esherp'erdi"},{"id":"845829","latitude":"42.64916670","longitude":"42.03527780","name":"Etseri"},{"id":"845830","latitude":"42.72000000","longitude":"42.04000000","name":"Etserperdi"},{"id":"846447","latitude":"42.53750000","longitude":"42.07055560","name":"Jagira"},{"id":"846454","latitude":"42.65638890","longitude":"42.14750000","name":"Jgali"},{"id":"846469","latitude":"42.65638890","longitude":"42.14750000","name":"Jugheli"},{"id":"846479","latitude":"42.71388890","longitude":"42.05361110","name":"Jvari"},{"id":"846918","latitude":"42.78694440","longitude":"42.04416670","name":"Khudoni"},{"id":"847109","latitude":"42.64000000","longitude":"42.17222220","name":"Koko"},{"id":"847232","latitude":"42.68527780","longitude":"42.12083330","name":"Kukheshi"},{"id":"847659","latitude":"42.68305560","longitude":"41.98972220","name":"Landzhishi"},{"id":"847670","latitude":"42.67583330","longitude":"42.13111110","name":"Lara"},{"id":"847731","latitude":"42.63277780","longitude":"42.14194440","name":"Lekharch'ile"},{"id":"847765","latitude":"42.66666670","longitude":"42.08333330","name":"Lesale"},{"id":"847769","latitude":"42.72388890","longitude":"42.05333330","name":"Leshamuge"},{"id":"847797","latitude":"42.65333330","longitude":"42.02194440","name":"Lia"},{"id":"847819","latitude":"42.65333330","longitude":"42.02194440","name":"Liya"},{"id":"848029","latitude":"42.63888890","longitude":"42.08138890","name":"Mazandara"},{"id":"848045","latitude":"42.67611110","longitude":"42.15611110","name":"Medani"},{"id":"848145","latitude":"42.61666670","longitude":"42.12777780","name":"Mik'ava"},{"id":"848330","latitude":"42.71500000","longitude":"41.98750000","name":"Muzha"},{"id":"848331","latitude":"42.71500000","longitude":"41.98750000","name":"Muzhava"},{"id":"848400","latitude":"42.69305560","longitude":"42.10500000","name":"Naguru"},{"id":"848435","latitude":"42.56277780","longitude":"42.10500000","name":"Nakip'u"},{"id":"848485","latitude":"42.72333330","longitude":"41.97861110","name":"Nashamuau"},{"id":"848671","latitude":"42.64000000","longitude":"42.17222220","name":"Noko"},{"id":"848703","latitude":"42.55944440","longitude":"42.06444440","name":"Obudzhi"},{"id":"848704","latitude":"42.55944440","longitude":"42.06444440","name":"Obuji"},{"id":"848815","latitude":"42.61388890","longitude":"42.02083330","name":"Ordzhonikidze"},{"id":"848822","latitude":"42.61388890","longitude":"42.02083330","name":"Orjonikidze"},{"id":"848888","latitude":"42.66444440","longitude":"41.97000000","name":"P'akhulani"},{"id":"849140","latitude":"42.75166670","longitude":"42.04666670","name":"Potskho Etseri"},{"id":"849180","latitude":"42.76666670","longitude":"42.03333330","name":"Purashi"},{"id":"849208","latitude":"42.59527780","longitude":"41.98833330","name":"Qvaduashi"},{"id":"849326","latitude":"42.64305560","longitude":"42.09194440","name":"Sach'ino"},{"id":"850068","latitude":"42.70222220","longitude":"42.04250000","name":"Tchale"},{"id":"850315","latitude":"42.60444440","longitude":"42.07722220","name":"Tsalendzhikha"},{"id":"850316","latitude":"42.60444440","longitude":"42.07722220","name":"Tsalenjikha"},{"id":"850493","latitude":"42.78333330","longitude":"42.11666670","name":"Tskavashi"},{"id":"850690","latitude":"42.58555560","longitude":"42.11861110","name":"Uluria"},{"id":"851105","latitude":"42.67750000","longitude":"42.04638890","name":"Zeda Lia"},{"id":"851381","latitude":"42.65583330","longitude":"42.15888890","name":"Zinda"}]