[{"id":"852415","latitude":"5.20000000","longitude":"-1.08333330","name":"Abaadze"},{"id":"852417","latitude":"5.36666670","longitude":"-0.95000000","name":"Abaasa"},{"id":"852421","latitude":"5.20000000","longitude":"-1.08333330","name":"Abadzi"},{"id":"852423","latitude":"5.30000000","longitude":"-1.16666670","name":"Abaka"},{"id":"852424","latitude":"5.10000000","longitude":"-1.46666670","name":"Abakano"},{"id":"852425","latitude":"5.10000000","longitude":"-1.46666670","name":"Abakanu"},{"id":"852426","latitude":"5.10000000","longitude":"-1.45000000","name":"Abakanunkun"},{"id":"852428","latitude":"5.25000000","longitude":"-1.23333330","name":"Abakrampa"},{"id":"852430","latitude":"5.10000000","longitude":"-1.45000000","name":"Abakunkam"},{"id":"852438","latitude":"5.51666670","longitude":"-0.86666670","name":"Abamkwam"},{"id":"852439","latitude":"5.51666670","longitude":"-0.86666670","name":"Abamkwanmu"},{"id":"852446","latitude":"5.25000000","longitude":"-1.23333330","name":"Abankrampa"},{"id":"852448","latitude":"5.33333330","longitude":"-1.10000000","name":"Abankrom"},{"id":"852453","latitude":"5.36666670","longitude":"-0.95000000","name":"Abasa"},{"id":"852476","latitude":"5.35000000","longitude":"-1.08333330","name":"Abeadzi-Domenosi"},{"id":"852484","latitude":"5.23333330","longitude":"-0.98333330","name":"Abeka"},{"id":"852486","latitude":"5.36666670","longitude":"-0.98333330","name":"Abekabum"},{"id":"852497","latitude":"5.33333330","longitude":"-1.10000000","name":"Abenkrom"},{"id":"852498","latitude":"5.46666670","longitude":"-1.00000000","name":"Abensia"},{"id":"852503","latitude":"5.53333330","longitude":"-1.11666670","name":"Aberesa"},{"id":"852520","latitude":"5.43333330","longitude":"-0.86666670","name":"Abiadi Eshiem"},{"id":"852527","latitude":"5.45000000","longitude":"-1.20000000","name":"Abin"},{"id":"852534","latitude":"5.30000000","longitude":"-0.71666670","name":"Abirrikum"},{"id":"852558","latitude":"5.08333330","longitude":"-1.45000000","name":"Aboabo"},{"id":"852580","latitude":"5.20000000","longitude":"-0.83333330","name":"Aboano"},{"id":"852584","latitude":"5.30000000","longitude":"-1.13333330","name":"Aboase"},{"id":"852585","latitude":"5.30000000","longitude":"-1.13333330","name":"Aboasi"},{"id":"852602","latitude":"5.53333330","longitude":"-0.81666670","name":"Abodom"},{"id":"852608","latitude":"5.53333330","longitude":"-0.81666670","name":"Abodum"},{"id":"852612","latitude":"5.21666670","longitude":"-1.26666670","name":"Aboenu"},{"id":"852630","latitude":"5.28333330","longitude":"-0.95000000","name":"Abol"},{"id":"852652","latitude":"5.23333330","longitude":"-1.03333330","name":"Abonko"},{"id":"852653","latitude":"5.23333330","longitude":"-1.03333330","name":"Abonku"},{"id":"852654","latitude":"5.18333330","longitude":"-1.40000000","name":"Abonkwa"},{"id":"852660","latitude":"5.31666670","longitude":"-0.95000000","name":"Abontsa"},{"id":"852672","latitude":"5.28333330","longitude":"-1.11666670","name":"Abora Gyabankrom"},{"id":"852691","latitude":"5.38333330","longitude":"-0.98333330","name":"Abowenmu"},{"id":"852692","latitude":"5.38333330","longitude":"-0.98333330","name":"Abowinim"},{"id":"852693","latitude":"5.33333330","longitude":"-1.16666670","name":"Abra"},{"id":"852696","latitude":"5.33333330","longitude":"-1.38333330","name":"Abrafo"},{"id":"852697","latitude":"5.13333330","longitude":"-1.41666670","name":"Abrahia"},{"id":"852705","latitude":"5.13333330","longitude":"-1.41666670","name":"Abrehyia"},{"id":"852707","latitude":"5.30000000","longitude":"-0.71666670","name":"Abrekum"},{"id":"852709","latitude":"5.18333330","longitude":"-1.43333330","name":"Abrem Agona"},{"id":"852710","latitude":"5.20000000","longitude":"-1.41666670","name":"Abrem Ankase"},{"id":"852712","latitude":"5.13333330","longitude":"-1.41666670","name":"Abreshia"},{"id":"852732","latitude":"5.41666670","longitude":"-0.93333330","name":"Abrofoa"},{"id":"852733","latitude":"5.41666670","longitude":"-0.93333330","name":"Abrofua"},{"id":"852743","latitude":"5.23333330","longitude":"-0.91666670","name":"Abuakwa"},{"id":"852756","latitude":"5.21666670","longitude":"-1.26666670","name":"Abuenu"},{"id":"852762","latitude":"5.16666670","longitude":"-1.51666670","name":"Abukrom"},{"id":"852763","latitude":"5.28333330","longitude":"-0.95000000","name":"Abul"},{"id":"852774","latitude":"5.28333330","longitude":"-1.11666670","name":"Abura"},{"id":"852777","latitude":"5.33333330","longitude":"-1.16666670","name":"Abura Dunkwa"},{"id":"852779","latitude":"5.13333330","longitude":"-1.26666670","name":"Aburankwanta"},{"id":"852793","latitude":"5.58333330","longitude":"-0.88333330","name":"Abutuwa"},{"id":"852811","latitude":"5.06666670","longitude":"-1.41666670","name":"Achemfo"},{"id":"852831","latitude":"5.41666670","longitude":"-0.83333330","name":"Achiasi"},{"id":"852845","latitude":"5.20000000","longitude":"-1.06666670","name":"Achimfu"},{"id":"852857","latitude":"5.45000000","longitude":"-1.11666670","name":"Achisa"},{"id":"852874","latitude":"5.23333330","longitude":"-0.91666670","name":"Achwa"},{"id":"852878","latitude":"5.35000000","longitude":"-0.83333330","name":"Ada"},{"id":"852927","latitude":"5.31666670","longitude":"-0.85000000","name":"Adam"},{"id":"852935","latitude":"5.26666670","longitude":"-0.88333330","name":"Adande"},{"id":"852937","latitude":"5.31666670","longitude":"-0.73333330","name":"Adanka"},{"id":"852945","latitude":"5.25000000","longitude":"-0.88333330","name":"Adansemanmu"},{"id":"852946","latitude":"5.25000000","longitude":"-0.88333330","name":"Adansemem"},{"id":"852948","latitude":"5.26666670","longitude":"-0.88333330","name":"Adansi"},{"id":"852952","latitude":"5.25000000","longitude":"-0.88333330","name":"Adansimen"},{"id":"852966","latitude":"5.36666670","longitude":"-1.06666670","name":"Adasamasi"},{"id":"852971","latitude":"5.23333330","longitude":"-1.25000000","name":"Adasimadi"},{"id":"853007","latitude":"5.51666670","longitude":"-1.15000000","name":"Adenchi"},{"id":"853049","latitude":"5.38333330","longitude":"-1.41666670","name":"Adiembra"},{"id":"853068","latitude":"5.11666670","longitude":"-1.26666670","name":"Adisadel"},{"id":"853069","latitude":"5.11666670","longitude":"-1.26666670","name":"Adisadel Village"},{"id":"853094","latitude":"5.48333330","longitude":"-0.80000000","name":"Adokroasi"},{"id":"853161","latitude":"5.15000000","longitude":"-1.23333330","name":"Adukrom"},{"id":"853164","latitude":"5.26666670","longitude":"-0.96666670","name":"Adukuma"},{"id":"853213","latitude":"5.28333330","longitude":"-0.88333330","name":"Adwajiri"},{"id":"853256","latitude":"5.38333330","longitude":"-1.20000000","name":"Afao"},{"id":"853291","latitude":"5.20000000","longitude":"-0.86666670","name":"Afimini"},{"id":"853317","latitude":"5.25000000","longitude":"-1.08333330","name":"Afrangua"},{"id":"853319","latitude":"5.51666670","longitude":"-0.75000000","name":"Afranse"},{"id":"853322","latitude":"5.51666670","longitude":"-0.75000000","name":"Afransi"},{"id":"853332","latitude":"5.25000000","longitude":"-1.08333330","name":"Afrengwa"},{"id":"853344","latitude":"5.20000000","longitude":"-1.31666670","name":"Afutu"},{"id":"853345","latitude":"5.30000000","longitude":"-1.06666670","name":"Afutuakwa"},{"id":"853346","latitude":"5.53333330","longitude":"-0.76666670","name":"Afuwa"},{"id":"853348","latitude":"5.18333330","longitude":"-1.10000000","name":"Aga"},{"id":"853479","latitude":"5.18333330","longitude":"-1.43333330","name":"Agona"},{"id":"853522","latitude":"5.15000000","longitude":"-1.41666670","name":"Aguafo"},{"id":"853531","latitude":"5.15000000","longitude":"-1.21666670","name":"Agwasi"},{"id":"853532","latitude":"5.26666670","longitude":"-1.11666670","name":"Agwetiabuom"},{"id":"853533","latitude":"5.26666670","longitude":"-1.11666670","name":"Agwetiakokro"},{"id":"853534","latitude":"5.18333330","longitude":"-1.10000000","name":"Agya"},{"id":"853555","latitude":"5.45000000","longitude":"-1.06666670","name":"Ahamakrom-Bue"},{"id":"853564","latitude":"5.43333330","longitude":"-1.11666670","name":"Ahaohu"},{"id":"853583","latitude":"5.10000000","longitude":"-1.30000000","name":"Ahinbuboi"},{"id":"853612","latitude":"5.45000000","longitude":"-1.06666670","name":"Ahomakurombua"},{"id":"853615","latitude":"5.36666670","longitude":"-0.81666670","name":"Ahua"},{"id":"853641","latitude":"5.35000000","longitude":"-1.18333330","name":"Ahwiawom"},{"id":"853652","latitude":"5.38333330","longitude":"-1.23333330","name":"Aiasi"},{"id":"853666","latitude":"5.53333330","longitude":"-1.10000000","name":"Aiyensu"},{"id":"853681","latitude":"5.18333330","longitude":"-1.10000000","name":"Aja"},{"id":"853706","latitude":"5.10000000","longitude":"-1.45000000","name":"Ajeikrom"},{"id":"853715","latitude":"5.23333330","longitude":"-1.45000000","name":"Ajenasi"},{"id":"853741","latitude":"5.53333330","longitude":"-1.25000000","name":"Ajueso"},{"id":"853747","latitude":"5.35000000","longitude":"-0.76666670","name":"Ajumako"},{"id":"853749","latitude":"5.35000000","longitude":"-0.76666670","name":"Ajumaku"},{"id":"853810","latitude":"5.15000000","longitude":"-1.18333330","name":"Akatichua"},{"id":"853845","latitude":"5.06666670","longitude":"-1.41666670","name":"Akimfoo"},{"id":"853846","latitude":"5.06666670","longitude":"-1.41666670","name":"Akimfu"},{"id":"853868","latitude":"5.20000000","longitude":"-1.20000000","name":"Akoanso"},{"id":"853869","latitude":"5.20000000","longitude":"-1.20000000","name":"Akoansow"},{"id":"853884","latitude":"5.41666670","longitude":"-1.36666670","name":"Akokobenumsu"},{"id":"853912","latitude":"5.11666670","longitude":"-1.21666670","name":"Akong"},{"id":"853943","latitude":"5.26666670","longitude":"-1.48333330","name":"Akotoasi"},{"id":"853945","latitude":"5.13333330","longitude":"-1.30000000","name":"Akotochi"},{"id":"853946","latitude":"5.13333330","longitude":"-1.30000000","name":"Akotochir"},{"id":"853947","latitude":"5.13333330","longitude":"-1.30000000","name":"Akotokyere"},{"id":"853955","latitude":"5.31666670","longitude":"-1.05000000","name":"Akotuagua"},{"id":"853956","latitude":"5.31666670","longitude":"-1.05000000","name":"Akotuagwa"},{"id":"853983","latitude":"5.20000000","longitude":"-0.88333330","name":"Akra"},{"id":"853994","latitude":"5.38333330","longitude":"-1.16666670","name":"Akrampa"},{"id":"853995","latitude":"5.21666670","longitude":"-1.11666670","name":"Akrobadzi"},{"id":"854006","latitude":"5.18333330","longitude":"-1.25000000","name":"Akrofro"},{"id":"854008","latitude":"5.28333330","longitude":"-1.35000000","name":"Akrofrom"},{"id":"854013","latitude":"5.55000000","longitude":"-1.01666670","name":"Akrofufu"},{"id":"854015","latitude":"5.18333330","longitude":"-1.25000000","name":"Akroful"},{"id":"854017","latitude":"5.58333330","longitude":"-1.20000000","name":"Akrofuom"},{"id":"854022","latitude":"5.18333330","longitude":"-1.21666670","name":"Akroma"},{"id":"854032","latitude":"5.20000000","longitude":"-0.90000000","name":"Akropon"},{"id":"854035","latitude":"5.38333330","longitude":"-1.11666670","name":"Akropong"},{"id":"854046","latitude":"5.18333330","longitude":"-1.21666670","name":"Akruma"},{"id":"854052","latitude":"5.46666670","longitude":"-1.01666670","name":"Aku"},{"id":"854090","latitude":"5.21666670","longitude":"-1.11666670","name":"Akurabadze"},{"id":"854112","latitude":"5.26666670","longitude":"-1.48333330","name":"Akutuasi"},{"id":"854127","latitude":"5.26666670","longitude":"-0.98333330","name":"Akwakrom"},{"id":"854129","latitude":"5.40000000","longitude":"-1.08333330","name":"Akwamase"},{"id":"854130","latitude":"5.40000000","longitude":"-1.08333330","name":"Akwamasi"},{"id":"854131","latitude":"5.51666670","longitude":"-0.75000000","name":"Akwamu"},{"id":"854138","latitude":"5.31666670","longitude":"-0.91666670","name":"Akwansakoko"},{"id":"854139","latitude":"5.31666670","longitude":"-0.91666670","name":"Akwansakokodo"},{"id":"854140","latitude":"5.31666670","longitude":"-0.91666670","name":"Akwansakokro"},{"id":"854161","latitude":"5.30000000","longitude":"-1.28333330","name":"Akwekrom"},{"id":"854162","latitude":"5.16666670","longitude":"-1.28333330","name":"Akweku"},{"id":"854167","latitude":"5.38333330","longitude":"-1.36666670","name":"Akwesijankrom"},{"id":"854177","latitude":"5.11666670","longitude":"-1.21666670","name":"Akwon"},{"id":"854189","latitude":"5.06666670","longitude":"-1.41666670","name":"Akyemfu"},{"id":"854198","latitude":"5.41666670","longitude":"-0.83333330","name":"Akyiase"},{"id":"854281","latitude":"5.45000000","longitude":"-0.73333330","name":"Amanfo"},{"id":"854291","latitude":"5.30000000","longitude":"-0.83333330","name":"Amanfu"},{"id":"854316","latitude":"5.36666670","longitude":"-1.20000000","name":"Amanporo"},{"id":"854335","latitude":"5.13333330","longitude":"-1.46666670","name":"Amawafur"},{"id":"854373","latitude":"5.45000000","longitude":"-0.93333330","name":"Amia"},{"id":"854382","latitude":"5.25000000","longitude":"-1.31666670","name":"Aminasi"},{"id":"854385","latitude":"5.20000000","longitude":"-1.20000000","name":"Amisakrom"},{"id":"854386","latitude":"5.13333330","longitude":"-1.35000000","name":"Amisano"},{"id":"854390","latitude":"5.06666670","longitude":"-1.40000000","name":"Amkwana"},{"id":"854396","latitude":"5.43333330","longitude":"-1.23333330","name":"Amoaben"},{"id":"854397","latitude":"5.43333330","longitude":"-1.23333330","name":"Amoabin"},{"id":"854410","latitude":"5.55000000","longitude":"-1.00000000","name":"Amoakwa"},{"id":"854416","latitude":"5.13333330","longitude":"-1.36666670","name":"Amoana"},{"id":"854418","latitude":"5.25000000","longitude":"-0.78333330","name":"Amoanda"},{"id":"854420","latitude":"5.53333330","longitude":"-0.95000000","name":"Amoannda"},{"id":"854433","latitude":"5.35000000","longitude":"-1.35000000","name":"Amonikrom"},{"id":"854435","latitude":"5.16666670","longitude":"-1.23333330","name":"Amosema"},{"id":"854436","latitude":"5.16666670","longitude":"-1.23333330","name":"Amosima"},{"id":"854456","latitude":"5.06666670","longitude":"-1.43333330","name":"Ampeni"},{"id":"854460","latitude":"5.06666670","longitude":"-1.43333330","name":"Ampenyi"},{"id":"854463","latitude":"5.40000000","longitude":"-0.91666670","name":"Ampia Ajumako"},{"id":"854464","latitude":"5.40000000","longitude":"-0.91666670","name":"Ampia Edwumako"},{"id":"854473","latitude":"5.06666670","longitude":"-1.40000000","name":"Amquana"},{"id":"854479","latitude":"5.46666670","longitude":"-1.20000000","name":"Amuakromakrofo"},{"id":"854500","latitude":"5.16666670","longitude":"-1.11666670","name":"Anamabo"},{"id":"854501","latitude":"5.16666670","longitude":"-1.11666670","name":"Anamaboe"},{"id":"854502","latitude":"5.16666670","longitude":"-1.11666670","name":"Anamabu"},{"id":"854509","latitude":"5.41666670","longitude":"-1.05000000","name":"Anamonsi"},{"id":"854524","latitude":"5.28333330","longitude":"-1.26666670","name":"Anbobra"},{"id":"854531","latitude":"5.53333330","longitude":"-1.18333330","name":"Andoe"},{"id":"854540","latitude":"5.23333330","longitude":"-1.06666670","name":"Anfeo"},{"id":"854552","latitude":"5.30000000","longitude":"-0.93333330","name":"Angu"},{"id":"854554","latitude":"5.06666670","longitude":"-1.40000000","name":"Anguara"},{"id":"854591","latitude":"5.38333330","longitude":"-1.45000000","name":"Ankaakor"},{"id":"854594","latitude":"5.20000000","longitude":"-1.05000000","name":"Ankaful"},{"id":"854595","latitude":"5.38333330","longitude":"-1.45000000","name":"Ankako"},{"id":"854598","latitude":"5.33333330","longitude":"-0.76666670","name":"Ankamu"},{"id":"854602","latitude":"5.20000000","longitude":"-1.41666670","name":"Ankasi"},{"id":"854611","latitude":"5.36666670","longitude":"-1.00000000","name":"Ankukrom"},{"id":"854617","latitude":"5.06666670","longitude":"-1.40000000","name":"Ankwana"},{"id":"854618","latitude":"5.06666670","longitude":"-1.40000000","name":"Ankwanda"},{"id":"854624","latitude":"5.06666670","longitude":"-1.40000000","name":"Annkoannda"},{"id":"854625","latitude":"5.53333330","longitude":"-1.18333330","name":"Ano"},{"id":"854634","latitude":"5.16666670","longitude":"-1.11666670","name":"Anomabo"},{"id":"854636","latitude":"5.16666670","longitude":"-1.11666670","name":"Anomabu"},{"id":"854660","latitude":"5.31666670","longitude":"-0.86666670","name":"Antsiadze"},{"id":"854674","latitude":"5.23333330","longitude":"-1.11666670","name":"Anumansa"},{"id":"854682","latitude":"5.28333330","longitude":"-0.98333330","name":"Anumenchen"},{"id":"854692","latitude":"5.25000000","longitude":"-1.38333330","name":"Anwhiem"},{"id":"854747","latitude":"5.25000000","longitude":"-1.16666670","name":"Anyinabrim"},{"id":"854761","latitude":"5.41666670","longitude":"-1.05000000","name":"Anyinaso"},{"id":"854788","latitude":"5.28333330","longitude":"-0.73333330","name":"Apam"},{"id":"854807","latitude":"5.20000000","longitude":"-1.26666670","name":"Apeasika"},{"id":"854820","latitude":"5.10000000","longitude":"-1.30000000","name":"Apeosika"},{"id":"854830","latitude":"5.46666670","longitude":"-0.86666670","name":"Apiah Kwa Debiso"},{"id":"854870","latitude":"5.28333330","longitude":"-0.73333330","name":"Appam"},{"id":"854908","latitude":"5.20000000","longitude":"-0.98333330","name":"Asaafa"},{"id":"854915","latitude":"5.20000000","longitude":"-0.98333330","name":"Asafa"},{"id":"854916","latitude":"5.18333330","longitude":"-1.16666670","name":"Asafara"},{"id":"854919","latitude":"5.18333330","longitude":"-1.16666670","name":"Asafra"},{"id":"854926","latitude":"5.38333330","longitude":"-0.75000000","name":"Asakro"},{"id":"854934","latitude":"5.53333330","longitude":"-1.01666670","name":"Asaman"},{"id":"854938","latitude":"5.28333330","longitude":"-0.86666670","name":"Asamang"},{"id":"855001","latitude":"5.41666670","longitude":"-0.95000000","name":"Asasan"},{"id":"855002","latitude":"5.41666670","longitude":"-0.95000000","name":"Asasang"},{"id":"855013","latitude":"5.61666670","longitude":"-1.10000000","name":"Asebem"},{"id":"855015","latitude":"5.21666670","longitude":"-1.20000000","name":"Asebu"},{"id":"855019","latitude":"5.15000000","longitude":"-1.31666670","name":"Asechana"},{"id":"855020","latitude":"5.15000000","longitude":"-1.31666670","name":"Asechanu"},{"id":"855025","latitude":"5.40000000","longitude":"-0.68333330","name":"Aseibu"},{"id":"855038","latitude":"5.35000000","longitude":"-0.98333330","name":"Asempaneye"},{"id":"855044","latitude":"5.36666670","longitude":"-0.88333330","name":"Asempanyin"},{"id":"855046","latitude":"5.36666670","longitude":"-0.88333330","name":"Asempayin"},{"id":"855050","latitude":"5.51666670","longitude":"-1.16666670","name":"Asen Manso"},{"id":"855105","latitude":"5.58333330","longitude":"-1.00000000","name":"Asikuma"},{"id":"855108","latitude":"5.26666670","longitude":"-1.36666670","name":"Asikwa"},{"id":"855110","latitude":"5.23333330","longitude":"-1.25000000","name":"Asimasi"},{"id":"855116","latitude":"5.31666670","longitude":"-0.80000000","name":"Asin Brofoyedur"},{"id":"855119","latitude":"5.36666670","longitude":"-1.18333330","name":"Asin Kumase"},{"id":"855120","latitude":"5.36666670","longitude":"-1.18333330","name":"Asin Kumasi"},{"id":"855122","latitude":"5.51666670","longitude":"-1.16666670","name":"Asin Manso"},{"id":"855125","latitude":"5.40000000","longitude":"-1.15000000","name":"Asin Odumase"},{"id":"855149","latitude":"5.23333330","longitude":"-0.96666670","name":"Asokwa"},{"id":"855150","latitude":"5.35000000","longitude":"-0.88333330","name":"Asomanku"},{"id":"855182","latitude":"5.35000000","longitude":"-0.88333330","name":"Asuamoaku"},{"id":"855185","latitude":"5.30000000","longitude":"-1.23333330","name":"Asuanse"},{"id":"855186","latitude":"5.30000000","longitude":"-1.23333330","name":"Asuansi"},{"id":"855197","latitude":"5.46666670","longitude":"-1.18333330","name":"Asuboa"},{"id":"855237","latitude":"5.23333330","longitude":"-0.96666670","name":"Asukwa"},{"id":"855291","latitude":"5.36666670","longitude":"-0.91666670","name":"Ataabadze"},{"id":"855294","latitude":"5.11666670","longitude":"-1.41666670","name":"Atabadi"},{"id":"855295","latitude":"5.11666670","longitude":"-1.41666670","name":"Atabadze"},{"id":"855296","latitude":"5.11666670","longitude":"-1.41666670","name":"Atabadzi"},{"id":"855304","latitude":"5.40000000","longitude":"-0.90000000","name":"Atakorase"},{"id":"855305","latitude":"5.40000000","longitude":"-0.90000000","name":"Atakroasi"},{"id":"855308","latitude":"5.35000000","longitude":"-0.91666670","name":"Atakwa"},{"id":"855330","latitude":"5.20000000","longitude":"-1.50000000","name":"Atechem"},{"id":"855345","latitude":"5.31666670","longitude":"-0.86666670","name":"Atiandi"},{"id":"855381","latitude":"5.36666670","longitude":"-0.91666670","name":"Atobiadzi"},{"id":"855409","latitude":"5.11666670","longitude":"-1.31666670","name":"Atrankwa"},{"id":"855424","latitude":"5.25000000","longitude":"-0.90000000","name":"Atsuakrom"},{"id":"855456","latitude":"5.23333330","longitude":"-1.06666670","name":"Aufeo"},{"id":"855558","latitude":"5.23333330","longitude":"-1.36666670","name":"Awasikrom"},{"id":"855573","latitude":"5.23333330","longitude":"-1.25000000","name":"Awhiabam"},{"id":"855590","latitude":"5.23333330","longitude":"-0.86666670","name":"Awofa"},{"id":"855603","latitude":"5.23333330","longitude":"-1.06666670","name":"Awuaya"},{"id":"855612","latitude":"5.25000000","longitude":"-1.45000000","name":"Awunakrom"},{"id":"855624","latitude":"5.23333330","longitude":"-1.36666670","name":"Awusikrom"},{"id":"855636","latitude":"5.46666670","longitude":"-0.86666670","name":"Ayanfuri"},{"id":"855643","latitude":"5.38333330","longitude":"-1.23333330","name":"Ayease"},{"id":"855649","latitude":"5.33333330","longitude":"-1.11666670","name":"Ayeldo"},{"id":"855650","latitude":"5.33333330","longitude":"-1.11666670","name":"Ayeldu"},{"id":"855665","latitude":"5.36666670","longitude":"-0.98333330","name":"Ayiakrom"},{"id":"855668","latitude":"5.38333330","longitude":"-1.23333330","name":"Ayiasi"},{"id":"855681","latitude":"5.56666670","longitude":"-0.95000000","name":"Ayipey"},{"id":"855687","latitude":"5.38333330","longitude":"-1.23333330","name":"Ayiwasi"},{"id":"855718","latitude":"5.46666670","longitude":"-0.93333330","name":"Baa"},{"id":"855722","latitude":"5.58333330","longitude":"-1.03333330","name":"Baako"},{"id":"855728","latitude":"5.46666670","longitude":"-0.93333330","name":"Ba"},{"id":"855747","latitude":"5.53333330","longitude":"-0.88333330","name":"Badam"},{"id":"855784","latitude":"5.30000000","longitude":"-1.01666670","name":"Baifikrom"},{"id":"855802","latitude":"5.50000000","longitude":"-1.03333330","name":"Bakua"},{"id":"855803","latitude":"5.58333330","longitude":"-1.03333330","name":"Baku"},{"id":"855838","latitude":"5.33333330","longitude":"-1.38333330","name":"Baman"},{"id":"855859","latitude":"5.55000000","longitude":"-1.26666670","name":"Bamslaw"},{"id":"855875","latitude":"5.13333330","longitude":"-1.41666670","name":"Bando"},{"id":"855928","latitude":"5.08333330","longitude":"-1.36666670","name":"Bantoma"},{"id":"855929","latitude":"5.08333330","longitude":"-1.36666670","name":"Bantuma"},{"id":"855982","latitude":"5.23333330","longitude":"-1.20000000","name":"Batanyaa"},{"id":"855987","latitude":"5.23333330","longitude":"-1.20000000","name":"Batenya"},{"id":"856003","latitude":"5.46666670","longitude":"-1.03333330","name":"Bawbawbreden"},{"id":"856072","latitude":"5.53333330","longitude":"-1.01666670","name":"Bedum"},{"id":"856075","latitude":"5.30000000","longitude":"-1.01666670","name":"Befikrom"},{"id":"856122","latitude":"5.18333330","longitude":"-1.40000000","name":"Benasi"},{"id":"856138","latitude":"5.60000000","longitude":"-1.00000000","name":"Benin"},{"id":"856157","latitude":"5.11666670","longitude":"-1.45000000","name":"Benyadzi"},{"id":"856186","latitude":"5.18333330","longitude":"-1.40000000","name":"Berase"},{"id":"856187","latitude":"5.18333330","longitude":"-1.40000000","name":"Berasi"},{"id":"856208","latitude":"5.11666670","longitude":"-1.50000000","name":"Besease"},{"id":"856213","latitude":"5.11666670","longitude":"-1.50000000","name":"Besiasi"},{"id":"856243","latitude":"5.11666670","longitude":"-1.45000000","name":"Beyadsi"},{"id":"856269","latitude":"5.23333330","longitude":"-1.01666670","name":"Biden"},{"id":"856271","latitude":"5.35000000","longitude":"-0.66666670","name":"Bidwadzi"},{"id":"856347","latitude":"5.16666670","longitude":"-1.15000000","name":"Biriwa"},{"id":"856354","latitude":"5.46666670","longitude":"-0.98333330","name":"Biseasi"},{"id":"856356","latitude":"5.11666670","longitude":"-1.50000000","name":"Bisiasi"},{"id":"856370","latitude":"5.35000000","longitude":"-0.66666670","name":"Biwadzi"},{"id":"856426","latitude":"5.55000000","longitude":"-0.85000000","name":"Bobikuma"},{"id":"856442","latitude":"5.53333330","longitude":"-0.88333330","name":"Bodom"},{"id":"856444","latitude":"5.25000000","longitude":"-0.93333330","name":"Bodwandow"},{"id":"856450","latitude":"5.28333330","longitude":"-0.85000000","name":"Boedukwa"},{"id":"856471","latitude":"5.53333330","longitude":"-0.76666670","name":"Boifi"},{"id":"856488","latitude":"5.25000000","longitude":"-0.93333330","name":"Bojwanu"},{"id":"856490","latitude":"5.28333330","longitude":"-1.15000000","name":"Boka"},{"id":"856548","latitude":"5.25000000","longitude":"-1.50000000","name":"Bomodin"},{"id":"856564","latitude":"5.28333330","longitude":"-1.13333330","name":"Bondo"},{"id":"856655","latitude":"5.40000000","longitude":"-1.16666670","name":"Bosomadwe"},{"id":"856656","latitude":"5.61666670","longitude":"-0.96666670","name":"Bosomase"},{"id":"856666","latitude":"5.40000000","longitude":"-1.16666670","name":"Bosumadwi"},{"id":"856706","latitude":"5.41666670","longitude":"-1.03333330","name":"Brabade"},{"id":"856725","latitude":"5.20000000","longitude":"-1.23333330","name":"Brebia"},{"id":"856726","latitude":"5.38333330","longitude":"-0.90000000","name":"Brebiano"},{"id":"856727","latitude":"5.38333330","longitude":"-0.90000000","name":"Brebianu"},{"id":"856730","latitude":"5.16666670","longitude":"-1.43333330","name":"Breman"},{"id":"856733","latitude":"5.16666670","longitude":"-1.43333330","name":"Bremang"},{"id":"856742","latitude":"5.06666670","longitude":"-1.41666670","name":"Breno Achimfo"},{"id":"856743","latitude":"5.06666670","longitude":"-1.41666670","name":"Brenu Achinum"},{"id":"856744","latitude":"5.06666670","longitude":"-1.41666670","name":"Brenu Akyenmu"},{"id":"856745","latitude":"5.06666670","longitude":"-1.41666670","name":"Brenu Akyinim"},{"id":"856760","latitude":"5.18333330","longitude":"-1.30000000","name":"Brimbrimso"},{"id":"856761","latitude":"5.18333330","longitude":"-1.30000000","name":"Brimso"},{"id":"856762","latitude":"5.18333330","longitude":"-1.30000000","name":"Brimsu"},{"id":"856765","latitude":"5.16666670","longitude":"-1.15000000","name":"Briwa"},{"id":"856776","latitude":"5.31666670","longitude":"-0.80000000","name":"Brofoyedru"},{"id":"856779","latitude":"5.45000000","longitude":"-0.96666670","name":"Brofoyedur"},{"id":"856802","latitude":"5.10000000","longitude":"-1.35000000","name":"Brunibuma"},{"id":"856805","latitude":"5.31666670","longitude":"-0.73333330","name":"Brusheng"},{"id":"856813","latitude":"5.28333330","longitude":"-0.85000000","name":"Buadukwa"},{"id":"856832","latitude":"5.33333330","longitude":"-0.96666670","name":"Budukwa"},{"id":"856986","latitude":"5.53333330","longitude":"-0.95000000","name":"Butu"},{"id":"856993","latitude":"5.10000000","longitude":"-1.25000000","name":"Cabo Corso"},{"id":"856995","latitude":"5.10000000","longitude":"-1.25000000","name":"Cape Coast"},{"id":"856996","latitude":"5.10000000","longitude":"-1.25000000","name":"Cape Coast Castle"},{"id":"857058","latitude":"5.45000000","longitude":"-0.93333330","name":"Chebi"},{"id":"857107","latitude":"5.35000000","longitude":"-1.06666670","name":"Chiakaw"},{"id":"857133","latitude":"5.46666670","longitude":"-1.16666670","name":"Chichiwere"},{"id":"857142","latitude":"5.41666670","longitude":"-1.15000000","name":"Chinaso"},{"id":"857149","latitude":"5.51666670","longitude":"-1.18333330","name":"Chinso"},{"id":"857178","latitude":"5.33333330","longitude":"-0.83333330","name":"Chirin"},{"id":"857232","latitude":"5.05000000","longitude":"-1.48333330","name":"Commenda"},{"id":"857235","latitude":"5.20000000","longitude":"-1.08333330","name":"Cormantine"},{"id":"857247","latitude":"5.31666670","longitude":"-1.35000000","name":"Dabenda"},{"id":"857260","latitude":"5.13333330","longitude":"-1.45000000","name":"Dabre"},{"id":"857261","latitude":"5.13333330","longitude":"-1.45000000","name":"Dabri"},{"id":"857280","latitude":"5.55000000","longitude":"-1.20000000","name":"Dadieso"},{"id":"857315","latitude":"5.48333330","longitude":"-0.75000000","name":"Dahum"},{"id":"857346","latitude":"5.56666670","longitude":"-1.20000000","name":"Damakur"},{"id":"857348","latitude":"5.25000000","longitude":"-1.15000000","name":"Damang"},{"id":"857351","latitude":"5.56666670","longitude":"-1.20000000","name":"Damawaku"},{"id":"857378","latitude":"5.40000000","longitude":"-1.01666670","name":"Danko"},{"id":"857393","latitude":"5.51666670","longitude":"-0.95000000","name":"Dantasi"},{"id":"857456","latitude":"5.43333330","longitude":"-0.78333330","name":"Dawurampon"},{"id":"857457","latitude":"5.43333330","longitude":"-0.78333330","name":"Dawurampong"},{"id":"857469","latitude":"5.46666670","longitude":"-0.86666670","name":"Debisa"},{"id":"857471","latitude":"5.46666670","longitude":"-0.81666670","name":"Debiso"},{"id":"857499","latitude":"5.21666670","longitude":"-0.78333330","name":"Deggu"},{"id":"857500","latitude":"5.21666670","longitude":"-0.78333330","name":"Degu"},{"id":"857528","latitude":"5.08333330","longitude":"-1.35000000","name":"Dena"},{"id":"857534","latitude":"5.45000000","longitude":"-1.01666670","name":"Denchinua"},{"id":"857535","latitude":"5.40000000","longitude":"-0.96666670","name":"Denchira"},{"id":"857545","latitude":"5.40000000","longitude":"-0.96666670","name":"Denkyira"},{"id":"857710","latitude":"5.43333330","longitude":"-1.15000000","name":"Dofniabra"},{"id":"857753","latitude":"5.43333330","longitude":"-1.15000000","name":"Domeabra"},{"id":"857762","latitude":"5.13333330","longitude":"-1.38333330","name":"Domenadze"},{"id":"857764","latitude":"5.35000000","longitude":"-1.08333330","name":"Domenase"},{"id":"857768","latitude":"5.13333330","longitude":"-1.38333330","name":"Domenasi"},{"id":"857780","latitude":"5.43333330","longitude":"-1.15000000","name":"Domiabra"},{"id":"857792","latitude":"5.13333330","longitude":"-1.38333330","name":"Dominasi"},{"id":"857803","latitude":"5.23333330","longitude":"-1.43333330","name":"Dompin"},{"id":"857953","latitude":"5.13333330","longitude":"-1.38333330","name":"Dukukrom"},{"id":"857993","latitude":"5.33333330","longitude":"-1.16666670","name":"Dunkwa"},{"id":"858012","latitude":"5.05000000","longitude":"-1.40000000","name":"Dutch Komenda"},{"id":"858031","latitude":"5.46666670","longitude":"-0.98333330","name":"Dwenase"},{"id":"858037","latitude":"5.21666670","longitude":"-1.13333330","name":"Dwindwin Abazi"},{"id":"858041","latitude":"5.26666670","longitude":"-1.33333330","name":"Dwokwaa"},{"id":"858047","latitude":"5.36666670","longitude":"-1.41666670","name":"Dwukwa-Mfuom"},{"id":"858093","latitude":"5.23333330","longitude":"-0.88333330","name":"Ebiram"},{"id":"858094","latitude":"5.23333330","longitude":"-0.88333330","name":"Ebiramkrom"},{"id":"858095","latitude":"5.38333330","longitude":"-0.86666670","name":"Ebiramkwaa"},{"id":"858096","latitude":"5.38333330","longitude":"-0.86666670","name":"Ebiramkwa"},{"id":"858106","latitude":"5.21666670","longitude":"-1.23333330","name":"Ebu"},{"id":"858107","latitude":"5.16666670","longitude":"-1.51666670","name":"Ebukrom"},{"id":"858112","latitude":"5.58333330","longitude":"-0.88333330","name":"Ebutia"},{"id":"858120","latitude":"5.25000000","longitude":"-0.90000000","name":"Echwa"},{"id":"858121","latitude":"5.56666670","longitude":"-0.88333330","name":"Echwiechire"},{"id":"858131","latitude":"5.08333330","longitude":"-1.35000000","name":"Edina"},{"id":"858138","latitude":"5.28333330","longitude":"-1.05000000","name":"Eduafo"},{"id":"858139","latitude":"5.28333330","longitude":"-1.05000000","name":"Eduafu"},{"id":"858141","latitude":"5.30000000","longitude":"-0.95000000","name":"Eduakwa"},{"id":"858157","latitude":"5.15000000","longitude":"-1.23333330","name":"Edukrom"},{"id":"858158","latitude":"5.30000000","longitude":"-0.95000000","name":"Edukwa"},{"id":"858159","latitude":"5.20000000","longitude":"-0.96666670","name":"Edumafa"},{"id":"858160","latitude":"5.41666670","longitude":"-0.95000000","name":"Edumako"},{"id":"858164","latitude":"5.60000000","longitude":"-0.96666670","name":"Edumasa"},{"id":"858168","latitude":"5.20000000","longitude":"-0.96666670","name":"Edumata"},{"id":"858173","latitude":"5.30000000","longitude":"-1.18333330","name":"Edumfa"},{"id":"858182","latitude":"5.23333330","longitude":"-1.45000000","name":"Edwinase"},{"id":"858184","latitude":"5.35000000","longitude":"-0.76666670","name":"Edwumako"},{"id":"858190","latitude":"5.20000000","longitude":"-1.31666670","name":"Effutu"},{"id":"858202","latitude":"5.21666670","longitude":"-1.43333330","name":"Efumkrom"},{"id":"858204","latitude":"5.20000000","longitude":"-1.31666670","name":"Efutu"},{"id":"858207","latitude":"5.15000000","longitude":"-1.41666670","name":"Eguafo"},{"id":"858208","latitude":"5.18333330","longitude":"-1.10000000","name":"Egyaa Number 1"},{"id":"858209","latitude":"5.18333330","longitude":"-1.10000000","name":"Egyaa Number 2"},{"id":"858210","latitude":"5.18333330","longitude":"-1.10000000","name":"Egyaa Number 3"},{"id":"858211","latitude":"5.18333330","longitude":"-1.10000000","name":"Egya"},{"id":"858212","latitude":"5.26666670","longitude":"-0.85000000","name":"Egyaku Kwa"},{"id":"858215","latitude":"5.10000000","longitude":"-1.45000000","name":"Egyeikrom"},{"id":"858231","latitude":"5.46666670","longitude":"-0.95000000","name":"Ehyiem"},{"id":"858234","latitude":"5.33333330","longitude":"-1.03333330","name":"Ehyiro"},{"id":"858237","latitude":"5.21666670","longitude":"-0.91666670","name":"Einado"},{"id":"858238","latitude":"5.56666670","longitude":"-0.95000000","name":"Eipe"},{"id":"858239","latitude":"5.28333330","longitude":"-0.93333330","name":"Eisam"},{"id":"858240","latitude":"5.18333330","longitude":"-1.10000000","name":"Ejaa"},{"id":"858241","latitude":"5.18333330","longitude":"-1.10000000","name":"Eja"},{"id":"858242","latitude":"5.26666670","longitude":"-0.85000000","name":"Ejaku Kwa"},{"id":"858248","latitude":"5.18333330","longitude":"-1.18333330","name":"Ejife"},{"id":"858249","latitude":"5.23333330","longitude":"-1.45000000","name":"Ejinasi"},{"id":"858251","latitude":"5.40000000","longitude":"-1.31666670","name":"Ejisu"},{"id":"858259","latitude":"5.28333330","longitude":"-1.23333330","name":"Ekaonidamfo"},{"id":"858263","latitude":"5.11666670","longitude":"-1.21666670","name":"Ekon"},{"id":"858266","latitude":"5.26666670","longitude":"-1.11666670","name":"Ekotsi Akokodo"},{"id":"858267","latitude":"5.28333330","longitude":"-0.90000000","name":"Ekotsi"},{"id":"858273","latitude":"5.33333330","longitude":"-0.91666670","name":"Ekrawfo"},{"id":"858275","latitude":"5.25000000","longitude":"-1.18333330","name":"Ekroful"},{"id":"858280","latitude":"5.20000000","longitude":"-0.90000000","name":"Ekumpoano"},{"id":"858281","latitude":"5.20000000","longitude":"-0.90000000","name":"Ekumpuanu"},{"id":"858282","latitude":"5.33333330","longitude":"-0.91666670","name":"Ekurofo"},{"id":"858283","latitude":"5.28333330","longitude":"-0.90000000","name":"Ekutsi"},{"id":"858284","latitude":"5.26666670","longitude":"-1.48333330","name":"Ekutuase"},{"id":"858293","latitude":"5.08333330","longitude":"-1.35000000","name":"Elmina"},{"id":"858301","latitude":"5.30000000","longitude":"-1.36666670","name":"Emem"},{"id":"858303","latitude":"5.20000000","longitude":"-0.86666670","name":"Emini"},{"id":"858305","latitude":"5.13333330","longitude":"-1.35000000","name":"Emissano"},{"id":"858315","latitude":"5.30000000","longitude":"-0.93333330","name":"Engow"},{"id":"858317","latitude":"5.08333330","longitude":"-1.33333330","name":"Eniaye"},{"id":"858327","latitude":"5.48333330","longitude":"-1.20000000","name":"Ensonyamiye"},{"id":"858328","latitude":"5.46666670","longitude":"-0.93333330","name":"Entumbil"},{"id":"858334","latitude":"5.30000000","longitude":"-0.98333330","name":"Enyan Apaa"},{"id":"858335","latitude":"5.40000000","longitude":"-0.96666670","name":"Enyan Dankyira"},{"id":"858336","latitude":"5.40000000","longitude":"-0.96666670","name":"Enyan Denkyira"},{"id":"858337","latitude":"5.31666670","longitude":"-1.01666670","name":"Enyanmanmu"},{"id":"858338","latitude":"5.31666670","longitude":"-1.01666670","name":"Enyanmem"},{"id":"858339","latitude":"5.41666670","longitude":"-0.80000000","name":"Enyeme"},{"id":"858340","latitude":"5.25000000","longitude":"-1.16666670","name":"Enyinaberemu"},{"id":"858362","latitude":"5.35000000","longitude":"-0.98333330","name":"Esadze"},{"id":"858363","latitude":"5.35000000","longitude":"-0.98333330","name":"Esadzi"},{"id":"858365","latitude":"5.31666670","longitude":"-0.88333330","name":"Esakyer"},{"id":"858366","latitude":"5.10000000","longitude":"-1.38333330","name":"Esaman"},{"id":"858368","latitude":"5.10000000","longitude":"-1.38333330","name":"Esamang"},{"id":"858380","latitude":"5.46666670","longitude":"-0.95000000","name":"Eshiem"},{"id":"858382","latitude":"5.33333330","longitude":"-1.03333330","name":"Eshiro"},{"id":"858384","latitude":"5.18333330","longitude":"-1.46666670","name":"Esiako"},{"id":"858388","latitude":"5.21666670","longitude":"-1.36666670","name":"Esiam"},{"id":"858395","latitude":"5.45000000","longitude":"-0.88333330","name":"Esikado"},{"id":"858400","latitude":"5.43333330","longitude":"-0.76666670","name":"Esikuma"},{"id":"858423","latitude":"5.46666670","longitude":"-1.18333330","name":"Esuboe"},{"id":"858426","latitude":"5.30000000","longitude":"-0.88333330","name":"Esuehie"},{"id":"858427","latitude":"5.30000000","longitude":"-0.88333330","name":"Esuehyia"},{"id":"858428","latitude":"5.15000000","longitude":"-1.31666670","name":"Esuekyir"},{"id":"858430","latitude":"5.56666670","longitude":"-1.01666670","name":"Esukawkaw"},{"id":"858441","latitude":"5.23333330","longitude":"-0.83333330","name":"Etibedu"},{"id":"858447","latitude":"5.23333330","longitude":"-0.83333330","name":"Etsibado"},{"id":"858450","latitude":"5.56666670","longitude":"-0.88333330","name":"Etweakyiri"},{"id":"858467","latitude":"5.23333330","longitude":"-1.18333330","name":"Ewusi"},{"id":"858468","latitude":"5.36666670","longitude":"-0.98333330","name":"Eyiakrom"},{"id":"858470","latitude":"5.28333330","longitude":"-0.93333330","name":"Eyisam"},{"id":"858481","latitude":"5.31666670","longitude":"-0.83333330","name":"Faimaiya"},{"id":"858488","latitude":"5.53333330","longitude":"-0.93333330","name":"Faman"},{"id":"858491","latitude":"5.18333330","longitude":"-1.26666670","name":"Famaye"},{"id":"858504","latitude":"5.38333330","longitude":"-1.15000000","name":"Fanti Nyankomase"},{"id":"858505","latitude":"5.38333330","longitude":"-1.15000000","name":"Fanti Nyankumasi"},{"id":"858531","latitude":"5.41666670","longitude":"-1.11666670","name":"Fawomanye"},{"id":"858540","latitude":"5.41666670","longitude":"-1.11666670","name":"Fawumanye"},{"id":"858646","latitude":"5.20000000","longitude":"-1.16666670","name":"Fomena"},{"id":"858669","latitude":"5.46666670","longitude":"-1.21666670","name":"Framase"},{"id":"858671","latitude":"5.46666670","longitude":"-1.21666670","name":"Framasi"},{"id":"858672","latitude":"5.30000000","longitude":"-1.38333330","name":"Frame"},{"id":"858673","latitude":"5.30000000","longitude":"-1.38333330","name":"Frami"},{"id":"858722","latitude":"5.43333330","longitude":"-1.11666670","name":"Fwenyami"},{"id":"858770","latitude":"5.26666670","longitude":"-0.75000000","name":"Gamma"},{"id":"858771","latitude":"5.26666670","longitude":"-0.75000000","name":"Gammah"},{"id":"858926","latitude":"5.38333330","longitude":"-0.91666670","name":"Ghwiakrom"},{"id":"859009","latitude":"5.33333330","longitude":"-0.80000000","name":"Gomoa Asin"},{"id":"859010","latitude":"5.36666670","longitude":"-0.86666670","name":"Gomoa Brofa"},{"id":"859011","latitude":"5.36666670","longitude":"-0.86666670","name":"Gomoa Brofo"},{"id":"859014","latitude":"5.33333330","longitude":"-0.88333330","name":"Gomoa Manmu"},{"id":"859015","latitude":"5.33333330","longitude":"-0.88333330","name":"Gomoamem"},{"id":"859016","latitude":"5.36666670","longitude":"-0.86666670","name":"Gomoa Sampa"},{"id":"859017","latitude":"5.33333330","longitude":"-0.80000000","name":"Gomua Asen"},{"id":"859019","latitude":"5.41666670","longitude":"-0.80000000","name":"Gomua-Odena"},{"id":"859020","latitude":"5.46666670","longitude":"-0.85000000","name":"Gomua-Takwa"},{"id":"859065","latitude":"5.20000000","longitude":"-1.08333330","name":"Great Kormantin"},{"id":"859066","latitude":"5.20000000","longitude":"-1.08333330","name":"Great Kromanti High Town"},{"id":"859067","latitude":"5.18333330","longitude":"-1.10000000","name":"Great Kromanti Low Town"},{"id":"859158","latitude":"5.08333330","longitude":"-1.36666670","name":"Gwera Akyenmu"},{"id":"859160","latitude":"5.08333330","longitude":"-1.36666670","name":"Gwira Achinum"},{"id":"859161","latitude":"5.08333330","longitude":"-1.36666670","name":"Gwira Akyinim"},{"id":"859162","latitude":"5.08333330","longitude":"-1.36666670","name":"Gwira"},{"id":"859170","latitude":"5.28333330","longitude":"-1.11666670","name":"Gyabankrom"},{"id":"859179","latitude":"5.40000000","longitude":"-1.21666670","name":"Gyakae"},{"id":"859183","latitude":"5.50000000","longitude":"-0.76666670","name":"Gyaman"},{"id":"859186","latitude":"5.26666670","longitude":"-1.20000000","name":"Gyamdokrom"},{"id":"859227","latitude":"5.31666670","longitude":"-0.91666670","name":"Gyinakuma"},{"id":"859243","latitude":"5.35000000","longitude":"-0.93333330","name":"Hamakwa"},{"id":"859264","latitude":"5.45000000","longitude":"-1.06666670","name":"Hasowadi"},{"id":"859265","latitude":"5.45000000","longitude":"-1.06666670","name":"Hasowasi"},{"id":"859266","latitude":"5.45000000","longitude":"-1.06666670","name":"Hasowudi"},{"id":"859267","latitude":"5.51666670","longitude":"-0.88333330","name":"Hasuwodi"},{"id":"859307","latitude":"5.51666670","longitude":"-1.21666670","name":"Hiaheda"},{"id":"859323","latitude":"5.15000000","longitude":"-1.45000000","name":"Hiawa"},{"id":"859328","latitude":"5.20000000","longitude":"-1.08333330","name":"High Town"},{"id":"859335","latitude":"5.20000000","longitude":"-1.01666670","name":"Hini"},{"id":"859393","latitude":"5.25000000","longitude":"-1.46666670","name":"Huananaoba"},{"id":"859394","latitude":"5.25000000","longitude":"-1.46666670","name":"Huananuoba"},{"id":"859407","latitude":"5.26666670","longitude":"-1.45000000","name":"Humakromua"},{"id":"859443","latitude":"5.25000000","longitude":"-0.80000000","name":"Hwida"},{"id":"859452","latitude":"5.43333330","longitude":"-1.01666670","name":"Ibum"},{"id":"859457","latitude":"5.10000000","longitude":"-1.25000000","name":"Igua Ogwa"},{"id":"859460","latitude":"5.20000000","longitude":"-0.86666670","name":"Imoona"},{"id":"859463","latitude":"5.20000000","longitude":"-0.86666670","name":"Imuna"},{"id":"859481","latitude":"5.25000000","longitude":"-0.90000000","name":"Itwa"},{"id":"859489","latitude":"5.26666670","longitude":"-0.86666670","name":"Jabinkwa"},{"id":"859512","latitude":"5.38333330","longitude":"-0.86666670","name":"Jaimanhu"},{"id":"859514","latitude":"5.40000000","longitude":"-1.21666670","name":"Jakai"},{"id":"859541","latitude":"5.50000000","longitude":"-0.76666670","name":"Jaman"},{"id":"859601","latitude":"5.35000000","longitude":"-1.36666670","name":"Jaware"},{"id":"859611","latitude":"5.40000000","longitude":"-1.06666670","name":"Jedukrom"},{"id":"859658","latitude":"5.16666670","longitude":"-1.48333330","name":"Jerusalem"},{"id":"859660","latitude":"5.33333330","longitude":"-1.23333330","name":"Jesikrom"},{"id":"859699","latitude":"5.31666670","longitude":"-0.91666670","name":"Jinankuma"},{"id":"859786","latitude":"5.26666670","longitude":"-1.33333330","name":"Jukwa"},{"id":"859791","latitude":"5.26666670","longitude":"-0.75000000","name":"Jumba"},{"id":"859799","latitude":"5.35000000","longitude":"-1.45000000","name":"Juware"},{"id":"859804","latitude":"5.21666670","longitude":"-1.13333330","name":"Jwenuabadzi"},{"id":"859806","latitude":"5.46666670","longitude":"-0.98333330","name":"Jwinase"},{"id":"859917","latitude":"5.13333330","longitude":"-1.28333330","name":"Kakomdo"},{"id":"859922","latitude":"5.10000000","longitude":"-1.48333330","name":"Kakuadu"},{"id":"859923","latitude":"5.13333330","longitude":"-1.28333330","name":"Kakumdu"},{"id":"860014","latitude":"5.05000000","longitude":"-1.40000000","name":"Kanka"},{"id":"860112","latitude":"5.38333330","longitude":"-1.15000000","name":"Katachiasi"},{"id":"860118","latitude":"5.38333330","longitude":"-1.15000000","name":"Katakyiase"},{"id":"860166","latitude":"5.35000000","longitude":"-1.11666670","name":"Kawonsro"},{"id":"860169","latitude":"5.41666670","longitude":"-1.08333330","name":"Kawsisa"},{"id":"860172","latitude":"5.40000000","longitude":"-1.35000000","name":"Kayensiri"},{"id":"860233","latitude":"5.21666670","longitude":"-1.08333330","name":"Kete"},{"id":"860274","latitude":"5.08333330","longitude":"-1.50000000","name":"Kisi"},{"id":"860278","latitude":"5.08333330","longitude":"-1.50000000","name":"Kissi"},{"id":"860318","latitude":"5.20000000","longitude":"-1.20000000","name":"Kobena Ansa"},{"id":"860374","latitude":"5.26666670","longitude":"-1.36666670","name":"Kofijaberakrom"},{"id":"860382","latitude":"5.23333330","longitude":"-1.33333330","name":"Koforidua"},{"id":"860424","latitude":"5.48333330","longitude":"-0.96666670","name":"Kokoben"},{"id":"860437","latitude":"5.48333330","longitude":"-0.76666670","name":"Kokofu"},{"id":"860482","latitude":"5.10000000","longitude":"-1.48333330","name":"Kokwaado"},{"id":"860537","latitude":"5.05000000","longitude":"-1.48333330","name":"Komenda"},{"id":"860548","latitude":"5.05000000","longitude":"-1.48333330","name":"Kommenda"},{"id":"860629","latitude":"5.20000000","longitude":"-1.08333330","name":"Kormantan"},{"id":"860630","latitude":"5.18333330","longitude":"-1.10000000","name":"Kormantine Lower"},{"id":"860631","latitude":"5.20000000","longitude":"-1.08333330","name":"Kormantine Upper"},{"id":"860632","latitude":"5.20000000","longitude":"-1.08333330","name":"Kormantin"},{"id":"860668","latitude":"5.40000000","longitude":"-1.25000000","name":"Kotobebi"},{"id":"860671","latitude":"5.40000000","longitude":"-1.25000000","name":"Kotobeebi"},{"id":"860916","latitude":"5.46666670","longitude":"-0.90000000","name":"Kram"},{"id":"860917","latitude":"5.26666670","longitude":"-1.05000000","name":"Kramoakrom"},{"id":"860918","latitude":"5.60000000","longitude":"-0.95000000","name":"Kramokorasi"},{"id":"860921","latitude":"5.26666670","longitude":"-1.05000000","name":"Krampakrom"},{"id":"860924","latitude":"5.46666670","longitude":"-0.90000000","name":"Kran"},{"id":"860934","latitude":"5.58333330","longitude":"-1.03333330","name":"Kroboase"},{"id":"860938","latitude":"5.25000000","longitude":"-1.40000000","name":"Krobo"},{"id":"860940","latitude":"5.58333330","longitude":"-1.03333330","name":"Krobuasi"},{"id":"860941","latitude":"5.58333330","longitude":"-1.15000000","name":"Krochuano"},{"id":"860947","latitude":"5.26666670","longitude":"-1.06666670","name":"Krofu"},{"id":"860954","latitude":"5.38333330","longitude":"-0.95000000","name":"Kromaim"},{"id":"860957","latitude":"5.18333330","longitude":"-1.10000000","name":"Kromantse Bentsir"},{"id":"860958","latitude":"5.20000000","longitude":"-1.08333330","name":"Kromantse Nkum"},{"id":"860960","latitude":"5.38333330","longitude":"-0.95000000","name":"Kromem"},{"id":"860962","latitude":"5.36666670","longitude":"-1.25000000","name":"Krua"},{"id":"860966","latitude":"5.36666670","longitude":"-1.25000000","name":"Kruwa"},{"id":"861062","latitude":"5.10000000","longitude":"-1.48333330","name":"Kukuadu"},{"id":"861128","latitude":"5.40000000","longitude":"-0.80000000","name":"Kumasi"},{"id":"861207","latitude":"5.20000000","longitude":"-1.05000000","name":"Kuntu"},{"id":"861211","latitude":"5.48333330","longitude":"-1.05000000","name":"Kuntumin"},{"id":"861225","latitude":"5.36666670","longitude":"-1.11666670","name":"Kuradu"},{"id":"861239","latitude":"5.36666670","longitude":"-1.25000000","name":"Kurua"},{"id":"861285","latitude":"5.20000000","longitude":"-1.20000000","name":"Kwabenansa"},{"id":"861317","latitude":"5.36666670","longitude":"-1.15000000","name":"Kwadoja"},{"id":"861318","latitude":"5.36666670","longitude":"-1.15000000","name":"Kwaduagya"},{"id":"861346","latitude":"5.41666670","longitude":"-1.11666670","name":"Kwakrom"},{"id":"861368","latitude":"5.30000000","longitude":"-1.10000000","name":"Kwamang"},{"id":"861372","latitude":"5.30000000","longitude":"-1.10000000","name":"Kwaman"},{"id":"861377","latitude":"5.50000000","longitude":"-1.16666670","name":"Kwamata"},{"id":"861387","latitude":"5.50000000","longitude":"-1.16666670","name":"Kwamenatta"},{"id":"861396","latitude":"5.50000000","longitude":"-1.16666670","name":"Kwamiata"},{"id":"861399","latitude":"5.36666670","longitude":"-0.98333330","name":"Kwami Chwika"},{"id":"861421","latitude":"5.56666670","longitude":"-1.05000000","name":"Kwanopado"},{"id":"861423","latitude":"5.16666670","longitude":"-1.30000000","name":"Kwansimakrom"},{"id":"861424","latitude":"5.16666670","longitude":"-1.30000000","name":"Kwansimukrom"},{"id":"861427","latitude":"5.16666670","longitude":"-1.36666670","name":"Kwantumabre"},{"id":"861429","latitude":"5.45000000","longitude":"-0.86666670","name":"Kwanyako"},{"id":"861431","latitude":"5.45000000","longitude":"-0.86666670","name":"Kwanyaku"},{"id":"861441","latitude":"5.21666670","longitude":"-0.90000000","name":"Kwaprakwa"},{"id":"861443","latitude":"5.11666670","longitude":"-1.30000000","name":"Kwapro"},{"id":"861448","latitude":"5.43333330","longitude":"-1.26666670","name":"Kwasama"},{"id":"861469","latitude":"5.40000000","longitude":"-0.70000000","name":"Kwatakrom"},{"id":"861503","latitude":"5.38333330","longitude":"-0.65000000","name":"Kwenue"},{"id":"861514","latitude":"5.33333330","longitude":"-1.06666670","name":"Kwesiansa"},{"id":"861516","latitude":"5.21666670","longitude":"-1.50000000","name":"Kwesibawnakrom"},{"id":"861524","latitude":"5.30000000","longitude":"-1.45000000","name":"Kwesimensakrom"},{"id":"861525","latitude":"5.30000000","longitude":"-1.45000000","name":"Kwesimensakurasi"},{"id":"861533","latitude":"5.08333330","longitude":"-1.50000000","name":"Kwisi"},{"id":"861543","latitude":"5.36666670","longitude":"-1.11666670","name":"Kwrado"},{"id":"861559","latitude":"5.45000000","longitude":"-0.93333330","name":"Kyebil"},{"id":"861565","latitude":"5.46666670","longitude":"-1.16666670","name":"Kyekyewere"},{"id":"861573","latitude":"5.31666670","longitude":"-1.25000000","name":"Kyereko"},{"id":"861580","latitude":"5.41666670","longitude":"-1.15000000","name":"Kyinaso"},{"id":"861585","latitude":"5.33333330","longitude":"-0.83333330","name":"Kyiren"},{"id":"861610","latitude":"5.21666670","longitude":"-0.78333330","name":"Lagoua"},{"id":"861611","latitude":"5.21666670","longitude":"-0.78333330","name":"Lagu"},{"id":"861700","latitude":"5.21666670","longitude":"-0.78333330","name":"Leggoo"},{"id":"861702","latitude":"5.21666670","longitude":"-0.78333330","name":"Lego"},{"id":"861705","latitude":"5.21666670","longitude":"-0.78333330","name":"Legu"},{"id":"861754","latitude":"5.41666670","longitude":"-0.75000000","name":"Lome"},{"id":"861773","latitude":"5.18333330","longitude":"-1.10000000","name":"Low Town"},{"id":"861836","latitude":"5.56666670","longitude":"-1.13333330","name":"Mahamiti"},{"id":"861870","latitude":"5.31666670","longitude":"-0.68333330","name":"Mamkwadi"},{"id":"861879","latitude":"5.48333330","longitude":"-0.81666670","name":"Mampong"},{"id":"861884","latitude":"5.48333330","longitude":"-0.81666670","name":"Mampon"},{"id":"861890","latitude":"5.31666670","longitude":"-0.68333330","name":"Mamquady"},{"id":"861903","latitude":"5.38333330","longitude":"-0.93333330","name":"Mando"},{"id":"861906","latitude":"5.06666670","longitude":"-1.46666670","name":"Mandu"},{"id":"861923","latitude":"5.28333330","longitude":"-1.23333330","name":"Mangoasi Ekuto"},{"id":"861953","latitude":"5.26666670","longitude":"-1.01666670","name":"Mankesim"},{"id":"861955","latitude":"5.26666670","longitude":"-1.01666670","name":"Mankessim"},{"id":"861968","latitude":"5.31666670","longitude":"-0.68333330","name":"Mankwadi"},{"id":"861969","latitude":"5.31666670","longitude":"-0.68333330","name":"Mankwado"},{"id":"861970","latitude":"5.31666670","longitude":"-0.68333330","name":"Mankwadze"},{"id":"861971","latitude":"5.31666670","longitude":"-0.68333330","name":"Mankwadzi"},{"id":"861985","latitude":"5.33333330","longitude":"-0.83333330","name":"Manso"},{"id":"862048","latitude":"5.30000000","longitude":"-1.36666670","name":"Mbeam"},{"id":"862057","latitude":"5.21666670","longitude":"-0.88333330","name":"Mbroboto"},{"id":"862094","latitude":"5.38333330","longitude":"-1.06666670","name":"Mensakrom"},{"id":"862114","latitude":"5.40000000","longitude":"-1.18333330","name":"Menyinase"},{"id":"862119","latitude":"5.41666670","longitude":"-1.18333330","name":"Mereadan"},{"id":"862127","latitude":"5.31666670","longitude":"-1.36666670","name":"Mesuromehu"},{"id":"862128","latitude":"5.31666670","longitude":"-1.36666670","name":"Mesuromshu"},{"id":"862136","latitude":"5.50000000","longitude":"-1.10000000","name":"Metemanu"},{"id":"862151","latitude":"5.36666670","longitude":"-1.41666670","name":"Mfoum"},{"id":"862163","latitude":"5.45000000","longitude":"-1.11666670","name":"Mibuamihu"},{"id":"862187","latitude":"5.40000000","longitude":"-1.18333330","name":"Minyinasi"},{"id":"862213","latitude":"5.30000000","longitude":"-1.36666670","name":"Mmem"},{"id":"862231","latitude":"5.43333330","longitude":"-1.26666670","name":"Mogwiye"},{"id":"862259","latitude":"5.13333330","longitude":"-1.20000000","name":"Moree"},{"id":"862263","latitude":"5.13333330","longitude":"-1.20000000","name":"Mori"},{"id":"862279","latitude":"5.13333330","longitude":"-1.20000000","name":"Mouri"},{"id":"862321","latitude":"5.13333330","longitude":"-1.51666670","name":"Mpehin"},{"id":"862332","latitude":"5.33333330","longitude":"-1.25000000","name":"Mpenkrom"},{"id":"862336","latitude":"5.26666670","longitude":"-1.08333330","name":"Mpesaduadze"},{"id":"862339","latitude":"5.26666670","longitude":"-1.08333330","name":"Mpesedadi"},{"id":"862355","latitude":"5.23333330","longitude":"-1.21666670","name":"Mprajo"},{"id":"862358","latitude":"5.23333330","longitude":"-1.21666670","name":"Mpredwo"},{"id":"862359","latitude":"5.35000000","longitude":"-1.06666670","name":"Mprenchi"},{"id":"862360","latitude":"5.35000000","longitude":"-1.06666670","name":"Mprenkye"},{"id":"862362","latitude":"5.35000000","longitude":"-0.73333330","name":"Mprumem"},{"id":"862369","latitude":"5.60000000","longitude":"-1.01666670","name":"Mresachi"},{"id":"862373","latitude":"5.36666670","longitude":"-1.25000000","name":"Muawanu"},{"id":"862380","latitude":"5.26666670","longitude":"-0.75000000","name":"Mumford"},{"id":"862381","latitude":"5.26666670","longitude":"-0.75000000","name":"Mumfort"},{"id":"862383","latitude":"5.20000000","longitude":"-0.86666670","name":"Muna"},{"id":"862387","latitude":"5.31666670","longitude":"-0.66666670","name":"Munianu"},{"id":"862404","latitude":"5.30000000","longitude":"-1.21666670","name":"Musunkwa"},{"id":"862581","latitude":"5.20000000","longitude":"-0.93333330","name":"Nakwa"},{"id":"862630","latitude":"5.58333330","longitude":"-0.93333330","name":"Namkaru"},{"id":"862631","latitude":"5.58333330","longitude":"-0.93333330","name":"Namkoru"},{"id":"862650","latitude":"5.25000000","longitude":"-0.95000000","name":"Nanaben"},{"id":"862651","latitude":"5.25000000","longitude":"-0.95000000","name":"Nanabin"},{"id":"862826","latitude":"5.23333330","longitude":"-1.15000000","name":"Ndasemamu"},{"id":"862827","latitude":"5.23333330","longitude":"-1.15000000","name":"Ndasimen"},{"id":"862898","latitude":"5.36666670","longitude":"-1.41666670","name":"Nfuom"},{"id":"862906","latitude":"5.35000000","longitude":"-0.85000000","name":"Ngilisi"},{"id":"862917","latitude":"5.35000000","longitude":"-0.85000000","name":"Ngyiresi"},{"id":"862918","latitude":"5.45000000","longitude":"-1.15000000","name":"Ngyresi Darman"},{"id":"862989","latitude":"5.38333330","longitude":"-1.45000000","name":"Nkako"},{"id":"862991","latitude":"5.13333330","longitude":"-1.25000000","name":"Nkamfoa"},{"id":"862992","latitude":"5.26666670","longitude":"-1.21666670","name":"Nkana"},{"id":"862995","latitude":"5.13333330","longitude":"-1.25000000","name":"Nkanfoa"},{"id":"863029","latitude":"5.35000000","longitude":"-0.96666670","name":"Nkodwo"},{"id":"863030","latitude":"5.35000000","longitude":"-0.96666670","name":"Nkojo"},{"id":"863033","latitude":"5.20000000","longitude":"-1.35000000","name":"Nkokosa"},{"id":"863049","latitude":"5.36666670","longitude":"-0.78333330","name":"Nkoranza"},{"id":"863063","latitude":"5.45000000","longitude":"-1.15000000","name":"Nkrang"},{"id":"863067","latitude":"5.45000000","longitude":"-1.15000000","name":"Nkran"},{"id":"863084","latitude":"5.58333330","longitude":"-1.15000000","name":"Nkuben"},{"id":"863096","latitude":"5.11666670","longitude":"-1.33333330","name":"Nkuntraudu"},{"id":"863097","latitude":"5.11666670","longitude":"-1.33333330","name":"Nkuntrau"},{"id":"863098","latitude":"5.11666670","longitude":"-1.33333330","name":"Nkuntrodo"},{"id":"863122","latitude":"5.28333330","longitude":"-1.28333330","name":"Nkwantanang"},{"id":"863126","latitude":"5.28333330","longitude":"-1.28333330","name":"Nkwantanan"},{"id":"863133","latitude":"5.40000000","longitude":"-0.98333330","name":"Nkwantanum"},{"id":"863140","latitude":"5.11666670","longitude":"-1.33333330","name":"Nkwantrauro"},{"id":"863202","latitude":"5.06666670","longitude":"-1.46666670","name":"Nsadwer"},{"id":"863203","latitude":"5.06666670","longitude":"-1.46666670","name":"Nsagwir"},{"id":"863211","latitude":"5.21666670","longitude":"-1.16666670","name":"Nsanfo Kuma"},{"id":"863212","latitude":"5.21666670","longitude":"-1.16666670","name":"Nsanfu"},{"id":"863215","latitude":"5.33333330","longitude":"-0.96666670","name":"Nsawadze"},{"id":"863216","latitude":"5.33333330","longitude":"-0.96666670","name":"Nsawadzi"},{"id":"863217","latitude":"5.30000000","longitude":"-0.73333330","name":"Nsawam"},{"id":"863264","latitude":"5.36666670","longitude":"-0.86666670","name":"Nsumanu"},{"id":"863287","latitude":"5.18333330","longitude":"-1.50000000","name":"Nsuyena"},{"id":"863306","latitude":"5.45000000","longitude":"-0.93333330","name":"Ntenanta"},{"id":"863315","latitude":"5.56666670","longitude":"-1.01666670","name":"Ntetia"},{"id":"863336","latitude":"5.13333330","longitude":"-1.33333330","name":"Ntranoa"},{"id":"863337","latitude":"5.13333330","longitude":"-1.33333330","name":"Ntraunua"},{"id":"863346","latitude":"5.13333330","longitude":"-1.43333330","name":"Ntsirimang"},{"id":"863347","latitude":"5.13333330","longitude":"-1.43333330","name":"Ntsirman"},{"id":"863375","latitude":"5.48333330","longitude":"-1.01666670","name":"Numa"},{"id":"863432","latitude":"5.43333330","longitude":"-0.66666670","name":"Nyakwadzi"},{"id":"863444","latitude":"5.35000000","longitude":"-1.25000000","name":"Nyamebebu"},{"id":"863447","latitude":"5.31666670","longitude":"-1.40000000","name":"Nyamebekyere"},{"id":"863452","latitude":"5.28333330","longitude":"-1.25000000","name":"Nyamedom"},{"id":"863454","latitude":"5.28333330","longitude":"-1.35000000","name":"Nyameeni"},{"id":"863465","latitude":"5.35000000","longitude":"-1.25000000","name":"Nyamibebu"},{"id":"863467","latitude":"5.28333330","longitude":"-1.35000000","name":"Nyamibechere"},{"id":"863470","latitude":"5.55000000","longitude":"-0.91666670","name":"Nyamibechire"},{"id":"863478","latitude":"5.28333330","longitude":"-1.35000000","name":"Nyamieni"},{"id":"863483","latitude":"5.46666670","longitude":"-1.26666670","name":"Nyamineye"},{"id":"863504","latitude":"5.25000000","longitude":"-1.18333330","name":"Nyanfueku Ekroful"},{"id":"863508","latitude":"5.28333330","longitude":"-1.25000000","name":"Nyanidome"},{"id":"863522","latitude":"5.26666670","longitude":"-1.30000000","name":"Nyankumasi"},{"id":"863542","latitude":"5.30000000","longitude":"-0.98333330","name":"Nyapa"},{"id":"863561","latitude":"5.28333330","longitude":"-1.46666670","name":"Nyejimi"},{"id":"863627","latitude":"5.25000000","longitude":"-1.11666670","name":"Obaadu"},{"id":"863628","latitude":"5.56666670","longitude":"-1.03333330","name":"Obaasi"},{"id":"863634","latitude":"5.56666670","longitude":"-1.03333330","name":"Obasi"},{"id":"863646","latitude":"5.23333330","longitude":"-1.01666670","name":"Obidan"},{"id":"863655","latitude":"5.28333330","longitude":"-0.81666670","name":"Obiri"},{"id":"863661","latitude":"5.25000000","longitude":"-1.11666670","name":"Oboadzi"},{"id":"863668","latitude":"5.30000000","longitude":"-1.13333330","name":"Obobin"},{"id":"863674","latitude":"5.30000000","longitude":"-1.13333330","name":"Obohen"},{"id":"863675","latitude":"5.28333330","longitude":"-1.06666670","name":"Obokaw"},{"id":"863676","latitude":"5.31666670","longitude":"-1.30000000","name":"Obokofikrom"},{"id":"863677","latitude":"5.28333330","longitude":"-1.06666670","name":"Obokor"},{"id":"863683","latitude":"5.31666670","longitude":"-0.95000000","name":"Obontser"},{"id":"863692","latitude":"5.61666670","longitude":"-0.96666670","name":"Obosumasi"},{"id":"863697","latitude":"5.36666670","longitude":"-1.01666670","name":"Oboum"},{"id":"863708","latitude":"5.51666670","longitude":"-1.01666670","name":"Obronikrom"},{"id":"863709","latitude":"5.25000000","longitude":"-1.11666670","name":"Obuadze"},{"id":"863717","latitude":"5.28333330","longitude":"-1.15000000","name":"Obuka"},{"id":"863718","latitude":"5.20000000","longitude":"-1.15000000","name":"Obukrom"},{"id":"863720","latitude":"5.36666670","longitude":"-1.01666670","name":"Obum"},{"id":"863738","latitude":"5.31666670","longitude":"-1.25000000","name":"Ochireku"},{"id":"863740","latitude":"5.61666670","longitude":"-1.00000000","name":"Ochisau"},{"id":"863741","latitude":"5.46666670","longitude":"-1.08333330","name":"Ochiso"},{"id":"863742","latitude":"5.61666670","longitude":"-1.00000000","name":"Ochisua"},{"id":"863750","latitude":"5.33333330","longitude":"-1.11666670","name":"Odampaw"},{"id":"863752","latitude":"5.46666670","longitude":"-1.11666670","name":"Oda"},{"id":"863762","latitude":"5.41666670","longitude":"-0.80000000","name":"Odina"},{"id":"863770","latitude":"5.33333330","longitude":"-1.11666670","name":"Odompo"},{"id":"863771","latitude":"5.31666670","longitude":"-1.15000000","name":"Odonasi"},{"id":"863778","latitude":"5.36666670","longitude":"-1.23333330","name":"Oduafo"},{"id":"863783","latitude":"5.21666670","longitude":"-0.90000000","name":"Odukwa"},{"id":"863791","latitude":"5.30000000","longitude":"-1.13333330","name":"Odumase"},{"id":"863795","latitude":"5.33333330","longitude":"-1.38333330","name":"Odumasi Baman"},{"id":"863799","latitude":"5.13333330","longitude":"-1.48333330","name":"Odumasi"},{"id":"863811","latitude":"5.60000000","longitude":"-1.15000000","name":"Odumkwaku"},{"id":"863824","latitude":"5.61666670","longitude":"-1.00000000","name":"Oehisua"},{"id":"863825","latitude":"5.36666670","longitude":"-1.03333330","name":"Ofabir"},{"id":"863833","latitude":"5.51666670","longitude":"-0.76666670","name":"Ofasu"},{"id":"863834","latitude":"5.36666670","longitude":"-1.03333330","name":"Ofebi"},{"id":"863858","latitude":"5.31666670","longitude":"-1.25000000","name":"Oframase"},{"id":"863860","latitude":"5.31666670","longitude":"-1.25000000","name":"Oframoasi"},{"id":"863871","latitude":"5.23333330","longitude":"-1.11666670","name":"Ogokrom"},{"id":"863874","latitude":"5.41666670","longitude":"-0.81666670","name":"Oguaa"},{"id":"863875","latitude":"5.41666670","longitude":"-0.68333330","name":"Oguakrom"},{"id":"863877","latitude":"5.41666670","longitude":"-0.81666670","name":"Ogua"},{"id":"863878","latitude":"5.41666670","longitude":"-0.68333330","name":"Ogwakrom"},{"id":"863879","latitude":"5.38333330","longitude":"-0.76666670","name":"Ogwang"},{"id":"863880","latitude":"5.10000000","longitude":"-1.25000000","name":"Ogwa"},{"id":"863899","latitude":"5.36666670","longitude":"-0.81666670","name":"Ohua"},{"id":"863901","latitude":"5.31666670","longitude":"-0.98333330","name":"Ojamadzi"},{"id":"863902","latitude":"5.26666670","longitude":"-1.20000000","name":"Ojanokrom"},{"id":"863914","latitude":"5.26666670","longitude":"-0.93333330","name":"Okantade"},{"id":"863948","latitude":"5.56666670","longitude":"-1.08333330","name":"Okurkwaa"},{"id":"863949","latitude":"5.56666670","longitude":"-1.08333330","name":"Okurukrom"},{"id":"863955","latitude":"5.28333330","longitude":"-0.98333330","name":"Okwakwa"},{"id":"863957","latitude":"5.46666670","longitude":"-0.80000000","name":"Okwawu"},{"id":"863965","latitude":"5.50000000","longitude":"-0.91666670","name":"Okyeso"},{"id":"863974","latitude":"5.31666670","longitude":"-1.15000000","name":"Old Donase"},{"id":"863976","latitude":"5.21666670","longitude":"-1.23333330","name":"Old Ebu"},{"id":"864004","latitude":"5.55000000","longitude":"-0.85000000","name":"Omen Bobikuma"},{"id":"864013","latitude":"5.35000000","longitude":"-1.23333330","name":"Onsunyamiye"},{"id":"864019","latitude":"5.31666670","longitude":"-0.93333330","name":"Onyadze"},{"id":"864020","latitude":"5.31666670","longitude":"-0.93333330","name":"Onyadzi"},{"id":"864033","latitude":"5.26666670","longitude":"-1.38333330","name":"Opayinfosukrom"},{"id":"864050","latitude":"5.56666670","longitude":"-1.05000000","name":"Orubaw"},{"id":"864052","latitude":"5.45000000","longitude":"-0.80000000","name":"Osadi"},{"id":"864053","latitude":"5.45000000","longitude":"-0.91666670","name":"Osedi"},{"id":"864054","latitude":"5.45000000","longitude":"-0.80000000","name":"Osedzi"},{"id":"864085","latitude":"5.36666670","longitude":"-1.03333330","name":"Osubo"},{"id":"864094","latitude":"5.36666670","longitude":"-0.71666670","name":"Otaw"},{"id":"864096","latitude":"5.26666670","longitude":"-1.28333330","name":"Otekukrom"},{"id":"864104","latitude":"5.36666670","longitude":"-0.91666670","name":"Otobiadzi"},{"id":"864107","latitude":"5.53333330","longitude":"-1.16666670","name":"Otokrom"},{"id":"864111","latitude":"5.36666670","longitude":"-0.71666670","name":"Otsew Dwokwaa"},{"id":"864124","latitude":"5.40000000","longitude":"-0.93333330","name":"Owang"},{"id":"864126","latitude":"5.40000000","longitude":"-0.93333330","name":"Owan"},{"id":"864127","latitude":"5.38333330","longitude":"-1.03333330","name":"Owawmasi"},{"id":"864129","latitude":"5.25000000","longitude":"-0.85000000","name":"Owia"},{"id":"864138","latitude":"5.38333330","longitude":"-1.03333330","name":"Owumadzi"},{"id":"864139","latitude":"5.55000000","longitude":"-0.96666670","name":"Owumaso"},{"id":"864147","latitude":"5.25000000","longitude":"-0.85000000","name":"Owuya"},{"id":"864248","latitude":"5.31666670","longitude":"-1.40000000","name":"Papa Amoakukrom"},{"id":"864250","latitude":"5.25000000","longitude":"-1.26666670","name":"Papagya"},{"id":"864251","latitude":"5.25000000","longitude":"-1.26666670","name":"Papaja"},{"id":"864264","latitude":"5.56666670","longitude":"-1.05000000","name":"Paprawchi"},{"id":"864299","latitude":"5.30000000","longitude":"-1.11666670","name":"Patuakwa"},{"id":"864321","latitude":"5.11666670","longitude":"-1.26666670","name":"Pedu"},{"id":"864322","latitude":"5.08333330","longitude":"-1.36666670","name":"Pehi"},{"id":"864344","latitude":"5.11666670","longitude":"-1.26666670","name":"Pelo"},{"id":"864425","latitude":"5.45000000","longitude":"-0.78333330","name":"Pinanko"},{"id":"864481","latitude":"5.40000000","longitude":"-0.65000000","name":"Pomadi Brofoyedru"},{"id":"864482","latitude":"5.40000000","longitude":"-0.65000000","name":"Pomadze"},{"id":"864485","latitude":"5.31666670","longitude":"-1.08333330","name":"Pompoase"},{"id":"864486","latitude":"5.31666670","longitude":"-1.08333330","name":"Pompoasi"},{"id":"864521","latitude":"5.30000000","longitude":"-1.11666670","name":"Potuako"},{"id":"864552","latitude":"5.23333330","longitude":"-1.18333330","name":"Prewusi"},{"id":"864597","latitude":"5.60000000","longitude":"-0.98333330","name":"Puppruasi"},{"id":"864610","latitude":"5.20000000","longitude":"-1.28333330","name":"Putubew"},{"id":"864611","latitude":"5.20000000","longitude":"-1.28333330","name":"Putubui"},{"id":"864650","latitude":"5.40000000","longitude":"-1.15000000","name":"Sabrinsu"},{"id":"864660","latitude":"5.31666670","longitude":"-0.88333330","name":"Sachiri"},{"id":"864685","latitude":"5.08333330","longitude":"-1.35000000","name":"Saint George Del Mina"},{"id":"864750","latitude":"5.20000000","longitude":"-1.06666670","name":"Saltpond"},{"id":"864761","latitude":"5.20000000","longitude":"-1.40000000","name":"Samang"},{"id":"864767","latitude":"5.20000000","longitude":"-1.40000000","name":"Saman"},{"id":"864858","latitude":"5.11666670","longitude":"-1.36666670","name":"Sanka"},{"id":"864926","latitude":"5.21666670","longitude":"-0.85000000","name":"Sarafa Kukudu"},{"id":"864927","latitude":"5.20000000","longitude":"-0.83333330","name":"Sarafa"},{"id":"864928","latitude":"5.46666670","longitude":"-0.75000000","name":"Saraha"},{"id":"864950","latitude":"5.20000000","longitude":"-0.83333330","name":"Sasra"},{"id":"864992","latitude":"5.36666670","longitude":"-1.15000000","name":"Secheri"},{"id":"865005","latitude":"5.25000000","longitude":"-1.35000000","name":"Sefwi"},{"id":"865050","latitude":"5.36666670","longitude":"-1.15000000","name":"Sekyere"},{"id":"865054","latitude":"5.35000000","longitude":"-0.75000000","name":"Semborofo"},{"id":"865056","latitude":"5.16666670","longitude":"-1.33333330","name":"Semew Edena"},{"id":"865099","latitude":"5.20000000","longitude":"-0.83333330","name":"Serafa Aboano"},{"id":"865100","latitude":"5.20000000","longitude":"-0.83333330","name":"Serafa Beach"},{"id":"865101","latitude":"5.21666670","longitude":"-0.85000000","name":"Serafakokodo"},{"id":"865108","latitude":"5.20000000","longitude":"-0.83333330","name":"Serfampan"},{"id":"865180","latitude":"5.40000000","longitude":"-1.15000000","name":"Sibinsu"},{"id":"865206","latitude":"5.33333330","longitude":"-1.33333330","name":"Sikaman"},{"id":"865216","latitude":"5.58333330","longitude":"-0.95000000","name":"Sikayena"},{"id":"865223","latitude":"5.35000000","longitude":"-0.75000000","name":"Simbrofo"},{"id":"865224","latitude":"5.16666670","longitude":"-1.33333330","name":"Simeu"},{"id":"865226","latitude":"5.33333330","longitude":"-0.61666670","name":"Simpa"},{"id":"865231","latitude":"5.45000000","longitude":"-0.96666670","name":"Sinchem"},{"id":"865273","latitude":"5.18333330","longitude":"-1.10000000","name":"Small Kormantin"},{"id":"865370","latitude":"5.21666670","longitude":"-1.30000000","name":"Sordofol"},{"id":"865373","latitude":"5.21666670","longitude":"-1.30000000","name":"Sorofu"},{"id":"865406","latitude":"5.28333330","longitude":"-0.85000000","name":"Suani"},{"id":"865492","latitude":"5.35000000","longitude":"-1.05000000","name":"Sunkwa"},{"id":"865505","latitude":"5.58333330","longitude":"-1.06666670","name":"Suponso"},{"id":"865508","latitude":"5.21666670","longitude":"-1.00000000","name":"Suprudo"},{"id":"865509","latitude":"5.21666670","longitude":"-1.00000000","name":"Suprudu"},{"id":"865538","latitude":"5.28333330","longitude":"-1.00000000","name":"Swedru"},{"id":"865550","latitude":"5.31666670","longitude":"-1.11666670","name":"Tabosum"},{"id":"865567","latitude":"5.26666670","longitude":"-1.18333330","name":"Taedo"},{"id":"865580","latitude":"5.26666670","longitude":"-1.18333330","name":"Tahido"},{"id":"865583","latitude":"5.23333330","longitude":"-1.13333330","name":"Taidu"},{"id":"865619","latitude":"5.46666670","longitude":"-0.85000000","name":"Takwa"},{"id":"865738","latitude":"5.21666670","longitude":"-0.80000000","name":"Tantamkwere"},{"id":"865739","latitude":"5.21666670","longitude":"-0.80000000","name":"Tantamkweri"},{"id":"865740","latitude":"5.21666670","longitude":"-0.80000000","name":"Tantamquerry"},{"id":"865742","latitude":"5.21666670","longitude":"-0.80000000","name":"Tantum"},{"id":"865769","latitude":"5.46666670","longitude":"-0.85000000","name":"Tarkwa"},{"id":"865806","latitude":"5.51666670","longitude":"-1.15000000","name":"Tebir"},{"id":"865807","latitude":"5.51666670","longitude":"-1.15000000","name":"Tebi"},{"id":"865819","latitude":"5.30000000","longitude":"-0.95000000","name":"Techiman"},{"id":"865835","latitude":"5.55000000","longitude":"-1.13333330","name":"Tehinite"},{"id":"865850","latitude":"5.43333330","longitude":"-0.95000000","name":"Tekyiman"},{"id":"865932","latitude":"5.36666670","longitude":"-1.20000000","name":"Tetikasum"},{"id":"865933","latitude":"5.35000000","longitude":"-1.15000000","name":"Teti"},{"id":"865939","latitude":"5.35000000","longitude":"-1.15000000","name":"Tetsi"},{"id":"866238","latitude":"5.36666670","longitude":"-1.20000000","name":"Tsetsekaasomu"},{"id":"866249","latitude":"5.55000000","longitude":"-1.13333330","name":"Tsihintsi"},{"id":"866272","latitude":"5.28333330","longitude":"-1.18333330","name":"Tuakwa"},{"id":"866310","latitude":"5.45000000","longitude":"-1.25000000","name":"Tumfokrom"},{"id":"866311","latitude":"5.45000000","longitude":"-1.25000000","name":"Tumfukro"},{"id":"866319","latitude":"5.45000000","longitude":"-1.25000000","name":"Tunfukur"},{"id":"866351","latitude":"5.25000000","longitude":"-0.90000000","name":"Twa"},{"id":"866376","latitude":"5.26666670","longitude":"-1.40000000","name":"Twitwine"},{"id":"866525","latitude":"5.16666670","longitude":"-1.18333330","name":"Wakram"},{"id":"866526","latitude":"5.16666670","longitude":"-1.18333330","name":"Wakrom"},{"id":"866568","latitude":"5.15000000","longitude":"-1.48333330","name":"Warababa"},{"id":"866579","latitude":"5.53333330","longitude":"-1.05000000","name":"Wasabiampa"},{"id":"866585","latitude":"5.45000000","longitude":"-0.78333330","name":"Wasa"},{"id":"866600","latitude":"5.28333330","longitude":"-1.33333330","name":"Watreso"},{"id":"866682","latitude":"5.21666670","longitude":"-1.40000000","name":"Wibame"},{"id":"866704","latitude":"5.33333330","longitude":"-0.61666670","name":"Winnebah"},{"id":"866705","latitude":"5.33333330","longitude":"-0.61666670","name":"Winneba"},{"id":"866718","latitude":"5.50000000","longitude":"-0.93333330","name":"Wochiu"},{"id":"866751","latitude":"5.05000000","longitude":"-1.46666670","name":"Wuagyan"},{"id":"866870","latitude":"5.33333330","longitude":"-1.33333330","name":"Yakesi"},{"id":"866896","latitude":"5.18333330","longitude":"-1.38333330","name":"Yamen"},{"id":"866907","latitude":"5.15000000","longitude":"-1.20000000","name":"Yamoransa"},{"id":"866933","latitude":"5.41666670","longitude":"-1.43333330","name":"Yaomensakrom"},{"id":"866963","latitude":"5.25000000","longitude":"-1.28333330","name":"Yawanu"},{"id":"866973","latitude":"5.31666670","longitude":"-1.05000000","name":"Yebuakwa"}]