[{"id":"851416","latitude":"4.05000000","longitude":"-54.35000000","name":"Abouna Sounga"},{"id":"851417","latitude":"5.60000000","longitude":"-53.80000000","name":"Acarouani"},{"id":"851418","latitude":"5.60000000","longitude":"-53.80000000","name":"Acarouany"},{"id":"851419","latitude":"4.86666670","longitude":"-53.00000000","name":"Adieu-Vat"},{"id":"851420","latitude":"4.41666670","longitude":"-54.43333330","name":"A\u00e9roplane Cond\u00e9"},{"id":"851421","latitude":"4.41666670","longitude":"-54.43333330","name":"A\u00e9roplane Kond\u00e9"},{"id":"851422","latitude":"3.76666670","longitude":"-53.21666670","name":"Agami"},{"id":"851423","latitude":"3.83333330","longitude":"-54.18333330","name":"Agode"},{"id":"851424","latitude":"5.08333330","longitude":"-54.40000000","name":"Akilengui"},{"id":"851425","latitude":"5.16666670","longitude":"-54.33333330","name":"Akodo"},{"id":"851426","latitude":"2.95000000","longitude":"-52.40000000","name":"Akoum\u00e9na\u00ef"},{"id":"851427","latitude":"2.95000000","longitude":"-52.40000000","name":"Akoum\u00e9nay"},{"id":"851428","latitude":"2.95000000","longitude":"-52.40000000","name":"Akoumenaye"},{"id":"851429","latitude":"4.38333330","longitude":"-54.31666670","name":"Akouti"},{"id":"851430","latitude":"3.38333330","longitude":"-52.91666670","name":"Alicia"},{"id":"851431","latitude":"3.11666670","longitude":"-52.35000000","name":"Alicoto"},{"id":"851432","latitude":"3.33333330","longitude":"-52.41666670","name":"Alik\u00e9n\u00e9"},{"id":"851433","latitude":"3.11666670","longitude":"-52.35000000","name":"Alikoto"},{"id":"851434","latitude":"3.31666670","longitude":"-54.06666670","name":"Alo\u00efk\u00e9"},{"id":"851435","latitude":"3.31666670","longitude":"-54.06666670","name":"Alowike"},{"id":"851436","latitude":"4.81666670","longitude":"-54.46666670","name":"Am\u00e9kan Tabiki"},{"id":"851437","latitude":"4.23333330","longitude":"-54.38333330","name":"Ana Kond\u00e9"},{"id":"851438","latitude":"3.28333330","longitude":"-53.60000000","name":"Ancien D\u00e9grad Fourmi Rouge"},{"id":"851439","latitude":"3.51666670","longitude":"-53.75000000","name":"Ancien D\u00e9grad Francis"},{"id":"851440","latitude":"5.56666670","longitude":"-53.93333330","name":"Ancien D\u00e9grad Jougla"},{"id":"851441","latitude":"3.55000000","longitude":"-53.80000000","name":"Ancien Degrad Nicole"},{"id":"851442","latitude":"3.25000000","longitude":"-53.58333330","name":"Ancien D\u00e9grad Vitalo"},{"id":"851443","latitude":"3.81666670","longitude":"-54.16666670","name":"Ancien Papa\u00efchton"},{"id":"851444","latitude":"3.10000000","longitude":"-53.25000000","name":"Ancien Village Hubert"},{"id":"851445","latitude":"4.53333330","longitude":"-52.53333330","name":"Ancien Village Mathurin"},{"id":"851446","latitude":"4.56666670","longitude":"-52.40000000","name":"Ancien Village Poteau Carr\u00e9"},{"id":"851447","latitude":"5.40000000","longitude":"-53.65000000","name":"Angoul\u00eame"},{"id":"851448","latitude":"5.30000000","longitude":"-54.21666670","name":"Ankel"},{"id":"851449","latitude":"3.28333330","longitude":"-54.06666670","name":"Ant\u00e9cume Pata"},{"id":"851450","latitude":"5.53333330","longitude":"-53.43333330","name":"Anton"},{"id":"851451","latitude":"5.73333330","longitude":"-53.90000000","name":"Aouara"},{"id":"851452","latitude":"5.15000000","longitude":"-54.33333330","name":"Apatou"},{"id":"851453","latitude":"4.41666670","longitude":"-51.93333330","name":"Approuague"},{"id":"851454","latitude":"3.98333330","longitude":"-52.56666670","name":"Arata\u00ef"},{"id":"851455","latitude":"3.98333330","longitude":"-52.56666670","name":"Arataye"},{"id":"851456","latitude":"3.98333330","longitude":"-52.56666670","name":"Arotaye"},{"id":"851457","latitude":"3.81666670","longitude":"-54.20000000","name":"Asisi"},{"id":"851458","latitude":"3.81666670","longitude":"-54.20000000","name":"Asisie"},{"id":"851459","latitude":"3.81666670","longitude":"-54.20000000","name":"Assici"},{"id":"851460","latitude":"3.81666670","longitude":"-54.20000000","name":"Assisi"},{"id":"851461","latitude":"3.81666670","longitude":"-54.20000000","name":"Assissi"},{"id":"851462","latitude":"5.05000000","longitude":"-53.65000000","name":"Aubry"},{"id":"851463","latitude":"4.76666670","longitude":"-53.75000000","name":"Avenir"},{"id":"851464","latitude":"5.73333330","longitude":"-53.90000000","name":"Awara"},{"id":"851465","latitude":"5.01666670","longitude":"-54.43333330","name":"Babel"},{"id":"851466","latitude":"3.95000000","longitude":"-52.98333330","name":"Badek"},{"id":"851467","latitude":"4.93333330","longitude":"-52.31666670","name":"Baduel"},{"id":"851468","latitude":"3.85000000","longitude":"-53.08333330","name":"Bagdad"},{"id":"851469","latitude":"4.53333330","longitude":"-52.55000000","name":"Bagot"},{"id":"851470","latitude":"4.93333330","longitude":"-54.45000000","name":"Ba\u00efno"},{"id":"851471","latitude":"5.48333330","longitude":"-54.05000000","name":"Balat\u00e9"},{"id":"851472","latitude":"3.51666670","longitude":"-53.10000000","name":"Balourou"},{"id":"851473","latitude":"3.83333330","longitude":"-53.18333330","name":"Bamboula"},{"id":"851474","latitude":"4.70000000","longitude":"-52.53333330","name":"Banana"},{"id":"851475","latitude":"4.98333330","longitude":"-52.75000000","name":"Banc de Sable"},{"id":"851476","latitude":"4.93333330","longitude":"-52.33333330","name":"Banlieue-Sud"},{"id":"851477","latitude":"3.55000000","longitude":"-54.00000000","name":"Barkarel"},{"id":"851478","latitude":"4.25000000","longitude":"-52.55000000","name":"Barth\u00e9lemy"},{"id":"851479","latitude":"3.65000000","longitude":"-53.61666670","name":"Bas-Espoir"},{"id":"851480","latitude":"4.25000000","longitude":"-52.71666670","name":"Batardeau"},{"id":"851481","latitude":"5.48333330","longitude":"-53.65000000","name":"Baticane"},{"id":"851482","latitude":"4.96666670","longitude":"-53.05000000","name":"B\u00c5\u201cuf Bois"},{"id":"851483","latitude":"3.41666670","longitude":"-52.96666670","name":"B\u00c5\u201cuf Mort"},{"id":"851484","latitude":"4.23333330","longitude":"-52.21666670","name":"Baug\u00e9"},{"id":"851485","latitude":"4.71666670","longitude":"-53.91666670","name":"Beau Rivage"},{"id":"851486","latitude":"4.86666670","longitude":"-52.25000000","name":"Beau Soleil"},{"id":"851487","latitude":"4.98333330","longitude":"-52.75000000","name":"Bec de Sable"},{"id":"851488","latitude":"4.25000000","longitude":"-52.65000000","name":"B\u00e9lizon"},{"id":"851489","latitude":"3.98333330","longitude":"-52.96666670","name":"Belle \u00c9toile"},{"id":"851490","latitude":"3.76666670","longitude":"-54.10000000","name":"Bellevue"},{"id":"851491","latitude":"4.88333330","longitude":"-53.31666670","name":"B\u00e9n\u00e9fica"},{"id":"851492","latitude":"4.75000000","longitude":"-53.90000000","name":"Bernard"},{"id":"851493","latitude":"3.61666670","longitude":"-53.70000000","name":"Bernardin"},{"id":"851494","latitude":"3.40000000","longitude":"-53.45000000","name":"Bicade"},{"id":"851495","latitude":"3.11666670","longitude":"-52.70000000","name":"Bienvenue"},{"id":"851496","latitude":"5.35000000","longitude":"-54.15000000","name":"Biguiston"},{"id":"851497","latitude":"4.53333330","longitude":"-52.65000000","name":"Bistouri"},{"id":"851498","latitude":"4.03333330","longitude":"-52.55000000","name":"Bita"},{"id":"851499","latitude":"3.68333330","longitude":"-53.53333330","name":"Blacus"},{"id":"851500","latitude":"3.30000000","longitude":"-53.85000000","name":"Blicade"},{"id":"851501","latitude":"4.25000000","longitude":"-52.58333330","name":"Bois Band\u00e9"},{"id":"851502","latitude":"4.81666670","longitude":"-53.68333330","name":"Bois Couronn\u00e9"},{"id":"851503","latitude":"4.98333330","longitude":"-52.76666670","name":"Bois Macaque"},{"id":"851504","latitude":"5.00000000","longitude":"-54.43333330","name":"Bois Martin"},{"id":"851505","latitude":"4.91666670","longitude":"-54.45000000","name":"Bonidoro"},{"id":"851506","latitude":"3.83333330","longitude":"-54.18333330","name":"Boniville"},{"id":"851507","latitude":"5.00000000","longitude":"-53.85000000","name":"Bonne Entente"},{"id":"851508","latitude":"4.93333330","longitude":"-53.45000000","name":"Borie"},{"id":"851509","latitude":"5.03333330","longitude":"-54.41666670","name":"Bossou"},{"id":"851510","latitude":"3.43333330","longitude":"-53.96666670","name":"Bostok"},{"id":"851511","latitude":"4.56666670","longitude":"-52.41666670","name":"Boulanger"},{"id":"851512","latitude":"4.93333330","longitude":"-52.28333330","name":"Bourda"},{"id":"851513","latitude":"5.15000000","longitude":"-52.65000000","name":"Bourg de Kourou"},{"id":"851514","latitude":"5.41666670","longitude":"-52.98333330","name":"Brigandin"},{"id":"851515","latitude":"3.16666670","longitude":"-52.68333330","name":"Buja-le-Haut"},{"id":"851516","latitude":"4.88333330","longitude":"-52.30000000","name":"Cabassou"},{"id":"851517","latitude":"4.58333330","longitude":"-52.46666670","name":"Cacao"},{"id":"851518","latitude":"3.73333330","longitude":"-53.71666670","name":"Caf\u00e9"},{"id":"851519","latitude":"5.18333330","longitude":"-53.48333330","name":"Cambrouse"},{"id":"851520","latitude":"5.18333330","longitude":"-53.48333330","name":"Cambrousse"},{"id":"851521","latitude":"3.65000000","longitude":"-53.23333330","name":"Cambrouze"},{"id":"851522","latitude":"5.05000000","longitude":"-54.41666670","name":"Cam\u00e9lie"},{"id":"851523","latitude":"3.16666670","longitude":"-52.35000000","name":"Camopi"},{"id":"851524","latitude":"4.56666670","longitude":"-52.21666670","name":"Camp Ca\u00efmans"},{"id":"851525","latitude":"5.56666670","longitude":"-53.90000000","name":"Camp Charvein"},{"id":"851526","latitude":"5.66666670","longitude":"-53.95000000","name":"Camp de Coswine"},{"id":"851527","latitude":"4.90000000","longitude":"-52.26666670","name":"Camp de R\u00e9mire"},{"id":"851528","latitude":"4.56666670","longitude":"-52.40000000","name":"Camp L\u00e9once"},{"id":"851529","latitude":"5.15000000","longitude":"-53.98333330","name":"Camp Ma\u00efpouri"},{"id":"851530","latitude":"4.83333330","longitude":"-52.38333330","name":"Camp Rochambeau"},{"id":"851531","latitude":"5.05000000","longitude":"-54.08333330","name":"Camp Voltaire"},{"id":"851532","latitude":"3.91666670","longitude":"-51.83333330","name":"Capon"},{"id":"851533","latitude":"3.36666670","longitude":"-52.88333330","name":"Carbet Br\u00fbl\u00e9"},{"id":"851534","latitude":"3.83333330","longitude":"-53.13333330","name":"Carbet Gaulettes"},{"id":"851535","latitude":"3.80000000","longitude":"-53.00000000","name":"Carbet Hocco"},{"id":"851536","latitude":"3.78333330","longitude":"-53.18333330","name":"Carbet la Nuit"},{"id":"851537","latitude":"4.16666670","longitude":"-52.88333330","name":"Carbet la Panne"},{"id":"851538","latitude":"3.63333330","longitude":"-53.06666670","name":"Carbet Ma\u00efs"},{"id":"851539","latitude":"5.40000000","longitude":"-53.66666670","name":"Carbet M\u00e9dard"},{"id":"851540","latitude":"3.30000000","longitude":"-52.80000000","name":"Carbet Mitan"},{"id":"851541","latitude":"3.41666670","longitude":"-53.88333330","name":"Carbets"},{"id":"851542","latitude":"4.85000000","longitude":"-53.26666670","name":"Carbet Tonkin"},{"id":"851543","latitude":"5.20000000","longitude":"-52.76666670","name":"Carbet Toukan"},{"id":"851544","latitude":"4.81666670","longitude":"-53.15000000","name":"Cariacou"},{"id":"851545","latitude":"5.50000000","longitude":"-53.98333330","name":"Carrefour de Mana"},{"id":"851546","latitude":"4.28333330","longitude":"-52.66666670","name":"Carri\u00e8re"},{"id":"851547","latitude":"5.06666670","longitude":"-52.60000000","name":"Caussade"},{"id":"851548","latitude":"4.48333330","longitude":"-52.03333330","name":"Caux"},{"id":"851549","latitude":"4.93333330","longitude":"-52.33333330","name":"Cayenne"},{"id":"851550","latitude":"4.51666670","longitude":"-52.46666670","name":"Central Bief"},{"id":"851551","latitude":"3.66666670","longitude":"-53.30000000","name":"Cent-Sous"},{"id":"851552","latitude":"3.83333330","longitude":"-53.26666670","name":"Certitude"},{"id":"851553","latitude":"4.48333330","longitude":"-52.41666670","name":"Changement"},{"id":"851554","latitude":"5.05000000","longitude":"-52.68333330","name":"Chantier Forestier de Socoumou"},{"id":"851555","latitude":"3.61666670","longitude":"-52.66666670","name":"Chapelle Saramaka"},{"id":"851556","latitude":"4.21666670","longitude":"-52.76666670","name":"Charenton"},{"id":"851557","latitude":"5.56666670","longitude":"-53.90000000","name":"Charvein"},{"id":"851558","latitude":"4.95000000","longitude":"-52.31666670","name":"Chatenay"},{"id":"851559","latitude":"4.95000000","longitude":"-52.31666670","name":"Ch\u00e2ton"},{"id":"851560","latitude":"4.88333330","longitude":"-53.01666670","name":"Chatonnet"},{"id":"851561","latitude":"5.53333330","longitude":"-53.53333330","name":"Chire"},{"id":"851562","latitude":"4.28333330","longitude":"-52.15000000","name":"Chou-Ming"},{"id":"851563","latitude":"4.93333330","longitude":"-52.31666670","name":"Cit\u00e9 Alexandre"},{"id":"851564","latitude":"4.93333330","longitude":"-52.31666670","name":"Cit\u00e9 Ampigny"},{"id":"851565","latitude":"4.93333330","longitude":"-52.31666670","name":"Cit\u00e9 Anatole"},{"id":"851566","latitude":"4.93333330","longitude":"-52.31666670","name":"Cit\u00e9 Brutus"},{"id":"851567","latitude":"4.93333330","longitude":"-52.33333330","name":"Cit\u00e9 C\u00e9saire"},{"id":"851568","latitude":"4.95000000","longitude":"-52.31666670","name":"Cit\u00e9 des Castors"},{"id":"851569","latitude":"4.93333330","longitude":"-52.31666670","name":"Cit\u00e9 des Manguiers"},{"id":"851570","latitude":"4.93333330","longitude":"-52.33333330","name":"Cit\u00e9 des Pal\u00e9tuviers"},{"id":"851571","latitude":"4.93333330","longitude":"-52.31666670","name":"Cit\u00e9 Eau Lisette"},{"id":"851572","latitude":"4.91666670","longitude":"-52.31666670","name":"Cit\u00e9 Homat"},{"id":"851573","latitude":"4.91666670","longitude":"-52.31666670","name":"Cit\u00e9 Jean-Fran\u00e7ois"},{"id":"851574","latitude":"4.93333330","longitude":"-52.33333330","name":"Cit\u00e9 Lafaurie"},{"id":"851575","latitude":"4.93333330","longitude":"-52.31666670","name":"Cit\u00e9 Laurie"},{"id":"851576","latitude":"4.93333330","longitude":"-52.31666670","name":"Cit\u00e9 Mirza"},{"id":"851577","latitude":"4.93333330","longitude":"-52.31666670","name":"Cit\u00e9 Nzilla"},{"id":"851578","latitude":"4.91666670","longitude":"-52.31666670","name":"Cit\u00e9 Pascaline"},{"id":"851579","latitude":"4.93333330","longitude":"-52.31666670","name":"Cit\u00e9 Pasteur"},{"id":"851580","latitude":"4.91666670","longitude":"-52.31666670","name":"Cit\u00e9 Quintius"},{"id":"851581","latitude":"4.93333330","longitude":"-52.31666670","name":"Cit\u00e9 Rebard"},{"id":"851582","latitude":"4.93333330","longitude":"-52.31666670","name":"Cit\u00e9 Themire"},{"id":"851583","latitude":"4.73333330","longitude":"-53.95000000","name":"Citron"},{"id":"851584","latitude":"3.40000000","longitude":"-53.83333330","name":"Civet"},{"id":"851585","latitude":"4.91666670","longitude":"-53.40000000","name":"Claude"},{"id":"851586","latitude":"3.38333330","longitude":"-52.35000000","name":"Cl\u00e9ment"},{"id":"851587","latitude":"3.88333330","longitude":"-53.05000000","name":"Cochon Br\u00fbl\u00e9"},{"id":"851588","latitude":"4.13333330","longitude":"-52.51666670","name":"Coco"},{"id":"851589","latitude":"4.06666670","longitude":"-54.15000000","name":"Cocoye"},{"id":"851590","latitude":"4.86666670","longitude":"-52.31666670","name":"Cogneau"},{"id":"851591","latitude":"4.91666670","longitude":"-53.50000000","name":"Cokioco"},{"id":"851592","latitude":"5.33333330","longitude":"-52.93333330","name":"Combi"},{"id":"851593","latitude":"4.88333330","longitude":"-52.31666670","name":"Combo"},{"id":"851594","latitude":"5.45000000","longitude":"-53.13333330","name":"Conamama"},{"id":"851595","latitude":"4.51666670","longitude":"-52.35000000","name":"Coralie"},{"id":"851596","latitude":"3.80000000","longitude":"-54.13333330","name":"Cormontibo"},{"id":"851597","latitude":"3.80000000","longitude":"-54.13333330","name":"Cormotibo"},{"id":"851598","latitude":"5.41666670","longitude":"-53.03333330","name":"Corossony"},{"id":"851599","latitude":"5.66666670","longitude":"-53.95000000","name":"Coswine"},{"id":"851600","latitude":"5.61666670","longitude":"-53.71666670","name":"Couachi"},{"id":"851601","latitude":"4.75000000","longitude":"-53.26666670","name":"Couasse"},{"id":"851602","latitude":"5.00000000","longitude":"-53.60000000","name":"Coulor"},{"id":"851603","latitude":"4.03333330","longitude":"-51.66666670","name":"Couman-Couman"},{"id":"851604","latitude":"5.45000000","longitude":"-53.13333330","name":"Counamama"},{"id":"851605","latitude":"4.80000000","longitude":"-53.28333330","name":"Couri\u00e8ge"},{"id":"851606","latitude":"4.08333330","longitude":"-52.55000000","name":"Couy"},{"id":"851607","latitude":"4.83333330","longitude":"-52.51666670","name":"Crique Anguille"},{"id":"851608","latitude":"5.65000000","longitude":"-53.83333330","name":"Crique Jacques"},{"id":"851609","latitude":"3.95000000","longitude":"-53.45000000","name":"Dagobert"},{"id":"851610","latitude":"4.16666670","longitude":"-52.26666670","name":"Dagou Ed\u00e9"},{"id":"851611","latitude":"4.36666670","longitude":"-54.35000000","name":"Dank\u00e9"},{"id":"851612","latitude":"3.75000000","longitude":"-52.63333330","name":"Dardanelles"},{"id":"851613","latitude":"3.65000000","longitude":"-53.53333330","name":"D\u00e9ch\u00e9ance"},{"id":"851614","latitude":"5.00000000","longitude":"-53.90000000","name":"D\u00e9cision"},{"id":"851615","latitude":"4.08333330","longitude":"-52.55000000","name":"D\u00e9couman Eug\u00e8ne"},{"id":"851616","latitude":"4.21666670","longitude":"-52.63333330","name":"D\u00e9couverte"},{"id":"851617","latitude":"4.96666670","longitude":"-53.08333330","name":"D\u00e9gourdi"},{"id":"851618","latitude":"4.36666670","longitude":"-52.58333330","name":"D\u00e9grad Anel"},{"id":"851619","latitude":"5.00000000","longitude":"-52.68333330","name":"D\u00e9grad Balata"},{"id":"851620","latitude":"4.25000000","longitude":"-52.65000000","name":"D\u00e9grad B\u00e9lizon"},{"id":"851621","latitude":"3.40000000","longitude":"-53.45000000","name":"D\u00e9grad Bicade"},{"id":"851622","latitude":"3.73333330","longitude":"-53.28333330","name":"D\u00e9grad Blanc"},{"id":"851623","latitude":"4.65000000","longitude":"-52.33333330","name":"D\u00e9grad Blockauss"},{"id":"851624","latitude":"3.80000000","longitude":"-53.88333330","name":"D\u00e9grad Bois Blanc"},{"id":"851625","latitude":"4.28333330","longitude":"-52.61666670","name":"D\u00e9grad Brigette"},{"id":"851626","latitude":"4.58333330","longitude":"-52.46666670","name":"D\u00e9grad Cacao"},{"id":"851627","latitude":"4.76666670","longitude":"-54.00000000","name":"D\u00e9grad Cambrouze"},{"id":"851628","latitude":"3.33333330","longitude":"-52.81666670","name":"D\u00e9grad Camopi"},{"id":"851629","latitude":"5.65000000","longitude":"-53.73333330","name":"D\u00e9grad Canard"},{"id":"851630","latitude":"3.63333330","longitude":"-53.06666670","name":"D\u00e9grad Carbet Ma\u00efs"},{"id":"851631","latitude":"2.88333330","longitude":"-53.08333330","name":"D\u00e9grad Claude"},{"id":"851632","latitude":"5.10000000","longitude":"-54.20000000","name":"D\u00e9grad Cl\u00e9mencin"},{"id":"851633","latitude":"4.95000000","longitude":"-52.76666670","name":"D\u00e9grad Clerc"},{"id":"851634","latitude":"4.51666670","longitude":"-52.31666670","name":"D\u00e9gradCorr\u00e8ze"},{"id":"851635","latitude":"4.85000000","longitude":"-52.26666670","name":"D\u00e9grad des Cannes"},{"id":"851636","latitude":"2.88333330","longitude":"-53.08333330","name":"D\u00e9grad des Emerillon"},{"id":"851637","latitude":"4.98333330","longitude":"-53.53333330","name":"D\u00e9grad Dimanche"},{"id":"851638","latitude":"3.41666670","longitude":"-52.75000000","name":"D\u00e9grad Dor\u00e9"},{"id":"851639","latitude":"3.41666670","longitude":"-53.41666670","name":"D\u00e9grad Etats Unis"},{"id":"851640","latitude":"4.45000000","longitude":"-52.55000000","name":"D\u00e9grad Etienne"},{"id":"851641","latitude":"5.41666670","longitude":"-53.43333330","name":"D\u00e9grad Florian"},{"id":"851642","latitude":"4.61666670","longitude":"-52.31666670","name":"D\u00e9grad Fourgassi\u00e9"},{"id":"851643","latitude":"3.45000000","longitude":"-53.53333330","name":"D\u00e9grad Fourmi"},{"id":"851644","latitude":"3.28333330","longitude":"-53.60000000","name":"D\u00e9grad Fourmi Rouge"},{"id":"851645","latitude":"3.51666670","longitude":"-53.75000000","name":"D\u00e9grad Francis"},{"id":"851646","latitude":"5.23333330","longitude":"-52.98333330","name":"D\u00e9grad Fromager"},{"id":"851647","latitude":"2.16666670","longitude":"-52.98333330","name":"D\u00e9grad Galouja"},{"id":"851648","latitude":"2.16666670","longitude":"-52.98333330","name":"D\u00e9grad Galoupa"},{"id":"851649","latitude":"5.36666670","longitude":"-53.43333330","name":"D\u00e9grad G\u00e9nipa"},{"id":"851650","latitude":"2.50000000","longitude":"-53.06666670","name":"D\u00e9grad Haut Camopi"},{"id":"851651","latitude":"5.41666670","longitude":"-53.13333330","name":"D\u00e9grad Henri"},{"id":"851652","latitude":"4.06666670","longitude":"-52.45000000","name":"D\u00e9grad Imp\u00e9ratrice"},{"id":"851653","latitude":"4.20000000","longitude":"-52.63333330","name":"D\u00e9grad Jalbot"},{"id":"851654","latitude":"5.01666670","longitude":"-52.71666670","name":"D\u00e9grad Janson"},{"id":"851655","latitude":"5.01666670","longitude":"-52.71666670","name":"D\u00e9grad Jason"},{"id":"851656","latitude":"4.23333330","longitude":"-52.00000000","name":"Degrad Jean-Jean"},{"id":"851657","latitude":"3.41666670","longitude":"-52.86666670","name":"D\u00e9grad Kwata"},{"id":"851658","latitude":"5.38333330","longitude":"-53.43333330","name":"D\u00e9grad la Boue"},{"id":"851659","latitude":"3.28333330","longitude":"-52.66666670","name":"D\u00e9grad Laurens"},{"id":"851660","latitude":"4.18333330","longitude":"-52.38333330","name":"D\u00e9grad Limaroula"},{"id":"851661","latitude":"4.56666670","longitude":"-52.30000000","name":"D\u00e9grad Limousin"},{"id":"851662","latitude":"5.40000000","longitude":"-53.31666670","name":"D\u00e9grad Maman Piraye"},{"id":"851663","latitude":"3.60000000","longitude":"-53.71666670","name":"D\u00e9grad Maraudeur"},{"id":"851664","latitude":"4.61666670","longitude":"-52.41666670","name":"D\u00e9grad M\u00e9nado"},{"id":"851665","latitude":"4.46666670","longitude":"-52.36666670","name":"D\u00e9grad Moufflet"},{"id":"851666","latitude":"4.51666670","longitude":"-52.71666670","name":"D\u00e9grad Neuf"},{"id":"851667","latitude":"3.55000000","longitude":"-53.75000000","name":"D\u00e9grad Nicole"},{"id":"851668","latitude":"4.95000000","longitude":"-53.25000000","name":"D\u00e9grad Papa Jean"},{"id":"851669","latitude":"5.41666670","longitude":"-53.35000000","name":"D\u00e9grad Pascal"},{"id":"851670","latitude":"5.43333330","longitude":"-53.23333330","name":"D\u00e9grad Pataga\u00ef"},{"id":"851671","latitude":"5.05000000","longitude":"-53.40000000","name":"D\u00e9grad Perdu Temps"},{"id":"851672","latitude":"4.01666670","longitude":"-52.56666670","name":"D\u00e9grad Pierette"},{"id":"851673","latitude":"4.95000000","longitude":"-53.18333330","name":"D\u00e9grad Pierre"},{"id":"851674","latitude":"4.01666670","longitude":"-52.56666670","name":"D\u00e9grad Pierrette"},{"id":"851675","latitude":"5.31666670","longitude":"-54.18333330","name":"D\u00e9grad Pimpin"},{"id":"851676","latitude":"2.91666670","longitude":"-53.28333330","name":"D\u00e9grad Reinald"},{"id":"851677","latitude":"3.41666670","longitude":"-53.83333330","name":"D\u00e9grad Roche"},{"id":"851678","latitude":"3.80000000","longitude":"-53.30000000","name":"D\u00e9grad Saint-\u00c9loi"},{"id":"851679","latitude":"3.88333330","longitude":"-53.36666670","name":"D\u00e9grad Saint-L\u00e9on"},{"id":"851680","latitude":"4.38333330","longitude":"-54.38333330","name":"D\u00e9grad Saint-Paul"},{"id":"851681","latitude":"3.11666670","longitude":"-52.65000000","name":"D\u00e9grad Saint-Pierre"},{"id":"851682","latitude":"4.03333330","longitude":"-53.46666670","name":"D\u00e9grad Samson"},{"id":"851683","latitude":"5.01666670","longitude":"-52.70000000","name":"D\u00e9grad Saramaka"},{"id":"851684","latitude":"3.61666670","longitude":"-53.35000000","name":"D\u00e9grad Sardine"},{"id":"851685","latitude":"5.48333330","longitude":"-53.25000000","name":"D\u00e9grad Savane"},{"id":"851686","latitude":"5.15000000","longitude":"-54.16666670","name":"D\u00e9grad Simon"},{"id":"851687","latitude":"5.41666670","longitude":"-53.40000000","name":"D\u00e9grad Tamanoir"},{"id":"851688","latitude":"3.71666670","longitude":"-53.51666670","name":"D\u00e9grad T.H.R."},{"id":"851689","latitude":"4.96666670","longitude":"-53.13333330","name":"D\u00e9grad Tigre"},{"id":"851690","latitude":"3.25000000","longitude":"-53.58333330","name":"D\u00e9grad Vitalo"},{"id":"851691","latitude":"4.61666670","longitude":"-54.33333330","name":"D\u00e9grad Yaya"},{"id":"851692","latitude":"4.73333330","longitude":"-53.76666670","name":"D\u00e9lices"},{"id":"851693","latitude":"4.96666670","longitude":"-53.80000000","name":"D\u00e9pot Lezand"},{"id":"851694","latitude":"4.96666670","longitude":"-53.80000000","name":"D\u00e9p\u00f4t L\u00e9zand Ruines"},{"id":"851695","latitude":"4.96666670","longitude":"-53.80000000","name":"D\u00e9p\u00f4t L\u00e9zard"},{"id":"851696","latitude":"4.75000000","longitude":"-53.91666670","name":"D\u00e9sirade"},{"id":"851697","latitude":"3.66666670","longitude":"-53.58333330","name":"D\u00e9ta"},{"id":"851698","latitude":"4.88333330","longitude":"-53.00000000","name":"Deux Branches"},{"id":"851699","latitude":"5.00000000","longitude":"-53.78333330","name":"Deux Fromagers"},{"id":"851700","latitude":"5.01666670","longitude":"-53.15000000","name":"Deux Jours"},{"id":"851701","latitude":"4.51666670","longitude":"-52.43333330","name":"Devez"},{"id":"851702","latitude":"5.16666670","longitude":"-52.63333330","name":"Diamant"},{"id":"851703","latitude":"4.91666670","longitude":"-53.38333330","name":"Dieudonn\u00e9"},{"id":"851704","latitude":"4.56666670","longitude":"-52.75000000","name":"Dieu-Merci"},{"id":"851705","latitude":"4.75000000","longitude":"-53.88333330","name":"Divalon"},{"id":"851706","latitude":"3.80000000","longitude":"-54.11666670","name":"Docris"},{"id":"851707","latitude":"3.80000000","longitude":"-54.11666670","name":"Doglis"},{"id":"851708","latitude":"4.25000000","longitude":"-52.75000000","name":"Domr\u00e9my"},{"id":"851709","latitude":"3.75000000","longitude":"-53.55000000","name":"Dorlin"},{"id":"851710","latitude":"4.58333330","longitude":"-52.73333330","name":"Dosmond"},{"id":"851711","latitude":"4.18333330","longitude":"-52.18333330","name":"Dubol"},{"id":"851712","latitude":"5.06666670","longitude":"-53.48333330","name":"Eau Blanche"},{"id":"851713","latitude":"3.60000000","longitude":"-53.58333330","name":"Eau Claire"},{"id":"851714","latitude":"4.93333330","longitude":"-52.31666670","name":"Eau Coulie"},{"id":"851715","latitude":"4.60000000","longitude":"-52.43333330","name":"Edmond"},{"id":"851716","latitude":"4.60000000","longitude":"-52.43333330","name":"Edmont"},{"id":"851717","latitude":"3.40000000","longitude":"-53.83333330","name":"\u00c9douard"},{"id":"851718","latitude":"4.68333330","longitude":"-53.90000000","name":"Edwin"},{"id":"851719","latitude":"4.05000000","longitude":"-52.46666670","name":"Ek\u00e9ny"},{"id":"851720","latitude":"4.05000000","longitude":"-52.46666670","name":"Ekiny"},{"id":"851721","latitude":"3.45000000","longitude":"-54.00000000","name":"Ela\u00e9"},{"id":"851722","latitude":"4.75000000","longitude":"-54.05000000","name":"\u00c9lys\u00e9e"},{"id":"851723","latitude":"3.41666670","longitude":"-53.06666670","name":"\u00c9merillon"},{"id":"851724","latitude":"3.41666670","longitude":"-53.06666670","name":"Em\u00e9rillons"},{"id":"851725","latitude":"3.41666670","longitude":"-53.06666670","name":"Em\u00e9rillons Village"},{"id":"851726","latitude":"2.33333330","longitude":"-54.50000000","name":"En\u00e9n\u00e9 Patatpe"},{"id":"851727","latitude":"3.86666670","longitude":"-54.21666670","name":"Enfants perdus"},{"id":"851728","latitude":"4.73333330","longitude":"-53.93333330","name":"Enfin"},{"id":"851729","latitude":"4.73333330","longitude":"-53.93333330","name":"Enfin P\u00e9pita"},{"id":"851730","latitude":"3.48333330","longitude":"-54.01666670","name":"Entouca"},{"id":"851731","latitude":"3.48333330","longitude":"-54.01666670","name":"Entoucas"},{"id":"851732","latitude":"3.68333330","longitude":"-53.53333330","name":"Esp\u00e9rance"},{"id":"851733","latitude":"3.85000000","longitude":"-53.35000000","name":"Espoir"},{"id":"851734","latitude":"3.41666670","longitude":"-53.41666670","name":"\u00c9tats-Unis"},{"id":"851735","latitude":"4.45000000","longitude":"-52.55000000","name":"\u00c9tienne"},{"id":"851736","latitude":"4.95000000","longitude":"-52.41666670","name":"Farnous"},{"id":"851737","latitude":"4.93333330","longitude":"-52.31666670","name":"Faubourg l'Abri"},{"id":"851738","latitude":"5.36666670","longitude":"-53.01666670","name":"Fermes de Saint-\u00c9lie"},{"id":"851739","latitude":"4.50000000","longitude":"-52.45000000","name":"Filon Doyle"},{"id":"851740","latitude":"5.53333330","longitude":"-53.40000000","name":"Fl\u00e8che"},{"id":"851741","latitude":"3.65000000","longitude":"-53.53333330","name":"Florida"},{"id":"851742","latitude":"3.38333330","longitude":"-52.88333330","name":"Florissante"},{"id":"851743","latitude":"5.23333330","longitude":"-54.28333330","name":"Foresh\u00ebre"},{"id":"851744","latitude":"5.23333330","longitude":"-54.28333330","name":"Foresti\u00e8re"},{"id":"851745","latitude":"4.55000000","longitude":"-52.30000000","name":"Fortun\u00e9"},{"id":"851746","latitude":"4.61666670","longitude":"-52.31666670","name":"Fourgassie"},{"id":"851747","latitude":"4.75000000","longitude":"-53.66666670","name":"Fracas"},{"id":"851748","latitude":"4.48333330","longitude":"-54.43333330","name":"Gaa Caba"},{"id":"851749","latitude":"4.48333330","longitude":"-54.43333330","name":"Gaa Kaba"},{"id":"851750","latitude":"5.15000000","longitude":"-53.65000000","name":"Gaillot"},{"id":"851751","latitude":"5.21666670","longitude":"-54.21666670","name":"Galloni"},{"id":"851752","latitude":"5.31666670","longitude":"-54.08333330","name":"Galmot"},{"id":"851753","latitude":"4.96666670","longitude":"-53.13333330","name":"Gare Tigre"},{"id":"851754","latitude":"4.28333330","longitude":"-52.13333330","name":"Gaston"},{"id":"851755","latitude":"4.68333330","longitude":"-53.91666670","name":"Gervais"},{"id":"851756","latitude":"3.28333330","longitude":"-52.80000000","name":"Go\u00e9lette"},{"id":"851757","latitude":"3.28333330","longitude":"-52.80000000","name":"Goellette"},{"id":"851758","latitude":"2.51666670","longitude":"-54.33333330","name":"Goupi Patatpe"},{"id":"851759","latitude":"2.51666670","longitude":"-54.33333330","name":"Goupi Patatpeu"},{"id":"851760","latitude":"4.38333330","longitude":"-54.30000000","name":"Grand Bala"},{"id":"851761","latitude":"4.53333330","longitude":"-52.51666670","name":"Grand Bassin"},{"id":"851762","latitude":"3.65000000","longitude":"-53.83333330","name":"Grand Carbet"},{"id":"851763","latitude":"4.26666670","longitude":"-54.38333330","name":"Grand Citron"},{"id":"851764","latitude":"4.81666670","longitude":"-53.70000000","name":"Grand Lac"},{"id":"851765","latitude":"3.75000000","longitude":"-53.58333330","name":"Grand Marquis"},{"id":"851766","latitude":"3.71666670","longitude":"-53.28333330","name":"Grand Pont"},{"id":"851767","latitude":"4.25000000","longitude":"-54.38333330","name":"Grand-Santi"},{"id":"851768","latitude":"4.33333330","longitude":"-54.40000000","name":"Grand Santi"},{"id":"851769","latitude":"3.36666670","longitude":"-52.91666670","name":"Grand Usine"},{"id":"851770","latitude":"5.58333330","longitude":"-53.71666670","name":"Grand-Village"},{"id":"851771","latitude":"3.31666670","longitude":"-53.65000000","name":"Grigel"},{"id":"851772","latitude":"4.56666670","longitude":"-52.61666670","name":"Gros Roche"},{"id":"851773","latitude":"5.25000000","longitude":"-53.41666670","name":"Grosse Roche"},{"id":"851774","latitude":"4.73333330","longitude":"-53.78333330","name":"Guadeloupe"},{"id":"851775","latitude":"5.15000000","longitude":"-52.63333330","name":"Guatemala"},{"id":"851776","latitude":"4.91666670","longitude":"-52.46666670","name":"Guenouillet"},{"id":"851777","latitude":"4.26666670","longitude":"-52.25000000","name":"Guillaume"},{"id":"851778","latitude":"4.41666670","longitude":"-51.93333330","name":"Guisambourg"},{"id":"851779","latitude":"4.41666670","longitude":"-51.93333330","name":"Guisanbourg"},{"id":"851780","latitude":"4.41666670","longitude":"-51.93333330","name":"Guizambourg"},{"id":"851781","latitude":"4.41666670","longitude":"-51.93333330","name":"Guizanbourg"},{"id":"851782","latitude":"4.28333330","longitude":"-52.15000000","name":"Honorable Tchung Ming"},{"id":"851783","latitude":"2.63333330","longitude":"-54.30000000","name":"Ilakana Patatpe"},{"id":"851784","latitude":"5.05000000","longitude":"-53.80000000","name":"\u00celet L\u00e9zard"},{"id":"851785","latitude":"4.93333330","longitude":"-52.33333330","name":"\u00celet Malouin"},{"id":"851786","latitude":"5.20000000","longitude":"-52.96666670","name":"\u00celet Tortue"},{"id":"851787","latitude":"4.06666670","longitude":"-52.45000000","name":"Imp\u00e9ratrice"},{"id":"851788","latitude":"3.11666670","longitude":"-52.35000000","name":"Indiens Oyampis"},{"id":"851789","latitude":"3.25000000","longitude":"-52.95000000","name":"Inipi"},{"id":"851790","latitude":"4.11666670","longitude":"-52.56666670","name":"Ippoussing"},{"id":"851791","latitude":"5.48333330","longitude":"-53.21666670","name":"Iracoubo"},{"id":"851792","latitude":"4.13333330","longitude":"-52.91666670","name":"Ir\u00e8ne"},{"id":"851793","latitude":"4.93333330","longitude":"-52.73333330","name":"Isnard et Priane"},{"id":"851794","latitude":"2.20000000","longitude":"-52.91666670","name":"Itousanseng"},{"id":"851795","latitude":"4.20000000","longitude":"-52.61666670","name":"Jalbot"},{"id":"851796","latitude":"5.16666670","longitude":"-54.15000000","name":"Janvier"},{"id":"851797","latitude":"5.60000000","longitude":"-53.81666670","name":"Javouhey"},{"id":"851798","latitude":"4.23333330","longitude":"-52.00000000","name":"Jean"},{"id":"851799","latitude":"4.23333330","longitude":"-52.00000000","name":"Jean Jean"},{"id":"851800","latitude":"4.23333330","longitude":"-52.00000000","name":"Jean-Jean R\u00e9mission"},{"id":"851801","latitude":"5.40000000","longitude":"-53.00000000","name":"Jejo"},{"id":"851802","latitude":"4.96666670","longitude":"-53.58333330","name":"John"},{"id":"851803","latitude":"4.28333330","longitude":"-52.15000000","name":"John Sirot"},{"id":"851804","latitude":"5.16666670","longitude":"-54.03333330","name":"Junique"},{"id":"851805","latitude":"2.63333330","longitude":"-52.55000000","name":"Kagnouma"},{"id":"851806","latitude":"5.41666670","longitude":"-54.31666670","name":"Kantali"},{"id":"851807","latitude":"4.81666670","longitude":"-53.15000000","name":"Kariakou"},{"id":"851808","latitude":"4.48333330","longitude":"-52.03333330","name":"Kaw"},{"id":"851809","latitude":"4.98333330","longitude":"-54.43333330","name":"Kepioudou"},{"id":"851810","latitude":"5.10000000","longitude":"-53.05000000","name":"K\u00e9renroch"},{"id":"851811","latitude":"4.18333330","longitude":"-54.40000000","name":"Kofi Kamiza"},{"id":"851812","latitude":"4.91666670","longitude":"-53.50000000","name":"Kokioko"},{"id":"851813","latitude":"4.06666670","longitude":"-54.15000000","name":"Koko\u00ef"},{"id":"851814","latitude":"4.06666670","longitude":"-54.15000000","name":"Kokoye"},{"id":"851815","latitude":"3.80000000","longitude":"-54.13333330","name":"Kormontibo"},{"id":"851816","latitude":"3.80000000","longitude":"-54.13333330","name":"Kormotibo"},{"id":"851817","latitude":"3.40000000","longitude":"-52.90000000","name":"Kotioko"},{"id":"851818","latitude":"5.61666670","longitude":"-53.71666670","name":"Kouachi"},{"id":"851819","latitude":"5.63333330","longitude":"-53.68333330","name":"Kouachinana"},{"id":"851820","latitude":"4.03333330","longitude":"-51.66666670","name":"Kouman-Kouman"},{"id":"851821","latitude":"5.15000000","longitude":"-52.65000000","name":"Kouro"},{"id":"851822","latitude":"5.15000000","longitude":"-52.65000000","name":"Kourou"},{"id":"851823","latitude":"3.30000000","longitude":"-52.76666670","name":"Koutou"},{"id":"851824","latitude":"5.56666670","longitude":"-53.93333330","name":"Koutouwao"},{"id":"851825","latitude":"4.95000000","longitude":"-54.43333330","name":"Kwassie"},{"id":"851826","latitude":"4.15000000","longitude":"-52.46666670","name":"La Boue"},{"id":"851827","latitude":"4.88333330","longitude":"-52.36666670","name":"La Chaumi\u00e8re"},{"id":"851828","latitude":"4.23333330","longitude":"-52.76666670","name":"La Conie"},{"id":"851829","latitude":"4.91666670","longitude":"-52.36666670","name":"La Dame Blanche"},{"id":"851830","latitude":"4.75000000","longitude":"-53.91666670","name":"La D\u00e9sirade"},{"id":"851831","latitude":"5.03333330","longitude":"-52.70000000","name":"La Douane"},{"id":"851832","latitude":"5.23333330","longitude":"-54.28333330","name":"La Foresti\u00e8re"},{"id":"851833","latitude":"3.86666670","longitude":"-53.68333330","name":"La Gr\u00e8ve"},{"id":"851834","latitude":"4.83333330","longitude":"-52.30000000","name":"La Lev\u00e9e"},{"id":"851835","latitude":"4.91666670","longitude":"-52.31666670","name":"La Madeleine"},{"id":"851836","latitude":"3.33333330","longitude":"-53.00000000","name":"Lam\u00e9rique"},{"id":"851837","latitude":"4.88333330","longitude":"-52.33333330","name":"La Mirande Distillerie"},{"id":"851838","latitude":"4.88333330","longitude":"-52.33333330","name":"La Mirande"},{"id":"851839","latitude":"3.65000000","longitude":"-54.01666670","name":"Lamonet"},{"id":"851840","latitude":"4.90000000","longitude":"-52.33333330","name":"L'Amphith\u00e9\u00e2tre"},{"id":"851841","latitude":"4.98333330","longitude":"-54.43333330","name":"Langa Tabiki"},{"id":"851842","latitude":"4.86666670","longitude":"-53.25000000","name":"La R\u00e9publique"},{"id":"851843","latitude":"4.90000000","longitude":"-52.36666670","name":"Larivant"},{"id":"851844","latitude":"4.90000000","longitude":"-52.36666670","name":"Larivaut"},{"id":"851845","latitude":"4.90000000","longitude":"-52.36666670","name":"Larivot"},{"id":"851846","latitude":"4.38333330","longitude":"-52.56666670","name":"La Roche Fend\u00e9"},{"id":"851847","latitude":"3.28333330","longitude":"-52.66666670","name":"Laurens"},{"id":"851848","latitude":"5.50000000","longitude":"-54.03333330","name":"Laurent"},{"id":"851849","latitude":"5.48333330","longitude":"-53.56666670","name":"Laussat"},{"id":"851850","latitude":"4.83333330","longitude":"-52.33333330","name":"La Val\u00e8re"},{"id":"851851","latitude":"3.00000000","longitude":"-54.16666670","name":"Lavaud"},{"id":"851852","latitude":"4.95000000","longitude":"-53.16666670","name":"La Villette"},{"id":"851853","latitude":"5.15000000","longitude":"-52.65000000","name":"Le Bourg"},{"id":"851854","latitude":"4.83333330","longitude":"-52.35000000","name":"Le Dix-Septi\u00e8me"},{"id":"851855","latitude":"4.78333330","longitude":"-52.43333330","name":"Le Gallion"},{"id":"851856","latitude":"4.90000000","longitude":"-52.36666670","name":"Le Larivot"},{"id":"851857","latitude":"3.86666670","longitude":"-54.21666670","name":"L'Enfant Perdu"},{"id":"851858","latitude":"3.80000000","longitude":"-53.70000000","name":"L\u00e9once"},{"id":"851859","latitude":"4.05000000","longitude":"-52.95000000","name":"Le Rallye"},{"id":"851860","latitude":"5.03333330","longitude":"-53.65000000","name":"Les Alli\u00e9s"},{"id":"851861","latitude":"5.61666670","longitude":"-53.80000000","name":"Les Bambous"},{"id":"851862","latitude":"5.73333330","longitude":"-53.95000000","name":"Les Halles"},{"id":"851863","latitude":"5.73333330","longitude":"-53.95000000","name":"Les Hattes"},{"id":"851864","latitude":"5.48333330","longitude":"-54.01666670","name":"Les Malgaches"},{"id":"851865","latitude":"5.15000000","longitude":"-52.63333330","name":"Les Roches"},{"id":"851866","latitude":"5.13333330","longitude":"-53.65000000","name":"L'Horizon"},{"id":"851867","latitude":"4.98333330","longitude":"-52.76666670","name":"Lieu-dit Bois Macaque"},{"id":"851868","latitude":"4.18333330","longitude":"-52.18333330","name":"Lieu-dit Dubol"},{"id":"851869","latitude":"4.20000000","longitude":"-52.26666670","name":"Lieu-dit Picard"},{"id":"851870","latitude":"4.95000000","longitude":"-52.76666670","name":"Lieu-dit Pois Sucr\u00e9"},{"id":"851871","latitude":"4.10000000","longitude":"-54.33333330","name":"Lioni"},{"id":"851872","latitude":"3.30000000","longitude":"-54.05000000","name":"Lipo Lipo"},{"id":"851873","latitude":"4.98333330","longitude":"-54.43333330","name":"Lissa"},{"id":"851874","latitude":"4.53333330","longitude":"-53.96666670","name":"L'Observatoire"},{"id":"851875","latitude":"3.83333330","longitude":"-54.20000000","name":"Loca"},{"id":"851876","latitude":"4.86666670","longitude":"-53.03333330","name":"Loulou\u00efe"},{"id":"851877","latitude":"4.51666670","longitude":"-52.51666670","name":"Lysis"},{"id":"851878","latitude":"5.53333330","longitude":"-53.40000000","name":"Macouba"},{"id":"851879","latitude":"4.91666670","longitude":"-52.36666670","name":"Macouria"},{"id":"851880","latitude":"3.21666670","longitude":"-53.71666670","name":"Madame Yeyenne"},{"id":"851881","latitude":"4.28333330","longitude":"-52.13333330","name":"Mafi"},{"id":"851882","latitude":"4.20000000","longitude":"-54.40000000","name":"Magasin Cr\u00e9ole"},{"id":"851883","latitude":"3.36666670","longitude":"-52.38333330","name":"Ma\u00efpouri"},{"id":"851884","latitude":"3.13333330","longitude":"-54.20000000","name":"Mala\u00eftawa"},{"id":"851885","latitude":"3.30000000","longitude":"-54.10000000","name":"Malavate"},{"id":"851886","latitude":"4.98333330","longitude":"-52.45000000","name":"Malmaison"},{"id":"851887","latitude":"5.30000000","longitude":"-52.83333330","name":"Malmanoury"},{"id":"851888","latitude":"4.93333330","longitude":"-52.31666670","name":"Malterre"},{"id":"851889","latitude":"4.15000000","longitude":"-52.20000000","name":"Maman Koumarou"},{"id":"851890","latitude":"5.33333330","longitude":"-53.66666670","name":"Maman Valentin"},{"id":"851891","latitude":"5.51666670","longitude":"-53.35000000","name":"Mamaribo"},{"id":"851892","latitude":"5.66666670","longitude":"-53.78333330","name":"Mana"},{"id":"851893","latitude":"4.93333330","longitude":"-52.31666670","name":"Mango"},{"id":"851894","latitude":"5.41666670","longitude":"-53.26666670","name":"Maniga"},{"id":"851895","latitude":"3.60000000","longitude":"-53.71666670","name":"Maraudeur"},{"id":"851896","latitude":"3.60000000","longitude":"-53.71666670","name":"Maraudeurs"},{"id":"851897","latitude":"5.15000000","longitude":"-53.65000000","name":"Mariani"},{"id":"851898","latitude":"5.15000000","longitude":"-53.65000000","name":"Marian"},{"id":"851899","latitude":"4.63333330","longitude":"-52.45000000","name":"Marignan"},{"id":"851900","latitude":"3.31666670","longitude":"-52.33333330","name":"Mario"},{"id":"851901","latitude":"3.80000000","longitude":"-51.88333330","name":"Maripa"},{"id":"851902","latitude":"3.63333330","longitude":"-54.03333330","name":"Maripasoula"},{"id":"851903","latitude":"3.63333330","longitude":"-54.05000000","name":"Maripa-Village"},{"id":"851904","latitude":"5.50000000","longitude":"-54.03333330","name":"Maroni"},{"id":"851905","latitude":"3.75000000","longitude":"-53.60000000","name":"Marquis"},{"id":"851906","latitude":"4.53333330","longitude":"-52.53333330","name":"Mathurin"},{"id":"851907","latitude":"5.05000000","longitude":"-52.60000000","name":"Matiti"},{"id":"851908","latitude":"4.85000000","longitude":"-52.33333330","name":"Matoary"},{"id":"851909","latitude":"4.85000000","longitude":"-52.33333330","name":"Matoury"},{"id":"851910","latitude":"5.18333330","longitude":"-54.31666670","name":"Mayman"},{"id":"851911","latitude":"5.60000000","longitude":"-53.65000000","name":"M\u00e9deyre"},{"id":"851912","latitude":"4.60000000","longitude":"-52.41666670","name":"M\u00e9nado"},{"id":"851913","latitude":"4.28333330","longitude":"-52.15000000","name":"Migue"},{"id":"851914","latitude":"4.78333330","longitude":"-52.33333330","name":"Mog\u00e8s"},{"id":"851915","latitude":"4.55000000","longitude":"-54.43333330","name":"Momp\u00e9 Soula"},{"id":"851916","latitude":"4.18333330","longitude":"-52.81666670","name":"Mond\u00e9sir"},{"id":"851917","latitude":"4.16666670","longitude":"-54.36666670","name":"Monfina"},{"id":"851918","latitude":"4.95000000","longitude":"-52.30000000","name":"Montabo"},{"id":"851919","latitude":"4.41666670","longitude":"-52.33333330","name":"Montagne Maripa"},{"id":"851920","latitude":"5.56666670","longitude":"-53.60000000","name":"Montagne Sable"},{"id":"851921","latitude":"4.91666670","longitude":"-52.26666670","name":"Montjoli"},{"id":"851922","latitude":"4.91666670","longitude":"-52.26666670","name":"Montjoly"},{"id":"851923","latitude":"4.95000000","longitude":"-52.30000000","name":"Montjoyeux"},{"id":"851924","latitude":"4.90000000","longitude":"-52.50000000","name":"Montsin\u00e9ry"},{"id":"851925","latitude":"4.93333330","longitude":"-53.05000000","name":"Mont Val\u00e9rien"},{"id":"851926","latitude":"5.48333330","longitude":"-53.30000000","name":"Morpio"},{"id":"851927","latitude":"5.01666670","longitude":"-53.65000000","name":"Morpion"},{"id":"851928","latitude":"5.51666670","longitude":"-53.38333330","name":"Moucaya"},{"id":"851929","latitude":"4.58333330","longitude":"-54.41666670","name":"Moussou\u00e9 Santi Tabiki"},{"id":"851930","latitude":"5.16666670","longitude":"-52.65000000","name":"Moyoco"},{"id":"851931","latitude":"4.66666670","longitude":"-52.48333330","name":"Nancibo"},{"id":"851932","latitude":"4.81666670","longitude":"-54.46666670","name":"Nasson"},{"id":"851933","latitude":"4.58333330","longitude":"-52.75000000","name":"Nationale"},{"id":"851934","latitude":"5.58333330","longitude":"-55.03333330","name":"Niewe Rust"},{"id":"851935","latitude":"5.55000000","longitude":"-53.93333330","name":"Nouveau Camp"},{"id":"851936","latitude":"4.01666670","longitude":"-51.73333330","name":"Nouvelle Alliance"},{"id":"851937","latitude":"5.40000000","longitude":"-53.65000000","name":"Nouvelle Angouleme"},{"id":"851938","latitude":"3.38333330","longitude":"-54.05000000","name":"Opoya"},{"id":"851939","latitude":"5.53333330","longitude":"-53.46666670","name":"Organabo"},{"id":"851940","latitude":"2.85000000","longitude":"-52.45000000","name":"Oscar"},{"id":"851941","latitude":"4.21666670","longitude":"-51.66666670","name":"Ouanary"},{"id":"851942","latitude":"3.45000000","longitude":"-54.00000000","name":"Ouaqui"},{"id":"851943","latitude":"3.93333330","longitude":"-53.01666670","name":"Ouragan"},{"id":"851944","latitude":"3.11666670","longitude":"-52.35000000","name":"Oyampis"},{"id":"851945","latitude":"3.90000000","longitude":"-51.80000000","name":"Oyapock"},{"id":"851946","latitude":"4.20000000","longitude":"-54.23333330","name":"Paill\u00e9"},{"id":"851947","latitude":"3.28333330","longitude":"-54.08333330","name":"Palassissi"},{"id":"851948","latitude":"3.80000000","longitude":"-54.16666670","name":"Papa\u00efchton"},{"id":"851949","latitude":"5.53333330","longitude":"-53.68333330","name":"Papa Momo"},{"id":"851950","latitude":"5.53333330","longitude":"-53.68333330","name":"Papa Moumou"},{"id":"851951","latitude":"3.41666670","longitude":"-52.13333330","name":"Parcours Noir"},{"id":"851952","latitude":"4.25000000","longitude":"-54.38333330","name":"Pascal"},{"id":"851953","latitude":"4.86666670","longitude":"-52.26666670","name":"Pascaud"},{"id":"851954","latitude":"5.43333330","longitude":"-53.23333330","name":"Pataga\u00efe"},{"id":"851955","latitude":"5.03333330","longitude":"-53.65000000","name":"Patate"},{"id":"851956","latitude":"4.68333330","longitude":"-52.51666670","name":"Patawa"},{"id":"851957","latitude":"3.41666670","longitude":"-52.91666670","name":"Patience"},{"id":"851958","latitude":"4.78333330","longitude":"-54.01666670","name":"Paul Isnard"},{"id":"851959","latitude":"3.30000000","longitude":"-54.10000000","name":"P\u00e9dima"},{"id":"851960","latitude":"3.26666670","longitude":"-54.11666670","name":"P\u00e9l\u00e9a"},{"id":"851961","latitude":"4.98333330","longitude":"-53.36666670","name":"Perdu Temps"},{"id":"851962","latitude":"4.43333330","longitude":"-53.58333330","name":"Petit Cabrit"},{"id":"851963","latitude":"4.88333330","longitude":"-52.40000000","name":"Petit Cayenne"},{"id":"851964","latitude":"4.90000000","longitude":"-54.46666670","name":"Petit Fouet"},{"id":"851965","latitude":"3.13333330","longitude":"-52.35000000","name":"Petit Fran\u00e7ois"},{"id":"851966","latitude":"5.45000000","longitude":"-53.88333330","name":"Petit Laussat"},{"id":"851967","latitude":"3.68333330","longitude":"-53.53333330","name":"Petit Paradis"},{"id":"851968","latitude":"4.50000000","longitude":"-52.48333330","name":"Petit Placer"},{"id":"851969","latitude":"5.35000000","longitude":"-53.68333330","name":"Petit Saut"},{"id":"851970","latitude":"4.20000000","longitude":"-52.26666670","name":"Picard"},{"id":"851971","latitude":"4.01666670","longitude":"-52.56666670","name":"Pierette"},{"id":"851972","latitude":"3.31666670","longitude":"-52.73333330","name":"Pierre Hoho"},{"id":"851973","latitude":"4.01666670","longitude":"-52.56666670","name":"Pierrette"},{"id":"851974","latitude":"3.23333330","longitude":"-54.08333330","name":"Pikinn Tabiki"},{"id":"851975","latitude":"5.73333330","longitude":"-53.88333330","name":"Piliwa"},{"id":"851976","latitude":"2.28333330","longitude":"-52.85000000","name":"Pina"},{"id":"851977","latitude":"4.86666670","longitude":"-53.00000000","name":"Placer A Dieu Vat"},{"id":"851978","latitude":"4.51666670","longitude":"-52.46666670","name":"Placer Bief"},{"id":"851979","latitude":"4.41666670","longitude":"-54.35000000","name":"Placer Chantal"},{"id":"851980","latitude":"4.80000000","longitude":"-53.28333330","name":"Placer Couriege"},{"id":"851981","latitude":"4.86666670","longitude":"-53.00000000","name":"Placer Dieu Va"},{"id":"851982","latitude":"4.78333330","longitude":"-54.01666670","name":"Placer Paul Isnard"},{"id":"851983","latitude":"4.46666670","longitude":"-52.33333330","name":"Placers Tibourou"},{"id":"851984","latitude":"4.58333330","longitude":"-52.28333330","name":"Placer Tr\u00e9sor"},{"id":"851985","latitude":"5.33333330","longitude":"-53.43333330","name":"Plaque Roche"},{"id":"851986","latitude":"5.56666670","longitude":"-53.93333330","name":"Point de Trijonction"},{"id":"851987","latitude":"4.98333330","longitude":"-52.66666670","name":"Pointe Ca\u00efman"},{"id":"851988","latitude":"5.31666670","longitude":"-52.95000000","name":"Pointe Combi"},{"id":"851989","latitude":"5.73333330","longitude":"-53.86666670","name":"Pointe Is\u00e8re"},{"id":"851990","latitude":"4.95000000","longitude":"-52.76666670","name":"Pois Sucr\u00e9"},{"id":"851991","latitude":"4.95000000","longitude":"-53.78333330","name":"Pol\u00e9mie"},{"id":"851992","latitude":"3.20000000","longitude":"-52.40000000","name":"Polydor"},{"id":"851993","latitude":"3.80000000","longitude":"-54.16666670","name":"Pompidou"},{"id":"851994","latitude":"5.20000000","longitude":"-54.31666670","name":"Ponta"},{"id":"851995","latitude":"4.98333330","longitude":"-52.66666670","name":"Ponte Ca\u00efman"},{"id":"851996","latitude":"3.70000000","longitude":"-53.28333330","name":"Popote"},{"id":"851997","latitude":"5.61666670","longitude":"-53.81666670","name":"Populo"},{"id":"851998","latitude":"5.41666670","longitude":"-54.10000000","name":"Portal"},{"id":"851999","latitude":"4.81666670","longitude":"-52.48333330","name":"Port Inini"},{"id":"852000","latitude":"4.61666670","longitude":"-54.40000000","name":"Providence"},{"id":"852001","latitude":"3.76666670","longitude":"-52.20000000","name":"Quatre Carbets"},{"id":"852002","latitude":"4.95000000","longitude":"-52.50000000","name":"Quesnel"},{"id":"852003","latitude":"4.88333330","longitude":"-52.28333330","name":"Ramire"},{"id":"852004","latitude":"4.31666670","longitude":"-52.13333330","name":"R\u00e9gina"},{"id":"852005","latitude":"4.90000000","longitude":"-52.26666670","name":"R\u00e9mire-Camp"},{"id":"852006","latitude":"4.88333330","longitude":"-52.28333330","name":"R\u00e9mir\u00e9"},{"id":"852007","latitude":"3.83333330","longitude":"-53.40000000","name":"Repentir"},{"id":"852008","latitude":"4.86666670","longitude":"-53.25000000","name":"R\u00e9publique"},{"id":"852009","latitude":"4.98333330","longitude":"-53.85000000","name":"R\u00e9veil"},{"id":"852010","latitude":"4.28333330","longitude":"-52.15000000","name":"Ridel"},{"id":"852011","latitude":"4.91666670","longitude":"-52.51666670","name":"Risquetout"},{"id":"852012","latitude":"4.10000000","longitude":"-52.21666670","name":"Roche Ara"},{"id":"852013","latitude":"5.18333330","longitude":"-53.71666670","name":"Roche Bardo"},{"id":"852014","latitude":"5.26666670","longitude":"-52.96666670","name":"Roche Bravo"},{"id":"852015","latitude":"5.45000000","longitude":"-53.00000000","name":"Roche Brigandin"},{"id":"852016","latitude":"4.43333330","longitude":"-53.58333330","name":"Roche Cabrit"},{"id":"852017","latitude":"5.41666670","longitude":"-53.38333330","name":"Roche Cambrouze"},{"id":"852018","latitude":"2.98333330","longitude":"-53.31666670","name":"Roche Chapeau"},{"id":"852019","latitude":"5.43333330","longitude":"-53.35000000","name":"Roche Hirondelle"},{"id":"852020","latitude":"5.11666670","longitude":"-53.40000000","name":"Roche Kawann"},{"id":"852021","latitude":"5.10000000","longitude":"-53.03333330","name":"Roche Maman Pian"},{"id":"852022","latitude":"3.28333330","longitude":"-52.20000000","name":"Roche Mon P\u00e8re"},{"id":"852023","latitude":"5.50000000","longitude":"-53.33333330","name":"Roches Blanches"},{"id":"852024","latitude":"4.56666670","longitude":"-53.08333330","name":"Roche Serpent"},{"id":"852025","latitude":"5.10000000","longitude":"-53.03333330","name":"Roche Singe Rouge"},{"id":"852026","latitude":"5.10000000","longitude":"-53.03333330","name":"Roche Singes Rouges"},{"id":"852027","latitude":"4.63333330","longitude":"-52.38333330","name":"Roche Tablon"},{"id":"852028","latitude":"5.08333330","longitude":"-53.06666670","name":"Roche Tado"},{"id":"852029","latitude":"5.45000000","longitude":"-53.33333330","name":"Rocoucoua"},{"id":"852030","latitude":"4.25000000","longitude":"-52.68333330","name":"Roncevaux"},{"id":"852031","latitude":"4.73333330","longitude":"-52.33333330","name":"Roura"},{"id":"852032","latitude":"5.35000000","longitude":"-54.13333330","name":"Ruben"},{"id":"852033","latitude":"4.15000000","longitude":"-52.90000000","name":"Rubis"},{"id":"852034","latitude":"5.60000000","longitude":"-53.88333330","name":"Saint-Antoine"},{"id":"852035","latitude":"5.16666670","longitude":"-52.95000000","name":"Saint-Bernard"},{"id":"852036","latitude":"4.80000000","longitude":"-53.11666670","name":"Sainte Anne D\u00e9grad"},{"id":"852037","latitude":"4.58333330","longitude":"-52.45000000","name":"Sainte-Anne"},{"id":"852038","latitude":"4.83333330","longitude":"-53.28333330","name":"Sainte \u00c9lie"},{"id":"852039","latitude":"4.25000000","longitude":"-52.56666670","name":"Sainte-H\u00e9l\u00e8ne"},{"id":"852040","latitude":"5.50000000","longitude":"-54.03333330","name":"Sainte Laurent"},{"id":"852041","latitude":"4.83333330","longitude":"-53.28333330","name":"Saint-\u00c9lie"},{"id":"852042","latitude":"3.73333330","longitude":"-53.23333330","name":"Saint-\u00c9loi"},{"id":"852043","latitude":"4.51666670","longitude":"-52.45000000","name":"Sainte-Marie-les-Mines"},{"id":"852044","latitude":"4.28333330","longitude":"-52.13333330","name":"Saint-Esprit"},{"id":"852045","latitude":"4.85000000","longitude":"-53.06666670","name":"Saint-Eug\u00e8ne"},{"id":"852046","latitude":"3.90000000","longitude":"-51.80000000","name":"Saint-Georges"},{"id":"852047","latitude":"3.88333330","longitude":"-51.83333330","name":"Saint Georges"},{"id":"852048","latitude":"4.10000000","longitude":"-54.20000000","name":"Saint-Jean"},{"id":"852049","latitude":"3.13333330","longitude":"-52.35000000","name":"Saint-Joseph"},{"id":"852050","latitude":"5.50000000","longitude":"-54.03333330","name":"Saint-Laurent du Maroni"},{"id":"852051","latitude":"5.50000000","longitude":"-54.03333330","name":"Saint Laurent"},{"id":"852052","latitude":"4.03333330","longitude":"-51.68333330","name":"Saint-Louis"},{"id":"852053","latitude":"4.15000000","longitude":"-52.53333330","name":"Saint-Lucien"},{"id":"852054","latitude":"5.46666670","longitude":"-54.01666670","name":"Saint-Maurice"},{"id":"852055","latitude":"4.96666670","longitude":"-53.13333330","name":"Saint-Nazaire"},{"id":"852056","latitude":"4.38333330","longitude":"-54.38333330","name":"Saint-Paul"},{"id":"852057","latitude":"3.15000000","longitude":"-52.66666670","name":"Saint-Pierre"},{"id":"852058","latitude":"3.40000000","longitude":"-53.23333330","name":"Sa\u00ef"},{"id":"852059","latitude":"5.20000000","longitude":"-54.30000000","name":"Sania"},{"id":"852060","latitude":"4.75000000","longitude":"-54.46666670","name":"Santonia"},{"id":"852061","latitude":"4.26666670","longitude":"-52.70000000","name":"Sapajou"},{"id":"852062","latitude":"3.56666670","longitude":"-52.66666670","name":"Sapoka\u00ef"},{"id":"852063","latitude":"5.30000000","longitude":"-53.61666670","name":"Sapotille"},{"id":"852064","latitude":"5.26666670","longitude":"-52.96666670","name":"Saulnier"},{"id":"852065","latitude":"3.61666670","longitude":"-53.20000000","name":"Sa\u00fcl"},{"id":"852066","latitude":"4.81666670","longitude":"-52.31666670","name":"Sautero"},{"id":"852067","latitude":"5.38333330","longitude":"-53.66666670","name":"Saut Sabbat"},{"id":"852068","latitude":"5.01666670","longitude":"-53.03333330","name":"Saut Tigre"},{"id":"852069","latitude":"5.35000000","longitude":"-52.95000000","name":"Savane Manuel"},{"id":"852070","latitude":"5.10000000","longitude":"-54.36666670","name":"Senkinen"},{"id":"852071","latitude":"3.38333330","longitude":"-52.50000000","name":"Sikini"},{"id":"852072","latitude":"2.91666670","longitude":"-52.83333330","name":"Siminiout"},{"id":"852073","latitude":"4.56666670","longitude":"-52.63333330","name":"Simon"},{"id":"852074","latitude":"5.38333330","longitude":"-52.95000000","name":"Sinamary"},{"id":"852075","latitude":"5.38333330","longitude":"-52.95000000","name":"Sinnamari"},{"id":"852076","latitude":"5.38333330","longitude":"-52.95000000","name":"Sinnamary"},{"id":"852077","latitude":"5.38333330","longitude":"-52.95000000","name":"Sinnama"},{"id":"852078","latitude":"5.36666670","longitude":"-53.18333330","name":"Sivirine"},{"id":"852079","latitude":"5.05000000","longitude":"-52.68333330","name":"Socoumou"},{"id":"852080","latitude":"5.05000000","longitude":"-52.68333330","name":"Sokoumou"},{"id":"852081","latitude":"3.66666670","longitude":"-53.96666670","name":"Soncelle"},{"id":"852082","latitude":"3.66666670","longitude":"-53.96666670","name":"Soneelle"},{"id":"852083","latitude":"3.66666670","longitude":"-53.96666670","name":"Sonnelle"},{"id":"852084","latitude":"3.96666670","longitude":"-53.48333330","name":"Sophie"},{"id":"852085","latitude":"4.90000000","longitude":"-52.40000000","name":"Soula"},{"id":"852086","latitude":"5.26666670","longitude":"-54.25000000","name":"Sparouine"},{"id":"852087","latitude":"4.51666670","longitude":"-52.40000000","name":"Spes"},{"id":"852088","latitude":"4.46666670","longitude":"-53.58333330","name":"Sport"},{"id":"852089","latitude":"4.76666670","longitude":"-52.31666670","name":"Stoupan"},{"id":"852090","latitude":"4.96666670","longitude":"-53.15000000","name":"Sursaut"},{"id":"852091","latitude":"4.93333330","longitude":"-52.28333330","name":"Susini"},{"id":"852092","latitude":"4.93333330","longitude":"-52.28333330","name":"Suzini"},{"id":"852093","latitude":"4.03333330","longitude":"-52.51666670","name":"Taconet"},{"id":"852094","latitude":"4.03333330","longitude":"-52.51666670","name":"Taconnet"},{"id":"852095","latitude":"3.20000000","longitude":"-52.53333330","name":"Tampac"},{"id":"852096","latitude":"3.20000000","longitude":"-52.53333330","name":"Tampak"},{"id":"852097","latitude":"3.33333330","longitude":"-53.83333330","name":"Tampok"},{"id":"852098","latitude":"3.26666670","longitude":"-54.11666670","name":"Tapontekampoe"},{"id":"852099","latitude":"3.26666670","longitude":"-54.11666670","name":"Tapont\u00e9"},{"id":"852100","latitude":"5.45000000","longitude":"-54.05000000","name":"Terre Rouge"},{"id":"852101","latitude":"4.03333330","longitude":"-52.55000000","name":"Th\u00e9odore"},{"id":"852102","latitude":"3.71666670","longitude":"-54.08333330","name":"Th\u00e9ophane"},{"id":"852103","latitude":"4.41666670","longitude":"-52.38333330","name":"Timon"},{"id":"852104","latitude":"5.01666670","longitude":"-52.48333330","name":"Tonale"},{"id":"852105","latitude":"5.01666670","longitude":"-52.48333330","name":"Tonate"},{"id":"852106","latitude":"4.83333330","longitude":"-52.45000000","name":"Ton\u00e9grande"},{"id":"852107","latitude":"4.85000000","longitude":"-53.26666670","name":"Tonkin"},{"id":"852108","latitude":"4.83333330","longitude":"-52.45000000","name":"Tonn\u00e9grande"},{"id":"852109","latitude":"4.83333330","longitude":"-52.45000000","name":"Tonnigrande"},{"id":"852110","latitude":"4.18333330","longitude":"-52.38333330","name":"Tortue"},{"id":"852111","latitude":"4.76666670","longitude":"-53.88333330","name":"Toussine"},{"id":"852112","latitude":"4.95000000","longitude":"-52.53333330","name":"Trois Rois"},{"id":"852113","latitude":"2.25000000","longitude":"-52.88333330","name":"Trois Sauts"},{"id":"852114","latitude":"5.33333330","longitude":"-53.18333330","name":"Trou Ara"},{"id":"852115","latitude":"4.93333330","longitude":"-52.30000000","name":"Trou Biron"},{"id":"852116","latitude":"5.45000000","longitude":"-53.13333330","name":"Trou Ca\u00efmans"},{"id":"852117","latitude":"5.43333330","longitude":"-53.08333330","name":"Trou Poissons"},{"id":"852118","latitude":"5.43333330","longitude":"-53.08333330","name":"Trou Poisson"},{"id":"852119","latitude":"5.31666670","longitude":"-53.66666670","name":"Valentin"},{"id":"852120","latitude":"3.86666670","longitude":"-53.36666670","name":"Valide"},{"id":"852121","latitude":"5.20000000","longitude":"-52.98333330","name":"Venus"},{"id":"852122","latitude":"4.20000000","longitude":"-52.78333330","name":"Vichy"},{"id":"852123","latitude":"4.93333330","longitude":"-52.31666670","name":"Victor"},{"id":"852124","latitude":"4.90000000","longitude":"-53.20000000","name":"Vierge des Trois Tonneaux"},{"id":"852125","latitude":"4.33333330","longitude":"-54.40000000","name":"Vieux Grand-Santi"},{"id":"852126","latitude":"4.15000000","longitude":"-52.36666670","name":"Villaflore"},{"id":"852127","latitude":"4.25000000","longitude":"-52.21666670","name":"Village Adnet"},{"id":"852128","latitude":"4.23333330","longitude":"-52.21666670","name":"Village Baug\u00e9"},{"id":"852129","latitude":"4.23333330","longitude":"-52.21666670","name":"Village Beaug\u00e9"},{"id":"852130","latitude":"3.30000000","longitude":"-53.85000000","name":"Village Blicade"},{"id":"852131","latitude":"5.15000000","longitude":"-52.65000000","name":"Village Br\u00e9silien"},{"id":"852132","latitude":"4.18333330","longitude":"-52.86666670","name":"Village Chinois"},{"id":"852133","latitude":"4.30000000","longitude":"-52.13333330","name":"Village Coco"},{"id":"852134","latitude":"3.21666670","longitude":"-53.71666670","name":"Village Cr\u00e9ole"},{"id":"852135","latitude":"3.40000000","longitude":"-53.83333330","name":"Village Emerillons"},{"id":"852136","latitude":"3.40000000","longitude":"-53.83333330","name":"Village Em\u00e9rillon"},{"id":"852137","latitude":"4.66666670","longitude":"-54.31666670","name":"Village Esp\u00e9rance"},{"id":"852138","latitude":"4.75000000","longitude":"-53.66666670","name":"Village Fracas"},{"id":"852139","latitude":"4.48333330","longitude":"-54.43333330","name":"Village Gaa Caba"},{"id":"852140","latitude":"5.40000000","longitude":"-54.11666670","name":"Village Galibi"},{"id":"852141","latitude":"5.21666670","longitude":"-54.21666670","name":"Village Galloni"},{"id":"852142","latitude":"4.28333330","longitude":"-52.13333330","name":"Village Gaston"},{"id":"852143","latitude":"3.31666670","longitude":"-53.65000000","name":"Village Grigel"},{"id":"852144","latitude":"4.26666670","longitude":"-52.25000000","name":"Village Guillaume"},{"id":"852145","latitude":"4.06666670","longitude":"-52.45000000","name":"Village Imp\u00e9ratrice"},{"id":"852146","latitude":"3.25000000","longitude":"-52.95000000","name":"Village Inipi"},{"id":"852147","latitude":"3.86666670","longitude":"-53.68333330","name":"Village La Gr\u00e8ve"},{"id":"852148","latitude":"4.10000000","longitude":"-54.33333330","name":"Village Lioni"},{"id":"852149","latitude":"4.28333330","longitude":"-52.13333330","name":"Village Maffi"},{"id":"852150","latitude":"4.28333330","longitude":"-52.15000000","name":"Village Migue"},{"id":"852151","latitude":"5.41666670","longitude":"-54.10000000","name":"Village Portal"},{"id":"852152","latitude":"3.31666670","longitude":"-54.06666670","name":"Village Roucouyenne"},{"id":"852153","latitude":"4.28333330","longitude":"-52.13333330","name":"Village Saint-Esprit"},{"id":"852154","latitude":"4.38333330","longitude":"-54.38333330","name":"Village Saint-Paul"},{"id":"852155","latitude":"4.40000000","longitude":"-52.38333330","name":"Village Saramaca"},{"id":"852156","latitude":"5.15000000","longitude":"-52.63333330","name":"Village Saramaka"},{"id":"852157","latitude":"3.96666670","longitude":"-53.48333330","name":"Village Sophie"},{"id":"852158","latitude":"2.20000000","longitude":"-52.91666670","name":"Villages Oyampi"},{"id":"852159","latitude":"4.18333330","longitude":"-52.38333330","name":"Village Tortue"},{"id":"852160","latitude":"4.61666670","longitude":"-54.33333330","name":"Village Yaya"},{"id":"852161","latitude":"3.68333330","longitude":"-53.95000000","name":"Vini"},{"id":"852162","latitude":"3.68333330","longitude":"-54.08333330","name":"Wacapou"},{"id":"852163","latitude":"3.68333330","longitude":"-54.08333330","name":"Wakapou"},{"id":"852164","latitude":"3.38333330","longitude":"-53.93333330","name":"Wempi"},{"id":"852165","latitude":"3.68333330","longitude":"-53.95000000","name":"Weni W\u00e9"},{"id":"852166","latitude":"4.75000000","longitude":"-54.46666670","name":"W\u00e9ti-Chiton"},{"id":"852167","latitude":"3.70000000","longitude":"-54.08333330","name":"Wilfried"},{"id":"852168","latitude":"3.68333330","longitude":"-53.95000000","name":"Winiw\u00e9"},{"id":"852169","latitude":"2.53333330","longitude":"-54.33333330","name":"Yalou Patatpeu"},{"id":"852170","latitude":"2.53333330","longitude":"-54.33333330","name":"Yalou Patatpe"},{"id":"852171","latitude":"4.61666670","longitude":"-54.33333330","name":"Yaya"},{"id":"852172","latitude":"5.43333330","longitude":"-53.68333330","name":"Yof\u00e9"},{"id":"852173","latitude":"4.10000000","longitude":"-52.95000000","name":"Yolande"},{"id":"852174","latitude":"2.25000000","longitude":"-52.86666670","name":"Zidok"},{"id":"852175","latitude":"4.60000000","longitude":"-52.40000000","name":"Zombi"}]