[{"id":"852176","latitude":"49.46944400","longitude":"-2.60166700","name":"NULL"},{"id":"852177","latitude":"49.46361100","longitude":"-2.54361100","name":"NULL"},{"id":"852178","latitude":"49.44916700","longitude":"-2.56333300","name":"NULL"},{"id":"852179","latitude":"49.48944400","longitude":"-2.53194400","name":"NULL"},{"id":"852180","latitude":"49.48194400","longitude":"-2.54305600","name":"NULL"},{"id":"852181","latitude":"49.49083300","longitude":"-2.52555600","name":"NULL"},{"id":"852182","latitude":"49.46222200","longitude":"-2.58027800","name":"NULL"},{"id":"852183","latitude":"49.46388900","longitude":"-2.58083300","name":"NULL"},{"id":"852184","latitude":"49.43027800","longitude":"-2.36944400","name":"NULL"},{"id":"852185","latitude":"49.46916700","longitude":"-2.59111100","name":"NULL"},{"id":"852186","latitude":"49.48972200","longitude":"-2.50944400","name":"NULL"},{"id":"852187","latitude":"49.46805600","longitude":"-2.54111100","name":"NULL"},{"id":"852188","latitude":"49.48583300","longitude":"-2.54444400","name":"NULL"},{"id":"852189","latitude":"49.46666700","longitude":"-2.55000000","name":"NULL"},{"id":"852190","latitude":"49.48722200","longitude":"-2.53527800","name":"NULL"},{"id":"852191","latitude":"49.71750000","longitude":"-2.20250000","name":"NULL"},{"id":"852192","latitude":"49.43361100","longitude":"-2.53972200","name":"NULL"},{"id":"852193","latitude":"49.47666700","longitude":"-2.56166700","name":"NULL"},{"id":"852194","latitude":"49.44888900","longitude":"-2.58000000","name":"NULL"},{"id":"852195","latitude":"49.44000000","longitude":"-2.55972200","name":"NULL"},{"id":"852196","latitude":"49.45555600","longitude":"-2.54805600","name":"NULL"},{"id":"852197","latitude":"49.45611100","longitude":"-2.64611100","name":"NULL"},{"id":"852198","latitude":"49.49666700","longitude":"-2.51805600","name":"NULL"},{"id":"852199","latitude":"49.49611100","longitude":"-2.53416700","name":"NULL"},{"id":"852200","latitude":"49.47277800","longitude":"-2.59194400","name":"NULL"},{"id":"852201","latitude":"49.49222200","longitude":"-2.50861100","name":"NULL"},{"id":"852202","latitude":"49.43111100","longitude":"-2.54250000","name":"NULL"},{"id":"852203","latitude":"49.47166700","longitude":"-2.54916700","name":"NULL"},{"id":"852204","latitude":"49.72083300","longitude":"-2.20444400","name":"NULL"},{"id":"852205","latitude":"49.45027800","longitude":"-2.54916700","name":"NULL"},{"id":"852206","latitude":"49.41388900","longitude":"-2.37722200","name":"NULL"},{"id":"852207","latitude":"49.44916700","longitude":"-2.59250000","name":"NULL"},{"id":"852208","latitude":"49.50166700","longitude":"-2.51500000","name":"NULL"},{"id":"852209","latitude":"49.48888900","longitude":"-2.51472200","name":"NULL"},{"id":"852210","latitude":"49.44638900","longitude":"-2.54000000","name":"NULL"},{"id":"852211","latitude":"49.44583300","longitude":"-2.57388900","name":"NULL"},{"id":"852212","latitude":"49.42972200","longitude":"-2.37000000","name":"NULL"},{"id":"852213","latitude":"49.45138900","longitude":"-2.63027800","name":"NULL"},{"id":"852214","latitude":"49.49083300","longitude":"-2.53138900","name":"NULL"},{"id":"852215","latitude":"49.45444400","longitude":"-2.63361100","name":"NULL"},{"id":"852216","latitude":"49.48416700","longitude":"-2.57277800","name":"NULL"},{"id":"852217","latitude":"49.48388900","longitude":"-2.58333300","name":"NULL"},{"id":"852218","latitude":"49.47916700","longitude":"-2.55250000","name":"NULL"},{"id":"852219","latitude":"49.48333300","longitude":"-2.57638900","name":"NULL"},{"id":"852220","latitude":"49.48416700","longitude":"-2.54444400","name":"NULL"},{"id":"852221","latitude":"49.45666700","longitude":"-2.59555600","name":"NULL"},{"id":"852222","latitude":"49.45888900","longitude":"-2.61138900","name":"NULL"},{"id":"852223","latitude":"49.43416700","longitude":"-2.57861100","name":"NULL"},{"id":"852224","latitude":"49.43333300","longitude":"-2.60000000","name":"NULL"},{"id":"852225","latitude":"49.47666700","longitude":"-2.57472200","name":"NULL"},{"id":"852226","latitude":"49.42861100","longitude":"-2.65138900","name":"NULL"},{"id":"852227","latitude":"49.49305600","longitude":"-2.51444400","name":"NULL"},{"id":"852228","latitude":"49.47694400","longitude":"-2.54666700","name":"NULL"},{"id":"852229","latitude":"49.48138900","longitude":"-2.54916700","name":"NULL"},{"id":"852230","latitude":"49.42194400","longitude":"-2.56083300","name":"NULL"},{"id":"852231","latitude":"49.49277800","longitude":"-2.53694400","name":"NULL"},{"id":"852232","latitude":"49.42472200","longitude":"-2.53361100","name":"NULL"},{"id":"852233","latitude":"49.45777800","longitude":"-2.60305600","name":"NULL"},{"id":"852234","latitude":"49.43750000","longitude":"-2.55500000","name":"NULL"},{"id":"852235","latitude":"49.42888900","longitude":"-2.53694400","name":"NULL"},{"id":"852236","latitude":"49.45722200","longitude":"-2.57305600","name":"NULL"},{"id":"852237","latitude":"49.43166700","longitude":"-2.35333300","name":"NULL"},{"id":"852238","latitude":"49.44611100","longitude":"-2.54750000","name":"NULL"},{"id":"852239","latitude":"49.42416700","longitude":"-2.61250000","name":"NULL"},{"id":"852240","latitude":"49.42888900","longitude":"-2.61444400","name":"NULL"},{"id":"852241","latitude":"49.41333300","longitude":"-2.37611100","name":"NULL"},{"id":"852242","latitude":"49.42916700","longitude":"-2.35083300","name":"NULL"},{"id":"852243","latitude":"49.42972200","longitude":"-2.55472200","name":"NULL"},{"id":"852244","latitude":"49.49444400","longitude":"-2.54000000","name":"NULL"},{"id":"852245","latitude":"49.43944400","longitude":"-2.35750000","name":"NULL"},{"id":"852246","latitude":"49.49333300","longitude":"-2.53361100","name":"NULL"},{"id":"852247","latitude":"49.43638900","longitude":"-2.63388900","name":"NULL"},{"id":"852248","latitude":"49.45000000","longitude":"-2.63916700","name":"NULL"},{"id":"852249","latitude":"49.43361100","longitude":"-2.65972200","name":"NULL"},{"id":"852250","latitude":"49.50305600","longitude":"-2.50833300","name":"NULL"},{"id":"852251","latitude":"49.49888900","longitude":"-2.50444400","name":"NULL"},{"id":"852252","latitude":"49.45277800","longitude":"-2.57166700","name":"NULL"},{"id":"852253","latitude":"49.49972200","longitude":"-2.51388900","name":"NULL"},{"id":"852254","latitude":"49.49805600","longitude":"-2.52611100","name":"NULL"},{"id":"852255","latitude":"49.49166700","longitude":"-2.56833300","name":"NULL"},{"id":"852256","latitude":"49.43111100","longitude":"-2.60055600","name":"NULL"},{"id":"852257","latitude":"49.44722200","longitude":"-2.64472200","name":"NULL"},{"id":"852258","latitude":"49.45944400","longitude":"-2.59722200","name":"NULL"},{"id":"852259","latitude":"49.47138900","longitude":"-2.55611100","name":"NULL"},{"id":"852260","latitude":"49.42361100","longitude":"-2.60388900","name":"NULL"},{"id":"852261","latitude":"49.48111100","longitude":"-2.52638900","name":"NULL"},{"id":"852262","latitude":"49.49944400","longitude":"-2.50888900","name":"NULL"},{"id":"852263","latitude":"49.45972200","longitude":"-2.64638900","name":"NULL"},{"id":"852264","latitude":"49.44638900","longitude":"-2.64861100","name":"NULL"},{"id":"852265","latitude":"49.43777800","longitude":"-2.36250000","name":"NULL"},{"id":"852266","latitude":"49.46583300","longitude":"-2.57388900","name":"NULL"},{"id":"852267","latitude":"49.47416700","longitude":"-2.53055600","name":"NULL"},{"id":"852268","latitude":"49.43305600","longitude":"-2.58861100","name":"NULL"},{"id":"852269","latitude":"49.44166700","longitude":"-2.35972200","name":"NULL"},{"id":"852270","latitude":"49.49416700","longitude":"-2.50555600","name":"NULL"},{"id":"852271","latitude":"49.46333300","longitude":"-2.57000000","name":"NULL"},{"id":"852272","latitude":"49.43083300","longitude":"-2.36500000","name":"NULL"},{"id":"852273","latitude":"49.43722200","longitude":"-2.35527800","name":"NULL"},{"id":"852274","latitude":"49.43138900","longitude":"-2.56833300","name":"NULL"},{"id":"852275","latitude":"49.42722200","longitude":"-2.60583300","name":"NULL"},{"id":"852276","latitude":"49.42472200","longitude":"-2.60055600","name":"NULL"},{"id":"852277","latitude":"49.42472200","longitude":"-2.60527800","name":"NULL"},{"id":"852278","latitude":"49.42861100","longitude":"-2.58944400","name":"NULL"},{"id":"852279","latitude":"49.44138900","longitude":"-2.59083300","name":"NULL"},{"id":"852280","latitude":"49.43138900","longitude":"-2.59250000","name":"NULL"},{"id":"852281","latitude":"49.44166700","longitude":"-2.65000000","name":"NULL"},{"id":"852282","latitude":"49.45777800","longitude":"-2.64111100","name":"NULL"},{"id":"852283","latitude":"49.43222200","longitude":"-2.58583300","name":"NULL"},{"id":"852284","latitude":"49.44277800","longitude":"-2.63194400","name":"NULL"},{"id":"852285","latitude":"49.42472200","longitude":"-2.36305600","name":"NULL"},{"id":"852286","latitude":"49.43666700","longitude":"-2.64333300","name":"NULL"},{"id":"852287","latitude":"49.42583300","longitude":"-2.36583300","name":"NULL"},{"id":"852288","latitude":"49.44388900","longitude":"-2.64055600","name":"NULL"},{"id":"852289","latitude":"49.44222200","longitude":"-2.35833300","name":"NULL"},{"id":"852290","latitude":"49.45888900","longitude":"-2.55722200","name":"NULL"},{"id":"852291","latitude":"49.46055600","longitude":"-2.61277800","name":"NULL"},{"id":"852292","latitude":"49.42138900","longitude":"-2.59555600","name":"NULL"},{"id":"852293","latitude":"49.44138900","longitude":"-2.35916700","name":"NULL"},{"id":"852294","latitude":"49.43888900","longitude":"-2.60861100","name":"NULL"},{"id":"852295","latitude":"49.49250000","longitude":"-2.55388900","name":"NULL"},{"id":"852296","latitude":"49.49500000","longitude":"-2.52972200","name":"NULL"},{"id":"852297","latitude":"49.42972200","longitude":"-2.59861100","name":"NULL"},{"id":"852298","latitude":"49.42611100","longitude":"-2.61083300","name":"NULL"},{"id":"852299","latitude":"49.46000000","longitude":"-2.62222200","name":"NULL"},{"id":"852300","latitude":"49.49138900","longitude":"-2.54944400","name":"NULL"},{"id":"852301","latitude":"49.42611100","longitude":"-2.60194400","name":"NULL"},{"id":"852302","latitude":"49.42777800","longitude":"-2.63222200","name":"NULL"},{"id":"852303","latitude":"49.43333300","longitude":"-2.62638900","name":"NULL"},{"id":"852304","latitude":"49.45805600","longitude":"-2.58166700","name":"NULL"},{"id":"852305","latitude":"49.45416700","longitude":"-2.65166700","name":"NULL"},{"id":"852306","latitude":"49.43611100","longitude":"-2.58555600","name":"NULL"},{"id":"852307","latitude":"49.45361100","longitude":"-2.64611100","name":"NULL"},{"id":"852308","latitude":"49.47888900","longitude":"-2.56222200","name":"NULL"},{"id":"852309","latitude":"49.44250000","longitude":"-2.64333300","name":"NULL"},{"id":"852310","latitude":"49.46694400","longitude":"-2.56305600","name":"NULL"},{"id":"852311","latitude":"49.43944400","longitude":"-2.60194400","name":"NULL"},{"id":"852312","latitude":"49.43555600","longitude":"-2.62166700","name":"NULL"},{"id":"852313","latitude":"49.42500000","longitude":"-2.61611100","name":"NULL"},{"id":"852314","latitude":"49.43527800","longitude":"-2.62694400","name":"NULL"},{"id":"852315","latitude":"49.43361100","longitude":"-2.55000000","name":"NULL"},{"id":"852316","latitude":"49.48000000","longitude":"-2.55750000","name":"NULL"},{"id":"852317","latitude":"49.43611100","longitude":"-2.65000000","name":"NULL"},{"id":"852318","latitude":"49.44750000","longitude":"-2.63055600","name":"NULL"},{"id":"852319","latitude":"49.49444400","longitude":"-2.55555600","name":"NULL"},{"id":"852320","latitude":"49.43277800","longitude":"-2.63111100","name":"NULL"},{"id":"852321","latitude":"49.43083300","longitude":"-2.65805600","name":"NULL"},{"id":"852322","latitude":"49.42361100","longitude":"-2.59138900","name":"NULL"},{"id":"852323","latitude":"49.43138900","longitude":"-2.65111100","name":"NULL"},{"id":"852324","latitude":"49.47750000","longitude":"-2.58000000","name":"NULL"},{"id":"852325","latitude":"49.48250000","longitude":"-2.54083300","name":"NULL"},{"id":"852326","latitude":"49.44166700","longitude":"-2.57555600","name":"NULL"},{"id":"852327","latitude":"49.45166700","longitude":"-2.59833300","name":"NULL"},{"id":"852328","latitude":"49.49444400","longitude":"-2.52500000","name":"NULL"},{"id":"852329","latitude":"49.43000000","longitude":"-2.61722200","name":"NULL"},{"id":"852330","latitude":"49.42166700","longitude":"-2.59444400","name":"NULL"},{"id":"852331","latitude":"49.44222200","longitude":"-2.54833300","name":"NULL"},{"id":"852332","latitude":"49.44388900","longitude":"-2.56194400","name":"NULL"},{"id":"852333","latitude":"49.44000000","longitude":"-2.62833300","name":"NULL"},{"id":"852334","latitude":"49.44888900","longitude":"-2.59666700","name":"NULL"},{"id":"852335","latitude":"49.43027800","longitude":"-2.63388900","name":"NULL"},{"id":"852336","latitude":"49.49583300","longitude":"-2.52000000","name":"NULL"},{"id":"852337","latitude":"49.42527800","longitude":"-2.62527800","name":"NULL"},{"id":"852338","latitude":"49.44888900","longitude":"-2.61083300","name":"NULL"},{"id":"852339","latitude":"49.48333300","longitude":"-2.57000000","name":"NULL"},{"id":"852340","latitude":"49.45083300","longitude":"-2.64611100","name":"NULL"},{"id":"852341","latitude":"49.42805600","longitude":"-2.61750000","name":"NULL"},{"id":"852342","latitude":"49.42972200","longitude":"-2.62666700","name":"NULL"},{"id":"852343","latitude":"49.49888900","longitude":"-2.52027800","name":"NULL"},{"id":"852344","latitude":"49.48333300","longitude":"-2.51416700","name":"NULL"},{"id":"852345","latitude":"49.46972200","longitude":"-2.58250000","name":"NULL"},{"id":"852346","latitude":"49.45111100","longitude":"-2.58194400","name":"NULL"},{"id":"852347","latitude":"49.43055600","longitude":"-2.58138900","name":"NULL"},{"id":"852348","latitude":"49.43111100","longitude":"-2.60611100","name":"NULL"},{"id":"852349","latitude":"49.44750000","longitude":"-2.62416700","name":"NULL"},{"id":"852350","latitude":"49.43250000","longitude":"-2.57194400","name":"NULL"},{"id":"852351","latitude":"49.44611100","longitude":"-2.63583300","name":"NULL"},{"id":"852352","latitude":"49.43333300","longitude":"-2.58305600","name":"NULL"},{"id":"852353","latitude":"49.47305600","longitude":"-2.55166700","name":"NULL"},{"id":"852354","latitude":"49.43833300","longitude":"-2.63166700","name":"NULL"},{"id":"852355","latitude":"49.48194400","longitude":"-2.56527800","name":"NULL"},{"id":"852356","latitude":"49.43416700","longitude":"-2.63944400","name":"NULL"},{"id":"852357","latitude":"49.48500000","longitude":"-2.55611100","name":"NULL"},{"id":"852358","latitude":"49.48361100","longitude":"-2.53555600","name":"NULL"},{"id":"852359","latitude":"49.42750000","longitude":"-2.63861100","name":"NULL"},{"id":"852360","latitude":"49.44972200","longitude":"-2.53666700","name":"NULL"},{"id":"852361","latitude":"49.45694400","longitude":"-2.57777800","name":"NULL"},{"id":"852362","latitude":"49.49416700","longitude":"-2.56305600","name":"NULL"},{"id":"852363","latitude":"49.46194400","longitude":"-2.56666700","name":"NULL"},{"id":"852364","latitude":"49.44222200","longitude":"-2.58750000","name":"NULL"},{"id":"852365","latitude":"49.42472200","longitude":"-2.59666700","name":"NULL"},{"id":"852366","latitude":"49.44111100","longitude":"-2.63472200","name":"NULL"},{"id":"852367","latitude":"49.46888900","longitude":"-2.59388900","name":"NULL"},{"id":"852368","latitude":"49.43027800","longitude":"-2.54500000","name":"NULL"},{"id":"852369","latitude":"49.42694400","longitude":"-2.58777800","name":"NULL"},{"id":"852370","latitude":"49.49055600","longitude":"-2.56111100","name":"NULL"},{"id":"852371","latitude":"49.46805600","longitude":"-2.57583300","name":"NULL"},{"id":"852372","latitude":"49.48777800","longitude":"-2.54500000","name":"NULL"},{"id":"852373","latitude":"49.46500000","longitude":"-2.53666700","name":"NULL"},{"id":"852374","latitude":"49.49027800","longitude":"-2.52694400","name":"NULL"},{"id":"852375","latitude":"49.48138900","longitude":"-2.58111100","name":"NULL"},{"id":"852376","latitude":"49.48694400","longitude":"-2.51527800","name":"NULL"},{"id":"852377","latitude":"49.46750000","longitude":"-2.58916700","name":"NULL"},{"id":"852378","latitude":"49.43027800","longitude":"-2.60361100","name":"NULL"},{"id":"852379","latitude":"49.45694400","longitude":"-2.62361100","name":"NULL"},{"id":"852380","latitude":"49.43666700","longitude":"-2.56805600","name":"NULL"},{"id":"852381","latitude":"49.44888900","longitude":"-2.61527800","name":"NULL"},{"id":"852382","latitude":"49.71916700","longitude":"-2.19972200","name":"NULL"},{"id":"852383","latitude":"49.48527800","longitude":"-2.51611100","name":"NULL"},{"id":"852384","latitude":"49.50000000","longitude":"-2.51666700","name":"NULL"},{"id":"852385","latitude":"49.45805600","longitude":"-2.63583300","name":"NULL"},{"id":"852386","latitude":"49.48611100","longitude":"-2.56361100","name":"NULL"},{"id":"852387","latitude":"49.43194400","longitude":"-2.66722200","name":"NULL"},{"id":"852388","latitude":"49.49527800","longitude":"-2.56805600","name":"NULL"},{"id":"852389","latitude":"49.46222200","longitude":"-2.62805600","name":"NULL"},{"id":"852390","latitude":"49.45083300","longitude":"-2.64972200","name":"NULL"},{"id":"852391","latitude":"49.45916700","longitude":"-2.56305600","name":"NULL"},{"id":"852392","latitude":"49.71666700","longitude":"-2.21666700","name":"NULL"},{"id":"852393","latitude":"49.49694400","longitude":"-2.55500000","name":"NULL"},{"id":"852394","latitude":"49.45083300","longitude":"-2.54166700","name":"NULL"},{"id":"852395","latitude":"49.44388900","longitude":"-2.57888900","name":"NULL"},{"id":"852396","latitude":"49.71500000","longitude":"-2.20416700","name":"NULL"},{"id":"852397","latitude":"49.46555600","longitude":"-2.58944400","name":"NULL"},{"id":"852398","latitude":"49.46750000","longitude":"-2.59583300","name":"NULL"},{"id":"852399","latitude":"49.46500000","longitude":"-2.54000000","name":"NULL"},{"id":"852400","latitude":"49.45611100","longitude":"-2.54083300","name":"NULL"},{"id":"852401","latitude":"49.43333300","longitude":"-2.65000000","name":"NULL"},{"id":"852402","latitude":"49.48388900","longitude":"-2.52333300","name":"NULL"},{"id":"852403","latitude":"49.45694400","longitude":"-2.63583300","name":"NULL"},{"id":"852404","latitude":"49.46166700","longitude":"-2.53416700","name":"NULL"},{"id":"852405","latitude":"49.46666700","longitude":"-2.60000000","name":"NULL"},{"id":"852406","latitude":"49.44416700","longitude":"-2.61666700","name":"NULL"},{"id":"852407","latitude":"49.48166700","longitude":"-2.51583300","name":"NULL"},{"id":"852408","latitude":"49.48305600","longitude":"-2.52166700","name":"NULL"},{"id":"852409","latitude":"49.42611100","longitude":"-2.55805600","name":"NULL"},{"id":"852410","latitude":"49.46277800","longitude":"-2.61250000","name":"NULL"},{"id":"852411","latitude":"49.43833300","longitude":"-2.54277800","name":"NULL"},{"id":"852412","latitude":"49.44638900","longitude":"-2.55388900","name":"NULL"},{"id":"852413","latitude":"49.47944400","longitude":"-2.57111100","name":"NULL"},{"id":"852414","latitude":"49.45777800","longitude":"-2.58750000","name":"NULL"}]