[{"id":"844515","latitude":"42.08472220","longitude":"42.82500000","name":"Bagdadi"},{"id":"844518","latitude":"42.08472220","longitude":"42.82500000","name":"Bagdat"},{"id":"844519","latitude":"42.08472220","longitude":"42.82500000","name":"Bagdat'i"},{"id":"844522","latitude":"42.08472220","longitude":"42.82500000","name":"Baghdadi"},{"id":"845472","latitude":"42.13333330","longitude":"42.76666670","name":"Didvela"},{"id":"845489","latitude":"42.06722220","longitude":"42.84555560","name":"Dimi"},{"id":"846751","latitude":"41.96138890","longitude":"42.96583330","name":"Khani"},{"id":"846996","latitude":"42.08250000","longitude":"42.74527780","name":"Kirovi"},{"id":"847151","latitude":"42.01277780","longitude":"42.84277780","name":"Korishi"},{"id":"847231","latitude":"42.91722220","longitude":"42.19972220","name":"Kueda-Vedi"},{"id":"847409","latitude":"42.91722220","longitude":"42.19972220","name":"K'veda Vedi"},{"id":"847410","latitude":"42.05250000","longitude":"42.88777780","name":"K'veda Zegani"},{"id":"847648","latitude":"42.93333330","longitude":"42.16666670","name":"Lalkhora"},{"id":"847732","latitude":"42.93333330","longitude":"42.16666670","name":"Lekhera"},{"id":"848022","latitude":"42.08472220","longitude":"42.82500000","name":"Mayakovski"},{"id":"848023","latitude":"42.08472220","longitude":"42.82500000","name":"Mayakovskiy"},{"id":"848038","latitude":"42.08472220","longitude":"42.82500000","name":"Mbagdat"},{"id":"848096","latitude":"42.08861110","longitude":"42.87833330","name":"Meore Obch'a"},{"id":"848521","latitude":"42.02111110","longitude":"42.95055560","name":"Nebiyereti"},{"id":"848529","latitude":"42.06222220","longitude":"42.83500000","name":"Nerget'i"},{"id":"848530","latitude":"42.06222220","longitude":"42.83500000","name":"Nergeyeti"},{"id":"848700","latitude":"42.08333330","longitude":"42.90000000","name":"Obcha"},{"id":"848701","latitude":"42.09833330","longitude":"42.85777780","name":"Obcha Pervaya"},{"id":"848702","latitude":"42.08861110","longitude":"42.87833330","name":"Obcha Vtoraya"},{"id":"848724","latitude":"42.91722220","longitude":"42.19972220","name":"Odzhi"},{"id":"848772","latitude":"42.13833330","longitude":"42.76361110","name":"Oldveta"},{"id":"849036","latitude":"42.08444440","longitude":"42.80472220","name":"P'ersat'i"},{"id":"849080","latitude":"42.09833330","longitude":"42.85777780","name":"Pirveli Obch'a"},{"id":"849262","latitude":"42.11083330","longitude":"42.72694440","name":"Rokhi"},{"id":"849264","latitude":"42.12416670","longitude":"42.79333330","name":"Rokit'i"},{"id":"849381","latitude":"42.13666670","longitude":"42.78277780","name":"Saimedo"},{"id":"849383","latitude":"41.90527780","longitude":"42.75083330","name":"Sairme"},{"id":"849438","latitude":"42.03416670","longitude":"42.99166670","name":"Sakraula"},{"id":"849440","latitude":"42.03416670","longitude":"42.99166670","name":"Sakreula"},{"id":"849802","latitude":"42.05000000","longitude":"42.80000000","name":"Shubani"},{"id":"850286","latitude":"42.01666670","longitude":"42.80777780","name":"Tsablares Khevi"},{"id":"850424","latitude":"42.05027780","longitude":"42.95083330","name":"Tsip'a"},{"id":"850455","latitude":"42.08944440","longitude":"42.77888890","name":"Tsit'elkhevi"},{"id":"850480","latitude":"42.01861110","longitude":"42.83611110","name":"Tskahashua"},{"id":"850485","latitude":"42.01861110","longitude":"42.83611110","name":"Tskalt'ashua"},{"id":"850811","latitude":"42.14138890","longitude":"42.72083330","name":"Varts'ikhe"},{"id":"851086","latitude":"42.06722220","longitude":"42.84555560","name":"Zeda Dimi"},{"id":"851140","latitude":"42.04111110","longitude":"42.92500000","name":"Zeda Zegani"},{"id":"851160","latitude":"41.96666670","longitude":"42.90000000","name":"Zekari"}]