[{"id":"844396","latitude":"42.07250000","longitude":"45.50361110","name":"Art'ana"},{"id":"845688","latitude":"42.05805560","longitude":"45.48388890","name":"Dzhugaani"},{"id":"846228","latitude":"41.96888890","longitude":"45.47527780","name":"Gulgula"},{"id":"846468","latitude":"42.05805560","longitude":"45.48388890","name":"Jugaani"},{"id":"846561","latitude":"41.96666670","longitude":"45.45055560","name":"Karadzhala"},{"id":"846568","latitude":"41.96666670","longitude":"45.45055560","name":"Karajala"},{"id":"847257","latitude":"41.92583330","longitude":"45.49500000","name":"Kurdgelauri"},{"id":"847258","latitude":"41.92583330","longitude":"45.49500000","name":"Kurdghelauri"},{"id":"847646","latitude":"42.07250000","longitude":"45.42083330","name":"Laliskuri"},{"id":"847647","latitude":"42.07250000","longitude":"45.42083330","name":"Lalisquri"},{"id":"847664","latitude":"42.06194440","longitude":"45.59111110","name":"Lapan-Kure"},{"id":"847665","latitude":"42.06194440","longitude":"45.59111110","name":"Lapankuri"},{"id":"847666","latitude":"42.06194440","longitude":"45.59111110","name":"Lap'anquri"},{"id":"847667","latitude":"42.06194440","longitude":"45.59111110","name":"Lapatskuri"},{"id":"847709","latitude":"42.13972220","longitude":"45.41638890","name":"Lech'uri"},{"id":"848471","latitude":"42.04583330","longitude":"45.50305560","name":"Nap'areuli"},{"id":"848927","latitude":"42.03500000","longitude":"45.42666670","name":"(( Parekhi ))"},{"id":"849162","latitude":"42.08388890","longitude":"45.44250000","name":"P'shaveli"},{"id":"849189","latitude":"41.96666670","longitude":"45.45055560","name":"Qarajala"},{"id":"849513","latitude":"42.05000000","longitude":"45.49166670","name":"Saniore"},{"id":"850093","latitude":"41.91944440","longitude":"45.48527780","name":"T'elavi"},{"id":"850094","latitude":"41.91944440","longitude":"45.48527780","name":"Telav"},{"id":"850095","latitude":"41.91944440","longitude":"45.48527780","name":"Telawi"},{"id":"850098","latitude":"41.91944440","longitude":"45.48527780","name":"Telev"}]