[{"id":"112464","latitude":"47.51777780","longitude":"9.86500000","name":"Ach"},{"id":"112524","latitude":"47.51666670","longitude":"9.81666670","name":"Ahornach"},{"id":"112582","latitude":"47.53472220","longitude":"9.74888890","name":"Alberloch"},{"id":"112658","latitude":"47.35000000","longitude":"9.65000000","name":"Altach"},{"id":"112704","latitude":"47.25000000","longitude":"9.61666670","name":"Altenstadt"},{"id":"112748","latitude":"47.51083330","longitude":"9.76472220","name":"Altreute"},{"id":"112760","latitude":"47.41805560","longitude":"9.98416670","name":"Amagmach"},{"id":"112779","latitude":"47.20833330","longitude":"9.60861110","name":"Amerl\u00fcgen"},{"id":"112792","latitude":"47.21666670","longitude":"9.60000000","name":"Ammerl\u00fcgen"},{"id":"112806","latitude":"47.52472220","longitude":"9.75277780","name":"Am Stein"},{"id":"112811","latitude":"47.51611110","longitude":"9.76444440","name":"Am V\u00f6gel"},{"id":"112824","latitude":"47.56666670","longitude":"9.78305560","name":"Andreute"},{"id":"112890","latitude":"47.31944440","longitude":"9.98500000","name":"Argen"},{"id":"112891","latitude":"47.31944440","longitude":"9.98500000","name":"Argenau"},{"id":"112892","latitude":"47.31833330","longitude":"9.96777780","name":"Argenzipfel"},{"id":"113016","latitude":"47.31666670","longitude":"9.60000000","name":"Au"},{"id":"113032","latitude":"47.51277780","longitude":"9.97416670","name":"Auen"},{"id":"113070","latitude":"47.15000000","longitude":"9.88333330","name":"Ausserbraz"},{"id":"113081","latitude":"47.00000000","longitude":"9.95000000","name":"Aussergampabing"},{"id":"113082","latitude":"46.98333330","longitude":"10.01666670","name":"Aussergosta"},{"id":"113083","latitude":"46.98333330","longitude":"10.01666670","name":"Aussergosten"},{"id":"113097","latitude":"47.36777780","longitude":"10.18805560","name":"Ausserschwende"},{"id":"113098","latitude":"47.01666670","longitude":"9.96666670","name":"Aussersiggam"},{"id":"113107","latitude":"47.13333330","longitude":"10.03333330","name":"Ausser Wald am Arlberg"},{"id":"113109","latitude":"47.13333330","longitude":"10.03333330","name":"Ausserwald"},{"id":"113123","latitude":"47.31666670","longitude":"10.11666670","name":"Baad"},{"id":"113132","latitude":"47.50666670","longitude":"9.96666670","name":"Bach"},{"id":"113148","latitude":"47.55000000","longitude":"9.76666670","name":"Backenreute"},{"id":"113210","latitude":"47.26666670","longitude":"9.53305560","name":"Bangs"},{"id":"113230","latitude":"47.08333330","longitude":"9.90000000","name":"Bartholom\u00e4berg"},{"id":"113234","latitude":"47.21666670","longitude":"9.75000000","name":"Bassing"},{"id":"113235","latitude":"47.28305560","longitude":"9.65000000","name":"Batschuns"},{"id":"113239","latitude":"47.35000000","longitude":"9.66666670","name":"Bauern"},{"id":"113240","latitude":"47.35000000","longitude":"9.66666670","name":"Bauern-Wasen"},{"id":"113260","latitude":"47.53333330","longitude":"9.73333330","name":"B\u00e4umle"},{"id":"113286","latitude":"47.33305560","longitude":"9.66666670","name":"Berg"},{"id":"113324","latitude":"47.40166670","longitude":"9.86555560","name":"Bersbuch"},{"id":"113326","latitude":"47.18305560","longitude":"9.68305560","name":"Beschling"},{"id":"113329","latitude":"47.38500000","longitude":"9.90166670","name":"Bezau"},{"id":"113360","latitude":"47.45000000","longitude":"9.76666670","name":"Bildstein"},{"id":"113363","latitude":"47.14972220","longitude":"9.85000000","name":"Bings"},{"id":"113369","latitude":"47.46666670","longitude":"9.65000000","name":"Birkenfeld"},{"id":"113391","latitude":"47.05000000","longitude":"9.90000000","name":"Bitschweil"},{"id":"113393","latitude":"47.36888890","longitude":"9.92333330","name":"Bizau"},{"id":"113421","latitude":"47.21666670","longitude":"9.81666670","name":"Blons"},{"id":"113423","latitude":"47.14972220","longitude":"9.81666670","name":"Bludenz"},{"id":"113424","latitude":"47.20000000","longitude":"9.73305560","name":"Bludesch"},{"id":"113446","latitude":"47.26111110","longitude":"10.08111110","name":"Boden"},{"id":"113450","latitude":"47.23333330","longitude":"9.90000000","name":"Boden-Flecken"},{"id":"113457","latitude":"46.96666670","longitude":"10.03333330","name":"Bofa"},{"id":"113458","latitude":"46.96666670","longitude":"10.03333330","name":"Bofen"},{"id":"113472","latitude":"47.26666670","longitude":"9.73305560","name":"Bonacker"},{"id":"113480","latitude":"46.96666670","longitude":"10.03333330","name":"Boven"},{"id":"113492","latitude":"47.10083330","longitude":"9.73722220","name":"Brand"},{"id":"113511","latitude":"47.54833330","longitude":"9.75638890","name":"Brantmann"},{"id":"113524","latitude":"47.28305560","longitude":"9.61666670","name":"Brederis"},{"id":"113527","latitude":"47.50000000","longitude":"9.76666670","name":"Bregenz"},{"id":"113574","latitude":"47.52444440","longitude":"9.92000000","name":"Brenner"},{"id":"113592","latitude":"47.42472220","longitude":"9.84444440","name":"Brittenberg"},{"id":"113593","latitude":"47.50000000","longitude":"9.78305560","name":"Brittenh\u00fctten"},{"id":"113601","latitude":"47.51083330","longitude":"9.91361110","name":"Br\u00f6gen"},{"id":"113627","latitude":"47.52472220","longitude":"9.90194440","name":"Brucktobel"},{"id":"113636","latitude":"47.45000000","longitude":"9.66666670","name":"Brugg"},{"id":"113656","latitude":"47.51111110","longitude":"9.93027780","name":"Brunnenau"},{"id":"113657","latitude":"47.13305560","longitude":"9.83305560","name":"Brunnenfeld"},{"id":"113674","latitude":"47.58305560","longitude":"9.81666670","name":"Buchans"},{"id":"113691","latitude":"47.25000000","longitude":"9.95000000","name":"Buchboden"},{"id":"113698","latitude":"47.28305560","longitude":"9.68305560","name":"Buchebrunnen"},{"id":"113701","latitude":"47.28305560","longitude":"9.68305560","name":"Buchelbrunnen"},{"id":"113703","latitude":"47.27944440","longitude":"9.54500000","name":"B\u00fcchel"},{"id":"113705","latitude":"47.51666670","longitude":"9.76666670","name":"Buchenberg"},{"id":"113707","latitude":"47.08333330","longitude":"10.00000000","name":"Buchen"},{"id":"113714","latitude":"47.58305560","longitude":"9.81666670","name":"Buchhanns"},{"id":"113726","latitude":"47.40472220","longitude":"9.88416670","name":"B\u00fchel"},{"id":"113756","latitude":"47.14972220","longitude":"9.80000000","name":"B\u00fcrs"},{"id":"113780","latitude":"47.29972220","longitude":"9.68305560","name":"Dafins"},{"id":"113782","latitude":"47.11666670","longitude":"9.98333330","name":"Dalaas"},{"id":"113904","latitude":"47.56666670","longitude":"9.75000000","name":"Diezlings"},{"id":"113986","latitude":"47.49277780","longitude":"9.87972220","name":"Doren"},{"id":"113997","latitude":"47.42666670","longitude":"10.03805560","name":"Dorf"},{"id":"114015","latitude":"47.06666670","longitude":"9.91666670","name":"D\u00f6rfle"},{"id":"114037","latitude":"47.41666670","longitude":"9.73305560","name":"Dornbirn"},{"id":"114103","latitude":"47.23305560","longitude":"9.63305560","name":"Dums"},{"id":"114105","latitude":"47.21666670","longitude":"9.71666670","name":"D\u00fcns"},{"id":"114121","latitude":"47.31666670","longitude":"9.61666670","name":"D\u00fcrne"},{"id":"114193","latitude":"47.53305560","longitude":"9.77083330","name":"Ebnet"},{"id":"114194","latitude":"47.35000000","longitude":"9.75000000","name":"Ebnit"},{"id":"114270","latitude":"47.41583330","longitude":"9.99833330","name":"Eggatsberg"},{"id":"114271","latitude":"47.41583330","longitude":"9.99833330","name":"Eggatsbergvors\u00e4\u00df"},{"id":"114277","latitude":"47.43194440","longitude":"9.89555560","name":"Egg"},{"id":"114305","latitude":"47.53305560","longitude":"9.76222220","name":"Eglisberg"},{"id":"114338","latitude":"47.53333330","longitude":"9.78333330","name":"Eichenberg"},{"id":"114355","latitude":"47.53361110","longitude":"9.90388890","name":"Eientobel"},{"id":"114415","latitude":"47.37777780","longitude":"9.89500000","name":"Ellenbogen"},{"id":"114426","latitude":"47.50166670","longitude":"9.97750000","name":"Elmauen"},{"id":"114526","latitude":"47.53333330","longitude":"9.78333330","name":"Eplisgehr"},{"id":"114577","latitude":"47.51250000","longitude":"9.87138890","name":"Eschau"},{"id":"114586","latitude":"47.57138890","longitude":"9.79527780","name":"Essenreute"},{"id":"114631","latitude":"47.41583330","longitude":"9.89055560","name":"Fahl"},{"id":"114652","latitude":"47.44333330","longitude":"9.94805560","name":"Fallenbach"},{"id":"114653","latitude":"47.53027780","longitude":"9.77277780","name":"Fallenberg"},{"id":"114661","latitude":"47.51138890","longitude":"9.89861110","name":"Falz"},{"id":"114679","latitude":"47.52805560","longitude":"9.89555560","name":"Fehren am Hinterberg"},{"id":"114736","latitude":"47.23305560","longitude":"9.60000000","name":"Feldkirch"},{"id":"114745","latitude":"47.21666670","longitude":"9.60000000","name":"Fellengatter"},{"id":"114772","latitude":"47.51666670","longitude":"9.83305560","name":"Fesslerberg"},{"id":"114773","latitude":"47.51666670","longitude":"9.83305560","name":"Fe\u00dflerberg"},{"id":"114774","latitude":"47.51666670","longitude":"9.83305560","name":"Fesslersberg"},{"id":"114775","latitude":"47.57444440","longitude":"9.77194440","name":"Fe\u00dflers"},{"id":"114799","latitude":"47.56666670","longitude":"9.78333330","name":"Finken"},{"id":"114812","latitude":"47.51666670","longitude":"9.85000000","name":"Fischanger"},{"id":"114848","latitude":"47.23333330","longitude":"9.90000000","name":"Flecken"},{"id":"114867","latitude":"47.50000000","longitude":"9.76666670","name":"Fluh"},{"id":"114868","latitude":"47.51666670","longitude":"9.76666670","name":"Fl\u00fchlen"},{"id":"114907","latitude":"47.51750000","longitude":"9.86944440","name":"F\u00f6tschern"},{"id":"114959","latitude":"47.31666670","longitude":"9.66666670","name":"Fraxern"},{"id":"114985","latitude":"47.25000000","longitude":"9.56666670","name":"Fresch"},{"id":"115047","latitude":"47.20000000","longitude":"9.68305560","name":"Frommeng\u00e4rsch"},{"id":"115048","latitude":"47.20000000","longitude":"9.68305560","name":"Frommengersch"},{"id":"115050","latitude":"47.53333330","longitude":"9.75000000","name":"Fronhofen"},{"id":"115118","latitude":"47.48305560","longitude":"9.66666670","name":"Fussach"},{"id":"115119","latitude":"47.48305560","longitude":"9.66666670","name":"Fu\u00dfach"},{"id":"115152","latitude":"47.19611110","longitude":"9.71222220","name":"Gais"},{"id":"115160","latitude":"47.46666670","longitude":"9.60000000","name":"Gaissau"},{"id":"115161","latitude":"47.46666670","longitude":"9.60000000","name":"Gai\u00dfau"},{"id":"115170","latitude":"47.01666670","longitude":"9.95000000","name":"Galgenul"},{"id":"115171","latitude":"47.11666670","longitude":"9.75000000","name":"Gallaferden"},{"id":"115172","latitude":"47.11666670","longitude":"9.75000000","name":"Gallaverda"},{"id":"115179","latitude":"47.21666670","longitude":"9.58305560","name":"Gallmist"},{"id":"115184","latitude":"47.21666670","longitude":"9.58305560","name":"Galmist"},{"id":"115194","latitude":"47.18888890","longitude":"9.65722220","name":"Gampel\u00fcn"},{"id":"115203","latitude":"47.08333330","longitude":"9.96666670","name":"Ganl\u00e4tsch"},{"id":"115210","latitude":"47.13333330","longitude":"9.98333330","name":"Ganteck"},{"id":"115211","latitude":"47.13333330","longitude":"9.98333330","name":"Gantegg"},{"id":"115213","latitude":"47.08333330","longitude":"9.88333330","name":"Gantschier"},{"id":"115220","latitude":"47.13333330","longitude":"9.91666670","name":"Garatz"},{"id":"115222","latitude":"46.96666670","longitude":"9.93333330","name":"Gargellen"},{"id":"115223","latitude":"47.25027780","longitude":"9.92194440","name":"Garlitt"},{"id":"115237","latitude":"46.98333330","longitude":"10.03333330","name":"Gaschurn"},{"id":"115299","latitude":"47.55000000","longitude":"9.80000000","name":"Geigers"},{"id":"115361","latitude":"47.51666670","longitude":"9.81666670","name":"Geserberg"},{"id":"115380","latitude":"47.26666670","longitude":"9.60000000","name":"Giesingen"},{"id":"115389","latitude":"47.55027780","longitude":"9.76111110","name":"Giggelstein"},{"id":"115412","latitude":"47.26666670","longitude":"9.60000000","name":"Gisingen"},{"id":"115415","latitude":"47.53250000","longitude":"9.94861110","name":"Glafberg"},{"id":"115461","latitude":"47.58333330","longitude":"9.78333330","name":"Glend"},{"id":"115483","latitude":"47.52694440","longitude":"9.92750000","name":"Gmeind"},{"id":"115493","latitude":"47.59472220","longitude":"9.77694440","name":"Gm\u00fcnd"},{"id":"115527","latitude":"47.23305560","longitude":"9.63305560","name":"G\u00f6fis"},{"id":"115534","latitude":"47.58333330","longitude":"9.80000000","name":"G\u00f6hren"},{"id":"115589","latitude":"47.00000000","longitude":"10.00000000","name":"Gortipohl"},{"id":"115590","latitude":"47.03333330","longitude":"9.93333330","name":"Gortniel"},{"id":"115650","latitude":"47.33305560","longitude":"9.63305560","name":"G\u00f6tzis"},{"id":"115653","latitude":"47.33305560","longitude":"9.66666670","name":"G\u00f6tznerberg"},{"id":"115728","latitude":"47.30861110","longitude":"10.00611110","name":"Gr\u00e4salp"},{"id":"115739","latitude":"47.51666670","longitude":"9.80000000","name":"Grasreute"},{"id":"115845","latitude":"47.43361110","longitude":"9.91527780","name":"Gro\u00dfdorf"},{"id":"115861","latitude":"47.55666670","longitude":"9.78944440","name":"Gro\u00dfen"},{"id":"115930","latitude":"47.41388890","longitude":"9.90750000","name":"Gro\u00dfmoos"},{"id":"116061","latitude":"47.51666670","longitude":"9.76666670","name":"Gr\u00fcnegger"},{"id":"116098","latitude":"47.52750000","longitude":"9.94444440","name":"Gschwendele"},{"id":"116100","latitude":"47.53583330","longitude":"9.89750000","name":"Gschwend"},{"id":"116119","latitude":"46.96666670","longitude":"10.06666670","name":"Gufelgut"},{"id":"116137","latitude":"47.53000000","longitude":"9.96388890","name":"Gullenbach"},{"id":"116187","latitude":"47.20000000","longitude":"9.63305560","name":"Gurtis"},{"id":"116209","latitude":"47.38305560","longitude":"9.76666670","name":"G\u00fctle"},{"id":"116225","latitude":"47.56666670","longitude":"9.76666670","name":"Gwiggen"},{"id":"116296","latitude":"47.53333330","longitude":"9.88333330","name":"Hagen"},{"id":"116374","latitude":"47.50083330","longitude":"9.88750000","name":"Halden"},{"id":"116376","latitude":"47.50111110","longitude":"9.80777780","name":"H\u00e4lin"},{"id":"116414","latitude":"47.56666670","longitude":"9.78305560","name":"Handreute"},{"id":"116431","latitude":"47.48305560","longitude":"9.68305560","name":"Hard"},{"id":"116504","latitude":"47.43305560","longitude":"9.75000000","name":"Haselstauden"},{"id":"116515","latitude":"47.50583330","longitude":"9.93666670","name":"Hasen"},{"id":"116523","latitude":"47.58361110","longitude":"9.77277780","name":"Haslach"},{"id":"116540","latitude":"47.39972220","longitude":"9.73305560","name":"Hatlerdorf"},{"id":"116588","latitude":"47.52583330","longitude":"9.75638890","name":"Hausreute"},{"id":"116597","latitude":"47.53055560","longitude":"9.83833330","name":"Hegisberg"},{"id":"116682","latitude":"47.52333330","longitude":"9.94222220","name":"Hermannsberg"},{"id":"116684","latitude":"47.52055560","longitude":"9.95083330","name":"Hermannshansen"},{"id":"116767","latitude":"47.53333330","longitude":"9.80000000","name":"Hinteregg"},{"id":"116790","latitude":"47.50000000","longitude":"9.78305560","name":"Hintermoos"},{"id":"116796","latitude":"47.36666670","longitude":"9.88333330","name":"Hinterreuthe"},{"id":"116844","latitude":"47.35111110","longitude":"9.91722220","name":"Hirschau"},{"id":"116848","latitude":"47.53333330","longitude":"9.85000000","name":"Hirschbergsau"},{"id":"116852","latitude":"47.33333330","longitude":"10.16666670","name":"Hirschegg"},{"id":"116861","latitude":"47.35361110","longitude":"9.88805560","name":"Hirschlitten"},{"id":"116911","latitude":"47.26666670","longitude":"10.13333330","name":"Hochkrumbach"},{"id":"116918","latitude":"47.50750000","longitude":"9.97805560","name":"Hochlitten"},{"id":"116933","latitude":"47.46666670","longitude":"9.63305560","name":"H\u00f6chst"},{"id":"116959","latitude":"47.03333330","longitude":"9.93333330","name":"Hofen"},{"id":"116974","latitude":"47.03333330","longitude":"9.93333330","name":"Hof"},{"id":"116986","latitude":"47.31666670","longitude":"10.16666670","name":"H\u00f6fle"},{"id":"116994","latitude":"47.56000000","longitude":"9.78833330","name":"H\u00f6flings"},{"id":"117032","latitude":"47.36666670","longitude":"9.68305560","name":"Hohenems"},{"id":"117050","latitude":"47.58333330","longitude":"9.78333330","name":"Hohenweiler"},{"id":"117116","latitude":"47.51444440","longitude":"9.88111110","name":"Hompmann"},{"id":"117134","latitude":"47.55000000","longitude":"9.75000000","name":"H\u00f6rbranz"},{"id":"117190","latitude":"47.23305560","longitude":"9.55000000","name":"Hub"},{"id":"117229","latitude":"47.53055560","longitude":"9.91055560","name":"H\u00fcttenb\u00fchl"},{"id":"117235","latitude":"47.50888890","longitude":"9.98222220","name":"H\u00fctten"},{"id":"117295","latitude":"47.10000000","longitude":"9.95000000","name":"Innerbartholom\u00e4berg"},{"id":"117297","latitude":"47.10000000","longitude":"9.95000000","name":"Innerberg"},{"id":"117298","latitude":"47.08333330","longitude":"9.88333330","name":"Innerb\u00f6den"},{"id":"117299","latitude":"47.15000000","longitude":"9.91666670","name":"Innerbraz"},{"id":"117315","latitude":"46.98333330","longitude":"10.01666670","name":"Innergosta"},{"id":"117316","latitude":"46.98333330","longitude":"10.01666670","name":"Innergosten"},{"id":"117323","latitude":"47.25000000","longitude":"9.73305560","name":"Innerlaterns"},{"id":"117334","latitude":"47.36777780","longitude":"10.18805560","name":"Innerschwende"},{"id":"117341","latitude":"47.13333330","longitude":"10.03333330","name":"Inner Wald am Arlberg"},{"id":"117343","latitude":"47.13333330","longitude":"10.03333330","name":"Innerwald"},{"id":"117388","latitude":"47.42944440","longitude":"9.95083330","name":"Ittensberg"},{"id":"117452","latitude":"47.10000000","longitude":"9.86666670","name":"Jetzmund"},{"id":"117488","latitude":"47.52777780","longitude":"9.77777780","name":"Juggen"},{"id":"117496","latitude":"47.53333330","longitude":"9.80000000","name":"Jungholz"},{"id":"117631","latitude":"47.57611110","longitude":"9.79500000","name":"Kapf"},{"id":"117717","latitude":"47.39972220","longitude":"9.78305560","name":"Kehlegg"},{"id":"117746","latitude":"47.48305560","longitude":"9.76666670","name":"Kennelbach"},{"id":"117845","latitude":"47.46666670","longitude":"9.75000000","name":"Kirchdorf"},{"id":"117846","latitude":"47.33333330","longitude":"10.16666670","name":"Kirche"},{"id":"117910","latitude":"47.51916670","longitude":"9.75250000","name":"Klausberg"},{"id":"117920","latitude":"47.31666670","longitude":"9.65000000","name":"Klaus"},{"id":"117921","latitude":"47.51305560","longitude":"9.75333330","name":"Klausm\u00fchle"},{"id":"118136","latitude":"47.13333330","longitude":"10.08333330","name":"Kl\u00f6sterle"},{"id":"118167","latitude":"47.33305560","longitude":"9.60000000","name":"Koblach"},{"id":"118451","latitude":"47.10000000","longitude":"9.98333330","name":"Kristberg"},{"id":"118521","latitude":"47.48305560","longitude":"9.93583330","name":"Krumbach"},{"id":"118549","latitude":"47.53361110","longitude":"9.87944440","name":"Kuhn"},{"id":"118707","latitude":"47.52194440","longitude":"9.92388890","name":"Landrat"},{"id":"118713","latitude":"47.06666670","longitude":"9.88333330","name":"Landschau"},{"id":"118736","latitude":"47.13333330","longitude":"10.11666670","name":"Langen am Arlberg"},{"id":"118739","latitude":"47.13333330","longitude":"10.11666670","name":"Langen"},{"id":"118754","latitude":"47.49972220","longitude":"9.95750000","name":"L\u00e4ngern"},{"id":"118769","latitude":"47.53027780","longitude":"9.88833330","name":"Langstein"},{"id":"118820","latitude":"47.26666670","longitude":"9.70000000","name":"Laterns"},{"id":"118823","latitude":"47.06666670","longitude":"9.88333330","name":"Latschau"},{"id":"118828","latitude":"47.18333330","longitude":"9.65000000","name":"Latz"},{"id":"118843","latitude":"47.48305560","longitude":"9.73305560","name":"Lauterach"},{"id":"118862","latitude":"47.20000000","longitude":"10.15000000","name":"Lech"},{"id":"118885","latitude":"47.53333330","longitude":"9.73333330","name":"Leiblach"},{"id":"118957","latitude":"47.55972220","longitude":"9.76027780","name":"Leonhards"},{"id":"118982","latitude":"47.58333330","longitude":"9.80000000","name":"Lerschen"},{"id":"119000","latitude":"47.58333330","longitude":"9.76666670","name":"Leutenhofen"},{"id":"119005","latitude":"47.25000000","longitude":"9.60000000","name":"Levis"},{"id":"119094","latitude":"47.53000000","longitude":"9.93583330","name":"Lindengschwend"},{"id":"119153","latitude":"47.53333330","longitude":"9.75000000","name":"Lochau"},{"id":"119158","latitude":"47.40583330","longitude":"9.85055560","name":"Loch"},{"id":"119172","latitude":"47.51361110","longitude":"9.77222220","name":"Lohorn"},{"id":"119223","latitude":"47.13305560","longitude":"9.85000000","name":"Lor\u00fcns"},{"id":"119241","latitude":"47.20000000","longitude":"9.81666670","name":"Ludescherberg"},{"id":"119242","latitude":"47.20000000","longitude":"9.78305560","name":"Ludesch"},{"id":"119275","latitude":"47.43305560","longitude":"9.65000000","name":"Lustenau"},{"id":"119277","latitude":"47.55000000","longitude":"9.78333330","name":"Lutzenreute"},{"id":"119286","latitude":"47.35000000","longitude":"9.61666670","name":"M\u00e4der"},{"id":"119401","latitude":"47.06666670","longitude":"9.86666670","name":"Mantschwitz"},{"id":"119460","latitude":"47.13333330","longitude":"9.98333330","name":"Marias"},{"id":"119501","latitude":"47.20000000","longitude":"9.86666670","name":"Marul"},{"id":"119513","latitude":"47.14972220","longitude":"9.76666670","name":"Matin"},{"id":"119521","latitude":"47.06666670","longitude":"9.86666670","name":"Matschwitz"},{"id":"119622","latitude":"47.29972220","longitude":"9.58305560","name":"Meiningen"},{"id":"119628","latitude":"47.42083330","longitude":"9.89194440","name":"Meisten"},{"id":"119646","latitude":"47.33305560","longitude":"9.66666670","name":"Meschach"},{"id":"119742","latitude":"47.20000000","longitude":"9.65000000","name":"Mittelberg"},{"id":"119888","latitude":"47.56666670","longitude":"9.81666670","name":"M\u00f6ggers"},{"id":"119953","latitude":"47.51583330","longitude":"9.78472220","name":"Moos"},{"id":"119998","latitude":"47.20000000","longitude":"9.65000000","name":"Motten"},{"id":"120039","latitude":"47.39972220","longitude":"9.73305560","name":"M\u00fchlebach"},{"id":"120065","latitude":"47.52444440","longitude":"9.86916670","name":"M\u00fchlstatt"},{"id":"120098","latitude":"47.28305560","longitude":"9.66666670","name":"Muntlix"},{"id":"120127","latitude":"47.45000000","longitude":"9.88333330","name":"M\u00fcselbach"},{"id":"120135","latitude":"47.11666670","longitude":"9.98333330","name":"Mutten"},{"id":"120138","latitude":"47.18305560","longitude":"9.83305560","name":"Muttersberg"},{"id":"120195","latitude":"47.18305560","longitude":"9.70000000","name":"Nenzing"},{"id":"120219","latitude":"47.01666670","longitude":"9.95000000","name":"Neuberg"},{"id":"120221","latitude":"47.34583330","longitude":"9.60944440","name":"Neuburg"},{"id":"120531","latitude":"47.25000000","longitude":"9.56666670","name":"Nofels"},{"id":"120587","latitude":"47.16666670","longitude":"9.80000000","name":"N\u00fcziders"},{"id":"120652","latitude":"47.46666670","longitude":"9.80000000","name":"Oberbildstein"},{"id":"120655","latitude":"47.26666670","longitude":"10.08333330","name":"Oberboden"},{"id":"120674","latitude":"47.28333330","longitude":"9.86666670","name":"Oberdam\u00fcls"},{"id":"120691","latitude":"47.39972220","longitude":"9.75000000","name":"Oberdorf"},{"id":"120696","latitude":"47.54083330","longitude":"9.88555560","name":"Oberdreienau"},{"id":"120835","latitude":"47.52972220","longitude":"9.89944440","name":"Oberhaus"},{"id":"120885","latitude":"47.38305560","longitude":"9.71666670","name":"Oberklein"},{"id":"120887","latitude":"47.51777780","longitude":"9.90694440","name":"Oberk\u00f6hler"},{"id":"120914","latitude":"47.45000000","longitude":"9.90000000","name":"Oberlangenegg"},{"id":"120923","latitude":"47.21666670","longitude":"10.13333330","name":"Oberlech"},{"id":"121022","latitude":"47.50861110","longitude":"9.90972220","name":"Ober"},{"id":"121209","latitude":"46.91666670","longitude":"10.08333330","name":"Obervermunt"},{"id":"121245","latitude":"47.36555560","longitude":"10.19944440","name":"Oberwestegg"},{"id":"121488","latitude":"46.96666670","longitude":"10.05000000","name":"Partenen"},{"id":"121491","latitude":"46.96666670","longitude":"10.05000000","name":"Parthenen"},{"id":"121492","latitude":"46.96666670","longitude":"10.05000000","name":"Parthennen"},{"id":"121498","latitude":"47.28472220","longitude":"9.58972220","name":"Paspels"},{"id":"121694","latitude":"46.98333330","longitude":"10.01666670","name":"Pfanges"},{"id":"121711","latitude":"47.25000000","longitude":"9.65000000","name":"Pfitz"},{"id":"121872","latitude":"47.35000000","longitude":"9.88333330","name":"Platz"},{"id":"122309","latitude":"47.21666670","longitude":"9.83305560","name":"Raggal"},{"id":"122328","latitude":"47.26666670","longitude":"9.66666670","name":"Rainberg"},{"id":"122365","latitude":"47.56666670","longitude":"9.80000000","name":"Ramsach"},{"id":"122388","latitude":"47.28305560","longitude":"9.65000000","name":"Rankweil"},{"id":"122509","latitude":"47.41777780","longitude":"10.01138890","name":"Rehenberg"},{"id":"122510","latitude":"47.41777780","longitude":"10.01138890","name":"Rehenbergvors\u00e4\u00df"},{"id":"122513","latitude":"47.32194440","longitude":"9.99750000","name":"Rehmen"},{"id":"122517","latitude":"47.50000000","longitude":"9.81666670","name":"Reicharten"},{"id":"122570","latitude":"47.26666670","longitude":"9.66666670","name":"Reinberg"},{"id":"122598","latitude":"47.57861110","longitude":"9.76222220","name":"Reisach"},{"id":"122645","latitude":"47.57416670","longitude":"9.76611110","name":"Reitmoos"},{"id":"122689","latitude":"47.37333330","longitude":"9.70444440","name":"Reute"},{"id":"122690","latitude":"47.36666670","longitude":"9.70000000","name":"Reute-Tugstein"},{"id":"122691","latitude":"47.36944440","longitude":"9.89361110","name":"Reuthe"},{"id":"122696","latitude":"47.43305560","longitude":"9.65000000","name":"Rheindorf"},{"id":"122698","latitude":"47.46666670","longitude":"9.75000000","name":"Rickenbach"},{"id":"122706","latitude":"47.48305560","longitude":"9.73305560","name":"Rieden Ortsteil"},{"id":"122708","latitude":"47.48305560","longitude":"9.73305560","name":"Rieden"},{"id":"122710","latitude":"47.49750000","longitude":"9.71333330","name":"Rieden-Vorkloster"},{"id":"122734","latitude":"47.55722220","longitude":"9.80305560","name":"Ried"},{"id":"122736","latitude":"47.50000000","longitude":"9.96666670","name":"Riefensberg"},{"id":"122754","latitude":"47.51027780","longitude":"9.77166670","name":"Riese"},{"id":"122757","latitude":"47.50000000","longitude":"9.81666670","name":"Rietern"},{"id":"122759","latitude":"47.35000000","longitude":"10.18333330","name":"Rietzlern"},{"id":"122762","latitude":"47.35000000","longitude":"10.18333330","name":"Riezlern"},{"id":"122763","latitude":"46.96666670","longitude":"10.03333330","name":"Rifa"},{"id":"122765","latitude":"46.96666670","longitude":"10.03333330","name":"Rifen"},{"id":"122768","latitude":"47.41861110","longitude":"10.05805560","name":"Rindberg"},{"id":"122773","latitude":"47.50944440","longitude":"9.79027780","name":"Ringelberg"},{"id":"122825","latitude":"47.08333330","longitude":"9.88333330","name":"Rodund"},{"id":"122892","latitude":"47.21666670","longitude":"9.70000000","name":"R\u00f6ns"},{"id":"122944","latitude":"47.50000000","longitude":"9.86666670","name":"Rotach"},{"id":"122950","latitude":"47.50000000","longitude":"9.86666670","name":"Rothach"},{"id":"122965","latitude":"47.29972220","longitude":"9.65000000","name":"R\u00f6this"},{"id":"123002","latitude":"47.56666670","longitude":"9.80000000","name":"Rucksteig"},{"id":"123014","latitude":"47.54250000","longitude":"9.77527780","name":"Ruggburg"},{"id":"123030","latitude":"47.14972220","longitude":"9.83305560","name":"Rungelin"},{"id":"123169","latitude":"47.11666670","longitude":"9.86666670","name":"Sankt Anton im Montafon"},{"id":"123173","latitude":"47.11666670","longitude":"9.86666670","name":"Sankt Anton"},{"id":"123205","latitude":"47.01666670","longitude":"9.96666670","name":"Sankt Gallenkirch"},{"id":"123393","latitude":"47.31944440","longitude":"9.98500000","name":"Sankt Maria"},{"id":"123591","latitude":"47.21666670","longitude":"9.66666670","name":"Satteins"},{"id":"123594","latitude":"47.56638890","longitude":"9.80083330","name":"S\u00e4ttels"},{"id":"123697","latitude":"47.57527780","longitude":"9.78055560","name":"Schatten"},{"id":"123827","latitude":"47.20000000","longitude":"9.70000000","name":"Schlins"},{"id":"123885","latitude":"47.35000000","longitude":"9.95000000","name":"Schnepfau"},{"id":"123887","latitude":"47.21666670","longitude":"9.73305560","name":"Schnifis"},{"id":"123948","latitude":"47.37472220","longitude":"10.02944440","name":"Sch\u00f6nenbach Alp"},{"id":"123949","latitude":"47.37472220","longitude":"10.02944440","name":"Sch\u00f6nenbach"},{"id":"123950","latitude":"47.37472220","longitude":"10.02944440","name":"Sch\u00f6nenbachvors\u00e4\u00df"},{"id":"123951","latitude":"47.51666670","longitude":"9.88333330","name":"Sch\u00f6nenb\u00fchl"},{"id":"123952","latitude":"47.50611110","longitude":"9.87194440","name":"Sch\u00f6nengrund"},{"id":"123962","latitude":"47.58333330","longitude":"9.80000000","name":"Sch\u00f6nstein"},{"id":"123968","latitude":"47.31333330","longitude":"10.01750000","name":"Schoppernau"},{"id":"124009","latitude":"47.06666670","longitude":"9.91666670","name":"Schruns"},{"id":"124018","latitude":"47.54472220","longitude":"9.79722220","name":"Sch\u00fcssellehen"},{"id":"124019","latitude":"47.51416670","longitude":"9.92083330","name":"Sch\u00fcssel"},{"id":"124026","latitude":"47.53083330","longitude":"9.88027780","name":"Sch\u00fctzen"},{"id":"124066","latitude":"47.45000000","longitude":"9.75000000","name":"Schwarzach"},{"id":"124091","latitude":"47.41583330","longitude":"9.86750000","name":"Schwarzen"},{"id":"124127","latitude":"47.28694440","longitude":"9.91555560","name":"Schwende"},{"id":"124158","latitude":"47.23333330","longitude":"9.91666670","name":"Seeberg"},{"id":"124186","latitude":"47.26666670","longitude":"9.91666670","name":"Seewald"},{"id":"124189","latitude":"47.58305560","longitude":"9.80000000","name":"Sehlengehr"},{"id":"124239","latitude":"47.58305560","longitude":"9.80000000","name":"Sellengehr"},{"id":"124265","latitude":"47.42666670","longitude":"10.03805560","name":"Sibratsgf\u00e4ll"},{"id":"124336","latitude":"47.08333330","longitude":"9.98333330","name":"Silbertal"},{"id":"124337","latitude":"47.08333330","longitude":"9.98333330","name":"Silberthal"},{"id":"124344","latitude":"46.91666670","longitude":"10.08333330","name":"Silvrettadorf"},{"id":"124351","latitude":"47.51750000","longitude":"9.93000000","name":"Simlisgschwend"},{"id":"124505","latitude":"47.51666670","longitude":"9.95000000","name":"Springen"},{"id":"124549","latitude":"47.13305560","longitude":"9.85000000","name":"Stallehr"},{"id":"124580","latitude":"47.50861110","longitude":"9.96388890","name":"Stapfen"},{"id":"124607","latitude":"47.55055560","longitude":"9.77611110","name":"Stegen"},{"id":"124617","latitude":"47.50361110","longitude":"9.80944440","name":"Stehlen"},{"id":"124709","latitude":"47.49944440","longitude":"9.89972220","name":"Stein"},{"id":"124812","latitude":"47.50000000","longitude":"9.80000000","name":"Stollen"},{"id":"124850","latitude":"47.31666670","longitude":"9.61666670","name":"Strassenh\u00e4user"},{"id":"124872","latitude":"47.21666670","longitude":"10.15000000","name":"Strass"},{"id":"124937","latitude":"47.21666670","longitude":"10.15000000","name":"Stubenbach"},{"id":"124942","latitude":"47.13333330","longitude":"10.16666670","name":"Stuben"},{"id":"124972","latitude":"47.51666670","longitude":"9.90000000","name":"Sulzberg"},{"id":"124985","latitude":"47.28305560","longitude":"9.65000000","name":"Sulz"},{"id":"125021","latitude":"47.26666670","longitude":"9.70000000","name":"Tal"},{"id":"125027","latitude":"47.20000000","longitude":"10.13333330","name":"Tannberg"},{"id":"125029","latitude":"47.51083330","longitude":"9.75166670","name":"Tannenbach"},{"id":"125030","latitude":"47.45388890","longitude":"9.85972220","name":"Tannen"},{"id":"125135","latitude":"47.26666670","longitude":"9.70000000","name":"Thal"},{"id":"125184","latitude":"47.20000000","longitude":"9.76666670","name":"Th\u00fcringen"},{"id":"125240","latitude":"47.23305560","longitude":"9.58305560","name":"Tisis"},{"id":"125246","latitude":"47.35000000","longitude":"9.65000000","name":"Tobel"},{"id":"125264","latitude":"47.13333330","longitude":"9.96666670","name":"T\u00f6nner"},{"id":"125385","latitude":"47.08333330","longitude":"9.90000000","name":"Tschagguns"},{"id":"125401","latitude":"47.25000000","longitude":"9.65000000","name":"Tufers"},{"id":"125439","latitude":"47.25000000","longitude":"9.66666670","name":"\u00dcbersaxen"},{"id":"125446","latitude":"47.25000000","longitude":"9.66666670","name":"Uebersaxen"},{"id":"125450","latitude":"47.28861110","longitude":"9.88888890","name":"Uga"},{"id":"125531","latitude":"47.26111110","longitude":"10.08111110","name":"Unterboden"},{"id":"125539","latitude":"47.08333330","longitude":"10.00000000","name":"Unter Buchen"},{"id":"125560","latitude":"47.50555560","longitude":"9.95805560","name":"Unterdorf"},{"id":"125562","latitude":"47.54416670","longitude":"9.88222220","name":"Unterdreienau"},{"id":"125604","latitude":"47.18166670","longitude":"9.77194440","name":"Unterfeld"},{"id":"125664","latitude":"47.51972220","longitude":"9.76083330","name":"Unterhaggen"},{"id":"125666","latitude":"47.52472220","longitude":"9.95444440","name":"Unterhalden"},{"id":"125686","latitude":"47.53083330","longitude":"9.82333330","name":"Unterhirschberg"},{"id":"125689","latitude":"47.53333330","longitude":"9.73333330","name":"Unterhochsteg"},{"id":"125715","latitude":"47.38305560","longitude":"9.71666670","name":"Unterklein"},{"id":"125741","latitude":"47.46666670","longitude":"9.88333330","name":"Unterlangenegg"},{"id":"125767","latitude":"47.51583330","longitude":"9.96055560","name":"Unterlitten"},{"id":"125955","latitude":"47.35000000","longitude":"9.65000000","name":"Untertobel"},{"id":"125998","latitude":"47.36555560","longitude":"10.19944440","name":"Unterwestegg"},{"id":"126050","latitude":"47.26666670","longitude":"9.65000000","name":"Valduna"},{"id":"126053","latitude":"47.11666670","longitude":"9.86666670","name":"Vallen"},{"id":"126054","latitude":"47.11666670","longitude":"9.86666670","name":"Valleu"},{"id":"126075","latitude":"46.95000000","longitude":"9.91666670","name":"Vergalden"},{"id":"126117","latitude":"47.29972220","longitude":"9.66666670","name":"Viktorsberg"},{"id":"126140","latitude":"47.51027780","longitude":"9.97055560","name":"V\u00f6gen"},{"id":"126187","latitude":"47.35361110","longitude":"9.88805560","name":"Vordere Hirschlitten"},{"id":"126210","latitude":"47.36944440","longitude":"9.89361110","name":"Vorderreuthe"},{"id":"126324","latitude":"47.13333330","longitude":"10.03333330","name":"Wald am Arlberg"},{"id":"126372","latitude":"47.13333330","longitude":"10.03333330","name":"Wald"},{"id":"126445","latitude":"47.25000000","longitude":"10.18333330","name":"Warth"},{"id":"126499","latitude":"47.55000000","longitude":"9.75000000","name":"Weidach"},{"id":"126521","latitude":"47.56666670","longitude":"9.81666670","name":"Weienried"},{"id":"126541","latitude":"47.29972220","longitude":"9.65000000","name":"Weiler"},{"id":"126617","latitude":"47.50111110","longitude":"9.75722220","name":"Wei\u00dfenreute"},{"id":"126711","latitude":"47.36527780","longitude":"10.19944440","name":"Westegg"},{"id":"126800","latitude":"47.41666670","longitude":"9.66666670","name":"Wiesenrain"},{"id":"126802","latitude":"47.41666670","longitude":"9.66666670","name":"Wiesenrhein"},{"id":"126843","latitude":"47.13333330","longitude":"10.06666670","name":"Wilden"},{"id":"126969","latitude":"47.43305560","longitude":"9.80000000","name":"Winsau"},{"id":"126993","latitude":"47.50277780","longitude":"9.79361110","name":"Wirtatobel"},{"id":"127072","latitude":"47.46666670","longitude":"9.75000000","name":"Wolfurt"},{"id":"127296","latitude":"47.55000000","longitude":"9.75000000","name":"Ziegelbach"},{"id":"127374","latitude":"47.20000000","longitude":"10.10000000","name":"Zug"},{"id":"127378","latitude":"47.16666670","longitude":"10.16666670","name":"Z\u00fcrsch"},{"id":"127379","latitude":"47.16666670","longitude":"10.16666670","name":"Z\u00fcrs"},{"id":"127409","latitude":"47.49527780","longitude":"9.92805560","name":"Zwing"}]