[{"id":"867324","latitude":"77.41666670","longitude":"-72.66666670","name":"Agparssuit"},{"id":"867350","latitude":"77.41666670","longitude":"-72.66666670","name":"Appaarsuit"},{"id":"867381","latitude":"75.92722220","longitude":"-66.44888890","name":"Cape York"},{"id":"867386","latitude":"76.57722220","longitude":"-68.77555560","name":"Dundas"},{"id":"867393","latitude":"77.78305560","longitude":"-70.30972220","name":"Eripassut"},{"id":"867395","latitude":"78.31666670","longitude":"-72.63333330","name":"Etah"},{"id":"867426","latitude":"77.55666670","longitude":"-68.58500000","name":"Igdlorssuit"},{"id":"867434","latitude":"77.79527780","longitude":"-70.75583330","name":"Igdluluarssuit"},{"id":"867453","latitude":"77.36138890","longitude":"-68.46416670","name":"Ikeraussak"},{"id":"867454","latitude":"77.36138890","longitude":"-68.46416670","name":"Ikeraussek"},{"id":"867476","latitude":"77.22444440","longitude":"-69.48916670","name":"Itilleq"},{"id":"867478","latitude":"77.22444440","longitude":"-69.48916670","name":"Itivdlek"},{"id":"867480","latitude":"77.22444440","longitude":"-69.48916670","name":"Itivdleq"},{"id":"867489","latitude":"75.92722220","longitude":"-66.44888890","name":"Ivanganek"},{"id":"867494","latitude":"75.92722220","longitude":"-66.44888890","name":"Ivn\u00e2nganek"},{"id":"867506","latitude":"77.33333330","longitude":"-71.53333330","name":"Kagssigssalik"},{"id":"867509","latitude":"77.48944440","longitude":"-69.33222220","name":"Kan\u00e2k"},{"id":"867510","latitude":"77.48944440","longitude":"-69.33222220","name":"Kan\u00e2q"},{"id":"867517","latitude":"77.38333330","longitude":"-72.46666670","name":"Kangat\u00f4k"},{"id":"867520","latitude":"77.30250000","longitude":"-68.84250000","name":"Kangek"},{"id":"867522","latitude":"77.26666670","longitude":"-69.10000000","name":"Kangeq"},{"id":"867525","latitude":"77.55666670","longitude":"-68.58500000","name":"Kangerdluarssuk"},{"id":"867527","latitude":"77.37750000","longitude":"-67.08194440","name":"Kangerdlugssuaq"},{"id":"867529","latitude":"77.55666670","longitude":"-68.58500000","name":"Kangerluarsuk"},{"id":"867531","latitude":"77.37750000","longitude":"-67.08194440","name":"Kangerlussuaq"},{"id":"867550","latitude":"77.48944440","longitude":"-69.33222220","name":"Karna"},{"id":"867553","latitude":"77.42750000","longitude":"-70.18916670","name":"Kekertarssuak"},{"id":"867557","latitude":"76.03444440","longitude":"-65.98638890","name":"Kekertat"},{"id":"867560","latitude":"77.35000000","longitude":"-71.46666670","name":"Kiatak"},{"id":"867574","latitude":"77.35000000","longitude":"-71.46666670","name":"Klatak"},{"id":"867579","latitude":"77.78305560","longitude":"-70.30972220","name":"K\u00fbgkat"},{"id":"867581","latitude":"77.53250000","longitude":"-67.76722220","name":"Kuinassuk"},{"id":"867600","latitude":"76.75611110","longitude":"-69.88638890","name":"Man\u00fbssak"},{"id":"867601","latitude":"76.75611110","longitude":"-69.88638890","name":"Man\u00fbssaq"},{"id":"867602","latitude":"76.75611110","longitude":"-69.88638890","name":"Manuusaq"},{"id":"867607","latitude":"76.75611110","longitude":"-69.88638890","name":"Moriusaq"},{"id":"867608","latitude":"76.75611110","longitude":"-69.88638890","name":"Moriussaq"},{"id":"867617","latitude":"76.44722220","longitude":"-69.34944440","name":"Narsaarsuk"},{"id":"867622","latitude":"77.30250000","longitude":"-68.84250000","name":"Narsaq"},{"id":"867634","latitude":"77.30250000","longitude":"-68.84250000","name":"Narssak"},{"id":"867637","latitude":"77.30250000","longitude":"-68.84250000","name":"Narssaq"},{"id":"867641","latitude":"76.44722220","longitude":"-69.34944440","name":"Narss\u00e2rssuk"},{"id":"867643","latitude":"76.44722220","longitude":"-69.34944440","name":"Narssurscuk"},{"id":"867644","latitude":"76.44722220","longitude":"-69.34944440","name":"Narss\u00fbrssuk"},{"id":"867645","latitude":"77.17500000","longitude":"-70.73750000","name":"Natsilivik"},{"id":"867646","latitude":"77.17500000","longitude":"-70.73750000","name":"Natsillvik"},{"id":"867648","latitude":"77.86666670","longitude":"-71.61666670","name":"Neke"},{"id":"867649","latitude":"77.86666670","longitude":"-71.61666670","name":"Neqe"},{"id":"867650","latitude":"77.86666670","longitude":"-71.61666670","name":"Neqi"},{"id":"867662","latitude":"81.71666670","longitude":"-17.80000000","name":"Nord"},{"id":"867671","latitude":"80.00000000","longitude":"-66.00000000","name":"Nunatame"},{"id":"867672","latitude":"80.00000000","longitude":"-66.00000000","name":"Nunatami"},{"id":"867673","latitude":"77.42388890","longitude":"-66.57472220","name":"Nunatarssuak"},{"id":"867674","latitude":"77.42388890","longitude":"-66.57472220","name":"Nunatarssuaq"},{"id":"867675","latitude":"77.42388890","longitude":"-66.57472220","name":"Nunatarsuaq"},{"id":"867676","latitude":"77.38944440","longitude":"-67.52972220","name":"Nunat"},{"id":"867679","latitude":"77.38944440","longitude":"-67.52972220","name":"Nut\u00e2t"},{"id":"867691","latitude":"75.92722220","longitude":"-66.44888890","name":"Perdlernerit"},{"id":"867692","latitude":"75.92722220","longitude":"-66.44888890","name":"Perlernerit"},{"id":"867703","latitude":"77.48944440","longitude":"-69.33222220","name":"Qaanaaq"},{"id":"867710","latitude":"77.33333330","longitude":"-71.53333330","name":"Qagssissalik"},{"id":"867713","latitude":"77.48944440","longitude":"-69.33222220","name":"Q\u00e2n\u00e2q"},{"id":"867714","latitude":"77.38333330","longitude":"-72.46666670","name":"Qang\u00e1tait"},{"id":"867715","latitude":"77.38333330","longitude":"-72.46666670","name":"Qangattaat"},{"id":"867722","latitude":"77.33333330","longitude":"-71.53333330","name":"Qassisalik"},{"id":"867723","latitude":"77.38333330","longitude":"-72.46666670","name":"Qaug\u00e1tait"},{"id":"867725","latitude":"77.42750000","longitude":"-70.18916670","name":"Qekertarssuaq"},{"id":"867727","latitude":"76.03444440","longitude":"-65.98638890","name":"Qeqertaq"},{"id":"867729","latitude":"77.42750000","longitude":"-70.18916670","name":"Qeqertarssuaq"},{"id":"867736","latitude":"77.42750000","longitude":"-70.18916670","name":"Qeqertarsuaq"},{"id":"867740","latitude":"77.50972220","longitude":"-66.64777780","name":"Qeqertat"},{"id":"867756","latitude":"77.50972220","longitude":"-66.64777780","name":"Quequrtat"},{"id":"867757","latitude":"77.53250000","longitude":"-67.76722220","name":"Quinassuk"},{"id":"867758","latitude":"77.53250000","longitude":"-67.76722220","name":"Qu\u00ednissut"},{"id":"867789","latitude":"76.02333330","longitude":"-65.08138890","name":"Savigsivik"},{"id":"867790","latitude":"76.02333330","longitude":"-65.08138890","name":"Savissivik"},{"id":"867800","latitude":"77.79527780","longitude":"-70.75583330","name":"Siorapaluk"},{"id":"867801","latitude":"77.79527780","longitude":"-70.75583330","name":"Sioropaluk"},{"id":"867816","latitude":"76.02333330","longitude":"-65.08138890","name":"Sowallick Point"},{"id":"867830","latitude":"77.48944440","longitude":"-69.33222220","name":"Thule"},{"id":"867832","latitude":"77.36138890","longitude":"-68.46416670","name":"Tikeraasaq"},{"id":"867833","latitude":"77.36138890","longitude":"-68.46416670","name":"Tikeraussaq"},{"id":"867861","latitude":"77.38333330","longitude":"-71.06666670","name":"Ulugssat"},{"id":"867862","latitude":"77.38333330","longitude":"-71.06666670","name":"Ulussat"},{"id":"867863","latitude":"76.57722220","longitude":"-68.77555560","name":"\u00dbman\u00e1k"},{"id":"867882","latitude":"77.31666670","longitude":"-71.83333330","name":"Upernavigssuak"},{"id":"867885","latitude":"77.31666670","longitude":"-71.83333330","name":"Upernavissuaq"},{"id":"867897","latitude":"76.58861110","longitude":"-68.31000000","name":"Uvdle"}]