[{"id":"852468","latitude":"7.61666670","longitude":"-1.93333330","name":"Abawdikro"},{"id":"852535","latitude":"7.48333330","longitude":"-2.61666670","name":"Abisaase"},{"id":"852536","latitude":"7.48333330","longitude":"-2.61666670","name":"Abisasi"},{"id":"852557","latitude":"7.21666670","longitude":"-2.81666670","name":"Aboabo"},{"id":"852561","latitude":"7.20000000","longitude":"-2.81666670","name":"Aboabo Duana"},{"id":"852567","latitude":"7.21666670","longitude":"-2.81666670","name":"Aboabo Number 1"},{"id":"852568","latitude":"7.20000000","longitude":"-2.81666670","name":"Aboabo Number 2"},{"id":"852569","latitude":"7.20000000","longitude":"-2.81666670","name":"Aboabo Number 3"},{"id":"852570","latitude":"7.20000000","longitude":"-2.80000000","name":"Aboabo Number 4"},{"id":"852601","latitude":"7.71666670","longitude":"-1.75000000","name":"Abodom"},{"id":"852656","latitude":"7.33333330","longitude":"-2.81666670","name":"Abonsrakurom"},{"id":"852663","latitude":"7.33333330","longitude":"-2.81666670","name":"Abonzerakrom"},{"id":"852719","latitude":"7.48333330","longitude":"-2.83333330","name":"Abrikaso"},{"id":"852754","latitude":"7.71666670","longitude":"-1.75000000","name":"Abudom"},{"id":"852818","latitude":"6.96666670","longitude":"-2.30000000","name":"Acherensua"},{"id":"852885","latitude":"6.81666670","longitude":"-3.01666670","name":"Adabokrom"},{"id":"852887","latitude":"8.08333330","longitude":"-2.55000000","name":"Adadeem"},{"id":"852929","latitude":"7.75000000","longitude":"-2.80000000","name":"Adamasu"},{"id":"852933","latitude":"7.75000000","longitude":"-2.80000000","name":"Adamsu"},{"id":"852956","latitude":"7.38333330","longitude":"-2.28333330","name":"Adantia"},{"id":"853088","latitude":"7.45000000","longitude":"-2.35000000","name":"Adoe"},{"id":"853090","latitude":"7.45000000","longitude":"-2.35000000","name":"Adoi"},{"id":"853122","latitude":"6.81666670","longitude":"-3.01666670","name":"Adowakrom"},{"id":"853126","latitude":"6.81666670","longitude":"-3.01666670","name":"Adowkrom"},{"id":"853130","latitude":"7.26666670","longitude":"-2.13333330","name":"Adroba"},{"id":"853131","latitude":"7.26666670","longitude":"-2.13333330","name":"Adroban"},{"id":"853132","latitude":"7.26666670","longitude":"-2.13333330","name":"Adruban"},{"id":"853150","latitude":"7.68333330","longitude":"-1.93333330","name":"Aduchwie"},{"id":"853155","latitude":"7.36666670","longitude":"-2.03333330","name":"Adugyansu Akomada"},{"id":"853156","latitude":"7.36666670","longitude":"-2.03333330","name":"Adujanso"},{"id":"853170","latitude":"7.66666670","longitude":"-2.13333330","name":"Adukwajokrom"},{"id":"853172","latitude":"7.20000000","longitude":"-2.81666670","name":"Adukwatukrom"},{"id":"853204","latitude":"7.68333330","longitude":"-1.93333330","name":"Adutwie"},{"id":"853315","latitude":"7.40000000","longitude":"-1.95000000","name":"Afrancho"},{"id":"853329","latitude":"7.40000000","longitude":"-1.95000000","name":"Afrantwo"},{"id":"853507","latitude":"7.58333330","longitude":"-2.00000000","name":"Agosa"},{"id":"853561","latitude":"6.70000000","longitude":"-2.61666670","name":"Ahantamuo"},{"id":"853562","latitude":"6.70000000","longitude":"-2.61666670","name":"Ahantamwa"},{"id":"853568","latitude":"6.95000000","longitude":"-3.13333330","name":"Ahemakrom"},{"id":"853579","latitude":"6.95000000","longitude":"-3.13333330","name":"Ahimakrom"},{"id":"853589","latitude":"7.28333330","longitude":"-2.88333330","name":"Ahinkrom"},{"id":"853595","latitude":"7.18333330","longitude":"-2.81666670","name":"Ahireso"},{"id":"853650","latitude":"7.18333330","longitude":"-2.81666670","name":"Ahyiresu"},{"id":"853661","latitude":"7.61666670","longitude":"-2.11666670","name":"Aiyaiya"},{"id":"853662","latitude":"7.61666670","longitude":"-2.11666670","name":"Aiyaiyu"},{"id":"853835","latitude":"7.80000000","longitude":"-2.06666670","name":"Akete"},{"id":"853899","latitude":"7.40000000","longitude":"-1.95000000","name":"Akomada"},{"id":"853917","latitude":"7.30000000","longitude":"-2.78333330","name":"Akontanim"},{"id":"853929","latitude":"7.50000000","longitude":"-2.58333330","name":"Akoroforo"},{"id":"853997","latitude":"7.75000000","longitude":"-2.13333330","name":"Akrobi"},{"id":"854005","latitude":"7.50000000","longitude":"-2.58333330","name":"Akrofro"},{"id":"854009","latitude":"7.61666670","longitude":"-2.00000000","name":"Akrofrum"},{"id":"854067","latitude":"7.40000000","longitude":"-1.95000000","name":"Akumadan"},{"id":"854085","latitude":"7.30000000","longitude":"-2.78333330","name":"Akuntanim"},{"id":"854093","latitude":"7.61666670","longitude":"-2.00000000","name":"Akuroforomu"},{"id":"854151","latitude":"6.98333330","longitude":"-2.20000000","name":"Akwasiase Number 1"},{"id":"854152","latitude":"8.01666670","longitude":"-1.70000000","name":"Akwasijikrom"},{"id":"854154","latitude":"8.01666670","longitude":"-1.70000000","name":"Akwasujikrom"},{"id":"854163","latitude":"6.98333330","longitude":"-2.20000000","name":"Akwesiase"},{"id":"854164","latitude":"6.98333330","longitude":"-2.20000000","name":"Akwesiasi I"},{"id":"854165","latitude":"6.98333330","longitude":"-2.20000000","name":"Akwesiasi II"},{"id":"854166","latitude":"6.98333330","longitude":"-2.20000000","name":"Akwesiasi Number 2"},{"id":"854195","latitude":"6.96666670","longitude":"-2.30000000","name":"Akyerensua"},{"id":"854256","latitude":"7.23333330","longitude":"-2.78333330","name":"Amaasu"},{"id":"854285","latitude":"7.43333330","longitude":"-2.51666670","name":"Amanfoso"},{"id":"854293","latitude":"6.86666670","longitude":"-3.11666670","name":"Amanfukrom"},{"id":"854393","latitude":"7.23333330","longitude":"-2.78333330","name":"Ammasu"},{"id":"854421","latitude":"7.23333330","longitude":"-2.78333330","name":"Amoaso"},{"id":"854429","latitude":"7.78333330","longitude":"-1.88333330","name":"Amoma"},{"id":"854430","latitude":"7.36666670","longitude":"-2.66666670","name":"Amomaso"},{"id":"854467","latitude":"7.91666670","longitude":"-1.80000000","name":"Ampoma"},{"id":"854528","latitude":"7.30000000","longitude":"-2.95000000","name":"Anchwirifu"},{"id":"854609","latitude":"7.01944440","longitude":"-3.04333330","name":"Ankrakwanto"},{"id":"854610","latitude":"7.01944440","longitude":"-3.04333330","name":"Ankrankwanta"},{"id":"854659","latitude":"7.15000000","longitude":"-2.40000000","name":"Antronie"},{"id":"854664","latitude":"7.30000000","longitude":"-2.95000000","name":"Antwerefo"},{"id":"854743","latitude":"7.90000000","longitude":"-1.88333330","name":"Anyima"},{"id":"854745","latitude":"7.43333330","longitude":"-2.66666670","name":"Anyimon"},{"id":"854760","latitude":"7.25000000","longitude":"-2.83333330","name":"Anyinaso"},{"id":"854763","latitude":"7.25000000","longitude":"-2.83333330","name":"Anyinasu"},{"id":"854996","latitude":"7.76666670","longitude":"-2.76666670","name":"Asare"},{"id":"855024","latitude":"7.40000000","longitude":"-1.86666670","name":"Aseguasua"},{"id":"855037","latitude":"7.50000000","longitude":"-2.81666670","name":"Asempaneye"},{"id":"855041","latitude":"7.50000000","longitude":"-2.81666670","name":"Asempaniye"},{"id":"855098","latitude":"7.18333330","longitude":"-2.86666670","name":"Asikasuanafo"},{"id":"855100","latitude":"7.18333330","longitude":"-2.88333330","name":"Asikasu"},{"id":"855129","latitude":"7.80000000","longitude":"-2.70000000","name":"Asiri"},{"id":"855177","latitude":"7.71666670","longitude":"-2.45000000","name":"Asuafo"},{"id":"855179","latitude":"7.71666670","longitude":"-2.45000000","name":"Asuafu"},{"id":"855180","latitude":"7.73333330","longitude":"-2.61666670","name":"Asuakaw"},{"id":"855181","latitude":"7.40000000","longitude":"-2.13333330","name":"Asuakwa"},{"id":"855193","latitude":"7.63333330","longitude":"-1.98333330","name":"Asuaye"},{"id":"855194","latitude":"7.73333330","longitude":"-2.06666670","name":"Asubengya"},{"id":"855203","latitude":"7.03333330","longitude":"-2.18333330","name":"Asubompan"},{"id":"855204","latitude":"7.03333330","longitude":"-2.18333330","name":"Asubompang"},{"id":"855213","latitude":"7.03333330","longitude":"-2.18333330","name":"Asubonpang"},{"id":"855227","latitude":"7.63333330","longitude":"-1.98333330","name":"Asueyi"},{"id":"855229","latitude":"6.93333330","longitude":"-2.30000000","name":"Asuhiae"},{"id":"855230","latitude":"6.93333330","longitude":"-2.30000000","name":"Asuichea"},{"id":"855233","latitude":"7.08333330","longitude":"-2.16666670","name":"Asukese"},{"id":"855249","latitude":"7.18333330","longitude":"-2.86666670","name":"Asunafuo"},{"id":"855254","latitude":"7.51666670","longitude":"-2.25000000","name":"Asunfri"},{"id":"855255","latitude":"7.38333330","longitude":"-2.86666670","name":"Asunso"},{"id":"855257","latitude":"7.38333330","longitude":"-2.86666670","name":"Asunsu Number 1"},{"id":"855263","latitude":"7.51666670","longitude":"-2.25000000","name":"Asuofri"},{"id":"855264","latitude":"7.65000000","longitude":"-2.75000000","name":"Asuogya"},{"id":"855268","latitude":"7.65000000","longitude":"-2.75000000","name":"Asuoja"},{"id":"855275","latitude":"7.73333330","longitude":"-2.61666670","name":"Asuoko"},{"id":"855282","latitude":"7.31666670","longitude":"-2.70000000","name":"Asuotia"},{"id":"855283","latitude":"7.31666670","longitude":"-2.70000000","name":"Asuotiano"},{"id":"855289","latitude":"7.20000000","longitude":"-2.81666670","name":"Asutifi"},{"id":"855339","latitude":"7.26666670","longitude":"-2.90000000","name":"Atesikrom"},{"id":"855340","latitude":"7.26666670","longitude":"-2.90000000","name":"Atesikurom"},{"id":"855394","latitude":"6.68333330","longitude":"-2.83333330","name":"Atom"},{"id":"855412","latitude":"7.15000000","longitude":"-2.40000000","name":"Atroni"},{"id":"855434","latitude":"7.48333330","longitude":"-2.80000000","name":"Atuna"},{"id":"855439","latitude":"7.63333330","longitude":"-2.05000000","name":"Aturunsa"},{"id":"855440","latitude":"7.63333330","longitude":"-2.05000000","name":"Aturunso"},{"id":"855571","latitude":"7.05000000","longitude":"-2.60000000","name":"Aweyam"},{"id":"855577","latitude":"7.31666670","longitude":"-2.75000000","name":"Awiam"},{"id":"855584","latitude":"7.80000000","longitude":"-2.10000000","name":"Awisa"},{"id":"855596","latitude":"7.61666670","longitude":"-2.01666670","name":"Aworowa"},{"id":"855599","latitude":"8.01666670","longitude":"-1.80000000","name":"Awrata"},{"id":"855619","latitude":"7.61666670","longitude":"-2.01666670","name":"Awurawa"},{"id":"855632","latitude":"7.40000000","longitude":"-2.40000000","name":"Ayakomaso"},{"id":"855691","latitude":"6.76666670","longitude":"-2.58333330","name":"Ayomso"},{"id":"855697","latitude":"6.76666670","longitude":"-2.58333330","name":"Ayumaso"},{"id":"855698","latitude":"6.76666670","longitude":"-2.58333330","name":"Ayumso"},{"id":"855725","latitude":"7.61666670","longitude":"-2.90000000","name":"Baanu"},{"id":"855734","latitude":"8.25000000","longitude":"-1.83333330","name":"Babato"},{"id":"855735","latitude":"8.25000000","longitude":"-1.83333330","name":"Babatu"},{"id":"855736","latitude":"7.28333330","longitude":"-2.96666670","name":"Babianeha"},{"id":"855738","latitude":"7.28333330","longitude":"-2.96666670","name":"Babianiha"},{"id":"855753","latitude":"7.70000000","longitude":"-2.23333330","name":"Badu"},{"id":"855764","latitude":"8.48333330","longitude":"-2.36666670","name":"Bagapi"},{"id":"855766","latitude":"8.38333330","longitude":"-2.28333330","name":"Bagbiapi"},{"id":"855842","latitude":"8.15000000","longitude":"-1.80000000","name":"Bamatwi"},{"id":"855844","latitude":"8.16666670","longitude":"-2.03333330","name":"Bamboi"},{"id":"855851","latitude":"7.55000000","longitude":"-1.90000000","name":"Bamiri"},{"id":"855853","latitude":"7.55000000","longitude":"-1.90000000","name":"Bamle"},{"id":"855856","latitude":"8.21666670","longitude":"-1.98333330","name":"Bampewa"},{"id":"855858","latitude":"8.21666670","longitude":"-1.98333330","name":"Bampiwa"},{"id":"855866","latitude":"8.16666670","longitude":"-2.36666670","name":"Banda"},{"id":"855869","latitude":"8.35000000","longitude":"-2.13333330","name":"Banda Nkwanta"},{"id":"855886","latitude":"8.15000000","longitude":"-1.80000000","name":"Baniatwi"},{"id":"855896","latitude":"8.20000000","longitude":"-1.73333330","name":"Bankama"},{"id":"855910","latitude":"8.16666670","longitude":"-2.36666670","name":"Banna"},{"id":"855915","latitude":"8.21666670","longitude":"-1.98333330","name":"Banpewa"},{"id":"855930","latitude":"7.30000000","longitude":"-1.88333330","name":"Banuasi"},{"id":"855931","latitude":"7.61666670","longitude":"-2.90000000","name":"Banu"},{"id":"855952","latitude":"7.30000000","longitude":"-1.88333330","name":"Barmasi"},{"id":"856006","latitude":"7.78333330","longitude":"-2.81666670","name":"Bawda"},{"id":"856007","latitude":"7.78333330","longitude":"-2.81666670","name":"Bawdah"},{"id":"856054","latitude":"7.08333330","longitude":"-2.03333330","name":"Bechem"},{"id":"856063","latitude":"6.95000000","longitude":"-2.61666670","name":"Bediakokurom"},{"id":"856064","latitude":"6.95000000","longitude":"-2.61666670","name":"Bediakukrom"},{"id":"856114","latitude":"8.21666670","longitude":"-1.73333330","name":"Belwele"},{"id":"856169","latitude":"7.76666670","longitude":"-2.56666670","name":"Bepoase"},{"id":"856173","latitude":"7.76666670","longitude":"-2.56666670","name":"Bepoasi"},{"id":"856180","latitude":"7.70000000","longitude":"-2.10000000","name":"Beposo"},{"id":"856191","latitude":"7.45000000","longitude":"-2.58333330","name":"Berekum"},{"id":"856210","latitude":"7.63333330","longitude":"-1.95000000","name":"Besedan"},{"id":"856241","latitude":"8.21666670","longitude":"-1.73333330","name":"Bewele"},{"id":"856248","latitude":"7.41666670","longitude":"-2.60000000","name":"Biadan"},{"id":"856249","latitude":"7.41666670","longitude":"-2.60000000","name":"Biadani"},{"id":"856255","latitude":"7.81666670","longitude":"-2.83333330","name":"Biama"},{"id":"856263","latitude":"7.10000000","longitude":"-2.71666670","name":"Biaso"},{"id":"856297","latitude":"8.01666670","longitude":"-2.30000000","name":"Bima"},{"id":"856340","latitude":"8.16666670","longitude":"-1.95000000","name":"Biri"},{"id":"856407","latitude":"7.46666670","longitude":"-2.16666670","name":"Boako"},{"id":"856417","latitude":"7.61666670","longitude":"-2.90000000","name":"Boano Number 1"},{"id":"856431","latitude":"7.50000000","longitude":"-2.81666670","name":"Bobunu"},{"id":"856433","latitude":"7.78333330","longitude":"-2.81666670","name":"Bodaa"},{"id":"856441","latitude":"7.71666670","longitude":"-1.75000000","name":"Bodom"},{"id":"856454","latitude":"8.03333330","longitude":"-2.36666670","name":"Bofe"},{"id":"856475","latitude":"7.55000000","longitude":"-1.80000000","name":"Boinso"},{"id":"856504","latitude":"7.46666670","longitude":"-2.16666670","name":"Boku"},{"id":"856506","latitude":"7.11666670","longitude":"-2.06666670","name":"Bokukrua"},{"id":"856525","latitude":"7.08333330","longitude":"-2.16666670","name":"Boma"},{"id":"856545","latitude":"7.08333330","longitude":"-2.16666670","name":"Bommaa"},{"id":"856555","latitude":"7.98333330","longitude":"-2.56666670","name":"Bonakyire"},{"id":"856561","latitude":"7.98333330","longitude":"-2.56666670","name":"Bondakile"},{"id":"856582","latitude":"6.88333330","longitude":"-2.63333330","name":"Bonkoni"},{"id":"856606","latitude":"7.55000000","longitude":"-1.80000000","name":"Bonsu"},{"id":"856622","latitude":"7.11666670","longitude":"-2.06666670","name":"Bookurukuruwa"},{"id":"856624","latitude":"7.66666670","longitude":"-1.95000000","name":"Booyem"},{"id":"856636","latitude":"7.25000000","longitude":"-2.46666670","name":"Boreso"},{"id":"856637","latitude":"7.26666670","longitude":"-2.46666670","name":"Boreso Number 1"},{"id":"856638","latitude":"7.25000000","longitude":"-2.46666670","name":"Boreso Number 2"},{"id":"856644","latitude":"7.05000000","longitude":"-2.11666670","name":"Borosanko"},{"id":"856663","latitude":"8.05000000","longitude":"-2.40000000","name":"Bosuaba"},{"id":"856664","latitude":"8.23333330","longitude":"-1.83333330","name":"Bosuama"},{"id":"856671","latitude":"7.31666670","longitude":"-1.95000000","name":"Bosumponso"},{"id":"856672","latitude":"7.30000000","longitude":"-1.95000000","name":"Bosumponso Kese and Cottages"},{"id":"856673","latitude":"7.31666670","longitude":"-1.95000000","name":"Bosumponso Kuma"},{"id":"856674","latitude":"7.31666670","longitude":"-1.95000000","name":"Bosumponso Number 1"},{"id":"856675","latitude":"7.30000000","longitude":"-1.95000000","name":"Bosumponso Number 2"},{"id":"856719","latitude":"7.98333330","longitude":"-2.03333330","name":"Brana"},{"id":"856720","latitude":"7.98333330","longitude":"-2.03333330","name":"Branam"},{"id":"856722","latitude":"7.98333330","longitude":"-2.43333330","name":"Brawhani"},{"id":"856772","latitude":"7.88333330","longitude":"-2.58333330","name":"Brodi"},{"id":"856775","latitude":"7.20000000","longitude":"-2.10000000","name":"Brofoyedru"},{"id":"856782","latitude":"7.20000000","longitude":"-2.10000000","name":"Brofoyeduru"},{"id":"856784","latitude":"7.20000000","longitude":"-2.10000000","name":"Brofoyeduru Susanho"},{"id":"856787","latitude":"7.98333330","longitude":"-2.43333330","name":"Brohani"},{"id":"856793","latitude":"7.05000000","longitude":"-2.11666670","name":"Brosankro"},{"id":"856859","latitude":"8.26666670","longitude":"-2.26666670","name":"Bui"},{"id":"856865","latitude":"7.91666670","longitude":"-2.30000000","name":"Buko"},{"id":"856874","latitude":"7.91666670","longitude":"-2.30000000","name":"Buku"},{"id":"856920","latitude":"8.23333330","longitude":"-2.26666670","name":"Bungase"},{"id":"856921","latitude":"8.23333330","longitude":"-2.26666670","name":"Bungasi"},{"id":"856928","latitude":"7.80000000","longitude":"-2.65000000","name":"Buni"},{"id":"856941","latitude":"7.50000000","longitude":"-2.81666670","name":"Buobuni"},{"id":"856944","latitude":"7.20000000","longitude":"-2.80000000","name":"Buokrom"},{"id":"856949","latitude":"7.66666670","longitude":"-1.95000000","name":"Buoyem"},{"id":"856964","latitude":"8.05000000","longitude":"-2.40000000","name":"Busaba"},{"id":"856997","latitude":"8.26666670","longitude":"-2.10000000","name":"Carpenter"},{"id":"857079","latitude":"7.26666670","longitude":"-2.76666670","name":"Chemraso"},{"id":"857094","latitude":"7.26666670","longitude":"-2.76666670","name":"Cheremaso"},{"id":"857121","latitude":"6.81666670","longitude":"-2.41666670","name":"Chibiri"},{"id":"857122","latitude":"8.23333330","longitude":"-1.90000000","name":"Chibrenyor"},{"id":"857150","latitude":"7.40000000","longitude":"-2.18333330","name":"Chira"},{"id":"857163","latitude":"7.90000000","longitude":"-1.71666670","name":"Chirehi"},{"id":"857169","latitude":"7.26666670","longitude":"-2.40000000","name":"Chiriboja"},{"id":"857170","latitude":"8.23333330","longitude":"-1.90000000","name":"Chiribrino"},{"id":"857217","latitude":"7.35000000","longitude":"-2.80000000","name":"Chumkrom"},{"id":"857225","latitude":"7.26666670","longitude":"-2.93333330","name":"Chwiapiasue"},{"id":"857226","latitude":"7.55000000","longitude":"-1.96666670","name":"Chwibia"},{"id":"857227","latitude":"6.81666670","longitude":"-2.41666670","name":"Chwibiri"},{"id":"857229","latitude":"7.20000000","longitude":"-2.16666670","name":"Chwiwaho"},{"id":"857237","latitude":"7.90000000","longitude":"-2.61666670","name":"Daadaso"},{"id":"857267","latitude":"6.78333330","longitude":"-2.41666670","name":"Dadeesoaba"},{"id":"857276","latitude":"6.78333330","longitude":"-2.41666670","name":"Dadiasuaba"},{"id":"857277","latitude":"6.78333330","longitude":"-2.41666670","name":"Dadiasuabra"},{"id":"857278","latitude":"8.08333330","longitude":"-2.55000000","name":"Dadiem"},{"id":"857279","latitude":"6.78333330","longitude":"-2.41666670","name":"Dadiesoaba"},{"id":"857468","latitude":"7.90000000","longitude":"-2.55000000","name":"Debibi"},{"id":"857470","latitude":"6.65000000","longitude":"-3.10000000","name":"Debiso"},{"id":"857498","latitude":"7.78333330","longitude":"-2.43333330","name":"Degedege"},{"id":"857517","latitude":"7.21666670","longitude":"-1.93333330","name":"Dema"},{"id":"857523","latitude":"7.21666670","longitude":"-1.93333330","name":"Demna"},{"id":"857546","latitude":"7.21666670","longitude":"-1.93333330","name":"Denma"},{"id":"857551","latitude":"7.38333330","longitude":"-2.28333330","name":"Dentia"},{"id":"857583","latitude":"7.83333330","longitude":"-2.68333330","name":"Dewiri"},{"id":"857588","latitude":"7.06666670","longitude":"-2.98333330","name":"Diabaakurom"},{"id":"857589","latitude":"7.06666670","longitude":"-2.98333330","name":"Diabakrom"},{"id":"857598","latitude":"8.28333330","longitude":"-2.20000000","name":"Dibere"},{"id":"857687","latitude":"8.08333330","longitude":"-2.51666670","name":"Dobo"},{"id":"857706","latitude":"7.60000000","longitude":"-2.88333330","name":"Dodosua"},{"id":"857709","latitude":"7.60000000","longitude":"-2.88333330","name":"Doduosuo"},{"id":"857743","latitude":"7.66666670","longitude":"-2.13333330","name":"Dokyikurom"},{"id":"857750","latitude":"7.38333330","longitude":"-2.36666670","name":"Domasua"},{"id":"857763","latitude":"6.65000000","longitude":"-2.85000000","name":"Domenase"},{"id":"857767","latitude":"6.65000000","longitude":"-2.85000000","name":"Domenasi"},{"id":"857775","latitude":"7.45000000","longitude":"-2.61666670","name":"Domfete"},{"id":"857779","latitude":"7.26666670","longitude":"-1.93333330","name":"Domiabra"},{"id":"857797","latitude":"8.25000000","longitude":"-1.91666670","name":"Dompe"},{"id":"857844","latitude":"7.28333330","longitude":"-2.88333330","name":"Dormaa Ahenkro"},{"id":"857856","latitude":"7.53333330","longitude":"-1.80000000","name":"Dotoba"},{"id":"857868","latitude":"7.83333330","longitude":"-2.68333330","name":"Dowri"},{"id":"857879","latitude":"7.70000000","longitude":"-2.10000000","name":"Drawbaso"},{"id":"857880","latitude":"7.70000000","longitude":"-2.10000000","name":"Drawbuso"},{"id":"857884","latitude":"7.70000000","longitude":"-2.10000000","name":"Droboso"},{"id":"857897","latitude":"7.90000000","longitude":"-2.61666670","name":"Duadaso"},{"id":"857898","latitude":"7.90000000","longitude":"-2.61666670","name":"Duadaso Number 1"},{"id":"857918","latitude":"7.21666670","longitude":"-2.93333330","name":"Duasidan"},{"id":"857919","latitude":"7.21666670","longitude":"-2.93333330","name":"Duasidani"},{"id":"857921","latitude":"7.16666670","longitude":"-2.10000000","name":"Duayaw Nkwanta"},{"id":"857969","latitude":"7.38333330","longitude":"-2.36666670","name":"Dumasua"},{"id":"857971","latitude":"8.10000000","longitude":"-2.51666670","name":"Dumboli"},{"id":"857978","latitude":"8.13333330","longitude":"-2.36666670","name":"Dumpo"},{"id":"857979","latitude":"8.13333330","longitude":"-2.36666670","name":"Dumpofie"},{"id":"858022","latitude":"6.93333330","longitude":"-2.23333330","name":"Dwaaho"},{"id":"858033","latitude":"7.68333330","longitude":"-2.78333330","name":"Dwenem"},{"id":"858043","latitude":"7.15000000","longitude":"-2.05000000","name":"Dwomo"},{"id":"858246","latitude":"7.68333330","longitude":"-2.78333330","name":"Ejenem"},{"id":"858274","latitude":"7.75000000","longitude":"-2.13333330","name":"Ekrobi"},{"id":"858378","latitude":"6.66666670","longitude":"-3.10000000","name":"Esem"},{"id":"858397","latitude":"7.18333330","longitude":"-2.86666670","name":"Esikaso"},{"id":"858424","latitude":"7.03333330","longitude":"-2.18333330","name":"Esubompan"},{"id":"858437","latitude":"6.93333330","longitude":"-2.30000000","name":"Esushiae"},{"id":"858458","latitude":"7.80000000","longitude":"-2.10000000","name":"Ewisa"},{"id":"858480","latitude":"6.73333330","longitude":"-2.56666670","name":"Fahoiden"},{"id":"858528","latitude":"6.73333330","longitude":"-2.56666670","name":"Fawohoyeden"},{"id":"858530","latitude":"7.66666670","longitude":"-2.76666670","name":"Fawoman"},{"id":"858544","latitude":"7.90000000","longitude":"-2.78333330","name":"Febi"},{"id":"858561","latitude":"7.46666670","longitude":"-2.66666670","name":"Fetanta"},{"id":"858564","latitude":"7.46666670","longitude":"-2.66666670","name":"Fetenta"},{"id":"858565","latitude":"7.60000000","longitude":"-2.66666670","name":"Feteyano"},{"id":"858588","latitude":"7.36666670","longitude":"-2.35000000","name":"Fiapire"},{"id":"858589","latitude":"7.36666670","longitude":"-2.35000000","name":"Fiapri"},{"id":"858627","latitude":"7.66666670","longitude":"-2.76666670","name":"Foamang"},{"id":"858649","latitude":"7.58333330","longitude":"-1.85000000","name":"Forikrom"},{"id":"858650","latitude":"7.58333330","longitude":"-1.85000000","name":"Forikurom"},{"id":"858726","latitude":"6.93333330","longitude":"-2.36666670","name":"Fwidiam"},{"id":"858762","latitude":"7.06666670","longitude":"-2.65000000","name":"Gambia Number 2"},{"id":"858797","latitude":"6.80000000","longitude":"-2.51666670","name":"Gawso"},{"id":"858966","latitude":"8.23333330","longitude":"-2.30000000","name":"Gnadaw"},{"id":"858971","latitude":"6.80000000","longitude":"-2.51666670","name":"Goaso"},{"id":"858993","latitude":"7.76666670","longitude":"-2.65000000","name":"Goka"},{"id":"859035","latitude":"6.80000000","longitude":"-2.51666670","name":"Gooso"},{"id":"859043","latitude":"6.75000000","longitude":"-2.83333330","name":"Goroso"},{"id":"859061","latitude":"8.23333330","longitude":"-2.30000000","name":"Gradau"},{"id":"859062","latitude":"8.23333330","longitude":"-2.30000000","name":"Gradaw"},{"id":"859110","latitude":"7.60000000","longitude":"-2.81666670","name":"Gunasua"},{"id":"859172","latitude":"7.63333330","longitude":"-2.90000000","name":"Gyabumkurom"},{"id":"859188","latitude":"7.96666670","longitude":"-2.63333330","name":"Gyammra"},{"id":"859189","latitude":"7.46666670","longitude":"-2.60000000","name":"Gyampede"},{"id":"859195","latitude":"7.76666670","longitude":"-2.68333330","name":"Gyankufa"},{"id":"859196","latitude":"7.76666670","longitude":"-2.10000000","name":"Gyansoso"},{"id":"859200","latitude":"7.58333330","longitude":"-2.78333330","name":"Gyapekurom"},{"id":"859209","latitude":"7.25000000","longitude":"-2.83333330","name":"Gyedie"},{"id":"859212","latitude":"7.90000000","longitude":"-1.76666670","name":"Gyeemma"},{"id":"859220","latitude":"7.43333330","longitude":"-2.65000000","name":"Gyenegyene"},{"id":"859221","latitude":"7.65000000","longitude":"-2.71666670","name":"Gyengyemeregya"},{"id":"859260","latitude":"7.85000000","longitude":"-2.48333330","name":"Hani"},{"id":"859410","latitude":"7.30000000","longitude":"-2.95000000","name":"Humjibre"},{"id":"859430","latitude":"6.93333330","longitude":"-2.36666670","name":"Hwedeem"},{"id":"859432","latitude":"6.93333330","longitude":"-2.36666670","name":"Hwediem"},{"id":"859445","latitude":"6.93333330","longitude":"-2.36666670","name":"Hwidiem"},{"id":"859461","latitude":"7.48333330","longitude":"-2.58333330","name":"Impatasia"},{"id":"859493","latitude":"7.63333330","longitude":"-2.90000000","name":"Jabunakrom"},{"id":"859538","latitude":"8.30000000","longitude":"-2.18333330","name":"Jama"},{"id":"859545","latitude":"7.46666670","longitude":"-2.60000000","name":"Jamdere"},{"id":"859547","latitude":"7.46666670","longitude":"-2.60000000","name":"Jamidide"},{"id":"859550","latitude":"7.96666670","longitude":"-2.63333330","name":"Jamra"},{"id":"859573","latitude":"7.75000000","longitude":"-2.55000000","name":"Jankru"},{"id":"859575","latitude":"7.76666670","longitude":"-2.68333330","name":"Jankufa"},{"id":"859589","latitude":"7.58333330","longitude":"-2.78333330","name":"Japekrom"},{"id":"859631","latitude":"7.90000000","longitude":"-1.76666670","name":"Jema"},{"id":"859646","latitude":"7.65000000","longitude":"-2.71666670","name":"Jenjemeraja"},{"id":"859649","latitude":"7.76666670","longitude":"-2.10000000","name":"Jensoso"},{"id":"859707","latitude":"8.11666670","longitude":"-2.55000000","name":"Jinini"},{"id":"859708","latitude":"7.43333330","longitude":"-2.65000000","name":"Jinjini"},{"id":"859733","latitude":"8.20000000","longitude":"-2.05000000","name":"Joboi"},{"id":"859734","latitude":"8.20000000","longitude":"-2.05000000","name":"Jobwe"},{"id":"859737","latitude":"8.20000000","longitude":"-2.05000000","name":"Jogboi"},{"id":"859770","latitude":"6.93333330","longitude":"-2.23333330","name":"Juaho"},{"id":"859772","latitude":"6.93333330","longitude":"-2.23333330","name":"Juahu"},{"id":"859794","latitude":"7.15000000","longitude":"-2.05000000","name":"Jumwa"},{"id":"859838","latitude":"7.91666670","longitude":"-2.75000000","name":"Kabri"},{"id":"859839","latitude":"8.15000000","longitude":"-2.36666670","name":"Kabrunu"},{"id":"859947","latitude":"8.46666670","longitude":"-2.18333330","name":"Kamankpesi"},{"id":"859948","latitude":"8.46666670","longitude":"-2.18333330","name":"Kaman Kwensi"},{"id":"859991","latitude":"8.25000000","longitude":"-1.88333330","name":"Kandige"},{"id":"860002","latitude":"6.98333330","longitude":"-2.38333330","name":"Kangyasi"},{"id":"860013","latitude":"8.15000000","longitude":"-2.35000000","name":"Kanka"},{"id":"860020","latitude":"8.11666670","longitude":"-2.01666670","name":"Kankan"},{"id":"860044","latitude":"7.30000000","longitude":"-2.30000000","name":"Kantro"},{"id":"860053","latitude":"7.06666670","longitude":"-2.65000000","name":"Kanyasi Mohu"},{"id":"860082","latitude":"8.38333330","longitude":"-2.36666670","name":"Kasa"},{"id":"860117","latitude":"7.58333330","longitude":"-2.80000000","name":"Katakyekurom"},{"id":"860126","latitude":"7.58333330","longitude":"-2.80000000","name":"Katechiekrom"},{"id":"860140","latitude":"7.43333330","longitude":"-2.56666670","name":"Kato"},{"id":"860146","latitude":"8.15000000","longitude":"-2.01666670","name":"Kaura"},{"id":"860151","latitude":"7.28333330","longitude":"-2.73333330","name":"Kawbedi"},{"id":"860168","latitude":"7.30000000","longitude":"-2.85000000","name":"Kawsan"},{"id":"860170","latitude":"6.85000000","longitude":"-2.86666670","name":"Kawteigo"},{"id":"860219","latitude":"7.06666670","longitude":"-2.65000000","name":"Kenyase Mohu"},{"id":"860220","latitude":"6.96666670","longitude":"-2.38333330","name":"Kenyase Number 1"},{"id":"860221","latitude":"6.98333330","longitude":"-2.38333330","name":"Kenyase Number 2"},{"id":"860222","latitude":"6.98333330","longitude":"-2.38333330","name":"Kenyasi"},{"id":"860223","latitude":"7.06666670","longitude":"-2.65000000","name":"Kenyasi Mohu"},{"id":"860224","latitude":"6.96666670","longitude":"-2.38333330","name":"Kenyasi Number 1"},{"id":"860225","latitude":"6.98333330","longitude":"-2.38333330","name":"Kenyasi Number 2"},{"id":"860226","latitude":"6.96666670","longitude":"-2.38333330","name":"Kenyinase Number 1"},{"id":"860227","latitude":"6.98333330","longitude":"-2.38333330","name":"Kenyinase Number 2"},{"id":"860268","latitude":"8.05000000","longitude":"-1.71666670","name":"Kintampo"},{"id":"860314","latitude":"7.68333330","longitude":"-2.10000000","name":"Koase"},{"id":"860315","latitude":"7.68333330","longitude":"-2.10000000","name":"Koasi"},{"id":"860317","latitude":"7.28333330","longitude":"-2.73333330","name":"Kobedi"},{"id":"860347","latitude":"6.73333330","longitude":"-2.85000000","name":"Kodwo Fosukrom"},{"id":"860365","latitude":"7.30000000","longitude":"-2.90000000","name":"Kofiasaa"},{"id":"860368","latitude":"7.30000000","longitude":"-2.90000000","name":"Kofi Asua"},{"id":"860376","latitude":"6.66666670","longitude":"-3.20000000","name":"Kofikrom"},{"id":"860385","latitude":"7.65000000","longitude":"-2.81666670","name":"Kofuko"},{"id":"860387","latitude":"8.15000000","longitude":"-2.51666670","name":"Kogyei"},{"id":"860393","latitude":"8.15000000","longitude":"-2.51666670","name":"Kojei"},{"id":"860405","latitude":"6.73333330","longitude":"-2.85000000","name":"Kojofisukrom"},{"id":"860419","latitude":"7.85000000","longitude":"-2.65000000","name":"Kokoa"},{"id":"860446","latitude":"7.16666670","longitude":"-2.90000000","name":"Kokorasua"},{"id":"860452","latitude":"7.86666670","longitude":"-2.76666670","name":"Kokosua"},{"id":"860453","latitude":"7.86666670","longitude":"-2.75000000","name":"Kokosua Number 1"},{"id":"860454","latitude":"7.86666670","longitude":"-2.76666670","name":"Kokosua Number 2"},{"id":"860475","latitude":"7.85000000","longitude":"-2.65000000","name":"Kokua"},{"id":"860477","latitude":"7.81666670","longitude":"-1.76666670","name":"Kokuma"},{"id":"860562","latitude":"8.10000000","longitude":"-1.70000000","name":"Kongoja"},{"id":"860589","latitude":"7.75000000","longitude":"-1.71666670","name":"Konkrompe"},{"id":"860596","latitude":"7.30000000","longitude":"-2.30000000","name":"Kontrajeso"},{"id":"860624","latitude":"7.81666670","longitude":"-2.76666670","name":"Korase"},{"id":"860625","latitude":"7.28333330","longitude":"-2.90000000","name":"Koraso"},{"id":"860635","latitude":"7.48333330","longitude":"-2.63333330","name":"Koroso"},{"id":"860641","latitude":"7.30000000","longitude":"-2.85000000","name":"Kosan"},{"id":"860665","latitude":"7.51666670","longitude":"-2.58333330","name":"Kotoa"},{"id":"860683","latitude":"7.51666670","longitude":"-2.58333330","name":"Kotua"},{"id":"860685","latitude":"7.51666670","longitude":"-2.58333330","name":"Kotuo"},{"id":"860909","latitude":"7.96666670","longitude":"-1.81666670","name":"Krabonso"},{"id":"860911","latitude":"8.01666670","longitude":"-2.15000000","name":"Krachikrom"},{"id":"860913","latitude":"6.88333330","longitude":"-2.35000000","name":"Krakosua"},{"id":"860915","latitude":"8.25000000","longitude":"-1.91666670","name":"Kram"},{"id":"860922","latitude":"8.25000000","longitude":"-1.91666670","name":"Krampo"},{"id":"860923","latitude":"7.66666670","longitude":"-1.81666670","name":"Kranka"},{"id":"860937","latitude":"7.60000000","longitude":"-1.98333330","name":"Krobo"},{"id":"861212","latitude":"7.53333330","longitude":"-1.93333330","name":"Kuntunso"},{"id":"861213","latitude":"7.53333330","longitude":"-1.93333330","name":"Kuntunuso"},{"id":"861232","latitude":"7.81666670","longitude":"-2.76666670","name":"Kurasi"},{"id":"861251","latitude":"6.96666670","longitude":"-2.85000000","name":"Kusiasi"},{"id":"861263","latitude":"7.46666670","longitude":"-2.55000000","name":"Kutire"},{"id":"861267","latitude":"7.51666670","longitude":"-2.58333330","name":"Kutou"},{"id":"861268","latitude":"7.46666670","longitude":"-2.55000000","name":"Kutremom"},{"id":"861269","latitude":"7.46666670","longitude":"-2.55000000","name":"Kutre Number 1"},{"id":"861270","latitude":"7.46666670","longitude":"-2.55000000","name":"Kutre Number 2"},{"id":"861283","latitude":"7.66666670","longitude":"-2.13333330","name":"Kwabena Dokyi Krom"},{"id":"861306","latitude":"7.21666670","longitude":"-1.96666670","name":"Kwachere"},{"id":"861322","latitude":"7.56666670","longitude":"-2.78333330","name":"Kwadwokesekurom"},{"id":"861334","latitude":"7.31666670","longitude":"-1.96666670","name":"Kwaikesim"},{"id":"861339","latitude":"7.56666670","longitude":"-2.78333330","name":"Kwajokesekrom"},{"id":"861349","latitude":"6.98333330","longitude":"-2.98333330","name":"Kwaku Anya"},{"id":"861358","latitude":"7.86666670","longitude":"-2.75000000","name":"Kwakusesiem"},{"id":"861378","latitude":"6.63333330","longitude":"-3.11666670","name":"Kwambikrom"},{"id":"861379","latitude":"7.16666670","longitude":"-2.76666670","name":"Kwame Asua"},{"id":"861380","latitude":"6.63333330","longitude":"-3.11666670","name":"Kwamebikrom"},{"id":"861386","latitude":"6.86666670","longitude":"-3.11666670","name":"Kwame Mafo Krom"},{"id":"861388","latitude":"8.46666670","longitude":"-2.18333330","name":"Kwamen Kwasi"},{"id":"861389","latitude":"8.46666670","longitude":"-2.18333330","name":"Kwamen Kwesi"},{"id":"861391","latitude":"6.63333330","longitude":"-3.03333330","name":"Kwame Tawia Krom"},{"id":"861403","latitude":"7.16666670","longitude":"-2.76666670","name":"Kwamiesua"},{"id":"861413","latitude":"6.63333330","longitude":"-3.03333330","name":"Kwamteyakrom"},{"id":"861450","latitude":"6.85000000","longitude":"-2.95000000","name":"Kwasarekrom"},{"id":"861455","latitude":"7.58333330","longitude":"-2.80000000","name":"Kwasibookurom"},{"id":"861456","latitude":"7.58333330","longitude":"-2.80000000","name":"Kwasibuokrom"},{"id":"861457","latitude":"6.81666670","longitude":"-2.41666670","name":"Kwasi Kontokurom"},{"id":"861458","latitude":"6.81666670","longitude":"-2.41666670","name":"Kwasi Konto"},{"id":"861466","latitude":"7.08333330","longitude":"-2.08333330","name":"Kwaso"},{"id":"861467","latitude":"7.08333330","longitude":"-2.08333330","name":"Kwasu"},{"id":"861478","latitude":"7.41666670","longitude":"-2.30000000","name":"Kwatiregya"},{"id":"861479","latitude":"7.38333330","longitude":"-2.30000000","name":"Kwatire"},{"id":"861480","latitude":"7.41666670","longitude":"-2.30000000","name":"Kwatirija"},{"id":"861481","latitude":"7.38333330","longitude":"-2.30000000","name":"Kwatiri"},{"id":"861490","latitude":"7.31666670","longitude":"-1.96666670","name":"Kwayekesem"},{"id":"861495","latitude":"6.98333330","longitude":"-2.98333330","name":"Kwekuanya"},{"id":"861507","latitude":"6.85000000","longitude":"-2.95000000","name":"Kwesakrom"},{"id":"861575","latitude":"7.26666670","longitude":"-2.76666670","name":"Kyeremasu"},{"id":"861587","latitude":"7.26666670","longitude":"-2.40000000","name":"Kyiri Bogya"},{"id":"861588","latitude":"7.90000000","longitude":"-1.71666670","name":"Kyirihani"},{"id":"861599","latitude":"8.10000000","longitude":"-1.71666670","name":"Lafiaru"},{"id":"861688","latitude":"8.13333330","longitude":"-2.25000000","name":"Laura"},{"id":"861728","latitude":"8.30000000","longitude":"-2.23333330","name":"Lobia"},{"id":"861760","latitude":"8.18333330","longitude":"-1.88333330","name":"Longoro"},{"id":"861799","latitude":"8.13333330","longitude":"-2.25000000","name":"Luru"},{"id":"861801","latitude":"6.98333330","longitude":"-2.21666670","name":"Maaban"},{"id":"861805","latitude":"7.23333330","longitude":"-2.88333330","name":"Maase"},{"id":"861811","latitude":"6.98333330","longitude":"-2.21666670","name":"Mabang"},{"id":"861866","latitude":"6.93333330","longitude":"-2.23333330","name":"Mamfu"},{"id":"861912","latitude":"6.93333330","longitude":"-2.23333330","name":"Manfo"},{"id":"861915","latitude":"6.93333330","longitude":"-2.23333330","name":"Manfu"},{"id":"861976","latitude":"7.98333330","longitude":"-1.93333330","name":"Mansia"},{"id":"861977","latitude":"7.98333330","longitude":"-1.93333330","name":"Mansie"},{"id":"861991","latitude":"7.20000000","longitude":"-2.83333330","name":"Manteware"},{"id":"861992","latitude":"7.20000000","longitude":"-2.83333330","name":"Mantiwari"},{"id":"861995","latitude":"7.38333330","longitude":"-2.38333330","name":"Mantukwa"},{"id":"862018","latitude":"7.23333330","longitude":"-2.88333330","name":"Maso"},{"id":"862040","latitude":"7.86666670","longitude":"-2.68333330","name":"Mayara"},{"id":"862043","latitude":"7.86666670","longitude":"-2.68333330","name":"Mayera"},{"id":"862067","latitude":"6.78333330","longitude":"-2.43333330","name":"Mehaini"},{"id":"862068","latitude":"6.78333330","longitude":"-2.43333330","name":"Mehame"},{"id":"862069","latitude":"6.78333330","longitude":"-2.43333330","name":"Mehami"},{"id":"862091","latitude":"7.93333330","longitude":"-2.38333330","name":"Menji"},{"id":"862092","latitude":"7.93333330","longitude":"-2.38333330","name":"Mennye"},{"id":"862122","latitude":"7.61666670","longitude":"-2.70000000","name":"Meremano"},{"id":"862178","latitude":"6.90000000","longitude":"-2.56666670","name":"Mim"},{"id":"862179","latitude":"6.93333330","longitude":"-2.61666670","name":"Mim Mohu"},{"id":"862180","latitude":"6.93333330","longitude":"-2.61666670","name":"Mim Muohu"},{"id":"862209","latitude":"7.70000000","longitude":"-1.85000000","name":"Mmaaso"},{"id":"862212","latitude":"6.90000000","longitude":"-2.56666670","name":"Mmem"},{"id":"862260","latitude":"7.86666670","longitude":"-2.73333330","name":"More"},{"id":"862262","latitude":"7.86666670","longitude":"-2.73333330","name":"Morie"},{"id":"862310","latitude":"7.48333330","longitude":"-2.58333330","name":"Mpatase"},{"id":"862365","latitude":"7.71666670","longitude":"-2.80000000","name":"Mpuasu"},{"id":"862610","latitude":"7.51666670","longitude":"-2.55000000","name":"Namasua"},{"id":"862716","latitude":"7.96666670","longitude":"-1.73333330","name":"Nante"},{"id":"862741","latitude":"7.78333330","longitude":"-2.53333330","name":"Nasana"},{"id":"862823","latitude":"7.88333330","longitude":"-1.98333330","name":"Nchira"},{"id":"862865","latitude":"7.65000000","longitude":"-2.85000000","name":"New Drobo"},{"id":"862869","latitude":"8.15000000","longitude":"-2.01666670","name":"New Longoro"},{"id":"862879","latitude":"7.78333330","longitude":"-1.70000000","name":"New Senya"},{"id":"862912","latitude":"8.11666670","longitude":"-2.28333330","name":"Ngre"},{"id":"862914","latitude":"7.68333330","longitude":"-2.60000000","name":"Ngungoasisi"},{"id":"862970","latitude":"8.11666670","longitude":"-2.11666670","name":"Nipadikru"},{"id":"862985","latitude":"7.85000000","longitude":"-2.35000000","name":"Njau"},{"id":"862994","latitude":"8.03333330","longitude":"-1.76666670","name":"Nkaneku"},{"id":"862997","latitude":"7.68333330","longitude":"-2.60000000","name":"Nkankasisi"},{"id":"862998","latitude":"6.86666670","longitude":"-2.43333330","name":"Nkasaam"},{"id":"863000","latitude":"6.86666670","longitude":"-2.43333330","name":"Nkaseim"},{"id":"863018","latitude":"7.30000000","longitude":"-1.88333330","name":"Nkenkaso"},{"id":"863024","latitude":"7.31666670","longitude":"-2.10000000","name":"Nkinkanso"},{"id":"863025","latitude":"7.31666670","longitude":"-2.10000000","name":"Nkinkaso"},{"id":"863036","latitude":"7.66666670","longitude":"-2.10000000","name":"Nkonsia"},{"id":"863045","latitude":"7.88333330","longitude":"-2.31666670","name":"Nkorang"},{"id":"863046","latitude":"7.88333330","longitude":"-2.31666670","name":"Nkoran Kwagya"},{"id":"863059","latitude":"6.90000000","longitude":"-2.48333330","name":"Nkranfokrom"},{"id":"863060","latitude":"6.90000000","longitude":"-2.48333330","name":"Nkranfokurom Number 2"},{"id":"863065","latitude":"7.01944440","longitude":"-3.04333330","name":"Nkrankwanta"},{"id":"863092","latitude":"7.66666670","longitude":"-2.10000000","name":"Nkunsia"},{"id":"863107","latitude":"7.55000000","longitude":"-1.98333330","name":"Nkwaeso"},{"id":"863108","latitude":"7.55000000","longitude":"-1.98333330","name":"Nkwaiso"},{"id":"863112","latitude":"7.21666670","longitude":"-1.96666670","name":"Nkwakyere"},{"id":"863114","latitude":"6.98333330","longitude":"-2.98333330","name":"Nkwankwanua"},{"id":"863130","latitude":"7.16666670","longitude":"-2.10000000","name":"Nkwanta"},{"id":"863150","latitude":"7.88333330","longitude":"-1.98333330","name":"Nkyeraa"},{"id":"863163","latitude":"7.85000000","longitude":"-2.35000000","name":"Nnyau"},{"id":"863199","latitude":"7.71666670","longitude":"-2.80000000","name":"Npuasu"},{"id":"863213","latitude":"7.43333330","longitude":"-2.61666670","name":"Nsapaw"},{"id":"863214","latitude":"7.43333330","longitude":"-2.61666670","name":"Nsapor"},{"id":"863219","latitude":"7.86666670","longitude":"-2.31666670","name":"Nsawkaw"},{"id":"863220","latitude":"7.85000000","longitude":"-2.78333330","name":"Nsawnsawmia"},{"id":"863223","latitude":"7.31666670","longitude":"-2.81666670","name":"Nsenie"},{"id":"863225","latitude":"7.31666670","longitude":"-2.81666670","name":"Nsenye"},{"id":"863226","latitude":"7.45000000","longitude":"-2.93333330","name":"Nsesreso"},{"id":"863232","latitude":"7.40000000","longitude":"-2.46666670","name":"Nsoatre"},{"id":"863233","latitude":"7.86666670","longitude":"-2.31666670","name":"Nsoko"},{"id":"863235","latitude":"7.85000000","longitude":"-2.78333330","name":"Nsonsommea"},{"id":"863247","latitude":"7.26666670","longitude":"-2.01666670","name":"Nsuansa"},{"id":"863250","latitude":"7.26666670","longitude":"-2.01666670","name":"Nsuansewa"},{"id":"863253","latitude":"7.40000000","longitude":"-2.46666670","name":"Nsuatre"},{"id":"863260","latitude":"7.40000000","longitude":"-1.86666670","name":"Nsuguasu"},{"id":"863261","latitude":"7.18333330","longitude":"-2.90000000","name":"Nsuhia"},{"id":"863272","latitude":"7.33333330","longitude":"-2.01666670","name":"Nsuontam"},{"id":"863274","latitude":"7.33333330","longitude":"-2.01666670","name":"Nsuontem Number 1"},{"id":"863281","latitude":"7.46666670","longitude":"-2.05000000","name":"Nsuta"},{"id":"863289","latitude":"7.21666670","longitude":"-2.00000000","name":"Ntadiem Number 2"},{"id":"863294","latitude":"8.23333330","longitude":"-1.76666670","name":"Ntanban"},{"id":"863300","latitude":"8.23333330","longitude":"-1.76666670","name":"Ntariban"},{"id":"863308","latitude":"7.43333330","longitude":"-2.25000000","name":"Ntensere"},{"id":"863310","latitude":"7.45000000","longitude":"-2.93333330","name":"Ntereso"},{"id":"863318","latitude":"7.21666670","longitude":"-2.00000000","name":"Ntiadom"},{"id":"863323","latitude":"7.43333330","longitude":"-2.25000000","name":"Ntinsri"},{"id":"863326","latitude":"7.21666670","longitude":"-2.95000000","name":"Ntoasua"},{"id":"863334","latitude":"7.06666670","longitude":"-2.31666670","name":"Ntotroso"},{"id":"863406","latitude":"7.91666670","longitude":"-2.71666670","name":"Nwereme"},{"id":"863411","latitude":"7.83333330","longitude":"-2.01666670","name":"Nwoase"},{"id":"863412","latitude":"7.83333330","longitude":"-2.01666670","name":"Nwoasi"},{"id":"863455","latitude":"7.63333330","longitude":"-2.73333330","name":"Nyamefie"},{"id":"863484","latitude":"7.63333330","longitude":"-2.73333330","name":"Nyami"},{"id":"863664","latitude":"8.03333330","longitude":"-2.30000000","name":"Oboase"},{"id":"863713","latitude":"8.03333330","longitude":"-2.30000000","name":"Obuasi"},{"id":"863790","latitude":"7.36666670","longitude":"-2.31666670","name":"Odumase"},{"id":"863798","latitude":"7.36666670","longitude":"-2.31666670","name":"Odumasi"},{"id":"863844","latitude":"7.78333330","longitude":"-1.96666670","name":"Ofoman"},{"id":"863866","latitude":"7.78333330","longitude":"-1.96666670","name":"Ofuman"},{"id":"863917","latitude":"6.95000000","longitude":"-3.03333330","name":"Okirakrom"},{"id":"863978","latitude":"8.18333330","longitude":"-1.88333330","name":"Old Longoro"},{"id":"863990","latitude":"7.93333330","longitude":"-2.05000000","name":"Old Subinso"},{"id":"864213","latitude":"7.85000000","longitude":"-1.83333330","name":"Pamdu"},{"id":"864227","latitude":"7.28333330","longitude":"-2.88333330","name":"Pamu"},{"id":"864233","latitude":"7.85000000","longitude":"-1.81666670","name":"Paninamisa"},{"id":"864353","latitude":"7.85000000","longitude":"-1.81666670","name":"Peniamisa"},{"id":"864428","latitude":"7.65000000","longitude":"-1.73333330","name":"Pinehi"},{"id":"864430","latitude":"7.65000000","longitude":"-1.73333330","name":"Pinihi"},{"id":"864460","latitude":"7.73333330","longitude":"-2.41666670","name":"Pobire"},{"id":"864466","latitude":"7.65000000","longitude":"-2.81666670","name":"Pofuko"},{"id":"864480","latitude":"6.66666670","longitude":"-2.81666670","name":"Pomaakurom"},{"id":"864483","latitude":"6.66666670","longitude":"-2.81666670","name":"Pomakrom"},{"id":"864582","latitude":"8.16666670","longitude":"-1.70000000","name":"Pumpuano"},{"id":"864583","latitude":"8.16666670","longitude":"-1.70000000","name":"Pumpuanu"},{"id":"864584","latitude":"8.01666670","longitude":"-1.70000000","name":"Pumpuatifi"},{"id":"864585","latitude":"8.01666670","longitude":"-1.70000000","name":"Pumpumtifi"},{"id":"864644","latitude":"8.06666670","longitude":"-2.35000000","name":"Sabiya"},{"id":"864645","latitude":"8.06666670","longitude":"-2.35000000","name":"Sabiyi"},{"id":"864653","latitude":"8.05000000","longitude":"-1.90000000","name":"Sabule"},{"id":"864746","latitude":"8.16666670","longitude":"-1.81666670","name":"Salipe"},{"id":"864757","latitude":"6.65000000","longitude":"-3.08333330","name":"Samakro"},{"id":"864773","latitude":"8.13333330","longitude":"-2.38333330","name":"Samba"},{"id":"864797","latitude":"7.95000000","longitude":"-2.70000000","name":"Sampa"},{"id":"864816","latitude":"8.10000000","longitude":"-2.61666670","name":"Sanbasi"},{"id":"864817","latitude":"8.10000000","longitude":"-2.61666670","name":"Sanbusi"},{"id":"864966","latitude":"8.11666670","longitude":"-1.71666670","name":"Sawboi"},{"id":"864986","latitude":"6.76666670","longitude":"-2.85000000","name":"Sebebia"},{"id":"864987","latitude":"6.76666670","longitude":"-2.85000000","name":"Sebebiaso"},{"id":"864989","latitude":"7.60000000","longitude":"-2.85000000","name":"Sebrenu"},{"id":"864999","latitude":"7.71666670","longitude":"-2.51666670","name":"Seekwa"},{"id":"865030","latitude":"7.81666670","longitude":"-2.76666670","name":"Seketia"},{"id":"865031","latitude":"7.81666670","longitude":"-2.76666670","name":"Sekitia"},{"id":"865045","latitude":"7.71666670","longitude":"-2.51666670","name":"Sekwa"},{"id":"865061","latitude":"7.43333330","longitude":"-2.58333330","name":"Senase"},{"id":"865062","latitude":"7.43333330","longitude":"-2.58333330","name":"Senasi"},{"id":"865077","latitude":"7.10000000","longitude":"-3.01666670","name":"Senikrom"},{"id":"865093","latitude":"7.78333330","longitude":"-1.70000000","name":"Senya"},{"id":"865200","latitude":"7.65000000","longitude":"-1.76666670","name":"Sikaa"},{"id":"865203","latitude":"6.86666670","longitude":"-2.26666670","name":"Sika Frebogya"},{"id":"865204","latitude":"6.86666670","longitude":"-2.26666670","name":"Sikafremoja"},{"id":"865212","latitude":"7.65000000","longitude":"-1.76666670","name":"Sika"},{"id":"865213","latitude":"7.95000000","longitude":"-2.70000000","name":"Sikasiko"},{"id":"865267","latitude":"8.05000000","longitude":"-1.95000000","name":"Siso"},{"id":"865322","latitude":"8.16666670","longitude":"-1.81666670","name":"Solibe"},{"id":"865323","latitude":"8.16666670","longitude":"-1.81666670","name":"Soligboi"},{"id":"865369","latitude":"8.03333330","longitude":"-1.90000000","name":"Sora"},{"id":"865389","latitude":"7.35000000","longitude":"-1.96666670","name":"Sraniso Number 1"},{"id":"865390","latitude":"7.31666670","longitude":"-2.00000000","name":"Sraniso Number 2"},{"id":"865391","latitude":"7.31666670","longitude":"-2.00000000","name":"Sraniso"},{"id":"865399","latitude":"7.28333330","longitude":"-2.91666670","name":"Sromani"},{"id":"865411","latitude":"7.43333330","longitude":"-2.51666670","name":"Suatre Amanfoso"},{"id":"865412","latitude":"7.40000000","longitude":"-2.46666670","name":"Suatre"},{"id":"865416","latitude":"7.73333330","longitude":"-2.06666670","name":"Subinagya"},{"id":"865418","latitude":"7.73333330","longitude":"-2.06666670","name":"Subinja"},{"id":"865421","latitude":"7.93333330","longitude":"-2.05000000","name":"Subinso"},{"id":"865435","latitude":"7.30000000","longitude":"-2.01666670","name":"Subriso"},{"id":"865454","latitude":"7.18333330","longitude":"-2.90000000","name":"Suhien"},{"id":"865500","latitude":"7.33333330","longitude":"-2.33333330","name":"Sunyani"},{"id":"865517","latitude":"7.28333330","longitude":"-2.91666670","name":"Suromani"},{"id":"865522","latitude":"7.21666670","longitude":"-2.11666670","name":"Susanho"},{"id":"865523","latitude":"7.25000000","longitude":"-2.23333330","name":"Susanso"},{"id":"865524","latitude":"7.25000000","longitude":"-2.23333330","name":"Susuanso"},{"id":"865584","latitude":"7.60000000","longitude":"-2.46666670","name":"Tainano"},{"id":"865585","latitude":"7.73333330","longitude":"-2.75000000","name":"Taino Number 1"},{"id":"865586","latitude":"7.75000000","longitude":"-2.75000000","name":"Taino Number 2"},{"id":"865587","latitude":"7.78333330","longitude":"-2.20000000","name":"Tainso"},{"id":"865593","latitude":"7.60000000","longitude":"-1.93333330","name":"Takofiano"},{"id":"865616","latitude":"7.45000000","longitude":"-2.08333330","name":"Takwaim"},{"id":"865621","latitude":"7.45000000","longitude":"-2.08333330","name":"Takwayem"},{"id":"865626","latitude":"7.58333330","longitude":"-1.93333330","name":"Takyiman"},{"id":"865690","latitude":"7.31666670","longitude":"-2.16666670","name":"Tananaw"},{"id":"865702","latitude":"7.78333330","longitude":"-1.76666670","name":"Tanfiano"},{"id":"865717","latitude":"7.68333330","longitude":"-1.71666670","name":"Tankaw"},{"id":"865718","latitude":"8.25000000","longitude":"-2.23333330","name":"Tankomia"},{"id":"865720","latitude":"7.68333330","longitude":"-1.71666670","name":"Tanko"},{"id":"865731","latitude":"7.28333330","longitude":"-2.25000000","name":"Tanoso"},{"id":"865762","latitude":"7.50000000","longitude":"-1.95000000","name":"Tarieso"},{"id":"865778","latitude":"8.30000000","longitude":"-2.13333330","name":"Tasirima"},{"id":"865818","latitude":"7.58333330","longitude":"-1.93333330","name":"Techiman"},{"id":"865820","latitude":"7.18333330","longitude":"-2.03333330","name":"Techimantia"},{"id":"865822","latitude":"7.18333330","longitude":"-2.03333330","name":"Techimentia"},{"id":"865824","latitude":"7.21666670","longitude":"-2.18333330","name":"Techiri"},{"id":"865838","latitude":"7.60000000","longitude":"-2.46666670","name":"Teinso"},{"id":"865842","latitude":"7.70000000","longitude":"-2.70000000","name":"Tekese"},{"id":"865846","latitude":"7.58333330","longitude":"-1.93333330","name":"Tekyiman-Brong"},{"id":"865849","latitude":"7.58333330","longitude":"-1.93333330","name":"Tekyiman"},{"id":"865852","latitude":"7.21666670","longitude":"-2.18333330","name":"Tekyire"},{"id":"865862","latitude":"8.06666670","longitude":"-1.85000000","name":"Temebaabi"},{"id":"865863","latitude":"8.06666670","longitude":"-1.85000000","name":"Temebabi"},{"id":"865875","latitude":"7.13333330","longitude":"-2.73333330","name":"Tenewonan"},{"id":"865891","latitude":"7.00000000","longitude":"-2.16666670","name":"Tepa"},{"id":"865892","latitude":"7.00000000","longitude":"-2.16666670","name":"Tepi"},{"id":"865894","latitude":"7.00000000","longitude":"-2.16666670","name":"Teppa"},{"id":"865902","latitude":"8.30000000","longitude":"-2.13333330","name":"Teselima"},{"id":"865907","latitude":"8.30000000","longitude":"-2.13333330","name":"Tesilima"},{"id":"865941","latitude":"7.48333330","longitude":"-2.60000000","name":"Tewbabi"},{"id":"865971","latitude":"8.13333330","longitude":"-1.76666670","name":"Tiklakuma"},{"id":"866042","latitude":"7.48333330","longitude":"-2.60000000","name":"Tiwobabi"},{"id":"866081","latitude":"8.30000000","longitude":"-2.13333330","name":"Toisirima"},{"id":"866211","latitude":"7.13333330","longitude":"-2.73333330","name":"Trewonan"},{"id":"866217","latitude":"7.13333330","longitude":"-2.73333330","name":"Tromang"},{"id":"866218","latitude":"7.55000000","longitude":"-2.15000000","name":"Tromeso"},{"id":"866221","latitude":"7.13333330","longitude":"-2.73333330","name":"Tronang"},{"id":"866222","latitude":"7.55000000","longitude":"-2.15000000","name":"Trumiso"},{"id":"866271","latitude":"6.81666670","longitude":"-2.85000000","name":"Tuakrom"},{"id":"866274","latitude":"7.28333330","longitude":"-2.75000000","name":"Tuasuano"},{"id":"866328","latitude":"7.63333330","longitude":"-1.90000000","name":"Tuobodom"},{"id":"866329","latitude":"7.63333330","longitude":"-1.90000000","name":"Tuobodum"},{"id":"866349","latitude":"6.81666670","longitude":"-2.41666670","name":"Twabidi Number 2"},{"id":"866354","latitude":"7.26666670","longitude":"-2.93333330","name":"Tweapease"},{"id":"866366","latitude":"7.20000000","longitude":"-2.16666670","name":"Twewaaho Number 1"},{"id":"866373","latitude":"7.35000000","longitude":"-2.80000000","name":"Twinkrom"},{"id":"866377","latitude":"7.35000000","longitude":"-2.80000000","name":"Twumkurom"},{"id":"866468","latitude":"8.15000000","longitude":"-1.73333330","name":"Vornyeanu"},{"id":"866537","latitude":"7.10000000","longitude":"-2.35000000","name":"Wamahiniso"},{"id":"866538","latitude":"7.10000000","longitude":"-2.35000000","name":"Wamahinso"},{"id":"866540","latitude":"7.26666670","longitude":"-2.71666670","name":"Wamanafo"},{"id":"866541","latitude":"7.26666670","longitude":"-2.71666670","name":"Wamanfo"},{"id":"866547","latitude":"7.30000000","longitude":"-2.70000000","name":"Wamfie"},{"id":"866626","latitude":"8.10000000","longitude":"-1.96666670","name":"Weila"},{"id":"866637","latitude":"7.73333330","longitude":"-2.10000000","name":"Wenchi"},{"id":"866653","latitude":"8.08333330","longitude":"-2.40000000","name":"Wewa"},{"id":"866803","latitude":"7.73333330","longitude":"-2.46666670","name":"Wurompon"},{"id":"866829","latitude":"7.71666670","longitude":"-2.70000000","name":"Yaamansa"},{"id":"866845","latitude":"8.06666670","longitude":"-1.78333330","name":"Yabraso"},{"id":"866879","latitude":"7.08611110","longitude":"-3.01916670","name":"Yakrou"},{"id":"866891","latitude":"6.76666670","longitude":"-3.20000000","name":"Yamatwa"},{"id":"866895","latitude":"6.86666670","longitude":"-2.56666670","name":"Yamensakrom"},{"id":"866897","latitude":"6.76666670","longitude":"-3.20000000","name":"Yametwa"},{"id":"866898","latitude":"6.76666670","longitude":"-3.20000000","name":"Yametwo"},{"id":"866900","latitude":"7.21666670","longitude":"-2.23333330","name":"Yamfo"},{"id":"866901","latitude":"7.21666670","longitude":"-2.23333330","name":"Yamfu"},{"id":"866926","latitude":"7.20000000","longitude":"-2.95000000","name":"Yaokrom"},{"id":"866932","latitude":"7.71666670","longitude":"-2.70000000","name":"Yaomanso"},{"id":"866966","latitude":"7.20000000","longitude":"-2.95000000","name":"Yawkurom"},{"id":"866967","latitude":"6.86666670","longitude":"-2.56666670","name":"Yaw Mensa Kurom Mumber 2"},{"id":"866976","latitude":"7.68333330","longitude":"-1.75000000","name":"Yefiri"},{"id":"866977","latitude":"7.68333330","longitude":"-1.75000000","name":"Yefri"},{"id":"867011","latitude":"8.45000000","longitude":"-2.15000000","name":"Yidala"},{"id":"867026","latitude":"8.45000000","longitude":"-2.15000000","name":"Yipara"},{"id":"867173","latitude":"7.73333330","longitude":"-2.86666670","name":"Zezera"},{"id":"867174","latitude":"7.73333330","longitude":"-2.86666670","name":"Zezigra"},{"id":"867217","latitude":"8.13333330","longitude":"-2.60000000","name":"Zoba"},{"id":"867218","latitude":"8.13333330","longitude":"-2.60000000","name":"Zobo"},{"id":"867243","latitude":"7.96666670","longitude":"-1.73333330","name":"Zongo Dagi"},{"id":"867244","latitude":"7.96666670","longitude":"-1.73333330","name":"Zongo Dagyi"}]