[{"id":"867316","latitude":"68.16666670","longitude":"-52.83333330","name":"Aalatsivik"},{"id":"867317","latitude":"72.88333330","longitude":"-55.60000000","name":"Aappilattoq"},{"id":"867318","latitude":"72.88333330","longitude":"-55.60000000","name":"Aappilattorq"},{"id":"867319","latitude":"68.71666670","longitude":"-52.86666670","name":"Aasiaat"},{"id":"867320","latitude":"62.20000000","longitude":"-49.33333330","name":"Aasivik"},{"id":"867321","latitude":"60.55000000","longitude":"-45.46666670","name":"Agdluitsoq"},{"id":"867322","latitude":"60.45000000","longitude":"-45.55000000","name":"Agdluitsup P\u00e2"},{"id":"867323","latitude":"65.66666670","longitude":"-53.18333330","name":"Agpamiut"},{"id":"867325","latitude":"69.76666670","longitude":"-51.31666670","name":"Agpat"},{"id":"867326","latitude":"67.95000000","longitude":"-53.63333330","name":"Agto"},{"id":"867327","latitude":"67.86666670","longitude":"-53.60000000","name":"Akigsungek"},{"id":"867330","latitude":"67.86666670","longitude":"-53.60000000","name":"Akiqsserniak"},{"id":"867331","latitude":"68.66666670","longitude":"-51.25000000","name":"Akugdlek"},{"id":"867332","latitude":"68.38333330","longitude":"-53.33333330","name":"Akugdl\u00eet"},{"id":"867333","latitude":"60.46666670","longitude":"-45.48333330","name":"Akuliarusek"},{"id":"867334","latitude":"71.03333330","longitude":"-51.96666670","name":"Akuliaruseq"},{"id":"867335","latitude":"68.38333330","longitude":"-53.33333330","name":"Akulliit"},{"id":"867336","latitude":"68.75000000","longitude":"-52.33333330","name":"Akumak"},{"id":"867337","latitude":"68.75000000","longitude":"-52.33333330","name":"Ak\u00fan\u00e2q"},{"id":"867338","latitude":"68.75000000","longitude":"-52.33333330","name":"Akunnaaq"},{"id":"867339","latitude":"60.55000000","longitude":"-45.46666670","name":"Alluitsoq"},{"id":"867340","latitude":"60.45000000","longitude":"-45.55000000","name":"Alluitsup Paa"},{"id":"867341","latitude":"66.93333330","longitude":"-53.68333330","name":"Amerdlok"},{"id":"867343","latitude":"60.60000000","longitude":"-45.38333330","name":"Ammassivik"},{"id":"867348","latitude":"60.08333330","longitude":"-44.21666670","name":"Anordliuitsoq"},{"id":"867349","latitude":"60.08333330","longitude":"-44.21666670","name":"Anorliuitsoq"},{"id":"867351","latitude":"65.66666670","longitude":"-53.18333330","name":"Appamiut"},{"id":"867352","latitude":"70.91666670","longitude":"-52.16666670","name":"Appat"},{"id":"867355","latitude":"67.86666670","longitude":"-53.60000000","name":"Aqigsserniaq"},{"id":"867356","latitude":"67.86666670","longitude":"-53.60000000","name":"Aqisserniaq"},{"id":"867357","latitude":"69.85000000","longitude":"-50.70000000","name":"Arsivik"},{"id":"867358","latitude":"61.16666670","longitude":"-48.45000000","name":"Arsuk"},{"id":"867359","latitude":"60.55000000","longitude":"-45.23333330","name":"Asatdlut"},{"id":"867360","latitude":"66.91666670","longitude":"-53.46666670","name":"Assaqutaq"},{"id":"867361","latitude":"69.76666670","longitude":"-50.95000000","name":"Ataa"},{"id":"867362","latitude":"69.76666670","longitude":"-50.95000000","name":"At\u00e2"},{"id":"867363","latitude":"64.80000000","longitude":"-52.21666670","name":"Atammik"},{"id":"867364","latitude":"64.80000000","longitude":"-52.21666670","name":"Atangmik"},{"id":"867365","latitude":"70.31666670","longitude":"-53.00000000","name":"Atarta"},{"id":"867366","latitude":"67.95000000","longitude":"-53.63333330","name":"Attu"},{"id":"867367","latitude":"72.88333330","longitude":"-55.60000000","name":"Augpaiartok"},{"id":"867368","latitude":"72.88333330","longitude":"-55.60000000","name":"Augpalartok"},{"id":"867369","latitude":"72.88333330","longitude":"-55.60000000","name":"Augpilagtok"},{"id":"867370","latitude":"72.88333330","longitude":"-55.60000000","name":"Augpilagtoq"},{"id":"867371","latitude":"68.16666670","longitude":"-52.83333330","name":"Aulatsivik"},{"id":"867372","latitude":"69.43333330","longitude":"-52.45000000","name":"Aumarutigssat"},{"id":"867373","latitude":"68.71666670","longitude":"-52.86666670","name":"Ausiait"},{"id":"867374","latitude":"62.20000000","longitude":"-49.33333330","name":"Aussivik"},{"id":"867375","latitude":"70.70000000","longitude":"-54.58333330","name":"Autdlainiarfinguaq"},{"id":"867376","latitude":"69.11666670","longitude":"-51.08333330","name":"Avangnardlit"},{"id":"867377","latitude":"62.23333330","longitude":"-49.83333330","name":"Avigaat"},{"id":"867378","latitude":"62.23333330","longitude":"-49.83333330","name":"Avigait"},{"id":"867379","latitude":"66.91666670","longitude":"-53.46666670","name":"Avssaq\u00fataq"},{"id":"867380","latitude":"66.98333330","longitude":"-50.93333330","name":"Camp Lloyd"},{"id":"867382","latitude":"68.81666670","longitude":"-51.18333330","name":"Christianshaab"},{"id":"867383","latitude":"68.81666670","longitude":"-51.18333330","name":"Christiansh\u00e5b"},{"id":"867384","latitude":"69.08333330","longitude":"-51.11666670","name":"Claushavn"},{"id":"867385","latitude":"69.48333330","longitude":"-53.95000000","name":"Diskofjord"},{"id":"867387","latitude":"76.55000000","longitude":"-68.80000000","name":"Dundas"},{"id":"867388","latitude":"59.98333330","longitude":"-44.70000000","name":"East Proven"},{"id":"867389","latitude":"68.71666670","longitude":"-52.86666670","name":"Egedesminde"},{"id":"867390","latitude":"69.98333330","longitude":"-51.43333330","name":"Ekogfat"},{"id":"867391","latitude":"60.61666670","longitude":"-45.91666670","name":"Eqalugaarsuit"},{"id":"867392","latitude":"69.13333330","longitude":"-51.08333330","name":"Eqi"},{"id":"867394","latitude":"69.48333330","longitude":"-53.95000000","name":"Erkigtok"},{"id":"867396","latitude":"69.48333330","longitude":"-53.95000000","name":"Evkitsok"},{"id":"867397","latitude":"63.70000000","longitude":"-51.55000000","name":"F\u00e6ringehavn"},{"id":"867398","latitude":"63.70000000","longitude":"-51.55000000","name":"Faeringerhavnen"},{"id":"867400","latitude":"63.08333330","longitude":"-50.66666670","name":"Fiskenaes"},{"id":"867401","latitude":"63.08333330","longitude":"-50.66666670","name":"Fisken\u00e6sset"},{"id":"867402","latitude":"63.08333330","longitude":"-50.66666670","name":"Fiskengesset"},{"id":"867403","latitude":"63.08333330","longitude":"-50.66666670","name":"Fiskern\u00e6s"},{"id":"867404","latitude":"60.00305560","longitude":"-44.66361110","name":"Frederiksdal"},{"id":"867405","latitude":"62.00000000","longitude":"-49.75000000","name":"Frederikshaab"},{"id":"867406","latitude":"62.00000000","longitude":"-49.75000000","name":"Frederiksh\u00e5b"},{"id":"867407","latitude":"67.65000000","longitude":"-53.58333330","name":"Gamle Egedesminde"},{"id":"867408","latitude":"70.03333330","longitude":"-52.95000000","name":"Gamle Qutdligssat"},{"id":"867409","latitude":"65.83333330","longitude":"-53.33333330","name":"Gammel Sukkertoppen"},{"id":"867410","latitude":"69.25000000","longitude":"-53.55000000","name":"Godhavn"},{"id":"867411","latitude":"64.18333330","longitude":"-51.75000000","name":"Godthaab"},{"id":"867412","latitude":"64.18333330","longitude":"-51.75000000","name":"Godth\u00e5b"},{"id":"867413","latitude":"61.23333330","longitude":"-48.10000000","name":"Gr\u00f8nnedal"},{"id":"867414","latitude":"66.98333330","longitude":"-50.93333330","name":"Harbor Camp"},{"id":"867415","latitude":"59.98333330","longitude":"-44.70000000","name":"Herjolfsnes"},{"id":"867416","latitude":"66.93333330","longitude":"-53.68333330","name":"Holsteinborg"},{"id":"867417","latitude":"66.93333330","longitude":"-53.68333330","name":"Holsteinsborg"},{"id":"867418","latitude":"66.93333330","longitude":"-53.68333330","name":"Holstenborg"},{"id":"867419","latitude":"66.93333330","longitude":"-53.68333330","name":"Holstensborg"},{"id":"867420","latitude":"68.85000000","longitude":"-53.11666670","name":"Hunde Ejland"},{"id":"867421","latitude":"60.98333330","longitude":"-45.41666670","name":"Igaliko"},{"id":"867422","latitude":"60.98333330","longitude":"-45.41666670","name":"Igaliku"},{"id":"867423","latitude":"70.05000000","longitude":"-54.83333330","name":"Igdloluarsuit"},{"id":"867424","latitude":"60.45000000","longitude":"-45.33333330","name":"Igdlorpait"},{"id":"867427","latitude":"71.23333330","longitude":"-53.56666670","name":"Igdlorssuit"},{"id":"867428","latitude":"71.23333330","longitude":"-53.56666670","name":"Igdlorsuit"},{"id":"867429","latitude":"72.66666670","longitude":"-56.15000000","name":"Igdluiartorfik"},{"id":"867430","latitude":"72.20000000","longitude":"-55.81666670","name":"Igdlukavsak"},{"id":"867431","latitude":"72.23333330","longitude":"-55.93333330","name":"Igdlukorssuit"},{"id":"867432","latitude":"74.35000000","longitude":"-56.70000000","name":"Igdluligssuak"},{"id":"867433","latitude":"74.35000000","longitude":"-56.70000000","name":"Igdlulik"},{"id":"867435","latitude":"70.05000000","longitude":"-54.83333330","name":"Igdluluarssuit"},{"id":"867437","latitude":"64.25000000","longitude":"-50.96666670","name":"Igdl\u00fanguaq"},{"id":"867438","latitude":"68.15000000","longitude":"-53.16666670","name":"Ig\u00edniarfik"},{"id":"867439","latitude":"68.15000000","longitude":"-53.16666670","name":"Iginniarfik"},{"id":"867444","latitude":"68.63333330","longitude":"-51.83333330","name":"Ikamiut"},{"id":"867446","latitude":"66.81666670","longitude":"-53.10000000","name":"Iker\u00e2rssuk"},{"id":"867447","latitude":"68.13333330","longitude":"-53.53333330","name":"Ikerasaarsuk"},{"id":"867448","latitude":"60.05000000","longitude":"-43.16666670","name":"Ikerasagssuak"},{"id":"867450","latitude":"70.50000000","longitude":"-51.30000000","name":"Ikerasak"},{"id":"867451","latitude":"68.13333330","longitude":"-53.53333330","name":"Ikeras\u00e2rssuk"},{"id":"867452","latitude":"60.05000000","longitude":"-43.16666670","name":"Ikerasassuaq"},{"id":"867455","latitude":"59.98333330","longitude":"-44.70000000","name":"Ikigait"},{"id":"867456","latitude":"65.63333330","longitude":"-52.80000000","name":"Ikkamiut"},{"id":"867457","latitude":"69.98333330","longitude":"-51.43333330","name":"Ikorfat"},{"id":"867458","latitude":"69.08333330","longitude":"-51.11666670","name":"Ilimanaq"},{"id":"867459","latitude":"60.11666670","longitude":"-45.21666670","name":"Ilivileq"},{"id":"867461","latitude":"60.45000000","longitude":"-45.33333330","name":"Illorpaat"},{"id":"867462","latitude":"71.23333330","longitude":"-53.56666670","name":"Illorsuit"},{"id":"867463","latitude":"74.35000000","longitude":"-56.70000000","name":"Illulik"},{"id":"867464","latitude":"69.25000000","longitude":"-53.55000000","name":"Iluilek"},{"id":"867465","latitude":"69.21666670","longitude":"-51.10000000","name":"Ilulisat"},{"id":"867466","latitude":"69.21666670","longitude":"-51.10000000","name":"Ilulissat"},{"id":"867467","latitude":"68.45000000","longitude":"-53.50000000","name":"Innalik"},{"id":"867468","latitude":"70.03333330","longitude":"-50.53333330","name":"Inugsuk"},{"id":"867469","latitude":"70.03333330","longitude":"-50.53333330","name":"Inussuk"},{"id":"867470","latitude":"60.50000000","longitude":"-45.28333330","name":"Ippik"},{"id":"867473","latitude":"60.35000000","longitude":"-45.41666670","name":"Isua"},{"id":"867474","latitude":"60.91666670","longitude":"-45.30000000","name":"Iterdlak"},{"id":"867475","latitude":"60.91666670","longitude":"-45.30000000","name":"Iterlak"},{"id":"867477","latitude":"66.58333330","longitude":"-53.50000000","name":"Itilleq"},{"id":"867479","latitude":"66.58333330","longitude":"-53.50000000","name":"Itivdlek"},{"id":"867481","latitude":"66.58333330","longitude":"-53.50000000","name":"Itivdleq"},{"id":"867482","latitude":"64.38333330","longitude":"-50.40000000","name":"Itivnera"},{"id":"867490","latitude":"61.20000000","longitude":"-48.16666670","name":"Iviggut"},{"id":"867491","latitude":"61.20000000","longitude":"-48.16666670","name":"Ivigtut"},{"id":"867492","latitude":"61.20000000","longitude":"-48.16666670","name":"Ivittuut"},{"id":"867493","latitude":"68.45000000","longitude":"-53.50000000","name":"Ivnalik"},{"id":"867498","latitude":"69.21666670","longitude":"-51.10000000","name":"Jakobshavn"},{"id":"867499","latitude":"60.71666670","longitude":"-46.03333330","name":"Julianehaab"},{"id":"867500","latitude":"60.71666670","longitude":"-46.03333330","name":"Julianeh\u00e5b"},{"id":"867501","latitude":"60.71666670","longitude":"-46.03333330","name":"Julian Haab"},{"id":"867502","latitude":"70.73333330","longitude":"-52.65000000","name":"Kaersut"},{"id":"867503","latitude":"60.90000000","longitude":"-45.28333330","name":"Kagsiarsuk"},{"id":"867504","latitude":"60.78333330","longitude":"-47.16666670","name":"Kagsimiut"},{"id":"867505","latitude":"61.15000000","longitude":"-45.51666670","name":"Kagssiarssuk"},{"id":"867507","latitude":"60.71666670","longitude":"-46.03333330","name":"Kakortak"},{"id":"867508","latitude":"60.71666670","longitude":"-46.03333330","name":"Kakortok"},{"id":"867511","latitude":"65.83333330","longitude":"-53.33333330","name":"Kangaamiut"},{"id":"867512","latitude":"72.00000000","longitude":"-55.60000000","name":"Kangaarsuk"},{"id":"867513","latitude":"68.30000000","longitude":"-53.46666670","name":"Kangaatsiaq"},{"id":"867514","latitude":"65.83333330","longitude":"-53.33333330","name":"Kang\u00e2miut"},{"id":"867515","latitude":"65.83333330","longitude":"-53.33333330","name":"Kanganiut"},{"id":"867516","latitude":"72.00000000","longitude":"-55.60000000","name":"Kang\u00e2rssuk"},{"id":"867518","latitude":"68.30000000","longitude":"-53.46666670","name":"Kangatsiak"},{"id":"867519","latitude":"68.30000000","longitude":"-53.46666670","name":"Kang\u00e2tsiaq"},{"id":"867521","latitude":"64.11666670","longitude":"-52.05000000","name":"Kangek"},{"id":"867523","latitude":"64.11666670","longitude":"-52.05000000","name":"Kangeq"},{"id":"867524","latitude":"63.70000000","longitude":"-51.55000000","name":"Kangerdluarssoruseq"},{"id":"867526","latitude":"65.41666670","longitude":"-52.53333330","name":"Kangerdluarssuk"},{"id":"867528","latitude":"63.70000000","longitude":"-51.55000000","name":"Kangerluarsoruseq"},{"id":"867530","latitude":"65.41666670","longitude":"-52.53333330","name":"Kangerluarsuk"},{"id":"867532","latitude":"72.38333330","longitude":"-55.53333330","name":"Kangerssuatsiaq"},{"id":"867533","latitude":"72.38333330","longitude":"-55.53333330","name":"Kangersuatsiak"},{"id":"867534","latitude":"72.38333330","longitude":"-55.53333330","name":"Kangersuatsiaq"},{"id":"867535","latitude":"70.05000000","longitude":"-52.35000000","name":"Kangerup N\u00fba"},{"id":"867536","latitude":"62.81666670","longitude":"-50.40000000","name":"Kangidlermiut"},{"id":"867537","latitude":"62.81666670","longitude":"-50.40000000","name":"Kangigdlermiut"},{"id":"867538","latitude":"60.51666670","longitude":"-45.65000000","name":"Kangikas\u00eek"},{"id":"867539","latitude":"60.45000000","longitude":"-44.78333330","name":"Kangikitsoq"},{"id":"867540","latitude":"61.95000000","longitude":"-49.46666670","name":"Kangilineq"},{"id":"867541","latitude":"70.83333330","longitude":"-54.13333330","name":"Kanissut"},{"id":"867542","latitude":"70.83333330","longitude":"-54.13333330","name":"Kan\u00edsut"},{"id":"867545","latitude":"68.28333330","longitude":"-53.15000000","name":"Kapingasok"},{"id":"867546","latitude":"64.43333330","longitude":"-50.26666670","name":"Kapisigdlit"},{"id":"867547","latitude":"64.43333330","longitude":"-50.26666670","name":"Kapisilik"},{"id":"867548","latitude":"64.43333330","longitude":"-50.26666670","name":"Kapisillit"},{"id":"867551","latitude":"68.81666670","longitude":"-51.18333330","name":"Kasigianguit"},{"id":"867552","latitude":"70.00000000","longitude":"-51.31666670","name":"Kekertak"},{"id":"867554","latitude":"69.25000000","longitude":"-53.55000000","name":"K'ekertarssuak"},{"id":"867555","latitude":"69.25000000","longitude":"-53.55000000","name":"Kekertarsuak"},{"id":"867556","latitude":"63.08333330","longitude":"-50.66666670","name":"Kekertarsuatsiak"},{"id":"867558","latitude":"70.98333330","longitude":"-52.25000000","name":"Kekertat"},{"id":"867559","latitude":"68.41666670","longitude":"-53.25000000","name":"Kekertgarsuatsiak"},{"id":"867561","latitude":"69.38333330","longitude":"-52.76666670","name":"Kigdl\u00fbssat"},{"id":"867562","latitude":"73.95000000","longitude":"-56.73333330","name":"Kigtorsak"},{"id":"867563","latitude":"73.95000000","longitude":"-56.73333330","name":"Kigtorsaq"},{"id":"867564","latitude":"62.16666670","longitude":"-49.30000000","name":"Kiinnarissoq"},{"id":"867565","latitude":"62.16666670","longitude":"-49.30000000","name":"Kiirigsoq"},{"id":"867566","latitude":"68.28333330","longitude":"-53.78333330","name":"Killiat"},{"id":"867567","latitude":"60.51666670","longitude":"-45.65000000","name":"Kinalik"},{"id":"867568","latitude":"68.28333330","longitude":"-53.78333330","name":"Kitdliat"},{"id":"867569","latitude":"68.61666670","longitude":"-53.53333330","name":"Kitdl\u00ee"},{"id":"867570","latitude":"69.38333330","longitude":"-52.76666670","name":"Kitdlusat"},{"id":"867571","latitude":"73.95000000","longitude":"-56.73333330","name":"Kitorsak"},{"id":"867572","latitude":"68.85000000","longitude":"-53.11666670","name":"Kitsigsuarssuit"},{"id":"867573","latitude":"73.95000000","longitude":"-56.73333330","name":"Kittorsaq"},{"id":"867575","latitude":"64.53333330","longitude":"-51.10000000","name":"Kornok"},{"id":"867576","latitude":"74.11666670","longitude":"-57.06666670","name":"Kraulshavn"},{"id":"867577","latitude":"69.01666670","longitude":"-53.31666670","name":"Kronprinsen Ejland"},{"id":"867578","latitude":"62.23333330","longitude":"-49.83333330","name":"Ku\u00e1nit"},{"id":"867580","latitude":"60.90000000","longitude":"-45.28333330","name":"Kugsiarsuk"},{"id":"867582","latitude":"73.70000000","longitude":"-56.21666670","name":"K\u00fbk"},{"id":"867583","latitude":"74.58333330","longitude":"-57.20000000","name":"Kullorsuaq"},{"id":"867586","latitude":"70.08333330","longitude":"-53.01666670","name":"Kutdligssat"},{"id":"867587","latitude":"70.08333330","longitude":"-53.01666670","name":"Kutdlisat"},{"id":"867588","latitude":"73.70000000","longitude":"-56.21666670","name":"Kuuk"},{"id":"867591","latitude":"74.58333330","longitude":"-57.20000000","name":"Kuvdlorssuak"},{"id":"867592","latitude":"60.55000000","longitude":"-45.46666670","name":"Lichtenau"},{"id":"867593","latitude":"71.13333330","longitude":"-51.28333330","name":"Maarmorilik"},{"id":"867594","latitude":"65.41666670","longitude":"-52.90000000","name":"Maitsoq"},{"id":"867595","latitude":"73.36666670","longitude":"-56.05000000","name":"Majestic Bay Settlement"},{"id":"867596","latitude":"68.60000000","longitude":"-53.13333330","name":"Manermiut"},{"id":"867597","latitude":"65.41666670","longitude":"-52.90000000","name":"Maniitsoq"},{"id":"867598","latitude":"65.41666670","longitude":"-52.90000000","name":"Manitsok"},{"id":"867599","latitude":"65.41666670","longitude":"-52.90000000","name":"Manitsoq"},{"id":"867603","latitude":"71.13333330","longitude":"-51.28333330","name":"Marmorbrud"},{"id":"867604","latitude":"71.13333330","longitude":"-51.28333330","name":"Marmorilik"},{"id":"867605","latitude":"69.36666670","longitude":"-52.78333330","name":"Marraat"},{"id":"867606","latitude":"69.36666670","longitude":"-52.78333330","name":"Marrait"},{"id":"867610","latitude":"71.58333330","longitude":"-53.46666670","name":"Naajat"},{"id":"867611","latitude":"60.11666670","longitude":"-45.21666670","name":"Nanortalik"},{"id":"867612","latitude":"65.05000000","longitude":"-52.40000000","name":"Napasok"},{"id":"867613","latitude":"65.05000000","longitude":"-52.40000000","name":"Napasoq"},{"id":"867614","latitude":"65.05000000","longitude":"-52.40000000","name":"Napassok"},{"id":"867615","latitude":"65.05000000","longitude":"-52.40000000","name":"Napassoq"},{"id":"867616","latitude":"70.30000000","longitude":"-54.48333330","name":"Napasuligssuaq"},{"id":"867619","latitude":"60.00305560","longitude":"-44.66361110","name":"Narsak"},{"id":"867620","latitude":"61.61666670","longitude":"-49.35000000","name":"Narsalik"},{"id":"867621","latitude":"60.00305560","longitude":"-44.66361110","name":"Narsaq Kujalleq"},{"id":"867624","latitude":"60.91666670","longitude":"-46.05000000","name":"Narsaq"},{"id":"867625","latitude":"65.88333330","longitude":"-53.30000000","name":"Narsarmiut"},{"id":"867626","latitude":"61.16666670","longitude":"-45.41666670","name":"Narsarssauk"},{"id":"867627","latitude":"61.16666670","longitude":"-45.41666670","name":"Narsarssuak"},{"id":"867628","latitude":"61.16666670","longitude":"-45.41666670","name":"Narsarssunk"},{"id":"867629","latitude":"61.16666670","longitude":"-45.41666670","name":"Narsarssurk"},{"id":"867630","latitude":"61.16666670","longitude":"-45.41666670","name":"Narsarsuak"},{"id":"867631","latitude":"61.16666670","longitude":"-45.41666670","name":"Narsarsuaq"},{"id":"867632","latitude":"62.10000000","longitude":"-49.36666670","name":"Narsatsiaat"},{"id":"867633","latitude":"60.00305560","longitude":"-44.66361110","name":"Narssak kujatdlek"},{"id":"867635","latitude":"64.00000000","longitude":"-51.63333330","name":"Narssak"},{"id":"867636","latitude":"61.61666670","longitude":"-49.35000000","name":"Narssalik"},{"id":"867638","latitude":"60.91666670","longitude":"-46.05000000","name":"Narssaq"},{"id":"867639","latitude":"65.88333330","longitude":"-53.30000000","name":"Narssarmiut"},{"id":"867640","latitude":"61.16666670","longitude":"-45.41666670","name":"Narssarssuaq"},{"id":"867642","latitude":"62.10000000","longitude":"-49.36666670","name":"Narssatsiait"},{"id":"867647","latitude":"71.58333330","longitude":"-53.46666670","name":"Nauj\u00e2t"},{"id":"867651","latitude":"61.61666670","longitude":"-49.11666670","name":"Neria"},{"id":"867652","latitude":"64.46666670","longitude":"-50.31666670","name":"Neriunaq"},{"id":"867653","latitude":"68.23333330","longitude":"-52.86666670","name":"Niakornarsuk"},{"id":"867654","latitude":"70.80000000","longitude":"-53.65000000","name":"Niakornat"},{"id":"867655","latitude":"68.23333330","longitude":"-52.86666670","name":"Niaqornaarsuk"},{"id":"867656","latitude":"61.00000000","longitude":"-46.13333330","name":"Niaqornaq"},{"id":"867657","latitude":"68.23333330","longitude":"-52.86666670","name":"Niaqorn\u00e2rssuk"},{"id":"867658","latitude":"70.80000000","longitude":"-53.65000000","name":"Niaqornat"},{"id":"867659","latitude":"68.61666670","longitude":"-52.41666670","name":"Nivaaq"},{"id":"867660","latitude":"68.61666670","longitude":"-52.41666670","name":"Nivak"},{"id":"867661","latitude":"68.61666670","longitude":"-52.41666670","name":"Niv\u00e2q"},{"id":"867663","latitude":"69.11666670","longitude":"-51.08333330","name":"Nordre Huse"},{"id":"867664","latitude":"69.11666670","longitude":"-51.08333330","name":"North House"},{"id":"867665","latitude":"69.96666670","longitude":"-51.26666670","name":"Nugak"},{"id":"867666","latitude":"69.96666670","longitude":"-51.26666670","name":"N\u00fbg\u00e2q"},{"id":"867667","latitude":"71.55000000","longitude":"-53.21666670","name":"N\u00fbg\u00e2tsiaq"},{"id":"867668","latitude":"70.66666670","longitude":"-54.60000000","name":"N\u00fbgss\u00fbt\u00e2"},{"id":"867669","latitude":"64.18333330","longitude":"-51.75000000","name":"Nuk"},{"id":"867670","latitude":"71.51666670","longitude":"-52.88333330","name":"Nuliarfik"},{"id":"867678","latitude":"70.43333330","longitude":"-54.06666670","name":"N\u00fbssaq"},{"id":"867680","latitude":"69.96666670","longitude":"-51.26666670","name":"Nuugaaq"},{"id":"867681","latitude":"71.55000000","longitude":"-53.21666670","name":"Nuugaatsiaq"},{"id":"867682","latitude":"64.18333330","longitude":"-51.75000000","name":"Nuuk"},{"id":"867683","latitude":"74.11666670","longitude":"-57.06666670","name":"Nuussuaq"},{"id":"867684","latitude":"65.83333330","longitude":"-53.33333330","name":"Old Sukkertoppen"},{"id":"867685","latitude":"69.35000000","longitude":"-51.01666670","name":"Oqaitsut"},{"id":"867686","latitude":"59.98333330","longitude":"-44.70000000","name":"\u00d8stpr\u00f8ven"},{"id":"867687","latitude":"62.00000000","longitude":"-49.75000000","name":"Paamiut"},{"id":"867689","latitude":"62.00000000","longitude":"-49.75000000","name":"Pamiut"},{"id":"867693","latitude":"60.35000000","longitude":"-45.41666670","name":"Pingorssuaq"},{"id":"867694","latitude":"60.35000000","longitude":"-45.41666670","name":"Pingorsuaq"},{"id":"867695","latitude":"69.21666670","longitude":"-51.13333330","name":"Pitorqeq"},{"id":"867696","latitude":"69.25000000","longitude":"-53.55000000","name":"Port of Lievely"},{"id":"867697","latitude":"60.55000000","longitude":"-45.23333330","name":"Portusooq"},{"id":"867698","latitude":"60.55000000","longitude":"-45.23333330","name":"Portus\u00f4q"},{"id":"867699","latitude":"60.05000000","longitude":"-43.16666670","name":"Prins Christianssund"},{"id":"867700","latitude":"60.05000000","longitude":"-43.16666670","name":"Prins Christians Sund"},{"id":"867701","latitude":"60.05000000","longitude":"-43.16666670","name":"Prins Christian Sund"},{"id":"867702","latitude":"72.38333330","longitude":"-55.53333330","name":"Pr\u00f8ven"},{"id":"867704","latitude":"60.48333330","longitude":"-45.86666670","name":"Qaarsoq"},{"id":"867705","latitude":"70.73333330","longitude":"-52.65000000","name":"Qaarsut"},{"id":"867706","latitude":"70.73333330","longitude":"-52.65000000","name":"Qaersut"},{"id":"867707","latitude":"60.70000000","longitude":"-45.33333330","name":"Qagdlimiut"},{"id":"867708","latitude":"61.15000000","longitude":"-45.51666670","name":"Qagssiarssuk"},{"id":"867709","latitude":"60.78333330","longitude":"-47.16666670","name":"Qagssimiut"},{"id":"867711","latitude":"61.15000000","longitude":"-45.51666670","name":"Qaksiarsuk"},{"id":"867712","latitude":"60.70000000","longitude":"-45.33333330","name":"Qallimiut"},{"id":"867716","latitude":"60.71666670","longitude":"-46.03333330","name":"Qaqortoq"},{"id":"867717","latitude":"63.96666670","longitude":"-51.53333330","name":"Qarajat"},{"id":"867718","latitude":"68.81666670","longitude":"-51.18333330","name":"Qasigianguit"},{"id":"867719","latitude":"68.81666670","longitude":"-51.18333330","name":"Qasigiannguit"},{"id":"867720","latitude":"61.15000000","longitude":"-45.51666670","name":"Qassiarsuk"},{"id":"867721","latitude":"60.78333330","longitude":"-47.16666670","name":"Qassimiut"},{"id":"867726","latitude":"70.00000000","longitude":"-50.75000000","name":"Qeqertaarsuk"},{"id":"867728","latitude":"70.00000000","longitude":"-51.31666670","name":"Qeqertaq"},{"id":"867730","latitude":"69.25000000","longitude":"-53.55000000","name":"Qeqertarssuaq"},{"id":"867731","latitude":"63.08333330","longitude":"-50.66666670","name":"Qeqertarssuatsiait"},{"id":"867733","latitude":"68.41666670","longitude":"-53.25000000","name":"Qeqertarssuatsiaq"},{"id":"867734","latitude":"70.00000000","longitude":"-50.75000000","name":"Qeqert\u00e2rssuk"},{"id":"867735","latitude":"62.11666670","longitude":"-49.78333330","name":"Qeqertarssuq"},{"id":"867737","latitude":"69.25000000","longitude":"-53.55000000","name":"Qeqertarsuaq"},{"id":"867738","latitude":"63.08333330","longitude":"-50.66666670","name":"Qeqertarsuatsiaat"},{"id":"867739","latitude":"68.41666670","longitude":"-53.25000000","name":"Qeqertarsuatsiaq"},{"id":"867741","latitude":"70.98333330","longitude":"-52.25000000","name":"Qeqertat"},{"id":"867744","latitude":"69.38333330","longitude":"-52.76666670","name":"Qigdl\u00fbssat"},{"id":"867746","latitude":"64.26666670","longitude":"-50.90000000","name":"Qingua"},{"id":"867747","latitude":"68.28333330","longitude":"-53.15000000","name":"Qipingasoq"},{"id":"867748","latitude":"68.28333330","longitude":"-53.15000000","name":"Qipingassoq"},{"id":"867749","latitude":"69.38333330","longitude":"-52.76666670","name":"Qiqdlussat"},{"id":"867750","latitude":"70.66666670","longitude":"-51.91666670","name":"Qitdl\u00f4rfik"},{"id":"867751","latitude":"64.26666670","longitude":"-50.90000000","name":"Qooqqut"},{"id":"867752","latitude":"64.53333330","longitude":"-51.10000000","name":"Qoornoq"},{"id":"867753","latitude":"64.53333330","longitude":"-51.10000000","name":"Q\u00f4rnoq"},{"id":"867754","latitude":"64.26666670","longitude":"-50.90000000","name":"Q\u00f4rqut"},{"id":"867755","latitude":"70.08333330","longitude":"-53.01666670","name":"Qubdligssat"},{"id":"867759","latitude":"70.08333330","longitude":"-53.01666670","name":"Qullissat"},{"id":"867760","latitude":"60.45000000","longitude":"-45.25000000","name":"Qunnermiut"},{"id":"867761","latitude":"70.03333330","longitude":"-52.95000000","name":"Qutdligss\u00e2rqat"},{"id":"867762","latitude":"70.08333330","longitude":"-53.01666670","name":"Qutdligssat"},{"id":"867763","latitude":"60.45000000","longitude":"-45.25000000","name":"Quvnermiut"},{"id":"867764","latitude":"69.76666670","longitude":"-51.31666670","name":"Ritenbenk"},{"id":"867765","latitude":"69.35000000","longitude":"-51.01666670","name":"Rodebay"},{"id":"867766","latitude":"60.53333330","longitude":"-46.03333330","name":"Saarloq"},{"id":"867767","latitude":"70.81666670","longitude":"-51.63333330","name":"Saattut"},{"id":"867768","latitude":"59.99083330","longitude":"-43.93222220","name":"Sammisoq"},{"id":"867769","latitude":"59.99083330","longitude":"-43.93222220","name":"Sangmisok"},{"id":"867770","latitude":"59.99083330","longitude":"-43.93222220","name":"Sangmissok"},{"id":"867771","latitude":"59.99083330","longitude":"-43.93222220","name":"Sangmissoq"},{"id":"867772","latitude":"60.81666670","longitude":"-47.41666670","name":"Saqqamiut"},{"id":"867773","latitude":"70.01666670","longitude":"-51.95000000","name":"Saqqaq"},{"id":"867774","latitude":"66.86666670","longitude":"-52.46666670","name":"Saqqarliit"},{"id":"867776","latitude":"60.53333330","longitude":"-46.03333330","name":"Sardlog"},{"id":"867777","latitude":"60.53333330","longitude":"-46.03333330","name":"Sardlok"},{"id":"867778","latitude":"60.53333330","longitude":"-46.03333330","name":"S\u00e2rdloq"},{"id":"867779","latitude":"66.90000000","longitude":"-52.86666670","name":"Sarfanguak"},{"id":"867780","latitude":"66.90000000","longitude":"-52.86666670","name":"Sarf\u00e1nguaq"},{"id":"867781","latitude":"66.90000000","longitude":"-52.86666670","name":"Sarfannguaq"},{"id":"867782","latitude":"66.90000000","longitude":"-52.86666670","name":"Sarfannguit"},{"id":"867783","latitude":"66.70000000","longitude":"-53.46666670","name":"Sarkak"},{"id":"867784","latitude":"66.86666670","longitude":"-52.46666670","name":"Sarkardlit"},{"id":"867785","latitude":"60.81666670","longitude":"-47.41666670","name":"Sarqamiut"},{"id":"867786","latitude":"66.70000000","longitude":"-53.46666670","name":"Sarqaq"},{"id":"867787","latitude":"66.86666670","longitude":"-52.46666670","name":"Sarqardl\u00eet"},{"id":"867788","latitude":"70.81666670","longitude":"-51.63333330","name":"S\u00e3tut"},{"id":"867793","latitude":"70.56666670","longitude":"-52.10000000","name":"Sermiarssuit"},{"id":"867794","latitude":"70.56666670","longitude":"-52.10000000","name":"Sermiarsuit"},{"id":"867795","latitude":"70.56666670","longitude":"-52.10000000","name":"Sermiarsut"},{"id":"867798","latitude":"60.45000000","longitude":"-44.88333330","name":"Sermilik"},{"id":"867802","latitude":"66.93333330","longitude":"-53.68333330","name":"Sisimiut"},{"id":"867805","latitude":"69.43333330","longitude":"-52.45000000","name":"Skansen"},{"id":"867806","latitude":"69.43333330","longitude":"-52.45000000","name":"Skanske"},{"id":"867808","latitude":"60.60000000","longitude":"-45.38333330","name":"Sletten"},{"id":"867809","latitude":"60.90000000","longitude":"-45.28333330","name":"S\u00f8ndre Igaliko"},{"id":"867810","latitude":"60.90000000","longitude":"-45.28333330","name":"S\u00f8ndre Igaliku"},{"id":"867811","latitude":"67.00000000","longitude":"-50.70000000","name":"S\u00f8ndre Str\u00f8mfjord"},{"id":"867812","latitude":"72.15000000","longitude":"-55.53333330","name":"S\u00f8ndre Upernavik"},{"id":"867813","latitude":"72.15000000","longitude":"-55.53333330","name":"S\u00f8ndre Upernivik"},{"id":"867814","latitude":"60.45000000","longitude":"-45.55000000","name":"South Proven"},{"id":"867815","latitude":"72.15000000","longitude":"-55.53333330","name":"South Upernavik"},{"id":"867818","latitude":"65.41666670","longitude":"-52.90000000","name":"Sukkertoppen"},{"id":"867819","latitude":"72.78333330","longitude":"-56.16666670","name":"Summer Place"},{"id":"867820","latitude":"60.45000000","longitude":"-45.55000000","name":"Sydpr\u00f8ven"},{"id":"867821","latitude":"70.03333330","longitude":"-52.21666670","name":"Tartanaq"},{"id":"867822","latitude":"70.03333330","longitude":"-52.21666670","name":"Tartunak"},{"id":"867823","latitude":"70.03333330","longitude":"-52.21666670","name":"Tartunaq"},{"id":"867825","latitude":"73.36666670","longitude":"-56.05000000","name":"Tasiusak"},{"id":"867826","latitude":"73.36666670","longitude":"-56.05000000","name":"Tasiusaq"},{"id":"867827","latitude":"73.36666670","longitude":"-56.05000000","name":"Tasiussak"},{"id":"867828","latitude":"60.18333330","longitude":"-44.78333330","name":"Tasiussaq"},{"id":"867829","latitude":"60.11666670","longitude":"-45.16666670","name":"Taupait"},{"id":"867831","latitude":"76.55000000","longitude":"-68.80000000","name":"Thule"},{"id":"867834","latitude":"65.83333330","longitude":"-53.25000000","name":"Timerdl\u00eet"},{"id":"867835","latitude":"65.83333330","longitude":"-53.25000000","name":"Timerliit"},{"id":"867843","latitude":"64.86666670","longitude":"-52.20000000","name":"Toqqusaq"},{"id":"867844","latitude":"64.86666670","longitude":"-52.20000000","name":"Tovqussaq"},{"id":"867845","latitude":"61.20000000","longitude":"-48.16666670","name":"Trigtut"},{"id":"867846","latitude":"60.11666670","longitude":"-45.16666670","name":"Tuapaat"},{"id":"867847","latitude":"60.11666670","longitude":"-45.16666670","name":"Tuapail"},{"id":"867848","latitude":"60.11666670","longitude":"-45.16666670","name":"Tuapait"},{"id":"867849","latitude":"73.05000000","longitude":"-56.18333330","name":"Tugss\u00e2q"},{"id":"867850","latitude":"68.10000000","longitude":"-53.18333330","name":"Tun\u00fangassoq"},{"id":"867851","latitude":"68.10000000","longitude":"-53.18333330","name":"Tununngasoq"},{"id":"867852","latitude":"73.05000000","longitude":"-56.18333330","name":"Tussaaq"},{"id":"867853","latitude":"73.05000000","longitude":"-56.18333330","name":"Tuvgss\u00e2q"},{"id":"867854","latitude":"73.05000000","longitude":"-56.18333330","name":"Tuvss\u00e2q"},{"id":"867855","latitude":"62.11666670","longitude":"-49.38333330","name":"Ujaraat"},{"id":"867856","latitude":"62.11666670","longitude":"-49.38333330","name":"Ujarait"},{"id":"867857","latitude":"69.86666670","longitude":"-52.45000000","name":"Ujarasugssuk"},{"id":"867858","latitude":"69.86666670","longitude":"-52.45000000","name":"Ujarasussuk"},{"id":"867860","latitude":"71.05000000","longitude":"-51.88333330","name":"Ukkusissat"},{"id":"867864","latitude":"64.48333330","longitude":"-50.78333330","name":"Umanak"},{"id":"867865","latitude":"64.48333330","longitude":"-50.78333330","name":"Umanaq"},{"id":"867866","latitude":"66.85000000","longitude":"-53.58333330","name":"Um\u00e1n\u00e2rssuk"},{"id":"867867","latitude":"70.56666670","longitude":"-51.68333330","name":"Umanatsiak"},{"id":"867868","latitude":"70.53333330","longitude":"-51.26666670","name":"\u00dbm\u00e1natsiaq"},{"id":"867870","latitude":"70.51666670","longitude":"-51.93333330","name":"Umiartorfik"},{"id":"867877","latitude":"69.90000000","longitude":"-52.60000000","name":"Unartok"},{"id":"867879","latitude":"69.90000000","longitude":"-52.60000000","name":"\u00dbnartoq"},{"id":"867880","latitude":"60.75000000","longitude":"-45.88333330","name":"Upernaviarssuk"},{"id":"867881","latitude":"60.75000000","longitude":"-45.88333330","name":"Upernaviarsuk"},{"id":"867883","latitude":"72.15000000","longitude":"-55.53333330","name":"Upernavik Kujalleq"},{"id":"867884","latitude":"72.78333330","longitude":"-56.16666670","name":"Upernavik"},{"id":"867886","latitude":"72.78333330","longitude":"-56.16666670","name":"Upernivik"},{"id":"867887","latitude":"63.80000000","longitude":"-51.46666670","name":"Utoqqarmiut"},{"id":"867888","latitude":"63.80000000","longitude":"-51.46666670","name":"Utorkarmiut"},{"id":"867890","latitude":"63.80000000","longitude":"-51.46666670","name":"Utorqarmiut"},{"id":"867891","latitude":"66.85000000","longitude":"-53.58333330","name":"Uummannaarsuk"},{"id":"867892","latitude":"70.68333330","longitude":"-50.16666670","name":"Uummannaq"},{"id":"867893","latitude":"70.53333330","longitude":"-51.26666670","name":"Uummannatsiaq"},{"id":"867896","latitude":"69.90000000","longitude":"-52.60000000","name":"Uunartoq"},{"id":"867898","latitude":"71.05000000","longitude":"-51.88333330","name":"Uvkusigsat"},{"id":"867899","latitude":"71.05000000","longitude":"-51.88333330","name":"Uvkusigssat"},{"id":"867902","latitude":"68.61666670","longitude":"-53.53333330","name":"Vester Ejland"}]