[{"id":"870408","latitude":"11.21666670","longitude":"-10.50000000","name":"Adalamdjaki"},{"id":"870427","latitude":"11.15000000","longitude":"-10.40000000","name":"Alfa Mama"},{"id":"870429","latitude":"9.78333330","longitude":"-9.86666670","name":"Alianbal\u00e9"},{"id":"870431","latitude":"11.13333330","longitude":"-10.63333330","name":"Alimaya"},{"id":"870462","latitude":"10.58333330","longitude":"-10.63333330","name":"Aria"},{"id":"870470","latitude":"11.38333330","longitude":"-10.28333330","name":"Ba Bara"},{"id":"870474","latitude":"10.65000000","longitude":"-9.68333330","name":"Babila"},{"id":"870479","latitude":"11.35000000","longitude":"-10.38333330","name":"Badala"},{"id":"870498","latitude":"10.15000000","longitude":"-10.13333330","name":"Bafeie"},{"id":"870502","latitude":"10.15000000","longitude":"-10.13333330","name":"Baf\u00e9l\u00e9"},{"id":"870522","latitude":"10.25000000","longitude":"-9.71666670","name":"Bagbou\u00e9"},{"id":"870525","latitude":"10.25000000","longitude":"-9.71666670","name":"Bagou\u00e9"},{"id":"870527","latitude":"10.25000000","longitude":"-9.71666670","name":"Bagu\u00e9"},{"id":"870584","latitude":"10.46666670","longitude":"-9.76666670","name":"Balai"},{"id":"870593","latitude":"10.46666670","longitude":"-9.76666670","name":"Balan"},{"id":"870618","latitude":"10.71666670","longitude":"-9.56666670","name":"Balato"},{"id":"870620","latitude":"10.75000000","longitude":"-10.48333330","name":"Balatokoura"},{"id":"870621","latitude":"10.71666670","longitude":"-9.56666670","name":"Balatokouta"},{"id":"870664","latitude":"10.81666670","longitude":"-10.45000000","name":"Bambadinka"},{"id":"870678","latitude":"10.05000000","longitude":"-9.70000000","name":"Bambakougnan"},{"id":"870679","latitude":"10.05000000","longitude":"-9.70000000","name":"Bambakougnani"},{"id":"870680","latitude":"10.05000000","longitude":"-9.70000000","name":"Bambakounian"},{"id":"870694","latitude":"11.21666670","longitude":"-10.40000000","name":"Bambaya"},{"id":"870720","latitude":"9.95000000","longitude":"-9.98333330","name":"Bananko"},{"id":"870726","latitude":"10.31666670","longitude":"-10.10000000","name":"Banankoro"},{"id":"870728","latitude":"10.20000000","longitude":"-9.75000000","name":"Banankoron\u00e9"},{"id":"870732","latitude":"10.81666670","longitude":"-10.45000000","name":"Banbadinka"},{"id":"870734","latitude":"10.05000000","longitude":"-9.70000000","name":"Banbakounian"},{"id":"870753","latitude":"10.31666670","longitude":"-10.10000000","name":"Bandankoro"},{"id":"870800","latitude":"10.75000000","longitude":"-10.48333330","name":"Baninkil\u00e9"},{"id":"870807","latitude":"10.71666670","longitude":"-10.71666670","name":"Banko"},{"id":"870826","latitude":"11.35000000","longitude":"-10.26666670","name":"Bantabagu\u00e9"},{"id":"870864","latitude":"10.11666670","longitude":"-10.11666670","name":"Barama"},{"id":"870881","latitude":"9.83333330","longitude":"-10.35000000","name":"Barsan"},{"id":"870960","latitude":"10.15000000","longitude":"-10.23333330","name":"B\u00e9linkoro"},{"id":"870986","latitude":"10.08333330","longitude":"-10.08333330","name":"B\u00e9n\u00e9"},{"id":"870987","latitude":"10.85000000","longitude":"-9.83333330","name":"B\u00e9negba"},{"id":"871056","latitude":"11.11666670","longitude":"-10.33333330","name":"Bili"},{"id":"871065","latitude":"10.15000000","longitude":"-10.23333330","name":"Bilinkoro"},{"id":"871118","latitude":"11.05000000","longitude":"-10.40000000","name":"Bob\u00e9r\u00e9"},{"id":"871148","latitude":"11.03333330","longitude":"-9.95000000","name":"Bogo Oul\u00e9"},{"id":"871153","latitude":"11.08333330","longitude":"-10.43333330","name":"Boh\u00e9r\u00e9"},{"id":"871180","latitude":"11.10000000","longitude":"-10.53333330","name":"Bokodala"},{"id":"871195","latitude":"10.81666670","longitude":"-10.01666670","name":"Bokoro"},{"id":"871271","latitude":"10.23333330","longitude":"-10.08333330","name":"Bora"},{"id":"871302","latitude":"10.96666670","longitude":"-10.03333330","name":"Boroto"},{"id":"871307","latitude":"9.81666670","longitude":"-10.21666670","name":"Bosokoreya"},{"id":"871309","latitude":"9.81666670","longitude":"-10.21666670","name":"Bossoboria"},{"id":"871327","latitude":"11.10000000","longitude":"-10.46666670","name":"Bouber\u00e9"},{"id":"871337","latitude":"10.63333330","longitude":"-10.80000000","name":"Boubouya"},{"id":"871347","latitude":"11.01666670","longitude":"-9.86666670","name":"Bou\u00e9r\u00e9 Bou\u00e9r\u00e9ko"},{"id":"871361","latitude":"11.18333330","longitude":"-10.61666670","name":"Boukand\u00e9"},{"id":"871393","latitude":"11.26666670","longitude":"-10.38333330","name":"Bounan"},{"id":"871397","latitude":"10.88333330","longitude":"-10.28333330","name":"Boundian"},{"id":"871436","latitude":"11.03333330","longitude":"-10.58333330","name":"Boussira"},{"id":"871442","latitude":"11.18333330","longitude":"-9.86666670","name":"Boussouran"},{"id":"871495","latitude":"10.81666670","longitude":"-10.61666670","name":"Cis\u00e9la"},{"id":"871496","latitude":"10.81666670","longitude":"-10.61666670","name":"Ciss\u00e9la"},{"id":"871537","latitude":"11.05000000","longitude":"-10.48333330","name":"Dabaya"},{"id":"871570","latitude":"11.11666670","longitude":"-10.46666670","name":"Dakamangui"},{"id":"871592","latitude":"10.71666670","longitude":"-9.68333330","name":"Dalagb\u00e9"},{"id":"871645","latitude":"10.61666670","longitude":"-10.78333330","name":"Dandakara"},{"id":"871668","latitude":"10.83333330","longitude":"-9.50000000","name":"Dangoura"},{"id":"871788","latitude":"11.31666670","longitude":"-10.11666670","name":"Dentilia"},{"id":"871820","latitude":"11.16666670","longitude":"-10.23333330","name":"Diala"},{"id":"871833","latitude":"10.36666670","longitude":"-10.05000000","name":"Dialaman Madiha"},{"id":"871842","latitude":"10.60000000","longitude":"-9.81666670","name":"Diamanankoura"},{"id":"871872","latitude":"10.03333330","longitude":"-10.13333330","name":"Diara"},{"id":"871878","latitude":"10.60000000","longitude":"-9.96666670","name":"Diaraeuella"},{"id":"871881","latitude":"10.60000000","longitude":"-9.96666670","name":"Diaragouella"},{"id":"871885","latitude":"10.60000000","longitude":"-9.96666670","name":"Diaraguella"},{"id":"871891","latitude":"10.60000000","longitude":"-9.96666670","name":"Diar\u00e9gu\u00e9la"},{"id":"871895","latitude":"9.76666670","longitude":"-10.13333330","name":"Diaria"},{"id":"871897","latitude":"10.60000000","longitude":"-9.96666670","name":"Diariguila"},{"id":"871936","latitude":"11.13333330","longitude":"-10.43333330","name":"Did\u00e9"},{"id":"871954","latitude":"10.96666670","longitude":"-10.40000000","name":"Dienia"},{"id":"871996","latitude":"9.85000000","longitude":"-10.01666670","name":"Dinko"},{"id":"872025","latitude":"10.71666670","longitude":"-9.96666670","name":"Dionko"},{"id":"872078","latitude":"10.83333330","longitude":"-9.50000000","name":"Doagoura"},{"id":"872087","latitude":"11.01666670","longitude":"-10.60000000","name":"Dogo Fili"},{"id":"872120","latitude":"11.08333330","longitude":"-10.50000000","name":"Dongol"},{"id":"872122","latitude":"11.21666670","longitude":"-10.46666670","name":"Dongolisola"},{"id":"872126","latitude":"10.83333330","longitude":"-9.50000000","name":"Dongoura"},{"id":"872154","latitude":"9.73333330","longitude":"-10.18333330","name":"Douako"},{"id":"872199","latitude":"11.18333330","longitude":"-10.35000000","name":"Dougououl\u00e9"},{"id":"872200","latitude":"10.83333330","longitude":"-9.50000000","name":"Dougoura"},{"id":"872218","latitude":"11.30000000","longitude":"-10.46666670","name":"Doumba"},{"id":"872236","latitude":"11.16666670","longitude":"-9.93333330","name":"Doungou\u00e9"},{"id":"872271","latitude":"9.73333330","longitude":"-10.18333330","name":"Duako"},{"id":"872291","latitude":"9.73333330","longitude":"-10.38333330","name":"Erako"},{"id":"872301","latitude":"10.73333330","longitude":"-9.61666670","name":"Fadakoba"},{"id":"872303","latitude":"10.61666670","longitude":"-9.68333330","name":"Fadama"},{"id":"872313","latitude":"10.15000000","longitude":"-9.90000000","name":"Fadougou"},{"id":"872344","latitude":"10.63333330","longitude":"-10.46666670","name":"Fal\u00e9a"},{"id":"872358","latitude":"10.48333330","longitude":"-9.83333330","name":"Famako"},{"id":"872412","latitude":"9.70000000","longitude":"-10.21666670","name":"Fanson"},{"id":"872416","latitude":"10.65000000","longitude":"-9.66666670","name":"Faraba"},{"id":"872421","latitude":"10.41666670","longitude":"-9.85000000","name":"Farabana"},{"id":"872439","latitude":"11.13333330","longitude":"-9.86666670","name":"Farakoba"},{"id":"872461","latitude":"9.68333330","longitude":"-10.28333330","name":"Farandougou"},{"id":"872471","latitude":"9.78333330","longitude":"-9.95000000","name":"Farantoya"},{"id":"872481","latitude":"9.68333330","longitude":"-10.28333330","name":"Farendou"},{"id":"872496","latitude":"9.61666670","longitude":"-10.26666670","name":"Farko"},{"id":"872504","latitude":"9.83333330","longitude":"-10.30000000","name":"Faroro"},{"id":"872545","latitude":"10.20000000","longitude":"-10.15000000","name":"F\u00e9lako"},{"id":"872546","latitude":"10.80000000","longitude":"-9.63333330","name":"F\u00e9l\u00e9dou"},{"id":"872612","latitude":"10.10000000","longitude":"-9.71666670","name":"Finamoussa\u00efa"},{"id":"872613","latitude":"10.10000000","longitude":"-9.71666670","name":"Finamoussaya"},{"id":"872614","latitude":"10.10000000","longitude":"-9.71666670","name":"Finamoussaye"},{"id":"872632","latitude":"10.65000000","longitude":"-9.65000000","name":"Fissadougou"},{"id":"872662","latitude":"11.13333330","longitude":"-10.61666670","name":"Foforo"},{"id":"872698","latitude":"10.85000000","longitude":"-10.21666670","name":"Fonio"},{"id":"872701","latitude":"10.85000000","longitude":"-10.21666670","name":"Fono"},{"id":"872722","latitude":"10.21666670","longitude":"-10.01666670","name":"Foroma"},{"id":"872736","latitude":"9.55000000","longitude":"-10.35000000","name":"Foua"},{"id":"872834","latitude":"10.18333330","longitude":"-10.01666670","name":"Galanki"},{"id":"872856","latitude":"10.98333330","longitude":"-10.31666670","name":"Gandia"},{"id":"872866","latitude":"10.98333330","longitude":"-10.31666670","name":"Gania"},{"id":"872893","latitude":"9.76666670","longitude":"-9.90000000","name":"Gbalako"},{"id":"873056","latitude":"9.76666670","longitude":"-9.90000000","name":"Gualako"},{"id":"873077","latitude":"11.05000000","longitude":"-10.58333330","name":"Gu\u00e9lila"},{"id":"873078","latitude":"11.08333330","longitude":"-9.81666670","name":"Gu\u00e9liloubara"},{"id":"873099","latitude":"10.76666670","longitude":"-9.88333330","name":"Gu\u00e9r\u00e9ko"},{"id":"873152","latitude":"10.01666670","longitude":"-10.35000000","name":"Guinkoura"},{"id":"873159","latitude":"10.35000000","longitude":"-9.73333330","name":"Guirilan"},{"id":"873188","latitude":"11.03333330","longitude":"-10.60000000","name":"H\u00e9rako"},{"id":"873190","latitude":"11.35000000","longitude":"-10.18333330","name":"H\u00e9r\u00e9ko"},{"id":"873191","latitude":"11.08333330","longitude":"-10.48333330","name":"H\u00e9r\u00e9macono"},{"id":"873195","latitude":"10.93333330","longitude":"-9.73333330","name":"H\u00e9r\u00e9makono"},{"id":"873200","latitude":"9.76666670","longitude":"-10.13333330","name":"Hiareia"},{"id":"873248","latitude":"10.55000000","longitude":"-9.70000000","name":"Irane"},{"id":"873249","latitude":"10.55000000","longitude":"-9.70000000","name":"Ir\u00e9n\u00e9"},{"id":"873252","latitude":"10.70000000","longitude":"-9.65000000","name":"Irikiri"},{"id":"873301","latitude":"10.81666670","longitude":"-10.60000000","name":"Kaboukaria"},{"id":"873324","latitude":"11.16666670","longitude":"-9.95000000","name":"Kairouane"},{"id":"873329","latitude":"11.15000000","longitude":"-10.63333330","name":"Kakaoul\u00e9"},{"id":"873335","latitude":"11.08333330","longitude":"-10.58333330","name":"Kakid\u00e9"},{"id":"873396","latitude":"11.23333330","longitude":"-10.45000000","name":"Kamaba"},{"id":"873397","latitude":"11.23333330","longitude":"-10.45000000","name":"Kamabantan"},{"id":"873404","latitude":"11.23333330","longitude":"-10.45000000","name":"Kama"},{"id":"873422","latitude":"10.76666670","longitude":"-10.06666670","name":"Kamatimadia"},{"id":"873436","latitude":"11.23333330","longitude":"-10.55000000","name":"Kambasiga"},{"id":"873465","latitude":"10.68333330","longitude":"-10.78333330","name":"Kamourou"},{"id":"873487","latitude":"10.88333330","longitude":"-10.68333330","name":"Kandarala"},{"id":"873491","latitude":"11.03333330","longitude":"-10.50000000","name":"Kandiabara"},{"id":"873531","latitude":"10.76666670","longitude":"-10.70000000","name":"Kankaya"},{"id":"873532","latitude":"10.90000000","longitude":"-9.66666670","name":"Kank\u00e9"},{"id":"873534","latitude":"10.90000000","longitude":"-9.66666670","name":"Kanki"},{"id":"873555","latitude":"11.01666670","longitude":"-10.48333330","name":"Kansado"},{"id":"873611","latitude":"9.58333330","longitude":"-10.41666670","name":"Karako"},{"id":"873622","latitude":"10.93333330","longitude":"-10.08333330","name":"Karankama"},{"id":"873623","latitude":"10.93333330","longitude":"-10.08333330","name":"Karankaman"},{"id":"873641","latitude":"10.90000000","longitude":"-9.71666670","name":"Karikarissa"},{"id":"873702","latitude":"10.60000000","longitude":"-9.73333330","name":"Kato"},{"id":"873730","latitude":"10.31666670","longitude":"-9.88333330","name":"Kbunsoun"},{"id":"873742","latitude":"10.73333330","longitude":"-10.58333330","name":"K\u00e9be\u00efa"},{"id":"873744","latitude":"10.73333330","longitude":"-10.58333330","name":"K\u00e9b\u00e9ya"},{"id":"873767","latitude":"11.11666670","longitude":"-10.56666670","name":"K\u00e9lou K\u00e9lou Foula"},{"id":"873768","latitude":"11.08333330","longitude":"-10.50000000","name":"K\u00e9lou K\u00e9lou"},{"id":"873771","latitude":"11.26666670","longitude":"-10.21666670","name":"K\u00e9maya"},{"id":"873779","latitude":"11.01666670","longitude":"-10.65000000","name":"Kendeya"},{"id":"873805","latitude":"10.63333330","longitude":"-10.63333330","name":"K\u00e9ni\u00e9bo"},{"id":"873809","latitude":"10.20000000","longitude":"-9.96666670","name":"K\u00e9ni\u00e9ko"},{"id":"873823","latitude":"10.40000000","longitude":"-9.75000000","name":"K\u00e9ni\u00e9ro"},{"id":"873826","latitude":"10.90000000","longitude":"-9.66666670","name":"Kenk\u00e9la"},{"id":"873915","latitude":"10.40000000","longitude":"-9.75000000","name":"Kim\u00e9ro"},{"id":"873926","latitude":"10.20000000","longitude":"-9.96666670","name":"Kiniako"},{"id":"873936","latitude":"10.40000000","longitude":"-9.75000000","name":"Kini\u00e9ro"},{"id":"874006","latitude":"10.75000000","longitude":"-9.55000000","name":"Koban\u00e9"},{"id":"874007","latitude":"10.75000000","longitude":"-9.55000000","name":"Kobano"},{"id":"874009","latitude":"11.05000000","longitude":"-10.08333330","name":"Kobarakolo"},{"id":"874021","latitude":"10.73333330","longitude":"-10.36666670","name":"Kobeya"},{"id":"874023","latitude":"10.71666670","longitude":"-9.45000000","name":"Kobiko"},{"id":"874033","latitude":"10.78333330","longitude":"-9.41666670","name":"Koboron\u00e9"},{"id":"874175","latitude":"11.13333330","longitude":"-9.95000000","name":"Kolins\u00e9gu\u00e9"},{"id":"874194","latitude":"10.78333330","longitude":"-10.23333330","name":"Koloman Kamba\u00efa"},{"id":"874195","latitude":"10.78333330","longitude":"-10.23333330","name":"Koloman-Kambaya"},{"id":"874196","latitude":"10.78333330","longitude":"-10.23333330","name":"Koloman"},{"id":"874205","latitude":"10.83333330","longitude":"-9.38333330","name":"Kolon"},{"id":"874214","latitude":"10.71666670","longitude":"-10.28333330","name":"Koma\u00efa"},{"id":"874224","latitude":"11.05000000","longitude":"-10.41666670","name":"Komala"},{"id":"874238","latitude":"10.71666670","longitude":"-10.28333330","name":"Komaya"},{"id":"874253","latitude":"10.71666670","longitude":"-10.28333330","name":"Komoya"},{"id":"874336","latitude":"10.70000000","longitude":"-10.85000000","name":"Konindou"},{"id":"874340","latitude":"11.15000000","longitude":"-10.58333330","name":"Konk\u00e9fing"},{"id":"874341","latitude":"11.15000000","longitude":"-10.40000000","name":"Konk\u00e9 Kodo"},{"id":"874433","latitude":"11.30000000","longitude":"-10.50000000","name":"Koss\u00e9gui"},{"id":"874446","latitude":"11.31666670","longitude":"-10.50000000","name":"Kot\u00e9nia"},{"id":"874466","latitude":"11.10000000","longitude":"-10.40000000","name":"Koubali"},{"id":"874477","latitude":"11.13333330","longitude":"-10.48333330","name":"Koubi"},{"id":"874478","latitude":"11.15000000","longitude":"-10.53333330","name":"Koubi Loukoum"},{"id":"874479","latitude":"11.13333330","longitude":"-10.50000000","name":"Koubi Oulada"},{"id":"874519","latitude":"10.91666670","longitude":"-10.75000000","name":"Koukoukoto"},{"id":"874535","latitude":"11.13333330","longitude":"-9.95000000","name":"Koulinsagu\u00e9"},{"id":"874558","latitude":"10.68333330","longitude":"-9.66666670","name":"Koumana"},{"id":"874620","latitude":"10.70000000","longitude":"-10.13333330","name":"Koundian"},{"id":"874656","latitude":"10.31666670","longitude":"-9.88333330","name":"Kounsoun"},{"id":"874676","latitude":"10.68333330","longitude":"-9.55000000","name":"Kourala"},{"id":"874700","latitude":"10.91666670","longitude":"-10.75000000","name":"Kourokoro"},{"id":"874720","latitude":"10.91666670","longitude":"-10.75000000","name":"Kouroukoro"},{"id":"874721","latitude":"10.91666670","longitude":"-10.75000000","name":"Kouroukoto"},{"id":"874731","latitude":"10.80000000","longitude":"-9.73333330","name":"Kourouni"},{"id":"874736","latitude":"10.65000000","longitude":"-9.88333330","name":"Kouroussa"},{"id":"874737","latitude":"10.63333330","longitude":"-10.38333330","name":"Kouroussala"},{"id":"874754","latitude":"9.80000000","longitude":"-10.08333330","name":"Kouya Siria"},{"id":"874782","latitude":"10.65000000","longitude":"-9.88333330","name":"Kurussa"},{"id":"874790","latitude":"11.10000000","longitude":"-10.11666670","name":"Lab\u00e9"},{"id":"874825","latitude":"11.08333330","longitude":"-10.35000000","name":"Laminia"},{"id":"874837","latitude":"10.05000000","longitude":"-10.18333330","name":"Landa"},{"id":"874842","latitude":"10.05000000","longitude":"-10.18333330","name":"Landi"},{"id":"874852","latitude":"11.18333330","longitude":"-10.43333330","name":"Lankon"},{"id":"874883","latitude":"10.53333330","longitude":"-10.53333330","name":"L\u00e9bir\u00e9"},{"id":"874915","latitude":"11.33333330","longitude":"-10.20000000","name":"Lengu\u00e9r\u00e9"},{"id":"874926","latitude":"10.11666670","longitude":"-10.00000000","name":"Leya"},{"id":"874943","latitude":"11.13333330","longitude":"-10.38333330","name":"Limbo"},{"id":"874954","latitude":"11.16666670","longitude":"-10.45000000","name":"Lingu\u00e9r\u00e9"},{"id":"874959","latitude":"10.73333330","longitude":"-9.43333330","name":"Linko"},{"id":"874972","latitude":"10.98333330","longitude":"-10.66666670","name":"Logorombo"},{"id":"874973","latitude":"10.98333330","longitude":"-10.66666670","name":"Logoronbo"},{"id":"874979","latitude":"10.98333330","longitude":"-10.66666670","name":"Lokoumbo"},{"id":"875001","latitude":"11.21666670","longitude":"-10.36666670","name":"Lori"},{"id":"875015","latitude":"11.21666670","longitude":"-10.56666670","name":"Loukoum"},{"id":"875035","latitude":"11.08333330","longitude":"-10.55000000","name":"Madih\u00e9raya"},{"id":"875050","latitude":"10.08333330","longitude":"-10.16666670","name":"Madina"},{"id":"875129","latitude":"10.70000000","longitude":"-9.68333330","name":"Maliman\u00e9"},{"id":"875158","latitude":"9.90000000","longitude":"-9.75000000","name":"Mamoria"},{"id":"875169","latitude":"10.08333330","longitude":"-10.05000000","name":"Mamouria"},{"id":"875198","latitude":"10.68333330","longitude":"-9.73333330","name":"Man\u00e9"},{"id":"875201","latitude":"10.78333330","longitude":"-9.50000000","name":"Manfara"},{"id":"875233","latitude":"9.80000000","longitude":"-9.93333330","name":"Manissalia"},{"id":"875244","latitude":"9.88333330","longitude":"-9.91666670","name":"Man"},{"id":"875248","latitude":"10.36666670","longitude":"-9.91666670","name":"Mansamana"},{"id":"875250","latitude":"10.36666670","longitude":"-9.91666670","name":"Mansaniana"},{"id":"875255","latitude":"11.00000000","longitude":"-10.61666670","name":"Mansar\u00e9na"},{"id":"875258","latitude":"10.31666670","longitude":"-9.83333330","name":"Mansonia"},{"id":"875261","latitude":"10.31666670","longitude":"-9.83333330","name":"Mansounia"},{"id":"875285","latitude":"10.08333330","longitude":"-10.16666670","name":"Mar\u00e9na"},{"id":"875293","latitude":"10.86666670","longitude":"-10.86666670","name":"Markabinaya"},{"id":"875396","latitude":"9.66666670","longitude":"-10.20000000","name":"M\u00e9ssira"},{"id":"875410","latitude":"9.76666670","longitude":"-10.13333330","name":"Miraya"},{"id":"875419","latitude":"10.36666670","longitude":"-9.91666670","name":"Missamana"},{"id":"875454","latitude":"9.81666670","longitude":"-9.96666670","name":"Momora"},{"id":"875495","latitude":"10.73333330","longitude":"-10.55000000","name":"Morib\u00e9ya"},{"id":"875496","latitude":"10.95000000","longitude":"-10.55000000","name":"Moribeya Saba"},{"id":"875512","latitude":"11.05000000","longitude":"-10.56666670","name":"Mori Moussaya"},{"id":"875549","latitude":"10.71666670","longitude":"-10.03333330","name":"Moussa\u00efa"},{"id":"875554","latitude":"10.71666670","longitude":"-10.03333330","name":"Moussaya"},{"id":"875582","latitude":"10.31666670","longitude":"-10.01666670","name":"Nafagui"},{"id":"875594","latitude":"10.56666670","longitude":"-10.40000000","name":"Namina"},{"id":"875639","latitude":"10.56666670","longitude":"-10.40000000","name":"Nemina"},{"id":"875672","latitude":"11.20000000","longitude":"-10.45000000","name":"Niakal\u00e9"},{"id":"875691","latitude":"11.33333330","longitude":"-10.46666670","name":"Niamayafara"},{"id":"875692","latitude":"10.68333330","longitude":"-10.61666670","name":"Niamayara"},{"id":"875751","latitude":"11.10000000","longitude":"-10.48333330","name":"Ni\u00e9ni\u00e9ya"},{"id":"875791","latitude":"11.10000000","longitude":"-10.68333330","name":"Nioumaya"},{"id":"875803","latitude":"9.98333330","longitude":"-10.15000000","name":"Nongoa"},{"id":"875814","latitude":"9.98333330","longitude":"-10.15000000","name":"Nonkoyo"},{"id":"875816","latitude":"10.88333330","longitude":"-10.50000000","name":"Nono Di\u00e9na"},{"id":"875817","latitude":"10.88333330","longitude":"-10.50000000","name":"Nono-Di\u00e9nia"},{"id":"875818","latitude":"10.96666670","longitude":"-10.40000000","name":"Nono-Guineya"},{"id":"875819","latitude":"10.96666670","longitude":"-10.40000000","name":"Nono-Guinga"},{"id":"875820","latitude":"10.88333330","longitude":"-10.50000000","name":"Nono"},{"id":"875836","latitude":"11.10000000","longitude":"-10.68333330","name":"Nouma\u00efa"},{"id":"875957","latitude":"10.40000000","longitude":"-9.96666670","name":"Ouassaia"},{"id":"875965","latitude":"10.40000000","longitude":"-9.96666670","name":"Ouassaya"},{"id":"876062","latitude":"10.21666670","longitude":"-10.03333330","name":"Ouoroko"},{"id":"876091","latitude":"10.21666670","longitude":"-10.03333330","name":"Ouroko"},{"id":"876102","latitude":"10.21666670","longitude":"-10.03333330","name":"Ourouka"},{"id":"876104","latitude":"10.21666670","longitude":"-10.03333330","name":"Ourouko"},{"id":"876234","latitude":"11.20000000","longitude":"-10.43333330","name":"Pitika Lankon"},{"id":"876236","latitude":"11.06666670","longitude":"-10.48333330","name":"Pitika"},{"id":"876305","latitude":"11.16666670","longitude":"-10.60000000","name":"Saba"},{"id":"876317","latitude":"11.08333330","longitude":"-9.98333330","name":"Sabokoroda"},{"id":"876404","latitude":"10.61666670","longitude":"-9.88333330","name":"Saman"},{"id":"876420","latitude":"11.33333330","longitude":"-10.53333330","name":"Sambakourou"},{"id":"876429","latitude":"11.18333330","longitude":"-10.38333330","name":"Sambaya Baleya"},{"id":"876430","latitude":"11.18333330","longitude":"-10.40000000","name":"Sambaya Dialonk\u00e9"},{"id":"876431","latitude":"11.16666670","longitude":"-10.41666670","name":"Sambaya Foula"},{"id":"876432","latitude":"11.15000000","longitude":"-10.40000000","name":"Sambaya Kokoun"},{"id":"876437","latitude":"11.16666670","longitude":"-10.41666670","name":"Sambaya"},{"id":"876461","latitude":"10.65000000","longitude":"-9.75000000","name":"Sanankoro"},{"id":"876474","latitude":"11.01666670","longitude":"-9.81666670","name":"Sandanko"},{"id":"876497","latitude":"10.65000000","longitude":"-9.78333330","name":"Sangarella"},{"id":"876522","latitude":"10.65000000","longitude":"-9.78333330","name":"Sanguarella"},{"id":"876526","latitude":"10.78333330","longitude":"-10.18333330","name":"Sanguiana"},{"id":"876528","latitude":"10.78333330","longitude":"-10.18333330","name":"Sanguina"},{"id":"876531","latitude":"10.76666670","longitude":"-10.31666670","name":"Sanissia"},{"id":"876535","latitude":"10.98333330","longitude":"-10.43333330","name":"Sankaman"},{"id":"876536","latitude":"10.78333330","longitude":"-10.18333330","name":"Sankania"},{"id":"876541","latitude":"10.78333330","longitude":"-10.18333330","name":"Sankiniana"},{"id":"876561","latitude":"11.10000000","longitude":"-10.41666670","name":"Sansan Koura"},{"id":"876563","latitude":"11.05000000","longitude":"-10.35000000","name":"Sansan"},{"id":"876568","latitude":"11.01666670","longitude":"-10.45000000","name":"Santarella"},{"id":"876573","latitude":"11.03333330","longitude":"-10.55000000","name":"Santiguia"},{"id":"876600","latitude":"10.95000000","longitude":"-10.68333330","name":"Saramadia"},{"id":"876609","latitude":"10.76666670","longitude":"-10.40000000","name":"Saraya"},{"id":"876639","latitude":"9.81666670","longitude":"-10.11666670","name":"Sar\u00e9koro"},{"id":"876651","latitude":"10.76666670","longitude":"-10.40000000","name":"Sar\u00e9ya"},{"id":"876679","latitude":"11.03333330","longitude":"-10.71666670","name":"S\u00e9b\u00e9kero"},{"id":"876725","latitude":"11.05000000","longitude":"-9.96666670","name":"Sembafagatou"},{"id":"876733","latitude":"11.40000000","longitude":"-10.25000000","name":"Send\u00e9nia"},{"id":"876742","latitude":"10.43333330","longitude":"-9.81666670","name":"Senk\u00e9f\u00e9"},{"id":"876743","latitude":"11.00000000","longitude":"-9.80000000","name":"Senk\u00e9 Kan"},{"id":"876759","latitude":"10.38333330","longitude":"-10.15000000","name":"S\u00e9r\u00e9koroba"},{"id":"876761","latitude":"9.81666670","longitude":"-10.11666670","name":"S\u00e9r\u00e9koro"},{"id":"876771","latitude":"10.76666670","longitude":"-10.46666670","name":"S\u00e9rifouya"},{"id":"876777","latitude":"9.73333330","longitude":"-9.90000000","name":"S\u00e9riss\u00e9la"},{"id":"876797","latitude":"11.08333330","longitude":"-9.90000000","name":"Sidakoro"},{"id":"876821","latitude":"9.75000000","longitude":"-10.05000000","name":"Silamania"},{"id":"876849","latitude":"9.81666670","longitude":"-10.08333330","name":"Simbo"},{"id":"876868","latitude":"10.70000000","longitude":"-10.33333330","name":"Sin\u00e9a"},{"id":"876871","latitude":"10.70000000","longitude":"-10.33333330","name":"Sin\u00e9\u00efa"},{"id":"876873","latitude":"10.70000000","longitude":"-10.33333330","name":"Sin\u00e9ya"},{"id":"876887","latitude":"10.05000000","longitude":"-10.21666670","name":"Sininkoro"},{"id":"876942","latitude":"9.75000000","longitude":"-9.93333330","name":"Sirakoro"},{"id":"876944","latitude":"10.80000000","longitude":"-10.15000000","name":"Siraleya"},{"id":"876946","latitude":"9.75000000","longitude":"-10.05000000","name":"Siramana"},{"id":"876949","latitude":"9.75000000","longitude":"-10.05000000","name":"Siramania"},{"id":"876961","latitude":"10.15000000","longitude":"-9.96666670","name":"Siria\u00efa"},{"id":"876962","latitude":"10.18333330","longitude":"-10.11666670","name":"Siriaria"},{"id":"876965","latitude":"10.15000000","longitude":"-9.96666670","name":"Siria"},{"id":"876978","latitude":"10.81666670","longitude":"-10.61666670","name":"Siss\u00e9la"},{"id":"876979","latitude":"9.70000000","longitude":"-10.40000000","name":"Sissemoria"},{"id":"877026","latitude":"10.90000000","longitude":"-10.58333330","name":"Sokoloya"},{"id":"877032","latitude":"10.90000000","longitude":"-10.58333330","name":"Sokotoya"},{"id":"877033","latitude":"10.90000000","longitude":"-10.58333330","name":"Sokotoyo"},{"id":"877035","latitude":"10.23333330","longitude":"-9.81666670","name":"Sokourakoro"},{"id":"877044","latitude":"11.15000000","longitude":"-10.56666670","name":"Sol\u00e9"},{"id":"877059","latitude":"11.05000000","longitude":"-10.53333330","name":"Somaya"},{"id":"877068","latitude":"10.75000000","longitude":"-10.63333330","name":"Somokoro"},{"id":"877095","latitude":"10.43333330","longitude":"-9.81666670","name":"Sonk\u00e9l\u00e9"},{"id":"877109","latitude":"11.01666670","longitude":"-10.46666670","name":"Soria"},{"id":"877136","latitude":"11.18333330","longitude":"-10.61666670","name":"Souarella"},{"id":"877175","latitude":"9.75000000","longitude":"-10.05000000","name":"Souleymania"},{"id":"877179","latitude":"10.53333330","longitude":"-10.40000000","name":"Souloukoudianba"},{"id":"877237","latitude":"10.96666670","longitude":"-10.48333330","name":"Souria"},{"id":"877253","latitude":"10.18333330","longitude":"-10.11666670","name":"Sriaria"},{"id":"877325","latitude":"10.26666670","longitude":"-9.93333330","name":"Tal\u00e9koro"},{"id":"877330","latitude":"11.06666670","longitude":"-9.86666670","name":"Talidombo"},{"id":"877331","latitude":"10.86666670","longitude":"-9.96666670","name":"Talidou"},{"id":"877333","latitude":"10.71666670","longitude":"-10.80000000","name":"Taliko"},{"id":"877334","latitude":"11.00000000","longitude":"-9.90000000","name":"Taliyaran"},{"id":"877364","latitude":"10.85000000","longitude":"-9.38333330","name":"Tamiko"},{"id":"877412","latitude":"11.25000000","longitude":"-10.53333330","name":"Tarembal\u00e9"},{"id":"877417","latitude":"10.71666670","longitude":"-10.76666670","name":"Tarounda"},{"id":"877463","latitude":"10.90000000","longitude":"-9.91666670","name":"T\u00e9likan"},{"id":"877465","latitude":"9.75000000","longitude":"-9.88333330","name":"T\u00e9likoro"},{"id":"877485","latitude":"9.70000000","longitude":"-10.31666670","name":"T\u00e9n\u00e9mamouria"},{"id":"877604","latitude":"11.05000000","longitude":"-10.55000000","name":"Tink\u00e9 Mansa"},{"id":"877712","latitude":"11.13333330","longitude":"-9.90000000","name":"Tonofilafara"},{"id":"877732","latitude":"11.10000000","longitude":"-10.35000000","name":"Touba Bissa"},{"id":"877742","latitude":"11.10000000","longitude":"-10.36666670","name":"Toubaya"},{"id":"877746","latitude":"11.38333330","longitude":"-10.20000000","name":"Tougb\u00e9l\u00e9"},{"id":"877762","latitude":"11.23333330","longitude":"-10.38333330","name":"Touloub\u00e9r\u00e9"},{"id":"877773","latitude":"9.81666670","longitude":"-9.93333330","name":"Toumania"},{"id":"877805","latitude":"11.06666670","longitude":"-10.43333330","name":"Toureita Foula"},{"id":"877806","latitude":"11.05000000","longitude":"-10.43333330","name":"Toureita Malink\u00e9"},{"id":"877812","latitude":"10.63333330","longitude":"-9.65000000","name":"Tourouban"},{"id":"877884","latitude":"10.40000000","longitude":"-9.96666670","name":"Wassaya"},{"id":"877899","latitude":"11.01666670","longitude":"-10.51666670","name":"W\u00e9r\u00e9nindo"},{"id":"877999","latitude":"10.85000000","longitude":"-9.46666670","name":"Yarakoura"},{"id":"878001","latitude":"10.55000000","longitude":"-9.70000000","name":"Yaran\u00e9"},{"id":"878006","latitude":"10.80000000","longitude":"-9.50000000","name":"Yara"},{"id":"878150","latitude":"10.70000000","longitude":"-9.65000000","name":"Yri Kiri"}]