[{"id":"867328","latitude":"65.53333330","longitude":"-37.20000000","name":"Ak\u00ednaits\u00e2t"},{"id":"867329","latitude":"65.53333330","longitude":"-37.20000000","name":"Ak\u00edn\u00e1tsiait"},{"id":"867342","latitude":"65.60000000","longitude":"-37.63333330","name":"Ammassalik"},{"id":"867344","latitude":"65.60000000","longitude":"-37.63333330","name":"Angmagssalik"},{"id":"867345","latitude":"65.96666670","longitude":"-37.11666670","name":"Angmagssivik"},{"id":"867346","latitude":"65.60000000","longitude":"-37.63333330","name":"Angmagsslik"},{"id":"867347","latitude":"65.60000000","longitude":"-37.63333330","name":"Angmassalik"},{"id":"867353","latitude":"67.78333330","longitude":"-32.28333330","name":"Aputiteeq"},{"id":"867354","latitude":"67.78333330","longitude":"-32.28333330","name":"Aputiteq"},{"id":"867399","latitude":"63.38333330","longitude":"-41.30000000","name":"Finnsbu"},{"id":"867425","latitude":"70.48333330","longitude":"-21.96666670","name":"Igdlorqort\u00f4rmiut"},{"id":"867436","latitude":"65.58333330","longitude":"-37.58333330","name":"Igdlumiut"},{"id":"867440","latitude":"65.51666670","longitude":"-39.01666670","name":"Igssalik"},{"id":"867441","latitude":"70.45000000","longitude":"-22.38333330","name":"Igterajivit"},{"id":"867442","latitude":"70.48333330","longitude":"-21.96666670","name":"Igtorqort\u00f4rm\u00eet"},{"id":"867443","latitude":"65.58333330","longitude":"-37.58333330","name":"Igtum\u00eet"},{"id":"867445","latitude":"65.63333330","longitude":"-37.93333330","name":"\u00cdk\u00e1teq"},{"id":"867449","latitude":"65.56666670","longitude":"-37.11666670","name":"Ikerasagssuaq"},{"id":"867460","latitude":"70.48333330","longitude":"-21.96666670","name":"Illoqqortoormiut"},{"id":"867471","latitude":"65.53333330","longitude":"-38.98333330","name":"Isertoq"},{"id":"867472","latitude":"65.53333330","longitude":"-38.98333330","name":"Isortoq"},{"id":"867483","latitude":"70.48333330","longitude":"-21.96666670","name":"Itseqqortoormiit"},{"id":"867484","latitude":"70.45000000","longitude":"-22.38333330","name":"Ittaajimmiut"},{"id":"867485","latitude":"70.45000000","longitude":"-22.38333330","name":"Itterajivit"},{"id":"867486","latitude":"70.48333330","longitude":"-21.96666670","name":"Ittoqqortoormiit"},{"id":"867487","latitude":"70.45000000","longitude":"-22.45000000","name":"Ittorisseq"},{"id":"867488","latitude":"65.58333330","longitude":"-37.58333330","name":"Ittumiit"},{"id":"867495","latitude":"70.45000000","longitude":"-22.45000000","name":"Ivssorigseg"},{"id":"867496","latitude":"70.45000000","longitude":"-22.45000000","name":"Ivssorigseq"},{"id":"867497","latitude":"70.45000000","longitude":"-22.45000000","name":"Ivtorigteq"},{"id":"867543","latitude":"65.56666670","longitude":"-37.11666670","name":"Kap Dan"},{"id":"867544","latitude":"70.45000000","longitude":"-22.38333330","name":"Kap Hope"},{"id":"867549","latitude":"70.40000000","longitude":"-21.96666670","name":"Kap Tobin"},{"id":"867584","latitude":"65.56666670","longitude":"-37.18333330","name":"Kulusuk"},{"id":"867585","latitude":"65.86666670","longitude":"-37.01666670","name":"K\u00fbngmiut"},{"id":"867589","latitude":"65.86666670","longitude":"-37.01666670","name":"Kuummiit"},{"id":"867590","latitude":"65.86666670","longitude":"-37.01666670","name":"Kuummiut"},{"id":"867609","latitude":"73.50000000","longitude":"-21.56666670","name":"Myggbukta"},{"id":"867618","latitude":"60.50000000","longitude":"-43.41666670","name":"Narsak"},{"id":"867623","latitude":"60.50000000","longitude":"-43.41666670","name":"Narsaq"},{"id":"867677","latitude":"60.50000000","longitude":"-43.41666670","name":"Nursak"},{"id":"867688","latitude":"66.08333330","longitude":"-37.63333330","name":"Paarnakajiit"},{"id":"867690","latitude":"66.08333330","longitude":"-37.63333330","name":"Paornakaj\u00eet"},{"id":"867724","latitude":"65.83333330","longitude":"-38.01666670","name":"Qeertartivatsiaq"},{"id":"867732","latitude":"65.83333330","longitude":"-38.01666670","name":"Qeqertarssuatsiaq"},{"id":"867742","latitude":"65.71666670","longitude":"-37.30000000","name":"Qernertuarssivit"},{"id":"867743","latitude":"65.71666670","longitude":"-37.30000000","name":"Qernertuarssuit"},{"id":"867745","latitude":"65.96666670","longitude":"-37.11666670","name":"Q\u00edngeq"},{"id":"867775","latitude":"63.21666670","longitude":"-41.31666670","name":"Saqqisikuik"},{"id":"867791","latitude":"70.48333330","longitude":"-21.96666670","name":"Scoresby Sound"},{"id":"867792","latitude":"70.48333330","longitude":"-21.96666670","name":"Scoresbysund"},{"id":"867796","latitude":"65.90000000","longitude":"-36.36666670","name":"Sermiligaaq"},{"id":"867797","latitude":"65.90000000","longitude":"-36.36666670","name":"Sermilig\u00e2q"},{"id":"867799","latitude":"65.86666670","longitude":"-37.03333330","name":"Simiutaq"},{"id":"867803","latitude":"65.55000000","longitude":"-37.21666670","name":"Sivsingassoq"},{"id":"867804","latitude":"65.55000000","longitude":"-37.21666670","name":"Sivtingaleq"},{"id":"867807","latitude":"63.21666670","longitude":"-41.31666670","name":"Skjoldungen"},{"id":"867817","latitude":"65.53333330","longitude":"-37.20000000","name":"Sujunerajik"},{"id":"867824","latitude":"65.60000000","longitude":"-37.63333330","name":"Tasiilaq"},{"id":"867836","latitude":"62.53333330","longitude":"-42.21666670","name":"Timmiarmiut"},{"id":"867837","latitude":"62.53333330","longitude":"-42.21666670","name":"Tingmiarmiut"},{"id":"867838","latitude":"65.88333330","longitude":"-37.78333330","name":"Tiniteqilaaq"},{"id":"867839","latitude":"63.38333330","longitude":"-41.11666670","name":"Tiniteqilaarmiit"},{"id":"867840","latitude":"65.88333330","longitude":"-37.78333330","name":"Tiniteqil\u00e2q"},{"id":"867841","latitude":"63.38333330","longitude":"-41.11666670","name":"Tiniteqil\u00e2rm\u00eet"},{"id":"867842","latitude":"63.38333330","longitude":"-41.11666670","name":"Tinuteqiss\u00e2q"},{"id":"867859","latitude":"65.75000000","longitude":"-37.91666670","name":"Uk\u00eeverajik"},{"id":"867869","latitude":"65.90000000","longitude":"-37.98333330","name":"Umiagtuartivit"},{"id":"867871","latitude":"65.90000000","longitude":"-37.98333330","name":"Umiattuartivit"},{"id":"867872","latitude":"65.90000000","longitude":"-37.98333330","name":"Umigtuaraj\u00eet"},{"id":"867873","latitude":"65.90000000","longitude":"-37.98333330","name":"Umigtuarjit"},{"id":"867874","latitude":"65.90000000","longitude":"-37.98333330","name":"Umigtuarssuit"},{"id":"867875","latitude":"65.90000000","longitude":"-37.98333330","name":"Umigtuartivit"},{"id":"867876","latitude":"70.41666670","longitude":"-21.98333330","name":"\u00dbnarteq"},{"id":"867878","latitude":"70.41666670","longitude":"-21.98333330","name":"\u00dbnartoq"},{"id":"867889","latitude":"65.90000000","longitude":"-36.36666670","name":"Utorqarmiut"},{"id":"867894","latitude":"70.40000000","longitude":"-21.96666670","name":"Uunarteq"},{"id":"867895","latitude":"70.41666670","longitude":"-21.98333330","name":"Uunartoq"},{"id":"867900","latitude":"70.65000000","longitude":"-24.00000000","name":"Vandreblokken"},{"id":"867901","latitude":"70.65000000","longitude":"-24.00000000","name":"Vandreblok"}]