[{"id":"867938","latitude":"13.43333330","longitude":"-15.45000000","name":"Baba"},{"id":"867944","latitude":"13.40000000","longitude":"-15.36666670","name":"Badume"},{"id":"867948","latitude":"13.58333330","longitude":"-15.41666670","name":"Bahen"},{"id":"867959","latitude":"13.45000000","longitude":"-15.41666670","name":"Bai Tenda"},{"id":"867971","latitude":"13.36666670","longitude":"-15.61666670","name":"Bajon Koto"},{"id":"868003","latitude":"13.48333330","longitude":"-15.61666670","name":"Balingho"},{"id":"868004","latitude":"13.48333330","longitude":"-15.61666670","name":"Balingo"},{"id":"868008","latitude":"13.58333330","longitude":"-15.41666670","name":"Balo Ibra"},{"id":"868009","latitude":"13.58333330","longitude":"-15.43333330","name":"Balo Omar"},{"id":"868017","latitude":"13.48333330","longitude":"-15.33333330","name":"Bambale"},{"id":"868018","latitude":"13.48333330","longitude":"-15.33333330","name":"Bambali"},{"id":"868019","latitude":"13.51666670","longitude":"-15.58333330","name":"Bambatenda"},{"id":"868039","latitude":"13.29666670","longitude":"-16.07250000","name":"Bankulling"},{"id":"868072","latitude":"13.32138890","longitude":"-16.10000000","name":"Bantasu"},{"id":"868073","latitude":"13.55000000","longitude":"-15.51666670","name":"Banta Su"},{"id":"868101","latitude":"13.53333330","longitude":"-15.50000000","name":"Bassik"},{"id":"868130","latitude":"13.55000000","longitude":"-15.58333330","name":"Beretto"},{"id":"868143","latitude":"13.65000000","longitude":"-15.43333330","name":"Biram Yacin"},{"id":"868144","latitude":"13.41666670","longitude":"-15.53333330","name":"Biranoya"},{"id":"868146","latitude":"13.32666670","longitude":"-16.17944440","name":"Birong"},{"id":"868155","latitude":"13.48333330","longitude":"-15.33333330","name":"Bombale"},{"id":"868189","latitude":"13.43333330","longitude":"-15.45000000","name":"Buiba"},{"id":"868190","latitude":"13.43333330","longitude":"-15.45000000","name":"Buiba Jalo Kunda"},{"id":"868191","latitude":"13.43333330","longitude":"-15.45000000","name":"Buiba Mandinka"},{"id":"868192","latitude":"13.43333330","longitude":"-15.45000000","name":"Buiba Musa Njadoh"},{"id":"868193","latitude":"13.45000000","longitude":"-15.45000000","name":"Buiba Musa Sallah"},{"id":"868210","latitude":"13.55000000","longitude":"-15.33333330","name":"Buniadu"},{"id":"868226","latitude":"13.32666670","longitude":"-16.17944440","name":"Burrong"},{"id":"868259","latitude":"13.58333330","longitude":"-15.45000000","name":"Checken"},{"id":"868275","latitude":"13.60000000","longitude":"-15.40000000","name":"Dafa"},{"id":"868281","latitude":"13.51666670","longitude":"-15.63333330","name":"Dankadanka"},{"id":"868302","latitude":"13.40000000","longitude":"-15.38333330","name":"Daru Fatiho"},{"id":"868314","latitude":"13.56666670","longitude":"-15.55000000","name":"Dasilami"},{"id":"868352","latitude":"13.36666670","longitude":"-15.43333330","name":"Digante"},{"id":"868353","latitude":"13.36666670","longitude":"-15.43333330","name":"Diganteh"},{"id":"868360","latitude":"13.56666670","longitude":"-15.46666670","name":"Dipa Kunda"},{"id":"868362","latitude":"13.56666670","longitude":"-15.46666670","name":"Dipa Kunda Wollof"},{"id":"868395","latitude":"13.56666670","longitude":"-15.61666670","name":"Dutabulu"},{"id":"868396","latitude":"13.56666670","longitude":"-15.61666670","name":"Dutta Bullu"},{"id":"868417","latitude":"13.56666670","longitude":"-15.60000000","name":"Farafenni"},{"id":"868421","latitude":"13.55000000","longitude":"-15.43333330","name":"Farato"},{"id":"868429","latitude":"13.40000000","longitude":"-15.45000000","name":"Faro Ya"},{"id":"868436","latitude":"13.58333330","longitude":"-15.61666670","name":"Fass"},{"id":"868458","latitude":"13.38333330","longitude":"-15.56666670","name":"Fonkoi Kunda"},{"id":"868460","latitude":"13.40000000","longitude":"-15.40000000","name":"Forlolor"},{"id":"868497","latitude":"13.41666670","longitude":"-15.61666670","name":"Genieri"},{"id":"868502","latitude":"13.41666670","longitude":"-15.58333330","name":"Giffin"},{"id":"868510","latitude":"13.48333330","longitude":"-15.56666670","name":"Ginoi"},{"id":"868513","latitude":"13.31083330","longitude":"-16.08833330","name":"Gissay"},{"id":"868531","latitude":"13.38333330","longitude":"-15.36666670","name":"Hamdalai"},{"id":"868553","latitude":"13.50000000","longitude":"-15.61666670","name":"Jabbi Kunda"},{"id":"868555","latitude":"13.46666670","longitude":"-15.46666670","name":"Jabisa"},{"id":"868556","latitude":"13.46666670","longitude":"-15.46666670","name":"Jabis"},{"id":"868558","latitude":"13.41666670","longitude":"-15.41666670","name":"Jafini"},{"id":"868572","latitude":"13.40000000","longitude":"-15.51666670","name":"Jaidina"},{"id":"868591","latitude":"13.38333330","longitude":"-15.36666670","name":"Jalaba"},{"id":"868597","latitude":"13.38333330","longitude":"-15.40000000","name":"Jalangbereh"},{"id":"868602","latitude":"13.35000000","longitude":"-15.96666670","name":"Jali"},{"id":"868608","latitude":"13.35000000","longitude":"-15.38333330","name":"Jallow Kunda"},{"id":"868623","latitude":"13.56666670","longitude":"-15.45000000","name":"Jamagen"},{"id":"868638","latitude":"13.58333330","longitude":"-15.51666670","name":"Jamal Mballo"},{"id":"868647","latitude":"13.53333330","longitude":"-15.51666670","name":"Jambanya"},{"id":"868669","latitude":"13.38027780","longitude":"-16.13833330","name":"Janna Kunda"},{"id":"868670","latitude":"13.38027780","longitude":"-16.13833330","name":"Janneh Kunda"},{"id":"868672","latitude":"13.41666670","longitude":"-15.41666670","name":"Jappeni"},{"id":"868689","latitude":"13.46666670","longitude":"-15.66666670","name":"Jasobo"},{"id":"868707","latitude":"13.48333330","longitude":"-15.56666670","name":"Jenoi"},{"id":"868723","latitude":"13.41666670","longitude":"-15.58333330","name":"Jiffin"},{"id":"868725","latitude":"13.56666670","longitude":"-15.60000000","name":"Jigimar"},{"id":"868741","latitude":"13.41666670","longitude":"-15.41666670","name":"Jobe Kunda"},{"id":"868748","latitude":"13.43333330","longitude":"-15.66666670","name":"Jomarr"},{"id":"868760","latitude":"13.33055560","longitude":"-16.17694440","name":"Jula Kunda"},{"id":"868770","latitude":"13.40055560","longitude":"-16.09555560","name":"Juoli"},{"id":"868793","latitude":"13.40000000","longitude":"-15.61666670","name":"Kaiaf"},{"id":"868811","latitude":"13.55000000","longitude":"-15.61666670","name":"Kalataba"},{"id":"868848","latitude":"13.45000000","longitude":"-15.51666670","name":"Kani Kunda"},{"id":"868849","latitude":"13.55000000","longitude":"-15.38333330","name":"Kani Kunda Wharf Town"},{"id":"868868","latitude":"13.41666670","longitude":"-15.40000000","name":"Kanuma"},{"id":"868876","latitude":"13.35250000","longitude":"-16.15444440","name":"Karantaba"},{"id":"868905","latitude":"13.55000000","longitude":"-15.51666670","name":"Kataba"},{"id":"868907","latitude":"13.55000000","longitude":"-15.53333330","name":"Kataba Mandinka"},{"id":"868908","latitude":"13.55000000","longitude":"-15.51666670","name":"Kataba Mbap"},{"id":"868911","latitude":"13.55000000","longitude":"-15.51666670","name":"Katabatata"},{"id":"868931","latitude":"13.43250000","longitude":"-16.14750000","name":"Kemoto"},{"id":"868933","latitude":"13.32888890","longitude":"-16.01500000","name":"Keneba"},{"id":"868935","latitude":"13.35388890","longitude":"-16.07000000","name":"Kenniang"},{"id":"868936","latitude":"13.32888890","longitude":"-16.01500000","name":"Kenniba"},{"id":"868938","latitude":"13.28916670","longitude":"-16.08222220","name":"Keno Koto"},{"id":"868941","latitude":"13.58333330","longitude":"-15.61666670","name":"Ker Ali"},{"id":"868949","latitude":"13.55000000","longitude":"-15.41666670","name":"Ker Bamba Lowe"},{"id":"868950","latitude":"13.55000000","longitude":"-15.41666670","name":"Ker Bambo Lowe"},{"id":"868958","latitude":"13.65000000","longitude":"-15.43333330","name":"Ker Biram Yassin"},{"id":"868962","latitude":"13.65000000","longitude":"-15.43333330","name":"Ker Biran Yassin"},{"id":"868984","latitude":"13.58333330","longitude":"-15.61666670","name":"Ker Halli"},{"id":"869040","latitude":"13.53333330","longitude":"-15.33333330","name":"Ker Njugar Ndure"},{"id":"869045","latitude":"13.36666670","longitude":"-15.38333330","name":"Ker Pateh"},{"id":"869084","latitude":"13.55000000","longitude":"-15.33333330","name":"Ker Yoro Sowe"},{"id":"869105","latitude":"13.40000000","longitude":"-15.55000000","name":"Kohel"},{"id":"869113","latitude":"13.41666670","longitude":"-15.66666670","name":"Kolior"},{"id":"869136","latitude":"13.53333330","longitude":"-15.63333330","name":"Kubendar"},{"id":"869157","latitude":"13.53333330","longitude":"-15.43333330","name":"Kumbijae"},{"id":"869158","latitude":"13.53333330","longitude":"-15.43333330","name":"Kumbija"},{"id":"869172","latitude":"13.50000000","longitude":"-15.40000000","name":"Kunjetta"},{"id":"869173","latitude":"13.56666670","longitude":"-15.58333330","name":"Kunjung"},{"id":"869191","latitude":"13.30138890","longitude":"-16.18750000","name":"Kurang Kotor"},{"id":"869197","latitude":"13.31666670","longitude":"-16.10000000","name":"Kurong Kortor"},{"id":"869198","latitude":"13.30138890","longitude":"-16.18750000","name":"Kurong Kotor"},{"id":"869206","latitude":"13.56666670","longitude":"-15.58333330","name":"Kusassa"},{"id":"869211","latitude":"13.33361110","longitude":"-16.10250000","name":"Kuyang"},{"id":"869223","latitude":"13.58333330","longitude":"-15.63333330","name":"Lang Sarr"},{"id":"869250","latitude":"13.56666670","longitude":"-15.41666670","name":"Lumen"},{"id":"869270","latitude":"13.35777780","longitude":"-16.17166670","name":"Madina"},{"id":"869298","latitude":"13.58333330","longitude":"-15.63333330","name":"Maka Farafenni"},{"id":"869319","latitude":"13.35861110","longitude":"-16.15222220","name":"Manar"},{"id":"869324","latitude":"13.35777780","longitude":"-16.17166670","name":"Mandina"},{"id":"869330","latitude":"13.35388890","longitude":"-16.07000000","name":"Mandua"},{"id":"869332","latitude":"13.35388890","longitude":"-16.07000000","name":"Manduar"},{"id":"869346","latitude":"13.46666670","longitude":"-15.55000000","name":"Mansa Konko"},{"id":"869355","latitude":"13.58333330","longitude":"-15.63333330","name":"Marka Farafenni"},{"id":"869359","latitude":"13.41666670","longitude":"-15.63333330","name":"Massembe"},{"id":"869370","latitude":"13.53333330","longitude":"-15.61666670","name":"Mbaien"},{"id":"869376","latitude":"13.58333330","longitude":"-15.55000000","name":"Mbange Ndarra"},{"id":"869379","latitude":"13.58333330","longitude":"-15.48333330","name":"Mbap Ba"},{"id":"869380","latitude":"13.58333330","longitude":"-15.48333330","name":"Mbap Marigay"},{"id":"869398","latitude":"13.58333330","longitude":"-15.41666670","name":"Mbye Niake"},{"id":"869425","latitude":"13.55000000","longitude":"-15.48333330","name":"Mina"},{"id":"869434","latitude":"13.38333330","longitude":"-15.53333330","name":"Misira"},{"id":"869445","latitude":"13.30138890","longitude":"-16.18750000","name":"Missira Tenda"},{"id":"869455","latitude":"13.56666670","longitude":"-15.43333330","name":"M'Palen"},{"id":"869458","latitude":"13.38333330","longitude":"-15.60000000","name":"Munku Talla"},{"id":"869468","latitude":"13.40000000","longitude":"-15.36666670","name":"Naneko"},{"id":"869474","latitude":"13.55000000","longitude":"-15.46666670","name":"N'Daharr"},{"id":"869478","latitude":"13.51666670","longitude":"-15.63333330","name":"Ndanka Ndanka"},{"id":"869491","latitude":"13.56666670","longitude":"-15.41666670","name":"Ndowen"},{"id":"869502","latitude":"13.41666670","longitude":"-15.40000000","name":"Nema"},{"id":"869509","latitude":"13.53333330","longitude":"-15.61666670","name":"Nettebiri"},{"id":"869511","latitude":"13.55000000","longitude":"-15.58333330","name":"Ngaien Beretto"},{"id":"869522","latitude":"13.58333330","longitude":"-15.43333330","name":"N'Geyen Fula"},{"id":"869525","latitude":"13.60000000","longitude":"-15.45000000","name":"N'Geyen Sabach"},{"id":"869526","latitude":"13.58333330","longitude":"-15.43333330","name":"N'Geyen Sanjal"},{"id":"869528","latitude":"13.55000000","longitude":"-15.58333330","name":"N'Gien Beretto"},{"id":"869529","latitude":"13.56666670","longitude":"-15.53333330","name":"N'Gien"},{"id":"869531","latitude":"13.55000000","longitude":"-15.46666670","name":"Ngooka"},{"id":"869532","latitude":"13.58333330","longitude":"-15.65000000","name":"Ngueur"},{"id":"869567","latitude":"13.55000000","longitude":"-15.41666670","name":"Njabo"},{"id":"869570","latitude":"13.55000000","longitude":"-15.41666670","name":"N'Jaien"},{"id":"869584","latitude":"13.50000000","longitude":"-15.61666670","name":"Njamburr"},{"id":"869586","latitude":"13.58333330","longitude":"-15.55000000","name":"Njangen"},{"id":"869597","latitude":"13.53333330","longitude":"-15.51666670","name":"N'Jenghen"},{"id":"869598","latitude":"13.53333330","longitude":"-15.51666670","name":"Njenghen Njie Kunda"},{"id":"869599","latitude":"13.53333330","longitude":"-15.51666670","name":"N'Jie Kunda"},{"id":"869620","latitude":"13.53333330","longitude":"-15.33333330","name":"Njugar Kunda"},{"id":"869631","latitude":"13.58333330","longitude":"-15.55000000","name":"Numu Kunda"},{"id":"869643","latitude":"13.53333330","longitude":"-15.48333330","name":"N'Yang Kunda"},{"id":"869665","latitude":"13.55000000","longitude":"-15.66666670","name":"Pakala"},{"id":"869668","latitude":"13.46666670","longitude":"-15.55000000","name":"Pakali Nding"},{"id":"869677","latitude":"13.46666670","longitude":"-15.48333330","name":"Pakuba"},{"id":"869680","latitude":"13.56666670","longitude":"-15.43333330","name":"Palen Fula"},{"id":"869683","latitude":"13.56666670","longitude":"-15.43333330","name":"Palen Sanjal"},{"id":"869684","latitude":"13.56666670","longitude":"-15.43333330","name":"Palen Wollof"},{"id":"869700","latitude":"13.56666670","longitude":"-15.50000000","name":"Passi Mut"},{"id":"869725","latitude":"13.46666670","longitude":"-15.55000000","name":"Pokalle Ding"},{"id":"869726","latitude":"13.55000000","longitude":"-15.46666670","name":"Polga"},{"id":"869727","latitude":"13.61666670","longitude":"-15.40000000","name":"Polodi"},{"id":"869735","latitude":"13.56666670","longitude":"-15.53333330","name":"Sabach Ngaien"},{"id":"869769","latitude":"13.53333330","longitude":"-15.33333330","name":"Sambang"},{"id":"869770","latitude":"13.51666670","longitude":"-15.35000000","name":"Sambang Tenda"},{"id":"869771","latitude":"13.55000000","longitude":"-15.33333330","name":"Sambang Wolloff"},{"id":"869776","latitude":"13.60000000","longitude":"-15.40000000","name":"Samba Sotor"},{"id":"869778","latitude":"13.36666670","longitude":"-15.60000000","name":"Samba Ya Nding"},{"id":"869779","latitude":"13.36666670","longitude":"-15.58333330","name":"Samba Ya"},{"id":"869804","latitude":"13.60000000","longitude":"-15.41666670","name":"Sancha Madina"},{"id":"869805","latitude":"13.53333330","longitude":"-15.41666670","name":"Sancha Palen"},{"id":"869822","latitude":"13.58333330","longitude":"-15.55000000","name":"Sankalang"},{"id":"869824","latitude":"13.46666670","longitude":"-15.51666670","name":"Sankuia"},{"id":"869828","latitude":"13.46666670","longitude":"-15.51666670","name":"Sankwia"},{"id":"869829","latitude":"13.48333330","longitude":"-15.51666670","name":"Sankwia Tenda"},{"id":"869832","latitude":"13.31666670","longitude":"-16.13333330","name":"Santamba"},{"id":"869833","latitude":"13.29611110","longitude":"-16.13333330","name":"Santamba Wharf"},{"id":"869834","latitude":"13.31666670","longitude":"-16.13333330","name":"Santang Ba"},{"id":"869836","latitude":"13.29611110","longitude":"-16.13333330","name":"Santang Ba Wharf"},{"id":"869853","latitude":"13.53333330","longitude":"-15.41666670","name":"Sara Kunda"},{"id":"869863","latitude":"13.40000000","longitude":"-15.65000000","name":"Sare Babu"},{"id":"869897","latitude":"13.38333330","longitude":"-15.56666670","name":"Sare Fonkoi"},{"id":"869909","latitude":"13.36666670","longitude":"-15.61666670","name":"Sare Hamady"},{"id":"869916","latitude":"13.58333330","longitude":"-15.55000000","name":"Sare Jam Gido"},{"id":"869969","latitude":"13.36666670","longitude":"-15.38333330","name":"Sare Pateh"},{"id":"869974","latitude":"13.36666670","longitude":"-15.56666670","name":"Sare Saidy"},{"id":"870023","latitude":"13.53333330","longitude":"-15.41666670","name":"Sarra Kunda"},{"id":"870026","latitude":"13.40000000","longitude":"-15.45000000","name":"Sasita"},{"id":"870034","latitude":"13.40000000","longitude":"-15.51666670","name":"Seno Bajonki"},{"id":"870035","latitude":"13.40000000","longitude":"-15.51666670","name":"Seno Ba"},{"id":"870060","latitude":"13.43333330","longitude":"-15.56666670","name":"Si Kunda"},{"id":"870103","latitude":"13.53333330","longitude":"-15.45000000","name":"Sinchu Medina"},{"id":"870124","latitude":"13.41666670","longitude":"-15.40000000","name":"Sitafuma"},{"id":"870135","latitude":"13.43333330","longitude":"-15.53333330","name":"Soma"},{"id":"870154","latitude":"13.38333330","longitude":"-15.53333330","name":"Subundu"},{"id":"870156","latitude":"13.56666670","longitude":"-15.55000000","name":"Sukoto Fula"},{"id":"870157","latitude":"13.56666670","longitude":"-15.53333330","name":"Sukotto"},{"id":"870174","latitude":"13.38333330","longitude":"-15.53333330","name":"Sumbundu"},{"id":"870196","latitude":"13.32250000","longitude":"-16.17944440","name":"Taba Woro"},{"id":"870203","latitude":"13.32250000","longitude":"-16.17944440","name":"Taburo Koto"},{"id":"870204","latitude":"13.55000000","longitude":"-15.53333330","name":"Taiba"},{"id":"870214","latitude":"13.51666670","longitude":"-15.41666670","name":"Taindaitor"},{"id":"870225","latitude":"13.53333330","longitude":"-15.51666670","name":"Tamba Koto"},{"id":"870243","latitude":"13.53333330","longitude":"-15.66666670","name":"Tankanto"},{"id":"870246","latitude":"13.41777780","longitude":"-16.03694440","name":"Tankular"},{"id":"870247","latitude":"13.41777780","longitude":"-16.03694440","name":"Tankural"},{"id":"870249","latitude":"13.32250000","longitude":"-16.17944440","name":"Tarburung Kotor"},{"id":"870260","latitude":"13.41666670","longitude":"-15.41666670","name":"Tembetto"},{"id":"870262","latitude":"13.51666670","longitude":"-15.41666670","name":"Tendaito"},{"id":"870263","latitude":"13.30138890","longitude":"-16.18750000","name":"Tenda"},{"id":"870266","latitude":"13.51666670","longitude":"-15.41666670","name":"Tendito"},{"id":"870285","latitude":"13.53333330","longitude":"-15.51666670","name":"Tomba Koto"},{"id":"870286","latitude":"13.43333330","longitude":"-15.58333330","name":"Toniataba"},{"id":"870287","latitude":"13.43333330","longitude":"-15.58333330","name":"Tonitaba"},{"id":"870288","latitude":"13.40000000","longitude":"-15.66666670","name":"Toranka Bantang"},{"id":"870289","latitude":"13.40000000","longitude":"-15.66666670","name":"Toranko Bantang"},{"id":"870322","latitude":"13.55000000","longitude":"-15.33333330","name":"Tuba Wollof"},{"id":"870354","latitude":"13.41666670","longitude":"-15.40000000","name":"Wellingara Ba"},{"id":"870361","latitude":"13.45000000","longitude":"-15.45000000","name":"Wellingara Nding"},{"id":"870371","latitude":"13.38333330","longitude":"-15.55000000","name":"Willingara"},{"id":"870382","latitude":"13.58333330","longitude":"-15.56666670","name":"Yallal Ba"},{"id":"870383","latitude":"13.40000000","longitude":"-15.55000000","name":"Yallal"},{"id":"870385","latitude":"13.58333330","longitude":"-15.56666670","name":"Yallol Ba"},{"id":"870391","latitude":"13.51666670","longitude":"-15.56666670","name":"Yelitenda"},{"id":"870396","latitude":"13.41666670","longitude":"-15.66666670","name":"Yora Jula"}]