[{"id":"867923","latitude":"13.31666670","longitude":"-14.23333330","name":"Alohungari"},{"id":"867924","latitude":"13.26666670","longitude":"-14.13333330","name":"Alohungari Banta"},{"id":"867941","latitude":"13.33333330","longitude":"-14.10000000","name":"Badari"},{"id":"867942","latitude":"13.46666670","longitude":"-14.05000000","name":"Badja Kunda"},{"id":"867950","latitude":"13.26666670","longitude":"-14.28333330","name":"Bahwa"},{"id":"867965","latitude":"13.38333330","longitude":"-14.25000000","name":"Bajankoto"},{"id":"867975","latitude":"13.30000000","longitude":"-14.38333330","name":"Bakadagy"},{"id":"867977","latitude":"13.30000000","longitude":"-14.38333330","name":"Bakadaji"},{"id":"867999","latitude":"13.45000000","longitude":"-14.13333330","name":"Bala Silla"},{"id":"868020","latitude":"13.38333330","longitude":"-14.48333330","name":"Banatenda"},{"id":"868022","latitude":"13.28333330","longitude":"-14.13333330","name":"Banenko"},{"id":"868023","latitude":"13.28333330","longitude":"-14.13333330","name":"Banenko Simaila"},{"id":"868026","latitude":"13.26666670","longitude":"-14.13333330","name":"Bangasiya Fali"},{"id":"868032","latitude":"13.38333330","longitude":"-13.86666670","name":"Bani"},{"id":"868034","latitude":"13.26666670","longitude":"-14.43333330","name":"Baniko"},{"id":"868035","latitude":"13.26666670","longitude":"-14.28333330","name":"Banja"},{"id":"868040","latitude":"13.48333330","longitude":"-14.13333330","name":"Bankuwule"},{"id":"868041","latitude":"13.38333330","longitude":"-14.48333330","name":"Banna Tenda"},{"id":"868055","latitude":"13.31666670","longitude":"-14.21666670","name":"Bantang Kotor"},{"id":"868074","latitude":"13.46666670","longitude":"-14.08333330","name":"Banto Nding"},{"id":"868075","latitude":"13.38333330","longitude":"-14.01666670","name":"Banu Kunda"},{"id":"868077","latitude":"13.40000000","longitude":"-14.00000000","name":"Barajali Kunda"},{"id":"868079","latitude":"13.40000000","longitude":"-14.00000000","name":"Baraji Kunda"},{"id":"868082","latitude":"13.48333330","longitude":"-14.11666670","name":"Baro Kunda"},{"id":"868087","latitude":"13.48333330","longitude":"-14.11666670","name":"Barrakunda"},{"id":"868088","latitude":"13.55000000","longitude":"-13.80000000","name":"Barra Kunda"},{"id":"868092","latitude":"13.45000000","longitude":"-14.38333330","name":"Barry Narbeh"},{"id":"868095","latitude":"13.30000000","longitude":"-14.20000000","name":"Base Nding"},{"id":"868097","latitude":"13.31666670","longitude":"-14.21666670","name":"Basse"},{"id":"868100","latitude":"13.31666670","longitude":"-14.21666670","name":"Basse Santa Su"},{"id":"868132","latitude":"13.45000000","longitude":"-14.38333330","name":"Berry Narbeh"},{"id":"868135","latitude":"13.46666670","longitude":"-14.43333330","name":"Bia Hamady"},{"id":"868145","latitude":"13.26666670","longitude":"-14.43333330","name":"Birom"},{"id":"868148","latitude":"13.30000000","longitude":"-14.08333330","name":"Bisandugu"},{"id":"868154","latitude":"13.56666670","longitude":"-13.93333330","name":"Bolum"},{"id":"868163","latitude":"13.41666670","longitude":"-14.03333330","name":"Boro Kandakase"},{"id":"868164","latitude":"13.41666670","longitude":"-14.03333330","name":"Boro Majang Kunda"},{"id":"868165","latitude":"13.41666670","longitude":"-14.03333330","name":"Boro Manjang Kunda"},{"id":"868166","latitude":"13.43333330","longitude":"-14.03333330","name":"Boro Modi Bane"},{"id":"868168","latitude":"13.41666670","longitude":"-14.03333330","name":"Boro Sambakabaya"},{"id":"868169","latitude":"13.41666670","longitude":"-14.03333330","name":"Boro Sambaya"},{"id":"868173","latitude":"13.33333330","longitude":"-14.26666670","name":"Brefet"},{"id":"868176","latitude":"13.50000000","longitude":"-13.93333330","name":"Brifu"},{"id":"868233","latitude":"13.31666670","longitude":"-14.50000000","name":"Busura"},{"id":"868235","latitude":"13.31666670","longitude":"-14.50000000","name":"Busure"},{"id":"868248","latitude":"13.31666670","longitude":"-14.16666670","name":"Chamoi"},{"id":"868250","latitude":"13.35000000","longitude":"-14.33333330","name":"Changally"},{"id":"868251","latitude":"13.36666670","longitude":"-14.33333330","name":"Changally Chewdu"},{"id":"868252","latitude":"13.35000000","longitude":"-14.33333330","name":"Changally Lankadi"},{"id":"868258","latitude":"13.41666670","longitude":"-13.95000000","name":"Charnum"},{"id":"868266","latitude":"13.36666670","longitude":"-14.46666670","name":"Chewal Bessell"},{"id":"868272","latitude":"13.31666670","longitude":"-14.30000000","name":"Daba Kunda"},{"id":"868279","latitude":"13.33333330","longitude":"-14.18333330","name":"Damfa Kunda"},{"id":"868280","latitude":"13.28333330","longitude":"-14.13333330","name":"Dandugu"},{"id":"868290","latitude":"13.33333330","longitude":"-14.06666670","name":"Darsilame"},{"id":"868291","latitude":"13.26666670","longitude":"-14.15000000","name":"Darsilame Ker Koro"},{"id":"868292","latitude":"13.26666670","longitude":"-14.15000000","name":"Darsilame Key Koro"},{"id":"868293","latitude":"13.40000000","longitude":"-14.26666670","name":"Darsilami"},{"id":"868296","latitude":"13.36666670","longitude":"-14.45000000","name":"Darsilami Jimara"},{"id":"868297","latitude":"13.36666670","longitude":"-14.28333330","name":"Darsilami Tenda"},{"id":"868298","latitude":"13.26666670","longitude":"-14.15000000","name":"Darsilane Ker Koro"},{"id":"868315","latitude":"13.48333330","longitude":"-13.93333330","name":"Dasilami"},{"id":"868327","latitude":"13.46666670","longitude":"-13.85000000","name":"Demba Koumbel"},{"id":"868328","latitude":"13.46666670","longitude":"-13.85000000","name":"Demba Kumbale"},{"id":"868330","latitude":"13.25000000","longitude":"-14.26666670","name":"Demba Kunda"},{"id":"868337","latitude":"13.45000000","longitude":"-14.33333330","name":"Demba Wendu"},{"id":"868338","latitude":"13.31666670","longitude":"-14.40000000","name":"Dembel Jawor"},{"id":"868339","latitude":"13.46666670","longitude":"-13.85000000","name":"Dembo Kumbel"},{"id":"868346","latitude":"13.33333330","longitude":"-13.95000000","name":"Diabugu Basilla"},{"id":"868347","latitude":"13.36666670","longitude":"-13.98333330","name":"Diabugu"},{"id":"868348","latitude":"13.38333330","longitude":"-14.41666670","name":"Diabugu Tenda"},{"id":"868357","latitude":"13.28333330","longitude":"-14.06666670","name":"Dinguiri"},{"id":"868358","latitude":"13.28333330","longitude":"-14.06666670","name":"Dinguirin"},{"id":"868364","latitude":"13.38333330","longitude":"-14.40000000","name":"Dirboko"},{"id":"868366","latitude":"13.41666670","longitude":"-13.86666670","name":"Djan Counda"},{"id":"868368","latitude":"13.31666670","longitude":"-14.30000000","name":"Doba Kunda"},{"id":"868380","latitude":"13.43333330","longitude":"-14.11666670","name":"Dramane"},{"id":"868383","latitude":"13.31666670","longitude":"-14.30000000","name":"Dula Kunda"},{"id":"868388","latitude":"13.41666670","longitude":"-14.21666670","name":"Dumfoya"},{"id":"868405","latitude":"13.48333330","longitude":"-14.20000000","name":"Fadiya Kunda"},{"id":"868411","latitude":"13.40000000","longitude":"-13.86666670","name":"Fantumbu"},{"id":"868423","latitude":"13.40000000","longitude":"-14.21666670","name":"Farato"},{"id":"868426","latitude":"13.40000000","longitude":"-13.86666670","name":"Farem-Toumbo"},{"id":"868427","latitude":"13.40000000","longitude":"-13.86666670","name":"Farintumbu"},{"id":"868442","latitude":"13.35000000","longitude":"-14.40000000","name":"Fatako"},{"id":"868443","latitude":"13.45000000","longitude":"-14.06666670","name":"Fatotenda"},{"id":"868444","latitude":"13.40000000","longitude":"-13.90000000","name":"Fatoto"},{"id":"868445","latitude":"13.45000000","longitude":"-14.06666670","name":"Fattatenda"},{"id":"868448","latitude":"13.38333330","longitude":"-14.11666670","name":"Findefeto"},{"id":"868449","latitude":"13.38333330","longitude":"-14.11666670","name":"Findofato"},{"id":"868454","latitude":"13.50000000","longitude":"-13.93333330","name":"Fode Kounda"},{"id":"868455","latitude":"13.50000000","longitude":"-13.93333330","name":"Fode Kunda"},{"id":"868463","latitude":"13.35000000","longitude":"-14.01666670","name":"Fula"},{"id":"868468","latitude":"13.28333330","longitude":"-14.06666670","name":"Fula Kunda"},{"id":"868471","latitude":"13.30000000","longitude":"-14.35000000","name":"Fula More Boche"},{"id":"868474","latitude":"13.40000000","longitude":"-13.90000000","name":"Gadafaro"},{"id":"868482","latitude":"13.26666670","longitude":"-14.30000000","name":"Gambissara Bondoh"},{"id":"868483","latitude":"13.26666670","longitude":"-14.30000000","name":"Gambissara Fula"},{"id":"868484","latitude":"13.23333330","longitude":"-14.31666670","name":"Gambissara"},{"id":"868485","latitude":"13.25000000","longitude":"-14.30000000","name":"Gambissara Jawo"},{"id":"868486","latitude":"13.25000000","longitude":"-14.30000000","name":"Gambissara Jawor"},{"id":"868487","latitude":"13.31666670","longitude":"-13.95000000","name":"Gambissar"},{"id":"868488","latitude":"13.41666670","longitude":"-13.95000000","name":"Garawol"},{"id":"868491","latitude":"13.53333330","longitude":"-14.10000000","name":"Gayo"},{"id":"868493","latitude":"13.31666670","longitude":"-13.95000000","name":"Gembissara"},{"id":"868506","latitude":"13.33333330","longitude":"-14.45000000","name":"Gillangel"},{"id":"868511","latitude":"13.30000000","longitude":"-14.20000000","name":"Giroba"},{"id":"868512","latitude":"13.30000000","longitude":"-14.20000000","name":"Giroba Kunda"},{"id":"868520","latitude":"13.53333330","longitude":"-14.11666670","name":"Gunjur Kuta"},{"id":"868527","latitude":"13.38333330","longitude":"-14.26666670","name":"Hamadalie"},{"id":"868533","latitude":"13.43333330","longitude":"-13.80000000","name":"Hamdalai"},{"id":"868537","latitude":"13.30000000","longitude":"-14.36666670","name":"Hela Kunda"},{"id":"868539","latitude":"13.43333330","longitude":"-13.85000000","name":"Heramakono"},{"id":"868550","latitude":"13.36666670","longitude":"-14.36666670","name":"Jababa"},{"id":"868564","latitude":"13.36666670","longitude":"-14.36666670","name":"Jahabi"},{"id":"868565","latitude":"13.41666670","longitude":"-14.11666670","name":"Jaha"},{"id":"868568","latitude":"13.35000000","longitude":"-14.31666670","name":"Jaha Madina"},{"id":"868569","latitude":"13.53333330","longitude":"-14.10000000","name":"Jahatuje"},{"id":"868576","latitude":"13.36666670","longitude":"-14.36666670","name":"Jakaba"},{"id":"868595","latitude":"13.23333330","longitude":"-14.33333330","name":"Jala Kunda"},{"id":"868648","latitude":"13.50000000","longitude":"-14.18333330","name":"Jambaruya"},{"id":"868657","latitude":"13.46666670","longitude":"-14.45000000","name":"Jamwelly"},{"id":"868681","latitude":"13.46666670","longitude":"-14.18333330","name":"Jar Kunda"},{"id":"868692","latitude":"13.28333330","longitude":"-14.31666670","name":"Jata"},{"id":"868699","latitude":"13.41666670","longitude":"-13.86666670","name":"Jau Kunda"},{"id":"868700","latitude":"13.35000000","longitude":"-14.41666670","name":"Jawbeh Madeh"},{"id":"868701","latitude":"13.35000000","longitude":"-14.41666670","name":"Jawbeh Modeh"},{"id":"868703","latitude":"13.41666670","longitude":"-14.18333330","name":"Jawla"},{"id":"868705","latitude":"13.53333330","longitude":"-14.11666670","name":"Jekka"},{"id":"868706","latitude":"13.40000000","longitude":"-14.28333330","name":"Jendeh"},{"id":"868727","latitude":"13.26666670","longitude":"-14.43333330","name":"Jimara"},{"id":"868757","latitude":"13.30000000","longitude":"-14.35000000","name":"Juburruya"},{"id":"868767","latitude":"13.31666670","longitude":"-14.45000000","name":"Jum Bakary"},{"id":"868768","latitude":"13.33333330","longitude":"-14.45000000","name":"Jum Mankama"},{"id":"868771","latitude":"13.28333330","longitude":"-14.38333330","name":"Jurro Kunda"},{"id":"868775","latitude":"13.30000000","longitude":"-14.20000000","name":"Kabakama"},{"id":"868824","latitude":"13.51666670","longitude":"-13.91666670","name":"Kambele"},{"id":"868836","latitude":"13.26666670","longitude":"-14.38333330","name":"Kamunakore"},{"id":"868837","latitude":"13.56666670","longitude":"-13.93333330","name":"Kanape"},{"id":"868839","latitude":"13.40000000","longitude":"-14.28333330","name":"Kandimai"},{"id":"868861","latitude":"13.40000000","longitude":"-13.88333330","name":"Kantale Kunda"},{"id":"868866","latitude":"13.31666670","longitude":"-14.30000000","name":"Kanube"},{"id":"868867","latitude":"13.33333330","longitude":"-14.30000000","name":"Kanube Tenda"},{"id":"868878","latitude":"13.35000000","longitude":"-14.01666670","name":"Karantaba"},{"id":"868885","latitude":"13.41666670","longitude":"-13.95000000","name":"Karaoli"},{"id":"868889","latitude":"13.38333330","longitude":"-13.85000000","name":"Karsi Kunda"},{"id":"868926","latitude":"13.43333330","longitude":"-13.96666670","name":"Kebbe"},{"id":"868928","latitude":"13.43333330","longitude":"-13.96666670","name":"Kebbe Kunda"},{"id":"868932","latitude":"13.46666670","longitude":"-14.20000000","name":"Kendalu"},{"id":"868937","latitude":"13.30000000","longitude":"-14.10000000","name":"Kenniba"},{"id":"868974","latitude":"13.36666670","longitude":"-14.21666670","name":"Kerewan"},{"id":"869073","latitude":"13.36666670","longitude":"-14.06666670","name":"Ker Singarteh"},{"id":"869089","latitude":"13.36666670","longitude":"-14.46666670","name":"Khayell Bessell"},{"id":"869099","latitude":"13.30000000","longitude":"-14.15000000","name":"Kiskisi"},{"id":"869103","latitude":"13.38333330","longitude":"-14.08333330","name":"Kobotor"},{"id":"869106","latitude":"13.48333330","longitude":"-13.86666670","name":"Koina"},{"id":"869107","latitude":"13.48333330","longitude":"-13.90000000","name":"Koina Tenda"},{"id":"869108","latitude":"13.43333330","longitude":"-14.20000000","name":"Kolibantang"},{"id":"869110","latitude":"13.36666670","longitude":"-14.08333330","name":"Koli Kunda"},{"id":"869112","latitude":"13.28333330","longitude":"-14.11666670","name":"Kolinto"},{"id":"869124","latitude":"13.33333330","longitude":"-14.50000000","name":"Koro Numa Kunda"},{"id":"869125","latitude":"13.35000000","longitude":"-14.48333330","name":"Korro Jula Kunda"},{"id":"869126","latitude":"13.33333330","longitude":"-14.38333330","name":"Kossema"},{"id":"869128","latitude":"13.31666670","longitude":"-14.38333330","name":"Kossemar Dembell"},{"id":"869129","latitude":"13.33333330","longitude":"-14.38333330","name":"Kossemar"},{"id":"869130","latitude":"13.31666670","longitude":"-14.38333330","name":"Kossemar Mamodu Sutu"},{"id":"869131","latitude":"13.31666670","longitude":"-14.38333330","name":"Kossemar Momadu Sutu"},{"id":"869133","latitude":"13.41666670","longitude":"-13.86666670","name":"Kristi Kunda"},{"id":"869134","latitude":"13.33333330","longitude":"-13.88333330","name":"Kuari"},{"id":"869146","latitude":"13.40000000","longitude":"-13.90000000","name":"Kukuyal"},{"id":"869147","latitude":"13.40000000","longitude":"-13.90000000","name":"Kukuyel"},{"id":"869148","latitude":"13.40000000","longitude":"-14.08333330","name":"Kulari"},{"id":"869149","latitude":"13.46666670","longitude":"-14.21666670","name":"Kular"},{"id":"869152","latitude":"13.30000000","longitude":"-14.15000000","name":"Kulkulel"},{"id":"869159","latitude":"13.26666670","longitude":"-14.18333330","name":"Kumbija"},{"id":"869161","latitude":"13.26666670","longitude":"-14.18333330","name":"Kumbita"},{"id":"869162","latitude":"13.38333330","longitude":"-13.96666670","name":"Kumbul"},{"id":"869163","latitude":"13.55000000","longitude":"-13.88333330","name":"Kunda"},{"id":"869165","latitude":"13.33333330","longitude":"-14.11666670","name":"Kundam Demba"},{"id":"869166","latitude":"13.33333330","longitude":"-14.11666670","name":"Kundam Fode"},{"id":"869167","latitude":"13.33333330","longitude":"-14.11666670","name":"Kundam"},{"id":"869168","latitude":"13.40000000","longitude":"-14.28333330","name":"Kundum"},{"id":"869170","latitude":"13.25000000","longitude":"-14.18333330","name":"Kunjala"},{"id":"869188","latitude":"13.31666670","longitude":"-14.23333330","name":"Kuoba Kunda"},{"id":"869189","latitude":"13.31666670","longitude":"-14.23333330","name":"Kuoba"},{"id":"869190","latitude":"13.41666670","longitude":"-14.31666670","name":"Kuonko"},{"id":"869192","latitude":"13.40000000","longitude":"-14.41666670","name":"Kurau Bakari"},{"id":"869193","latitude":"13.40000000","longitude":"-14.41666670","name":"Kurau Kemo Arfang"},{"id":"869194","latitude":"13.40000000","longitude":"-14.41666670","name":"Kurau"},{"id":"869201","latitude":"13.46666670","longitude":"-13.81666670","name":"Kuryande"},{"id":"869202","latitude":"13.35000000","longitude":"-14.13333330","name":"Kusa Burey"},{"id":"869203","latitude":"13.55000000","longitude":"-13.90000000","name":"Kusaie"},{"id":"869207","latitude":"13.45000000","longitude":"-14.11666670","name":"Kusi"},{"id":"869209","latitude":"13.38333330","longitude":"-13.93333330","name":"Kusun"},{"id":"869241","latitude":"13.35000000","longitude":"-14.51666670","name":"Legi Kunda"},{"id":"869243","latitude":"13.41666670","longitude":"-14.11666670","name":"Limbambulu"},{"id":"869261","latitude":"13.41666670","longitude":"-13.85000000","name":"Madina Bala"},{"id":"869265","latitude":"13.41666670","longitude":"-13.83333330","name":"Madina Fula Kunda"},{"id":"869267","latitude":"13.35000000","longitude":"-14.50000000","name":"Madina Kuru"},{"id":"869268","latitude":"13.38333330","longitude":"-13.86666670","name":"Madina Kuta"},{"id":"869272","latitude":"13.30000000","longitude":"-14.01666670","name":"Madina"},{"id":"869281","latitude":"13.26666670","longitude":"-14.40000000","name":"Madina Sadda"},{"id":"869285","latitude":"13.38333330","longitude":"-14.20000000","name":"Madina Tenda"},{"id":"869301","latitude":"13.56666670","longitude":"-13.91666670","name":"Makajan Kunda"},{"id":"869302","latitude":"13.56666670","longitude":"-13.91666670","name":"Makajan"},{"id":"869304","latitude":"13.41666670","longitude":"-14.03333330","name":"Maka"},{"id":"869313","latitude":"13.33333330","longitude":"-14.50000000","name":"Maliky Mansong"},{"id":"869314","latitude":"13.50000000","longitude":"-14.08333330","name":"Malubaliya"},{"id":"869315","latitude":"13.50000000","longitude":"-14.45000000","name":"Mamadi Ceesay"},{"id":"869316","latitude":"13.51666670","longitude":"-14.43333330","name":"Mamadi Sisi"},{"id":"869317","latitude":"13.23333330","longitude":"-14.21666670","name":"Mampata Yeli"},{"id":"869327","latitude":"13.35000000","longitude":"-14.01666670","name":"Mandingko"},{"id":"869334","latitude":"13.30000000","longitude":"-14.21666670","name":"Mane Kunda"},{"id":"869341","latitude":"13.30000000","longitude":"-14.21666670","name":"Manneh Kunda"},{"id":"869342","latitude":"13.50000000","longitude":"-14.11666670","name":"Mano Kotor"},{"id":"869344","latitude":"13.50000000","longitude":"-14.11666670","name":"Manor Koto"},{"id":"869345","latitude":"13.30000000","longitude":"-14.21666670","name":"Mansajang Kunda"},{"id":"869347","latitude":"13.40000000","longitude":"-13.98333330","name":"Mansa Kunda"},{"id":"869350","latitude":"13.33333330","longitude":"-14.40000000","name":"Mansong"},{"id":"869364","latitude":"13.38333330","longitude":"-14.28333330","name":"M'Baia"},{"id":"869374","latitude":"13.31666670","longitude":"-14.50000000","name":"Mballo Kunda"},{"id":"869397","latitude":"13.38333330","longitude":"-14.28333330","name":"Mbye Kunda"},{"id":"869401","latitude":"13.28333330","longitude":"-14.31666670","name":"Medina Jambol"},{"id":"869406","latitude":"13.40000000","longitude":"-14.30000000","name":"Medina"},{"id":"869430","latitude":"13.33333330","longitude":"-13.95000000","name":"Misera"},{"id":"869442","latitude":"13.36666670","longitude":"-14.35000000","name":"Missira"},{"id":"869446","latitude":"13.36666670","longitude":"-14.35000000","name":"Missir"},{"id":"869449","latitude":"13.55000000","longitude":"-13.90000000","name":"Modu Jawo Kunda"},{"id":"869450","latitude":"13.33333330","longitude":"-14.26666670","name":"Momadu Kunda"},{"id":"869451","latitude":"13.33333330","longitude":"-14.26666670","name":"Momodu Kunda"},{"id":"869453","latitude":"13.25000000","longitude":"-14.26666670","name":"Morbugu"},{"id":"869454","latitude":"13.35000000","longitude":"-14.45000000","name":"Mousa Nding Kunda"},{"id":"869460","latitude":"13.55000000","longitude":"-14.06666670","name":"Mure Kunda"},{"id":"869463","latitude":"13.55000000","longitude":"-13.95000000","name":"Musa Kunda"},{"id":"869465","latitude":"13.33333330","longitude":"-14.28333330","name":"Nafugan"},{"id":"869466","latitude":"13.33333330","longitude":"-14.28333330","name":"Nafuka"},{"id":"869472","latitude":"13.46666670","longitude":"-14.45000000","name":"Naude"},{"id":"869484","latitude":"13.33333330","longitude":"-14.03333330","name":"Ndimbo"},{"id":"869486","latitude":"13.33333330","longitude":"-14.03333330","name":"Ndimo"},{"id":"869487","latitude":"13.36666670","longitude":"-14.20000000","name":"N'Ding Madina"},{"id":"869513","latitude":"13.50000000","longitude":"-14.43333330","name":"N' Gai Golore"},{"id":"869515","latitude":"13.26666670","longitude":"-14.28333330","name":"Ngallen"},{"id":"869543","latitude":"13.43333330","longitude":"-14.48333330","name":"Niani Kunda"},{"id":"869547","latitude":"13.43333330","longitude":"-14.48333330","name":"Niankui"},{"id":"869548","latitude":"13.43333330","longitude":"-14.48333330","name":"Niankwi"},{"id":"869551","latitude":"13.30000000","longitude":"-14.08333330","name":"Niji"},{"id":"869568","latitude":"13.41666670","longitude":"-14.48333330","name":"Njaga Jarry"},{"id":"869569","latitude":"13.41666670","longitude":"-14.48333330","name":"N'Jagga Jarry"},{"id":"869573","latitude":"13.46666670","longitude":"-14.18333330","name":"N'Ja Kunda"},{"id":"869580","latitude":"13.26666670","longitude":"-14.36666670","name":"N'Jal Mbye"},{"id":"869588","latitude":"13.30000000","longitude":"-14.01666670","name":"Njarinjofa"},{"id":"869589","latitude":"13.30000000","longitude":"-14.01666670","name":"Njarinjota"},{"id":"869590","latitude":"13.30000000","longitude":"-14.01666670","name":"Njarinjufa"},{"id":"869591","latitude":"13.28333330","longitude":"-14.38333330","name":"N'Jarry Njoffa"},{"id":"869595","latitude":"13.33333330","longitude":"-14.01666670","name":"Njayel"},{"id":"869621","latitude":"13.45000000","longitude":"-14.18333330","name":"Nkea Kunda"},{"id":"869622","latitude":"13.25000000","longitude":"-14.38333330","name":"Nobakunda"},{"id":"869630","latitude":"13.33333330","longitude":"-14.50000000","name":"Numu Kunda Kotor"},{"id":"869632","latitude":"13.33333330","longitude":"-14.50000000","name":"Numu Kunda"},{"id":"869634","latitude":"13.28333330","longitude":"-14.30000000","name":"Numyell"},{"id":"869637","latitude":"13.33333330","longitude":"-13.86666670","name":"Nyamanari"},{"id":"869663","latitude":"13.33333330","longitude":"-14.38333330","name":"Pachunko"},{"id":"869699","latitude":"13.45000000","longitude":"-13.91666670","name":"Passimu"},{"id":"869704","latitude":"13.33333330","longitude":"-14.38333330","name":"Patchunko"},{"id":"869712","latitude":"13.38333330","longitude":"-14.25000000","name":"Perai Memadi"},{"id":"869713","latitude":"13.38333330","longitude":"-14.03333330","name":"Perai"},{"id":"869714","latitude":"13.38333330","longitude":"-14.03333330","name":"Perai Tenda"},{"id":"869720","latitude":"13.38333330","longitude":"-14.03333330","name":"Pirai"},{"id":"869722","latitude":"13.35000000","longitude":"-14.31666670","name":"Plinky Bakary"},{"id":"869723","latitude":"13.36666670","longitude":"-14.30000000","name":"Plinky Woppa"},{"id":"869724","latitude":"13.36666670","longitude":"-14.30000000","name":"Plinky Wopp"},{"id":"869729","latitude":"13.38333330","longitude":"-14.03333330","name":"Priakunda"},{"id":"869736","latitude":"13.33333330","longitude":"-14.40000000","name":"Sabally Kunda"},{"id":"869741","latitude":"13.23333330","longitude":"-14.20000000","name":"Sabi"},{"id":"869743","latitude":"13.30000000","longitude":"-14.16666670","name":"Sabuseri"},{"id":"869748","latitude":"13.35000000","longitude":"-14.01666670","name":"Saja Kunda"},{"id":"869754","latitude":"13.35000000","longitude":"-14.01666670","name":"Salikene"},{"id":"869758","latitude":"13.35000000","longitude":"-14.01666670","name":"Salikenye"},{"id":"869759","latitude":"13.30000000","longitude":"-14.06666670","name":"Samantalu"},{"id":"869761","latitude":"13.31666670","longitude":"-14.31666670","name":"Samba Jowala"},{"id":"869762","latitude":"13.43333330","longitude":"-14.18333330","name":"Samba Kabude"},{"id":"869763","latitude":"13.30000000","longitude":"-14.31666670","name":"Samba Koi"},{"id":"869764","latitude":"13.40000000","longitude":"-13.88333330","name":"Sambakubasu"},{"id":"869765","latitude":"13.33333330","longitude":"-14.08333330","name":"Samba Kunda"},{"id":"869772","latitude":"13.30000000","longitude":"-14.06666670","name":"Sambantalu"},{"id":"869780","latitude":"13.31666670","longitude":"-14.53333330","name":"Samba Yerro"},{"id":"869783","latitude":"13.28333330","longitude":"-14.38333330","name":"Sambel Kunda"},{"id":"869795","latitude":"13.45000000","longitude":"-13.96666670","name":"Sami"},{"id":"869802","latitude":"13.48333330","longitude":"-14.18333330","name":"Sanchabari"},{"id":"869808","latitude":"13.33333330","longitude":"-13.95000000","name":"Sandefu"},{"id":"869821","latitude":"13.46666670","longitude":"-14.41666670","name":"Sankabarry"},{"id":"869826","latitude":"13.30000000","longitude":"-14.35000000","name":"Sankulekunda"},{"id":"869846","latitude":"13.28333330","longitude":"-14.11666670","name":"Sanunding"},{"id":"869858","latitude":"13.55000000","longitude":"-13.91666670","name":"Sare Ali"},{"id":"869859","latitude":"13.36666670","longitude":"-13.98333330","name":"Sare Alpha"},{"id":"869864","latitude":"13.43333330","longitude":"-13.80000000","name":"Sare Bacha"},{"id":"869866","latitude":"13.31666670","longitude":"-14.51666670","name":"Sare Bakare"},{"id":"869868","latitude":"13.31666670","longitude":"-14.51666670","name":"Sare Bakary"},{"id":"869870","latitude":"13.51666670","longitude":"-14.16666670","name":"Sare Belali"},{"id":"869871","latitude":"13.43333330","longitude":"-13.85000000","name":"Sare Beru"},{"id":"869872","latitude":"13.28333330","longitude":"-14.45000000","name":"Sare Biram"},{"id":"869873","latitude":"13.25000000","longitude":"-14.33333330","name":"Sare Bocchi"},{"id":"869874","latitude":"13.55000000","longitude":"-13.95000000","name":"Sare Bohum"},{"id":"869875","latitude":"13.31666670","longitude":"-14.53333330","name":"Sare Boja Demmo"},{"id":"869876","latitude":"13.31666670","longitude":"-14.53333330","name":"Sare Boja"},{"id":"869877","latitude":"13.31666670","longitude":"-14.53333330","name":"Sare Bojo"},{"id":"869878","latitude":"13.28333330","longitude":"-14.16666670","name":"Sare Bona"},{"id":"869880","latitude":"13.55000000","longitude":"-13.95000000","name":"Sare Buhum"},{"id":"869881","latitude":"13.35000000","longitude":"-14.11666670","name":"Sare Buluma"},{"id":"869882","latitude":"13.25000000","longitude":"-14.41666670","name":"Sare Cherno"},{"id":"869885","latitude":"13.43333330","longitude":"-14.25000000","name":"Sare Dabo"},{"id":"869886","latitude":"13.26666670","longitude":"-14.41666670","name":"Sare Dadeh"},{"id":"869888","latitude":"13.38333330","longitude":"-14.23333330","name":"Sare Dadi"},{"id":"869890","latitude":"13.30000000","longitude":"-14.45000000","name":"Sare Demba Dardoh"},{"id":"869891","latitude":"13.43333330","longitude":"-14.31666670","name":"Sare Demba"},{"id":"869892","latitude":"13.31666670","longitude":"-14.53333330","name":"Sare Dene"},{"id":"869893","latitude":"13.41666670","longitude":"-14.21666670","name":"Sare Dumfoya"},{"id":"869896","latitude":"13.40000000","longitude":"-14.36666670","name":"Sare Fodigey"},{"id":"869902","latitude":"13.43333330","longitude":"-14.30000000","name":"Sare Ganardu"},{"id":"869903","latitude":"13.33333330","longitude":"-14.48333330","name":"Sare Ganya"},{"id":"869904","latitude":"13.51666670","longitude":"-14.08333330","name":"Sare Geda"},{"id":"869905","latitude":"13.31666670","longitude":"-14.01666670","name":"Sare Gela"},{"id":"869906","latitude":"13.45000000","longitude":"-14.20000000","name":"Sare Gelel"},{"id":"869908","latitude":"13.45000000","longitude":"-14.36666670","name":"Sare Gubbu"},{"id":"869910","latitude":"13.48333330","longitude":"-14.21666670","name":"Sare Hamady"},{"id":"869911","latitude":"13.33333330","longitude":"-13.91666670","name":"Sare Hande"},{"id":"869915","latitude":"13.45000000","longitude":"-14.43333330","name":"Sare Jallow"},{"id":"869918","latitude":"13.28333330","longitude":"-14.31666670","name":"Sare Jatta"},{"id":"869919","latitude":"13.25000000","longitude":"-14.38333330","name":"Sare Jawbeh"},{"id":"869922","latitude":"13.31666670","longitude":"-14.35000000","name":"Sare Jowbe"},{"id":"869923","latitude":"13.45000000","longitude":"-14.43333330","name":"Sare Jula"},{"id":"869924","latitude":"13.33333330","longitude":"-14.06666670","name":"Sare Juley"},{"id":"869929","latitude":"13.31666670","longitude":"-14.40000000","name":"Sare Koki"},{"id":"869930","latitude":"13.45000000","longitude":"-14.36666670","name":"Sare Kuba"},{"id":"869932","latitude":"13.38333330","longitude":"-14.36666670","name":"Sare Lalla"},{"id":"869933","latitude":"13.26666670","longitude":"-14.13333330","name":"Sare Lalu"},{"id":"869935","latitude":"13.28333330","longitude":"-14.45000000","name":"Sare Luntang"},{"id":"869938","latitude":"13.43333330","longitude":"-13.80000000","name":"Sare Mala"},{"id":"869942","latitude":"13.33333330","longitude":"-14.46666670","name":"Sare Mansala"},{"id":"869943","latitude":"13.33333330","longitude":"-14.51666670","name":"Sare Mansong"},{"id":"869946","latitude":"13.25000000","longitude":"-14.41666670","name":"Sare Maunde"},{"id":"869948","latitude":"13.25000000","longitude":"-14.36666670","name":"Sare Mbye"},{"id":"869953","latitude":"13.43333330","longitude":"-14.36666670","name":"Sare Muntaha"},{"id":"869954","latitude":"13.23333330","longitude":"-14.25000000","name":"Sare Musa"},{"id":"869958","latitude":"13.46666670","longitude":"-14.21666670","name":"Sare Ngaba"},{"id":"869959","latitude":"13.46666670","longitude":"-14.21666670","name":"Sare Ngabba"},{"id":"869961","latitude":"13.50000000","longitude":"-14.43333330","name":"Sare N'Gai"},{"id":"869962","latitude":"13.31666670","longitude":"-14.53333330","name":"Sare N'Gatam"},{"id":"869967","latitude":"13.26666670","longitude":"-14.43333330","name":"Sare Parteh Jameh"},{"id":"869968","latitude":"13.26666670","longitude":"-14.43333330","name":"Sare Pateh Jameh"},{"id":"869975","latitude":"13.25000000","longitude":"-14.40000000","name":"Sare Sajor Biloh"},{"id":"869977","latitude":"13.45000000","longitude":"-14.35000000","name":"Sare Salieu"},{"id":"869978","latitude":"13.30000000","longitude":"-14.46666670","name":"Sare Samba Jidah"},{"id":"869982","latitude":"13.45000000","longitude":"-14.41666670","name":"Sare Sambaru"},{"id":"869984","latitude":"13.45000000","longitude":"-14.33333330","name":"Sare Samba"},{"id":"869988","latitude":"13.31666670","longitude":"-14.51666670","name":"Sare Samba Tene M'Balde"},{"id":"869991","latitude":"13.53333330","longitude":"-13.88333330","name":"Sare Sandi"},{"id":"869994","latitude":"13.25000000","longitude":"-14.40000000","name":"Sare Sarjo Biloh"},{"id":"869995","latitude":"13.28333330","longitude":"-14.31666670","name":"Sare Sarko"},{"id":"869996","latitude":"13.45000000","longitude":"-14.36666670","name":"Sare Silere"},{"id":"869999","latitude":"13.33333330","longitude":"-14.50000000","name":"Sare Talata"},{"id":"870000","latitude":"13.36666670","longitude":"-14.46666670","name":"Sare Timbo"},{"id":"870001","latitude":"13.41666670","longitude":"-13.81666670","name":"Sare Tobi"},{"id":"870002","latitude":"13.33333330","longitude":"-14.50000000","name":"Sare Tuluwuleng"},{"id":"870003","latitude":"13.38333330","longitude":"-13.96666670","name":"Sare Vesu"},{"id":"870004","latitude":"13.41666670","longitude":"-14.31666670","name":"Sare Wonku"},{"id":"870005","latitude":"13.38333330","longitude":"-13.96666670","name":"Sare Yesu"},{"id":"870012","latitude":"13.43333330","longitude":"-14.31666670","name":"Sare Yorori"},{"id":"870018","latitude":"13.43333330","longitude":"-14.31666670","name":"Sare Yorrori"},{"id":"870021","latitude":"13.55000000","longitude":"-13.88333330","name":"Sarkuli Kunda"},{"id":"870033","latitude":"13.33333330","longitude":"-14.01666670","name":"Sendebo"},{"id":"870055","latitude":"13.38333330","longitude":"-14.43333330","name":"Sifula"},{"id":"870064","latitude":"13.35000000","longitude":"-14.31666670","name":"Silla Kunda"},{"id":"870065","latitude":"13.23333330","longitude":"-14.25000000","name":"Simbadu"},{"id":"870075","latitude":"13.26666670","longitude":"-14.13333330","name":"Sinchang Keykala"},{"id":"870076","latitude":"13.28333330","longitude":"-14.16666670","name":"Sinchang Njokala"},{"id":"870077","latitude":"13.30000000","longitude":"-14.13333330","name":"Sinchang Saradu"},{"id":"870078","latitude":"13.40000000","longitude":"-13.88333330","name":"Sinchang"},{"id":"870082","latitude":"13.48333330","longitude":"-14.41666670","name":"Sinchu Bachy"},{"id":"870093","latitude":"13.45000000","longitude":"-13.86666670","name":"Sinchu Fye"},{"id":"870101","latitude":"13.53333330","longitude":"-13.93333330","name":"Sinchu Kali"},{"id":"870109","latitude":"13.51666670","longitude":"-14.18333330","name":"Sinchu Sambar"},{"id":"870110","latitude":"13.35000000","longitude":"-14.46666670","name":"Sinchu Sara"},{"id":"870112","latitude":"13.48333330","longitude":"-14.41666670","name":"Sinchu Wallbeh"},{"id":"870115","latitude":"13.36666670","longitude":"-14.33333330","name":"Sinsu Demba"},{"id":"870116","latitude":"13.46666670","longitude":"-14.45000000","name":"Sinsu Kusala"},{"id":"870117","latitude":"13.46666670","longitude":"-14.45000000","name":"Sinsu Mousa"},{"id":"870118","latitude":"13.46666670","longitude":"-14.45000000","name":"Sinsu Njiebeh"},{"id":"870121","latitude":"13.35000000","longitude":"-14.08333330","name":"Sise Kunda"},{"id":"870140","latitude":"13.38333330","longitude":"-13.85000000","name":"Song Kunda"},{"id":"870144","latitude":"13.30000000","longitude":"-14.31666670","name":"Sotoma N'ding"},{"id":"870145","latitude":"13.30000000","longitude":"-14.31666670","name":"Sotoma"},{"id":"870146","latitude":"13.30000000","longitude":"-14.33333330","name":"Sotuma Sainy"},{"id":"870147","latitude":"13.31666670","longitude":"-14.33333330","name":"Sotuma Sairey"},{"id":"870148","latitude":"13.30000000","longitude":"-14.33333330","name":"Sotuma Sairy"},{"id":"870149","latitude":"13.30000000","longitude":"-14.31666670","name":"Sotuma Samba Koi"},{"id":"870150","latitude":"13.30000000","longitude":"-14.31666670","name":"Sotuma Samba"},{"id":"870151","latitude":"13.30000000","longitude":"-14.31666670","name":"Sotuma"},{"id":"870155","latitude":"13.36666670","longitude":"-13.96666670","name":"Sudowol"},{"id":"870167","latitude":"13.28333330","longitude":"-14.43333330","name":"Sumakunda Bakary"},{"id":"870168","latitude":"13.28333330","longitude":"-14.45000000","name":"Sumakunda Fye"},{"id":"870170","latitude":"13.38333330","longitude":"-14.30000000","name":"Sumakunda Mamudu"},{"id":"870171","latitude":"13.38333330","longitude":"-14.30000000","name":"Sumakunda Samba"},{"id":"870172","latitude":"13.25000000","longitude":"-14.38333330","name":"Suma Kunda"},{"id":"870175","latitude":"13.38333330","longitude":"-13.85000000","name":"Sun Kunda"},{"id":"870178","latitude":"13.50000000","longitude":"-14.01666670","name":"Sutukoba"},{"id":"870179","latitude":"13.38333330","longitude":"-14.21666670","name":"Sutuko"},{"id":"870183","latitude":"13.40000000","longitude":"-14.11666670","name":"Sututa"},{"id":"870186","latitude":"13.53333330","longitude":"-14.08333330","name":"Tabajang Kisimasu"},{"id":"870187","latitude":"13.35000000","longitude":"-14.41666670","name":"Tabajang"},{"id":"870188","latitude":"13.53333330","longitude":"-14.08333330","name":"Tabajan"},{"id":"870192","latitude":"13.28333330","longitude":"-14.31666670","name":"Tabanding Sakbo"},{"id":"870194","latitude":"13.31666670","longitude":"-13.95000000","name":"Tabanding"},{"id":"870209","latitude":"13.36666670","longitude":"-14.21666670","name":"Taibatu"},{"id":"870219","latitude":"13.26666670","longitude":"-14.28333330","name":"Talito Luntang"},{"id":"870220","latitude":"13.28333330","longitude":"-14.28333330","name":"Talito Musa"},{"id":"870221","latitude":"13.26666670","longitude":"-14.28333330","name":"Talito"},{"id":"870230","latitude":"13.38333330","longitude":"-14.16666670","name":"Tambasansan"},{"id":"870231","latitude":"13.38333330","longitude":"-14.16666670","name":"Tambasensan"},{"id":"870248","latitude":"13.46666670","longitude":"-14.38333330","name":"Tarbu Chindeh"},{"id":"870255","latitude":"13.31666670","longitude":"-14.48333330","name":"Temanto Demba Jamang"},{"id":"870256","latitude":"13.33333330","longitude":"-14.50000000","name":"Temanto Demba"},{"id":"870257","latitude":"13.23333330","longitude":"-14.16666670","name":"Temanto Sana"},{"id":"870259","latitude":"13.38333330","longitude":"-13.91666670","name":"Temanto"},{"id":"870269","latitude":"13.33333330","longitude":"-14.03333330","name":"Tengkul"},{"id":"870270","latitude":"13.31666670","longitude":"-14.01666670","name":"Tenkoli"},{"id":"870275","latitude":"13.38333330","longitude":"-14.48333330","name":"Tia"},{"id":"870276","latitude":"13.38333330","longitude":"-14.16666670","name":"Tiembasisi"},{"id":"870278","latitude":"13.38333330","longitude":"-14.46666670","name":"Timbinto"},{"id":"870279","latitude":"13.38333330","longitude":"-14.46666670","name":"Timbintu"},{"id":"870281","latitude":"13.30000000","longitude":"-14.16666670","name":"Tinkinjo"},{"id":"870290","latitude":"13.46666670","longitude":"-14.38333330","name":"Torbeh Chindeh"},{"id":"870297","latitude":"13.46666670","longitude":"-14.20000000","name":"Tuba Burey"},{"id":"870301","latitude":"13.36666670","longitude":"-14.00000000","name":"Tuba Kata"},{"id":"870306","latitude":"13.36666670","longitude":"-14.00000000","name":"Tuba Kuta"},{"id":"870312","latitude":"13.41666670","longitude":"-13.88333330","name":"Tubanding"},{"id":"870315","latitude":"13.43333330","longitude":"-14.25000000","name":"Tuba Sandu Kotor"},{"id":"870316","latitude":"13.28333330","longitude":"-14.15000000","name":"Tuba Tafsir"},{"id":"870318","latitude":"13.28333330","longitude":"-14.15000000","name":"Tuba"},{"id":"870321","latitude":"13.46666670","longitude":"-14.23333330","name":"Tuba Wappa"},{"id":"870323","latitude":"13.43333330","longitude":"-14.25000000","name":"Tuba-Wuli"},{"id":"870331","latitude":"13.31666670","longitude":"-13.90000000","name":"Tumbul Tanga"},{"id":"870334","latitude":"13.33333330","longitude":"-14.51666670","name":"Ture Kunda"},{"id":"870336","latitude":"13.33333330","longitude":"-14.51666670","name":"Turu Kunda"},{"id":"870342","latitude":"13.36666670","longitude":"-14.01666670","name":"Waliba Kunda"},{"id":"870343","latitude":"13.36666670","longitude":"-14.01666670","name":"Walliba Kunda"},{"id":"870345","latitude":"13.53333330","longitude":"-13.93333330","name":"Wallikunda"},{"id":"870346","latitude":"13.30000000","longitude":"-14.45000000","name":"Wassadung Demba"},{"id":"870347","latitude":"13.30000000","longitude":"-14.45000000","name":"Wassadung"},{"id":"870358","latitude":"13.25000000","longitude":"-14.36666670","name":"Wellingara Mansak"},{"id":"870359","latitude":"13.25000000","longitude":"-14.36666670","name":"Wellingara Mansal"},{"id":"870370","latitude":"13.30000000","longitude":"-14.20000000","name":"Willingara Samba Tako"},{"id":"870373","latitude":"13.30000000","longitude":"-14.20000000","name":"Willingara"},{"id":"870377","latitude":"13.35000000","longitude":"-14.46666670","name":"Wulem Kunda"},{"id":"870387","latitude":"13.41666670","longitude":"-14.13333330","name":"Yamadu"},{"id":"870389","latitude":"13.43333330","longitude":"-14.21666670","name":"Yarobawal"},{"id":"870390","latitude":"13.28333330","longitude":"-14.38333330","name":"Yarry Njoffa"},{"id":"870398","latitude":"13.25000000","longitude":"-14.20000000","name":"Yoro Cheke"},{"id":"870400","latitude":"13.31666670","longitude":"-14.45000000","name":"Yorro Pendeh"},{"id":"870401","latitude":"13.43333330","longitude":"-14.21666670","name":"Yorubawal"}]