[{"id":"867911","latitude":"13.53333330","longitude":"-15.81666670","name":"Alhaji Bajonkoto"},{"id":"867913","latitude":"13.53333330","longitude":"-15.73333330","name":"Alicali Kunda"},{"id":"867914","latitude":"13.53333330","longitude":"-15.73333330","name":"Alical Kunda"},{"id":"867953","latitude":"13.56666670","longitude":"-16.05000000","name":"Baien"},{"id":"867981","latitude":"13.50444440","longitude":"-16.14444440","name":"Bakang"},{"id":"868000","latitude":"13.56750000","longitude":"-16.11722220","name":"Bali"},{"id":"868001","latitude":"13.59000000","longitude":"-16.11166670","name":"Bali Hali Hawah"},{"id":"868002","latitude":"13.59000000","longitude":"-16.11166670","name":"Bali Hali Howeh"},{"id":"868007","latitude":"13.56750000","longitude":"-16.11722220","name":"Balli"},{"id":"868044","latitude":"13.52138890","longitude":"-16.00694440","name":"Banni"},{"id":"868047","latitude":"13.58333330","longitude":"-15.70000000","name":"Banta Killi"},{"id":"868053","latitude":"13.58333330","longitude":"-15.70000000","name":"Bantang Killing"},{"id":"868081","latitude":"13.53333330","longitude":"-16.13333330","name":"Baria"},{"id":"868085","latitude":"13.48277780","longitude":"-16.54555560","name":"Barra"},{"id":"868089","latitude":"13.53333330","longitude":"-16.13333330","name":"Barria"},{"id":"868098","latitude":"13.17388890","longitude":"-16.27527780","name":"Bassen"},{"id":"868105","latitude":"13.25666670","longitude":"-16.31777780","name":"Batending"},{"id":"868106","latitude":"13.25666670","longitude":"-16.31777780","name":"Batending Kajara"},{"id":"868122","latitude":"13.25666670","longitude":"-16.31777780","name":"Battending"},{"id":"868126","latitude":"13.19055560","longitude":"-16.28750000","name":"Beeta"},{"id":"868127","latitude":"13.19055560","longitude":"-16.28750000","name":"Beeta Bukafungi"},{"id":"868133","latitude":"13.19527780","longitude":"-16.36194440","name":"Bessi"},{"id":"868140","latitude":"13.58333330","longitude":"-15.85000000","name":"Biram Giddo Ya"},{"id":"868141","latitude":"13.58333330","longitude":"-15.85000000","name":"Biram Kardo Ya"},{"id":"868142","latitude":"13.58333330","longitude":"-15.78333330","name":"Biram Kunda"},{"id":"868147","latitude":"13.58333330","longitude":"-15.78333330","name":"Birong Kunda"},{"id":"868152","latitude":"13.19055560","longitude":"-16.28750000","name":"Bita"},{"id":"868171","latitude":"13.25666670","longitude":"-16.31777780","name":"Bottending"},{"id":"868180","latitude":"13.58333330","longitude":"-15.88333330","name":"Brikama"},{"id":"868194","latitude":"13.20000000","longitude":"-16.28333330","name":"Bukafungi"},{"id":"868196","latitude":"13.26666670","longitude":"-16.26666670","name":"Bulangor"},{"id":"868198","latitude":"13.26666670","longitude":"-16.26666670","name":"Bulanjor"},{"id":"868222","latitude":"13.56666670","longitude":"-15.85000000","name":"Burang Ya"},{"id":"868243","latitude":"13.58333330","longitude":"-15.83333330","name":"Chamaya"},{"id":"868246","latitude":"13.55000000","longitude":"-15.68333330","name":"Chamen"},{"id":"868260","latitude":"13.58333330","longitude":"-15.85000000","name":"Cheedi Laibe Ya"},{"id":"868261","latitude":"13.58333330","longitude":"-15.85000000","name":"Cheedy Wollof"},{"id":"868276","latitude":"13.55000000","longitude":"-15.81666670","name":"Dai"},{"id":"868277","latitude":"13.55000000","longitude":"-15.81666670","name":"Dai Mandinka"},{"id":"868295","latitude":"13.53055560","longitude":"-16.13638890","name":"Darsilami"},{"id":"868301","latitude":"13.59194440","longitude":"-16.01833330","name":"Daru"},{"id":"868303","latitude":"13.55000000","longitude":"-15.71666670","name":"Darule Barakatu"},{"id":"868304","latitude":"13.59361110","longitude":"-16.13222220","name":"Daru Lohen"},{"id":"868306","latitude":"13.55000000","longitude":"-15.98333330","name":"Daru Rilwan"},{"id":"868308","latitude":"13.52777780","longitude":"-16.08083330","name":"Darusalam"},{"id":"868312","latitude":"13.53055560","longitude":"-16.13638890","name":"Dasalami"},{"id":"868317","latitude":"13.53055560","longitude":"-16.13638890","name":"Dasilami"},{"id":"868332","latitude":"13.20777780","longitude":"-16.34527780","name":"Demban"},{"id":"868372","latitude":"13.55000000","longitude":"-15.96666670","name":"Dobo"},{"id":"868381","latitude":"13.56527780","longitude":"-16.15777780","name":"Drame Joka"},{"id":"868382","latitude":"13.56527780","longitude":"-16.15777780","name":"Drame Joku"},{"id":"868399","latitude":"13.25000000","longitude":"-16.26722220","name":"Eloi"},{"id":"868400","latitude":"13.25000000","longitude":"-16.26722220","name":"Elol"},{"id":"868402","latitude":"13.48388890","longitude":"-16.53472220","name":"Essau"},{"id":"868410","latitude":"13.55000000","longitude":"-16.08333330","name":"Famori"},{"id":"868456","latitude":"13.58833330","longitude":"-16.00916670","name":"Fody Biran"},{"id":"868480","latitude":"13.58333330","longitude":"-15.80000000","name":"Gallo Ya"},{"id":"868505","latitude":"13.18277780","longitude":"-16.28222220","name":"Gikis"},{"id":"868507","latitude":"13.58138890","longitude":"-16.52750000","name":"Ginak Kajata"},{"id":"868508","latitude":"13.57444440","longitude":"-16.52500000","name":"Ginak Niji"},{"id":"868519","latitude":"13.52277780","longitude":"-16.02777780","name":"Gunjur"},{"id":"868535","latitude":"13.56305560","longitude":"-16.02250000","name":"Hamdalai"},{"id":"868546","latitude":"13.56666670","longitude":"-15.75000000","name":"Illiassa"},{"id":"868547","latitude":"13.56666670","longitude":"-15.75000000","name":"India Baddibu"},{"id":"868548","latitude":"13.56666670","longitude":"-15.75000000","name":"India"},{"id":"868559","latitude":"13.19166670","longitude":"-16.36888890","name":"Jagel"},{"id":"868563","latitude":"13.53333330","longitude":"-16.20000000","name":"Jago"},{"id":"868566","latitude":"13.58333330","longitude":"-15.75000000","name":"Jahajan"},{"id":"868567","latitude":"13.58333330","longitude":"-15.75000000","name":"Jahajari"},{"id":"868577","latitude":"13.58333330","longitude":"-15.75000000","name":"Jakadia"},{"id":"868586","latitude":"13.23333330","longitude":"-16.30000000","name":"Jakoi"},{"id":"868587","latitude":"13.27083330","longitude":"-16.29222220","name":"Jakoi Sibrik"},{"id":"868592","latitude":"13.55000000","longitude":"-15.70000000","name":"Jalaba"},{"id":"868594","latitude":"13.20500000","longitude":"-16.28861110","name":"Jalakoto"},{"id":"868603","latitude":"13.56666670","longitude":"-15.85000000","name":"Jali Kunda"},{"id":"868610","latitude":"13.55000000","longitude":"-15.75000000","name":"Jally Kunda"},{"id":"868652","latitude":"13.50000000","longitude":"-16.00000000","name":"Jammeh Kunda"},{"id":"868653","latitude":"13.50000000","longitude":"-16.00000000","name":"Jammi Kunda"},{"id":"868661","latitude":"13.16777780","longitude":"-16.26777780","name":"Jana Kuyel"},{"id":"868680","latitude":"13.19611110","longitude":"-16.34444440","name":"Jarju Kunda"},{"id":"868682","latitude":"13.23083330","longitude":"-16.27833330","name":"Jarlang"},{"id":"868710","latitude":"13.58333330","longitude":"-15.66666670","name":"Jeriko"},{"id":"868722","latitude":"13.48472220","longitude":"-16.50138890","name":"Jiffet"},{"id":"868732","latitude":"13.58138890","longitude":"-16.52750000","name":"Jinak"},{"id":"868737","latitude":"13.53333330","longitude":"-15.70000000","name":"Jirong"},{"id":"868738","latitude":"13.53333330","longitude":"-15.70000000","name":"Jirrong"},{"id":"868739","latitude":"13.57361110","longitude":"-16.20888890","name":"Jissa"},{"id":"868756","latitude":"13.57666670","longitude":"-16.08000000","name":"Jowara"},{"id":"868763","latitude":"13.53333330","longitude":"-15.75000000","name":"Jumansari"},{"id":"868764","latitude":"13.50000000","longitude":"-15.73333330","name":"Jumansari Korto"},{"id":"868765","latitude":"13.50000000","longitude":"-15.73333330","name":"Jumansari Koto"},{"id":"868779","latitude":"13.20694440","longitude":"-16.27083330","name":"Kabokor"},{"id":"868795","latitude":"13.20777780","longitude":"-16.34527780","name":"Kaie"},{"id":"868799","latitude":"13.25000000","longitude":"-16.31666670","name":"Kaijara"},{"id":"868804","latitude":"13.17027780","longitude":"-16.32250000","name":"Kajabina"},{"id":"868805","latitude":"13.58138890","longitude":"-16.52750000","name":"Kajata"},{"id":"868840","latitude":"13.24500000","longitude":"-16.31361110","name":"Kandong"},{"id":"868841","latitude":"13.24500000","longitude":"-16.31361110","name":"Kandonk"},{"id":"868851","latitude":"13.17027780","longitude":"-16.32250000","name":"Kanjabina"},{"id":"868870","latitude":"13.23055560","longitude":"-16.27333330","name":"Kanuma"},{"id":"868879","latitude":"13.50388890","longitude":"-16.14861110","name":"Karantaba"},{"id":"868892","latitude":"13.50000000","longitude":"-15.75000000","name":"Kashan"},{"id":"868893","latitude":"13.22694440","longitude":"-16.27527780","name":"Kasila"},{"id":"868913","latitude":"13.50000000","longitude":"-15.75000000","name":"Katchang"},{"id":"868914","latitude":"13.48333330","longitude":"-15.76666670","name":"Katchang Tenda"},{"id":"868918","latitude":"13.17805560","longitude":"-16.34611110","name":"Kaur"},{"id":"868929","latitude":"13.56666670","longitude":"-15.85000000","name":"Kekuta Kunda"},{"id":"868945","latitude":"13.57888890","longitude":"-16.04638890","name":"Ker Ardo"},{"id":"868951","latitude":"13.57666670","longitude":"-16.04000000","name":"Ker Banno"},{"id":"868953","latitude":"13.58333330","longitude":"-16.00000000","name":"Ker Batram Yasin"},{"id":"868956","latitude":"13.58333330","longitude":"-15.90000000","name":"Ker Biram Kardo"},{"id":"868957","latitude":"13.58333330","longitude":"-16.00000000","name":"Ker Biram Yasin"},{"id":"868959","latitude":"13.58333330","longitude":"-16.00000000","name":"Ker Biram Yassin"},{"id":"868971","latitude":"13.48944440","longitude":"-16.09111110","name":"Kerevane"},{"id":"868976","latitude":"13.48944440","longitude":"-16.09111110","name":"Kerewan"},{"id":"868978","latitude":"13.56666670","longitude":"-16.01666670","name":"Ker Famara"},{"id":"868980","latitude":"13.58333330","longitude":"-16.18333330","name":"Ker Geryado"},{"id":"868983","latitude":"13.58333330","longitude":"-15.86666670","name":"Ker Gumalo"},{"id":"868985","latitude":"13.57888890","longitude":"-16.04638890","name":"Ker Hardo"},{"id":"868987","latitude":"13.58333330","longitude":"-15.90000000","name":"Ker Illo Buya"},{"id":"868993","latitude":"13.53888890","longitude":"-16.20444440","name":"Ker Jarga"},{"id":"868995","latitude":"13.58333330","longitude":"-15.91666670","name":"Ker Jawbe"},{"id":"868999","latitude":"13.58333330","longitude":"-15.88333330","name":"Ker Kalim"},{"id":"869001","latitude":"13.58333330","longitude":"-15.88333330","name":"Ker Katim"},{"id":"869003","latitude":"13.58333330","longitude":"-15.80000000","name":"Ker Lelly"},{"id":"869009","latitude":"13.57944440","longitude":"-16.16000000","name":"Ker Majojo"},{"id":"869019","latitude":"13.58333330","longitude":"-15.90000000","name":"Ker Mari"},{"id":"869020","latitude":"13.57944440","longitude":"-16.16000000","name":"Ker Marjow"},{"id":"869021","latitude":"13.58333330","longitude":"-16.00000000","name":"Ker Mata Jeme"},{"id":"869025","latitude":"13.58333330","longitude":"-15.96666670","name":"Ker Modi Teddy"},{"id":"869036","latitude":"13.55555560","longitude":"-16.24222220","name":"Ker N'Gor"},{"id":"869043","latitude":"13.57888890","longitude":"-16.22388890","name":"Ker Omar Saine"},{"id":"869046","latitude":"13.58333330","longitude":"-15.96666670","name":"Ker Pate Kore"},{"id":"869056","latitude":"13.58333330","longitude":"-15.93333330","name":"Ker Samba"},{"id":"869057","latitude":"13.58333330","longitude":"-15.90000000","name":"Ker Samba Kumda"},{"id":"869061","latitude":"13.58333330","longitude":"-15.90000000","name":"Ker Samba Sow"},{"id":"869069","latitude":"13.56666670","longitude":"-15.98333330","name":"Ker Shikh Taal"},{"id":"869072","latitude":"13.53333330","longitude":"-15.98333330","name":"Ker Silla"},{"id":"869086","latitude":"13.56666670","longitude":"-15.88333330","name":"Ket Kuli"},{"id":"869093","latitude":"13.58333330","longitude":"-15.85000000","name":"Kidi Kunda"},{"id":"869097","latitude":"13.50722220","longitude":"-16.06722220","name":"Kinteh Kunda"},{"id":"869098","latitude":"13.50722220","longitude":"-16.06722220","name":"Kinti Kunda"},{"id":"869120","latitude":"13.56666670","longitude":"-15.80000000","name":"Konti Kunda"},{"id":"869121","latitude":"13.56666670","longitude":"-15.78333330","name":"Konti Kunda Niji"},{"id":"869122","latitude":"13.56666670","longitude":"-15.80000000","name":"Konti Kunda Sukoto"},{"id":"869169","latitude":"13.52277780","longitude":"-16.02777780","name":"Kungeru"},{"id":"869183","latitude":"13.53638890","longitude":"-16.22444440","name":"Kuntair"},{"id":"869215","latitude":"13.58333330","longitude":"-15.86666670","name":"Laliya"},{"id":"869249","latitude":"13.18333330","longitude":"-16.25000000","name":"Lumang"},{"id":"869257","latitude":"13.58333330","longitude":"-15.88333330","name":"Madi"},{"id":"869274","latitude":"13.25000000","longitude":"-16.31666670","name":"Madina"},{"id":"869293","latitude":"13.58333330","longitude":"-15.95000000","name":"Maidi"},{"id":"869294","latitude":"13.19166670","longitude":"-16.34583330","name":"Maimeh"},{"id":"869296","latitude":"13.56666670","longitude":"-15.85000000","name":"Majama Kunda"},{"id":"869329","latitude":"13.50000000","longitude":"-15.93333330","name":"Mandori"},{"id":"869356","latitude":"13.53333330","longitude":"-15.91666670","name":"Marrong Kunda"},{"id":"869362","latitude":"13.49416670","longitude":"-16.51694440","name":"Mayamba"},{"id":"869375","latitude":"13.58166670","longitude":"-16.00361110","name":"Mbamori Kunda"},{"id":"869377","latitude":"13.54416670","longitude":"-16.50555560","name":"MBangkama"},{"id":"869384","latitude":"13.54416670","longitude":"-16.50555560","name":"M'Bengkama"},{"id":"869387","latitude":"13.51666670","longitude":"-16.50000000","name":"M'Bolett"},{"id":"869389","latitude":"13.51666670","longitude":"-16.50000000","name":"Mbollet Bah"},{"id":"869390","latitude":"13.51666670","longitude":"-16.50000000","name":"M'Bollet"},{"id":"869402","latitude":"13.49277780","longitude":"-16.52333330","name":"Medina Kanuma"},{"id":"869420","latitude":"13.51972220","longitude":"-16.23111110","name":"Memmeh"},{"id":"869421","latitude":"13.51972220","longitude":"-16.23111110","name":"Memme"},{"id":"869427","latitude":"13.56666670","longitude":"-15.86666670","name":"Minti Kunda"},{"id":"869432","latitude":"13.58861110","longitude":"-16.19138890","name":"Misira Alhaji"},{"id":"869437","latitude":"13.56666670","longitude":"-15.66666670","name":"Misira"},{"id":"869459","latitude":"13.53027780","longitude":"-16.17888890","name":"Munya Gen"},{"id":"869464","latitude":"13.49416670","longitude":"-16.51694440","name":"Myamba"},{"id":"869479","latitude":"13.20777780","longitude":"-16.34527780","name":"Ndemban Ba"},{"id":"869480","latitude":"13.20194440","longitude":"-16.34361110","name":"Ndemban Chapechum"},{"id":"869481","latitude":"13.58333330","longitude":"-15.68333330","name":"N'Demba N'Ding"},{"id":"869482","latitude":"13.18527780","longitude":"-16.34611110","name":"Ndemban Jola"},{"id":"869483","latitude":"13.20777780","longitude":"-16.34527780","name":"N'Demban"},{"id":"869496","latitude":"13.56666670","longitude":"-15.95000000","name":"Nduren"},{"id":"869505","latitude":"13.55000000","longitude":"-15.68333330","name":"Nema"},{"id":"869527","latitude":"13.58333330","longitude":"-15.96666670","name":"Nghato Norr"},{"id":"869535","latitude":"13.17111110","longitude":"-16.25333330","name":"Niambalon"},{"id":"869536","latitude":"13.17111110","longitude":"-16.25333330","name":"Niambolon"},{"id":"869553","latitude":"13.56666670","longitude":"-15.78333330","name":"Niji"},{"id":"869564","latitude":"13.58333330","longitude":"-15.86666670","name":"Nirabaya"},{"id":"869565","latitude":"13.55000000","longitude":"-15.91666670","name":"N'jaba Kunda"},{"id":"869566","latitude":"13.55000000","longitude":"-15.91666670","name":"Njabba Kunda"},{"id":"869574","latitude":"13.55000000","longitude":"-15.91666670","name":"Nja Kunda"},{"id":"869575","latitude":"13.55000000","longitude":"-15.91666670","name":"N'Ja Kunda"},{"id":"869602","latitude":"13.56666670","longitude":"-15.85000000","name":"N'Jie Kunda"},{"id":"869603","latitude":"13.55111110","longitude":"-16.07027780","name":"Njie Kundaring"},{"id":"869614","latitude":"13.58333330","longitude":"-15.95000000","name":"Njohnen"},{"id":"869623","latitude":"13.58333330","longitude":"-15.83333330","name":"No Kunda Fula"},{"id":"869624","latitude":"13.56666670","longitude":"-15.83333330","name":"No Kunda"},{"id":"869625","latitude":"13.58333330","longitude":"-15.93333330","name":"Nowleru"},{"id":"869626","latitude":"13.56250000","longitude":"-16.19583330","name":"N'Toro Alasan"},{"id":"869627","latitude":"13.55805560","longitude":"-16.07055560","name":"N'Toro Baien"},{"id":"869628","latitude":"13.56166670","longitude":"-16.04833330","name":"N'Toro Taim"},{"id":"869629","latitude":"13.56166670","longitude":"-16.04833330","name":"N'Toro Tem"},{"id":"869642","latitude":"13.23972220","longitude":"-16.29111110","name":"Nyangit"},{"id":"869644","latitude":"13.58333330","longitude":"-15.86666670","name":"Nyirba"},{"id":"869664","latitude":"13.25000000","longitude":"-16.30000000","name":"Paima"},{"id":"869682","latitude":"13.55000000","longitude":"-16.03333330","name":"Palen"},{"id":"869694","latitude":"13.58638890","longitude":"-16.07055560","name":"Panne Ba"},{"id":"869695","latitude":"13.58638890","longitude":"-16.07055560","name":"Panne"},{"id":"869708","latitude":"13.26666670","longitude":"-16.31666670","name":"Payama"},{"id":"869738","latitude":"13.51638890","longitude":"-16.04916670","name":"Saba"},{"id":"869752","latitude":"13.48333330","longitude":"-15.96666670","name":"Salekaine"},{"id":"869753","latitude":"13.48333330","longitude":"-15.96666670","name":"Salekini"},{"id":"869755","latitude":"13.48333330","longitude":"-15.96666670","name":"Salikene"},{"id":"869757","latitude":"13.48333330","longitude":"-15.96666670","name":"Salikeni"},{"id":"869766","latitude":"13.59083330","longitude":"-16.05833330","name":"Samba Musa"},{"id":"869767","latitude":"13.59083330","longitude":"-16.05833330","name":"Samba Musu"},{"id":"869809","latitude":"13.17777780","longitude":"-16.25472220","name":"Sandehmunku"},{"id":"869819","latitude":"13.21666670","longitude":"-16.30000000","name":"Saniang Kunda"},{"id":"870123","latitude":"13.55000000","longitude":"-15.81666670","name":"Sita Bantang"},{"id":"870136","latitude":"13.21666670","longitude":"-16.30000000","name":"Somita Saniang Kunda"},{"id":"870137","latitude":"13.21666670","longitude":"-16.30000000","name":"Somita Selelew"},{"id":"870138","latitude":"13.20583330","longitude":"-16.30555560","name":"Somita"},{"id":"870152","latitude":"13.50694440","longitude":"-16.08222220","name":"Suara Kunda"},{"id":"870153","latitude":"13.50694440","longitude":"-16.08222220","name":"Suarra Kunda"},{"id":"870207","latitude":"13.48138890","longitude":"-16.51250000","name":"Taiba"},{"id":"870215","latitude":"13.58333330","longitude":"-15.98333330","name":"Talen Pol"},{"id":"870216","latitude":"13.58333330","longitude":"-15.98333330","name":"Talen Wollof"},{"id":"870222","latitude":"13.57861110","longitude":"-16.17611110","name":"Tallen"},{"id":"870223","latitude":"13.58333330","longitude":"-15.71666670","name":"Tally Ya"},{"id":"870229","latitude":"13.50527780","longitude":"-16.17444440","name":"Tambana"},{"id":"870232","latitude":"13.21861110","longitude":"-16.27388890","name":"Tampoto Koto"},{"id":"870233","latitude":"13.20361110","longitude":"-16.25111110","name":"Tampoto"},{"id":"870253","latitude":"13.59361110","longitude":"-16.04166670","name":"Tawa Kaltu"},{"id":"870274","latitude":"13.59388890","longitude":"-16.04888890","name":"Tiaba"},{"id":"870277","latitude":"13.58333330","longitude":"-15.86666670","name":"Timbing Kortor"},{"id":"870292","latitude":"13.55805560","longitude":"-16.07055560","name":"Toro Mbaien"},{"id":"870293","latitude":"13.56166670","longitude":"-16.04833330","name":"Toro Tayem"},{"id":"870300","latitude":"13.56083330","longitude":"-16.12750000","name":"Tuba Gumbuya"},{"id":"870308","latitude":"13.25000000","longitude":"-16.28333330","name":"Tubakuta"},{"id":"870309","latitude":"13.27000000","longitude":"-16.26666670","name":"Tuba Kuta"},{"id":"870320","latitude":"13.19861110","longitude":"-16.35583330","name":"Tuba"},{"id":"870333","latitude":"13.58333330","longitude":"-15.71666670","name":"Turan"},{"id":"870341","latitude":"13.58333330","longitude":"-15.68333330","name":"Walalan"},{"id":"870350","latitude":"13.56666670","longitude":"-15.95000000","name":"Wayahon"},{"id":"870364","latitude":"13.58333330","longitude":"-15.91666670","name":"Wellingara"},{"id":"870381","latitude":"13.56666670","longitude":"-16.00000000","name":"Yallal Bah Ker De Kumba"},{"id":"870384","latitude":"13.55000000","longitude":"-15.70000000","name":"Yallal"},{"id":"870386","latitude":"13.55000000","longitude":"-15.70000000","name":"Yallol"},{"id":"870402","latitude":"13.58333330","longitude":"-15.70000000","name":"Yuma"},{"id":"870404","latitude":"13.58333330","longitude":"-15.70000000","name":"Yuna"}]