[{"id":"870409","latitude":"8.66666670","longitude":"-8.31666670","name":"Adjidougou"},{"id":"870430","latitude":"8.76666670","longitude":"-8.36666670","name":"Alifadougou"},{"id":"870471","latitude":"8.43333330","longitude":"-8.80000000","name":"Bab\u00e9dougou"},{"id":"870477","latitude":"8.45000000","longitude":"-8.25000000","name":"Badala"},{"id":"870519","latitude":"8.75000000","longitude":"-8.85000000","name":"Bagbadougou"},{"id":"870524","latitude":"8.70000000","longitude":"-8.85000000","name":"Bagnidougou"},{"id":"870548","latitude":"8.73333330","longitude":"-8.40000000","name":"Bak\u00e9dougou"},{"id":"870558","latitude":"9.16666670","longitude":"-7.93333330","name":"Bakokoro"},{"id":"870564","latitude":"8.13333330","longitude":"-8.03333330","name":"Bakorokoro"},{"id":"870574","latitude":"8.92527780","longitude":"-9.02805560","name":"Baladou"},{"id":"870579","latitude":"8.41666670","longitude":"-8.26666670","name":"Baladougou"},{"id":"870592","latitude":"8.25000000","longitude":"-8.25000000","name":"Balamoussadougou"},{"id":"870610","latitude":"9.10000000","longitude":"-8.56666670","name":"Balanf\u00e9"},{"id":"870643","latitude":"8.41666670","longitude":"-8.85000000","name":"Balouma"},{"id":"870652","latitude":"8.66666670","longitude":"-8.80000000","name":"Bamandougou"},{"id":"870653","latitude":"9.13333330","longitude":"-8.90000000","name":"Bamaro"},{"id":"870681","latitude":"8.73333330","longitude":"-7.80000000","name":"Bambala"},{"id":"870707","latitude":"8.80000000","longitude":"-8.40000000","name":"Bamouroudougou"},{"id":"870715","latitude":"8.20000000","longitude":"-8.43333330","name":"Banandougou"},{"id":"870721","latitude":"8.56666670","longitude":"-8.28333330","name":"Banankono"},{"id":"870722","latitude":"8.60000000","longitude":"-8.73333330","name":"Banankoro"},{"id":"870760","latitude":"8.71666670","longitude":"-8.55000000","name":"Bandiamodougou"},{"id":"870798","latitude":"8.65000000","longitude":"-8.33333330","name":"Banindougou"},{"id":"870804","latitude":"8.65000000","longitude":"-8.36666670","name":"Banko"},{"id":"870812","latitude":"8.73333330","longitude":"-8.75000000","name":"Bankodougou"},{"id":"870825","latitude":"8.68333330","longitude":"-8.35000000","name":"Banss\u00e9dougou"},{"id":"870872","latitude":"9.03333330","longitude":"-8.96666670","name":"Bariro"},{"id":"870886","latitude":"9.13333330","longitude":"-8.00000000","name":"Bassadougou"},{"id":"870908","latitude":"8.06666670","longitude":"-8.25000000","name":"Batota"},{"id":"870926","latitude":"8.96666670","longitude":"-8.30000000","name":"B\u00e9dougou"},{"id":"870929","latitude":"8.65000000","longitude":"-8.25000000","name":"B\u00e9kamodougou"},{"id":"870940","latitude":"8.78333330","longitude":"-8.30000000","name":"B\u00e9l\u00e9koro"},{"id":"870976","latitude":"8.83333330","longitude":"-8.35000000","name":"Bendougou"},{"id":"871008","latitude":"9.05000000","longitude":"-8.58333330","name":"B\u00e9r\u00e9kan"},{"id":"871016","latitude":"8.91666670","longitude":"-8.06666670","name":"Berengoua"},{"id":"871025","latitude":"8.91666670","longitude":"-8.06666670","name":"B\u00e9ringoua"},{"id":"871029","latitude":"8.50000000","longitude":"-7.88333330","name":"B\u00e9ss\u00e9ko"},{"id":"871035","latitude":"8.68333330","longitude":"-8.63333330","name":"Beyla"},{"id":"871037","latitude":"8.81666670","longitude":"-8.35000000","name":"Biadjimadougou"},{"id":"871042","latitude":"8.46666670","longitude":"-8.61666670","name":"Bi\u00e9dougou"},{"id":"871043","latitude":"8.66666670","longitude":"-8.48333330","name":"Biendougou"},{"id":"871048","latitude":"8.81666670","longitude":"-8.41666670","name":"Biladougou"},{"id":"871049","latitude":"8.68333330","longitude":"-7.98333330","name":"Bilamba"},{"id":"871050","latitude":"8.68333330","longitude":"-7.98333330","name":"Bilanba"},{"id":"871052","latitude":"8.96666670","longitude":"-8.23333330","name":"Bilassana"},{"id":"871058","latitude":"8.30000000","longitude":"-8.85000000","name":"Biliko\u00efdougou"},{"id":"871067","latitude":"9.23333330","longitude":"-8.30000000","name":"Bimilia"},{"id":"871075","latitude":"8.90000000","longitude":"-8.46666670","name":"Bin\u00e9dougou"},{"id":"871080","latitude":"8.41666670","longitude":"-8.41666670","name":"Bini\u00e9dougou"},{"id":"871089","latitude":"12.03333330","longitude":"-8.16666670","name":"Biramadougou"},{"id":"871102","latitude":"8.05000000","longitude":"-8.11666670","name":"Bitiendougou"},{"id":"871103","latitude":"8.53333330","longitude":"-8.61666670","name":"Bitongoro"},{"id":"871107","latitude":"8.68333330","longitude":"-7.98333330","name":"Blambala"},{"id":"871108","latitude":"8.93333330","longitude":"-7.96666670","name":"Blasana"},{"id":"871138","latitude":"8.86666670","longitude":"-8.98333330","name":"Bofodougou"},{"id":"871154","latitude":"9.33333330","longitude":"-8.33333330","name":"Bohodou"},{"id":"871182","latitude":"8.78333330","longitude":"-8.71666670","name":"Bokodougou"},{"id":"871192","latitude":"8.58333330","longitude":"-7.68333330","name":"Bokonif\u00e9"},{"id":"871206","latitude":"8.73333330","longitude":"-8.51666670","name":"Bolo"},{"id":"871231","latitude":"9.31666670","longitude":"-8.50000000","name":"Bona"},{"id":"871249","latitude":"9.05000000","longitude":"-7.95000000","name":"Bonko"},{"id":"871257","latitude":"9.33333330","longitude":"-8.33333330","name":"Bonodou"},{"id":"871262","latitude":"8.26666670","longitude":"-8.91666670","name":"Boo"},{"id":"871264","latitude":"8.36666670","longitude":"-8.71666670","name":"Boola"},{"id":"871298","latitude":"8.65000000","longitude":"-8.21666670","name":"Borom\u00e9ss\u00e9n"},{"id":"871300","latitude":"8.71666670","longitude":"-8.18333330","name":"Boroniamandougou"},{"id":"871310","latitude":"8.56666670","longitude":"-8.06666670","name":"Bossodougou"},{"id":"871318","latitude":"8.18333330","longitude":"-8.25000000","name":"Botolo"},{"id":"871323","latitude":"8.65000000","longitude":"-8.70000000","name":"Boubaro"},{"id":"871333","latitude":"8.73333330","longitude":"-8.60000000","name":"Bouboukoro"},{"id":"871343","latitude":"8.90000000","longitude":"-8.80000000","name":"Bou\u00e9bou\u00e9dougou"},{"id":"871344","latitude":"8.78333330","longitude":"-8.88333330","name":"Bou\u00e9daga"},{"id":"871348","latitude":"9.10000000","longitude":"-7.91666670","name":"Bou\u00e9r\u00e9koko"},{"id":"871367","latitude":"8.81666670","longitude":"-8.95000000","name":"Boula"},{"id":"871391","latitude":"8.41666670","longitude":"-8.73333330","name":"Boumoukoro"},{"id":"871457","latitude":"8.51666670","longitude":"-8.88333330","name":"Brahimadougou"},{"id":"871531","latitude":"8.56666670","longitude":"-8.60000000","name":"Dabadougou"},{"id":"871535","latitude":"8.71666670","longitude":"-8.35000000","name":"Dabassidougou"},{"id":"871554","latitude":"8.71666670","longitude":"-8.63333330","name":"Dagbano"},{"id":"871621","latitude":"8.73333330","longitude":"-8.46666670","name":"Damana"},{"id":"871623","latitude":"9.11666670","longitude":"-7.86666670","name":"Damandougou"},{"id":"871627","latitude":"9.13333330","longitude":"-8.90000000","name":"Damara"},{"id":"871628","latitude":"9.13333330","longitude":"-8.90000000","name":"Damaro"},{"id":"871794","latitude":"9.10000000","longitude":"-7.81666670","name":"Dereoua"},{"id":"871798","latitude":"8.43333330","longitude":"-8.71666670","name":"Diabamoridougou"},{"id":"871802","latitude":"8.63333330","longitude":"-8.26666670","name":"Diabrino"},{"id":"871805","latitude":"8.50000000","longitude":"-8.65000000","name":"Diadougou"},{"id":"871814","latitude":"8.10000000","longitude":"-8.00000000","name":"Diakama"},{"id":"871816","latitude":"8.70000000","longitude":"-8.65000000","name":"Diakolidougou"},{"id":"871817","latitude":"8.75000000","longitude":"-8.51666670","name":"Diakoro"},{"id":"871818","latitude":"8.36666670","longitude":"-8.55000000","name":"Diakorodou Tinikan"},{"id":"871824","latitude":"9.45000000","longitude":"-8.60000000","name":"Dialafanadougou"},{"id":"871825","latitude":"8.65000000","longitude":"-8.51666670","name":"Dialagou\u00e9la"},{"id":"871828","latitude":"8.46666670","longitude":"-8.48333330","name":"Dialakoro"},{"id":"871848","latitude":"8.63333330","longitude":"-8.30000000","name":"Diamodougou"},{"id":"871857","latitude":"8.91666670","longitude":"-8.13333330","name":"Diani"},{"id":"871879","latitude":"8.65000000","longitude":"-8.51666670","name":"Diaragou\u00e9la"},{"id":"871880","latitude":"8.65000000","longitude":"-8.51666670","name":"Diaragouella"},{"id":"871882","latitude":"8.65000000","longitude":"-8.51666670","name":"Diaragu\u00e9la"},{"id":"871887","latitude":"8.40000000","longitude":"-8.73333330","name":"Diarakorodougou"},{"id":"871904","latitude":"9.11666670","longitude":"-8.33333330","name":"Diassadougou"},{"id":"871907","latitude":"8.73333330","longitude":"-8.03333330","name":"Diass\u00e9dougou"},{"id":"871908","latitude":"9.11666670","longitude":"-8.33333330","name":"Diassodougou"},{"id":"871942","latitude":"8.81666670","longitude":"-8.38333330","name":"Diebidougou"},{"id":"871952","latitude":"8.65000000","longitude":"-8.71666670","name":"Di\u00e9n\u00e9koro"},{"id":"871955","latitude":"8.46666670","longitude":"-8.65000000","name":"Di\u00e9oul\u00e9nou"},{"id":"871997","latitude":"8.90000000","longitude":"-8.28333330","name":"Diodougou"},{"id":"872006","latitude":"8.10000000","longitude":"-8.00000000","name":"Diokoma"},{"id":"872016","latitude":"9.00000000","longitude":"-8.88333330","name":"Diomandougou"},{"id":"872063","latitude":"8.61666670","longitude":"-8.15000000","name":"Djibarodougou"},{"id":"872070","latitude":"8.66666670","longitude":"-8.30000000","name":"Djim\u00e9dougou"},{"id":"872091","latitude":"8.55000000","longitude":"-7.95000000","name":"Dogonadougou"},{"id":"872102","latitude":"8.45000000","longitude":"-8.76666670","name":"Domanidougou"},{"id":"872141","latitude":"9.36666670","longitude":"-8.55000000","name":"Dor\u00e9la"},{"id":"872155","latitude":"9.01666670","longitude":"-7.98333330","name":"Douala"},{"id":"872159","latitude":"8.43333330","longitude":"-8.56666670","name":"Doubadougou"},{"id":"872179","latitude":"8.81666670","longitude":"-8.25000000","name":"Dougb\u00e9"},{"id":"872183","latitude":"9.03333330","longitude":"-8.36666670","name":"Dougoubadougou"},{"id":"872184","latitude":"9.03333330","longitude":"-8.36666670","name":"Dougoubougou"},{"id":"872186","latitude":"8.51666670","longitude":"-8.26666670","name":"Dougougouella"},{"id":"872207","latitude":"8.76666670","longitude":"-8.66666670","name":"Doukour\u00e9la"},{"id":"872209","latitude":"8.76666670","longitude":"-8.66666670","name":"Doukourella"},{"id":"872214","latitude":"8.08333330","longitude":"-8.25000000","name":"Doulouf\u00e9"},{"id":"872258","latitude":"8.11666670","longitude":"-8.06666670","name":"Dourouf\u00e9"},{"id":"872297","latitude":"8.86666670","longitude":"-8.56666670","name":"Fabini\u00e9dougou"},{"id":"872298","latitude":"8.35000000","longitude":"-8.45000000","name":"Faboridougou"},{"id":"872299","latitude":"8.35000000","longitude":"-8.45000000","name":"Fabou\u00e9dougou"},{"id":"872309","latitude":"8.13333330","longitude":"-8.40000000","name":"Fadougou"},{"id":"872318","latitude":"8.78333330","longitude":"-8.41666670","name":"Fafarandougou"},{"id":"872321","latitude":"8.58333330","longitude":"-8.36666670","name":"Faf\u00e9r\u00e9dougou"},{"id":"872328","latitude":"8.71666670","longitude":"-8.36666670","name":"Fakor\u00e9dougou"},{"id":"872329","latitude":"8.30000000","longitude":"-8.28333330","name":"Fakorodougou"},{"id":"872330","latitude":"8.25000000","longitude":"-8.35000000","name":"Fakouroudougou"},{"id":"872331","latitude":"8.90000000","longitude":"-8.43333330","name":"Fakourounou"},{"id":"872332","latitude":"8.58333330","longitude":"-7.68333330","name":"Fakourouso"},{"id":"872333","latitude":"8.58333330","longitude":"-7.68333330","name":"Fakourouzo"},{"id":"872341","latitude":"8.63333330","longitude":"-8.10000000","name":"Falandougou"},{"id":"872366","latitude":"8.48333330","longitude":"-8.56666670","name":"Fameudougou"},{"id":"872368","latitude":"8.48333330","longitude":"-8.70000000","name":"Famodougou"},{"id":"872369","latitude":"8.88333330","longitude":"-8.66666670","name":"Famo\u00e9la"},{"id":"872374","latitude":"8.96666670","longitude":"-8.86666670","name":"Famor\u00e9dougou"},{"id":"872376","latitude":"8.48333330","longitude":"-8.70000000","name":"Famoridougou"},{"id":"872378","latitude":"8.48333330","longitude":"-8.70000000","name":"Famorodougou"},{"id":"872379","latitude":"8.45000000","longitude":"-8.28333330","name":"Famoss\u00e9dougou"},{"id":"872393","latitude":"8.13333330","longitude":"-8.23333330","name":"Fandougou"},{"id":"872404","latitude":"8.73333330","longitude":"-8.55000000","name":"Fanou"},{"id":"872433","latitude":"8.58333330","longitude":"-8.16666670","name":"Farafina"},{"id":"872443","latitude":"9.05000000","longitude":"-7.91666670","name":"Farakomandougou"},{"id":"872444","latitude":"8.91666670","longitude":"-8.10000000","name":"Farakoro"},{"id":"872516","latitude":"9.20000000","longitude":"-7.93333330","name":"Fassiadougou"},{"id":"872517","latitude":"9.10000000","longitude":"-7.78333330","name":"Fassienso"},{"id":"872519","latitude":"8.48333330","longitude":"-8.35000000","name":"Fassir\u00e9dougou"},{"id":"872520","latitude":"9.15000000","longitude":"-8.01666670","name":"Fassissou"},{"id":"872533","latitude":"8.33333330","longitude":"-8.51666670","name":"Fayadougou"},{"id":"872559","latitude":"8.88333330","longitude":"-8.28333330","name":"F\u00e9lou"},{"id":"872566","latitude":"9.15000000","longitude":"-8.76666670","name":"F\u00e9n\u00e9dougou"},{"id":"872572","latitude":"8.85000000","longitude":"-8.11666670","name":"F\u00e9r\u00e9badougou"},{"id":"872573","latitude":"8.65000000","longitude":"-8.43333330","name":"F\u00e9r\u00e9bor\u00e9dougou"},{"id":"872574","latitude":"8.95833330","longitude":"-9.02083330","name":"F\u00e8r\u00e9boridougou"},{"id":"872579","latitude":"8.81666670","longitude":"-8.33333330","name":"F\u00e9r\u00e9dougou"},{"id":"872580","latitude":"8.63333330","longitude":"-8.11666670","name":"F\u00e9r\u00e9gb\u00e9dougou"},{"id":"872583","latitude":"8.88333330","longitude":"-8.15000000","name":"F\u00e9r\u00e9mandougou"},{"id":"872596","latitude":"8.63333330","longitude":"-8.00000000","name":"Fi\u00e9f\u00e9"},{"id":"872602","latitude":"8.60000000","longitude":"-8.11666670","name":"Filandougou"},{"id":"872618","latitude":"8.78333330","longitude":"-8.41666670","name":"Finfiladougou"},{"id":"872665","latitude":"8.06666670","longitude":"-8.10000000","name":"Fogodougou"},{"id":"872679","latitude":"8.66666670","longitude":"-8.05000000","name":"Folonkoro"},{"id":"872681","latitude":"8.48333330","longitude":"-8.83333330","name":"Foma"},{"id":"872687","latitude":"8.93333330","longitude":"-8.88333330","name":"Fondougou"},{"id":"872723","latitude":"8.85000000","longitude":"-8.48333330","name":"Foromalo"},{"id":"872724","latitude":"9.15000000","longitude":"-8.13333330","name":"Foromaro"},{"id":"872738","latitude":"8.98333330","longitude":"-8.33333330","name":"Fouala"},{"id":"872741","latitude":"8.35000000","longitude":"-8.83333330","name":"Fouama"},{"id":"872743","latitude":"8.61666670","longitude":"-7.90000000","name":"Fouasso"},{"id":"872745","latitude":"8.55000000","longitude":"-7.83333330","name":"Foudodougou"},{"id":"872746","latitude":"8.93333330","longitude":"-8.88333330","name":"Foudougou"},{"id":"872758","latitude":"8.98333330","longitude":"-8.33333330","name":"Foukala"},{"id":"872759","latitude":"8.61666670","longitude":"-7.90000000","name":"Foukassou"},{"id":"872777","latitude":"8.20000000","longitude":"-8.41666670","name":"Foumbadougou"},{"id":"872778","latitude":"8.16666670","longitude":"-8.06666670","name":"Foumb\u00e9dougou"},{"id":"872782","latitude":"8.55000000","longitude":"-7.83333330","name":"Foundodougou"},{"id":"872783","latitude":"8.93333330","longitude":"-8.88333330","name":"Foundougou"},{"id":"872816","latitude":"8.20000000","longitude":"-8.41666670","name":"Fumbadugu"},{"id":"872841","latitude":"8.26666670","longitude":"-8.83333330","name":"Galeye"},{"id":"872851","latitude":"8.11666670","longitude":"-8.36666670","name":"Gambadougou"},{"id":"872852","latitude":"8.11666670","longitude":"-8.36666670","name":"Gambala"},{"id":"872853","latitude":"8.18333330","longitude":"-8.48333330","name":"Gambata"},{"id":"872870","latitude":"8.53333330","longitude":"-8.88333330","name":"Garagba"},{"id":"872898","latitude":"8.73333330","longitude":"-8.13333330","name":"Gbandougou"},{"id":"872908","latitude":"8.65000000","longitude":"-8.26666670","name":"Gbarakouroudougou"},{"id":"872909","latitude":"8.65000000","longitude":"-8.38333330","name":"Gbassadougou"},{"id":"872961","latitude":"8.16666670","longitude":"-8.11666670","name":"Goh"},{"id":"872967","latitude":"8.26666670","longitude":"-8.31666670","name":"Golokolodougou"},{"id":"872974","latitude":"8.08333330","longitude":"-8.05000000","name":"Gondodougou"},{"id":"872976","latitude":"8.80000000","longitude":"-8.58333330","name":"Gondono"},{"id":"873005","latitude":"8.75000000","longitude":"-8.45000000","name":"Gouak\u00e9dougou"},{"id":"873007","latitude":"8.20000000","longitude":"-8.28333330","name":"Gouankoro"},{"id":"873008","latitude":"8.78333330","longitude":"-8.36666670","name":"Gouass\u00e9dougou"},{"id":"873009","latitude":"8.66666670","longitude":"-8.40000000","name":"Gouass\u00e9ridougou"},{"id":"873013","latitude":"8.01666670","longitude":"-8.23333330","name":"Gou\u00e9aso"},{"id":"873017","latitude":"8.61666670","longitude":"-8.73333330","name":"Gou\u00e9koro"},{"id":"873022","latitude":"8.75000000","longitude":"-8.08333330","name":"Gouessoba"},{"id":"873059","latitude":"8.01666670","longitude":"-8.23333330","name":"Gu\u00e9asso"},{"id":"873066","latitude":"8.06666670","longitude":"-8.30000000","name":"Gu\u00e9kadougou"},{"id":"873094","latitude":"8.10000000","longitude":"-8.10000000","name":"Gu\u00e9ou\u00e9"},{"id":"873100","latitude":"8.75000000","longitude":"-8.08333330","name":"Gu\u00e9r\u00e9souba"},{"id":"873105","latitude":"8.75000000","longitude":"-8.08333330","name":"Guessoba"},{"id":"873106","latitude":"8.75000000","longitude":"-8.08333330","name":"Guessouba"},{"id":"873111","latitude":"8.81666670","longitude":"-8.43333330","name":"Guib\u00e9koro"},{"id":"873114","latitude":"8.50000000","longitude":"-8.76666670","name":"Guibodougou"},{"id":"873127","latitude":"8.61666670","longitude":"-8.03333330","name":"Guifara"},{"id":"873131","latitude":"8.98333330","longitude":"-8.36666670","name":"Guigbadougou"},{"id":"873168","latitude":"8.65000000","longitude":"-8.30000000","name":"Halifadougou"},{"id":"873261","latitude":"8.70000000","longitude":"-8.36666670","name":"Kaala"},{"id":"873266","latitude":"8.21666670","longitude":"-8.41666670","name":"Kabadougou"},{"id":"873271","latitude":"8.66666670","longitude":"-8.70000000","name":"Kabakoro"},{"id":"873409","latitude":"8.73333330","longitude":"-8.93333330","name":"Kamandougou"},{"id":"873412","latitude":"8.98333330","longitude":"-8.66666670","name":"Kamanou"},{"id":"873447","latitude":"8.66666670","longitude":"-8.46666670","name":"Kambonou"},{"id":"873453","latitude":"8.65000000","longitude":"-8.86666670","name":"Kam\u00e9no"},{"id":"873463","latitude":"8.63333330","longitude":"-8.46666670","name":"Kamorodougou"},{"id":"873510","latitude":"8.55000000","longitude":"-8.81666670","name":"Kangoro"},{"id":"873513","latitude":"8.51666670","longitude":"-8.38333330","name":"Kaniangoro"},{"id":"873528","latitude":"8.71666670","longitude":"-8.31666670","name":"Kankans\u00e9dougou"},{"id":"873646","latitude":"8.08333330","longitude":"-8.38333330","name":"Karita"},{"id":"873673","latitude":"8.88333330","longitude":"-8.21666670","name":"Kass\u00e9mandougou"},{"id":"873687","latitude":"8.88333330","longitude":"-8.66666670","name":"Katakoro"},{"id":"873745","latitude":"8.78333330","longitude":"-8.51666670","name":"K\u00e9bor\u00e9dougou"},{"id":"873751","latitude":"8.65000000","longitude":"-8.01666670","name":"K\u00e9diandougou"},{"id":"873754","latitude":"8.66666670","longitude":"-7.93333330","name":"K\u00e9koro"},{"id":"873787","latitude":"8.85000000","longitude":"-8.91666670","name":"K\u00e9n\u00e9gb\u00e9baro"},{"id":"873835","latitude":"8.68333330","longitude":"-8.71666670","name":"K\u00e9oulindougou"},{"id":"873860","latitude":"8.55000000","longitude":"-7.71666670","name":"K\u00e9s\u00e9\u00e9so"},{"id":"873861","latitude":"8.65000000","longitude":"-8.08333330","name":"K\u00e9s\u00e9riso"},{"id":"873864","latitude":"8.86666670","longitude":"-8.48333330","name":"K\u00e9ss\u00e9r\u00e9dougou"},{"id":"873866","latitude":"8.48333330","longitude":"-8.53333330","name":"K\u00e9ss\u00e9ridougou"},{"id":"873867","latitude":"8.55000000","longitude":"-7.71666670","name":"K\u00e9ss\u00e9riso"},{"id":"873868","latitude":"8.55000000","longitude":"-7.71666670","name":"Kesserisso"},{"id":"873879","latitude":"8.61666670","longitude":"-8.76666670","name":"K\u00e9ya"},{"id":"873890","latitude":"8.66666670","longitude":"-8.56666670","name":"Kiamodougou"},{"id":"873894","latitude":"8.60000000","longitude":"-8.45000000","name":"Ki\u00e9fendougou"},{"id":"873976","latitude":"8.73333330","longitude":"-8.78333330","name":"Kissibougoula"},{"id":"874001","latitude":"9.23333330","longitude":"-8.58333330","name":"Kobala"},{"id":"874014","latitude":"8.70000000","longitude":"-8.51666670","name":"Kob\u00e9dougou"},{"id":"874022","latitude":"8.70000000","longitude":"-8.51666670","name":"Kobidougou"},{"id":"874039","latitude":"8.28333330","longitude":"-8.88333330","name":"Kod\u00e9da"},{"id":"874089","latitude":"8.75000000","longitude":"-8.06666670","name":"Koingb\u00e9lo"},{"id":"874108","latitude":"8.55000000","longitude":"-8.65000000","name":"Kokouna"},{"id":"874123","latitude":"8.43333330","longitude":"-8.81666670","name":"Kolako"},{"id":"874168","latitude":"8.06666670","longitude":"-8.23333330","name":"Kolidougou"},{"id":"874179","latitude":"8.60000000","longitude":"-8.65000000","name":"Kollako Moussadougou"},{"id":"874229","latitude":"8.53333330","longitude":"-8.48333330","name":"Komandougou"},{"id":"874245","latitude":"8.35000000","longitude":"-8.53333330","name":"Komodougou"},{"id":"874247","latitude":"8.58333330","longitude":"-8.28333330","name":"Komoniadougou"},{"id":"874248","latitude":"8.56666670","longitude":"-7.73333330","name":"Komorodougou"},{"id":"874301","latitude":"9.01666670","longitude":"-8.21666670","name":"Konella"},{"id":"874323","latitude":"8.50000000","longitude":"-8.40000000","name":"Koniandougou"},{"id":"874330","latitude":"8.71666670","longitude":"-8.26666670","name":"Konigolo"},{"id":"874332","latitude":"8.21666670","longitude":"-8.91666670","name":"Koni"},{"id":"874365","latitude":"9.03333330","longitude":"-9.00000000","name":"Konsankoro"},{"id":"874400","latitude":"8.31666670","longitude":"-8.35000000","name":"Korissiala"},{"id":"874416","latitude":"8.55000000","longitude":"-8.76666670","name":"Koromoridougou"},{"id":"874417","latitude":"8.85000000","longitude":"-8.20000000","name":"Korona"},{"id":"874419","latitude":"9.23333330","longitude":"-7.96666670","name":"Koronkorono"},{"id":"874448","latitude":"8.55000000","longitude":"-8.86666670","name":"Kotila"},{"id":"874459","latitude":"9.05000000","longitude":"-7.86666670","name":"Kouaf\u00e9r\u00e9so"},{"id":"874468","latitude":"8.70000000","longitude":"-8.51666670","name":"Koub\u00e9dougou"},{"id":"874469","latitude":"8.68333330","longitude":"-8.40000000","name":"Koubella"},{"id":"874495","latitude":"8.61666670","longitude":"-7.80000000","name":"Kou\u00e9man"},{"id":"874500","latitude":"8.93333330","longitude":"-8.31666670","name":"Kou\u00e9ro"},{"id":"874501","latitude":"8.43333330","longitude":"-8.43333330","name":"Kou\u00e9ssilla"},{"id":"874505","latitude":"8.40000000","longitude":"-8.78333330","name":"Kouh\u00e9dougou"},{"id":"874541","latitude":"8.86666670","longitude":"-8.40000000","name":"Kouloudougou"},{"id":"874565","latitude":"9.16666670","longitude":"-8.00000000","name":"Koumandougou"},{"id":"874570","latitude":"8.76666670","longitude":"-8.36666670","name":"Koumatiamodougou"},{"id":"874633","latitude":"8.76666670","longitude":"-8.51666670","name":"Koun\u00e9na"},{"id":"874635","latitude":"8.56666670","longitude":"-7.93333330","name":"Koungb\u00e9dougou"},{"id":"874637","latitude":"8.51666670","longitude":"-8.73333330","name":"Kounina"},{"id":"874677","latitude":"8.05000000","longitude":"-8.08333330","name":"Koural\u00e9"},{"id":"874707","latitude":"8.90000000","longitude":"-8.85000000","name":"Kouroudougou"},{"id":"874708","latitude":"9.03333330","longitude":"-8.03333330","name":"Kourouf\u00e9"},{"id":"874709","latitude":"9.03333330","longitude":"-8.03333330","name":"Kouroufi"},{"id":"874713","latitude":"8.70000000","longitude":"-8.30000000","name":"Kourougb\u00e9dougou"},{"id":"874719","latitude":"9.20000000","longitude":"-8.03333330","name":"Kouroukoro"},{"id":"874728","latitude":"8.68333330","longitude":"-8.45000000","name":"Kouroumorodougou"},{"id":"874732","latitude":"8.71666670","longitude":"-8.45000000","name":"Kourounko"},{"id":"874761","latitude":"8.43333330","longitude":"-8.66666670","name":"Kouyonou I\u00e9dougou"},{"id":"874768","latitude":"8.41666670","longitude":"-8.23333330","name":"Koyamorodougou"},{"id":"874771","latitude":"8.71666670","longitude":"-8.38333330","name":"Koyola"},{"id":"874794","latitude":"8.13333330","longitude":"-8.11666670","name":"Labilasso"},{"id":"874811","latitude":"8.91666670","longitude":"-8.41666670","name":"Lamad\u00e9dougou"},{"id":"874812","latitude":"8.98333330","longitude":"-8.41666670","name":"Lamadougou"},{"id":"874833","latitude":"8.66666670","longitude":"-8.86666670","name":"Lanc\u00e9dougou"},{"id":"874834","latitude":"9.08333330","longitude":"-8.78333330","name":"Lanceidougou"},{"id":"874858","latitude":"9.08333330","longitude":"-8.78333330","name":"Lans\u00e9dougou"},{"id":"874861","latitude":"8.83333330","longitude":"-8.50000000","name":"Lanss\u00e9dougou"},{"id":"874901","latitude":"8.21666670","longitude":"-8.38333330","name":"L\u00e9l\u00e9koro"},{"id":"874986","latitude":"8.83333330","longitude":"-8.46666670","name":"Lomid\u00e9dougou"},{"id":"875040","latitude":"9.40000000","longitude":"-8.18333330","name":"Madinakoura"},{"id":"875073","latitude":"8.60000000","longitude":"-8.78333330","name":"Mafindougou"},{"id":"875104","latitude":"8.78333330","longitude":"-8.36666670","name":"Malamala"},{"id":"875110","latitude":"8.83333330","longitude":"-8.46666670","name":"Mal\u00e9dougou"},{"id":"875138","latitude":"8.81666670","longitude":"-8.35000000","name":"Mamadidougou"},{"id":"875142","latitude":"8.33333330","longitude":"-8.43333330","name":"Mamandougou"},{"id":"875159","latitude":"8.76666670","longitude":"-7.85000000","name":"Mamorodougou"},{"id":"875172","latitude":"8.65000000","longitude":"-7.78333330","name":"Mamouroula"},{"id":"875174","latitude":"8.96666670","longitude":"-8.76666670","name":"Manadara"},{"id":"875175","latitude":"8.61666670","longitude":"-8.61666670","name":"Manakoro"},{"id":"875182","latitude":"8.53333330","longitude":"-8.71666670","name":"Manankoro"},{"id":"875191","latitude":"8.90000000","longitude":"-8.20000000","name":"Mandougou"},{"id":"875208","latitude":"8.45000000","longitude":"-8.48333330","name":"Mangadougou"},{"id":"875216","latitude":"8.70000000","longitude":"-8.10000000","name":"Mangoua"},{"id":"875268","latitude":"8.55000000","longitude":"-8.55000000","name":"Mantoumandougou"},{"id":"875302","latitude":"8.81666670","longitude":"-8.43333330","name":"Massadougou"},{"id":"875308","latitude":"8.78333330","longitude":"-8.13333330","name":"Massala"},{"id":"875312","latitude":"8.73333330","longitude":"-8.35000000","name":"Massandougou"},{"id":"875317","latitude":"8.35000000","longitude":"-8.56666670","name":"Mass\u00e9dougou"},{"id":"875327","latitude":"8.92527780","longitude":"-9.02805560","name":"Math\u00e9nian Baladou"},{"id":"875345","latitude":"8.11666670","longitude":"-8.16666670","name":"M\u00e9dina"},{"id":"875356","latitude":"8.45000000","longitude":"-8.56666670","name":"M\u00e9kif\u00e9r\u00e9dougou"},{"id":"875405","latitude":"8.51666670","longitude":"-8.78333330","name":"Mimaro"},{"id":"875415","latitude":"8.66666670","longitude":"-8.33333330","name":"Missadougou"},{"id":"875445","latitude":"9.45000000","longitude":"-8.16666670","name":"Moimadou"},{"id":"875455","latitude":"8.13333330","longitude":"-8.28333330","name":"Momoridougou"},{"id":"875464","latitude":"8.96666670","longitude":"-8.43333330","name":"Monssoro"},{"id":"875469","latitude":"8.78333330","longitude":"-8.33333330","name":"Moradougou"},{"id":"875491","latitude":"8.41666670","longitude":"-8.65000000","name":"Moribadougou"},{"id":"875492","latitude":"8.78333330","longitude":"-8.20000000","name":"Moribafindougou"},{"id":"875497","latitude":"8.40000000","longitude":"-8.60000000","name":"Moribou\u00e9dougou"},{"id":"875499","latitude":"8.80000000","longitude":"-8.40000000","name":"Moridougou"},{"id":"875500","latitude":"8.65000000","longitude":"-8.28333330","name":"Morifadougou"},{"id":"875501","latitude":"8.66666670","longitude":"-8.36666670","name":"Morifindougou"},{"id":"875504","latitude":"8.15000000","longitude":"-8.03333330","name":"Morigbadougou"},{"id":"875506","latitude":"8.65000000","longitude":"-7.90000000","name":"Morigba"},{"id":"875507","latitude":"8.38333330","longitude":"-8.30000000","name":"Morigou\u00e9dougou"},{"id":"875511","latitude":"8.88333330","longitude":"-8.18333330","name":"Morimandougou"},{"id":"875517","latitude":"8.11666670","longitude":"-8.20000000","name":"Morissimandougou"},{"id":"875531","latitude":"8.53333330","longitude":"-8.43333330","name":"Mossof\u00e9dougou"},{"id":"875542","latitude":"8.65000000","longitude":"-8.13333330","name":"Mouni\u00e9dougou"},{"id":"875546","latitude":"8.15000000","longitude":"-8.36666670","name":"Moussadougou"},{"id":"875557","latitude":"8.70000000","longitude":"-8.26666670","name":"Moyako"},{"id":"875560","latitude":"9.45000000","longitude":"-8.16666670","name":"Moymadou"},{"id":"875563","latitude":"8.76666670","longitude":"-8.61666670","name":"Mussadugu"},{"id":"875615","latitude":"8.76666670","longitude":"-8.33333330","name":"Nassoundougou"},{"id":"875658","latitude":"8.63333330","longitude":"-8.38333330","name":"Niadougou"},{"id":"875689","latitude":"8.86666670","longitude":"-8.91666670","name":"Niamankoro"},{"id":"875698","latitude":"8.80000000","longitude":"-8.91666670","name":"Niamoridougou"},{"id":"875711","latitude":"8.81666670","longitude":"-8.06666670","name":"Nianin"},{"id":"875715","latitude":"8.66666670","longitude":"-8.73333330","name":"Nianou"},{"id":"875718","latitude":"8.91666670","longitude":"-8.33333330","name":"Niansomorodougou"},{"id":"875719","latitude":"8.71666670","longitude":"-8.83333330","name":"Niansonmoridougou"},{"id":"875725","latitude":"8.45000000","longitude":"-8.61666670","name":"Niaoulindougou"},{"id":"875744","latitude":"8.73333330","longitude":"-8.66666670","name":"Niella"},{"id":"875772","latitude":"8.43333330","longitude":"-8.68333330","name":"Niobodougou"},{"id":"875774","latitude":"8.43333330","longitude":"-8.68333330","name":"Niogbodougou"},{"id":"875778","latitude":"8.75000000","longitude":"-8.45000000","name":"Niokorogb\u00e9dougou"},{"id":"875781","latitude":"8.13333330","longitude":"-8.28333330","name":"Niomorodougou"},{"id":"875785","latitude":"8.71666670","longitude":"-8.83333330","name":"Nionsamoridougou"},{"id":"875786","latitude":"8.71666670","longitude":"-8.83333330","name":"Nionsomoridougou"},{"id":"875793","latitude":"8.75000000","longitude":"-8.38333330","name":"Nissiboro"},{"id":"875832","latitude":"8.80000000","longitude":"-8.40000000","name":"Nougu\u00e9dougou"},{"id":"875837","latitude":"8.75000000","longitude":"-8.33333330","name":"Noumandougou"},{"id":"875842","latitude":"8.56666670","longitude":"-8.53333330","name":"Nouna"},{"id":"875848","latitude":"8.80000000","longitude":"-8.35000000","name":"Nouss\u00e9ridougou"},{"id":"875909","latitude":"8.58333330","longitude":"-8.15000000","name":"Orodjidougou"},{"id":"875910","latitude":"9.30000000","longitude":"-8.56666670","name":"Oroni"},{"id":"875938","latitude":"8.78333330","longitude":"-8.55000000","name":"Ouanino"},{"id":"875949","latitude":"8.60000000","longitude":"-8.70000000","name":"Ouaouakoro"},{"id":"875950","latitude":"8.13333330","longitude":"-8.20000000","name":"Ouaoudougou"},{"id":"875953","latitude":"8.78333330","longitude":"-8.41666670","name":"Ouarigu\u00e9ridougou"},{"id":"875968","latitude":"8.65000000","longitude":"-8.85000000","name":"Ouataf\u00e9r\u00e9dougou"},{"id":"875969","latitude":"8.66666670","longitude":"-8.80000000","name":"Ouatof\u00e9r\u00e9dougou"},{"id":"875978","latitude":"8.33333330","longitude":"-8.26666670","name":"Ou\u00e9dougou"},{"id":"876065","latitude":"8.16666670","longitude":"-8.00000000","name":"Ouorono"},{"id":"876110","latitude":"9.16666670","longitude":"-8.26666670","name":"Ourououroudougou"},{"id":"876112","latitude":"8.98333330","longitude":"-8.65000000","name":"Ouroussako"},{"id":"876191","latitude":"8.80000000","longitude":"-8.36666670","name":"Pat\u00e9dougou"},{"id":"876223","latitude":"8.71666670","longitude":"-8.73333330","name":"Piaro"},{"id":"876294","latitude":"8.68333330","longitude":"-8.73333330","name":"Saadougou"},{"id":"876309","latitude":"8.96666670","longitude":"-8.63333330","name":"Sab\u00e9r\u00e9dougou"},{"id":"876316","latitude":"8.46666670","longitude":"-8.55000000","name":"Sabiadougou"},{"id":"876320","latitude":"8.63333330","longitude":"-8.28333330","name":"Saboudougou"},{"id":"876330","latitude":"8.53333330","longitude":"-8.65000000","name":"Sadougou"},{"id":"876342","latitude":"9.21666670","longitude":"-8.55000000","name":"Sagbala"},{"id":"876345","latitude":"8.50000000","longitude":"-7.71666670","name":"Sagnondougou"},{"id":"876354","latitude":"8.81666670","longitude":"-8.43333330","name":"Sai\u00e9moridougou"},{"id":"876367","latitude":"8.70000000","longitude":"-8.71666670","name":"Sakodougou"},{"id":"876395","latitude":"8.10000000","longitude":"-8.01666670","name":"Salou"},{"id":"876399","latitude":"9.11666670","longitude":"-8.56666670","name":"Samana"},{"id":"876403","latitude":"9.11666670","longitude":"-8.56666670","name":"Samano"},{"id":"876428","latitude":"8.76666670","longitude":"-8.23333330","name":"Samba"},{"id":"876442","latitude":"9.00000000","longitude":"-8.90000000","name":"Sam\u00e9dougou"},{"id":"876443","latitude":"8.76666670","longitude":"-8.13333330","name":"Samodougou"},{"id":"876445","latitude":"8.20000000","longitude":"-8.21666670","name":"Samoukadougou"},{"id":"876454","latitude":"9.03333330","longitude":"-7.95000000","name":"Sanambala"},{"id":"876456","latitude":"8.80000000","longitude":"-8.35000000","name":"Sananbaladougou"},{"id":"876458","latitude":"9.10000000","longitude":"-8.81666670","name":"Sanankoroni"},{"id":"876462","latitude":"8.81666670","longitude":"-7.98333330","name":"Sanankoro Sanou"},{"id":"876505","latitude":"8.75000000","longitude":"-8.36666670","name":"Sangbandougou"},{"id":"876530","latitude":"8.61666670","longitude":"-8.51666670","name":"Saniola"},{"id":"876532","latitude":"8.73333330","longitude":"-8.88333330","name":"Sankadougou"},{"id":"876546","latitude":"8.95000000","longitude":"-8.38333330","name":"Sanofilala"},{"id":"876590","latitude":"8.43333330","longitude":"-8.63333330","name":"Saousoudougou"},{"id":"876599","latitude":"9.20000000","longitude":"-7.95000000","name":"Sarala"},{"id":"876672","latitude":"8.10000000","longitude":"-8.06666670","name":"Sayodougou"},{"id":"876676","latitude":"8.45000000","longitude":"-8.66666670","name":"S\u00e9badougou"},{"id":"876689","latitude":"8.71666670","longitude":"-8.75000000","name":"S\u00e9dougou"},{"id":"876693","latitude":"8.76666670","longitude":"-8.46666670","name":"Segb\u00e9dougou"},{"id":"876706","latitude":"9.21666670","longitude":"-8.51666670","name":"Se\u00efmandougou"},{"id":"876713","latitude":"8.83333330","longitude":"-8.41666670","name":"S\u00e9koudougou"},{"id":"876730","latitude":"8.88333330","longitude":"-7.98333330","name":"S\u00e9modougou"},{"id":"876735","latitude":"9.05000000","longitude":"-8.66666670","name":"S\u00e9n\u00e9dougou"},{"id":"876736","latitude":"8.86666670","longitude":"-8.06666670","name":"S\u00e9n\u00e9koula"},{"id":"876738","latitude":"8.78333330","longitude":"-8.10000000","name":"S\u00e9n\u00e9ni"},{"id":"876755","latitude":"8.76666670","longitude":"-8.41666670","name":"S\u00e9r\u00e9dougou"},{"id":"876773","latitude":"8.41666670","longitude":"-8.75000000","name":"S\u00e9rimandougou"},{"id":"876781","latitude":"9.38333330","longitude":"-8.56666670","name":"Sess\u00e9"},{"id":"876784","latitude":"8.73333330","longitude":"-7.95000000","name":"Seyadougou"},{"id":"876785","latitude":"8.68333330","longitude":"-7.85000000","name":"S\u00e9ya"},{"id":"876793","latitude":"8.71666670","longitude":"-8.33333330","name":"Sibirini"},{"id":"876799","latitude":"8.83333330","longitude":"-8.45000000","name":"Sidikidougou"},{"id":"876815","latitude":"8.55000000","longitude":"-8.88333330","name":"Sik\u00e9dougou"},{"id":"876816","latitude":"8.83333330","longitude":"-8.45000000","name":"Sikikidougou"},{"id":"876822","latitude":"8.66666670","longitude":"-8.21666670","name":"Silasabadougou"},{"id":"876832","latitude":"8.68333330","longitude":"-8.53333330","name":"Sillakollo"},{"id":"876869","latitude":"9.05000000","longitude":"-8.66666670","name":"Sin\u00e9dougou"},{"id":"876872","latitude":"8.83333330","longitude":"-8.06666670","name":"Sin\u00e9ouba"},{"id":"876892","latitude":"8.88333330","longitude":"-8.26666670","name":"Sinko"},{"id":"876939","latitude":"8.53333330","longitude":"-8.05000000","name":"Siragouala"},{"id":"876940","latitude":"9.20000000","longitude":"-8.51666670","name":"Sirakoro"},{"id":"876950","latitude":"9.38333330","longitude":"-7.86666670","name":"Sirana de Beyla"},{"id":"876955","latitude":"8.58333330","longitude":"-8.08333330","name":"Sir\u00e9gb\u00e9dougou"},{"id":"876983","latitude":"8.83333330","longitude":"-8.45000000","name":"Sittikidougou"},{"id":"876993","latitude":"8.33333330","longitude":"-8.36666670","name":"Sobidougou"},{"id":"877002","latitude":"8.40000000","longitude":"-8.71666670","name":"Sogbadougou"},{"id":"877004","latitude":"8.95000000","longitude":"-8.25000000","name":"Sogbass\u00e9dougou"},{"id":"877005","latitude":"8.58333330","longitude":"-8.40000000","name":"Sogb\u00e9soridougou"},{"id":"877009","latitude":"8.45000000","longitude":"-8.70000000","name":"Sogoub\u00e9ni"},{"id":"877010","latitude":"8.80000000","longitude":"-8.53333330","name":"Sogou\u00e9nina"},{"id":"877023","latitude":"8.05000000","longitude":"-8.15000000","name":"Sokodougou"},{"id":"877034","latitude":"8.51666670","longitude":"-7.76666670","name":"Sokouella"},{"id":"877036","latitude":"9.21666670","longitude":"-8.06666670","name":"Sokourala"},{"id":"877051","latitude":"8.23333330","longitude":"-8.36666670","name":"Solonf\u00e9"},{"id":"877074","latitude":"8.85000000","longitude":"-8.85000000","name":"Sondougou"},{"id":"877100","latitude":"8.81666670","longitude":"-8.10000000","name":"Sonsia"},{"id":"877102","latitude":"8.81666670","longitude":"-8.43333330","name":"Sonssadougou"},{"id":"877111","latitude":"9.20000000","longitude":"-8.41666670","name":"Soribadougou"},{"id":"877117","latitude":"8.83333330","longitude":"-8.35000000","name":"Soridougou"},{"id":"877133","latitude":"8.38333330","longitude":"-8.75000000","name":"Sotidougou"},{"id":"877137","latitude":"8.63333330","longitude":"-8.48333330","name":"Soubadougou"},{"id":"877139","latitude":"8.80000000","longitude":"-8.18333330","name":"Soubakouroudougou"},{"id":"877142","latitude":"8.46666670","longitude":"-8.58333330","name":"Soub\u00e9ss\u00e9dougou"},{"id":"877146","latitude":"8.40000000","longitude":"-8.66666670","name":"Sougbadougou"},{"id":"877147","latitude":"8.55000000","longitude":"-8.43333330","name":"Sougb\u00e9ss\u00e9dougou"},{"id":"877162","latitude":"9.21666670","longitude":"-8.06666670","name":"Soukourala"},{"id":"877167","latitude":"8.33333330","longitude":"-8.43333330","name":"Soukouralla"},{"id":"877172","latitude":"8.83333330","longitude":"-8.38333330","name":"Soul\u00e9dougou"},{"id":"877212","latitude":"8.55000000","longitude":"-8.48333330","name":"Sounandougou"},{"id":"877241","latitude":"9.21666670","longitude":"-8.06666670","name":"Souroukala"},{"id":"877250","latitude":"8.46666670","longitude":"-7.75000000","name":"Souyendougou"},{"id":"877252","latitude":"8.48333330","longitude":"-8.78333330","name":"Soyaro"},{"id":"877257","latitude":"8.83333330","longitude":"-8.51666670","name":"Suello"},{"id":"877258","latitude":"8.86666670","longitude":"-8.15000000","name":"Su\u00e9"},{"id":"877276","latitude":"8.61666670","longitude":"-8.58333330","name":"Tabilala"},{"id":"877357","latitude":"8.80000000","longitude":"-8.78333330","name":"Tambikola"},{"id":"877372","latitude":"8.75000000","longitude":"-8.18333330","name":"Tanantou"},{"id":"877374","latitude":"8.80000000","longitude":"-8.78333330","name":"Tanbikola"},{"id":"877389","latitude":"9.00000000","longitude":"-8.30000000","name":"Tangodougou"},{"id":"877395","latitude":"9.28333330","longitude":"-8.05000000","name":"Tanindou"},{"id":"877404","latitude":"8.66666670","longitude":"-8.91666670","name":"Taoerella"},{"id":"877405","latitude":"8.76666670","longitude":"-8.55000000","name":"Taorella"},{"id":"877536","latitude":"9.16666670","longitude":"-8.43333330","name":"Tiaoa"},{"id":"877544","latitude":"8.58333330","longitude":"-8.90000000","name":"Ti\u00e9korodougou"},{"id":"877546","latitude":"8.15000000","longitude":"-8.25000000","name":"Ti\u00e9kouradougou"},{"id":"877550","latitude":"8.68333330","longitude":"-8.55000000","name":"Tiembodougou"},{"id":"877551","latitude":"8.60000000","longitude":"-8.30000000","name":"Ti\u00e9morodougou"},{"id":"877555","latitude":"8.83333330","longitude":"-8.00000000","name":"Tienkoro"},{"id":"877556","latitude":"9.16666670","longitude":"-8.43333330","name":"Ti\u00e9oua"},{"id":"877565","latitude":"9.16666670","longitude":"-8.43333330","name":"Ti\u00e9wa"},{"id":"877601","latitude":"9.36666670","longitude":"-7.96666670","name":"Tinikoro"},{"id":"877614","latitude":"8.75000000","longitude":"-8.43333330","name":"Tinkorodougou"},{"id":"877615","latitude":"8.83333330","longitude":"-8.00000000","name":"Tinkoro"},{"id":"877643","latitude":"9.28333330","longitude":"-7.95000000","name":"Togobala"},{"id":"877644","latitude":"9.15000000","longitude":"-7.90000000","name":"Togob\u00e9dougou"},{"id":"877697","latitude":"8.08333330","longitude":"-8.15000000","name":"Tondo"},{"id":"877711","latitude":"8.68333330","longitude":"-8.16666670","name":"Tonodougou"},{"id":"877713","latitude":"8.08333330","longitude":"-8.15000000","name":"Tonon"},{"id":"877715","latitude":"8.08333330","longitude":"-8.15000000","name":"Tono"},{"id":"877733","latitude":"9.01666670","longitude":"-7.98333330","name":"Toubakoro"},{"id":"877734","latitude":"8.51666670","longitude":"-8.28333330","name":"Toubakouno"},{"id":"877735","latitude":"8.88333330","longitude":"-8.95000000","name":"Toubakourouno"},{"id":"877745","latitude":"8.60000000","longitude":"-8.56666670","name":"Tougban\u00e9dougou"},{"id":"877775","latitude":"8.81666670","longitude":"-8.38333330","name":"Toumanidougou"},{"id":"877791","latitude":"8.08333330","longitude":"-8.15000000","name":"Toundo"},{"id":"877808","latitude":"8.75000000","longitude":"-8.70000000","name":"Tourella"},{"id":"877810","latitude":"8.70000000","longitude":"-8.31666670","name":"Tour\u00e9ti\u00e9modougou"},{"id":"877827","latitude":"8.71666670","longitude":"-7.91666670","name":"Vafindougou"},{"id":"877828","latitude":"8.31666670","longitude":"-8.60000000","name":"Vagbanata"},{"id":"877829","latitude":"8.31666670","longitude":"-8.60000000","name":"Vagouanata"},{"id":"877830","latitude":"8.51666670","longitude":"-8.10000000","name":"Vahodougou"},{"id":"877833","latitude":"8.30000000","longitude":"-8.38333330","name":"Vamorodougou"},{"id":"877837","latitude":"8.78333330","longitude":"-8.15000000","name":"Vasiadougou"},{"id":"877838","latitude":"8.33333330","longitude":"-8.31666670","name":"Vassadougou"},{"id":"877879","latitude":"9.18333330","longitude":"-8.51666670","name":"Waro"},{"id":"877915","latitude":"8.76666670","longitude":"-7.93333330","name":"Woro Sinkoro"},{"id":"877916","latitude":"9.26666670","longitude":"-8.41666670","name":"Woro"},{"id":"877926","latitude":"8.45000000","longitude":"-8.81666670","name":"Yagbodougou"},{"id":"877966","latitude":"8.05000000","longitude":"-8.36666670","name":"Yanamouta"},{"id":"877986","latitude":"8.35000000","longitude":"-8.78333330","name":"Yapangaye"},{"id":"877987","latitude":"9.10000000","longitude":"-7.96666670","name":"Yaradougou"},{"id":"877997","latitude":"9.13333330","longitude":"-7.98333330","name":"Yarakoro"},{"id":"878002","latitude":"8.61666670","longitude":"-8.11666670","name":"Yarangadougou"},{"id":"878071","latitude":"8.76666670","longitude":"-8.95000000","name":"Yent\u00e9dougou"},{"id":"878076","latitude":"8.90000000","longitude":"-8.41666670","name":"Y\u00e9r\u00e9dougou"},{"id":"878144","latitude":"8.96666670","longitude":"-8.93333330","name":"Yoyadougou"},{"id":"878170","latitude":"8.11666670","longitude":"-8.01666670","name":"Zingou\u00e9dougou"},{"id":"878174","latitude":"8.98333330","longitude":"-8.31666670","name":"Zobodougou"}]