[{"id":"870410","latitude":"12.60000000","longitude":"-13.11666670","name":"Adjinn"},{"id":"870414","latitude":"12.56666670","longitude":"-13.13333330","name":"Agunk"},{"id":"870415","latitude":"12.35000000","longitude":"-13.30000000","name":"Akadasso"},{"id":"870417","latitude":"12.45000000","longitude":"-12.91666670","name":"Akoul"},{"id":"870435","latitude":"12.36666670","longitude":"-13.46666670","name":"Altou"},{"id":"870438","latitude":"12.48333330","longitude":"-13.11666670","name":"Ampank"},{"id":"870440","latitude":"12.26666670","longitude":"-13.03333330","name":"And\u00e9fo"},{"id":"870441","latitude":"12.28333330","longitude":"-12.95000000","name":"Angorguir\u00e9"},{"id":"870442","latitude":"12.10000000","longitude":"-13.00000000","name":"Angu\u00e9ra"},{"id":"870453","latitude":"12.45000000","longitude":"-12.88333330","name":"Anub"},{"id":"870454","latitude":"12.30000000","longitude":"-12.88333330","name":"Anubo"},{"id":"870485","latitude":"12.56666670","longitude":"-13.11666670","name":"Badi\u00e9"},{"id":"870507","latitude":"12.26666670","longitude":"-13.03333330","name":"Baf\u00e9lo"},{"id":"870515","latitude":"12.11666670","longitude":"-13.05000000","name":"Bagadiara"},{"id":"870735","latitude":"12.03333330","longitude":"-13.03333330","name":"Banbanguilare"},{"id":"870749","latitude":"12.28333330","longitude":"-12.81666670","name":"Bandani"},{"id":"870762","latitude":"12.36666670","longitude":"-13.65000000","name":"Bandiougara"},{"id":"870794","latitude":"12.31666670","longitude":"-12.95000000","name":"Banian\u00e9"},{"id":"870833","latitude":"12.46666670","longitude":"-13.15000000","name":"Bantank"},{"id":"870840","latitude":"12.15000000","longitude":"-13.06666670","name":"Bantiguel"},{"id":"870875","latitude":"12.20000000","longitude":"-13.03333330","name":"Bark\u00e9r\u00e9"},{"id":"870902","latitude":"12.55000000","longitude":"-13.11666670","name":"Batak"},{"id":"870913","latitude":"12.35000000","longitude":"-12.58333330","name":"Baya"},{"id":"870928","latitude":"12.45000000","longitude":"-12.81666670","name":"B\u00e9gnira Adouma"},{"id":"871041","latitude":"12.48333330","longitude":"-13.65000000","name":"Bid\u00e9"},{"id":"871073","latitude":"12.25000000","longitude":"-12.90000000","name":"Bindougou"},{"id":"871286","latitude":"12.25000000","longitude":"-12.95000000","name":"Borodji"},{"id":"871287","latitude":"12.25000000","longitude":"-12.95000000","name":"Borodji Peul"},{"id":"871374","latitude":"12.25000000","longitude":"-12.90000000","name":"Boul\u00e9r\u00e9"},{"id":"871407","latitude":"12.36666670","longitude":"-13.38333330","name":"Bounta"},{"id":"871439","latitude":"12.28333330","longitude":"-13.05000000","name":"Boussoura"},{"id":"871450","latitude":"12.23333330","longitude":"-12.90000000","name":"Bowal Ila"},{"id":"871523","latitude":"12.43333330","longitude":"-13.58333330","name":"Coutan"},{"id":"871616","latitude":"12.21666670","longitude":"-12.86666670","name":"Dalin"},{"id":"871669","latitude":"12.25000000","longitude":"-13.03333330","name":"Danguiri"},{"id":"871749","latitude":"12.36666670","longitude":"-12.95000000","name":"D\u00e9bou Tiank"},{"id":"871778","latitude":"12.35000000","longitude":"-13.31666670","name":"Dendoula"},{"id":"871841","latitude":"12.35000000","longitude":"-13.26666670","name":"Diama Atou"},{"id":"871843","latitude":"12.35000000","longitude":"-13.26666670","name":"Diamatou"},{"id":"871847","latitude":"12.48333330","longitude":"-13.33333330","name":"Diamel"},{"id":"871892","latitude":"12.35000000","longitude":"-13.55000000","name":"Diar\u00e9 Kouda"},{"id":"872092","latitude":"12.35000000","longitude":"-12.90000000","name":"Do\u00ef Do\u00ef"},{"id":"872166","latitude":"12.31666670","longitude":"-12.85000000","name":"Doubel"},{"id":"872208","latitude":"12.40000000","longitude":"-13.36666670","name":"Doukour\u00e9la"},{"id":"872213","latitude":"12.46666670","longitude":"-13.51666670","name":"Douloouri"},{"id":"872226","latitude":"12.20000000","longitude":"-13.05000000","name":"Doumou"},{"id":"872253","latitude":"12.48333330","longitude":"-13.38333330","name":"Doupou"},{"id":"872259","latitude":"12.30000000","longitude":"-12.76666670","name":"Dourou\u00efli"},{"id":"872261","latitude":"12.33333330","longitude":"-13.25000000","name":"Dou Sar\u00e9"},{"id":"872276","latitude":"12.15000000","longitude":"-13.01666670","name":"Duillia"},{"id":"872284","latitude":"12.48333330","longitude":"-12.85000000","name":"Ebak"},{"id":"872285","latitude":"12.38333330","longitude":"-12.96666670","name":"Enissian"},{"id":"872286","latitude":"12.28333330","longitude":"-12.98333330","name":"Ep\u00e9"},{"id":"872287","latitude":"12.31666670","longitude":"-12.96666670","name":"Epita"},{"id":"872363","latitude":"12.56666670","longitude":"-13.23333330","name":"Famani"},{"id":"872395","latitude":"12.41666670","longitude":"-12.63333330","name":"Fangama"},{"id":"872527","latitude":"12.30000000","longitude":"-12.75000000","name":"Fatila"},{"id":"872528","latitude":"12.53333330","longitude":"-13.23333330","name":"Fatimpo"},{"id":"872537","latitude":"12.58333330","longitude":"-13.13333330","name":"F\u00e9d\u00e9"},{"id":"872704","latitude":"12.56666670","longitude":"-13.11666670","name":"Font\u00e9 Font\u00e9"},{"id":"872764","latitude":"12.60000000","longitude":"-13.68333330","name":"Foulamansa"},{"id":"872822","latitude":"12.35000000","longitude":"-13.26666670","name":"Gadabarou Diamatou"},{"id":"872824","latitude":"12.40000000","longitude":"-13.40000000","name":"Gadalougu\u00e8l"},{"id":"872857","latitude":"12.25000000","longitude":"-13.00000000","name":"Gandin\u00e9"},{"id":"872858","latitude":"12.35000000","longitude":"-13.50000000","name":"Gandir\u00e9"},{"id":"873043","latitude":"12.33333330","longitude":"-12.93333330","name":"Gowara"},{"id":"873149","latitude":"12.38333330","longitude":"-12.93333330","name":"Guingan"},{"id":"873151","latitude":"12.28333330","longitude":"-12.76666670","name":"Guingu\u00e9lou"},{"id":"873169","latitude":"12.11666670","longitude":"-12.98333330","name":"Halire"},{"id":"873214","latitude":"12.51666670","longitude":"-13.13333330","name":"Ibasse"},{"id":"873216","latitude":"12.38333330","longitude":"-12.90000000","name":"Ibir"},{"id":"873217","latitude":"12.30000000","longitude":"-12.71666670","name":"Idar\u00e9"},{"id":"873220","latitude":"12.56666670","longitude":"-13.13333330","name":"Idir"},{"id":"873222","latitude":"12.38333330","longitude":"-13.28333330","name":"I\u00e9ra"},{"id":"873223","latitude":"12.33333330","longitude":"-13.65000000","name":"I\u00e9rikoro"},{"id":"873225","latitude":"12.58333330","longitude":"-13.11666670","name":"Ifane"},{"id":"873226","latitude":"12.18333330","longitude":"-12.85000000","name":"Igayato"},{"id":"873227","latitude":"12.60000000","longitude":"-13.13333330","name":"Ikark\u00e8te"},{"id":"873228","latitude":"12.53333330","longitude":"-13.11666670","name":"Ikessa"},{"id":"873230","latitude":"12.46666670","longitude":"-13.03333330","name":"Ikirote"},{"id":"873231","latitude":"12.51666670","longitude":"-13.11666670","name":"Ikota"},{"id":"873232","latitude":"12.48333330","longitude":"-13.10000000","name":"Ikounoun"},{"id":"873243","latitude":"12.46666670","longitude":"-13.13333330","name":"Inama"},{"id":"873244","latitude":"12.46666670","longitude":"-13.13333330","name":"Inaouar\u00e9"},{"id":"873245","latitude":"12.51666670","longitude":"-13.15000000","name":"Inaye"},{"id":"873246","latitude":"12.45000000","longitude":"-13.38333330","name":"Ipodou"},{"id":"873256","latitude":"12.58333330","longitude":"-13.10000000","name":"Itanian\u00e9"},{"id":"873257","latitude":"12.48333330","longitude":"-13.15000000","name":"Itiakourou"},{"id":"873258","latitude":"12.53333330","longitude":"-13.08333330","name":"Itiol"},{"id":"873259","latitude":"12.51666670","longitude":"-13.10000000","name":"Itiou"},{"id":"873306","latitude":"12.55000000","longitude":"-13.10000000","name":"Kadi\u00e9 Kadi\u00e9"},{"id":"873317","latitude":"12.11666670","longitude":"-12.98333330","name":"Kafou"},{"id":"873398","latitude":"12.40000000","longitude":"-13.41666670","name":"Kamabi"},{"id":"873442","latitude":"12.38333330","longitude":"-13.65000000","name":"Kamb\u00e9 Saourou"},{"id":"873444","latitude":"12.38333330","longitude":"-13.60000000","name":"Kambodio"},{"id":"873466","latitude":"12.60000000","longitude":"-13.68333330","name":"Kamoussa"},{"id":"873484","latitude":"12.46666670","longitude":"-13.28333330","name":"Kanda\u00efd\u00e9"},{"id":"873496","latitude":"12.60000000","longitude":"-13.40000000","name":"Kandiaye"},{"id":"873498","latitude":"12.41666670","longitude":"-13.63333330","name":"Kandika"},{"id":"873499","latitude":"12.56666670","longitude":"-13.43333330","name":"Kandilo"},{"id":"873508","latitude":"12.40000000","longitude":"-13.45000000","name":"Kangn\u00e9ka"},{"id":"873554","latitude":"12.30000000","longitude":"-12.98333330","name":"Kanpaya"},{"id":"873590","latitude":"12.60000000","longitude":"-13.60000000","name":"Kaoran\u00e9"},{"id":"873595","latitude":"12.53333330","longitude":"-13.45000000","name":"Kaparabina"},{"id":"873599","latitude":"12.53333330","longitude":"-13.45000000","name":"Kaporabina"},{"id":"873601","latitude":"12.53333330","longitude":"-13.45000000","name":"Kapparabina"},{"id":"873636","latitude":"12.60000000","longitude":"-13.11666670","name":"Kariako"},{"id":"873698","latitude":"12.40000000","longitude":"-13.56666670","name":"Katiaourou"},{"id":"873700","latitude":"12.48333330","longitude":"-13.61666670","name":"Katila Kofouta"},{"id":"873776","latitude":"12.36666670","longitude":"-13.55000000","name":"K\u00e9naba"},{"id":"873874","latitude":"12.46666670","longitude":"-12.83333330","name":"K\u00e9tiouri Igour"},{"id":"873901","latitude":"12.16666670","longitude":"-13.06666670","name":"Kifaya"},{"id":"873906","latitude":"12.31666670","longitude":"-12.88333330","name":"Kilikondo"},{"id":"873911","latitude":"12.53333330","longitude":"-13.45000000","name":"Kimbi"},{"id":"874075","latitude":"12.21666670","longitude":"-12.98333330","name":"Kogou Foulb\u00e9"},{"id":"874076","latitude":"12.45000000","longitude":"-13.51666670","name":"Kogui"},{"id":"874204","latitude":"12.10000000","longitude":"-13.08333330","name":"Kolon"},{"id":"874434","latitude":"12.18333330","longitude":"-12.83333330","name":"Kossi"},{"id":"874471","latitude":"12.23333330","longitude":"-12.81666670","name":"Koubia"},{"id":"874488","latitude":"12.46666670","longitude":"-12.86666670","name":"Koudiak"},{"id":"874573","latitude":"12.43333330","longitude":"-13.51666670","name":"Koumba\u00e8l"},{"id":"874610","latitude":"12.48333330","longitude":"-13.30000000","name":"Koundara"},{"id":"874742","latitude":"12.43333330","longitude":"-13.58333330","name":"Koutan"},{"id":"874746","latitude":"12.43333330","longitude":"-13.58333330","name":"Kouttan"},{"id":"874797","latitude":"12.35000000","longitude":"-13.46666670","name":"Laboband\u00e9"},{"id":"874814","latitude":"12.11666670","longitude":"-13.06666670","name":"Lamama"},{"id":"874854","latitude":"12.13333330","longitude":"-12.90000000","name":"Lanpoukenn"},{"id":"874866","latitude":"12.36666670","longitude":"-13.33333330","name":"Lariba"},{"id":"874914","latitude":"12.38333330","longitude":"-13.36666670","name":"Lengu\u00e9r\u00e9"},{"id":"874924","latitude":"12.38333330","longitude":"-12.60000000","name":"Lessar\u00e9"},{"id":"874931","latitude":"12.13333330","longitude":"-12.96666670","name":"L\u00e8ye Kafou"},{"id":"874961","latitude":"12.35000000","longitude":"-13.48333330","name":"Linnk\u00e9r\u00e9"},{"id":"874991","latitude":"12.46666670","longitude":"-13.26666670","name":"Loni"},{"id":"875003","latitude":"12.30000000","longitude":"-12.96666670","name":"Loudal"},{"id":"875010","latitude":"12.20000000","longitude":"-12.95000000","name":"Lougol"},{"id":"875013","latitude":"12.48333330","longitude":"-13.36666670","name":"Lougu\u00e9r\u00e9-K\u00e9r\u00e9"},{"id":"875036","latitude":"12.45000000","longitude":"-13.50000000","name":"Madina Badiar"},{"id":"875063","latitude":"12.41666670","longitude":"-13.60000000","name":"Madioumbo"},{"id":"875125","latitude":"12.38333330","longitude":"-12.88333330","name":"Malil\u00e8ne"},{"id":"875296","latitude":"12.43333330","longitude":"-13.46666670","name":"Maro"},{"id":"875297","latitude":"12.38333330","longitude":"-13.33333330","name":"Marou\u00ef"},{"id":"875298","latitude":"12.43333330","longitude":"-13.46666670","name":"Marou"},{"id":"875332","latitude":"12.25000000","longitude":"-13.03333330","name":"Mavoisine"},{"id":"875336","latitude":"12.50000000","longitude":"-13.15000000","name":"Mbass\u00e9n\u00e9"},{"id":"875428","latitude":"12.61666670","longitude":"-13.68333330","name":"Missira"},{"id":"875453","latitude":"12.53333330","longitude":"-13.13333330","name":"Momone"},{"id":"875530","latitude":"12.53333330","longitude":"-13.36666670","name":"Mortordji"},{"id":"875561","latitude":"12.51666670","longitude":"-13.11666670","name":"Mpakolo"},{"id":"875571","latitude":"12.28333330","longitude":"-12.75000000","name":"Nadi\u00e9ban\u00e9"},{"id":"875590","latitude":"12.43333330","longitude":"-12.86666670","name":"Naja"},{"id":"875598","latitude":"12.41666670","longitude":"-12.81666670","name":"Nandoumba Dongol"},{"id":"875599","latitude":"12.41666670","longitude":"-12.81666670","name":"Nandounba"},{"id":"875601","latitude":"12.35000000","longitude":"-12.63333330","name":"Nangagni"},{"id":"875610","latitude":"12.55000000","longitude":"-13.58333330","name":"Nap\u00e9\u00e8l"},{"id":"875613","latitude":"12.43333330","longitude":"-13.46666670","name":"Naro"},{"id":"875614","latitude":"12.35000000","longitude":"-12.93333330","name":"Nassa"},{"id":"875628","latitude":"12.38333330","longitude":"-12.91666670","name":"N\u00e9biss"},{"id":"875632","latitude":"12.51666670","longitude":"-12.91666670","name":"N\u00e9gar\u00e9"},{"id":"875634","latitude":"12.48333330","longitude":"-13.46666670","name":"N\u00e9mataba"},{"id":"875647","latitude":"12.20000000","longitude":"-12.83333330","name":"N\u00e9t\u00e9r\u00e9"},{"id":"875709","latitude":"12.40000000","longitude":"-12.80000000","name":"Niangaya"},{"id":"875714","latitude":"12.35000000","longitude":"-13.51666670","name":"Nianougou"},{"id":"875775","latitude":"12.36666670","longitude":"-12.76666670","name":"Niogola"},{"id":"875891","latitude":"12.35000000","longitude":"-13.28333330","name":"Or\u00e9 Korass\u00e9"},{"id":"875905","latitude":"12.31666670","longitude":"-13.51666670","name":"Or\u00e9venndou"},{"id":"875918","latitude":"12.46666670","longitude":"-13.38333330","name":"Ouadiatoulaye"},{"id":"875923","latitude":"12.56666670","longitude":"-13.46666670","name":"Ouakan"},{"id":"875935","latitude":"12.55000000","longitude":"-13.10000000","name":"Ouambou"},{"id":"875973","latitude":"12.63333330","longitude":"-13.40000000","name":"Oudaba"},{"id":"875974","latitude":"12.56666670","longitude":"-13.53333330","name":"Oudaha"},{"id":"875975","latitude":"12.56666670","longitude":"-13.53333330","name":"Oudaya"},{"id":"875989","latitude":"12.21666670","longitude":"-12.93333330","name":"Ou\u00e9niani"},{"id":"876007","latitude":"12.50000000","longitude":"-13.10000000","name":"Ouk\u00e9gu\u00e9"},{"id":"876012","latitude":"12.41666670","longitude":"-13.46666670","name":"Oulandji"},{"id":"876038","latitude":"12.50000000","longitude":"-13.10000000","name":"Oundagne"},{"id":"876043","latitude":"12.46666670","longitude":"-13.10000000","name":"Oungwariel"},{"id":"876072","latitude":"12.51666670","longitude":"-13.10000000","name":"Ourakar\u00e9"},{"id":"876073","latitude":"12.58333330","longitude":"-13.11666670","name":"Ourak"},{"id":"876113","latitude":"12.53333330","longitude":"-13.10000000","name":"Ourouss"},{"id":"876124","latitude":"12.48333330","longitude":"-13.10000000","name":"Outirak"},{"id":"876127","latitude":"12.56666670","longitude":"-13.11666670","name":"Ouyane"},{"id":"876138","latitude":"12.46666670","longitude":"-13.10000000","name":"Ouzik"},{"id":"876140","latitude":"12.50000000","longitude":"-13.08333330","name":"Ouzou"},{"id":"876151","latitude":"12.51666670","longitude":"-13.60000000","name":"Pakaye"},{"id":"876167","latitude":"12.43333330","longitude":"-13.45000000","name":"Panoumpou"},{"id":"876171","latitude":"12.48333330","longitude":"-13.46666670","name":"Paoumka"},{"id":"876176","latitude":"12.40000000","longitude":"-12.91666670","name":"Parakanta"},{"id":"876184","latitude":"12.31666670","longitude":"-12.68333330","name":"Parawol"},{"id":"876242","latitude":"12.41666670","longitude":"-12.88333330","name":"Pogon"},{"id":"876263","latitude":"12.25000000","longitude":"-12.91666670","name":"Pouniar"},{"id":"876312","latitude":"12.41666670","longitude":"-12.75000000","name":"Sab\u00e9r\u00e9 Kassinian"},{"id":"876329","latitude":"12.53333330","longitude":"-13.13333330","name":"Sadi\u00e8ye"},{"id":"876416","latitude":"12.58333330","longitude":"-13.36666670","name":"Samba\u00eflo"},{"id":"876422","latitude":"12.50000000","longitude":"-13.36666670","name":"Sambald\u00e9 Bo\u00efni"},{"id":"876423","latitude":"12.50000000","longitude":"-13.36666670","name":"Sambald\u00e9"},{"id":"876438","latitude":"12.58333330","longitude":"-13.36666670","name":"Sambe\u00eflo"},{"id":"876482","latitude":"12.28333330","longitude":"-12.95000000","name":"Sandia"},{"id":"876524","latitude":"12.36666670","longitude":"-12.85000000","name":"Sangu\u00e9tank"},{"id":"876539","latitude":"12.38333330","longitude":"-13.55000000","name":"Sanka"},{"id":"876613","latitude":"12.41666670","longitude":"-13.43333330","name":"Sar\u00e9 Abdoulaye"},{"id":"876614","latitude":"12.46666670","longitude":"-13.35000000","name":"Sar\u00e9 Aladji Tierno"},{"id":"876615","latitude":"12.36666670","longitude":"-13.41666670","name":"Sar\u00e9 Alk\u00e8n\u00e9"},{"id":"876616","latitude":"12.35000000","longitude":"-13.63333330","name":"Sar\u00e9 Almidou"},{"id":"876617","latitude":"12.36666670","longitude":"-13.45000000","name":"Sar\u00e9 Ambori"},{"id":"876621","latitude":"12.35000000","longitude":"-13.55000000","name":"Sar\u00e9 Bessoro"},{"id":"876622","latitude":"12.40000000","longitude":"-13.53333330","name":"Sar\u00e9bodio"},{"id":"876623","latitude":"12.35000000","longitude":"-13.33333330","name":"Sar\u00e9 Bourem"},{"id":"876626","latitude":"12.33333330","longitude":"-13.31666670","name":"Sar\u00e9 Djimi"},{"id":"876627","latitude":"12.35000000","longitude":"-13.51666670","name":"Sar\u00e9 Dounia Sambassara"},{"id":"876628","latitude":"12.36666670","longitude":"-13.53333330","name":"Sar\u00e9 Dounia"},{"id":"876632","latitude":"12.45000000","longitude":"-13.46666670","name":"Sar\u00e9 Gu\u00e9lado"},{"id":"876633","latitude":"12.43333330","longitude":"-13.58333330","name":"Sar\u00e9 Guido"},{"id":"876634","latitude":"12.41666670","longitude":"-13.58333330","name":"Sar\u00e9 Hogo"},{"id":"876635","latitude":"12.33333330","longitude":"-13.60000000","name":"Sar\u00e9 Kalina Hound\u00e9"},{"id":"876637","latitude":"12.33333330","longitude":"-13.51666670","name":"Sar\u00e9 K\u00e9b\u00e9"},{"id":"876638","latitude":"12.46666670","longitude":"-13.50000000","name":"Sar\u00e9 Kolia"},{"id":"876640","latitude":"12.35000000","longitude":"-13.63333330","name":"Sar\u00e9 Modi"},{"id":"876641","latitude":"12.53333330","longitude":"-13.61666670","name":"Sar\u00e9 Oupa"},{"id":"876642","latitude":"12.36666670","longitude":"-13.33333330","name":"Sar\u00e9 Pat\u00e9"},{"id":"876647","latitude":"12.36666670","longitude":"-13.56666670","name":"Sar\u00e9 Tehikam"},{"id":"876648","latitude":"12.38333330","longitude":"-13.33333330","name":"Sar\u00e9 Toboye"},{"id":"876716","latitude":"12.36666670","longitude":"-13.45000000","name":"S\u00e9l\u00e9a"},{"id":"876751","latitude":"12.53333330","longitude":"-13.61666670","name":"S\u00e9p\u00e9"},{"id":"876848","latitude":"12.45000000","longitude":"-13.53333330","name":"Simbon Roud\u00e9"},{"id":"876851","latitude":"12.35000000","longitude":"-13.46666670","name":"Simd\u00e9"},{"id":"876894","latitude":"12.40000000","longitude":"-13.36666670","name":"Sinntian Baroudi"},{"id":"876895","latitude":"12.53333330","longitude":"-13.63333330","name":"Sinntian Bra\u00efma"},{"id":"876896","latitude":"12.33333330","longitude":"-13.35000000","name":"Sinntian Diaye"},{"id":"876897","latitude":"12.60000000","longitude":"-13.66666670","name":"Sinntian Foulamansa"},{"id":"876898","latitude":"12.46666670","longitude":"-13.50000000","name":"Sinntian Kap\u00e9li"},{"id":"876899","latitude":"12.51666670","longitude":"-13.61666670","name":"Sinntian Maound\u00e9"},{"id":"876901","latitude":"12.45000000","longitude":"-13.51666670","name":"Sinntian S\u00e9ni"},{"id":"876904","latitude":"12.46666670","longitude":"-13.51666670","name":"Sinntiou Lengu\u00e9r\u00e9"},{"id":"876905","latitude":"12.60000000","longitude":"-13.45000000","name":"Sinntiou Marian\u00e9"},{"id":"876906","latitude":"12.53333330","longitude":"-13.33333330","name":"Sinntiou Rou"},{"id":"876912","latitude":"12.40000000","longitude":"-13.36666670","name":"Sinti\u00e2n Baroudi"},{"id":"876913","latitude":"12.53333330","longitude":"-13.63333330","name":"Sinti\u00e2n Bra\u00efma"},{"id":"876914","latitude":"12.33333330","longitude":"-13.35000000","name":"Sinti\u00e2n Diaye"},{"id":"876915","latitude":"12.60000000","longitude":"-13.66666670","name":"Sinti\u00e2n Foulamansa"},{"id":"876916","latitude":"12.46666670","longitude":"-13.50000000","name":"Sinti\u00e2n Kap\u00e9li"},{"id":"876917","latitude":"12.51666670","longitude":"-13.61666670","name":"Sinti\u00e2n Maound\u00e9"},{"id":"876919","latitude":"12.45000000","longitude":"-13.51666670","name":"Sinti\u00e2n S\u00e9ni"},{"id":"876922","latitude":"12.36666670","longitude":"-12.60000000","name":"Sintiou Bid\u00e9f\u00e9lo"},{"id":"876923","latitude":"12.36666670","longitude":"-12.58333330","name":"Sintiou Boh\u00e9r\u00e9"},{"id":"876926","latitude":"12.46666670","longitude":"-13.51666670","name":"Sintiou Lengu\u00e9r\u00e9"},{"id":"876927","latitude":"12.60000000","longitude":"-13.45000000","name":"Sintiou Marian\u00e9"},{"id":"876929","latitude":"12.53333330","longitude":"-13.33333330","name":"Sintiou Rou"},{"id":"876930","latitude":"12.36666670","longitude":"-12.60000000","name":"Sintiou"},{"id":"876997","latitude":"12.46666670","longitude":"-13.63333330","name":"Sofa"},{"id":"877170","latitude":"12.53333330","longitude":"-13.56666670","name":"Soukoutou Foulb\u00e9"},{"id":"877171","latitude":"12.50000000","longitude":"-13.51666670","name":"Soukoutou S\u00e9b\u00e9"},{"id":"877249","latitude":"12.31666670","longitude":"-13.65000000","name":"Soutoumourou"},{"id":"877266","latitude":"12.41666670","longitude":"-13.25000000","name":"Tabadel"},{"id":"877407","latitude":"12.28333330","longitude":"-12.98333330","name":"Taourou"},{"id":"877429","latitude":"12.48333330","longitude":"-13.10000000","name":"Tatine"},{"id":"877436","latitude":"12.25000000","longitude":"-13.01666670","name":"Tchaoung Ganguini"},{"id":"877437","latitude":"12.10000000","longitude":"-13.08333330","name":"Tchianhou\u00e9"},{"id":"877438","latitude":"12.46666670","longitude":"-13.46666670","name":"Tchikan"},{"id":"877439","latitude":"12.40000000","longitude":"-13.56666670","name":"Tchikitchikamel"},{"id":"877500","latitude":"12.31666670","longitude":"-12.78333330","name":"Termess\u00e9"},{"id":"877515","latitude":"12.31666670","longitude":"-12.98333330","name":"Tiaguissi"},{"id":"877527","latitude":"12.21666670","longitude":"-12.96666670","name":"Tiankounb\u00e9r\u00e9"},{"id":"877541","latitude":"12.33333330","longitude":"-12.96666670","name":"Ti\u00e9k\u00e9r\u00e9"},{"id":"877560","latitude":"12.35000000","longitude":"-13.35000000","name":"Ti\u00e9rno Kali"},{"id":"877575","latitude":"12.26666670","longitude":"-12.90000000","name":"Tilan"},{"id":"877626","latitude":"12.23333330","longitude":"-12.96666670","name":"Tiogon\u00e9"},{"id":"877823","latitude":"12.48333330","longitude":"-13.13333330","name":"U\u00e9ye"},{"id":"877824","latitude":"12.51666670","longitude":"-13.15000000","name":"Unntiti"},{"id":"877825","latitude":"12.58333330","longitude":"-13.11666670","name":"Ussik"},{"id":"877826","latitude":"12.55000000","longitude":"-13.13333330","name":"Uyimp"},{"id":"877845","latitude":"12.21666670","longitude":"-13.00000000","name":"V\u00e9liahinnd\u00e9"},{"id":"877853","latitude":"12.56666670","longitude":"-13.11666670","name":"Veydeyel"},{"id":"877861","latitude":"12.40000000","longitude":"-13.46666670","name":"Voyloub\u00e9"},{"id":"877864","latitude":"12.46666670","longitude":"-12.86666670","name":"Wala"},{"id":"877873","latitude":"12.30000000","longitude":"-12.91666670","name":"Wanga"},{"id":"877920","latitude":"12.53333330","longitude":"-13.33333330","name":"Wourou Ouol"},{"id":"877972","latitude":"12.35000000","longitude":"-12.83333330","name":"Yangouk\u00e9 Saka"},{"id":"877980","latitude":"12.48333330","longitude":"-12.91666670","name":"Yangui Foula"},{"id":"878004","latitude":"12.25000000","longitude":"-12.98333330","name":"Yarao"},{"id":"878106","latitude":"12.48333330","longitude":"-12.83333330","name":"Yobin\u00e9"},{"id":"878137","latitude":"12.53333330","longitude":"-13.13333330","name":"Youkounkoun"},{"id":"878145","latitude":"12.48333330","longitude":"-13.13333330","name":"Yp\u00e8ye"},{"id":"878172","latitude":"12.51666670","longitude":"-12.91666670","name":"Zitoun"}]