[{"id":"112586","latitude":"48.16666670","longitude":"16.48333330","name":"Albern"},{"id":"112710","latitude":"48.13333330","longitude":"16.31666670","name":"Alterlaa"},{"id":"112973","latitude":"48.21805560","longitude":"16.48305560","name":"Aspern an der Donau"},{"id":"112974","latitude":"48.21805560","longitude":"16.48305560","name":"Aspern"},{"id":"113002","latitude":"48.15000000","longitude":"16.30000000","name":"Atzgersdorf"},{"id":"113057","latitude":"48.20000000","longitude":"16.23333330","name":"Auhof"},{"id":"113263","latitude":"48.20000000","longitude":"16.36666670","name":"B\u00e9cs"},{"id":"113271","latitude":"48.25000000","longitude":"16.31666670","name":"Bellevue"},{"id":"113558","latitude":"48.25000000","longitude":"16.50000000","name":"Breitenlee"},{"id":"113973","latitude":"48.25000000","longitude":"16.41666670","name":"Donaufeld"},{"id":"114035","latitude":"48.23333330","longitude":"16.30000000","name":"Dornbach"},{"id":"114234","latitude":"48.21666670","longitude":"16.23333330","name":"Edensiedlung"},{"id":"114544","latitude":"48.13333330","longitude":"16.31666670","name":"Erlaa bei Wien"},{"id":"114546","latitude":"48.13333330","longitude":"16.31666670","name":"Erlaa"},{"id":"114587","latitude":"48.20000000","longitude":"16.51666670","name":"Essling"},{"id":"114643","latitude":"48.31666670","longitude":"16.40000000","name":"Falkenberg"},{"id":"114866","latitude":"48.25000000","longitude":"16.40000000","name":"Floridsdorf"},{"id":"114990","latitude":"48.18638890","longitude":"16.44527780","name":"Freudenau"},{"id":"115012","latitude":"48.16666670","longitude":"16.26666670","name":"Friedensstadt"},{"id":"115085","latitude":"48.18333330","longitude":"16.33333330","name":"F\u00fcnfhaus"},{"id":"115356","latitude":"48.23333330","longitude":"16.31666670","name":"Gersthof"},{"id":"115813","latitude":"48.25000000","longitude":"16.33333330","name":"Grinzing"},{"id":"115865","latitude":"48.20166670","longitude":"16.47055560","name":"Gro\u00dfer Biberhaufen"},{"id":"115872","latitude":"48.26666670","longitude":"16.45000000","name":"Gro\u00dffeldsiedlung"},{"id":"115911","latitude":"48.26666670","longitude":"16.43305560","name":"Gro\u00df-Jedlersdorf"},{"id":"116259","latitude":"48.20000000","longitude":"16.25000000","name":"Hacking"},{"id":"116273","latitude":"48.21666670","longitude":"16.23333330","name":"Hadersdorf"},{"id":"116623","latitude":"48.25000000","longitude":"16.36666670","name":"Heiligenstadt"},{"id":"116686","latitude":"48.23333330","longitude":"16.26666670","name":"Hernals"},{"id":"116703","latitude":"48.16666670","longitude":"16.30000000","name":"Hetzendorf"},{"id":"116725","latitude":"48.18333330","longitude":"16.28333330","name":"Hietzing"},{"id":"116776","latitude":"48.23333330","longitude":"16.20000000","name":"Hinterhainbach"},{"id":"116863","latitude":"48.23333330","longitude":"16.46666670","name":"Hirschstetten"},{"id":"117163","latitude":"48.16694440","longitude":"16.44888890","name":"H\u00f6rten"},{"id":"117224","latitude":"48.20000000","longitude":"16.26666670","name":"H\u00fctteldorf"},{"id":"117265","latitude":"48.16527780","longitude":"16.45916670","name":"Im Gr\u00f6ret"},{"id":"117300","latitude":"48.21666670","longitude":"16.36666670","name":"Inner City"},{"id":"117310","latitude":"48.21666670","longitude":"16.36666670","name":"Innere Stadt"},{"id":"117356","latitude":"48.26666670","longitude":"16.53333330","name":"Invalidensiedlung"},{"id":"117362","latitude":"48.15027780","longitude":"16.34722220","name":"Inzersdorf bei Wien"},{"id":"117366","latitude":"48.15027780","longitude":"16.34722220","name":"Inzersdorf"},{"id":"117403","latitude":"48.21666670","longitude":"16.25000000","name":"J\u00e4gerwaldsiedlung"},{"id":"117437","latitude":"48.26666670","longitude":"16.40000000","name":"Jedlesee"},{"id":"117476","latitude":"48.26666670","longitude":"16.35000000","name":"Josefsdorf"},{"id":"117507","latitude":"48.25000000","longitude":"16.41666670","name":"Kagran"},{"id":"117508","latitude":"48.26666670","longitude":"16.35000000","name":"Kahlenbergerdorf"},{"id":"117528","latitude":"48.15833330","longitude":"16.47416670","name":"Kaiserebersdorf"},{"id":"117531","latitude":"48.22611110","longitude":"16.42500000","name":"Kaiserm\u00fchlen"},{"id":"117555","latitude":"48.13333330","longitude":"16.25000000","name":"Kalksburg"},{"id":"118273","latitude":"48.21666670","longitude":"16.26666670","name":"Kordonsiedlung"},{"id":"118663","latitude":"48.18333330","longitude":"16.28333330","name":"Lainz"},{"id":"118960","latitude":"48.26666670","longitude":"16.45000000","name":"Leopoldau"},{"id":"119059","latitude":"48.15000000","longitude":"16.30000000","name":"Liesing"},{"id":"119428","latitude":"48.20000000","longitude":"16.25000000","name":"Mariabrunn"},{"id":"119550","latitude":"48.15000000","longitude":"16.26666670","name":"Mauer bei Wien"},{"id":"119555","latitude":"48.15000000","longitude":"16.26666670","name":"Mauer"},{"id":"119617","latitude":"48.16666670","longitude":"16.33333330","name":"Meidling"},{"id":"120032","latitude":"48.20000000","longitude":"16.20000000","name":"M\u00fchlberg"},{"id":"120211","latitude":"48.16722220","longitude":"16.47861110","name":"Neu-Albern"},{"id":"120249","latitude":"48.13333330","longitude":"16.31666670","name":"Neuerlaa"},{"id":"120251","latitude":"48.25000000","longitude":"16.53333330","name":"Neue\u00dfling"},{"id":"120285","latitude":"48.23861110","longitude":"16.45138890","name":"Neukagran"},{"id":"120371","latitude":"48.25000000","longitude":"16.30000000","name":"Neustift am Walde"},{"id":"120387","latitude":"48.25000000","longitude":"16.30000000","name":"Neustift"},{"id":"120388","latitude":"48.28305560","longitude":"16.48305560","name":"Neus\u00fc\u00dfenbrunn"},{"id":"120393","latitude":"48.23333330","longitude":"16.28333330","name":"Neuwaldegg"},{"id":"120547","latitude":"48.28333330","longitude":"16.45000000","name":"Nordrandsiedlung"},{"id":"120582","latitude":"48.25000000","longitude":"16.36666670","name":"Nussdorf"},{"id":"120585","latitude":"48.25000000","longitude":"16.36666670","name":"Nuszdorf"},{"id":"120905","latitude":"48.13333330","longitude":"16.40000000","name":"Oberlaa"},{"id":"120942","latitude":"48.28333330","longitude":"16.45000000","name":"Oberlisse"},{"id":"121110","latitude":"48.18333330","longitude":"16.26666670","name":"Ober-Sankt-Veit"},{"id":"121139","latitude":"48.25000000","longitude":"16.31666670","name":"Obersievering"},{"id":"121408","latitude":"48.21666670","longitude":"16.30000000","name":"Ottakring"},{"id":"121526","latitude":"48.26666670","longitude":"16.50000000","name":"Paxsiedlung"},{"id":"122025","latitude":"48.23333330","longitude":"16.30000000","name":"P\u00f6tzleinsdorf"},{"id":"122058","latitude":"48.19944440","longitude":"16.43111110","name":"Prater"},{"id":"122815","latitude":"48.13333330","longitude":"16.26666670","name":"Rodaun"},{"id":"122968","latitude":"48.13333330","longitude":"16.40000000","name":"Rothneusiedl"},{"id":"123115","latitude":"48.25000000","longitude":"16.30000000","name":"Salmannsdorf"},{"id":"123671","latitude":"47.29361110","longitude":"10.03750000","name":"Schalzbach"},{"id":"123672","latitude":"47.29361110","longitude":"10.03750000","name":"Schalzbachvors\u00e4\u00df"},{"id":"123966","latitude":"48.25000000","longitude":"16.55000000","name":"Sch\u00f6pfleithnersiedlung"},{"id":"124096","latitude":"48.28333330","longitude":"16.38333330","name":"Schwarzlackenau"},{"id":"124318","latitude":"48.25000000","longitude":"16.33333330","name":"Sievering"},{"id":"124352","latitude":"48.17472220","longitude":"16.44416670","name":"Simmeringer Heide"},{"id":"124353","latitude":"48.18333330","longitude":"16.43333330","name":"Simmering"},{"id":"124464","latitude":"48.16666670","longitude":"16.26666670","name":"Speising"},{"id":"124518","latitude":"48.23333330","longitude":"16.45000000","name":"Stadlau"},{"id":"124532","latitude":"48.25000000","longitude":"16.48333330","name":"Stadtrandsiedlung"},{"id":"124557","latitude":"48.30000000","longitude":"16.40000000","name":"Stamersdorf"},{"id":"124562","latitude":"48.30000000","longitude":"16.40000000","name":"Stammersdorf"},{"id":"124644","latitude":"48.25000000","longitude":"16.20000000","name":"Steinbach"},{"id":"124885","latitude":"48.30000000","longitude":"16.38333330","name":"Strebersdorf"},{"id":"124995","latitude":"48.26666670","longitude":"16.50000000","name":"S\u00fc\u00dfenbrunn"},{"id":"125733","latitude":"48.13333330","longitude":"16.41666670","name":"Unterlaa"},{"id":"125786","latitude":"48.23333330","longitude":"16.20000000","name":"Untermauerbach"},{"id":"125894","latitude":"48.18333330","longitude":"16.28333330","name":"Unter-Sankt-Veit"},{"id":"125915","latitude":"48.25000000","longitude":"16.31666670","name":"Untersievering"},{"id":"126090","latitude":"48.20000000","longitude":"16.36666670","name":"Viden"},{"id":"126109","latitude":"48.20000000","longitude":"16.36666670","name":"Vienna"},{"id":"126110","latitude":"48.20000000","longitude":"16.36666670","name":"Vienne"},{"id":"126124","latitude":"48.20000000","longitude":"16.36666670","name":"Vindobna"},{"id":"126125","latitude":"48.20000000","longitude":"16.36666670","name":"Vindobona"},{"id":"126195","latitude":"48.23333330","longitude":"16.20000000","name":"Vorderhainbach"},{"id":"126517","latitude":"48.20000000","longitude":"16.21666670","name":"Weidlingau"},{"id":"126774","latitude":"48.23333330","longitude":"16.31666670","name":"Wien-Gersthof"},{"id":"126778","latitude":"48.20000000","longitude":"16.36666670","name":"Wien"},{"id":"127000","latitude":"46.96666670","longitude":"14.78333330","name":"Wisperndorf"},{"id":"127054","latitude":"48.31666670","longitude":"16.40000000","name":"Wolfsbergen-Siedlung"}]