[{"id":"870443","latitude":"10.25000000","longitude":"-9.18333330","name":"Ankoro"},{"id":"870501","latitude":"10.03333330","longitude":"-9.45000000","name":"Baf\u00e9l\u00e9"},{"id":"870559","latitude":"10.70000000","longitude":"-9.25000000","name":"Bakongo"},{"id":"870560","latitude":"10.70000000","longitude":"-9.25000000","name":"Bakongokoura"},{"id":"870569","latitude":"10.46666670","longitude":"-8.35000000","name":"Bakouna"},{"id":"870580","latitude":"9.66666670","longitude":"-8.78333330","name":"Baladougou"},{"id":"870590","latitude":"9.50000000","longitude":"-9.45000000","name":"Balakoya"},{"id":"870603","latitude":"10.00000000","longitude":"-8.83333330","name":"Balandougou"},{"id":"870717","latitude":"9.83333330","longitude":"-9.48333330","name":"Banank\u00e9"},{"id":"870718","latitude":"9.86666670","longitude":"-9.03333330","name":"Bananko"},{"id":"870723","latitude":"9.66666670","longitude":"-9.53333330","name":"Banankoro"},{"id":"870736","latitude":"10.00000000","longitude":"-8.96666670","name":"Banbaradougou"},{"id":"870764","latitude":"10.60000000","longitude":"-9.66666670","name":"Bando"},{"id":"870806","latitude":"10.01666670","longitude":"-9.53333330","name":"Banko"},{"id":"870810","latitude":"10.01666670","longitude":"-9.53333330","name":"Banko Carl"},{"id":"870865","latitude":"10.13333330","longitude":"-8.76666670","name":"Baramana"},{"id":"870866","latitude":"10.13333330","longitude":"-8.76666670","name":"Baranama"},{"id":"870868","latitude":"10.53333330","longitude":"-9.70000000","name":"Baranson"},{"id":"870879","latitude":"10.61666670","longitude":"-9.70000000","name":"Baro"},{"id":"871009","latitude":"10.88333330","longitude":"-8.30000000","name":"Bereko"},{"id":"871012","latitude":"9.71666670","longitude":"-9.80000000","name":"B\u00e9r\u00e9kou"},{"id":"871098","latitude":"9.53333330","longitude":"-9.46666670","name":"Biss\u00e9lia"},{"id":"871099","latitude":"9.53333330","longitude":"-9.46666670","name":"Bisselya"},{"id":"871155","latitude":"9.76666670","longitude":"-9.06666670","name":"Bohodou"},{"id":"871212","latitude":"9.83333330","longitude":"-8.11666670","name":"Bolorosso"},{"id":"871253","latitude":"10.46666670","longitude":"-9.20000000","name":"Bonko"},{"id":"871273","latitude":"10.20000000","longitude":"-9.90000000","name":"Bor\u00e9finian"},{"id":"871274","latitude":"10.15000000","longitude":"-9.28333330","name":"Boria"},{"id":"871278","latitude":"10.20000000","longitude":"-9.90000000","name":"Borifiman"},{"id":"871279","latitude":"10.20000000","longitude":"-9.90000000","name":"Borifinian"},{"id":"871289","latitude":"10.20000000","longitude":"-9.26666670","name":"Borofinian"},{"id":"871294","latitude":"9.93333330","longitude":"-9.60000000","name":"Borokoro"},{"id":"871297","latitude":"10.08333330","longitude":"-8.93333330","name":"Borombala"},{"id":"871352","latitude":"10.28333330","longitude":"-8.15000000","name":"Bougoula"},{"id":"871385","latitude":"9.76666670","longitude":"-8.95000000","name":"Bouloubadougou"},{"id":"871461","latitude":"10.36666670","longitude":"-9.55000000","name":"Branama"},{"id":"871530","latitude":"9.53333330","longitude":"-9.56666670","name":"Dabadou"},{"id":"871532","latitude":"10.31666670","longitude":"-9.28333330","name":"Dabadougou"},{"id":"871533","latitude":"10.06666670","longitude":"-8.66666670","name":"Dabala"},{"id":"871538","latitude":"10.38333330","longitude":"-8.73333330","name":"Dabidiana"},{"id":"871549","latitude":"10.11666670","longitude":"-8.83333330","name":"Dadiounou"},{"id":"871553","latitude":"10.48333330","longitude":"-8.73333330","name":"Dafra"},{"id":"871584","latitude":"10.16666670","longitude":"-9.38333330","name":"Dalaba"},{"id":"871587","latitude":"10.46666670","longitude":"-9.45000000","name":"Dalabani"},{"id":"871596","latitude":"10.06666670","longitude":"-8.66666670","name":"Dalala"},{"id":"871602","latitude":"9.81666670","longitude":"-9.31666670","name":"Dalananian"},{"id":"871603","latitude":"9.81666670","longitude":"-9.31666670","name":"Dalanarian"},{"id":"871604","latitude":"9.81666670","longitude":"-9.31666670","name":"Dalanian"},{"id":"871622","latitude":"9.45000000","longitude":"-9.35000000","name":"Damandou"},{"id":"871650","latitude":"10.90000000","longitude":"-8.38333330","name":"Dand\u00e9la"},{"id":"871757","latitude":"9.53333330","longitude":"-9.80000000","name":"D\u00e9l\u00e9dougou"},{"id":"871782","latitude":"10.96666670","longitude":"-8.38333330","name":"Denso"},{"id":"871799","latitude":"10.01666670","longitude":"-8.13333330","name":"Diabaseridou"},{"id":"871822","latitude":"9.71666670","longitude":"-9.51666670","name":"Dialadougou"},{"id":"871839","latitude":"10.33333330","longitude":"-8.96666670","name":"Dialloni"},{"id":"871849","latitude":"10.13333330","longitude":"-9.03333330","name":"Diamona"},{"id":"871859","latitude":"10.46666670","longitude":"-9.23333330","name":"Diankana"},{"id":"871860","latitude":"9.48333330","longitude":"-9.36666670","name":"Diankoya"},{"id":"871863","latitude":"10.50000000","longitude":"-9.20000000","name":"Diansoumana"},{"id":"871870","latitude":"9.51666670","longitude":"-9.40000000","name":"Diarabadou"},{"id":"871871","latitude":"9.51666670","longitude":"-9.40000000","name":"Diarabadougou"},{"id":"871875","latitude":"9.50000000","longitude":"-8.98333330","name":"Diaradougou"},{"id":"871888","latitude":"10.65000000","longitude":"-8.51666670","name":"Diarakourou"},{"id":"871902","latitude":"10.71666670","longitude":"-8.65000000","name":"Diassa"},{"id":"871905","latitude":"9.46666670","longitude":"-8.90000000","name":"Diassakouna"},{"id":"871950","latitude":"10.91666670","longitude":"-8.36666670","name":"Dielimala"},{"id":"871953","latitude":"10.20000000","longitude":"-9.13333330","name":"Di\u00e9n\u00e9 Mar\u00e9na"},{"id":"871956","latitude":"9.51666670","longitude":"-9.40000000","name":"Di\u00e9rabadougou"},{"id":"872014","latitude":"9.45000000","longitude":"-9.51666670","name":"Diomandou"},{"id":"872068","latitude":"10.40000000","longitude":"-8.98333330","name":"Djimbala"},{"id":"872073","latitude":"10.23333330","longitude":"-7.98333330","name":"Djoboko"},{"id":"872074","latitude":"10.20000000","longitude":"-8.46666670","name":"Djodjin I"},{"id":"872075","latitude":"10.21666670","longitude":"-8.43333330","name":"Djodjin II"},{"id":"872113","latitude":"10.90000000","longitude":"-8.38333330","name":"Dondara"},{"id":"872147","latitude":"10.36666670","longitude":"-9.38333330","name":"Dossari"},{"id":"872148","latitude":"10.36666670","longitude":"-9.38333330","name":"Dossary"},{"id":"872180","latitude":"10.16666670","longitude":"-8.98333330","name":"Dougna"},{"id":"872221","latitude":"10.30000000","longitude":"-9.15000000","name":"Doumbaoulia"},{"id":"872265","latitude":"9.50000000","longitude":"-9.66666670","name":"Doussoukoya"},{"id":"872266","latitude":"10.76666670","longitude":"-9.33333330","name":"Doutila"},{"id":"872296","latitude":"9.73333330","longitude":"-9.08333330","name":"Fabala"},{"id":"872307","latitude":"10.40000000","longitude":"-9.36666670","name":"Fadou"},{"id":"872312","latitude":"10.40000000","longitude":"-9.36666670","name":"Fadougou"},{"id":"872322","latitude":"9.46666670","longitude":"-9.80000000","name":"Fafiro\u00efa"},{"id":"872324","latitude":"9.75000000","longitude":"-8.68333330","name":"Fak\u00e9ssadougou"},{"id":"872325","latitude":"9.61666670","longitude":"-9.15000000","name":"Fakolak\u00e9baya"},{"id":"872326","latitude":"9.61666670","longitude":"-9.15000000","name":"Fakol\u00e9\u00efa"},{"id":"872327","latitude":"9.51666670","longitude":"-9.20000000","name":"Fakonan"},{"id":"872338","latitude":"10.73333330","longitude":"-8.63333330","name":"Falama"},{"id":"872362","latitude":"9.96666670","longitude":"-9.63333330","name":"Famanian"},{"id":"872364","latitude":"9.96666670","longitude":"-9.63333330","name":"Famaninian"},{"id":"872400","latitude":"9.51666670","longitude":"-9.20000000","name":"Fankonan"},{"id":"872401","latitude":"9.55000000","longitude":"-9.16666670","name":"Fankono"},{"id":"872408","latitude":"10.61666670","longitude":"-9.61666670","name":"Fansan"},{"id":"872415","latitude":"10.53333330","longitude":"-8.38333330","name":"Faraba"},{"id":"872420","latitude":"9.51666670","longitude":"-9.28333330","name":"Farabana"},{"id":"872428","latitude":"10.95000000","longitude":"-8.36666670","name":"Faradian"},{"id":"872440","latitude":"10.13333330","longitude":"-9.21666670","name":"Farako"},{"id":"872448","latitude":"9.88333330","longitude":"-8.55000000","name":"Farala"},{"id":"872449","latitude":"10.66666670","longitude":"-8.70000000","name":"Faralako"},{"id":"872454","latitude":"9.66666670","longitude":"-8.88333330","name":"Faranbadougou"},{"id":"872460","latitude":"9.61666670","longitude":"-9.03333330","name":"Farandou"},{"id":"872462","latitude":"9.65000000","longitude":"-8.90000000","name":"Faranfina"},{"id":"872469","latitude":"9.43333330","longitude":"-8.68333330","name":"Farano"},{"id":"872495","latitude":"9.46666670","longitude":"-9.80000000","name":"Fariraya"},{"id":"872515","latitude":"9.56666670","longitude":"-9.55000000","name":"Fass\u00e9lia"},{"id":"872536","latitude":"9.61666670","longitude":"-9.28333330","name":"F\u00e9d\u00e9dougou"},{"id":"872577","latitude":"9.61666670","longitude":"-9.28333330","name":"F\u00e9r\u00e9dou"},{"id":"872582","latitude":"9.68333330","longitude":"-9.63333330","name":"F\u00e9r\u00e9mamoria"},{"id":"872633","latitude":"9.58333330","longitude":"-9.68333330","name":"Fissankoro"},{"id":"872643","latitude":"10.85000000","longitude":"-9.21666670","name":"Fod\u00e9caria"},{"id":"872644","latitude":"10.85000000","longitude":"-9.21666670","name":"Fod\u00e9cariah"},{"id":"872648","latitude":"10.85000000","longitude":"-9.21666670","name":"Fod\u00e9karia"},{"id":"872658","latitude":"9.88333330","longitude":"-9.31666670","name":"Fofanaro"},{"id":"872683","latitude":"10.51666670","longitude":"-9.70000000","name":"Fomi"},{"id":"872726","latitude":"9.43333330","longitude":"-8.68333330","name":"Forono"},{"id":"872737","latitude":"10.16666670","longitude":"-9.66666670","name":"Foua\u00efal\u00e9ra"},{"id":"872750","latitude":"10.16666670","longitude":"-9.66666670","name":"Fougalaya"},{"id":"872751","latitude":"10.16666670","longitude":"-9.66666670","name":"Fougaloya"},{"id":"872775","latitude":"9.51666670","longitude":"-9.20000000","name":"Fouloun\u00e9"},{"id":"872776","latitude":"9.51666670","longitude":"-9.20000000","name":"Foulouni"},{"id":"872784","latitude":"9.71666670","longitude":"-9.78333330","name":"Founkoura"},{"id":"872806","latitude":"10.86666670","longitude":"-9.25000000","name":"Franinkou"},{"id":"872855","latitude":"10.08333330","longitude":"-9.30000000","name":"Ganankoura"},{"id":"872892","latitude":"9.81666670","longitude":"-9.53333330","name":"Gbalako"},{"id":"872924","latitude":"9.71666670","longitude":"-9.80000000","name":"Gb\u00e9r\u00e9koro"},{"id":"872934","latitude":"10.81666670","longitude":"-8.51666670","name":"Gbonko"},{"id":"872937","latitude":"9.93333330","longitude":"-9.60000000","name":"Gborokoro"},{"id":"872950","latitude":"10.08333330","longitude":"-9.30000000","name":"Gnanankoura"},{"id":"873002","latitude":"10.05000000","longitude":"-9.13333330","name":"Gotogola"},{"id":"873003","latitude":"10.05000000","longitude":"-9.13333330","name":"Gotohola"},{"id":"873004","latitude":"10.05000000","longitude":"-9.13333330","name":"Gotoliola"},{"id":"873006","latitude":"10.08333330","longitude":"-9.30000000","name":"Gouanankoura"},{"id":"873020","latitude":"10.73333330","longitude":"-9.20000000","name":"Gouenso"},{"id":"873044","latitude":"9.81666670","longitude":"-9.53333330","name":"Goyalako"},{"id":"873055","latitude":"9.81666670","longitude":"-9.53333330","name":"Gualako"},{"id":"873057","latitude":"10.08333330","longitude":"-9.30000000","name":"Guanonkoura"},{"id":"873076","latitude":"10.21666670","longitude":"-8.93333330","name":"Gueliban"},{"id":"873092","latitude":"10.73333330","longitude":"-9.20000000","name":"Guenso"},{"id":"873093","latitude":"10.73333330","longitude":"-9.20000000","name":"Guensou"},{"id":"873096","latitude":"9.48333330","longitude":"-9.08333330","name":"Gu\u00e9r\u00e9dou"},{"id":"873129","latitude":"10.15000000","longitude":"-8.38333330","name":"Guifoua"},{"id":"873144","latitude":"10.40000000","longitude":"-8.98333330","name":"Guimbala"},{"id":"873145","latitude":"10.40000000","longitude":"-8.98333330","name":"Guimbala-Koro"},{"id":"873146","latitude":"10.40000000","longitude":"-8.98333330","name":"Guimbala Koura"},{"id":"873148","latitude":"10.08333330","longitude":"-9.08333330","name":"Guindo"},{"id":"873153","latitude":"10.73333330","longitude":"-9.20000000","name":"Guinso"},{"id":"873155","latitude":"9.46666670","longitude":"-9.21666670","name":"Guiradou"},{"id":"873158","latitude":"10.53333330","longitude":"-9.20000000","name":"Guirilan"},{"id":"873239","latitude":"10.46666670","longitude":"-8.53333330","name":"Ilola"},{"id":"873247","latitude":"9.81666670","longitude":"-9.46666670","name":"Iradougou"},{"id":"873250","latitude":"10.06666670","longitude":"-8.81666670","name":"Iribadougou"},{"id":"873262","latitude":"9.88333330","longitude":"-9.23333330","name":"Kaala"},{"id":"873263","latitude":"10.80000000","longitude":"-9.16666670","name":"Kaan"},{"id":"873313","latitude":"9.53333330","longitude":"-8.80000000","name":"Kafarandougou"},{"id":"873351","latitude":"9.93333330","longitude":"-8.16666670","name":"Kalafilia"},{"id":"873352","latitude":"9.88333330","longitude":"-9.23333330","name":"Kala"},{"id":"873359","latitude":"10.11666670","longitude":"-8.90000000","name":"Kalankalan"},{"id":"873391","latitude":"10.48333330","longitude":"-8.65000000","name":"Kalin-Toumania"},{"id":"873392","latitude":"10.48333330","longitude":"-8.65000000","name":"Kalin Toumanin"},{"id":"873394","latitude":"10.11666670","longitude":"-8.90000000","name":"Kalonkala"},{"id":"873403","latitude":"10.21666670","longitude":"-8.81666670","name":"Kama"},{"id":"873456","latitude":"9.53333330","longitude":"-8.80000000","name":"Kamfarandougou"},{"id":"873458","latitude":"10.43333330","longitude":"-8.48333330","name":"Kamilila"},{"id":"873476","latitude":"9.68333330","longitude":"-9.05000000","name":"Kanadou"},{"id":"873477","latitude":"9.68333330","longitude":"-9.68333330","name":"Ka Nafadi\u00e9"},{"id":"873478","latitude":"9.65000000","longitude":"-9.81666670","name":"Kananbana"},{"id":"873483","latitude":"10.23333330","longitude":"-9.66666670","name":"Kanda\u00efa"},{"id":"873511","latitude":"10.83333330","longitude":"-8.60000000","name":"Kangouela"},{"id":"873518","latitude":"10.40000000","longitude":"-9.53333330","name":"Kanimoussaya"},{"id":"873586","latitude":"10.48333330","longitude":"-8.65000000","name":"Kantoumanina"},{"id":"873616","latitude":"9.66666670","longitude":"-9.53333330","name":"Karala Banankoro"},{"id":"873617","latitude":"9.66666670","longitude":"-9.53333330","name":"Karala"},{"id":"873632","latitude":"10.41666670","longitude":"-9.26666670","name":"Karfa Modila"},{"id":"873633","latitude":"10.41666670","longitude":"-9.26666670","name":"Karfamoria"},{"id":"873634","latitude":"10.41666670","longitude":"-9.26666670","name":"Karfamoro\u00efla"},{"id":"873637","latitude":"10.06666670","longitude":"-8.48333330","name":"Kariandougou"},{"id":"873638","latitude":"9.50000000","longitude":"-9.53333330","name":"Kariaradou"},{"id":"873661","latitude":"10.15000000","longitude":"-9.40000000","name":"Kassa"},{"id":"873672","latitude":"10.43333330","longitude":"-9.20000000","name":"Kass\u00e9"},{"id":"873674","latitude":"9.56666670","longitude":"-8.83333330","name":"Kassiadougou"},{"id":"873682","latitude":"9.46666670","longitude":"-9.40000000","name":"Kassourou"},{"id":"873689","latitude":"10.11666670","longitude":"-8.90000000","name":"Katan-Kalan"},{"id":"873746","latitude":"9.95000000","longitude":"-8.95000000","name":"K\u00e9boud\u00e9na"},{"id":"873748","latitude":"9.95000000","longitude":"-8.95000000","name":"K\u00e9bouloha"},{"id":"873749","latitude":"9.95000000","longitude":"-8.95000000","name":"K\u00e9boulona"},{"id":"873774","latitude":"10.98333330","longitude":"-9.21666670","name":"K\u00e9m\u00e9ro"},{"id":"873800","latitude":"10.56666670","longitude":"-9.20000000","name":"K\u00e9niando"},{"id":"873802","latitude":"10.53333330","longitude":"-8.65000000","name":"K\u00e9nieba"},{"id":"873815","latitude":"10.56666670","longitude":"-9.20000000","name":"K\u00e9niendo"},{"id":"873822","latitude":"10.98333330","longitude":"-9.21666670","name":"K\u00e9ni\u00e9ro"},{"id":"873869","latitude":"9.98333330","longitude":"-8.43333330","name":"Kessona"},{"id":"873910","latitude":"10.76666670","longitude":"-8.46666670","name":"Kimbakouna"},{"id":"873925","latitude":"9.65000000","longitude":"-9.75000000","name":"Kiniako"},{"id":"873929","latitude":"10.33333330","longitude":"-8.90000000","name":"Kini\u00e9ba"},{"id":"873932","latitude":"9.76666670","longitude":"-9.46666670","name":"Kini\u00e9ko"},{"id":"873935","latitude":"10.98333330","longitude":"-9.21666670","name":"Kini\u00e9ro"},{"id":"873990","latitude":"10.41666670","longitude":"-9.23333330","name":"Koat\u00e9"},{"id":"873992","latitude":"10.51666670","longitude":"-9.41666670","name":"Kobadoula"},{"id":"873996","latitude":"10.53333330","longitude":"-9.11666670","name":"Koba"},{"id":"874003","latitude":"10.11666670","longitude":"-9.08333330","name":"Kobala"},{"id":"874030","latitude":"10.80000000","longitude":"-9.31666670","name":"Kobolani"},{"id":"874040","latitude":"10.51666670","longitude":"-8.81666670","name":"Kodianfara"},{"id":"874042","latitude":"10.58333330","longitude":"-9.33333330","name":"Kodiarani"},{"id":"874045","latitude":"10.58333330","longitude":"-9.33333330","name":"Kodi\u00e9rani"},{"id":"874047","latitude":"10.56666670","longitude":"-8.90000000","name":"Kodi\u00e9ran"},{"id":"874081","latitude":"9.53333330","longitude":"-8.53333330","name":"Kohoussa"},{"id":"874084","latitude":"10.20000000","longitude":"-8.63333330","name":"Ko\u00efmana"},{"id":"874140","latitude":"9.46666670","longitude":"-9.30000000","name":"Kol\u00e9dou"},{"id":"874220","latitude":"10.21666670","longitude":"-8.81666670","name":"Koma"},{"id":"874225","latitude":"10.21666670","longitude":"-8.73333330","name":"Komana"},{"id":"874246","latitude":"9.63333330","longitude":"-9.06666670","name":"Komodougou"},{"id":"874256","latitude":"9.68333330","longitude":"-9.68333330","name":"Konafadia"},{"id":"874334","latitude":"10.40000000","longitude":"-9.53333330","name":"Konimoussaya"},{"id":"874364","latitude":"10.08333330","longitude":"-8.98333330","name":"Konsan"},{"id":"874375","latitude":"9.53333330","longitude":"-8.53333330","name":"Koossa"},{"id":"874379","latitude":"9.53333330","longitude":"-8.53333330","name":"Kooussa"},{"id":"874383","latitude":"9.55000000","longitude":"-9.25000000","name":"Korakoro"},{"id":"874399","latitude":"9.50000000","longitude":"-9.53333330","name":"Koriaradougou"},{"id":"874406","latitude":"10.38333330","longitude":"-8.56666670","name":"Korodala"},{"id":"874410","latitude":"10.28333330","longitude":"-8.60000000","name":"Korokouna"},{"id":"874411","latitude":"9.63333330","longitude":"-9.81666670","name":"Korolikoro"},{"id":"874415","latitude":"10.70000000","longitude":"-8.90000000","name":"Koromandougou"},{"id":"874432","latitude":"9.50000000","longitude":"-9.11666670","name":"Kossaro"},{"id":"874437","latitude":"9.41666670","longitude":"-9.51666670","name":"Kossira"},{"id":"874453","latitude":"10.05000000","longitude":"-9.13333330","name":"Kotoola"},{"id":"874483","latitude":"10.23333330","longitude":"-8.46666670","name":"Koudala"},{"id":"874506","latitude":"9.56666670","longitude":"-9.76666670","name":"Kouhoudou"},{"id":"874542","latitude":"9.46666670","longitude":"-9.41666670","name":"Kouloudou"},{"id":"874557","latitude":"9.70000000","longitude":"-9.15000000","name":"Koumana"},{"id":"874578","latitude":"10.21666670","longitude":"-9.46666670","name":"Koumba"},{"id":"874582","latitude":"10.21666670","longitude":"-9.46666670","name":"Koumban"},{"id":"874583","latitude":"10.18333330","longitude":"-9.55000000","name":"Koumbankoura"},{"id":"874636","latitude":"9.40000000","longitude":"-8.93333330","name":"Kounian"},{"id":"874638","latitude":"10.16666670","longitude":"-8.55000000","name":"Kounkalama"},{"id":"874699","latitude":"10.51666670","longitude":"-8.98333330","name":"Kouroko"},{"id":"874723","latitude":"10.53333330","longitude":"-8.61666670","name":"Kouroulamini"},{"id":"874725","latitude":"10.70000000","longitude":"-8.90000000","name":"Kouroumadougou"},{"id":"874769","latitude":"9.91666670","longitude":"-8.60000000","name":"Koyanba"},{"id":"874823","latitude":"10.30000000","longitude":"-8.30000000","name":"Lam\u00e9nina"},{"id":"874824","latitude":"10.30000000","longitude":"-8.30000000","name":"Lamina"},{"id":"874828","latitude":"10.30000000","longitude":"-8.30000000","name":"Laminina"},{"id":"874841","latitude":"10.30000000","longitude":"-9.65000000","name":"Landi Koro"},{"id":"874843","latitude":"10.31666670","longitude":"-9.66666670","name":"Landi Ninki"},{"id":"874886","latitude":"10.51666670","longitude":"-9.53333330","name":"L\u00e9farani"},{"id":"874894","latitude":"9.63333330","longitude":"-9.11666670","name":"L\u00e9koro"},{"id":"874921","latitude":"9.36666670","longitude":"-9.56666670","name":"L\u00e9ro"},{"id":"874965","latitude":"10.48333330","longitude":"-8.28333330","name":"Linsoro"},{"id":"875047","latitude":"10.65000000","longitude":"-9.41666670","name":"Madina"},{"id":"875092","latitude":"9.36666670","longitude":"-9.60000000","name":"Maka"},{"id":"875098","latitude":"10.30000000","longitude":"-9.38333330","name":"Makono"},{"id":"875102","latitude":"10.46666670","longitude":"-8.41666670","name":"Malalila"},{"id":"875137","latitude":"10.61666670","longitude":"-8.48333330","name":"Mamadiana"},{"id":"875167","latitude":"9.61666670","longitude":"-9.71666670","name":"Mamouria"},{"id":"875171","latitude":"9.55000000","longitude":"-9.31666670","name":"Mamouroudougou"},{"id":"875199","latitude":"9.73333330","longitude":"-9.40000000","name":"Manfara"},{"id":"875203","latitude":"10.51666670","longitude":"-9.63333330","name":"Manfarana"},{"id":"875204","latitude":"10.51666670","longitude":"-9.63333330","name":"Manfarani"},{"id":"875213","latitude":"9.73333330","longitude":"-9.01666670","name":"Mangb\u00e9dougou"},{"id":"875225","latitude":"9.96666670","longitude":"-8.36666670","name":"Manianko"},{"id":"875229","latitude":"9.81666670","longitude":"-8.26666670","name":"Manifala"},{"id":"875230","latitude":"9.48333330","longitude":"-8.93333330","name":"Manima"},{"id":"875276","latitude":"10.20000000","longitude":"-9.63333330","name":"Maramoria"},{"id":"875284","latitude":"10.65000000","longitude":"-8.83333330","name":"Mar\u00e9na"},{"id":"875289","latitude":"10.16666670","longitude":"-8.85000000","name":"Mariani"},{"id":"875291","latitude":"10.65000000","longitude":"-8.83333330","name":"Marina"},{"id":"875292","latitude":"9.81666670","longitude":"-8.26666670","name":"Marinfala"},{"id":"875305","latitude":"9.83333330","longitude":"-9.35000000","name":"Massako"},{"id":"875377","latitude":"9.55000000","longitude":"-9.56666670","name":"M\u00e9nankaya"},{"id":"875391","latitude":"9.81666670","longitude":"-8.26666670","name":"Merinfala"},{"id":"875393","latitude":"9.60000000","longitude":"-9.61666670","name":"Merna"},{"id":"875409","latitude":"9.96666670","longitude":"-8.36666670","name":"Minianko"},{"id":"875416","latitude":"9.60000000","longitude":"-9.68333330","name":"Missadou"},{"id":"875418","latitude":"10.30000000","longitude":"-9.05000000","name":"Missamana"},{"id":"875431","latitude":"7.28416670","longitude":"-8.05583330","name":"Mlatongouin\u00e9"},{"id":"875442","latitude":"10.63333330","longitude":"-9.35000000","name":"Mo\u00efafara"},{"id":"875444","latitude":"10.58333330","longitude":"-9.48333330","name":"Mo\u00efko"},{"id":"875470","latitude":"10.20000000","longitude":"-9.63333330","name":"Moramoria"},{"id":"875473","latitude":"9.88333330","longitude":"-9.55000000","name":"Morebaya"},{"id":"875479","latitude":"10.51666670","longitude":"-9.61666670","name":"Mor\u00e9k\u00e9ni\u00e9ba"},{"id":"875489","latitude":"10.16666670","longitude":"-8.85000000","name":"Moriani"},{"id":"875493","latitude":"9.88333330","longitude":"-9.55000000","name":"Moribaya"},{"id":"875508","latitude":"10.13333330","longitude":"-9.43333330","name":"Morigu\u00e9dougou"},{"id":"875510","latitude":"10.51666670","longitude":"-9.61666670","name":"Morik\u00e9ni\u00e9ba"},{"id":"875513","latitude":"10.48333330","longitude":"-9.70000000","name":"Morinimaya"},{"id":"875514","latitude":"10.48333330","longitude":"-9.70000000","name":"Morinoumaya"},{"id":"875516","latitude":"10.21666670","longitude":"-8.68333330","name":"Morisanako"},{"id":"875533","latitude":"9.55000000","longitude":"-9.46666670","name":"Mouguebeya"},{"id":"875544","latitude":"9.81666670","longitude":"-8.96666670","name":"Mounou"},{"id":"875547","latitude":"10.31666670","longitude":"-8.78333330","name":"Moussadougou"},{"id":"875548","latitude":"10.13333330","longitude":"-9.36666670","name":"Moussa\u00efa"},{"id":"875553","latitude":"10.65000000","longitude":"-9.43333330","name":"Moussaya"},{"id":"875573","latitude":"10.66666670","longitude":"-9.26666670","name":"Nafadi\u00e9"},{"id":"875578","latitude":"10.43333330","longitude":"-8.71666670","name":"Nafadji"},{"id":"875586","latitude":"9.68333330","longitude":"-9.68333330","name":"Nafayi"},{"id":"875611","latitude":"9.88333330","longitude":"-9.38333330","name":"Nar\u00e9na"},{"id":"875612","latitude":"9.88333330","longitude":"-9.38333330","name":"Narina"},{"id":"875636","latitude":"9.53333330","longitude":"-8.73333330","name":"N\u00e9m\u00e9nou"},{"id":"875661","latitude":"9.68333330","longitude":"-9.68333330","name":"Niafadi\u00e9"},{"id":"875673","latitude":"10.55000000","longitude":"-8.51666670","name":"Niakamouna"},{"id":"875674","latitude":"10.33333330","longitude":"-8.56666670","name":"Niako"},{"id":"875678","latitude":"9.56666670","longitude":"-8.98333330","name":"Nial\u00e9moridougou"},{"id":"875680","latitude":"10.96666670","longitude":"-8.33333330","name":"Nial\u00e9 Toumanina"},{"id":"875682","latitude":"9.68333330","longitude":"-9.75000000","name":"Nialinko"},{"id":"875721","latitude":"10.96666670","longitude":"-8.33333330","name":"Niantanina"},{"id":"875825","latitude":"9.88333330","longitude":"-9.38333330","name":"Nor\u00e9na"},{"id":"875839","latitude":"10.11666670","longitude":"-8.05000000","name":"Noumoudjiguila"},{"id":"875841","latitude":"10.28333330","longitude":"-9.10000000","name":"Noumoussaya"},{"id":"875912","latitude":"9.18333330","longitude":"-8.21666670","name":"Orossia"},{"id":"875922","latitude":"10.36666670","longitude":"-8.20000000","name":"Ouairi"},{"id":"875959","latitude":"10.90000000","longitude":"-8.43333330","name":"Ouassala Kalila"},{"id":"875972","latitude":"10.31666670","longitude":"-8.31666670","name":"Oubala"},{"id":"876023","latitude":"9.65000000","longitude":"-9.41666670","name":"Oulicoro"},{"id":"876024","latitude":"9.65000000","longitude":"-9.41666670","name":"Oulikoro"},{"id":"876027","latitude":"10.26666670","longitude":"-9.25000000","name":"Oulondougou"},{"id":"876029","latitude":"10.03333330","longitude":"-8.25000000","name":"Oulo Ouloko"},{"id":"876031","latitude":"9.65000000","longitude":"-9.41666670","name":"Ouloukoro"},{"id":"876034","latitude":"10.08333330","longitude":"-8.68333330","name":"Oumal\u00e9"},{"id":"876074","latitude":"10.31666670","longitude":"-8.31666670","name":"Ourala"},{"id":"876075","latitude":"10.26666670","longitude":"-9.35000000","name":"Ourambaya"},{"id":"876076","latitude":"10.26666670","longitude":"-9.35000000","name":"Ouranbaya"},{"id":"876079","latitude":"10.26666670","longitude":"-9.35000000","name":"Ourembaia"},{"id":"876080","latitude":"10.60000000","longitude":"-8.70000000","name":"Ouriala"},{"id":"876081","latitude":"10.76666670","longitude":"-8.35000000","name":"Ourianinouna"},{"id":"876086","latitude":"10.26666670","longitude":"-9.35000000","name":"Ourimbaya"},{"id":"876092","latitude":"10.06666670","longitude":"-8.73333330","name":"Ourokoro"},{"id":"876093","latitude":"10.36666670","longitude":"-8.20000000","name":"Ourola"},{"id":"876098","latitude":"9.65000000","longitude":"-9.85000000","name":"Ouroub\u00e9koro"},{"id":"876117","latitude":"9.76666670","longitude":"-9.06666670","name":"Oussoudougou"},{"id":"876128","latitude":"10.36666670","longitude":"-8.20000000","name":"Ouyari"},{"id":"876351","latitude":"10.65000000","longitude":"-9.43333330","name":"Sagu\u00e9l\u00e9 Moussa\u00ef"},{"id":"876375","latitude":"10.28333330","longitude":"-8.33333330","name":"Saladougou"},{"id":"876425","latitude":"10.81666670","longitude":"-8.43333330","name":"Sambamoudoula"},{"id":"876455","latitude":"10.33333330","longitude":"-9.58333330","name":"Sanana"},{"id":"876459","latitude":"9.58333330","longitude":"-9.20000000","name":"Sanankoroni"},{"id":"876460","latitude":"10.06666670","longitude":"-8.26666670","name":"Sanankoro"},{"id":"876464","latitude":"10.13333330","longitude":"-9.15000000","name":"Sana"},{"id":"876487","latitude":"10.40000000","longitude":"-9.21666670","name":"Sanfina"},{"id":"876516","latitude":"10.61666670","longitude":"-8.60000000","name":"Sangou\u00e9la"},{"id":"876553","latitude":"9.85000000","longitude":"-9.71666670","name":"Sansanbaya"},{"id":"876557","latitude":"10.06666670","longitude":"-8.66666670","name":"Sansando"},{"id":"876575","latitude":"10.30000000","longitude":"-9.06666670","name":"Santiguila"},{"id":"876576","latitude":"10.30000000","longitude":"-9.06666670","name":"Santiguilo"},{"id":"876577","latitude":"10.65000000","longitude":"-8.35000000","name":"Santigui-Malaguila"},{"id":"876578","latitude":"10.65000000","longitude":"-8.35000000","name":"Santigui-Maliguila"},{"id":"876678","latitude":"9.93333330","longitude":"-8.58333330","name":"S\u00e9baya"},{"id":"876685","latitude":"10.51666670","longitude":"-8.41666670","name":"S\u00e9dabolon"},{"id":"876686","latitude":"10.43333330","longitude":"-9.75000000","name":"S\u00e9dakoro"},{"id":"876687","latitude":"10.21666670","longitude":"-8.50000000","name":"Sedakoudou"},{"id":"876690","latitude":"10.05000000","longitude":"-9.10000000","name":"S\u00e9founo"},{"id":"876691","latitude":"9.68333330","longitude":"-8.85000000","name":"S\u00e9founou"},{"id":"876699","latitude":"10.36666670","longitude":"-8.25000000","name":"S\u00e9gu\u00e9la"},{"id":"876700","latitude":"10.65000000","longitude":"-9.43333330","name":"S\u00e9gu\u00e9l\u00e9 Moussaya"},{"id":"876711","latitude":"10.41666670","longitude":"-8.56666670","name":"Sekoro"},{"id":"876753","latitude":"10.43333330","longitude":"-9.75000000","name":"S\u00e9rakoro"},{"id":"876792","latitude":"9.43333330","longitude":"-9.61666670","name":"Sibirikoya"},{"id":"876972","latitude":"9.53333330","longitude":"-9.06666670","name":"Sirimoroudougou"},{"id":"876975","latitude":"9.53333330","longitude":"-9.06666670","name":"Siromaridougou"},{"id":"876976","latitude":"9.53333330","longitude":"-9.06666670","name":"Siromoridougou"},{"id":"877013","latitude":"10.75000000","longitude":"-9.21666670","name":"So\u00efla"},{"id":"877028","latitude":"10.25000000","longitude":"-9.38333330","name":"Sokorola"},{"id":"877067","latitude":"10.41666670","longitude":"-8.40000000","name":"Somokol\u00e9"},{"id":"877120","latitude":"10.10000000","longitude":"-8.78333330","name":"Soroko"},{"id":"877123","latitude":"10.98333330","longitude":"-8.38333330","name":"Sorona"},{"id":"877124","latitude":"10.53333330","longitude":"-9.63333330","name":"Soronkoni"},{"id":"877134","latitude":"10.65000000","longitude":"-8.35000000","name":"Sotigui Madikila"},{"id":"877138","latitude":"10.31666670","longitude":"-9.71666670","name":"Soubako"},{"id":"877160","latitude":"10.56666670","longitude":"-8.63333330","name":"Soukouraba"},{"id":"877164","latitude":"9.55000000","longitude":"-9.45000000","name":"Soukourala"},{"id":"877169","latitude":"9.50000000","longitude":"-8.71666670","name":"Soukoura"},{"id":"877182","latitude":"10.48333330","longitude":"-8.50000000","name":"Souloukoula"},{"id":"877183","latitude":"10.30000000","longitude":"-8.60000000","name":"Souloukou"},{"id":"877190","latitude":"10.51666670","longitude":"-9.31666670","name":"Soumankou\u00e9"},{"id":"877191","latitude":"10.51666670","longitude":"-9.31666670","name":"Soumankoy"},{"id":"877231","latitude":"10.70000000","longitude":"-8.68333330","name":"Sountou Diana"},{"id":"877261","latitude":"10.51666670","longitude":"-9.31666670","name":"Sumankoye"},{"id":"877263","latitude":"10.51666670","longitude":"-9.31666670","name":"Surnankoye"},{"id":"877272","latitude":"10.15000000","longitude":"-8.51666670","name":"Tabalara"},{"id":"877323","latitude":"10.45000000","longitude":"-9.56666670","name":"Takoura"},{"id":"877368","latitude":"10.30000000","longitude":"-9.50000000","name":"Tamoni"},{"id":"877369","latitude":"10.30000000","longitude":"-9.50000000","name":"Tamouni"},{"id":"877420","latitude":"10.78333330","longitude":"-9.21666670","name":"Tassiliman"},{"id":"877422","latitude":"10.78333330","longitude":"-9.21666670","name":"Tassilima"},{"id":"877423","latitude":"10.78333330","longitude":"-9.21666670","name":"Tassilman"},{"id":"877497","latitude":"9.88333330","longitude":"-8.86666670","name":"T\u00e9r\u00e9"},{"id":"877552","latitude":"9.91666670","longitude":"-9.68333330","name":"Tiendougou"},{"id":"877553","latitude":"9.91666670","longitude":"-9.68333330","name":"Tiendou"},{"id":"877558","latitude":"9.43333330","longitude":"-8.96666670","name":"Ti\u00e9oulindougou"},{"id":"877589","latitude":"9.91666670","longitude":"-8.65000000","name":"Timoulout\u00e9ko"},{"id":"877591","latitude":"10.26666670","longitude":"-8.25000000","name":"Tindila"},{"id":"877592","latitude":"10.26666670","longitude":"-8.25000000","name":"Tindilla"},{"id":"877593","latitude":"10.21666670","longitude":"-9.20000000","name":"Tindioul\u00e9-Koro"},{"id":"877594","latitude":"10.21666670","longitude":"-9.20000000","name":"Tindioule"},{"id":"877602","latitude":"10.26666670","longitude":"-8.25000000","name":"Tinila"},{"id":"877613","latitude":"9.81666670","longitude":"-9.58333330","name":"Tinkonkoro"},{"id":"877618","latitude":"9.81666670","longitude":"-9.58333330","name":"Tinkouhoro"},{"id":"877619","latitude":"9.81666670","longitude":"-9.58333330","name":"Tinkoukouro"},{"id":"877624","latitude":"10.25000000","longitude":"-9.18333330","name":"Tintioul\u00e9-Ankoro"},{"id":"877625","latitude":"10.21666670","longitude":"-9.20000000","name":"Tintioul\u00e9"},{"id":"877634","latitude":"10.45000000","longitude":"-8.65000000","name":"Tiriro"},{"id":"877658","latitude":"9.65000000","longitude":"-9.78333330","name":"Tokonou"},{"id":"877728","latitude":"9.53333330","longitude":"-9.71666670","name":"Totala"},{"id":"877760","latitude":"10.61666670","longitude":"-8.96666670","name":"Toul\u00e9"},{"id":"877811","latitude":"10.06666670","longitude":"-8.95000000","name":"Touroko"},{"id":"877988","latitude":"9.81666670","longitude":"-9.46666670","name":"Yaradougou"},{"id":"877998","latitude":"10.16666670","longitude":"-9.68333330","name":"Yarakoura"},{"id":"878003","latitude":"10.36666670","longitude":"-8.45000000","name":"Yaraoul\u00e9na"},{"id":"878147","latitude":"9.81666670","longitude":"-9.46666670","name":"Yradougou"}]