[{"id":"870412","latitude":"12.21666670","longitude":"-12.58333330","name":"Afia"},{"id":"870416","latitude":"12.20000000","longitude":"-12.20000000","name":"Akoud\u00e9tiangui"},{"id":"870419","latitude":"12.13333330","longitude":"-12.55000000","name":"Akoutiandi"},{"id":"870452","latitude":"12.21666670","longitude":"-12.18333330","name":"Anssangu\u00e9r\u00e9"},{"id":"870487","latitude":"11.86666670","longitude":"-12.70000000","name":"Badougoula"},{"id":"870511","latitude":"12.05000000","longitude":"-12.53333330","name":"Bafingu\u00e9"},{"id":"870514","latitude":"12.25000000","longitude":"-12.63333330","name":"Bagadadji"},{"id":"870517","latitude":"12.21666670","longitude":"-11.83333330","name":"Bagata"},{"id":"870534","latitude":"12.08333330","longitude":"-12.06666670","name":"Baguita"},{"id":"870538","latitude":"12.08333330","longitude":"-12.76666670","name":"Ba\u00efna"},{"id":"870561","latitude":"12.11666670","longitude":"-12.51666670","name":"Bakoni"},{"id":"870587","latitude":"12.15000000","longitude":"-11.83333330","name":"Balaki"},{"id":"870605","latitude":"12.05000000","longitude":"-12.63333330","name":"Balandougou"},{"id":"870625","latitude":"12.15000000","longitude":"-11.68333330","name":"Balaya"},{"id":"870650","latitude":"12.36666670","longitude":"-12.10000000","name":"Bamaki"},{"id":"870673","latitude":"11.83333330","longitude":"-12.48333330","name":"Bamba Gadatiri"},{"id":"870708","latitude":"12.01666670","longitude":"-12.51666670","name":"Bana"},{"id":"870738","latitude":"12.11666670","longitude":"-12.46666670","name":"Banbi"},{"id":"870750","latitude":"12.26666670","longitude":"-12.80000000","name":"Bandani"},{"id":"870751","latitude":"12.20000000","longitude":"-12.76666670","name":"Bandani Soya"},{"id":"870757","latitude":"11.70000000","longitude":"-12.18333330","name":"Band\u00e9a"},{"id":"870770","latitude":"12.21666670","longitude":"-12.63333330","name":"Bandouboto"},{"id":"870772","latitude":"12.01666670","longitude":"-12.25000000","name":"Bandougu\u00e9"},{"id":"870789","latitude":"12.10000000","longitude":"-12.75000000","name":"Bangui"},{"id":"870818","latitude":"12.06666670","longitude":"-12.00000000","name":"Bankoul\u00e9"},{"id":"870829","latitude":"11.90000000","longitude":"-12.71666670","name":"Bantala"},{"id":"870843","latitude":"12.01666670","longitude":"-12.68333330","name":"Bantiniel"},{"id":"870858","latitude":"12.03333330","longitude":"-12.26666670","name":"Bara"},{"id":"870876","latitude":"12.33333330","longitude":"-12.56666670","name":"Bark\u00e9r\u00e9"},{"id":"870901","latitude":"12.05000000","longitude":"-12.41666670","name":"Batafo"},{"id":"870947","latitude":"12.20000000","longitude":"-12.53333330","name":"B\u00e9less\u00e9"},{"id":"870993","latitude":"12.03333330","longitude":"-12.23333330","name":"Bennd\u00e9bar\u00e9"},{"id":"870996","latitude":"12.18333330","longitude":"-12.31666670","name":"Bennsori"},{"id":"871053","latitude":"12.01666670","longitude":"-12.31666670","name":"Bil\u00e9k\u00e9n\u00e9"},{"id":"871074","latitude":"12.10000000","longitude":"-12.71666670","name":"Bindougou"},{"id":"871082","latitude":"12.25000000","longitude":"-12.36666670","name":"Binngaldi"},{"id":"871147","latitude":"12.10000000","longitude":"-12.20000000","name":"Bogoma"},{"id":"871150","latitude":"12.00000000","longitude":"-12.26666670","name":"Boh\u00e9"},{"id":"871158","latitude":"12.06666670","longitude":"-12.36666670","name":"Bohoye"},{"id":"871193","latitude":"12.21666670","longitude":"-12.75000000","name":"Bokorandji"},{"id":"871338","latitude":"12.10000000","longitude":"-12.71666670","name":"Boudala"},{"id":"871341","latitude":"12.28333330","longitude":"-12.38333330","name":"Boudoul\u00e9moni"},{"id":"871376","latitude":"12.01666670","longitude":"-12.51666670","name":"Bouli"},{"id":"871394","latitude":"12.05000000","longitude":"-12.25000000","name":"Bounaougobi"},{"id":"871400","latitude":"12.00000000","longitude":"-12.36666670","name":"Boundoukoura"},{"id":"871421","latitude":"12.21666670","longitude":"-12.53333330","name":"Bourfo"},{"id":"871422","latitude":"12.31666670","longitude":"-11.88333330","name":"Bouria"},{"id":"871429","latitude":"12.06666670","longitude":"-12.55000000","name":"Bourou"},{"id":"871463","latitude":"12.03333330","longitude":"-12.23333330","name":"Broua"},{"id":"871566","latitude":"12.31666670","longitude":"-12.61666670","name":"Dakadounbanb\u00e9"},{"id":"871571","latitude":"12.38333330","longitude":"-12.01666670","name":"Dakan\u00e9t\u00e9"},{"id":"871585","latitude":"12.18333330","longitude":"-11.60000000","name":"Dalaba"},{"id":"871597","latitude":"12.00000000","longitude":"-12.16666670","name":"Dalama"},{"id":"871615","latitude":"12.08333330","longitude":"-12.53333330","name":"Dali"},{"id":"871637","latitude":"12.15000000","longitude":"-11.75000000","name":"Dana"},{"id":"871640","latitude":"12.21666670","longitude":"-11.55000000","name":"Danba"},{"id":"871644","latitude":"12.10000000","longitude":"-11.90000000","name":"Danda"},{"id":"871646","latitude":"12.15000000","longitude":"-12.55000000","name":"Dandama"},{"id":"871667","latitude":"12.11666670","longitude":"-12.36666670","name":"Dangoupan"},{"id":"871699","latitude":"12.05000000","longitude":"-12.36666670","name":"Dantawi"},{"id":"871712","latitude":"12.15000000","longitude":"-11.75000000","name":"Dara"},{"id":"871721","latitude":"11.81666670","longitude":"-11.96666670","name":"Dara Nianou"},{"id":"871740","latitude":"12.15000000","longitude":"-12.55000000","name":"Dassi"},{"id":"871744","latitude":"12.26666670","longitude":"-12.71666670","name":"Dawadji"},{"id":"871751","latitude":"12.20000000","longitude":"-11.56666670","name":"D\u00e9gu\u00e9lan"},{"id":"871769","latitude":"12.13333330","longitude":"-12.25000000","name":"Demmba"},{"id":"871772","latitude":"11.98333330","longitude":"-12.36666670","name":"Demougaya"},{"id":"871791","latitude":"12.08333330","longitude":"-12.36666670","name":"D\u00e9pal"},{"id":"871809","latitude":"12.35000000","longitude":"-11.46666670","name":"Diagana"},{"id":"871810","latitude":"12.33333330","longitude":"-11.53333330","name":"Diagara"},{"id":"871812","latitude":"12.15000000","longitude":"-12.63333330","name":"Diakakouta"},{"id":"871851","latitude":"12.21666670","longitude":"-12.25000000","name":"Dianboukou\u00e9"},{"id":"871865","latitude":"12.11666670","longitude":"-12.35000000","name":"Diao\u00efa"},{"id":"871979","latitude":"12.15000000","longitude":"-12.08333330","name":"Dil\u00e9"},{"id":"871982","latitude":"12.18333330","longitude":"-12.55000000","name":"Dindama"},{"id":"872010","latitude":"12.36666670","longitude":"-11.60000000","name":"Diolokoya"},{"id":"872022","latitude":"12.15000000","longitude":"-11.78333330","name":"Dionboya"},{"id":"872031","latitude":"12.30000000","longitude":"-11.61666670","name":"Dioulabaya"},{"id":"872043","latitude":"12.18333330","longitude":"-12.35000000","name":"Dira"},{"id":"872048","latitude":"12.08333330","longitude":"-12.26666670","name":"Dirmoli"},{"id":"872114","latitude":"12.06666670","longitude":"-12.01666670","name":"Dond\u00e9diabi"},{"id":"872123","latitude":"12.15000000","longitude":"-12.10000000","name":"Dongol Sangui"},{"id":"872124","latitude":"11.80000000","longitude":"-12.21666670","name":"Dongol Sigon"},{"id":"872167","latitude":"12.15000000","longitude":"-12.48333330","name":"Doubel"},{"id":"872197","latitude":"11.86666670","longitude":"-12.61666670","name":"Dougountouni"},{"id":"872205","latitude":"12.23333330","longitude":"-11.61666670","name":"Doukonkoun\u00e9"},{"id":"872237","latitude":"12.01666670","longitude":"-12.40000000","name":"Dounguel"},{"id":"872245","latitude":"12.30000000","longitude":"-11.60000000","name":"Dounkita"},{"id":"872288","latitude":"12.10000000","longitude":"-12.63333330","name":"Erabiniar\u00e9"},{"id":"872292","latitude":"12.11666670","longitude":"-12.45000000","name":"Erikouo"},{"id":"872560","latitude":"12.06666670","longitude":"-12.68333330","name":"F\u00e9loura"},{"id":"872610","latitude":"12.15000000","longitude":"-12.48333330","name":"Fina"},{"id":"872629","latitude":"12.33333330","longitude":"-12.03333330","name":"Firita"},{"id":"872642","latitude":"12.13333330","longitude":"-11.88333330","name":"Fod\u00e9a"},{"id":"872680","latitude":"12.06666670","longitude":"-12.31666670","name":"Folou"},{"id":"872734","latitude":"12.25000000","longitude":"-11.78333330","name":"Foton"},{"id":"872749","latitude":"12.10000000","longitude":"-12.43333330","name":"Fouga"},{"id":"872754","latitude":"12.33333330","longitude":"-12.40000000","name":"Fougon"},{"id":"872755","latitude":"11.90000000","longitude":"-12.30000000","name":"Fougou"},{"id":"872771","latitude":"12.38333330","longitude":"-11.96666670","name":"Foulaye"},{"id":"872780","latitude":"12.11666670","longitude":"-11.88333330","name":"Foundankor\u00e9"},{"id":"872820","latitude":"12.06666670","longitude":"-12.48333330","name":"Gab\u00e9t\u00e9"},{"id":"872823","latitude":"12.31666670","longitude":"-12.28333330","name":"Gadalougu\u00e9"},{"id":"872838","latitude":"12.23333330","longitude":"-12.58333330","name":"Galassibo"},{"id":"872875","latitude":"12.01666670","longitude":"-12.23333330","name":"Garou"},{"id":"872879","latitude":"12.01666670","longitude":"-12.43333330","name":"Gaya"},{"id":"872958","latitude":"12.08333330","longitude":"-12.70000000","name":"Godiolir\u00e9"},{"id":"872985","latitude":"12.10000000","longitude":"-12.28333330","name":"Gongoye"},{"id":"873054","latitude":"12.05000000","longitude":"-12.33333330","name":"Gressok"},{"id":"873138","latitude":"12.33333330","longitude":"-12.41666670","name":"Guil\u00e9r\u00e9"},{"id":"873202","latitude":"12.01666670","longitude":"-12.36666670","name":"Hollo"},{"id":"873203","latitude":"12.01666670","longitude":"-12.36666670","name":"Holo"},{"id":"873218","latitude":"12.25000000","longitude":"-12.73333330","name":"Idar\u00e9"},{"id":"873219","latitude":"12.01666670","longitude":"-12.68333330","name":"Idayatou"},{"id":"873236","latitude":"12.35000000","longitude":"-12.00000000","name":"Ilir\u00e9"},{"id":"873309","latitude":"12.11666670","longitude":"-12.50000000","name":"Kadior\u00e9"},{"id":"873321","latitude":"12.08333330","longitude":"-12.46666670","name":"Ka\u00efdiora"},{"id":"873333","latitude":"12.08333330","longitude":"-12.51666670","name":"Kakessa"},{"id":"873357","latitude":"12.06666670","longitude":"-12.68333330","name":"Kalango"},{"id":"873358","latitude":"12.18333330","longitude":"-11.86666670","name":"Kalan"},{"id":"873384","latitude":"12.16666670","longitude":"-11.48333330","name":"Kali"},{"id":"873405","latitude":"12.16666670","longitude":"-12.38333330","name":"Kama"},{"id":"873480","latitude":"12.25000000","longitude":"-11.51666670","name":"Kanbamar\u00e9"},{"id":"873482","latitude":"12.31666670","longitude":"-12.58333330","name":"Kanbour\u00e9"},{"id":"873488","latitude":"12.31666670","longitude":"-12.06666670","name":"Kandaya"},{"id":"873522","latitude":"12.15000000","longitude":"-12.61666670","name":"Kankako"},{"id":"873524","latitude":"12.35000000","longitude":"-11.93333330","name":"Kankam\u00e9r\u00e9"},{"id":"873530","latitude":"12.13333330","longitude":"-12.80000000","name":"Kankata"},{"id":"873546","latitude":"12.03333330","longitude":"-12.26666670","name":"Kankouma"},{"id":"873551","latitude":"12.21666670","longitude":"-12.28333330","name":"Kannta"},{"id":"873560","latitude":"11.93333330","longitude":"-12.38333330","name":"Kansangniel"},{"id":"873578","latitude":"12.05000000","longitude":"-12.40000000","name":"Kanso"},{"id":"873631","latitude":"12.11666670","longitude":"-12.58333330","name":"Kar\u00e9vi"},{"id":"873647","latitude":"12.41666670","longitude":"-11.38333330","name":"Karita"},{"id":"873671","latitude":"12.01666670","longitude":"-12.41666670","name":"Kassaoro"},{"id":"873676","latitude":"11.91666670","longitude":"-12.68333330","name":"Kassira"},{"id":"873684","latitude":"12.06666670","longitude":"-12.41666670","name":"Katab\u00e9"},{"id":"873795","latitude":"12.40000000","longitude":"-11.95000000","name":"K\u00e9nennd\u00e9"},{"id":"873858","latitude":"12.23333330","longitude":"-12.33333330","name":"K\u00e9rouan\u00e9"},{"id":"873916","latitude":"12.18333330","longitude":"-11.61666670","name":"Kindaya"},{"id":"873937","latitude":"12.01666670","longitude":"-11.95000000","name":"Kinita"},{"id":"873940","latitude":"12.18333330","longitude":"-11.61666670","name":"Kinndania"},{"id":"873943","latitude":"11.96666670","longitude":"-12.23333330","name":"Kins\u00e9a"},{"id":"873946","latitude":"12.08333330","longitude":"-12.70000000","name":"Kioko"},{"id":"873973","latitude":"12.10000000","longitude":"-12.53333330","name":"Kissassi"},{"id":"874031","latitude":"12.23333330","longitude":"-11.56666670","name":"Kobolaya"},{"id":"874289","latitude":"12.03333330","longitude":"-11.96666670","name":"Kondo"},{"id":"874320","latitude":"11.83333330","longitude":"-12.26666670","name":"Konia"},{"id":"874337","latitude":"12.26666670","longitude":"-11.45000000","name":"Konissaya"},{"id":"874355","latitude":"11.98333330","longitude":"-12.10000000","name":"Konkour\u00e9"},{"id":"874381","latitude":"12.36666670","longitude":"-12.08333330","name":"Kopou"},{"id":"874420","latitude":"12.06666670","longitude":"-12.38333330","name":"Kororo"},{"id":"874472","latitude":"12.16666670","longitude":"-12.30000000","name":"Koubia"},{"id":"874598","latitude":"11.75000000","longitude":"-11.88333330","name":"Koumibili"},{"id":"874606","latitude":"12.05000000","longitude":"-12.65000000","name":"Kounboukoto"},{"id":"874647","latitude":"12.10000000","longitude":"-12.00000000","name":"Kounsi"},{"id":"874674","latitude":"12.10000000","longitude":"-12.65000000","name":"Koura"},{"id":"874748","latitude":"12.06666670","longitude":"-11.98333330","name":"Kouyadi"},{"id":"874749","latitude":"12.03333330","longitude":"-11.98333330","name":"Kouya"},{"id":"874756","latitude":"12.26666670","longitude":"-12.35000000","name":"Kouy\u00e9"},{"id":"874770","latitude":"12.11666670","longitude":"-12.65000000","name":"Koyatougou"},{"id":"874832","latitude":"12.08333330","longitude":"-12.50000000","name":"Lanbawol"},{"id":"874840","latitude":"12.11666670","longitude":"-12.80000000","name":"Land\u00e9 Malinda"},{"id":"874849","latitude":"12.11666670","longitude":"-12.13333330","name":"Langama"},{"id":"874879","latitude":"12.11666670","longitude":"-12.40000000","name":"L\u00e9b\u00e9k\u00e9r\u00e9"},{"id":"874892","latitude":"12.03333330","longitude":"-12.50000000","name":"Legu\u00e9f\u00e9lo"},{"id":"874916","latitude":"12.13333330","longitude":"-12.36666670","name":"Lenngu\u00e9a"},{"id":"874917","latitude":"12.08333330","longitude":"-12.25000000","name":"Lennsang"},{"id":"874925","latitude":"12.26666670","longitude":"-12.78333330","name":"Less\u00e9r\u00e9"},{"id":"874929","latitude":"12.10000000","longitude":"-12.53333330","name":"L\u00e8ye Dali"},{"id":"874932","latitude":"12.03333330","longitude":"-12.48333330","name":"L\u00e8ye Petel"},{"id":"874955","latitude":"12.26666670","longitude":"-12.60000000","name":"Lingu\u00e9r\u00e9"},{"id":"874956","latitude":"12.13333330","longitude":"-12.53333330","name":"Lingu\u00e9w\u00e9"},{"id":"874995","latitude":"12.11666670","longitude":"-11.80000000","name":"Lontonkour\u00e9"},{"id":"875009","latitude":"12.26666670","longitude":"-12.31666670","name":"Lougana"},{"id":"875011","latitude":"12.03333330","longitude":"-12.36666670","name":"Lougounguel"},{"id":"875041","latitude":"12.26666670","longitude":"-12.20000000","name":"Madina Kouta"},{"id":"875053","latitude":"12.03333330","longitude":"-12.50000000","name":"Madina Ouarra"},{"id":"875055","latitude":"12.06666670","longitude":"-12.90000000","name":"Madina Singu\u00e9ti"},{"id":"875056","latitude":"12.06666670","longitude":"-12.90000000","name":"Madina Singuetti"},{"id":"875057","latitude":"12.03333330","longitude":"-12.50000000","name":"Madina Wara"},{"id":"875126","latitude":"12.08333330","longitude":"-12.30000000","name":"Mali"},{"id":"875130","latitude":"12.03333330","longitude":"-12.33333330","name":"Mali Missila"},{"id":"875179","latitude":"12.23333330","longitude":"-12.55000000","name":"Mananba"},{"id":"875180","latitude":"12.26666670","longitude":"-12.70000000","name":"Manandi"},{"id":"875218","latitude":"12.01666670","longitude":"-12.35000000","name":"Manguel"},{"id":"875344","latitude":"12.26666670","longitude":"-12.20000000","name":"M\u00e9dina Kouta"},{"id":"875348","latitude":"11.98333330","longitude":"-12.33333330","name":"M\u00e9dina Olland\u00e9"},{"id":"875349","latitude":"12.03333330","longitude":"-12.50000000","name":"M\u00e9dina Ouara"},{"id":"875350","latitude":"12.03333330","longitude":"-12.50000000","name":"M\u00e9dina Ouarra"},{"id":"875352","latitude":"11.88333330","longitude":"-11.90000000","name":"M\u00e9dina Salamband\u00e9"},{"id":"875353","latitude":"12.06666670","longitude":"-12.90000000","name":"M\u00e9dina-Singuetti"},{"id":"875370","latitude":"12.08333330","longitude":"-12.30000000","name":"Meli"},{"id":"875390","latitude":"12.11666670","longitude":"-12.41666670","name":"M\u00e9r\u00e9pike"},{"id":"875397","latitude":"12.20000000","longitude":"-12.21666670","name":"M\u00e9tandiang"},{"id":"875398","latitude":"12.20000000","longitude":"-12.21666670","name":"M\u00e9tendiang"},{"id":"875422","latitude":"12.33333330","longitude":"-12.63333330","name":"Missid\u00e9 Nangagni"},{"id":"875423","latitude":"12.06666670","longitude":"-12.76666670","name":"Missid\u00e9 Wara"},{"id":"875429","latitude":"12.15000000","longitude":"-12.38333330","name":"Missira"},{"id":"875468","latitude":"12.25000000","longitude":"-12.50000000","name":"Moporo"},{"id":"875487","latitude":"12.26666670","longitude":"-11.88333330","name":"Moria"},{"id":"875498","latitude":"12.06666670","longitude":"-12.45000000","name":"Moridinnpi"},{"id":"875568","latitude":"12.26666670","longitude":"-12.36666670","name":"Nadel"},{"id":"875569","latitude":"12.26666670","longitude":"-12.36666670","name":"Nadel Sab\u00e9"},{"id":"875587","latitude":"12.25000000","longitude":"-12.38333330","name":"Nagoudou"},{"id":"875588","latitude":"12.35000000","longitude":"-12.55000000","name":"Nagoye"},{"id":"875602","latitude":"12.31666670","longitude":"-12.66666670","name":"Nangagni"},{"id":"875649","latitude":"12.00000000","longitude":"-12.73333330","name":"N\u00e9t\u00e9r\u00e9"},{"id":"875652","latitude":"12.00000000","longitude":"-12.73333330","name":"Nett\u00e9r\u00e9"},{"id":"875697","latitude":"12.20000000","longitude":"-12.75000000","name":"Niamini"},{"id":"875732","latitude":"12.03333330","longitude":"-12.40000000","name":"Niassagala"},{"id":"875741","latitude":"12.05000000","longitude":"-12.81666670","name":"Ni\u00e9la"},{"id":"875777","latitude":"12.08333330","longitude":"-12.35000000","name":"Niogou"},{"id":"875782","latitude":"12.26666670","longitude":"-12.40000000","name":"Nionkoba"},{"id":"875789","latitude":"12.06666670","longitude":"-12.23333330","name":"Niougui"},{"id":"875797","latitude":"12.11666670","longitude":"-11.95000000","name":"Nokoura"},{"id":"875876","latitude":"12.05000000","longitude":"-12.20000000","name":"Or\u00e9 Barka"},{"id":"875884","latitude":"11.76666670","longitude":"-12.35000000","name":"Or\u00e9 Fello"},{"id":"875885","latitude":"12.10000000","longitude":"-12.28333330","name":"Or\u00e9f\u00e9lo"},{"id":"875899","latitude":"12.15000000","longitude":"-12.41666670","name":"Or\u00e9 P\u00e9tel"},{"id":"875906","latitude":"12.25000000","longitude":"-12.50000000","name":"Or\u00e9 Vindou"},{"id":"875945","latitude":"11.86666670","longitude":"-12.48333330","name":"Ouansan"},{"id":"875956","latitude":"12.03333330","longitude":"-12.50000000","name":"Ouarra"},{"id":"876037","latitude":"12.08333330","longitude":"-12.46666670","name":"Oumpi"},{"id":"876044","latitude":"12.00000000","longitude":"-12.35000000","name":"Ounkoum"},{"id":"876090","latitude":"12.25000000","longitude":"-12.71666670","name":"Ourodji"},{"id":"876146","latitude":"12.30000000","longitude":"-11.95000000","name":"Oyouka"},{"id":"876150","latitude":"12.11666670","longitude":"-12.11666670","name":"Pakaya"},{"id":"876159","latitude":"12.36666670","longitude":"-12.10000000","name":"Pam\u00e9r\u00e9"},{"id":"876182","latitude":"11.70000000","longitude":"-12.33333330","name":"Paraoual"},{"id":"876185","latitude":"12.08333330","longitude":"-12.33333330","name":"Parawol"},{"id":"876186","latitude":"12.13333330","longitude":"-12.21666670","name":"Par\u00e9"},{"id":"876198","latitude":"12.03333330","longitude":"-12.55000000","name":"P\u00e9lessan\u00e9"},{"id":"876199","latitude":"12.13333330","longitude":"-11.78333330","name":"P\u00e9li"},{"id":"876203","latitude":"12.13333330","longitude":"-12.63333330","name":"Pellou Edi"},{"id":"876218","latitude":"12.08333330","longitude":"-12.35000000","name":"P\u00e9tel"},{"id":"876219","latitude":"12.01666670","longitude":"-12.66666670","name":"P\u00e9t\u00e9"},{"id":"876288","latitude":"12.00000000","longitude":"-12.53333330","name":"Round\u00e9 Ha\u00efr\u00e9"},{"id":"876289","latitude":"12.10000000","longitude":"-12.41666670","name":"Round\u00e9 H\u00e9r\u00e9"},{"id":"876291","latitude":"12.16666670","longitude":"-12.08333330","name":"Round\u00e9 Sangui"},{"id":"876292","latitude":"12.08333330","longitude":"-12.11666670","name":"Round\u00e9 Tanbou"},{"id":"876304","latitude":"12.13333330","longitude":"-11.81666670","name":"Sabara Koura"},{"id":"876308","latitude":"12.03333330","longitude":"-12.23333330","name":"Sab\u00e9r\u00e9 Bara"},{"id":"876363","latitude":"12.08333330","longitude":"-12.66666670","name":"Sakadi"},{"id":"876380","latitude":"11.83333330","longitude":"-11.88333330","name":"Salamband\u00e9"},{"id":"876402","latitude":"12.35000000","longitude":"-11.91666670","name":"Samankoto"},{"id":"876406","latitude":"11.88333330","longitude":"-12.36666670","name":"Samantan"},{"id":"876468","latitude":"12.20000000","longitude":"-12.28333330","name":"Sanbadiouri"},{"id":"876534","latitude":"12.01666670","longitude":"-12.16666670","name":"Sankali"},{"id":"876610","latitude":"12.33333330","longitude":"-12.05000000","name":"Saraya"},{"id":"876683","latitude":"12.01666670","longitude":"-12.33333330","name":"S\u00e9bori"},{"id":"876729","latitude":"12.30000000","longitude":"-12.45000000","name":"Semmbaoumand\u00e9"},{"id":"876780","latitude":"12.18333330","longitude":"-11.61666670","name":"Sess\u00e9r\u00e9"},{"id":"876782","latitude":"12.05000000","longitude":"-12.53333330","name":"Sess\u00e9"},{"id":"876794","latitude":"12.25000000","longitude":"-12.60000000","name":"Sibo"},{"id":"876805","latitude":"11.80000000","longitude":"-12.21666670","name":"Sigon"},{"id":"876806","latitude":"11.80000000","longitude":"-12.21666670","name":"Sigou"},{"id":"876907","latitude":"12.10000000","longitude":"-11.78333330","name":"Sinntiou"},{"id":"876911","latitude":"11.96666670","longitude":"-12.53333330","name":"Sinthiou"},{"id":"876931","latitude":"11.86666670","longitude":"-11.88333330","name":"Sintiou"},{"id":"877046","latitude":"12.36666670","longitude":"-11.88333330","name":"Solia"},{"id":"877066","latitude":"12.20000000","longitude":"-12.30000000","name":"Somma"},{"id":"877071","latitude":"12.13333330","longitude":"-12.36666670","name":"Sonbim\u00e9r\u00e9"},{"id":"877106","latitude":"12.06666670","longitude":"-12.36666670","name":"Sopari"},{"id":"877131","latitude":"12.05000000","longitude":"-12.23333330","name":"Sossi"},{"id":"877145","latitude":"12.36666670","longitude":"-12.05000000","name":"Soudouol"},{"id":"877154","latitude":"12.06666670","longitude":"-12.68333330","name":"Sougu\u00e9"},{"id":"877193","latitude":"11.70000000","longitude":"-11.93333330","name":"Souma"},{"id":"877202","latitude":"12.06666670","longitude":"-12.28333330","name":"Soumba"},{"id":"877214","latitude":"12.05000000","longitude":"-12.48333330","name":"Sounbouya"},{"id":"877232","latitude":"12.40000000","longitude":"-11.96666670","name":"Sountoufalaye"},{"id":"877290","latitude":"12.18333330","longitude":"-12.65000000","name":"Tadia"},{"id":"877318","latitude":"12.16666670","longitude":"-12.11666670","name":"Tak\u00e9lemmbar\u00e9"},{"id":"877362","latitude":"12.30000000","longitude":"-11.81666670","name":"Tam\u00e9kour\u00e9"},{"id":"877375","latitude":"12.06666670","longitude":"-12.11666670","name":"Tanbou"},{"id":"877376","latitude":"12.03333330","longitude":"-12.43333330","name":"Tandamoul\u00e9r\u00e9"},{"id":"877392","latitude":"12.01666670","longitude":"-12.68333330","name":"Tangourou"},{"id":"877453","latitude":"12.21666670","longitude":"-12.33333330","name":"T\u00e9gu\u00e9rang"},{"id":"877478","latitude":"12.06666670","longitude":"-12.11666670","name":"Tembou"},{"id":"877493","latitude":"12.00000000","longitude":"-12.11666670","name":"Tennkou"},{"id":"877494","latitude":"12.10000000","longitude":"-12.25000000","name":"Tennsira"},{"id":"877503","latitude":"12.08333330","longitude":"-12.40000000","name":"Tess\u00e9"},{"id":"877513","latitude":"12.21666670","longitude":"-12.76666670","name":"Tiab\u00e9"},{"id":"877519","latitude":"12.03333330","longitude":"-12.80000000","name":"Tiandou"},{"id":"877520","latitude":"12.03333330","longitude":"-12.53333330","name":"Tiangu\u00e9"},{"id":"877564","latitude":"12.05000000","longitude":"-12.26666670","name":"Ti\u00e9v\u00e9"},{"id":"877599","latitude":"12.03333330","longitude":"-12.81666670","name":"Tingu\u00e9"},{"id":"877606","latitude":"11.76666670","longitude":"-12.46666670","name":"Tink\u00e9ta"},{"id":"877631","latitude":"12.05000000","longitude":"-12.68333330","name":"Tioukou"},{"id":"877731","latitude":"12.28333330","longitude":"-12.61666670","name":"Toual\u00e9d\u00e9"},{"id":"877740","latitude":"12.18333330","longitude":"-12.65000000","name":"Touba"},{"id":"877756","latitude":"12.00000000","longitude":"-12.23333330","name":"Toulelniama"},{"id":"877763","latitude":"12.10000000","longitude":"-12.65000000","name":"Toulou"},{"id":"877797","latitude":"12.01666670","longitude":"-12.28333330","name":"Tountou\u00e9"},{"id":"877842","latitude":"12.03333330","longitude":"-12.68333330","name":"V\u00e9dou"},{"id":"877846","latitude":"12.13333330","longitude":"-12.63333330","name":"Velia"},{"id":"877862","latitude":"12.08333330","longitude":"-12.66666670","name":"Wakar\u00e9"},{"id":"877867","latitude":"12.13333330","longitude":"-12.13333330","name":"Walikar\u00e9"},{"id":"877875","latitude":"12.25000000","longitude":"-12.63333330","name":"Wanson"},{"id":"877877","latitude":"12.03333330","longitude":"-12.68333330","name":"Wara Missid\u00e9"},{"id":"877878","latitude":"12.06666670","longitude":"-12.23333330","name":"Warnani"},{"id":"877887","latitude":"12.06666670","longitude":"-12.21666670","name":"Wawa"},{"id":"877889","latitude":"12.20000000","longitude":"-12.18333330","name":"W\u00e9diawarou"},{"id":"877918","latitude":"12.05000000","longitude":"-12.21666670","name":"Wougobi"},{"id":"877959","latitude":"12.10000000","longitude":"-12.51666670","name":"Yamaya"},{"id":"877962","latitude":"11.81666670","longitude":"-12.35000000","name":"Yamb\u00e9ring"},{"id":"877965","latitude":"12.28333330","longitude":"-12.68333330","name":"Yamoul\u00e9"},{"id":"877967","latitude":"12.35000000","longitude":"-11.96666670","name":"Yanbatakound\u00e9"},{"id":"877969","latitude":"12.15000000","longitude":"-12.28333330","name":"Yandi"},{"id":"878088","latitude":"12.20000000","longitude":"-12.23333330","name":"Y\u00e9wir\u00e9"},{"id":"878095","latitude":"12.26666670","longitude":"-12.58333330","name":"Yilimal\u00e9"},{"id":"878146","latitude":"11.93333330","longitude":"-12.45000000","name":"Ypitind\u00e9"}]