[{"id":"870424","latitude":"9.55000000","longitude":"-10.10000000","name":"Albad\u00e9ria"},{"id":"870459","latitude":"8.89527780","longitude":"-9.78111110","name":"Aouria"},{"id":"870478","latitude":"9.08333330","longitude":"-10.43333330","name":"Badala"},{"id":"870482","latitude":"9.05000000","longitude":"-10.06666670","name":"Badangba"},{"id":"870489","latitude":"9.18333330","longitude":"-10.35000000","name":"Baendou"},{"id":"870493","latitude":"9.28333330","longitude":"-10.36666670","name":"Bafaria"},{"id":"870494","latitude":"8.87138890","longitude":"-9.61083330","name":"Bafaya"},{"id":"870521","latitude":"8.98833330","longitude":"-10.26361110","name":"Bagb\u00e9"},{"id":"870568","latitude":"8.86527780","longitude":"-9.69694440","name":"Bakouma"},{"id":"870589","latitude":"9.31666670","longitude":"-10.25000000","name":"Balakodou"},{"id":"870626","latitude":"9.53333330","longitude":"-10.01666670","name":"Baldou"},{"id":"870639","latitude":"8.90361110","longitude":"-9.74944440","name":"Ballessama"},{"id":"870640","latitude":"8.90000000","longitude":"-10.08333330","name":"Balo"},{"id":"870658","latitude":"8.96222220","longitude":"-10.21833330","name":"Bamba"},{"id":"870668","latitude":"9.23333330","longitude":"-10.35000000","name":"Bambadou"},{"id":"870670","latitude":"9.28333330","longitude":"-10.03333330","name":"Bambaforia"},{"id":"870675","latitude":"9.21666670","longitude":"-10.03333330","name":"Bambako"},{"id":"870676","latitude":"9.18333330","longitude":"-10.28333330","name":"Bambakordou"},{"id":"870693","latitude":"9.35000000","longitude":"-10.06666670","name":"Bambaya"},{"id":"870702","latitude":"9.18333330","longitude":"-10.28333330","name":"Bambokorodou"},{"id":"870710","latitude":"9.06666670","longitude":"-9.75000000","name":"Banama"},{"id":"870711","latitude":"9.06666670","longitude":"-9.75000000","name":"Banaman"},{"id":"870725","latitude":"9.45000000","longitude":"-10.13333330","name":"Banankoro"},{"id":"870733","latitude":"9.28333330","longitude":"-9.63333330","name":"Banbadou"},{"id":"870737","latitude":"9.30000000","longitude":"-9.68333330","name":"Banbayal\u00e9ma"},{"id":"870739","latitude":"9.18333330","longitude":"-9.78333330","name":"Banda"},{"id":"870744","latitude":"9.23333330","longitude":"-9.81666670","name":"Bandakoro"},{"id":"870756","latitude":"8.94611110","longitude":"-9.50472220","name":"Bandaya"},{"id":"870763","latitude":"9.15000000","longitude":"-9.68333330","name":"Bandiraya"},{"id":"870765","latitude":"9.01666670","longitude":"-10.10000000","name":"Bando"},{"id":"870767","latitude":"8.93916670","longitude":"-10.11555560","name":"Bandoni"},{"id":"870769","latitude":"9.15000000","longitude":"-10.21666670","name":"Bandou"},{"id":"870777","latitude":"9.10000000","longitude":"-10.05000000","name":"Bangadou"},{"id":"870781","latitude":"9.15000000","longitude":"-10.25000000","name":"Bangbadou"},{"id":"870861","latitude":"8.99000000","longitude":"-9.52944440","name":"Baradou"},{"id":"870867","latitude":"9.28333330","longitude":"-9.45000000","name":"Barandou"},{"id":"870869","latitude":"9.03333330","longitude":"-9.86666670","name":"Bardou"},{"id":"870871","latitude":"9.26666670","longitude":"-10.13333330","name":"Barendou"},{"id":"870885","latitude":"9.00000000","longitude":"-10.00000000","name":"Bassa"},{"id":"870917","latitude":"9.21666670","longitude":"-10.03333330","name":"Bayan"},{"id":"870925","latitude":"9.05000000","longitude":"-10.06666670","name":"B\u00e9dou"},{"id":"870935","latitude":"9.28333330","longitude":"-9.88333330","name":"B\u00e9l\u00e9dou Kamadou"},{"id":"870955","latitude":"9.03333330","longitude":"-10.03333330","name":"B\u00e9lian"},{"id":"870973","latitude":"9.11666670","longitude":"-10.20000000","name":"Bendi Koro"},{"id":"870975","latitude":"8.98333330","longitude":"-10.05000000","name":"Bendou"},{"id":"870989","latitude":"9.10000000","longitude":"-10.05000000","name":"Benguadou"},{"id":"871015","latitude":"9.21666670","longitude":"-10.16666670","name":"B\u00e9rendou"},{"id":"871066","latitude":"8.88333330","longitude":"-9.83333330","name":"Bimber\u00e9"},{"id":"871071","latitude":"9.10000000","longitude":"-10.01666670","name":"Bindou"},{"id":"871115","latitude":"9.00000000","longitude":"-10.18333330","name":"Boani"},{"id":"871194","latitude":"9.00000000","longitude":"-9.86666670","name":"Bokoro"},{"id":"871216","latitude":"9.35000000","longitude":"-10.21666670","name":"Bombadou"},{"id":"871232","latitude":"9.16666670","longitude":"-10.08333330","name":"Bondadou"},{"id":"871235","latitude":"9.05000000","longitude":"-10.16666670","name":"Bondo"},{"id":"871244","latitude":"8.89305560","longitude":"-9.93666670","name":"Bongoro"},{"id":"871245","latitude":"9.06666670","longitude":"-10.16666670","name":"Bongui"},{"id":"871248","latitude":"9.15000000","longitude":"-10.38333330","name":"Bonkardou"},{"id":"871275","latitude":"9.45000000","longitude":"-9.96666670","name":"Boria"},{"id":"871284","latitude":"9.05000000","longitude":"-10.41666670","name":"Boro"},{"id":"871288","latitude":"9.00000000","longitude":"-10.15000000","name":"Borodou"},{"id":"871295","latitude":"9.51666670","longitude":"-10.38333330","name":"Borokoro"},{"id":"871322","latitude":"8.84472220","longitude":"-9.89000000","name":"Bouadou"},{"id":"871340","latitude":"9.00000000","longitude":"-9.96666670","name":"Boudou"},{"id":"871366","latitude":"8.94194440","longitude":"-9.92916670","name":"Boukoussou"},{"id":"871399","latitude":"8.82666670","longitude":"-9.93916670","name":"Boundou"},{"id":"871419","latitude":"9.21666670","longitude":"-10.40000000","name":"Bour\u00e9dou"},{"id":"871445","latitude":"9.11666670","longitude":"-10.10000000","name":"Bouy\u00e9"},{"id":"871462","latitude":"9.13333330","longitude":"-10.06666670","name":"Broadou"},{"id":"871464","latitude":"9.13333330","longitude":"-10.06666670","name":"Brouadou"},{"id":"871477","latitude":"9.43333330","longitude":"-10.25000000","name":"Camendou"},{"id":"871478","latitude":"9.43333330","longitude":"-10.25000000","name":"Camerindou"},{"id":"871479","latitude":"9.11666670","longitude":"-10.08333330","name":"Camian"},{"id":"871500","latitude":"9.31666670","longitude":"-10.11666670","name":"Cohy"},{"id":"871508","latitude":"9.06666670","longitude":"-10.20000000","name":"Congola"},{"id":"871514","latitude":"8.91361110","longitude":"-9.83444440","name":"Coromagui"},{"id":"871518","latitude":"9.18333330","longitude":"-9.76666670","name":"Cossilan"},{"id":"871565","latitude":"8.88333330","longitude":"-9.86666670","name":"Dakadou"},{"id":"871624","latitude":"8.97916670","longitude":"-9.35750000","name":"Damangueb\u00e8dou"},{"id":"871625","latitude":"8.97916670","longitude":"-9.35750000","name":"Damangu\u00e9dou"},{"id":"871630","latitude":"9.00000000","longitude":"-10.05000000","name":"Damba"},{"id":"871633","latitude":"9.08333330","longitude":"-10.40000000","name":"Damendou"},{"id":"871634","latitude":"9.45000000","longitude":"-10.05000000","name":"Damian"},{"id":"871641","latitude":"9.16666670","longitude":"-9.88333330","name":"Danbadou"},{"id":"871642","latitude":"9.11666670","longitude":"-9.68333330","name":"Danbaya"},{"id":"871647","latitude":"9.20000000","longitude":"-9.90000000","name":"Dandan"},{"id":"871653","latitude":"8.91250000","longitude":"-9.41388890","name":"Dandia"},{"id":"871654","latitude":"9.10000000","longitude":"-9.76666670","name":"Dandian"},{"id":"871658","latitude":"8.95000000","longitude":"-10.00000000","name":"Dandou"},{"id":"871673","latitude":"9.40000000","longitude":"-10.13333330","name":"Danioro"},{"id":"871676","latitude":"9.08333330","longitude":"-10.41666670","name":"Dankaldou"},{"id":"871680","latitude":"9.40000000","longitude":"-10.13333330","name":"Danloro"},{"id":"871747","latitude":"9.31666670","longitude":"-10.33333330","name":"D\u00e9a"},{"id":"871760","latitude":"8.89472220","longitude":"-9.66277780","name":"Dembadou"},{"id":"871774","latitude":"9.06666670","longitude":"-10.18333330","name":"Dendadou"},{"id":"871775","latitude":"9.10000000","longitude":"-10.08333330","name":"Dendaladou"},{"id":"871777","latitude":"9.15000000","longitude":"-10.41666670","name":"Dendou"},{"id":"871826","latitude":"9.48333330","longitude":"-9.83333330","name":"Dialakala"},{"id":"871829","latitude":"9.36666670","longitude":"-9.90000000","name":"Dialakoro"},{"id":"871831","latitude":"9.30000000","longitude":"-9.96666670","name":"Dialakoro-Kissi"},{"id":"871832","latitude":"9.36666670","longitude":"-9.90000000","name":"Dialakoro-Kouranko"},{"id":"871835","latitude":"9.30000000","longitude":"-9.96666670","name":"Dialankoro"},{"id":"871840","latitude":"9.10000000","longitude":"-10.25000000","name":"Dialonkoro"},{"id":"871853","latitude":"8.90000000","longitude":"-9.91666670","name":"Dian"},{"id":"871886","latitude":"9.26666670","longitude":"-9.58333330","name":"Diarakoro"},{"id":"871906","latitude":"9.45000000","longitude":"-10.08333330","name":"Diassardou"},{"id":"871922","latitude":"8.95500000","longitude":"-9.30416670","name":"Diavadou"},{"id":"871940","latitude":"9.13333330","longitude":"-9.96666670","name":"Didou"},{"id":"871978","latitude":"9.36666670","longitude":"-9.90000000","name":"Dilakoro-Kouranko"},{"id":"871983","latitude":"9.20000000","longitude":"-10.41666670","name":"Dind\u00e9ogba"},{"id":"871990","latitude":"9.11666670","longitude":"-10.21666670","name":"Dingu\u00e9"},{"id":"871995","latitude":"9.11666670","longitude":"-10.21666670","name":"Dink\u00e9"},{"id":"872012","latitude":"9.16666670","longitude":"-10.18333330","name":"Diomadou"},{"id":"872028","latitude":"9.05000000","longitude":"-9.98333330","name":"Dioromandou"},{"id":"872111","latitude":"9.11666670","longitude":"-9.50000000","name":"Donbadou"},{"id":"872116","latitude":"9.05000000","longitude":"-9.95000000","name":"Dondian"},{"id":"872142","latitude":"8.98666670","longitude":"-10.45388890","name":"Dorokoro"},{"id":"872153","latitude":"8.99138890","longitude":"-10.19055560","name":"Douadou"},{"id":"872157","latitude":"9.28333330","longitude":"-9.50000000","name":"Douaya"},{"id":"872173","latitude":"9.20000000","longitude":"-10.35000000","name":"Doudou"},{"id":"872228","latitude":"9.01666670","longitude":"-10.21666670","name":"Dounamaro"},{"id":"872229","latitude":"9.18333330","longitude":"-10.30000000","name":"Doundia"},{"id":"872267","latitude":"9.31666670","longitude":"-9.63333330","name":"Douya"},{"id":"872290","latitude":"9.31666670","longitude":"-10.06666670","name":"Erako"},{"id":"872294","latitude":"9.18333330","longitude":"-10.38333330","name":"Fa\u00e2dou"},{"id":"872295","latitude":"9.28333330","longitude":"-9.53333330","name":"Fabahia"},{"id":"872316","latitude":"9.01666670","longitude":"-10.20000000","name":"Fa\u00ebndou"},{"id":"872339","latitude":"9.26666670","longitude":"-10.15000000","name":"Falama"},{"id":"872343","latitude":"9.13333330","longitude":"-10.21666670","name":"Falanko"},{"id":"872402","latitude":"8.92750000","longitude":"-9.88083330","name":"Fankouma"},{"id":"872409","latitude":"9.51666670","longitude":"-10.15000000","name":"Fansan"},{"id":"872441","latitude":"9.40000000","longitude":"-10.08333330","name":"Farako"},{"id":"872451","latitude":"9.26666670","longitude":"-10.15000000","name":"Farama"},{"id":"872458","latitude":"9.08333330","longitude":"-10.23333330","name":"Farandala"},{"id":"872459","latitude":"9.01666670","longitude":"-9.45000000","name":"Farando"},{"id":"872473","latitude":"9.11666670","longitude":"-10.43333330","name":"Fararandou"},{"id":"872475","latitude":"9.11666670","longitude":"-10.30000000","name":"Farawendou"},{"id":"872480","latitude":"9.06666670","longitude":"-10.38333330","name":"Farendou"},{"id":"872497","latitude":"9.06666670","longitude":"-9.93333330","name":"Farmassadou"},{"id":"872503","latitude":"9.30000000","longitude":"-10.26666670","name":"Faroro"},{"id":"872531","latitude":"8.86666670","longitude":"-9.96666670","name":"Faudou"},{"id":"872532","latitude":"8.85000000","longitude":"-9.76916670","name":"Faur\u00e9a"},{"id":"872544","latitude":"9.11666670","longitude":"-9.86666670","name":"F\u00e9h\u00e9dou"},{"id":"872570","latitude":"9.31666670","longitude":"-9.73333330","name":"F\u00e9randou"},{"id":"872571","latitude":"9.15000000","longitude":"-10.10000000","name":"Ferdou"},{"id":"872581","latitude":"9.20000000","longitude":"-9.53333330","name":"F\u00e9r\u00e9madou"},{"id":"872588","latitude":"9.13333330","longitude":"-10.15000000","name":"Fermessadou"},{"id":"872590","latitude":"9.15000000","longitude":"-10.10000000","name":"F\u00e9ro"},{"id":"872600","latitude":"9.20000000","longitude":"-10.18333330","name":"Filakoro"},{"id":"872608","latitude":"8.98333330","longitude":"-9.81666670","name":"Fimb\u00e9dou"},{"id":"872615","latitude":"9.30000000","longitude":"-10.11666670","name":"Finaya"},{"id":"872620","latitude":"9.15000000","longitude":"-10.41666670","name":"Firambadou"},{"id":"872621","latitude":"8.84277780","longitude":"-9.83666670","name":"Firaoua"},{"id":"872622","latitude":"9.21666670","longitude":"-9.78333330","name":"Firawa"},{"id":"872623","latitude":"9.51666670","longitude":"-10.16666670","name":"Firawaya"},{"id":"872631","latitude":"9.11666670","longitude":"-10.01666670","name":"Firoua"},{"id":"872634","latitude":"9.46666670","longitude":"-10.13333330","name":"Fissankoro"},{"id":"872655","latitude":"8.93361110","longitude":"-9.82694440","name":"Fodou"},{"id":"872688","latitude":"8.98000000","longitude":"-9.64722220","name":"Fondoya"},{"id":"872695","latitude":"8.96333330","longitude":"-9.34972220","name":"Fongoya"},{"id":"872696","latitude":"9.13333330","longitude":"-9.88333330","name":"Foniadou"},{"id":"872703","latitude":"9.13333330","longitude":"-9.88333330","name":"Fontadou"},{"id":"872708","latitude":"9.30000000","longitude":"-10.33333330","name":"Fordou"},{"id":"872715","latitude":"9.25000000","longitude":"-10.23333330","name":"Foria"},{"id":"872720","latitude":"9.20000000","longitude":"-10.38333330","name":"Forodou"},{"id":"872727","latitude":"9.30000000","longitude":"-9.43333330","name":"Forossandou"},{"id":"872735","latitude":"9.41666670","longitude":"-9.90000000","name":"Foua"},{"id":"872789","latitude":"9.56666670","longitude":"-10.21666670","name":"Fourdou"},{"id":"872793","latitude":"9.56666670","longitude":"-10.21666670","name":"Fouroudou"},{"id":"872895","latitude":"9.10000000","longitude":"-9.90000000","name":"Gbanbadou"},{"id":"872896","latitude":"9.05000000","longitude":"-10.33333330","name":"Gband\u00e9dou"},{"id":"872941","latitude":"9.11666670","longitude":"-10.20000000","name":"Geninkoro"},{"id":"872948","latitude":"9.36666670","longitude":"-10.35000000","name":"Gingueldou"},{"id":"873028","latitude":"9.21666670","longitude":"-9.31666670","name":"Gouinko"},{"id":"873073","latitude":"9.06666670","longitude":"-10.00000000","name":"Gu\u00e9lan"},{"id":"873090","latitude":"9.11666670","longitude":"-10.20000000","name":"Gu\u00e9ninkoro"},{"id":"873110","latitude":"8.94722220","longitude":"-9.46305560","name":"Guibaya"},{"id":"873121","latitude":"9.38333330","longitude":"-9.71666670","name":"Guidou"},{"id":"873128","latitude":"9.00000000","longitude":"-9.95000000","name":"Guiffo"},{"id":"873132","latitude":"8.89000000","longitude":"-9.86972220","name":"Guiladou"},{"id":"873133","latitude":"9.11666670","longitude":"-10.31666670","name":"Guilbadou"},{"id":"873142","latitude":"9.23333330","longitude":"-10.18333330","name":"Guiliwodou"},{"id":"873143","latitude":"8.99444440","longitude":"-9.84888890","name":"Guilouadou"},{"id":"873156","latitude":"9.11666670","longitude":"-10.31666670","name":"Guirawadou"},{"id":"873187","latitude":"9.31666670","longitude":"-10.06666670","name":"H\u00e9rako"},{"id":"873240","latitude":"9.06666670","longitude":"-9.80000000","name":"Ilouadou"},{"id":"873303","latitude":"8.93333330","longitude":"-10.08333330","name":"Kacbadou"},{"id":"873353","latitude":"9.10000000","longitude":"-10.35000000","name":"Kalakiridou"},{"id":"873401","latitude":"9.08333330","longitude":"-10.21666670","name":"Kamadou"},{"id":"873411","latitude":"9.40000000","longitude":"-9.93333330","name":"Kamankoro"},{"id":"873423","latitude":"9.05000000","longitude":"-10.36666670","name":"Kambado"},{"id":"873454","latitude":"9.43333330","longitude":"-10.25000000","name":"Kam\u00e9randou"},{"id":"873545","latitude":"8.92750000","longitude":"-9.88083330","name":"Kankouma"},{"id":"873566","latitude":"9.95000000","longitude":"-10.26666670","name":"Kansareya"},{"id":"873574","latitude":"9.95000000","longitude":"-10.26666670","name":"Kansiraya"},{"id":"873606","latitude":"9.01666670","longitude":"-10.18333330","name":"Karadou"},{"id":"873610","latitude":"9.10000000","longitude":"-10.35000000","name":"Karak\u00e9ridougou"},{"id":"873612","latitude":"9.46666670","longitude":"-10.23333330","name":"Karakol\u00e9"},{"id":"873649","latitude":"9.50000000","longitude":"-10.03333330","name":"Karmassadou"},{"id":"873655","latitude":"9.28333330","longitude":"-10.23333330","name":"Kassadou"},{"id":"873733","latitude":"9.13333330","longitude":"-10.06666670","name":"K\u00e9bal\u00e9"},{"id":"873743","latitude":"9.13333330","longitude":"-10.06666670","name":"K\u00e9b\u00e9la"},{"id":"873753","latitude":"8.92500000","longitude":"-10.16527780","name":"Keikadou"},{"id":"873756","latitude":"8.98333330","longitude":"-9.85000000","name":"K\u00e9langoma"},{"id":"873759","latitude":"9.00000000","longitude":"-10.45000000","name":"K\u00e9l\u00e9dou"},{"id":"873765","latitude":"8.93333330","longitude":"-9.85000000","name":"Kelodou"},{"id":"873777","latitude":"9.25000000","longitude":"-10.35000000","name":"Kend\u00e9a"},{"id":"873780","latitude":"9.10000000","longitude":"-10.15000000","name":"Kendian"},{"id":"873781","latitude":"9.25000000","longitude":"-10.38333330","name":"Kendikoro"},{"id":"873786","latitude":"8.98333330","longitude":"-10.08250000","name":"Ken\u00e9dou"},{"id":"873791","latitude":"9.25000000","longitude":"-10.06666670","name":"K\u00e9n\u00e9ma"},{"id":"873829","latitude":"9.28333330","longitude":"-10.20000000","name":"Kens\u00e9r\u00e9dou"},{"id":"873843","latitude":"9.21666670","longitude":"-10.06666670","name":"K\u00e9r\u00e9dou"},{"id":"873852","latitude":"9.21666670","longitude":"-10.10000000","name":"K\u00e9risan\u00e9"},{"id":"873854","latitude":"8.97583330","longitude":"-9.79472220","name":"K\u00e9ro"},{"id":"873892","latitude":"9.21666670","longitude":"-10.33333330","name":"Kidamaya"},{"id":"873924","latitude":"9.06666670","longitude":"-10.06666670","name":"Kingu\u00e9"},{"id":"873942","latitude":"9.28333330","longitude":"-10.20000000","name":"Kinsardou"},{"id":"873948","latitude":"9.25000000","longitude":"-10.30000000","name":"Kiraya"},{"id":"873952","latitude":"9.25000000","longitude":"-10.28333330","name":"Kiria"},{"id":"873959","latitude":"9.50000000","longitude":"-10.03333330","name":"Kirimassadou"},{"id":"873960","latitude":"9.18333330","longitude":"-10.30000000","name":"Kirimaya"},{"id":"873962","latitude":"9.50000000","longitude":"-10.03333330","name":"Kirimisadou"},{"id":"873966","latitude":"9.26666670","longitude":"-9.98333330","name":"Kirsan\u00e9"},{"id":"873974","latitude":"8.88333330","longitude":"-9.98333330","name":"Kiss\u00e9n\u00e8"},{"id":"873978","latitude":"9.18333330","longitude":"-10.10000000","name":"Kissidougou"},{"id":"873979","latitude":"9.18333330","longitude":"-10.10000000","name":"Kissidugu"},{"id":"874055","latitude":"9.01666670","longitude":"-10.43333330","name":"Koendou"},{"id":"874064","latitude":"9.15000000","longitude":"-10.03333330","name":"Kofodou"},{"id":"874065","latitude":"9.15000000","longitude":"-10.03333330","name":"Kofoudou"},{"id":"874078","latitude":"9.31666670","longitude":"-10.11666670","name":"Kohi"},{"id":"874117","latitude":"9.03333330","longitude":"-10.01666670","name":"Koladou"},{"id":"874137","latitude":"8.92083330","longitude":"-10.25361110","name":"Kol\u00e9adou"},{"id":"874150","latitude":"9.03333330","longitude":"-10.43333330","name":"Kol\u00e9ni"},{"id":"874189","latitude":"8.97222220","longitude":"-9.85083330","name":"Kolodou"},{"id":"874221","latitude":"8.97055560","longitude":"-10.10277780","name":"K\u00f4ma"},{"id":"874230","latitude":"8.93333330","longitude":"-9.88333330","name":"Komanssan"},{"id":"874231","latitude":"9.15000000","longitude":"-10.01666670","name":"Komaro"},{"id":"874265","latitude":"8.92527780","longitude":"-9.93916670","name":"Konda"},{"id":"874266","latitude":"8.91666670","longitude":"-10.03333330","name":"Kond\u00e9adou"},{"id":"874276","latitude":"9.11666670","longitude":"-10.25000000","name":"Kondero"},{"id":"874288","latitude":"8.94750000","longitude":"-10.14388890","name":"Kondobouille"},{"id":"874294","latitude":"8.91166670","longitude":"-10.19138890","name":"Kondou"},{"id":"874304","latitude":"9.33333330","longitude":"-9.41666670","name":"Kon\u00e9ya"},{"id":"874307","latitude":"8.96666670","longitude":"-10.26666670","name":"Kongkongo"},{"id":"874309","latitude":"8.95000000","longitude":"-10.06666670","name":"Kongodou"},{"id":"874311","latitude":"8.81666670","longitude":"-9.96666670","name":"Kongola"},{"id":"874313","latitude":"8.98333330","longitude":"-10.20000000","name":"Kongonani"},{"id":"874345","latitude":"9.10000000","longitude":"-10.35000000","name":"Konkobaro"},{"id":"874346","latitude":"9.05000000","longitude":"-10.25000000","name":"Konkohoul\u00e9"},{"id":"874348","latitude":"9.38333330","longitude":"-9.90000000","name":"Konko"},{"id":"874387","latitude":"9.08333330","longitude":"-10.26666670","name":"Kor\u00e9dou"},{"id":"874390","latitude":"9.01666670","longitude":"-10.43333330","name":"Korendou"},{"id":"874402","latitude":"8.90083330","longitude":"-9.83694440","name":"Korkorasso"},{"id":"874408","latitude":"9.08333330","longitude":"-10.26666670","name":"Korodou"},{"id":"874412","latitude":"8.91361110","longitude":"-9.83444440","name":"Koromagui"},{"id":"874418","latitude":"9.05000000","longitude":"-10.13333330","name":"Korondou"},{"id":"874428","latitude":"8.94055560","longitude":"-9.83416670","name":"Kossadou"},{"id":"874430","latitude":"8.95500000","longitude":"-10.07472220","name":"Kossa"},{"id":"874435","latitude":"9.18333330","longitude":"-9.76666670","name":"Kossila"},{"id":"874436","latitude":"9.18333330","longitude":"-9.76666670","name":"Kossilan"},{"id":"874438","latitude":"9.43333330","longitude":"-9.70000000","name":"Kossiria"},{"id":"874493","latitude":"9.16666670","longitude":"-9.98333330","name":"Koudou Ponpo"},{"id":"874515","latitude":"9.01666670","longitude":"-10.13333330","name":"Koukongo"},{"id":"874516","latitude":"9.43333330","longitude":"-10.35000000","name":"Koukonko"},{"id":"874527","latitude":"9.20000000","longitude":"-9.66666670","name":"Koul\u00e9a"},{"id":"874530","latitude":"8.92416670","longitude":"-10.04194440","name":"Koulia"},{"id":"874540","latitude":"8.97638890","longitude":"-9.94250000","name":"Kouloubadou"},{"id":"874548","latitude":"9.06666670","longitude":"-9.50000000","name":"Kouloumbadou"},{"id":"874587","latitude":"8.93888890","longitude":"-9.58611110","name":"Koumbaya"},{"id":"874615","latitude":"8.91666670","longitude":"-10.03333330","name":"Koundiadou"},{"id":"874619","latitude":"9.18333330","longitude":"-10.18333330","name":"Koundian"},{"id":"874625","latitude":"9.10000000","longitude":"-10.43333330","name":"Koundoubingou"},{"id":"874628","latitude":"9.13333330","longitude":"-10.41666670","name":"Koundoukonko"},{"id":"874661","latitude":"9.58333330","longitude":"-9.95000000","name":"Kountaya"},{"id":"874690","latitude":"9.06666670","longitude":"-10.28333330","name":"Kouriadou"},{"id":"874695","latitude":"8.96555560","longitude":"-9.89361110","name":"Kouridian"},{"id":"874717","latitude":"9.43333330","longitude":"-10.35000000","name":"Kouroukonko"},{"id":"874751","latitude":"9.90000000","longitude":"-10.06666670","name":"Kouya Laya"},{"id":"874752","latitude":"9.90000000","longitude":"-10.06666670","name":"Kouya-Leya"},{"id":"874850","latitude":"9.11666670","longitude":"-10.15000000","name":"Langd\u00e9tio"},{"id":"874897","latitude":"9.01666670","longitude":"-10.05000000","name":"L\u00e9la"},{"id":"874903","latitude":"9.08333330","longitude":"-10.36666670","name":"L\u00e9l\u00e9sa"},{"id":"874905","latitude":"9.08333330","longitude":"-10.36666670","name":"Lelessa"},{"id":"874945","latitude":"9.41666670","longitude":"-9.91666670","name":"Lingbirinkoro"},{"id":"874947","latitude":"9.18333330","longitude":"-10.40000000","name":"Lingu\u00e9boa"},{"id":"874967","latitude":"8.96666670","longitude":"-9.88333330","name":"Lodou"},{"id":"874977","latitude":"9.20000000","longitude":"-10.28333330","name":"Lokonko"},{"id":"874984","latitude":"9.03333330","longitude":"-10.05000000","name":"Lomadou"},{"id":"874988","latitude":"9.21666670","longitude":"-10.05000000","name":"Longoa"},{"id":"875049","latitude":"9.15000000","longitude":"-10.23333330","name":"Madina"},{"id":"875065","latitude":"8.90000000","longitude":"-9.93333330","name":"Ma\u00e9koro"},{"id":"875067","latitude":"9.10000000","longitude":"-10.15000000","name":"Ma\u00e9ro"},{"id":"875069","latitude":"9.03333330","longitude":"-10.11666670","name":"Mafendou"},{"id":"875074","latitude":"8.94666670","longitude":"-9.96638890","name":"Mafindou"},{"id":"875089","latitude":"9.43333330","longitude":"-10.18333330","name":"Ma\u00efndou"},{"id":"875097","latitude":"8.91944440","longitude":"-9.90750000","name":"Makolon"},{"id":"875135","latitude":"9.03333330","longitude":"-10.41666670","name":"Malo"},{"id":"875143","latitude":"9.18333330","longitude":"-10.23333330","name":"Mamankono"},{"id":"875154","latitude":"9.33333330","longitude":"-10.18333330","name":"Mambouroudou"},{"id":"875155","latitude":"9.33333330","longitude":"-10.18333330","name":"Mambourou"},{"id":"875168","latitude":"8.93333330","longitude":"-9.68611110","name":"Mamouria"},{"id":"875195","latitude":"9.05000000","longitude":"-10.21666670","name":"Mandou"},{"id":"875200","latitude":"9.35000000","longitude":"-9.76666670","name":"Manfara"},{"id":"875239","latitude":"9.11666670","longitude":"-10.33333330","name":"Mankorodou"},{"id":"875249","latitude":"9.18333330","longitude":"-10.41666670","name":"Mansandou"},{"id":"875259","latitude":"9.21666670","longitude":"-10.38333330","name":"Mansonian"},{"id":"875260","latitude":"9.18333330","longitude":"-10.41666670","name":"Mansoundou"},{"id":"875265","latitude":"8.93333330","longitude":"-9.76666670","name":"Mantaranian"},{"id":"875274","latitude":"9.06666670","longitude":"-10.41666670","name":"Maragbadou"},{"id":"875275","latitude":"9.23333330","longitude":"-10.08333330","name":"Mara"},{"id":"875295","latitude":"9.58333330","longitude":"-10.15000000","name":"Marna"},{"id":"875301","latitude":"9.16666670","longitude":"-10.25000000","name":"Massacoundou Soulangolo"},{"id":"875303","latitude":"8.86666670","longitude":"-9.91666670","name":"Massadou"},{"id":"875306","latitude":"9.16666670","longitude":"-10.25000000","name":"Massakoundou"},{"id":"875307","latitude":"9.16666670","longitude":"-10.25000000","name":"Massakoundou Soulangolo"},{"id":"875309","latitude":"9.38333330","longitude":"-9.91666670","name":"Massamana"},{"id":"875310","latitude":"9.38333330","longitude":"-9.91666670","name":"Massamaniana"},{"id":"875311","latitude":"9.56666670","longitude":"-10.00000000","name":"Massamayan"},{"id":"875313","latitude":"9.38333330","longitude":"-9.91666670","name":"Massaniana"},{"id":"875358","latitude":"8.90000000","longitude":"-10.08333330","name":"M\u00e9la"},{"id":"875378","latitude":"9.26666670","longitude":"-9.63333330","name":"M\u00e9nans\u00e9lia"},{"id":"875389","latitude":"9.58333330","longitude":"-10.15000000","name":"M\u00e9r\u00e9na"},{"id":"875392","latitude":"9.38333330","longitude":"-10.26666670","name":"Merm\u00e9ria"},{"id":"875394","latitude":"9.25000000","longitude":"-10.36666670","name":"Messaoulaya"},{"id":"875403","latitude":"8.87750000","longitude":"-10.15166670","name":"Millimou"},{"id":"875407","latitude":"9.43333330","longitude":"-10.18333330","name":"Mindou"},{"id":"875439","latitude":"9.18333330","longitude":"-10.43333330","name":"Mo\u00e9k\u00e9r\u00e9dou"},{"id":"875441","latitude":"9.08333330","longitude":"-9.86666670","name":"Moh\u00e9kodou"},{"id":"875451","latitude":"9.23333330","longitude":"-10.35000000","name":"Molokoyi"},{"id":"875486","latitude":"8.95638890","longitude":"-9.33305560","name":"Moria"},{"id":"875539","latitude":"8.96694440","longitude":"-9.72333330","name":"Moundokoro"},{"id":"875543","latitude":"8.96694440","longitude":"-9.72333330","name":"Mounoukoro"},{"id":"875559","latitude":"9.10000000","longitude":"-10.06666670","name":"Moyan"},{"id":"875638","latitude":"8.84694440","longitude":"-9.94694440","name":"N\u00e9mian"},{"id":"875677","latitude":"9.25000000","longitude":"-9.60000000","name":"Nialdou"},{"id":"875686","latitude":"9.31666670","longitude":"-9.75000000","name":"Niamana"},{"id":"875687","latitude":"9.11666670","longitude":"-10.13333330","name":"Niamandou"},{"id":"875763","latitude":"9.25000000","longitude":"-10.38333330","name":"Nimonian"},{"id":"875765","latitude":"8.90527780","longitude":"-9.98861110","name":"Ninguebeda"},{"id":"875766","latitude":"8.90527780","longitude":"-9.98861110","name":"Ninguebedo"},{"id":"875767","latitude":"9.36666670","longitude":"-10.35000000","name":"Ningueldou"},{"id":"875802","latitude":"8.93333330","longitude":"-10.10000000","name":"Nongoa"},{"id":"875807","latitude":"9.21666670","longitude":"-10.05000000","name":"Nongoua"},{"id":"875808","latitude":"9.16666670","longitude":"-10.26666670","name":"Nongouaro"},{"id":"875810","latitude":"8.84166670","longitude":"-9.87333330","name":"Nongouro"},{"id":"875811","latitude":"9.16666670","longitude":"-10.26666670","name":"Nonguokoro"},{"id":"875829","latitude":"8.84166670","longitude":"-9.87333330","name":"Nougoro"},{"id":"875831","latitude":"8.84166670","longitude":"-9.87333330","name":"Nougouro"},{"id":"875861","latitude":"9.13333330","longitude":"-10.05000000","name":"Odossa"},{"id":"875916","latitude":"9.36666670","longitude":"-10.08333330","name":"Ossokourouma"},{"id":"875919","latitude":"8.92305560","longitude":"-9.58305560","name":"Ouadou"},{"id":"875932","latitude":"9.01666670","longitude":"-10.10000000","name":"Oualto"},{"id":"875954","latitude":"9.15000000","longitude":"-9.45000000","name":"Ouaro Koro"},{"id":"875955","latitude":"9.00000000","longitude":"-9.43333330","name":"Ouarou"},{"id":"875964","latitude":"9.01666670","longitude":"-10.43333330","name":"Ouassaya"},{"id":"875971","latitude":"8.84944440","longitude":"-9.48305560","name":"Ouaz\u00e9ma\u00ef"},{"id":"875984","latitude":"9.05000000","longitude":"-10.13333330","name":"Ouend\u00e9"},{"id":"875985","latitude":"9.00000000","longitude":"-10.21666670","name":"Ouend\u00e9 To"},{"id":"875988","latitude":"9.05000000","longitude":"-10.13333330","name":"Ouendou"},{"id":"876009","latitude":"9.01666670","longitude":"-10.05000000","name":"Ouladin"},{"id":"876016","latitude":"9.13333330","longitude":"-9.96666670","name":"Ouldou"},{"id":"876035","latitude":"9.25000000","longitude":"-9.63333330","name":"Oumbaya"},{"id":"876060","latitude":"9.05000000","longitude":"-10.10000000","name":"Ouorodou"},{"id":"876063","latitude":"9.15000000","longitude":"-9.45000000","name":"Ouorokore"},{"id":"876064","latitude":"9.15000000","longitude":"-9.45000000","name":"Ouorokoro"},{"id":"876097","latitude":"9.15000000","longitude":"-10.41666670","name":"Ourouba"},{"id":"876103","latitude":"9.01666670","longitude":"-10.26666670","name":"Ouroukonko"},{"id":"876105","latitude":"9.10000000","longitude":"-10.28333330","name":"Ouroukoro"},{"id":"876109","latitude":"9.00000000","longitude":"-9.43333330","name":"Ourou"},{"id":"876119","latitude":"8.90222220","longitude":"-9.70083330","name":"Oussoukonko"},{"id":"876120","latitude":"9.36666670","longitude":"-10.08333330","name":"Oussoukourouma"},{"id":"876141","latitude":"9.01666670","longitude":"-10.10000000","name":"Ovalto"},{"id":"876162","latitude":"9.21666670","longitude":"-10.03333330","name":"Pampako"},{"id":"876238","latitude":"9.03333330","longitude":"-10.08333330","name":"Pobenguo"},{"id":"876267","latitude":"8.85722220","longitude":"-9.91611110","name":"Pr\u00e8dou"},{"id":"876296","latitude":"9.06666670","longitude":"-10.16666670","name":"Saadou"},{"id":"876332","latitude":"8.96666670","longitude":"-9.90000000","name":"Sadou"},{"id":"876343","latitude":"9.33333330","longitude":"-10.35000000","name":"Sagb\u00e9l\u00e9a"},{"id":"876350","latitude":"8.83333330","longitude":"-9.96666670","name":"Sagueb\u00e9"},{"id":"876357","latitude":"9.13333330","longitude":"-10.06666670","name":"Saint-Antonin"},{"id":"876358","latitude":"9.11666670","longitude":"-10.01666670","name":"Sainte-Th\u00e9r\u00e8se"},{"id":"876452","latitude":"9.11666670","longitude":"-10.38333330","name":"Sanadou"},{"id":"876471","latitude":"9.23333330","longitude":"-10.30000000","name":"Sanda\u00efa"},{"id":"876476","latitude":"9.23333330","longitude":"-10.30000000","name":"Sandaya"},{"id":"876477","latitude":"9.13333330","longitude":"-10.38333330","name":"Sand\u00e9dou"},{"id":"876481","latitude":"9.15000000","longitude":"-9.88333330","name":"Sandia"},{"id":"876485","latitude":"9.00000000","longitude":"-10.26666670","name":"Sandikodou"},{"id":"876489","latitude":"9.06666670","longitude":"-10.05000000","name":"Sangalabadou"},{"id":"876492","latitude":"9.40000000","longitude":"-10.21666670","name":"Sangardo"},{"id":"876504","latitude":"9.06666670","longitude":"-10.03333330","name":"Sanga"},{"id":"876508","latitude":"9.28333330","longitude":"-10.35000000","name":"Sangbayan"},{"id":"876509","latitude":"9.18333330","longitude":"-10.11666670","name":"Sangbo"},{"id":"876515","latitude":"9.18333330","longitude":"-10.23333330","name":"Sangouanian"},{"id":"876533","latitude":"9.23333330","longitude":"-10.03333330","name":"Sankalibadou"},{"id":"876538","latitude":"9.40000000","longitude":"-10.21666670","name":"Sankaredou"},{"id":"876542","latitude":"8.85500000","longitude":"-9.78722220","name":"Sankirissa"},{"id":"876584","latitude":"9.01666670","longitude":"-10.45000000","name":"Saoul\u00e9"},{"id":"876602","latitude":"9.23333330","longitude":"-10.43333330","name":"Saramardou"},{"id":"876659","latitude":"8.85000000","longitude":"-9.93333330","name":"Sassama"},{"id":"876661","latitude":"9.20000000","longitude":"-10.36666670","name":"Sassam"},{"id":"876663","latitude":"9.20000000","longitude":"-10.36666670","name":"Sassani"},{"id":"876669","latitude":"9.05000000","longitude":"-10.43333330","name":"Saya"},{"id":"876675","latitude":"8.85000000","longitude":"-9.93333330","name":"S\u00e9an"},{"id":"876704","latitude":"9.28333330","longitude":"-9.96666670","name":"Seidou"},{"id":"876746","latitude":"9.16666670","longitude":"-10.43333330","name":"S\u00e9ouadou"},{"id":"876754","latitude":"9.26666670","longitude":"-9.53333330","name":"S\u00e9rakoro"},{"id":"876767","latitude":"9.25000000","longitude":"-10.10000000","name":"S\u00e9riadou"},{"id":"876770","latitude":"9.15000000","longitude":"-10.31666670","name":"S\u00e9riendou"},{"id":"876786","latitude":"9.18333330","longitude":"-10.06666670","name":"Seydou"},{"id":"876807","latitude":"9.18333330","longitude":"-10.23333330","name":"Siguanbaya"},{"id":"876847","latitude":"8.95027780","longitude":"-9.88888890","name":"Simbia"},{"id":"876870","latitude":"9.23333330","longitude":"-9.41666670","name":"Sin\u00e9\u00efadougou"},{"id":"876886","latitude":"9.23333330","longitude":"-9.41666670","name":"Siniaradou"},{"id":"876952","latitude":"9.43333330","longitude":"-9.86666670","name":"Sirdou"},{"id":"876964","latitude":"9.35000000","longitude":"-10.33333330","name":"Siria"},{"id":"876967","latitude":"9.33333330","longitude":"-9.35000000","name":"Sirigb\u00e9dou"},{"id":"876968","latitude":"9.03333330","longitude":"-9.51666670","name":"Sirikoudou"},{"id":"876969","latitude":"9.03333330","longitude":"-9.51666670","name":"Sirikouldou"},{"id":"876973","latitude":"9.23333330","longitude":"-9.41666670","name":"Sirinialdou"},{"id":"876977","latitude":"9.01666670","longitude":"-9.43333330","name":"Sirouadou"},{"id":"876985","latitude":"8.97833330","longitude":"-10.39722220","name":"Sobadou"},{"id":"877014","latitude":"8.87250000","longitude":"-9.56305560","name":"Soiououl\u00e9ya"},{"id":"877038","latitude":"9.21666670","longitude":"-10.11666670","name":"Sokourala"},{"id":"877042","latitude":"8.90000000","longitude":"-10.18333330","name":"Solapi"},{"id":"877053","latitude":"9.00000000","longitude":"-10.06666670","name":"Solonto"},{"id":"877054","latitude":"8.87250000","longitude":"-9.56305560","name":"Solououl\u00e9ya"},{"id":"877060","latitude":"9.03333330","longitude":"-9.56666670","name":"Sombaya"},{"id":"877062","latitude":"8.98611110","longitude":"-9.46666670","name":"Somborodou"},{"id":"877070","latitude":"9.03333330","longitude":"-9.56666670","name":"Sonbaya"},{"id":"877080","latitude":"9.18333330","longitude":"-10.11666670","name":"Songbo"},{"id":"877099","latitude":"8.93833330","longitude":"-9.80444440","name":"Sonkoya"},{"id":"877121","latitude":"9.33333330","longitude":"-9.45000000","name":"Soromaya"},{"id":"877127","latitude":"9.40000000","longitude":"-9.75000000","name":"Soro"},{"id":"877128","latitude":"9.13333330","longitude":"-10.28333330","name":"Sosokoro"},{"id":"877132","latitude":"9.13333330","longitude":"-10.28333330","name":"Sossokoro"},{"id":"877165","latitude":"9.23333330","longitude":"-9.56666670","name":"Soukourala"},{"id":"877196","latitude":"9.03333330","longitude":"-9.56666670","name":"Soumbaia"},{"id":"877206","latitude":"8.97277780","longitude":"-9.98805560","name":"Soumdou"},{"id":"877218","latitude":"9.05000000","longitude":"-10.01666670","name":"Soundian"},{"id":"877220","latitude":"9.15000000","longitude":"-10.23333330","name":"Soundou\u00efa"},{"id":"877221","latitude":"9.15000000","longitude":"-10.23333330","name":"Soundya"},{"id":"877224","latitude":"9.21666670","longitude":"-10.23333330","name":"Soungoumaya"},{"id":"877233","latitude":"9.03333330","longitude":"-9.51666670","name":"Soupoukoudou"},{"id":"877235","latitude":"9.58333330","longitude":"-10.10000000","name":"Souramaya"},{"id":"877260","latitude":"8.85611110","longitude":"-9.87305560","name":"Sullakollo"},{"id":"877289","latitude":"8.91666670","longitude":"-10.13333330","name":"Tadia"},{"id":"877338","latitude":"9.15000000","longitude":"-10.08333330","name":"Tamanigu\u00e9dou"},{"id":"877354","latitude":"9.26666670","longitude":"-10.25000000","name":"Tambaya"},{"id":"877355","latitude":"9.21666670","longitude":"-10.13333330","name":"Tambiandou"},{"id":"877360","latitude":"9.25000000","longitude":"-10.13333330","name":"Tambyandou Koura"},{"id":"877361","latitude":"9.21666670","longitude":"-10.13333330","name":"Tambyandou"},{"id":"877386","latitude":"9.25000000","longitude":"-10.15000000","name":"Tanforia"},{"id":"877397","latitude":"9.03333330","longitude":"-10.23333330","name":"Tankalto"},{"id":"877398","latitude":"9.03333330","longitude":"-10.23333330","name":"Tankoloto"},{"id":"877399","latitude":"9.03333330","longitude":"-10.23333330","name":"Tankolto"},{"id":"877410","latitude":"9.05000000","longitude":"-10.35000000","name":"Tarakor\u00e9"},{"id":"877411","latitude":"9.05000000","longitude":"-10.35000000","name":"Tarakori"},{"id":"877447","latitude":"9.11666670","longitude":"-10.43333330","name":"Teddou"},{"id":"877450","latitude":"8.94500000","longitude":"-10.19888890","name":"T\u00e9dou"},{"id":"877456","latitude":"9.11666670","longitude":"-9.75000000","name":"Telebadou"},{"id":"877457","latitude":"9.11666670","longitude":"-9.75000000","name":"T\u00e9l\u00e9bodou"},{"id":"877462","latitude":"8.95000000","longitude":"-9.95000000","name":"T\u00e9lian"},{"id":"877474","latitude":"9.56666670","longitude":"-9.90000000","name":"Tellikaya"},{"id":"877578","latitude":"9.21666670","longitude":"-10.38333330","name":"Tilikoro"},{"id":"877580","latitude":"9.13333330","longitude":"-10.35000000","name":"Timbeldou"},{"id":"877600","latitude":"8.90416670","longitude":"-10.07611110","name":"Tinh\u00e9a"},{"id":"877603","latitude":"8.90416670","longitude":"-10.07611110","name":"Tink\u00e9a"},{"id":"877608","latitude":"8.90416670","longitude":"-10.07611110","name":"Tinkia"},{"id":"877627","latitude":"8.90416670","longitude":"-10.07611110","name":"Tiok\u00e9a"},{"id":"877637","latitude":"9.25000000","longitude":"-9.35000000","name":"Tizinko"},{"id":"877639","latitude":"8.96833330","longitude":"-9.42055560","name":"Tob\u00e9a"},{"id":"877663","latitude":"8.86666670","longitude":"-9.98333330","name":"Toli"},{"id":"877664","latitude":"8.88138890","longitude":"-10.08111110","name":"Tolli"},{"id":"877665","latitude":"8.96666670","longitude":"-10.13333330","name":"Tolly"},{"id":"877700","latitude":"9.30000000","longitude":"-10.15000000","name":"Tongbekoro"},{"id":"877701","latitude":"9.21666670","longitude":"-9.88333330","name":"Tongboti\u00e9"},{"id":"877707","latitude":"8.96055560","longitude":"-9.93500000","name":"Tongui"},{"id":"877872","latitude":"9.01666670","longitude":"-10.10000000","name":"Walto"},{"id":"877903","latitude":"9.08333330","longitude":"-10.06666670","name":"Wodou"},{"id":"877907","latitude":"9.11666670","longitude":"-9.85000000","name":"Wond\u00e9k\u00e9r\u00e9"},{"id":"877923","latitude":"8.93333330","longitude":"-9.88333330","name":"Yadou"},{"id":"877937","latitude":"9.28333330","longitude":"-10.30000000","name":"Yalafadou"},{"id":"877943","latitude":"8.88194440","longitude":"-9.89638890","name":"Yalamba"},{"id":"877946","latitude":"8.98416670","longitude":"-10.11333330","name":"Yalandou"},{"id":"877947","latitude":"9.23333330","longitude":"-9.91666670","name":"Yalanki\u00e9"},{"id":"877963","latitude":"9.01666670","longitude":"-10.15000000","name":"Yambou"},{"id":"877985","latitude":"9.08333330","longitude":"-10.18333330","name":"Yaonadou"},{"id":"877991","latitude":"8.83333330","longitude":"-9.90000000","name":"Yaradou"},{"id":"877993","latitude":"9.08333330","longitude":"-10.11666670","name":"Yarakala"},{"id":"877994","latitude":"8.86666670","longitude":"-9.76666670","name":"Yarakambaria"},{"id":"877996","latitude":"9.05000000","longitude":"-10.35000000","name":"Yarakonko"},{"id":"878009","latitude":"9.45000000","longitude":"-9.91666670","name":"Yardo Niamana"},{"id":"878012","latitude":"9.45000000","longitude":"-10.08333330","name":"Yarsadou"},{"id":"878050","latitude":"8.96416670","longitude":"-10.04194440","name":"Yend\u00e9 Ba"},{"id":"878053","latitude":"8.88722220","longitude":"-10.17222220","name":"Yende Millimou"},{"id":"878054","latitude":"8.96416670","longitude":"-10.04194440","name":"Yende Sori"},{"id":"878057","latitude":"8.88722220","longitude":"-10.17222220","name":"Yende"},{"id":"878074","latitude":"8.96111110","longitude":"-9.79222220","name":"Y\u00e9radoukoma"},{"id":"878079","latitude":"9.01666670","longitude":"-10.40000000","name":"Y\u00e9rendou"},{"id":"878094","latitude":"9.48333330","longitude":"-10.11666670","name":"Yidou"},{"id":"878098","latitude":"9.36666670","longitude":"-10.35000000","name":"Yink\u00e9r\u00e9dou"},{"id":"878100","latitude":"9.21666670","longitude":"-10.36666670","name":"Yirikolia"},{"id":"878107","latitude":"9.13333330","longitude":"-10.01666670","name":"Yodou"},{"id":"878113","latitude":"9.05000000","longitude":"-10.03333330","name":"Yolian"},{"id":"878116","latitude":"9.13333330","longitude":"-10.36666670","name":"Yomadou"},{"id":"878118","latitude":"9.03333330","longitude":"-10.05000000","name":"Yomandou"},{"id":"878119","latitude":"9.08333330","longitude":"-10.31666670","name":"Yombiro"},{"id":"878121","latitude":"9.25000000","longitude":"-10.08333330","name":"Yomendou"},{"id":"878131","latitude":"9.05000000","longitude":"-9.98333330","name":"Yoromandou"},{"id":"878151","latitude":"9.03333330","longitude":"-10.25000000","name":"Yrindou"}]