[{"id":"870425","latitude":"9.38250000","longitude":"-13.22250000","name":"Alemamya"},{"id":"870426","latitude":"9.38250000","longitude":"-13.22250000","name":"Alemaniya"},{"id":"870428","latitude":"9.28333330","longitude":"-13.03333330","name":"Alia"},{"id":"870432","latitude":"9.28333330","longitude":"-13.03333330","name":"Aliya"},{"id":"870436","latitude":"9.45500000","longitude":"-13.47416670","name":"Amaraya"},{"id":"870552","latitude":"9.30000000","longitude":"-13.39527780","name":"Bakia-Bol\u00e9"},{"id":"870553","latitude":"9.30000000","longitude":"-13.39527780","name":"Bakia-Bot\u00e9"},{"id":"870645","latitude":"9.13000000","longitude":"-13.11583330","name":"Bamaia"},{"id":"870654","latitude":"9.13000000","longitude":"-13.11583330","name":"Bamaya"},{"id":"870656","latitude":"9.27750000","longitude":"-13.37583330","name":"Bamba"},{"id":"870691","latitude":"9.13000000","longitude":"-13.11583330","name":"Bambaya"},{"id":"870703","latitude":"9.42805560","longitude":"-13.34916670","name":"Bamboro"},{"id":"870839","latitude":"9.17527780","longitude":"-13.23361110","name":"Banti"},{"id":"870979","latitude":"9.16416670","longitude":"-13.01833330","name":"Bendougou"},{"id":"870991","latitude":"9.11305560","longitude":"-13.15666670","name":"Benkilon"},{"id":"870999","latitude":"9.17527780","longitude":"-13.23361110","name":"Benti"},{"id":"871001","latitude":"9.17527780","longitude":"-13.23361110","name":"Benty"},{"id":"871007","latitude":"9.46138890","longitude":"-13.22583330","name":"B\u00e9re\u00efr\u00e9"},{"id":"871022","latitude":"9.46138890","longitude":"-13.22583330","name":"B\u00e9r\u00e9yir\u00e9"},{"id":"871024","latitude":"9.36222220","longitude":"-13.16944440","name":"B\u00e9rika"},{"id":"871027","latitude":"9.28166670","longitude":"-13.01694440","name":"Bessakhour\u00e9"},{"id":"871137","latitude":"9.41666670","longitude":"-12.75000000","name":"Bofio"},{"id":"871159","latitude":"9.18694440","longitude":"-13.16583330","name":"Boifiko"},{"id":"871165","latitude":"9.40000000","longitude":"-12.98333330","name":"Bokaria"},{"id":"871220","latitude":"9.55250000","longitude":"-13.21944440","name":"Bombokhour\u00e9"},{"id":"871221","latitude":"9.55250000","longitude":"-13.21944440","name":"Bombokour\u00e9"},{"id":"871228","latitude":"9.57222220","longitude":"-13.04166670","name":"Bomilo"},{"id":"871251","latitude":"9.40888890","longitude":"-13.28277780","name":"Bonko"},{"id":"871332","latitude":"9.33555560","longitude":"-13.05861110","name":"Bouboud\u00e9"},{"id":"871411","latitude":"9.08333330","longitude":"-13.28333330","name":"Bouramaya"},{"id":"871502","latitude":"9.52277780","longitude":"-13.34388890","name":"Cok\u00e9"},{"id":"871505","latitude":"9.15000000","longitude":"-13.11666670","name":"Cond\u00e9\u00efr\u00e9"},{"id":"871507","latitude":"9.17694440","longitude":"-13.14583330","name":"Confa"},{"id":"871511","latitude":"9.17694440","longitude":"-13.14583330","name":"Conta"},{"id":"871546","latitude":"9.20611110","longitude":"-13.05111110","name":"Daboya"},{"id":"871563","latitude":"9.56805560","longitude":"-13.20277780","name":"Dakadi"},{"id":"871567","latitude":"9.06666670","longitude":"-13.10000000","name":"Dakagb\u00e9"},{"id":"871575","latitude":"9.50000000","longitude":"-13.01666670","name":"Dakhi"},{"id":"871578","latitude":"9.50000000","longitude":"-13.33333330","name":"Dakofourou"},{"id":"871617","latitude":"9.66666670","longitude":"-12.83333330","name":"Dalomia"},{"id":"871618","latitude":"9.66666670","longitude":"-12.83333330","name":"Dalonia"},{"id":"871649","latitude":"9.48861110","longitude":"-13.18444440","name":"Dandaya"},{"id":"871683","latitude":"9.38333330","longitude":"-12.90000000","name":"Dansaha"},{"id":"871686","latitude":"9.29555560","longitude":"-13.04166670","name":"Dansaya"},{"id":"871706","latitude":"9.56666670","longitude":"-13.21666670","name":"Daoudaya"},{"id":"871710","latitude":"9.31666670","longitude":"-13.03333330","name":"Dara"},{"id":"871717","latitude":"9.06666670","longitude":"-13.10000000","name":"Daragb\u00e9"},{"id":"871718","latitude":"9.51444440","longitude":"-13.04166670","name":"Darakhour\u00e9"},{"id":"871734","latitude":"9.50000000","longitude":"-13.01666670","name":"Darry"},{"id":"871752","latitude":"9.32777780","longitude":"-13.13250000","name":"Deguendou"},{"id":"871753","latitude":"9.53333330","longitude":"-12.66666670","name":"D\u00e9gui"},{"id":"871754","latitude":"9.53333330","longitude":"-12.66666670","name":"Deguiyangbouan"},{"id":"871766","latitude":"9.46666670","longitude":"-13.05000000","name":"Dembaya"},{"id":"871783","latitude":"9.23166670","longitude":"-13.08166670","name":"Dent\u00e9di"},{"id":"871959","latitude":"9.08333330","longitude":"-13.23333330","name":"Digipali"},{"id":"871969","latitude":"9.08333330","longitude":"-13.23333330","name":"Diguipali"},{"id":"872097","latitude":"9.50000000","longitude":"-13.33333330","name":"Dokoufourou"},{"id":"872151","latitude":"9.25666670","longitude":"-13.08055560","name":"Douadou"},{"id":"872251","latitude":"9.41416670","longitude":"-13.36972220","name":"Douoli"},{"id":"872372","latitude":"9.27305560","longitude":"-13.02444440","name":"Famor\u00e9a"},{"id":"872373","latitude":"9.41666670","longitude":"-13.31666670","name":"Famor\u00e9ah"},{"id":"872375","latitude":"9.41666670","longitude":"-13.31666670","name":"Famor\u00e9ya"},{"id":"872386","latitude":"9.24250000","longitude":"-13.12888890","name":"Fandi\u00e9"},{"id":"872390","latitude":"9.24250000","longitude":"-13.12888890","name":"Fandi"},{"id":"872411","latitude":"9.13333330","longitude":"-13.01750000","name":"Fansiga"},{"id":"872498","latitude":"9.27305560","longitude":"-13.02444440","name":"Farmor\u00e9a"},{"id":"872499","latitude":"9.27305560","longitude":"-13.02444440","name":"Farmor\u00e9ah"},{"id":"872500","latitude":"9.27305560","longitude":"-13.02444440","name":"Farmor\u00e9ya"},{"id":"872535","latitude":"9.52527780","longitude":"-13.05916670","name":"Fayimaya"},{"id":"872549","latitude":"9.46666670","longitude":"-13.12861110","name":"F\u00e9linya"},{"id":"872568","latitude":"9.46250000","longitude":"-13.24638890","name":"F\u00e9oul\u00e9"},{"id":"872604","latitude":"9.50861110","longitude":"-13.47916670","name":"Filidi"},{"id":"872616","latitude":"9.52944440","longitude":"-13.03833330","name":"Find\u00e9-Modia"},{"id":"872617","latitude":"9.52944440","longitude":"-13.03833330","name":"Find\u00e9 Modya"},{"id":"872619","latitude":"9.13333330","longitude":"-13.01750000","name":"Finsiga"},{"id":"872652","latitude":"9.23694440","longitude":"-13.29305560","name":"Fod\u00e9tomanaya"},{"id":"872653","latitude":"9.48527780","longitude":"-13.07027780","name":"Fod\u00e9ya"},{"id":"872672","latitude":"9.50944440","longitude":"-13.37944440","name":"Fokoufokou"},{"id":"872711","latitude":"9.43055560","longitude":"-13.08805560","name":"Forecaria"},{"id":"872712","latitude":"9.43055560","longitude":"-13.08805560","name":"For\u00e9cariah"},{"id":"872713","latitude":"9.30194440","longitude":"-13.11972220","name":"For\u00e9dougou"},{"id":"872717","latitude":"9.43055560","longitude":"-13.08805560","name":"Forikaria"},{"id":"872729","latitude":"9.42916670","longitude":"-13.01305560","name":"Fossi"},{"id":"872794","latitude":"9.30555560","longitude":"-13.05472220","name":"Fouroudougou"},{"id":"872884","latitude":"9.06361110","longitude":"-13.30750000","name":"Gbafar\u00e9"},{"id":"872919","latitude":"9.51666670","longitude":"-12.93333330","name":"Gb\u00e9lima"},{"id":"872921","latitude":"9.35000000","longitude":"-13.35000000","name":"Gb\u00e9ma"},{"id":"872971","latitude":"9.73333330","longitude":"-12.80000000","name":"Gombokori"},{"id":"873033","latitude":"9.73333330","longitude":"-12.80000000","name":"Goumbokori"},{"id":"873085","latitude":"9.38027780","longitude":"-13.31833330","name":"Gu\u00e9m\u00e9taye"},{"id":"873086","latitude":"9.38027780","longitude":"-13.31833330","name":"Gu\u00e8m\u00e8tay"},{"id":"873088","latitude":"9.41250000","longitude":"-13.43972220","name":"Gu\u00e8m\u00e8yir\u00e9"},{"id":"873172","latitude":"9.27527780","longitude":"-13.31027780","name":"Hamdalay"},{"id":"873197","latitude":"9.45027780","longitude":"-13.18361110","name":"H\u00e9riko"},{"id":"873283","latitude":"9.41666670","longitude":"-13.15000000","name":"Kabat\u00e9"},{"id":"873285","latitude":"9.13027780","longitude":"-13.05333330","name":"Kabaya"},{"id":"873291","latitude":"9.13000000","longitude":"-13.23083330","name":"Kabendo"},{"id":"873316","latitude":"9.33333330","longitude":"-12.86666670","name":"Kafou"},{"id":"873339","latitude":"9.33222220","longitude":"-13.35166670","name":"Kakira"},{"id":"873342","latitude":"9.43333330","longitude":"-13.31666670","name":"Kakofa"},{"id":"873345","latitude":"9.18333330","longitude":"-13.23333330","name":"Kakoutaye"},{"id":"873346","latitude":"9.18333330","longitude":"-13.23333330","name":"Kakoutlaye"},{"id":"873347","latitude":"9.18333330","longitude":"-13.23333330","name":"Kakoutoulaye"},{"id":"873348","latitude":"9.18333330","longitude":"-13.23333330","name":"Kakutlai"},{"id":"873349","latitude":"9.18333330","longitude":"-13.23333330","name":"Kakutulaye"},{"id":"873354","latitude":"9.36666670","longitude":"-13.08333330","name":"Kalako"},{"id":"873362","latitude":"9.21388890","longitude":"-13.26194440","name":"Kal\u00e9\u00efr\u00e9"},{"id":"873363","latitude":"9.18083330","longitude":"-13.07194440","name":"Kal\u00e9"},{"id":"873366","latitude":"9.35500000","longitude":"-13.08861110","name":"Kal\u00e9khour\u00e9"},{"id":"873371","latitude":"9.38333330","longitude":"-13.15000000","name":"Kal\u00e9modiagb\u00e9"},{"id":"873372","latitude":"9.38333330","longitude":"-13.15000000","name":"Kalemodia"},{"id":"873373","latitude":"9.56666670","longitude":"-12.71666670","name":"Kalentou"},{"id":"873375","latitude":"9.21388890","longitude":"-13.26194440","name":"Kaleyir\u00e9"},{"id":"873450","latitude":"9.50000000","longitude":"-12.91666670","name":"Kam\u00e9l\u00e9ya"},{"id":"873506","latitude":"9.68333330","longitude":"-12.78333330","name":"Kanfoundian"},{"id":"873625","latitude":"9.11666670","longitude":"-13.20000000","name":"Karankon\u00e9"},{"id":"873651","latitude":"9.11666670","longitude":"-13.20000000","name":"Karonkone"},{"id":"873683","latitude":"9.41666670","longitude":"-13.15000000","name":"Katab\u00e9"},{"id":"873695","latitude":"9.21388890","longitude":"-13.26194440","name":"Kateyir\u00e9"},{"id":"873711","latitude":"9.13833330","longitude":"-13.20694440","name":"Katon"},{"id":"873794","latitude":"9.19416670","longitude":"-13.26972220","name":"K\u00e9nendi"},{"id":"873902","latitude":"9.09861110","longitude":"-13.23194440","name":"Kigbali"},{"id":"873908","latitude":"9.54444440","longitude":"-13.29972220","name":"Kimara"},{"id":"873921","latitude":"9.34444440","longitude":"-13.13027780","name":"Kindouya"},{"id":"873982","latitude":"9.38944440","longitude":"-13.37694440","name":"Kissouki"},{"id":"873983","latitude":"9.36277780","longitude":"-13.20833330","name":"Kit\u00e9rin"},{"id":"874019","latitude":"9.43361110","longitude":"-13.29305560","name":"Kob\u00e9rato"},{"id":"874094","latitude":"9.52277780","longitude":"-13.34388890","name":"Kok\u00e9"},{"id":"874121","latitude":"9.41666670","longitude":"-12.93333330","name":"Kolagb\u00e9li"},{"id":"874136","latitude":"9.28777780","longitude":"-13.17388890","name":"Kolayir\u00e9"},{"id":"874159","latitude":"9.29333330","longitude":"-13.00166670","name":"Kolia"},{"id":"874184","latitude":"9.55722220","longitude":"-13.36694440","name":"Kolm\u00e9yire"},{"id":"874254","latitude":"9.10055560","longitude":"-13.22027780","name":"Kompa"},{"id":"874255","latitude":"9.28527780","longitude":"-13.18583330","name":"Kompaya"},{"id":"874263","latitude":"9.24055560","longitude":"-13.18388890","name":"Konan"},{"id":"874282","latitude":"9.15000000","longitude":"-13.11666670","name":"Kondeyir\u00e9"},{"id":"874292","latitude":"9.50583330","longitude":"-13.10555560","name":"Kondoukhour\u00e9"},{"id":"874295","latitude":"9.50583330","longitude":"-13.10555560","name":"Kondoukour\u00e9"},{"id":"874305","latitude":"9.17694440","longitude":"-13.14583330","name":"Konfa"},{"id":"874322","latitude":"9.49277780","longitude":"-13.30500000","name":"Koniakori"},{"id":"874361","latitude":"9.25694440","longitude":"-13.16111110","name":"Konoban"},{"id":"874371","latitude":"9.17694440","longitude":"-13.14583330","name":"Konta"},{"id":"874529","latitude":"9.48166670","longitude":"-13.13972220","name":"Koul\u00e8t\u00e9"},{"id":"874550","latitude":"9.54111110","longitude":"-13.36916670","name":"Kouloumbouya"},{"id":"874581","latitude":"9.37638890","longitude":"-13.08222220","name":"Koumbal\u00e9fougu\u00e9"},{"id":"874614","latitude":"9.35222220","longitude":"-13.18388890","name":"Kound\u00e9ya"},{"id":"874658","latitude":"9.11666670","longitude":"-13.05000000","name":"Kounsouta"},{"id":"874693","latitude":"9.44638890","longitude":"-13.04583330","name":"Kouria"},{"id":"874697","latitude":"9.44638890","longitude":"-13.04583330","name":"Kouriya"},{"id":"874781","latitude":"9.44638890","longitude":"-13.04583330","name":"Kuria"},{"id":"874796","latitude":"9.55277780","longitude":"-13.44000000","name":"Labiya"},{"id":"874800","latitude":"9.57194440","longitude":"-13.21388890","name":"Lafanyi"},{"id":"874815","latitude":"9.36666670","longitude":"-12.95000000","name":"Lambagny"},{"id":"874829","latitude":"9.25972220","longitude":"-13.09722220","name":"Lamoudouyay"},{"id":"874847","latitude":"9.57194440","longitude":"-13.21388890","name":"Lanfangoy"},{"id":"874848","latitude":"9.31638890","longitude":"-13.20055560","name":"Lanf\u00e9a"},{"id":"874874","latitude":"9.10222220","longitude":"-13.11388890","name":"Laya"},{"id":"874889","latitude":"9.71666670","longitude":"-12.65000000","name":"L\u00e9four\u00e9"},{"id":"874966","latitude":"9.46388890","longitude":"-13.34361110","name":"Llaya"},{"id":"875059","latitude":"9.46361110","longitude":"-13.32250000","name":"Madin\u00e9"},{"id":"875070","latitude":"9.54500000","longitude":"-13.28027780","name":"Maf\u00e9rinya"},{"id":"875084","latitude":"9.21666670","longitude":"-13.01666670","name":"Mah\u00e9ra"},{"id":"875085","latitude":"9.21666670","longitude":"-13.01666670","name":"Mah\u00e9r\u00e9"},{"id":"875100","latitude":"9.23472220","longitude":"-13.04222220","name":"Malaguia"},{"id":"875107","latitude":"9.60000000","longitude":"-13.30000000","name":"Mal\u00e9a"},{"id":"875116","latitude":"9.60000000","longitude":"-13.30000000","name":"Mal\u00e9ya"},{"id":"875118","latitude":"9.23972220","longitude":"-13.15305560","name":"Maliban"},{"id":"875119","latitude":"9.28333330","longitude":"-12.90000000","name":"Malifou"},{"id":"875120","latitude":"9.45000000","longitude":"-13.06666670","name":"Maliguia-Fori"},{"id":"875121","latitude":"9.23472220","longitude":"-13.04222220","name":"Maliguiagb\u00e9"},{"id":"875122","latitude":"9.23472220","longitude":"-13.04222220","name":"Maliguia"},{"id":"875132","latitude":"9.60000000","longitude":"-13.30000000","name":"Maliyah"},{"id":"875161","latitude":"9.52527780","longitude":"-13.48944440","name":"Mamoudia"},{"id":"875205","latitude":"9.32861110","longitude":"-13.09083330","name":"Manforu"},{"id":"875206","latitude":"9.32861110","longitude":"-13.09083330","name":"Manfourou"},{"id":"875220","latitude":"9.32722220","longitude":"-13.39722220","name":"Mangu\u00e9"},{"id":"875242","latitude":"9.09805560","longitude":"-13.19500000","name":"Mankourou"},{"id":"875316","latitude":"9.45000000","longitude":"-13.46666670","name":"Massaya"},{"id":"875324","latitude":"9.26666670","longitude":"-13.41666670","name":"Matakong"},{"id":"875328","latitude":"9.45000000","longitude":"-13.06666670","name":"Matiguiyafori"},{"id":"875337","latitude":"9.13861110","longitude":"-13.08527780","name":"M'boro"},{"id":"875360","latitude":"9.35000000","longitude":"-13.16666670","name":"M\u00e9l\u00e9boun"},{"id":"875366","latitude":"9.35000000","longitude":"-13.16666670","name":"M\u00e9liboun"},{"id":"875395","latitude":"9.38944440","longitude":"-13.26055560","name":"Messirah"},{"id":"875399","latitude":"9.38944440","longitude":"-13.26055560","name":"Mexreh"},{"id":"875413","latitude":"9.38944440","longitude":"-13.26055560","name":"Misera"},{"id":"875427","latitude":"9.38944440","longitude":"-13.26055560","name":"Missira"},{"id":"875434","latitude":"9.46083330","longitude":"-13.20138890","name":"Modiya"},{"id":"875446","latitude":"9.31666670","longitude":"-12.91666670","name":"Mola"},{"id":"875458","latitude":"9.09805560","longitude":"-13.19500000","name":"Moncourou"},{"id":"875462","latitude":"9.09805560","longitude":"-13.19500000","name":"Monkourou"},{"id":"875463","latitude":"9.09805560","longitude":"-13.19500000","name":"Monkuru"},{"id":"875472","latitude":"9.28361110","longitude":"-13.07055560","name":"Mor\u00e9baya"},{"id":"875474","latitude":"9.09194440","longitude":"-13.11055560","name":"Mor\u00e9cania"},{"id":"875478","latitude":"9.09194440","longitude":"-13.11055560","name":"Mor\u00e9kaniya"},{"id":"875502","latitude":"9.51666670","longitude":"-13.33333330","name":"Morifinia"},{"id":"875503","latitude":"9.51666670","longitude":"-13.33333330","name":"Morifinya"},{"id":"875509","latitude":"9.09194440","longitude":"-13.11055560","name":"Morikaria"},{"id":"875525","latitude":"9.48333330","longitude":"-13.46666670","name":"Moro\u00efr\u00e9"},{"id":"875536","latitude":"9.31444440","longitude":"-13.34666670","name":"Mouki"},{"id":"875550","latitude":"9.46666670","longitude":"-12.85000000","name":"Moussayah"},{"id":"875552","latitude":"9.46666670","longitude":"-12.85000000","name":"Moussaya"},{"id":"875794","latitude":"9.10055560","longitude":"-13.22027780","name":"Nkompa"},{"id":"875826","latitude":"9.48333330","longitude":"-13.46666670","name":"Nor\u00e8yir\u00e9"},{"id":"875929","latitude":"9.61666670","longitude":"-12.61666670","name":"Oualia"},{"id":"875942","latitude":"9.51666670","longitude":"-12.76666670","name":"Ouankifondi"},{"id":"876013","latitude":"9.49333330","longitude":"-13.13333330","name":"Oula"},{"id":"876085","latitude":"9.58333330","longitude":"-13.26666670","name":"Ourib\u00e9li"},{"id":"876153","latitude":"9.12555560","longitude":"-13.19972220","name":"Palatougui"},{"id":"876154","latitude":"9.12555560","longitude":"-13.19972220","name":"Palatoukou"},{"id":"876156","latitude":"9.18333330","longitude":"-12.96666670","name":"Pamalap"},{"id":"876157","latitude":"9.18333330","longitude":"-12.96666670","name":"Pam\u00e9lao"},{"id":"876158","latitude":"9.18333330","longitude":"-12.96666670","name":"Pam\u00e9lap"},{"id":"876278","latitude":"9.35000000","longitude":"-13.25000000","name":"Robompa"},{"id":"876279","latitude":"9.35000000","longitude":"-13.25000000","name":"Robonna"},{"id":"876280","latitude":"9.10138890","longitude":"-13.13083330","name":"Rof\u00e9ma"},{"id":"876282","latitude":"9.11583330","longitude":"-13.26333330","name":"Romenkin\u00e9"},{"id":"876300","latitude":"9.43083330","longitude":"-13.13416670","name":"Sabakour\u00e9"},{"id":"876339","latitude":"9.56777780","longitude":"-13.14000000","name":"Safia"},{"id":"876341","latitude":"9.56777780","longitude":"-13.14000000","name":"Safiya"},{"id":"876372","latitude":"9.66666670","longitude":"-12.61666670","name":"Sakoya"},{"id":"876388","latitude":"9.56666670","longitude":"-13.26666670","name":"Salifouya"},{"id":"876410","latitude":"9.13333330","longitude":"-13.10000000","name":"Samaya"},{"id":"876421","latitude":"9.41194440","longitude":"-13.02027780","name":"Sambalama"},{"id":"876424","latitude":"9.50888890","longitude":"-13.06000000","name":"Sambalya"},{"id":"876467","latitude":"9.13333330","longitude":"-13.10000000","name":"Sanaya"},{"id":"876570","latitude":"9.53333330","longitude":"-12.73333330","name":"Santhia"},{"id":"876572","latitude":"9.61666670","longitude":"-12.71666670","name":"Santiguia"},{"id":"876588","latitude":"9.31416670","longitude":"-13.00611110","name":"Saourou"},{"id":"876650","latitude":"9.18833330","longitude":"-13.22055560","name":"Sar\u00e9ya"},{"id":"876652","latitude":"9.18388890","longitude":"-13.01250000","name":"Sariea"},{"id":"876657","latitude":"9.18388890","longitude":"-13.01250000","name":"Sarr\u00e9a"},{"id":"876714","latitude":"9.61666670","longitude":"-12.81666670","name":"S\u00e9kourou"},{"id":"876808","latitude":"9.20000000","longitude":"-13.11666670","name":"Siguand\u00e9"},{"id":"876825","latitude":"9.41166670","longitude":"-13.42444440","name":"Sil\u00e9maneya"},{"id":"876826","latitude":"9.51611110","longitude":"-13.12944440","name":"Sil\u00e9manya"},{"id":"876828","latitude":"9.52861110","longitude":"-13.29416670","name":"Sil\u00e9ya"},{"id":"876864","latitude":"9.48333330","longitude":"-12.68333330","name":"Sinaya"},{"id":"876876","latitude":"9.20000000","longitude":"-13.11666670","name":"Singuand\u00e9"},{"id":"876883","latitude":"9.41861110","longitude":"-13.35583330","name":"Singuilin"},{"id":"876884","latitude":"9.41861110","longitude":"-13.35583330","name":"Singuitin"},{"id":"876889","latitude":"9.19666670","longitude":"-13.24111110","name":"Sinka"},{"id":"876957","latitude":"9.14555560","longitude":"-13.01888890","name":"Sir\u00e9modia"},{"id":"876958","latitude":"9.14555560","longitude":"-13.01888890","name":"Sir\u00e9modouya"},{"id":"876959","latitude":"9.53333330","longitude":"-12.71666670","name":"Sir\u00e9ya"},{"id":"877021","latitude":"9.52277780","longitude":"-13.34388890","name":"Sok\u00e9"},{"id":"877052","latitude":"9.50472220","longitude":"-13.27000000","name":"S\u00f4lon"},{"id":"877155","latitude":"9.48027780","longitude":"-13.32333330","name":"Sougu\u00e9ta"},{"id":"877234","latitude":"9.52722220","longitude":"-13.13638890","name":"Sourakataya"},{"id":"877239","latitude":"9.28666670","longitude":"-13.10555560","name":"Souriya"},{"id":"877247","latitude":"9.17361110","longitude":"-13.01555560","name":"Sourya"},{"id":"877274","latitude":"9.56666670","longitude":"-12.80000000","name":"Tab\u00e9kour\u00e9"},{"id":"877288","latitude":"9.18944440","longitude":"-13.11305560","name":"Tadhi"},{"id":"877292","latitude":"9.18944440","longitude":"-13.11305560","name":"Tadi"},{"id":"877295","latitude":"9.47138890","longitude":"-13.06638890","name":"Tafori"},{"id":"877302","latitude":"9.47611110","longitude":"-13.48111110","name":"Tahouya"},{"id":"877304","latitude":"9.26666670","longitude":"-13.03333330","name":"Ta\u00efb\u00e9"},{"id":"877307","latitude":"9.26666670","longitude":"-13.03333330","name":"Ta\u00efgb\u00e9"},{"id":"877328","latitude":"9.16666670","longitude":"-13.01666670","name":"Talico"},{"id":"877332","latitude":"9.16666670","longitude":"-13.01666670","name":"Taliko"},{"id":"877335","latitude":"9.24416670","longitude":"-13.05083330","name":"Tamagalidi"},{"id":"877341","latitude":"9.50583330","longitude":"-13.21083330","name":"Tamba\u00e2di"},{"id":"877351","latitude":"9.51333330","longitude":"-13.18944440","name":"Tambayagb\u00e9"},{"id":"877373","latitude":"9.33333330","longitude":"-13.15000000","name":"Tana"},{"id":"877383","latitude":"9.26833330","longitude":"-13.14805560","name":"Tan\u00e9n\u00e9"},{"id":"877403","latitude":"9.33277780","longitude":"-13.16638890","name":"Tantouya"},{"id":"877409","latitude":"9.47611110","longitude":"-13.48111110","name":"Taouya"},{"id":"877424","latitude":"9.58333330","longitude":"-12.78333330","name":"Tassindi"},{"id":"877425","latitude":"9.36666670","longitude":"-12.75000000","name":"Tassin"},{"id":"877433","latitude":"9.16055560","longitude":"-13.21194440","name":"Tawa"},{"id":"877585","latitude":"9.43972220","longitude":"-13.45833330","name":"Timbo\u00efma"},{"id":"877710","latitude":"9.41555560","longitude":"-13.22833330","name":"Tonkoya"},{"id":"877744","latitude":"9.51583330","longitude":"-13.32944440","name":"Tougand\u00e9"},{"id":"877778","latitude":"9.38055560","longitude":"-13.01444440","name":"Toumaniya"},{"id":"877870","latitude":"9.35472220","longitude":"-13.12111110","name":"Waliya"},{"id":"877888","latitude":"9.30583330","longitude":"-13.20472220","name":"Wayawaya"},{"id":"877896","latitude":"9.38361110","longitude":"-13.40388890","name":"Wendima"},{"id":"877906","latitude":"9.39083330","longitude":"-13.08638890","name":"Wondakhour\u00e9"},{"id":"877908","latitude":"9.55972220","longitude":"-13.40555560","name":"Wond\u00e9kobi"},{"id":"877911","latitude":"9.52361110","longitude":"-13.47694440","name":"Wondima"},{"id":"877912","latitude":"9.55444440","longitude":"-13.47305560","name":"Wondi"},{"id":"877919","latitude":"9.19722220","longitude":"-13.01944440","name":"Wourisind\u00e9"},{"id":"877921","latitude":"9.58333330","longitude":"-13.26666670","name":"Wurigb\u00e9li"},{"id":"877935","latitude":"9.66666670","longitude":"-12.68333330","name":"Yakramodia"},{"id":"877970","latitude":"9.45000000","longitude":"-12.71666670","name":"Yan\u00e9ya"},{"id":"877982","latitude":"9.30000000","longitude":"-13.15000000","name":"Yankisah"},{"id":"877983","latitude":"9.30000000","longitude":"-13.15000000","name":"Yankisa"},{"id":"878014","latitude":"9.42222220","longitude":"-13.40916670","name":"Yasasi"},{"id":"878038","latitude":"9.35333330","longitude":"-13.40333330","name":"Y\u00e9liban\u00e9"},{"id":"878066","latitude":"9.30000000","longitude":"-13.15000000","name":"Yenguissa"},{"id":"878068","latitude":"9.44194440","longitude":"-13.42333330","name":"Y\u00e9niya"},{"id":"878105","latitude":"9.22611110","longitude":"-13.17916670","name":"Yob\u00e9"},{"id":"878126","latitude":"9.52333330","longitude":"-13.24777780","name":"Yor\u00e9ya"}]