[{"id":"870411","latitude":"11.66666670","longitude":"-10.75000000","name":"Afia"},{"id":"870418","latitude":"11.46666670","longitude":"-10.78333330","name":"Akound\u00e9tiandi"},{"id":"870423","latitude":"11.63333330","longitude":"-10.75000000","name":"Alana"},{"id":"870434","latitude":"11.78333330","longitude":"-10.75000000","name":"Aloudet"},{"id":"870437","latitude":"11.73333330","longitude":"-10.53333330","name":"Amdallaye"},{"id":"870445","latitude":"11.35000000","longitude":"-10.76666670","name":"Ansagn\u00e9r\u00e9"},{"id":"870446","latitude":"11.40000000","longitude":"-11.00000000","name":"Ansagn\u00e9r\u00e9 Diengueib\u00e9"},{"id":"870447","latitude":"11.38333330","longitude":"-10.95000000","name":"Ansagn\u00e9r\u00e9 Soguiyab\u00e9"},{"id":"870468","latitude":"11.83333330","longitude":"-10.41666670","name":"Aynd\u00e9"},{"id":"870473","latitude":"11.25000000","longitude":"-11.21666670","name":"Babila"},{"id":"870486","latitude":"11.58333330","longitude":"-10.96666670","name":"Badougoula"},{"id":"870488","latitude":"11.46666670","longitude":"-10.78333330","name":"Ba\u00e9l\u00e9a"},{"id":"870506","latitude":"11.56666670","longitude":"-10.83333330","name":"Ba Fello"},{"id":"870509","latitude":"11.21666670","longitude":"-10.80000000","name":"Bafilat\u00e9"},{"id":"870513","latitude":"12.06666670","longitude":"-11.10000000","name":"Bagadadji"},{"id":"870532","latitude":"11.53333330","longitude":"-10.90000000","name":"Bagui"},{"id":"870571","latitude":"12.06666670","longitude":"-11.01666670","name":"Bala"},{"id":"870601","latitude":"11.33333330","longitude":"-10.70000000","name":"Balandougou"},{"id":"870612","latitude":"11.50000000","longitude":"-10.51666670","name":"Balanima\u00efa"},{"id":"870613","latitude":"11.50000000","longitude":"-10.51666670","name":"Bala Niomaya"},{"id":"870614","latitude":"11.50000000","longitude":"-10.51666670","name":"Balanoumaya"},{"id":"870622","latitude":"11.55000000","longitude":"-10.91666670","name":"Balaya"},{"id":"870627","latitude":"11.55000000","longitude":"-11.03333330","name":"Bal\u00e9a"},{"id":"870638","latitude":"11.26666670","longitude":"-10.85000000","name":"Balkiouol"},{"id":"870642","latitude":"11.91666670","longitude":"-10.23333330","name":"Baloufara"},{"id":"870660","latitude":"11.18333330","longitude":"-10.78333330","name":"Bambadala"},{"id":"870661","latitude":"11.11666670","longitude":"-10.85000000","name":"Bambadalawalandama"},{"id":"870685","latitude":"11.06666670","longitude":"-11.16666670","name":"Bambarali"},{"id":"870686","latitude":"11.20000000","longitude":"-10.73333330","name":"Bambarar\u00e9"},{"id":"870687","latitude":"11.20000000","longitude":"-10.71666670","name":"Bambarar\u00e9ley"},{"id":"870705","latitude":"11.40000000","longitude":"-11.01666670","name":"Bamiko"},{"id":"870761","latitude":"11.66666670","longitude":"-10.61666670","name":"Bandiaya"},{"id":"870773","latitude":"11.46666670","longitude":"-10.26666670","name":"Banfara"},{"id":"870802","latitude":"11.65000000","longitude":"-10.48333330","name":"Banir\u00e9"},{"id":"870821","latitude":"11.60000000","longitude":"-10.30000000","name":"Banora"},{"id":"870835","latitude":"11.68333330","longitude":"-10.56666670","name":"Bantanko"},{"id":"870842","latitude":"11.96666670","longitude":"-10.56666670","name":"Bantinguel"},{"id":"870848","latitude":"11.41666670","longitude":"-10.71666670","name":"Bao Bowal"},{"id":"870849","latitude":"11.68333330","longitude":"-10.66666670","name":"Bao Fello"},{"id":"870859","latitude":"11.41666670","longitude":"-10.88333330","name":"Barabilla"},{"id":"870874","latitude":"11.36666670","longitude":"-10.68333330","name":"Bark\u00e9r\u00e9"},{"id":"870882","latitude":"12.00000000","longitude":"-10.96666670","name":"Basanto"},{"id":"870890","latitude":"12.00000000","longitude":"-10.98333330","name":"Bassato"},{"id":"870904","latitude":"11.95000000","longitude":"-10.21666670","name":"Bataya"},{"id":"870919","latitude":"11.58333330","longitude":"-10.91666670","name":"Bay\u00e9go"},{"id":"870932","latitude":"11.55000000","longitude":"-11.03333330","name":"B\u00eal\u00e9a"},{"id":"870942","latitude":"11.06666670","longitude":"-11.30000000","name":"Belela"},{"id":"870953","latitude":"11.28333330","longitude":"-10.91666670","name":"B\u00e9lia"},{"id":"870984","latitude":"11.48333330","longitude":"-10.53333330","name":"Bendougou I"},{"id":"870985","latitude":"11.46666670","longitude":"-10.53333330","name":"Bendougou II"},{"id":"871018","latitude":"12.15000000","longitude":"-10.40000000","name":"B\u00e9r\u00e9ta"},{"id":"871039","latitude":"11.48333330","longitude":"-10.68333330","name":"Bibikiti"},{"id":"871040","latitude":"11.25000000","longitude":"-11.21666670","name":"Bibila"},{"id":"871054","latitude":"11.30000000","longitude":"-10.83333330","name":"Bilialia"},{"id":"871057","latitude":"11.48333330","longitude":"-10.68333330","name":"Bilikiti"},{"id":"871124","latitude":"11.61666670","longitude":"-10.91666670","name":"Boboroko"},{"id":"871129","latitude":"11.43333330","longitude":"-10.20000000","name":"Bodioko"},{"id":"871149","latitude":"11.95000000","longitude":"-10.36666670","name":"Bogoounl\u00e9"},{"id":"871161","latitude":"11.26666670","longitude":"-10.90000000","name":"Bois\u00e9r\u00e9"},{"id":"871238","latitude":"11.53333330","longitude":"-10.50000000","name":"Bon\u00e9"},{"id":"871259","latitude":"11.15000000","longitude":"-10.98333330","name":"Bonsoutoura"},{"id":"871281","latitude":"11.36666670","longitude":"-10.68333330","name":"Borire"},{"id":"871306","latitude":"11.30000000","longitude":"-11.31666670","name":"Bos\u00e9danta"},{"id":"871312","latitude":"11.18333330","longitude":"-10.80000000","name":"Bot\u00e9"},{"id":"871316","latitude":"11.61666670","longitude":"-10.33333330","name":"Botoko"},{"id":"871326","latitude":"11.08333330","longitude":"-10.90000000","name":"Boub\u00e9r\u00e9"},{"id":"871330","latitude":"11.80000000","longitude":"-10.30000000","name":"Boub\u00e9r\u00e9 Konsolon"},{"id":"871331","latitude":"11.63333330","longitude":"-10.58333330","name":"Boub\u00e9r\u00e9 Tamba"},{"id":"871334","latitude":"11.16666670","longitude":"-10.91666670","name":"Boubouya"},{"id":"871342","latitude":"11.40000000","longitude":"-10.96666670","name":"Boudoumgala"},{"id":"871353","latitude":"11.78333330","longitude":"-10.25000000","name":"Bougoulan Foula"},{"id":"871355","latitude":"11.48333330","longitude":"-10.71666670","name":"Bougoul\u00e9"},{"id":"871358","latitude":"11.13333330","longitude":"-10.76666670","name":"Bouka"},{"id":"871359","latitude":"11.68333330","longitude":"-10.43333330","name":"Bouka Do"},{"id":"871362","latitude":"12.11666670","longitude":"-10.46666670","name":"Boukaria"},{"id":"871388","latitude":"11.03333330","longitude":"-11.23333330","name":"Boum\u00e9ko"},{"id":"871420","latitude":"11.71666670","longitude":"-10.75000000","name":"Boureya"},{"id":"871438","latitude":"11.66666670","longitude":"-10.50000000","name":"Boussoura"},{"id":"871448","latitude":"11.48333330","longitude":"-11.06666670","name":"Bov\u00e9d\u00e9b\u00e9"},{"id":"871449","latitude":"11.48333330","longitude":"-11.06666670","name":"Bov\u00e9d\u00e9v\u00e9"},{"id":"871469","latitude":"11.03333330","longitude":"-11.78333330","name":"Cabalan"},{"id":"871536","latitude":"11.80000000","longitude":"-10.68333330","name":"Dabatou"},{"id":"871557","latitude":"11.50000000","longitude":"-10.90000000","name":"Daguita"},{"id":"871558","latitude":"11.50000000","longitude":"-10.98333330","name":"Da\u00efla"},{"id":"871559","latitude":"11.41666670","longitude":"-10.03333330","name":"Daind\u00e9ra"},{"id":"871561","latitude":"11.80000000","longitude":"-10.46666670","name":"Dakabali"},{"id":"871562","latitude":"11.60000000","longitude":"-10.83333330","name":"Daka Bantan"},{"id":"871569","latitude":"11.23333330","longitude":"-10.71666670","name":"Dakamaley"},{"id":"871572","latitude":"11.41666670","longitude":"-10.71666670","name":"Daka Sountou"},{"id":"871576","latitude":"12.01666670","longitude":"-10.26666670","name":"Daki"},{"id":"871581","latitude":"11.05000000","longitude":"-11.20000000","name":"Dakoto"},{"id":"871583","latitude":"11.43333330","longitude":"-10.86666670","name":"Dalaba"},{"id":"871598","latitude":"11.25000000","longitude":"-10.75000000","name":"Dalamado"},{"id":"871600","latitude":"11.23333330","longitude":"-10.76666670","name":"Dalambou"},{"id":"871611","latitude":"11.06666670","longitude":"-11.20000000","name":"Dalato"},{"id":"871651","latitude":"12.00000000","longitude":"-10.56666670","name":"Dand\u00e9mayo"},{"id":"871690","latitude":"11.45000000","longitude":"-10.68333330","name":"Dantadji"},{"id":"871693","latitude":"11.41666670","longitude":"-10.86666670","name":"Dantar\u00e9"},{"id":"871709","latitude":"11.15000000","longitude":"-11.21666670","name":"Dara"},{"id":"871722","latitude":"11.63333330","longitude":"-10.50000000","name":"Dara Sokoboli"},{"id":"871730","latitude":"11.66666670","longitude":"-10.50000000","name":"Darou"},{"id":"871732","latitude":"11.06666670","longitude":"-11.00000000","name":"Darou Salamdo"},{"id":"871733","latitude":"11.06666670","longitude":"-10.98333330","name":"Darou Salamley"},{"id":"871743","latitude":"11.38333330","longitude":"-10.90000000","name":"Davia"},{"id":"871745","latitude":"11.36666670","longitude":"-10.90000000","name":"Dayab\u00e9"},{"id":"871807","latitude":"11.33333330","longitude":"-10.73333330","name":"Diafounab\u00e9"},{"id":"871808","latitude":"11.40000000","longitude":"-10.90000000","name":"Diafoundb\u00e9"},{"id":"871815","latitude":"11.48333330","longitude":"-10.80000000","name":"Diakissaya"},{"id":"871861","latitude":"11.11666670","longitude":"-11.23333330","name":"Dianovalia"},{"id":"871864","latitude":"11.16666670","longitude":"-10.96666670","name":"Dianv\u00e9lia"},{"id":"871866","latitude":"12.08333330","longitude":"-11.03333330","name":"Diaouloko"},{"id":"871867","latitude":"11.50000000","longitude":"-11.11666670","name":"Diaoya"},{"id":"871893","latitude":"11.31666670","longitude":"-10.70000000","name":"Diarendi"},{"id":"871898","latitude":"12.05000000","longitude":"-10.23333330","name":"Diarind\u00e9"},{"id":"871909","latitude":"11.95000000","longitude":"-10.48333330","name":"Diata"},{"id":"871913","latitude":"11.96666670","longitude":"-10.53333330","name":"Diata Torob\u00e9"},{"id":"871917","latitude":"12.10000000","longitude":"-10.85000000","name":"Diatia"},{"id":"871918","latitude":"11.70000000","longitude":"-10.73333330","name":"Diatif\u00e9r\u00e9 Foula"},{"id":"871919","latitude":"11.68333330","longitude":"-10.71666670","name":"Diatif\u00e9r\u00e9 Malink\u00e9"},{"id":"871924","latitude":"12.06666670","longitude":"-10.50000000","name":"Diav\u00e9l\u00e9"},{"id":"871925","latitude":"11.38333330","longitude":"-10.90000000","name":"Diavia"},{"id":"871929","latitude":"11.25000000","longitude":"-10.96666670","name":"Dibaya"},{"id":"871934","latitude":"11.33333330","longitude":"-10.68333330","name":"Diboli"},{"id":"871948","latitude":"11.31666670","longitude":"-10.71666670","name":"Di\u00e9lekourou"},{"id":"871957","latitude":"12.21666670","longitude":"-11.00000000","name":"Di\u00e9r\u00e9land\u00e9"},{"id":"871964","latitude":"11.23333330","longitude":"-10.90000000","name":"Diguidigui"},{"id":"871992","latitude":"11.30000000","longitude":"-10.71666670","name":"Dinguiray"},{"id":"871993","latitude":"11.30000000","longitude":"-10.71666670","name":"Dinguiraye"},{"id":"871994","latitude":"11.25000000","longitude":"-10.73333330","name":"Dinkakoma"},{"id":"872003","latitude":"11.95000000","longitude":"-10.56666670","name":"Diogoya"},{"id":"872004","latitude":"11.56666670","longitude":"-10.78333330","name":"Dioh\u00e9r\u00e9"},{"id":"872024","latitude":"11.40000000","longitude":"-10.08333330","name":"Dionko"},{"id":"872029","latitude":"11.58333330","longitude":"-10.91666670","name":"Dioud\u00e9 Balaya"},{"id":"872081","latitude":"11.26666670","longitude":"-10.90000000","name":"Dobir\u00e9"},{"id":"872117","latitude":"11.78333330","longitude":"-10.36666670","name":"Don\u00e9 Mayo"},{"id":"872164","latitude":"11.53333330","longitude":"-10.91666670","name":"Doubel"},{"id":"872168","latitude":"11.43333330","longitude":"-10.83333330","name":"Doub\u00e9r\u00e9"},{"id":"872176","latitude":"12.03333330","longitude":"-10.25000000","name":"Douga"},{"id":"872198","latitude":"11.31666670","longitude":"-10.73333330","name":"Dougououl\u00e9"},{"id":"872210","latitude":"11.85000000","longitude":"-10.30000000","name":"Doukourou\u00efa"},{"id":"872230","latitude":"11.81666670","longitude":"-10.78333330","name":"Doundougui"},{"id":"872235","latitude":"11.55000000","longitude":"-10.65000000","name":"Doungou Daoda"},{"id":"872240","latitude":"11.00000000","longitude":"-11.20000000","name":"Dounkacia"},{"id":"872241","latitude":"11.53333330","longitude":"-10.95000000","name":"Dounkanssia"},{"id":"872243","latitude":"11.63333330","longitude":"-10.81666670","name":"Dounkimayo"},{"id":"872244","latitude":"12.03333330","longitude":"-10.80000000","name":"Dounkita"},{"id":"872252","latitude":"11.10000000","longitude":"-11.25000000","name":"Doupepel"},{"id":"872304","latitude":"11.11666670","longitude":"-10.93333330","name":"Fadia"},{"id":"872311","latitude":"11.76666670","longitude":"-10.60000000","name":"Fadougou"},{"id":"872335","latitude":"11.41666670","longitude":"-10.85000000","name":"Faladian"},{"id":"872353","latitude":"11.46666670","longitude":"-10.90000000","name":"Fallo"},{"id":"872367","latitude":"11.91666670","longitude":"-10.46666670","name":"Famm\u00e9r\u00e9"},{"id":"872382","latitude":"11.90000000","longitude":"-10.63333330","name":"Fandanda"},{"id":"872414","latitude":"11.63333330","longitude":"-11.00000000","name":"Faraba"},{"id":"872447","latitude":"11.28333330","longitude":"-10.68333330","name":"Farakound\u00e9"},{"id":"872472","latitude":"12.08333330","longitude":"-10.33333330","name":"Faraoto"},{"id":"872510","latitude":"11.50000000","longitude":"-10.81666670","name":"Fassalia"},{"id":"872521","latitude":"11.40000000","longitude":"-10.38333330","name":"Fatafing"},{"id":"872550","latitude":"11.58333330","longitude":"-10.83333330","name":"Fell\u00e9"},{"id":"872551","latitude":"11.75000000","longitude":"-10.26666670","name":"Fello Atigou"},{"id":"872552","latitude":"11.76666670","longitude":"-10.50000000","name":"Fello Diou\u00e9"},{"id":"872553","latitude":"11.38333330","longitude":"-10.90000000","name":"Fello"},{"id":"872554","latitude":"11.60000000","longitude":"-10.50000000","name":"Fello Morou I"},{"id":"872555","latitude":"11.60000000","longitude":"-10.48333330","name":"Fello Morou II"},{"id":"872556","latitude":"12.11666670","longitude":"-10.83333330","name":"F\u00e9lo"},{"id":"872624","latitude":"12.05000000","longitude":"-10.93333330","name":"Firghia"},{"id":"872627","latitude":"12.00000000","longitude":"-10.81666670","name":"Firidaka"},{"id":"872661","latitude":"12.01666670","longitude":"-10.23333330","name":"Fofona"},{"id":"872667","latitude":"11.06666670","longitude":"-10.91666670","name":"Fogo"},{"id":"872669","latitude":"11.06666670","longitude":"-10.93333330","name":"Fogohoun"},{"id":"872673","latitude":"11.96666670","longitude":"-10.50000000","name":"Fokoumba"},{"id":"872692","latitude":"11.40000000","longitude":"-10.86666670","name":"Fonfoya"},{"id":"872748","latitude":"11.25000000","longitude":"-10.86666670","name":"Fouga"},{"id":"872756","latitude":"11.13333330","longitude":"-11.21666670","name":"Fougoumba"},{"id":"872766","latitude":"11.06666670","longitude":"-11.18333330","name":"Fouland\u00e9ya"},{"id":"872801","latitude":"11.50000000","longitude":"-10.40000000","name":"Foutou"},{"id":"872808","latitude":"12.05000000","longitude":"-10.93333330","name":"Frighia"},{"id":"872812","latitude":"12.05000000","longitude":"-10.93333330","name":"Friguia"},{"id":"872819","latitude":"11.03333330","longitude":"-11.78333330","name":"Gabalan"},{"id":"872832","latitude":"11.41666670","longitude":"-10.63333330","name":"Galakoubi"},{"id":"872859","latitude":"11.61666670","longitude":"-10.70000000","name":"Gando"},{"id":"872943","latitude":"11.11666670","longitude":"-11.23333330","name":"Gianv\u00e9lia"},{"id":"872945","latitude":"11.10000000","longitude":"-11.21666670","name":"Giayar\u00e9la"},{"id":"872952","latitude":"11.10000000","longitude":"-11.05000000","name":"Gn\u00e9r\u00e9amadia"},{"id":"872954","latitude":"11.63333330","longitude":"-11.00000000","name":"Gobiko"},{"id":"872966","latitude":"11.76666670","longitude":"-10.40000000","name":"Gol\u00e9 Boub\u00e9"},{"id":"872970","latitude":"11.70000000","longitude":"-10.43333330","name":"Gombo"},{"id":"873010","latitude":"11.30000000","longitude":"-10.73333330","name":"Gouba"},{"id":"873023","latitude":"11.60000000","longitude":"-10.95000000","name":"Gou\u00e9t\u00e9la"},{"id":"873029","latitude":"11.31666670","longitude":"-10.75000000","name":"Goukou"},{"id":"873045","latitude":"11.36666670","longitude":"-10.75000000","name":"Goyon"},{"id":"873080","latitude":"11.28333330","longitude":"-10.61666670","name":"Gu\u00e9lou"},{"id":"873104","latitude":"11.73333330","longitude":"-10.85000000","name":"Guess\u00e9"},{"id":"873108","latitude":"11.50000000","longitude":"-10.98333330","name":"Gu\u00e9t\u00e9la"},{"id":"873122","latitude":"11.35000000","longitude":"-10.88333330","name":"Guidouya"},{"id":"873161","latitude":"11.38333330","longitude":"-10.88333330","name":"Guisouma"},{"id":"873163","latitude":"11.63333330","longitude":"-10.81666670","name":"Guissouma"},{"id":"873166","latitude":"11.16666670","longitude":"-11.21666670","name":"Hafia"},{"id":"873177","latitude":"11.16666670","longitude":"-10.98333330","name":"Hamdoullaye"},{"id":"873178","latitude":"11.16666670","longitude":"-11.25000000","name":"Hamidouya"},{"id":"873184","latitude":"11.25000000","longitude":"-10.75000000","name":"Helayab\u00e9"},{"id":"873185","latitude":"11.45000000","longitude":"-10.86666670","name":"Hellaya"},{"id":"873186","latitude":"11.45000000","longitude":"-10.35000000","name":"H\u00e9rako"},{"id":"873224","latitude":"11.50000000","longitude":"-10.85000000","name":"I\u00e9ro Kamban"},{"id":"873233","latitude":"11.60000000","longitude":"-10.48333330","name":"Ilimalo"},{"id":"873235","latitude":"11.78333330","longitude":"-10.35000000","name":"Ilimalo-Konsolon"},{"id":"873253","latitude":"11.73333330","longitude":"-10.63333330","name":"Iritingo"},{"id":"873388","latitude":"11.53333330","longitude":"-10.73333330","name":"Kaling"},{"id":"873389","latitude":"11.11666670","longitude":"-11.18333330","name":"Kalinko"},{"id":"873434","latitude":"11.46666670","longitude":"-10.81666670","name":"Kamban Massi"},{"id":"873435","latitude":"11.46666670","longitude":"-10.73333330","name":"Kamban Sab\u00e9"},{"id":"873437","latitude":"11.70000000","longitude":"-10.75000000","name":"Kambaya"},{"id":"873472","latitude":"11.21666670","longitude":"-11.10000000","name":"Kamsabo"},{"id":"873474","latitude":"11.21666670","longitude":"-11.10000000","name":"Kamsato"},{"id":"873525","latitude":"11.80000000","longitude":"-10.38333330","name":"Kanka Nafadji"},{"id":"873544","latitude":"11.38333330","longitude":"-11.00000000","name":"Kankoumad\u00e9"},{"id":"873558","latitude":"11.08333330","longitude":"-11.26666670","name":"Kansala"},{"id":"873559","latitude":"11.90000000","longitude":"-10.73333330","name":"Kansambaran"},{"id":"873569","latitude":"11.06666670","longitude":"-11.20000000","name":"Kansato"},{"id":"873570","latitude":"11.78333330","longitude":"-10.55000000","name":"Kansaya"},{"id":"873620","latitude":"11.28333330","longitude":"-10.73333330","name":"Karamoko Fouga"},{"id":"873639","latitude":"11.56666670","longitude":"-10.80000000","name":"Karifa"},{"id":"873724","latitude":"11.25000000","longitude":"-10.90000000","name":"Kayala"},{"id":"873732","latitude":"11.31666670","longitude":"-10.70000000","name":"K\u00e9bal\u00e9"},{"id":"873740","latitude":"11.53333330","longitude":"-10.80000000","name":"K\u00e9b\u00e9gui"},{"id":"873747","latitude":"11.25000000","longitude":"-10.80000000","name":"Kebou"},{"id":"873752","latitude":"12.05000000","longitude":"-10.26666670","name":"K\u00e9gaya"},{"id":"873755","latitude":"11.60000000","longitude":"-11.00000000","name":"Kela"},{"id":"873769","latitude":"12.08333330","longitude":"-10.31666670","name":"Kemaya"},{"id":"873788","latitude":"12.06666670","longitude":"-10.28333330","name":"K\u00e9n\u00e9k\u00e9n\u00e9ma"},{"id":"873808","latitude":"12.11666670","longitude":"-10.80000000","name":"K\u00e9ni\u00e9ko"},{"id":"873845","latitude":"11.36666670","longitude":"-10.88333330","name":"K\u00e9r\u00e9la"},{"id":"873863","latitude":"11.53333330","longitude":"-10.90000000","name":"Kess\u00e9lia"},{"id":"873893","latitude":"11.40000000","longitude":"-10.86666670","name":"Kidir\u00e9"},{"id":"873934","latitude":"11.40000000","longitude":"-10.16666670","name":"Kini\u00e9ro"},{"id":"874002","latitude":"11.21666670","longitude":"-10.88333330","name":"Kobala"},{"id":"874037","latitude":"12.13333330","longitude":"-10.43333330","name":"Koda"},{"id":"874062","latitude":"11.80000000","longitude":"-10.78333330","name":"Kofila"},{"id":"874098","latitude":"12.11666670","longitude":"-10.31666670","name":"Kokorobani"},{"id":"874181","latitude":"11.28333330","longitude":"-10.96666670","name":"Koll\u00e9 Bamba"},{"id":"874191","latitude":"12.05000000","longitude":"-10.43333330","name":"Kologadouba"},{"id":"874201","latitude":"12.01666670","longitude":"-10.30000000","name":"Kolongadouga"},{"id":"874218","latitude":"11.21666670","longitude":"-10.73333330","name":"Komakolo"},{"id":"874232","latitude":"12.06666670","longitude":"-10.51666670","name":"Komassanga"},{"id":"874342","latitude":"11.06666670","longitude":"-11.23333330","name":"Konkenifet"},{"id":"874404","latitude":"11.38333330","longitude":"-10.88333330","name":"Korobaleya"},{"id":"874445","latitude":"11.41666670","longitude":"-10.91666670","name":"Kotema"},{"id":"874451","latitude":"11.51666670","longitude":"-10.88333330","name":"Kotomori"},{"id":"874476","latitude":"11.40000000","longitude":"-10.73333330","name":"Koubi"},{"id":"874502","latitude":"11.16666670","longitude":"-10.68333330","name":"Koufa"},{"id":"874522","latitude":"11.08333330","longitude":"-11.30000000","name":"Koukoutamba Sokoto"},{"id":"874526","latitude":"11.53333330","longitude":"-10.93333330","name":"Koulayab\u00e9"},{"id":"874544","latitude":"12.00000000","longitude":"-10.43333330","name":"Kouloukin"},{"id":"874589","latitude":"11.33333330","longitude":"-10.73333330","name":"Koumbia K\u00e9bal\u00e9"},{"id":"874590","latitude":"11.33333330","longitude":"-10.76666670","name":"Koumbia Kooli"},{"id":"874591","latitude":"11.33333330","longitude":"-10.73333330","name":"Koumbia"},{"id":"874593","latitude":"11.30000000","longitude":"-10.76666670","name":"Koumbialey Fello"},{"id":"874605","latitude":"12.10000000","longitude":"-10.41666670","name":"Kounb\u00e9l\u00e9nia"},{"id":"874609","latitude":"12.16666670","longitude":"-11.06666670","name":"Kounda Dienkono"},{"id":"874671","latitude":"11.20000000","longitude":"-10.83333330","name":"Kourako"},{"id":"874706","latitude":"11.88333330","longitude":"-10.31666670","name":"Kouroudiougouba"},{"id":"874733","latitude":"11.05000000","longitude":"-11.31666670","name":"Kourousansan"},{"id":"874765","latitude":"11.86666670","longitude":"-10.85000000","name":"Koya"},{"id":"874787","latitude":"11.66666670","longitude":"-10.65000000","name":"Labata"},{"id":"874830","latitude":"11.05000000","longitude":"-11.08333330","name":"Lamou"},{"id":"874855","latitude":"11.38333330","longitude":"-10.88333330","name":"Lansanaya"},{"id":"874898","latitude":"11.53333330","longitude":"-10.91666670","name":"L\u00e9 Lamba"},{"id":"874923","latitude":"11.43333330","longitude":"-10.71666670","name":"Le S\u00e9r\u00e9"},{"id":"874927","latitude":"11.60000000","longitude":"-10.40000000","name":"Ley Bouka"},{"id":"874928","latitude":"11.21666670","longitude":"-10.81666670","name":"Ley Bowal"},{"id":"874948","latitude":"11.10000000","longitude":"-11.18333330","name":"Lingu\u00e9 Kegni"},{"id":"874953","latitude":"11.10000000","longitude":"-10.88333330","name":"Lingu\u00e9r\u00e9"},{"id":"874964","latitude":"12.03333330","longitude":"-10.85000000","name":"Lins\u00e9r\u00e9"},{"id":"874981","latitude":"11.43333330","longitude":"-10.88333330","name":"Loll\u00e9"},{"id":"874985","latitude":"11.58333330","longitude":"-10.75000000","name":"Lombel"},{"id":"874998","latitude":"11.63333330","longitude":"-10.45000000","name":"Lop\u00e8sountou Kouroufing"},{"id":"875004","latitude":"11.66666670","longitude":"-10.43333330","name":"Loufa II"},{"id":"875005","latitude":"11.66666670","longitude":"-10.46666670","name":"Loufa I"},{"id":"875006","latitude":"11.26666670","longitude":"-10.91666670","name":"Loufa"},{"id":"875007","latitude":"11.36666670","longitude":"-11.10000000","name":"Loufa Missidi"},{"id":"875008","latitude":"11.53333330","longitude":"-10.98333330","name":"Loufaya"},{"id":"875012","latitude":"11.51666670","longitude":"-10.80000000","name":"Lougouroun"},{"id":"875021","latitude":"11.55000000","longitude":"-10.81666670","name":"Lountou"},{"id":"875045","latitude":"11.51666670","longitude":"-10.95000000","name":"Madina"},{"id":"875068","latitude":"11.21666670","longitude":"-10.60000000","name":"Mafendala"},{"id":"875091","latitude":"12.11666670","longitude":"-10.95000000","name":"Makadougou"},{"id":"875093","latitude":"11.05000000","longitude":"-11.18333330","name":"Makaya"},{"id":"875101","latitude":"11.38333330","longitude":"-11.00000000","name":"Malakissi"},{"id":"875105","latitude":"11.26666670","longitude":"-11.00000000","name":"Malama"},{"id":"875124","latitude":"11.71666670","longitude":"-10.96666670","name":"Maliko"},{"id":"875162","latitude":"11.63333330","longitude":"-10.66666670","name":"Mamoudouya"},{"id":"875211","latitude":"11.58333330","longitude":"-10.50000000","name":"Manga Sabou"},{"id":"875215","latitude":"12.01666670","longitude":"-10.48333330","name":"Mangorama"},{"id":"875222","latitude":"12.10000000","longitude":"-10.38333330","name":"Mangu\u00e9ya"},{"id":"875254","latitude":"11.36666670","longitude":"-10.95000000","name":"Mansarena"},{"id":"875264","latitude":"11.40000000","longitude":"-10.91666670","name":"Mansoya"},{"id":"875280","latitude":"11.40000000","longitude":"-10.76666670","name":"Mar\u00e9gala"},{"id":"875286","latitude":"11.56666670","longitude":"-10.96666670","name":"Marga"},{"id":"875288","latitude":"11.28333330","longitude":"-10.83333330","name":"Maria"},{"id":"875321","latitude":"11.50000000","longitude":"-10.26666670","name":"Matagaguina"},{"id":"875322","latitude":"11.50000000","longitude":"-10.26666670","name":"Matagania"},{"id":"875382","latitude":"12.10000000","longitude":"-10.38333330","name":"Mengueya"},{"id":"875386","latitude":"11.26666670","longitude":"-10.91666670","name":"M\u00e9r\u00e9b\u00e9le"},{"id":"875387","latitude":"11.26666670","longitude":"-10.91666670","name":"M\u00e9r\u00e9b\u00e9"},{"id":"875532","latitude":"11.01666670","longitude":"-10.98333330","name":"Mossoko"},{"id":"875535","latitude":"11.33333330","longitude":"-10.75000000","name":"Moukibod\u00e9b\u00e9"},{"id":"875565","latitude":"11.53333330","longitude":"-10.96666670","name":"Nabala"},{"id":"875576","latitude":"11.90000000","longitude":"-10.43333330","name":"Nafadji II"},{"id":"875577","latitude":"11.88333330","longitude":"-10.40000000","name":"Nafadji I"},{"id":"875596","latitude":"11.38333330","longitude":"-10.41666670","name":"Nanako"},{"id":"875604","latitude":"11.53333330","longitude":"-10.98333330","name":"Naniakali"},{"id":"875619","latitude":"12.08333330","longitude":"-10.81666670","name":"Ndantari"},{"id":"875623","latitude":"11.85000000","longitude":"-10.38333330","name":"Ndiarendi"},{"id":"875695","latitude":"11.83333330","longitude":"-10.75000000","name":"Niam\u00e9ra"},{"id":"875710","latitude":"11.30000000","longitude":"-10.90000000","name":"Nianiaya"},{"id":"875717","latitude":"11.31666670","longitude":"-10.68333330","name":"Niansogola"},{"id":"875731","latitude":"11.18333330","longitude":"-10.91666670","name":"Niaria"},{"id":"875747","latitude":"12.03333330","longitude":"-10.80000000","name":"Ni\u00e9m\u00e9bad\u00e9"},{"id":"875755","latitude":"11.10000000","longitude":"-11.05000000","name":"Ni\u00e9ramadia"},{"id":"875758","latitude":"11.10000000","longitude":"-11.05000000","name":"Nieriamadia"},{"id":"875761","latitude":"11.78333330","longitude":"-10.35000000","name":"Nimalo Konsolon"},{"id":"875771","latitude":"11.16666670","longitude":"-11.20000000","name":"Ninguira"},{"id":"875833","latitude":"12.06666670","longitude":"-11.03333330","name":"Nouhouya"},{"id":"875840","latitude":"11.70000000","longitude":"-10.73333330","name":"Noumoula"},{"id":"875864","latitude":"11.56666670","longitude":"-10.76666670","name":"Oisa"},{"id":"875887","latitude":"11.68333330","longitude":"-10.50000000","name":"Or\u00e9 Gando"},{"id":"875892","latitude":"11.35000000","longitude":"-10.80000000","name":"Or\u00e9 Koubi"},{"id":"875893","latitude":"11.35000000","longitude":"-10.80000000","name":"Or\u00e9kouby"},{"id":"875913","latitude":"11.30000000","longitude":"-10.95000000","name":"Orougui"},{"id":"875914","latitude":"11.38333330","longitude":"-10.95000000","name":"Oround\u00e9"},{"id":"875994","latitude":"11.35000000","longitude":"-10.90000000","name":"Ouero"},{"id":"876058","latitude":"11.56666670","longitude":"-10.75000000","name":"Ouonsonsar\u00e9"},{"id":"876059","latitude":"11.55000000","longitude":"-11.00000000","name":"Ouor\u00e9nendo"},{"id":"876066","latitude":"11.35000000","longitude":"-10.90000000","name":"Ouoro"},{"id":"876089","latitude":"11.71666670","longitude":"-10.53333330","name":"Ourodji"},{"id":"876094","latitude":"11.35000000","longitude":"-10.90000000","name":"Ouro"},{"id":"876099","latitude":"11.36666670","longitude":"-10.96666670","name":"Ourouboto"},{"id":"876111","latitude":"11.20000000","longitude":"-10.80000000","name":"Ourourou"},{"id":"876125","latitude":"11.43333330","longitude":"-10.91666670","name":"Ouyab\u00e9"},{"id":"876126","latitude":"11.43333330","longitude":"-10.91666670","name":"Ouyad\u00e9"},{"id":"876173","latitude":"11.43333330","longitude":"-10.68333330","name":"Paradji"},{"id":"876183","latitude":"12.01666670","longitude":"-11.06666670","name":"Parawol"},{"id":"876201","latitude":"11.43333330","longitude":"-10.43333330","name":"Pelloi"},{"id":"876202","latitude":"11.38333330","longitude":"-10.96666670","name":"Pello"},{"id":"876204","latitude":"11.65000000","longitude":"-10.40000000","name":"Pelloum Pat\u00e9"},{"id":"876205","latitude":"11.51666670","longitude":"-10.98333330","name":"Pellou"},{"id":"876206","latitude":"11.25000000","longitude":"-10.66666670","name":"Pelloye Guinki"},{"id":"876207","latitude":"11.28333330","longitude":"-10.85000000","name":"Pelloye"},{"id":"876215","latitude":"11.46666670","longitude":"-10.71666670","name":"P\u00e9t\u00e9la"},{"id":"876232","latitude":"11.40000000","longitude":"-10.80000000","name":"Pita"},{"id":"876235","latitude":"11.41666670","longitude":"-10.33333330","name":"Pitika"},{"id":"876245","latitude":"11.21666670","longitude":"-10.81666670","name":"Pomar\u00e9"},{"id":"876270","latitude":"11.05000000","longitude":"-11.20000000","name":"Qu\u00e9gneboko"},{"id":"876271","latitude":"11.05000000","longitude":"-11.20000000","name":"Quiyinnin"},{"id":"876283","latitude":"11.05000000","longitude":"-11.16666670","name":"Rond\u00e9fod\u00e9ya"},{"id":"876290","latitude":"11.28333330","longitude":"-10.90000000","name":"Round\u00e9oubou"},{"id":"876307","latitude":"11.68333330","longitude":"-10.68333330","name":"Sab\u00e9r\u00e9 Bani"},{"id":"876310","latitude":"11.75000000","longitude":"-10.58333330","name":"Sab\u00e9r\u00e9 Eri"},{"id":"876311","latitude":"11.88333330","longitude":"-10.46666670","name":"Sab\u00e9r\u00e9 Faran"},{"id":"876313","latitude":"11.53333330","longitude":"-10.95000000","name":"Sab\u00e9r\u00e9"},{"id":"876314","latitude":"11.68333330","longitude":"-10.55000000","name":"Sab\u00e9r\u00e9 Sako"},{"id":"876325","latitude":"11.18333330","longitude":"-10.66666670","name":"Sachoya"},{"id":"876335","latitude":"11.20000000","longitude":"-10.66666670","name":"Safela"},{"id":"876346","latitude":"11.95000000","longitude":"-10.78333330","name":"Sagou"},{"id":"876361","latitude":"11.08333330","longitude":"-10.96666670","name":"Sakabamdo"},{"id":"876362","latitude":"11.06666670","longitude":"-10.98333330","name":"Sakabariley"},{"id":"876364","latitude":"11.50000000","longitude":"-10.80000000","name":"Sakambaya"},{"id":"876371","latitude":"11.18333330","longitude":"-10.66666670","name":"Sakoya"},{"id":"876414","latitude":"11.93333330","longitude":"-10.31666670","name":"Sambahoum"},{"id":"876435","latitude":"11.46666670","longitude":"-10.98333330","name":"Sambaya"},{"id":"876463","latitude":"11.26666670","longitude":"-10.75000000","name":"Sanarab\u00e9"},{"id":"876517","latitude":"12.03333330","longitude":"-10.45000000","name":"Sangounia"},{"id":"876537","latitude":"11.96666670","longitude":"-10.88333330","name":"Sankaran"},{"id":"876571","latitude":"11.38333330","longitude":"-10.95000000","name":"Santiguia"},{"id":"876620","latitude":"11.95000000","longitude":"-10.26666670","name":"Sar\u00e9bani"},{"id":"876697","latitude":"12.00000000","longitude":"-10.28333330","name":"S\u00e9gu\u00e9bani"},{"id":"876724","latitude":"11.11666670","longitude":"-10.98333330","name":"Selouma"},{"id":"876732","latitude":"11.38333330","longitude":"-10.96666670","name":"Sempaya"},{"id":"876737","latitude":"12.05000000","longitude":"-10.30000000","name":"S\u00e9n\u00e9matonbo"},{"id":"876762","latitude":"11.41666670","longitude":"-10.48333330","name":"S\u00e9r\u00e9kound\u00e9"},{"id":"876768","latitude":"11.58333330","longitude":"-10.45000000","name":"S\u00e9ria"},{"id":"876795","latitude":"11.50000000","longitude":"-10.16666670","name":"Sidak\u00e9l\u00e9"},{"id":"876798","latitude":"11.23333330","longitude":"-10.61666670","name":"Sidia"},{"id":"876824","latitude":"11.83333330","longitude":"-10.73333330","name":"Silaya"},{"id":"876858","latitude":"12.05000000","longitude":"-10.43333330","name":"Simitiagui"},{"id":"876925","latitude":"11.40000000","longitude":"-10.65000000","name":"Sintioudi"},{"id":"876951","latitude":"11.56666670","longitude":"-10.96666670","name":"Siraya"},{"id":"876963","latitude":"11.40000000","longitude":"-10.75000000","name":"Siria"},{"id":"876981","latitude":"11.81666670","longitude":"-10.93333330","name":"Sitaoma"},{"id":"876992","latitude":"11.41666670","longitude":"-10.61666670","name":"Sob\u00e9yab\u00e9"},{"id":"876994","latitude":"11.43333330","longitude":"-10.30000000","name":"Soboundou"},{"id":"877015","latitude":"11.21666670","longitude":"-10.85000000","name":"Soka"},{"id":"877022","latitude":"11.50000000","longitude":"-10.75000000","name":"Sokoboli"},{"id":"877027","latitude":"11.08333330","longitude":"-11.30000000","name":"Sokora"},{"id":"877039","latitude":"11.31666670","longitude":"-10.78333330","name":"Sokoura"},{"id":"877075","latitude":"11.13333330","longitude":"-10.88333330","name":"Sonfara"},{"id":"877112","latitude":"11.51666670","longitude":"-10.96666670","name":"Soribafignan"},{"id":"877113","latitude":"11.51666670","longitude":"-10.96666670","name":"Soribafiman"},{"id":"877114","latitude":"11.51666670","longitude":"-10.96666670","name":"Soribafinguia"},{"id":"877115","latitude":"11.51666670","longitude":"-10.96666670","name":"Soribafinian"},{"id":"877118","latitude":"11.18333330","longitude":"-10.90000000","name":"Soriyab\u00e9"},{"id":"877141","latitude":"11.91666670","longitude":"-10.35000000","name":"Soubaraya"},{"id":"877178","latitude":"11.03333330","longitude":"-11.18333330","name":"Souloudala"},{"id":"877180","latitude":"11.30000000","longitude":"-10.65000000","name":"Souloukoufala"},{"id":"877189","latitude":"12.16666670","longitude":"-10.36666670","name":"Soumani"},{"id":"877240","latitude":"11.56666670","longitude":"-10.58333330","name":"Sourougamb\u00e9"},{"id":"877246","latitude":"11.75000000","longitude":"-10.86666670","name":"Sourou"},{"id":"877255","latitude":"12.06666670","longitude":"-10.85000000","name":"Sub\u00e9kand\u00e9"},{"id":"877256","latitude":"12.06666670","longitude":"-10.85000000","name":"Sub\u00e9 Kend\u00e9"},{"id":"877287","latitude":"11.53333330","longitude":"-10.65000000","name":"Tacoutala"},{"id":"877343","latitude":"11.80000000","longitude":"-10.66666670","name":"Tamba Dabatou"},{"id":"877347","latitude":"11.36666670","longitude":"-10.86666670","name":"Tamban\u00e9ro"},{"id":"877350","latitude":"11.80000000","longitude":"-10.66666670","name":"Tamba"},{"id":"877359","latitude":"11.95000000","longitude":"-10.30000000","name":"Tambindji"},{"id":"877418","latitude":"11.30000000","longitude":"-10.71666670","name":"Tasirla"},{"id":"877427","latitude":"11.58333330","longitude":"-10.48333330","name":"Tatahon"},{"id":"877445","latitude":"11.40000000","longitude":"-10.60000000","name":"T\u00e9bankou\u00e9"},{"id":"877468","latitude":"12.03333330","longitude":"-10.30000000","name":"T\u00e9limam\u00e9ri"},{"id":"877471","latitude":"11.48333330","longitude":"-10.91666670","name":"T\u00e9lir\u00e9"},{"id":"877476","latitude":"11.53333330","longitude":"-10.90000000","name":"T\u00e9ma"},{"id":"877479","latitude":"11.33333330","longitude":"-10.66666670","name":"T\u00e9m\u00e9nedougou"},{"id":"877505","latitude":"11.26666670","longitude":"-10.90000000","name":"T\u00e9tiko"},{"id":"877506","latitude":"11.36666670","longitude":"-10.90000000","name":"T\u00e9v\u00e9r\u00e9"},{"id":"877512","latitude":"11.91666670","longitude":"-10.88333330","name":"Tiab\u00e9ou"},{"id":"877516","latitude":"11.36666670","longitude":"-10.76666670","name":"Tial\u00e9r\u00e9"},{"id":"877518","latitude":"11.45000000","longitude":"-10.55000000","name":"Tiamoula"},{"id":"877526","latitude":"11.46666670","longitude":"-10.60000000","name":"Tiankoun Bal\u00e9dji"},{"id":"877528","latitude":"11.93333330","longitude":"-10.45000000","name":"Tiankounguili"},{"id":"877531","latitude":"11.28333330","longitude":"-10.81666670","name":"Tiankou"},{"id":"877532","latitude":"11.26666670","longitude":"-10.66666670","name":"Tiankoye"},{"id":"877561","latitude":"11.43333330","longitude":"-11.01666670","name":"Tierno Sambaya"},{"id":"877563","latitude":"11.21666670","longitude":"-10.76666670","name":"Ti\u00e9v\u00e9r\u00e9"},{"id":"877611","latitude":"11.25000000","longitude":"-10.61666670","name":"Tinkisso"},{"id":"877630","latitude":"11.48333330","longitude":"-10.71666670","name":"Tiopi"},{"id":"877647","latitude":"11.13333330","longitude":"-11.25000000","name":"Toguimba"},{"id":"877648","latitude":"11.15000000","longitude":"-11.23333330","name":"Toguindin"},{"id":"877649","latitude":"11.13333330","longitude":"-11.23333330","name":"Toguinedin"},{"id":"877650","latitude":"11.13333330","longitude":"-11.25000000","name":"Toguin"},{"id":"877652","latitude":"11.13333330","longitude":"-11.25000000","name":"Toguiri"},{"id":"877656","latitude":"11.40000000","longitude":"-10.90000000","name":"Toka"},{"id":"877685","latitude":"11.85000000","longitude":"-10.81666670","name":"Tombomba"},{"id":"877718","latitude":"11.46666670","longitude":"-10.78333330","name":"Tor\u00e9a"},{"id":"877725","latitude":"11.06666670","longitude":"-11.21666670","name":"Toronkala"},{"id":"877730","latitude":"11.26666670","longitude":"-10.90000000","name":"Totiko"},{"id":"877743","latitude":"12.06666670","longitude":"-10.48333330","name":"Touboundi"},{"id":"877755","latitude":"11.43333330","longitude":"-10.68333330","name":"Tould\u00e9 Amara"},{"id":"877790","latitude":"12.10000000","longitude":"-10.31666670","name":"Tounboto"},{"id":"877792","latitude":"11.55000000","longitude":"-10.56666670","name":"Tounguel"},{"id":"877798","latitude":"11.51666670","longitude":"-10.86666670","name":"Tountoye"},{"id":"877802","latitude":"11.15000000","longitude":"-10.80000000","name":"Toup\u00e9ria"},{"id":"877855","latitude":"11.20000000","longitude":"-10.85000000","name":"Vindikadioley"},{"id":"877856","latitude":"11.20000000","longitude":"-10.85000000","name":"Vindikadio"},{"id":"877865","latitude":"11.20000000","longitude":"-10.86666670","name":"Walawala"},{"id":"877892","latitude":"11.40000000","longitude":"-10.26666670","name":"Wend\u00e9 Rib\u00e9"},{"id":"877929","latitude":"11.60000000","longitude":"-10.90000000","name":"Yagui"},{"id":"877953","latitude":"11.96666670","longitude":"-11.00000000","name":"Yal\u00e9a"},{"id":"878091","latitude":"11.33333330","longitude":"-10.66666670","name":"Yiambou"},{"id":"878130","latitude":"12.08333330","longitude":"-11.10000000","name":"Yorolokour\u00e9"}]