[{"id":"870448","latitude":"11.18333330","longitude":"-12.48333330","name":"Ansangn\u00e9r\u00e9"},{"id":"870449","latitude":"11.18333330","longitude":"-12.48333330","name":"Ansangu\u00e9r\u00e9"},{"id":"870776","latitude":"11.38333330","longitude":"-12.71666670","name":"Banga"},{"id":"870795","latitude":"11.23333330","longitude":"-12.48333330","name":"Baniang"},{"id":"870824","latitude":"11.63333330","longitude":"-12.15000000","name":"Bansouma"},{"id":"870889","latitude":"11.63333330","longitude":"-11.78333330","name":"Bassara"},{"id":"870961","latitude":"11.60000000","longitude":"-12.13333330","name":"Belli"},{"id":"871217","latitude":"11.61666670","longitude":"-12.48333330","name":"Bombi Bourou"},{"id":"871280","latitude":"11.86666670","longitude":"-11.63333330","name":"Boriko"},{"id":"871434","latitude":"11.63333330","longitude":"-12.15000000","name":"Bousouma"},{"id":"871440","latitude":"11.68333330","longitude":"-11.80000000","name":"Boussoura"},{"id":"871613","latitude":"11.51666670","longitude":"-12.31666670","name":"Dalen"},{"id":"871697","latitude":"11.61666670","longitude":"-12.60000000","name":"Dantari"},{"id":"871804","latitude":"11.60000000","longitude":"-12.68333330","name":"Diadia"},{"id":"871896","latitude":"11.33333330","longitude":"-12.50000000","name":"Diari"},{"id":"871926","latitude":"11.58333330","longitude":"-12.51666670","name":"Diavia"},{"id":"871999","latitude":"11.48333330","longitude":"-12.20000000","name":"Diogoma"},{"id":"872038","latitude":"11.46666670","longitude":"-12.53333330","name":"Diountou"},{"id":"872039","latitude":"11.46666670","longitude":"-12.53333330","name":"Diountoun"},{"id":"872042","latitude":"12.13333330","longitude":"-11.51666670","name":"Dirabou"},{"id":"872136","latitude":"11.40000000","longitude":"-12.58333330","name":"Donta"},{"id":"872169","latitude":"12.08333330","longitude":"-11.48333330","name":"Doub\u00e9wadji"},{"id":"872319","latitude":"11.71666670","longitude":"-11.70000000","name":"Fafaya"},{"id":"872354","latitude":"11.38333330","longitude":"-12.31666670","name":"Falo Bov\u00e9"},{"id":"872557","latitude":"12.06666670","longitude":"-11.46666670","name":"F\u00e9lo"},{"id":"872558","latitude":"12.18333330","longitude":"-11.48333330","name":"F\u00e9lo Tirigniguissi"},{"id":"872591","latitude":"11.53333330","longitude":"-12.18333330","name":"F\u00e9t\u00e9yambi"},{"id":"872592","latitude":"11.53333330","longitude":"-12.18333330","name":"Feteyembi"},{"id":"872772","latitude":"11.66666670","longitude":"-12.61666670","name":"Foulb\u00e9"},{"id":"873012","latitude":"11.45000000","longitude":"-12.21666670","name":"Gouba"},{"id":"873179","latitude":"11.18333330","longitude":"-12.48333330","name":"Hansegn\u00e9r\u00e9"},{"id":"873198","latitude":"11.28333330","longitude":"-12.68333330","name":"H\u00e9riko"},{"id":"873229","latitude":"12.15000000","longitude":"-11.61666670","name":"Ikioko"},{"id":"873547","latitude":"12.13333330","longitude":"-11.46666670","name":"Kankouna"},{"id":"873614","latitude":"12.15000000","longitude":"-11.63333330","name":"Karakossi"},{"id":"873798","latitude":"11.43333330","longitude":"-12.71666670","name":"K\u00e9n\u00e9ri"},{"id":"873828","latitude":"12.05000000","longitude":"-11.48333330","name":"Kenndi"},{"id":"873837","latitude":"11.85000000","longitude":"-11.78333330","name":"Keravani"},{"id":"874163","latitude":"12.18333330","longitude":"-11.50000000","name":"Kolibad\u00e9"},{"id":"874296","latitude":"11.53333330","longitude":"-11.98333330","name":"Kondoya"},{"id":"874386","latitude":"11.46666670","longitude":"-12.61666670","name":"Korb\u00e9"},{"id":"874388","latitude":"11.48333330","longitude":"-12.48333330","name":"Kor\u00e9gani"},{"id":"874514","latitude":"11.25000000","longitude":"-12.73333330","name":"Koukama"},{"id":"874684","latitude":"11.68333330","longitude":"-12.48333330","name":"Kouravel"},{"id":"874789","latitude":"11.26666670","longitude":"-12.40000000","name":"Lab\u00e9d\u00e9p\u00e9r\u00e9"},{"id":"874930","latitude":"12.11666670","longitude":"-11.43333330","name":"L\u00e8ye-F\u00e9lo"},{"id":"874963","latitude":"11.76666670","longitude":"-12.68333330","name":"Linsan"},{"id":"875039","latitude":"12.08333330","longitude":"-11.76666670","name":"Madina Foulb\u00e9"},{"id":"875145","latitude":"12.08333330","longitude":"-11.58333330","name":"Mamaya"},{"id":"875185","latitude":"12.18333330","longitude":"-11.51666670","name":"Manbaria"},{"id":"875186","latitude":"11.66666670","longitude":"-12.61666670","name":"Manda Foulb\u00e9"},{"id":"875187","latitude":"11.66666670","longitude":"-12.61666670","name":"Manda"},{"id":"875188","latitude":"11.68333330","longitude":"-12.61666670","name":"Manda Sarakol\u00e9"},{"id":"875340","latitude":"11.78333330","longitude":"-11.76666670","name":"Medina-Bambaya"},{"id":"875341","latitude":"11.85000000","longitude":"-11.58333330","name":"M\u00e9dina Gadaoundou"},{"id":"875342","latitude":"11.85000000","longitude":"-11.58333330","name":"M\u00e9dina Gadoundou"},{"id":"875343","latitude":"11.85000000","longitude":"-11.58333330","name":"M\u00e9dina-Gudaoundou"},{"id":"875354","latitude":"11.63333330","longitude":"-11.71666670","name":"M\u00e9dina Songnessa"},{"id":"875357","latitude":"11.66666670","longitude":"-12.40000000","name":"Mekk\u00e9"},{"id":"875425","latitude":"11.70000000","longitude":"-12.51666670","name":"Missirah"},{"id":"875527","latitude":"11.53333330","longitude":"-11.88333330","name":"Moromi"},{"id":"875538","latitude":"11.28333330","longitude":"-12.86666670","name":"Mouminia"},{"id":"875567","latitude":"11.36666670","longitude":"-12.35000000","name":"Nadel"},{"id":"875624","latitude":"11.83333330","longitude":"-11.51666670","name":"Ndir\u00e9"},{"id":"875648","latitude":"12.08333330","longitude":"-11.78333330","name":"N\u00e9t\u00e9r\u00e9"},{"id":"875663","latitude":"11.51666670","longitude":"-12.53333330","name":"Niagantou"},{"id":"875716","latitude":"11.70000000","longitude":"-11.98333330","name":"Nianou"},{"id":"875730","latitude":"12.08333330","longitude":"-11.61666670","name":"Niara"},{"id":"875776","latitude":"11.30000000","longitude":"-12.43333330","name":"Niogou"},{"id":"875866","latitude":"11.80000000","longitude":"-11.73333330","name":"Oland\u00e9"},{"id":"875867","latitude":"11.80000000","longitude":"-11.73333330","name":"Oland\u00e9 Ti\u00e9k\u00e9"},{"id":"875869","latitude":"11.80000000","longitude":"-11.73333330","name":"Olland\u00e9"},{"id":"875871","latitude":"11.80000000","longitude":"-11.73333330","name":"Olland\u00e9 Ti\u00e9k\u00e9"},{"id":"875875","latitude":"11.60000000","longitude":"-11.80000000","name":"Or\u00e9 Bakou"},{"id":"875877","latitude":"11.75000000","longitude":"-12.61666670","name":"Or\u00e9 Bombi"},{"id":"875879","latitude":"11.45000000","longitude":"-12.30000000","name":"Or\u00e9 Dima"},{"id":"875880","latitude":"11.45000000","longitude":"-12.30000000","name":"Ore Dimma"},{"id":"875882","latitude":"11.45000000","longitude":"-12.30000000","name":"Ore Djima"},{"id":"875883","latitude":"11.60000000","longitude":"-11.85000000","name":"Or\u00e9 Fello"},{"id":"875896","latitude":"11.56666670","longitude":"-11.85000000","name":"Or\u00e9 Olland\u00e9"},{"id":"875900","latitude":"11.58333330","longitude":"-11.96666670","name":"Or\u00e9 S\u00e9r\u00e9"},{"id":"876169","latitude":"11.61666670","longitude":"-12.60000000","name":"Pantari"},{"id":"876216","latitude":"11.63333330","longitude":"-12.51666670","name":"Petel Komo"},{"id":"876217","latitude":"11.43333330","longitude":"-12.68333330","name":"P\u00e9tel"},{"id":"876224","latitude":"12.01666670","longitude":"-11.48333330","name":"Pilel"},{"id":"876225","latitude":"11.56666670","longitude":"-12.15000000","name":"Pilimili"},{"id":"876226","latitude":"11.56666670","longitude":"-12.15000000","name":"Pilimini"},{"id":"876248","latitude":"11.40000000","longitude":"-12.40000000","name":"Popodaka"},{"id":"876249","latitude":"11.40000000","longitude":"-12.40000000","name":"Popodao"},{"id":"876250","latitude":"11.40000000","longitude":"-12.40000000","name":"Popodara"},{"id":"876389","latitude":"11.43333330","longitude":"-12.36666670","name":"Salina"},{"id":"876447","latitude":"11.41666670","longitude":"-12.13333330","name":"Samou"},{"id":"876490","latitude":"12.06666670","longitude":"-11.41666670","name":"Sangalagoyan"},{"id":"876498","latitude":"12.05000000","longitude":"-11.46666670","name":"Sangar\u00e9"},{"id":"876545","latitude":"11.41666670","longitude":"-12.13333330","name":"Sannou"},{"id":"876548","latitude":"11.41666670","longitude":"-12.13333330","name":"Sanou"},{"id":"876625","latitude":"12.03333330","longitude":"-11.51666670","name":"Sar\u00e9 Demmba"},{"id":"876636","latitude":"11.60000000","longitude":"-12.26666670","name":"Sar\u00e9kali"},{"id":"876666","latitude":"11.43333330","longitude":"-12.36666670","name":"Satina"},{"id":"876801","latitude":"11.65000000","longitude":"-11.85000000","name":"Sidon"},{"id":"876853","latitude":"11.78333330","longitude":"-11.76666670","name":"Simili"},{"id":"876982","latitude":"11.65000000","longitude":"-12.66666670","name":"Sita"},{"id":"877045","latitude":"12.21666670","longitude":"-11.50000000","name":"Solia"},{"id":"877184","latitude":"11.60000000","longitude":"-11.78333330","name":"Soulound\u00e9"},{"id":"877314","latitude":"11.83333330","longitude":"-11.50000000","name":"Takabara"},{"id":"877346","latitude":"11.71666670","longitude":"-11.85000000","name":"Tambalama"},{"id":"877387","latitude":"11.35000000","longitude":"-11.93333330","name":"Tangali"},{"id":"877473","latitude":"11.36666670","longitude":"-12.60000000","name":"T\u00e9lir\u00e9"},{"id":"877482","latitude":"12.11666670","longitude":"-11.53333330","name":"Temmb\u00e9r\u00e9"},{"id":"877499","latitude":"11.51666670","longitude":"-12.68333330","name":"T\u00e8rikour\u00e9"},{"id":"877514","latitude":"11.43333330","longitude":"-11.96666670","name":"Tiab\u00e9vi"},{"id":"877598","latitude":"12.13333330","longitude":"-11.48333330","name":"Tingu\u00e9ladji"},{"id":"877621","latitude":"12.15000000","longitude":"-11.53333330","name":"Tinnt\u00e9ka"},{"id":"877632","latitude":"11.51666670","longitude":"-12.68333330","name":"Tirikour\u00e9"},{"id":"877757","latitude":"11.68333330","longitude":"-12.51666670","name":"Toulel Nouma"},{"id":"877793","latitude":"11.46666670","longitude":"-11.88333330","name":"Tounkourouma"},{"id":"877796","latitude":"12.08333330","longitude":"-11.58333330","name":"Tounti"},{"id":"877815","latitude":"11.50000000","longitude":"-11.96666670","name":"Tout\u00e9ba"},{"id":"877848","latitude":"11.13333330","longitude":"-12.85000000","name":"Vendou F\u00e9to"},{"id":"877950","latitude":"11.85000000","longitude":"-11.81666670","name":"Yala"}]