[{"id":"870472","latitude":"10.63333330","longitude":"-13.08333330","name":"Babi"},{"id":"870535","latitude":"10.63333330","longitude":"-13.08333330","name":"Bahi"},{"id":"870695","latitude":"10.91666670","longitude":"-13.68333330","name":"Bambaya"},{"id":"870841","latitude":"10.86666670","longitude":"-13.68333330","name":"Bantiguel"},{"id":"870877","latitude":"10.86666670","longitude":"-13.21666670","name":"Bark\u00e9r\u00e9"},{"id":"870957","latitude":"11.28333330","longitude":"-13.63333330","name":"Beli"},{"id":"870966","latitude":"10.91666670","longitude":"-13.73333330","name":"Bembou"},{"id":"870967","latitude":"10.91666670","longitude":"-13.73333330","name":"Bembou Sambayab\u00e9"},{"id":"871096","latitude":"10.71666670","longitude":"-13.11666670","name":"Birotoulal"},{"id":"871151","latitude":"11.06666670","longitude":"-13.25000000","name":"Boh\u00e9"},{"id":"871304","latitude":"11.28333330","longitude":"-13.76666670","name":"Borou"},{"id":"871305","latitude":"11.28333330","longitude":"-13.76666670","name":"Borouko"},{"id":"871317","latitude":"10.70000000","longitude":"-13.81666670","name":"Botoko"},{"id":"871329","latitude":"10.78333330","longitude":"-13.83333330","name":"Boub\u00e9r\u00e9"},{"id":"871375","latitude":"10.80000000","longitude":"-13.23333330","name":"Boul\u00e9r\u00e9"},{"id":"871382","latitude":"10.80000000","longitude":"-13.23333330","name":"Boull\u00e9r\u00e9"},{"id":"871403","latitude":"10.80000000","longitude":"-13.43333330","name":"Boundou Tounou"},{"id":"871468","latitude":"11.06666670","longitude":"-12.88333330","name":"Browal"},{"id":"871509","latitude":"10.76666670","longitude":"-13.60000000","name":"Consitivi"},{"id":"871510","latitude":"10.93333330","longitude":"-13.50000000","name":"Consotami"},{"id":"871568","latitude":"10.88333330","longitude":"-13.63333330","name":"Dakakoura"},{"id":"871655","latitude":"10.63333330","longitude":"-13.16666670","name":"Dando"},{"id":"871659","latitude":"10.66666670","longitude":"-14.08333330","name":"Dandou"},{"id":"871691","latitude":"11.13333330","longitude":"-13.68333330","name":"Dantalaoura"},{"id":"871714","latitude":"11.21666670","longitude":"-13.53333330","name":"Dara"},{"id":"871773","latitude":"11.05000000","longitude":"-13.18333330","name":"Denda"},{"id":"871910","latitude":"10.65000000","longitude":"-12.98333330","name":"Diata"},{"id":"872008","latitude":"11.08333330","longitude":"-13.15000000","name":"Dioli"},{"id":"872046","latitude":"11.03333330","longitude":"-12.86666670","name":"Dir\u00e9"},{"id":"872065","latitude":"11.08333330","longitude":"-12.96666670","name":"Djidjima"},{"id":"872127","latitude":"10.70000000","longitude":"-14.06666670","name":"Donguel"},{"id":"872803","latitude":"11.28333330","longitude":"-13.46666670","name":"Foy\u00e9"},{"id":"873041","latitude":"11.15000000","longitude":"-13.03333330","name":"Gousso"},{"id":"873083","latitude":"11.11666670","longitude":"-13.51666670","name":"Gu\u00e8m\u00e8"},{"id":"873407","latitude":"11.16666670","longitude":"-13.63333330","name":"Kama"},{"id":"873561","latitude":"11.03333330","longitude":"-13.23333330","name":"Kansangui"},{"id":"873663","latitude":"10.93333330","longitude":"-12.95000000","name":"Kassa"},{"id":"873720","latitude":"10.68333330","longitude":"-14.06666670","name":"Kav\u00e9ssi"},{"id":"873913","latitude":"11.03333330","longitude":"-12.90000000","name":"Kimbon"},{"id":"873938","latitude":"11.05000000","longitude":"-13.58333330","name":"Kinkin"},{"id":"873941","latitude":"11.05000000","longitude":"-13.58333330","name":"Kinnki"},{"id":"874126","latitude":"10.70000000","longitude":"-13.48333330","name":"Kola"},{"id":"874131","latitude":"10.83333330","longitude":"-13.05000000","name":"Kolanguel"},{"id":"874357","latitude":"10.45000000","longitude":"-13.00000000","name":"Konkour\u00e9"},{"id":"874367","latitude":"10.76666670","longitude":"-13.60000000","name":"Konsitivi"},{"id":"874645","latitude":"10.91666670","longitude":"-13.40000000","name":"Kounsi Kansi"},{"id":"874649","latitude":"10.56666670","longitude":"-13.05000000","name":"Kounsiniaki"},{"id":"874651","latitude":"10.76666670","longitude":"-13.60000000","name":"Kounsitili"},{"id":"874652","latitude":"10.93333330","longitude":"-13.50000000","name":"Kounsotami"},{"id":"874673","latitude":"10.95000000","longitude":"-13.80000000","name":"Kourakoto"},{"id":"874739","latitude":"10.95000000","longitude":"-12.93333330","name":"Koussi"},{"id":"875037","latitude":"11.25000000","longitude":"-13.31666670","name":"Madina Diang"},{"id":"875038","latitude":"11.25000000","longitude":"-13.31666670","name":"Madina Dian"},{"id":"875149","latitude":"10.55000000","longitude":"-13.06666670","name":"Mambia"},{"id":"875151","latitude":"10.55000000","longitude":"-13.06666670","name":"Mambiya"},{"id":"875269","latitude":"10.73333330","longitude":"-13.05000000","name":"Maoba Hassana"},{"id":"875287","latitude":"11.01666670","longitude":"-12.98333330","name":"Marga"},{"id":"875319","latitude":"10.71666670","longitude":"-13.90000000","name":"Massi"},{"id":"875383","latitude":"11.31666670","longitude":"-13.30000000","name":"M\u00e9ni\u00e9ga"},{"id":"875424","latitude":"11.03333330","longitude":"-12.93333330","name":"Missikou"},{"id":"875595","latitude":"10.96666670","longitude":"-13.50000000","name":"Nampougou"},{"id":"875657","latitude":"10.85000000","longitude":"-13.11666670","name":"Niab\u00e9li"},{"id":"875799","latitude":"11.28333330","longitude":"-13.38333330","name":"Nomo"},{"id":"875870","latitude":"11.06666670","longitude":"-12.81666670","name":"Olland\u00e9"},{"id":"875904","latitude":"11.00000000","longitude":"-13.26666670","name":"Or\u00e9 Vendou"},{"id":"876045","latitude":"10.65000000","longitude":"-14.03333330","name":"Ounsir\u00e9 Bour\u00e9di"},{"id":"876160","latitude":"11.03333330","longitude":"-13.21666670","name":"Pamgu\u00e9"},{"id":"876175","latitude":"10.85000000","longitude":"-13.40000000","name":"Paragui"},{"id":"876194","latitude":"11.03333330","longitude":"-12.98333330","name":"P\u00e9g\u00e9tti"},{"id":"876368","latitude":"10.55000000","longitude":"-13.26666670","name":"Sakolon"},{"id":"876607","latitude":"10.73333330","longitude":"-12.93333330","name":"Saras\u00e9ne"},{"id":"876644","latitude":"10.73333330","longitude":"-12.93333330","name":"Sar\u00e9s\u00e8ne"},{"id":"876645","latitude":"10.73333330","longitude":"-12.93333330","name":"Sar\u00e9sin"},{"id":"876646","latitude":"10.73333330","longitude":"-12.93333330","name":"Saressin"},{"id":"876823","latitude":"10.98333330","longitude":"-13.33333330","name":"Silati"},{"id":"876838","latitude":"10.50000000","longitude":"-13.08333330","name":"Simbal\u00e9a"},{"id":"876881","latitude":"10.90000000","longitude":"-12.98333330","name":"Singu\u00e9l\u00e9ma"},{"id":"876996","latitude":"10.93333330","longitude":"-12.98333330","name":"Sodio"},{"id":"877007","latitude":"11.01666670","longitude":"-13.00000000","name":"Sogor\u00e9a"},{"id":"877025","latitude":"10.55000000","longitude":"-13.26666670","name":"Sokolon"},{"id":"877236","latitude":"10.83333330","longitude":"-13.63333330","name":"Sourdissa"},{"id":"877414","latitude":"10.71666670","longitude":"-13.08333330","name":"Tarihaye"},{"id":"877415","latitude":"10.71666670","longitude":"-13.08333330","name":"Tarihoy\u00e9"},{"id":"877416","latitude":"10.71666670","longitude":"-13.08333330","name":"Tarihoy"},{"id":"877459","latitude":"10.75000000","longitude":"-13.98333330","name":"T\u00e9l\u00e9bou"},{"id":"877467","latitude":"11.05000000","longitude":"-12.98333330","name":"T\u00e9liko"},{"id":"877469","latitude":"10.90000000","longitude":"-13.03333330","name":"T\u00e9lim\u00e9l\u00e9"},{"id":"877542","latitude":"11.01666670","longitude":"-13.63333330","name":"Ti\u00e9k\u00e9vi"},{"id":"877587","latitude":"10.88333330","longitude":"-13.58333330","name":"Tim\u00e9vi"},{"id":"877588","latitude":"10.88333330","longitude":"-13.58333330","name":"Tim\u00e9wi"},{"id":"877774","latitude":"10.48333330","longitude":"-13.11666670","name":"Toumania"},{"id":"877781","latitude":"10.48333330","longitude":"-13.11666670","name":"Toumanya"},{"id":"877795","latitude":"10.80000000","longitude":"-13.43333330","name":"Tounou"},{"id":"877847","latitude":"11.06666670","longitude":"-12.80000000","name":"Vendou Boto"}]