[{"id":"870463","latitude":"10.70000000","longitude":"-14.23333330","name":"Aribouya"},{"id":"870549","latitude":"10.95000000","longitude":"-15.00000000","name":"Bakhaday"},{"id":"870551","latitude":"10.60000000","longitude":"-14.45000000","name":"Bakia"},{"id":"870556","latitude":"10.60000000","longitude":"-14.45000000","name":"Bakiya"},{"id":"870801","latitude":"11.31666670","longitude":"-14.65000000","name":"Banir\u00e9"},{"id":"870830","latitude":"11.40000000","longitude":"-14.30000000","name":"Bantalar\u00e9"},{"id":"870831","latitude":"11.25000000","longitude":"-14.30000000","name":"Bantam"},{"id":"870832","latitude":"11.25000000","longitude":"-14.30000000","name":"Bantam Tirit"},{"id":"870930","latitude":"10.88333330","longitude":"-14.45000000","name":"Bel-Air"},{"id":"870945","latitude":"11.51666670","longitude":"-14.31666670","name":"B\u00e9l\u00e9nial\u00e9"},{"id":"870950","latitude":"11.26666670","longitude":"-14.06666670","name":"Beleu"},{"id":"870969","latitude":"10.50000000","longitude":"-14.65000000","name":"B\u00e9nari"},{"id":"870995","latitude":"11.45000000","longitude":"-13.95000000","name":"B\u00e9nnsan\u00e9"},{"id":"870997","latitude":"11.45000000","longitude":"-13.95000000","name":"Bensan\u00e9"},{"id":"871013","latitude":"11.13333330","longitude":"-14.78333330","name":"B\u00e9r\u00e9 Koye"},{"id":"871068","latitude":"10.50000000","longitude":"-14.65000000","name":"Binari"},{"id":"871084","latitude":"10.65000000","longitude":"-14.45000000","name":"Bintimodia"},{"id":"871085","latitude":"10.65000000","longitude":"-14.45000000","name":"Bintimodouya"},{"id":"871104","latitude":"10.95000000","longitude":"-14.73333330","name":"Bitonka"},{"id":"871105","latitude":"10.95000000","longitude":"-14.73333330","name":"Bitonko"},{"id":"871170","latitude":"10.93333330","longitude":"-14.30000000","name":"Bok\u00e9"},{"id":"871227","latitude":"11.03333330","longitude":"-14.68333330","name":"Bomfira"},{"id":"871261","latitude":"11.03333330","longitude":"-14.68333330","name":"Bonzira"},{"id":"871270","latitude":"10.93333330","longitude":"-14.30000000","name":"Boqu\u00e9"},{"id":"871283","latitude":"10.70000000","longitude":"-14.53333330","name":"Borobof"},{"id":"871314","latitude":"10.50000000","longitude":"-14.65000000","name":"Botini"},{"id":"871373","latitude":"11.58333330","longitude":"-14.20000000","name":"Boul\u00e9h\u00e9la"},{"id":"871379","latitude":"11.58333330","longitude":"-14.20000000","name":"Boull\u00e9h\u00e9la"},{"id":"871380","latitude":"11.11666670","longitude":"-13.96666670","name":"Boull\u00e9r\u00e9"},{"id":"871392","latitude":"10.96666670","longitude":"-14.06666670","name":"Bouna"},{"id":"871402","latitude":"11.48333330","longitude":"-14.23333330","name":"Boundoulingu\u00e9"},{"id":"871472","latitude":"11.10000000","longitude":"-14.70000000","name":"Cakisam"},{"id":"871476","latitude":"10.90000000","longitude":"-14.80000000","name":"Cameloute"},{"id":"871480","latitude":"11.08333330","longitude":"-14.70000000","name":"Canefote"},{"id":"871481","latitude":"10.76666670","longitude":"-14.41666670","name":"Cansitaye"},{"id":"871482","latitude":"10.85000000","longitude":"-14.88333330","name":"Capken"},{"id":"871483","latitude":"10.85000000","longitude":"-14.78333330","name":"Capsin"},{"id":"871484","latitude":"10.85000000","longitude":"-14.78333330","name":"Capsine"},{"id":"871485","latitude":"10.85000000","longitude":"-14.88333330","name":"Capten"},{"id":"871486","latitude":"10.96666670","longitude":"-14.93333330","name":"Carache"},{"id":"871488","latitude":"10.70000000","longitude":"-14.66666670","name":"Cassal"},{"id":"871489","latitude":"10.60000000","longitude":"-14.58333330","name":"Cassane"},{"id":"871491","latitude":"10.88333330","longitude":"-15.06666670","name":"Catchek"},{"id":"871494","latitude":"10.85000000","longitude":"-14.68333330","name":"Catongola"},{"id":"871506","latitude":"11.08333330","longitude":"-14.70000000","name":"Conefote"},{"id":"871513","latitude":"10.96666670","longitude":"-14.30000000","name":"Cor\u00e9ra"},{"id":"871517","latitude":"10.96666670","longitude":"-14.30000000","name":"Correrah"},{"id":"871520","latitude":"10.78333330","longitude":"-14.75000000","name":"Coucouba"},{"id":"871521","latitude":"10.53333330","longitude":"-14.56666670","name":"Couffir"},{"id":"871528","latitude":"10.78333330","longitude":"-14.75000000","name":"Cucuba"},{"id":"871539","latitude":"11.20000000","longitude":"-14.55000000","name":"Dabiss\u00e9"},{"id":"871540","latitude":"11.20000000","longitude":"-14.55000000","name":"Dabiss\u00e9 Kayati"},{"id":"871544","latitude":"11.11666670","longitude":"-14.60000000","name":"Dabon"},{"id":"871547","latitude":"11.16666670","longitude":"-14.13333330","name":"Dademouna"},{"id":"871548","latitude":"11.16666670","longitude":"-14.13333330","name":"Dadimena"},{"id":"871580","latitude":"10.85000000","longitude":"-14.41666670","name":"Dakonta"},{"id":"871660","latitude":"11.16666670","longitude":"-14.85000000","name":"Dandoula"},{"id":"871692","latitude":"10.78333330","longitude":"-14.11666670","name":"Dantar\u00e9 Bofoulo"},{"id":"871695","latitude":"10.75000000","longitude":"-14.08333330","name":"Dantar\u00e9 Lagui"},{"id":"871728","latitude":"11.00000000","longitude":"-14.21666670","name":"Darkassaki"},{"id":"871761","latitude":"11.48333330","longitude":"-14.58333330","name":"Demba Sa\u00efdi"},{"id":"871762","latitude":"11.48333330","longitude":"-14.58333330","name":"Demba Seidi"},{"id":"871854","latitude":"11.01666670","longitude":"-13.78333330","name":"Diandian"},{"id":"871958","latitude":"10.90000000","longitude":"-14.08333330","name":"Digadiora"},{"id":"871975","latitude":"11.16666670","longitude":"-14.48333330","name":"Dikola"},{"id":"872050","latitude":"10.90000000","longitude":"-14.60000000","name":"Diss\u00e9kiri"},{"id":"872058","latitude":"11.10000000","longitude":"-14.80000000","name":"Djarga"},{"id":"872059","latitude":"11.48333330","longitude":"-14.40000000","name":"Dj\u00e9madyi"},{"id":"872080","latitude":"10.93333330","longitude":"-14.78333330","name":"Dobali"},{"id":"872175","latitude":"11.53333330","longitude":"-14.20000000","name":"Doufouta"},{"id":"872181","latitude":"10.65000000","longitude":"-14.61666670","name":"Dougofissa"},{"id":"872185","latitude":"10.65000000","longitude":"-14.61666670","name":"Dougoufissa"},{"id":"872187","latitude":"10.65000000","longitude":"-14.61666670","name":"Dougouiffissa"},{"id":"872188","latitude":"10.65000000","longitude":"-14.61666670","name":"Dougouifissa"},{"id":"872217","latitude":"11.45000000","longitude":"-13.95000000","name":"Doumba Diolo"},{"id":"872283","latitude":"10.90000000","longitude":"-14.08333330","name":"Dyiga Diorata"},{"id":"872405","latitude":"11.31666670","longitude":"-10.80000000","name":"Fansa"},{"id":"872637","latitude":"11.48333330","longitude":"-14.13333330","name":"Fiti F\u00e9to"},{"id":"872638","latitude":"11.48333330","longitude":"-14.13333330","name":"Fiti"},{"id":"872645","latitude":"10.83333330","longitude":"-14.36666670","name":"Fod\u00e9cont\u00e9a"},{"id":"872649","latitude":"10.83333330","longitude":"-14.36666670","name":"Fodekont\u00e9ya"},{"id":"872685","latitude":"11.08333330","longitude":"-14.28333330","name":"Fompak\u00e9"},{"id":"872769","latitude":"10.75000000","longitude":"-14.66666670","name":"Foulaton"},{"id":"872805","latitude":"10.88333330","longitude":"-15.06666670","name":"Franceville"},{"id":"872845","latitude":"11.31666670","longitude":"-14.63333330","name":"Gallou"},{"id":"873060","latitude":"10.65000000","longitude":"-14.36666670","name":"Gu\u00e9b\u00e9ya"},{"id":"873082","latitude":"10.86666670","longitude":"-14.50000000","name":"Gu\u00e9m\u00e9"},{"id":"873084","latitude":"10.86666670","longitude":"-14.50000000","name":"Gu\u00e9m\u00e9-Saint-Jean"},{"id":"873112","latitude":"10.65000000","longitude":"-14.36666670","name":"Guibia"},{"id":"873115","latitude":"11.05000000","longitude":"-14.16666670","name":"Guidali"},{"id":"873118","latitude":"11.05000000","longitude":"-14.16666670","name":"Guidaly"},{"id":"873120","latitude":"11.05000000","longitude":"-14.16666670","name":"Guidlay"},{"id":"873123","latitude":"10.91666670","longitude":"-14.45000000","name":"Gui\u00e9afari"},{"id":"873124","latitude":"10.91666670","longitude":"-14.45000000","name":"Gui\u00e9fari"},{"id":"873134","latitude":"11.25000000","longitude":"-13.85000000","name":"Guild\u00e9"},{"id":"873137","latitude":"10.91666670","longitude":"-14.23333330","name":"Guil\u00e9r\u00e9"},{"id":"873173","latitude":"11.08333330","longitude":"-13.88333330","name":"Hamdallaye"},{"id":"873174","latitude":"11.06666670","longitude":"-14.80000000","name":"Hamdallaye Yola"},{"id":"873175","latitude":"11.08333330","longitude":"-13.88333330","name":"Hamdallay"},{"id":"873176","latitude":"11.06666670","longitude":"-14.80000000","name":"Hamdallay Yola"},{"id":"873201","latitude":"11.20000000","longitude":"-14.16666670","name":"Hidaya"},{"id":"873206","latitude":"11.20000000","longitude":"-14.40000000","name":"Hor\u00e9 Batafong"},{"id":"873207","latitude":"11.53333330","longitude":"-14.20000000","name":"Hor\u00e9 Doufouta"},{"id":"873208","latitude":"11.33333330","longitude":"-14.13333330","name":"Hor\u00e9 Kouloye"},{"id":"873269","latitude":"11.03333330","longitude":"-14.83333330","name":"Kabake"},{"id":"873270","latitude":"11.03333330","longitude":"-14.83333330","name":"Kabako"},{"id":"873273","latitude":"11.03333330","longitude":"-14.86666670","name":"Kabakoulonto"},{"id":"873295","latitude":"10.98333330","longitude":"-14.61666670","name":"Kabilame"},{"id":"873296","latitude":"10.98333330","longitude":"-14.61666670","name":"Kabilane"},{"id":"873298","latitude":"10.80000000","longitude":"-14.95000000","name":"Kabot\u00e9"},{"id":"873299","latitude":"10.80000000","longitude":"-14.95000000","name":"Kabot"},{"id":"873300","latitude":"11.10000000","longitude":"-14.85000000","name":"Kabougani"},{"id":"873302","latitude":"11.10000000","longitude":"-14.85000000","name":"Kaboungani"},{"id":"873307","latitude":"10.91666670","longitude":"-15.03333330","name":"Kadignan"},{"id":"873308","latitude":"10.91666670","longitude":"-15.03333330","name":"Kadini\u00e9"},{"id":"873310","latitude":"11.01666670","longitude":"-14.40000000","name":"Ka\u00e9ri"},{"id":"873311","latitude":"11.06666670","longitude":"-14.53333330","name":"Kafalakanda"},{"id":"873312","latitude":"11.06666670","longitude":"-14.53333330","name":"Kafalkanda"},{"id":"873315","latitude":"10.90000000","longitude":"-14.96666670","name":"Kaformane"},{"id":"873328","latitude":"10.65000000","longitude":"-14.61666670","name":"Kakand\u00e9"},{"id":"873332","latitude":"10.95000000","longitude":"-15.00000000","name":"Kakav\u00e9"},{"id":"873334","latitude":"10.88333330","longitude":"-15.06666670","name":"Kakich"},{"id":"873340","latitude":"11.10000000","longitude":"-14.70000000","name":"Kakisam"},{"id":"873341","latitude":"11.10000000","longitude":"-14.70000000","name":"Kakissam"},{"id":"873379","latitude":"11.08333330","longitude":"-14.73333330","name":"Kalibont\u00e9"},{"id":"873386","latitude":"10.50000000","longitude":"-14.58333330","name":"Kaliki"},{"id":"873395","latitude":"11.08333330","longitude":"-14.48333330","name":"Kalounka"},{"id":"873440","latitude":"10.98333330","longitude":"-14.61666670","name":"Kambelame"},{"id":"873441","latitude":"10.98333330","longitude":"-14.61666670","name":"Kambelane"},{"id":"873443","latitude":"10.98333330","longitude":"-14.61666670","name":"Kambilam"},{"id":"873446","latitude":"10.85000000","longitude":"-15.01666670","name":"Kambonkou"},{"id":"873448","latitude":"10.90000000","longitude":"-14.80000000","name":"Kam\u00e9lag"},{"id":"873451","latitude":"10.90000000","longitude":"-14.80000000","name":"Kameloute"},{"id":"873460","latitude":"10.66666670","longitude":"-14.60000000","name":"Kamissar"},{"id":"873473","latitude":"10.66666670","longitude":"-14.60000000","name":"Kamsar"},{"id":"873475","latitude":"11.08333330","longitude":"-14.70000000","name":"Kamufote"},{"id":"873492","latitude":"11.30000000","longitude":"-14.70000000","name":"Kandiafara"},{"id":"873497","latitude":"11.21666670","longitude":"-14.51666670","name":"Kandi\u00e9t\u00e9r\u00e9"},{"id":"873502","latitude":"10.56666670","longitude":"-14.55000000","name":"Kandouman"},{"id":"873503","latitude":"10.56666670","longitude":"-14.55000000","name":"Kandournan"},{"id":"873505","latitude":"10.83333330","longitude":"-14.55000000","name":"Kanfarand\u00e9"},{"id":"873526","latitude":"11.26666670","longitude":"-14.25000000","name":"Kankana"},{"id":"873541","latitude":"10.81666670","longitude":"-14.58333330","name":"Kankouffe"},{"id":"873542","latitude":"10.81666670","longitude":"-14.58333330","name":"Kankouf"},{"id":"873543","latitude":"11.55000000","longitude":"-14.10000000","name":"Kankou"},{"id":"873548","latitude":"11.08333330","longitude":"-14.90000000","name":"Kannbof"},{"id":"873549","latitude":"11.08333330","longitude":"-14.70000000","name":"Kannefote"},{"id":"873552","latitude":"10.53333330","longitude":"-14.63333330","name":"Kanonk\u00e9"},{"id":"873553","latitude":"10.95000000","longitude":"-14.78333330","name":"Kanouba"},{"id":"873567","latitude":"10.66666670","longitude":"-14.60000000","name":"Kansar"},{"id":"873575","latitude":"10.76666670","longitude":"-14.41666670","name":"Kansita"},{"id":"873576","latitude":"10.76666670","longitude":"-14.41666670","name":"Kansitaye"},{"id":"873577","latitude":"11.43333330","longitude":"-14.35000000","name":"Kansiyel"},{"id":"873584","latitude":"10.95000000","longitude":"-15.00000000","name":"Kantongond\u00e9b\u00e9r\u00e9"},{"id":"873587","latitude":"11.10000000","longitude":"-14.55000000","name":"Kantsirote"},{"id":"873588","latitude":"11.08333330","longitude":"-14.70000000","name":"Kanufote"},{"id":"873596","latitude":"11.66666670","longitude":"-14.23333330","name":"Kap\u00e9hi"},{"id":"873597","latitude":"11.66666670","longitude":"-14.23333330","name":"Kapey"},{"id":"873598","latitude":"10.85000000","longitude":"-14.88333330","name":"Kapken"},{"id":"873602","latitude":"10.85000000","longitude":"-14.78333330","name":"Kapsine"},{"id":"873603","latitude":"10.85000000","longitude":"-14.78333330","name":"Kapsinn"},{"id":"873604","latitude":"10.96666670","longitude":"-14.93333330","name":"Karache"},{"id":"873605","latitude":"10.96666670","longitude":"-14.93333330","name":"Karach"},{"id":"873656","latitude":"10.90000000","longitude":"-15.00000000","name":"Kassagba"},{"id":"873665","latitude":"10.60000000","longitude":"-14.58333330","name":"Kassane"},{"id":"873666","latitude":"10.60000000","longitude":"-14.58333330","name":"Kassani"},{"id":"873669","latitude":"10.60000000","longitude":"-14.58333330","name":"Kassan"},{"id":"873677","latitude":"10.88333330","longitude":"-14.66666670","name":"Kassomba"},{"id":"873678","latitude":"10.70000000","longitude":"-14.66666670","name":"Kassoudy"},{"id":"873679","latitude":"10.70000000","longitude":"-14.66666670","name":"Kassouli"},{"id":"873680","latitude":"10.70000000","longitude":"-14.66666670","name":"Kassouly"},{"id":"873681","latitude":"10.88333330","longitude":"-14.66666670","name":"Kassoumba"},{"id":"873686","latitude":"10.63333330","longitude":"-14.48333330","name":"Katako"},{"id":"873690","latitude":"10.88333330","longitude":"-15.06666670","name":"Katchek"},{"id":"873703","latitude":"10.85000000","longitude":"-14.68333330","name":"Katongola"},{"id":"873705","latitude":"10.66666670","longitude":"-14.48333330","name":"Katongoro"},{"id":"873706","latitude":"10.85000000","longitude":"-14.68333330","name":"Katongota"},{"id":"873707","latitude":"10.66666670","longitude":"-14.48333330","name":"Katongourou"},{"id":"873708","latitude":"10.66666670","longitude":"-14.48333330","name":"Katongu\u00e9ro"},{"id":"873709","latitude":"10.66666670","longitude":"-14.48333330","name":"Katongu\u00e9ron"},{"id":"873710","latitude":"10.85000000","longitude":"-14.68333330","name":"Katonguila"},{"id":"873713","latitude":"10.80000000","longitude":"-14.95000000","name":"Katoufoura"},{"id":"873715","latitude":"10.88333330","longitude":"-14.45000000","name":"Katoukouma"},{"id":"873716","latitude":"11.05000000","longitude":"-14.71666670","name":"Katoukouni"},{"id":"873717","latitude":"11.08333330","longitude":"-14.48333330","name":"Katounka"},{"id":"873718","latitude":"10.65000000","longitude":"-14.51666670","name":"Kavasse"},{"id":"873723","latitude":"10.65000000","longitude":"-14.51666670","name":"Kawas"},{"id":"873726","latitude":"11.01666670","longitude":"-14.40000000","name":"Kayeri"},{"id":"873851","latitude":"11.16666670","longitude":"-14.41666670","name":"K\u00e9rinkong"},{"id":"873856","latitude":"11.16666670","longitude":"-14.41666670","name":"K\u00e9ronkong"},{"id":"873886","latitude":"10.96666670","longitude":"-14.30000000","name":"Khor\u00e8ra"},{"id":"873967","latitude":"10.75000000","longitude":"-14.73333330","name":"Kisassi"},{"id":"873968","latitude":"11.30000000","longitude":"-14.65000000","name":"Kisioumaya"},{"id":"873969","latitude":"11.30000000","longitude":"-14.65000000","name":"Kisoumaya"},{"id":"873972","latitude":"10.75000000","longitude":"-14.73333330","name":"Kissasi"},{"id":"873984","latitude":"10.95000000","longitude":"-14.73333330","name":"Kitiand\u00e9"},{"id":"874273","latitude":"11.51666670","longitude":"-14.03333330","name":"Kond\u00e9gamou"},{"id":"874354","latitude":"10.78333330","longitude":"-14.75000000","name":"Konkouba"},{"id":"874370","latitude":"10.85000000","longitude":"-14.41666670","name":"Konta"},{"id":"874391","latitude":"10.86666670","longitude":"-15.05000000","name":"Kor\u00e9ou"},{"id":"874393","latitude":"10.96666670","longitude":"-14.30000000","name":"Kor\u00e9ra"},{"id":"874482","latitude":"11.05000000","longitude":"-14.56666670","name":"Kouda"},{"id":"874503","latitude":"10.53333330","longitude":"-14.56666670","name":"Koufen"},{"id":"874518","latitude":"10.78333330","longitude":"-14.75000000","name":"Koukouba"},{"id":"874538","latitude":"11.13333330","longitude":"-14.08333330","name":"Koulor\u00e9"},{"id":"874547","latitude":"10.65000000","longitude":"-14.43333330","name":"Kouloulouya"},{"id":"874551","latitude":"10.90000000","longitude":"-14.50000000","name":"Kouloumoin\u00e9a"},{"id":"874553","latitude":"11.33333330","longitude":"-14.13333330","name":"Kouloye"},{"id":"874554","latitude":"11.33333330","longitude":"-14.10000000","name":"Kouloye Magesan"},{"id":"874599","latitude":"10.80000000","longitude":"-14.71666670","name":"Koumoulou"},{"id":"874600","latitude":"11.08333330","longitude":"-14.28333330","name":"Koumpak\u00e9"},{"id":"874642","latitude":"10.80000000","longitude":"-14.71666670","name":"Kounoulou"},{"id":"874644","latitude":"10.70000000","longitude":"-14.15000000","name":"Kounsi Kansi"},{"id":"874650","latitude":"10.70000000","longitude":"-14.15000000","name":"Kounsiskansi"},{"id":"874653","latitude":"10.85000000","longitude":"-14.51666670","name":"Kounsougo"},{"id":"874654","latitude":"10.85000000","longitude":"-14.51666670","name":"Kounsougou"},{"id":"874862","latitude":"10.96666670","longitude":"-14.13333330","name":"Lap\u00e9"},{"id":"874863","latitude":"11.31666670","longitude":"-10.80000000","name":"Lapikou"},{"id":"874997","latitude":"10.96666670","longitude":"-14.13333330","name":"Lop\u00e9"},{"id":"875017","latitude":"11.50000000","longitude":"-14.13333330","name":"Loul\u00e9dyi"},{"id":"875042","latitude":"11.20000000","longitude":"-13.88333330","name":"Madina"},{"id":"875217","latitude":"11.36666670","longitude":"-14.66666670","name":"Mangoy\u00e9"},{"id":"875221","latitude":"11.08333330","longitude":"-14.25000000","name":"Mangueta"},{"id":"875266","latitude":"10.96666670","longitude":"-14.63333330","name":"Mantchi"},{"id":"875282","latitude":"10.61666670","longitude":"-14.46666670","name":"Mar\u00e9"},{"id":"875346","latitude":"11.20000000","longitude":"-13.88333330","name":"M\u00e9dina"},{"id":"875426","latitude":"10.86666670","longitude":"-14.36666670","name":"Missira"},{"id":"875572","latitude":"11.30000000","longitude":"-14.03333330","name":"Nafadgi"},{"id":"875650","latitude":"11.30000000","longitude":"-14.03333330","name":"Nett\u00e9"},{"id":"875651","latitude":"11.63333330","longitude":"-14.25000000","name":"Netter\u00e9"},{"id":"875685","latitude":"11.25000000","longitude":"-14.48333330","name":"Niamagara"},{"id":"875693","latitude":"11.23333330","longitude":"-14.50000000","name":"Niamayaravol"},{"id":"875966","latitude":"11.00000000","longitude":"-13.95000000","name":"Ouassou"},{"id":"876041","latitude":"11.31666670","longitude":"-14.43333330","name":"Oundouf\u00e9r\u00e9"},{"id":"876067","latitude":"11.00000000","longitude":"-13.95000000","name":"Ouossou"},{"id":"876172","latitude":"11.35000000","longitude":"-14.15000000","name":"Parabol\u00e9"},{"id":"876174","latitude":"11.11666670","longitude":"-13.86666670","name":"Paragogo"},{"id":"876177","latitude":"11.11666670","longitude":"-13.86666670","name":"Parakogon"},{"id":"876179","latitude":"11.35000000","longitude":"-14.15000000","name":"Paraol\u00e9"},{"id":"876220","latitude":"10.68333330","longitude":"-14.65000000","name":"Petit Talibonche"},{"id":"876247","latitude":"11.18333330","longitude":"-14.63333330","name":"Popaya"},{"id":"876254","latitude":"10.65000000","longitude":"-14.61666670","name":"Port-Kakand\u00e9"},{"id":"876255","latitude":"10.65000000","longitude":"-14.61666670","name":"Port-Kamsar"},{"id":"876259","latitude":"11.13333330","longitude":"-14.76666670","name":"Potopata"},{"id":"876261","latitude":"11.41666670","longitude":"-14.03333330","name":"Poudoukou"},{"id":"876266","latitude":"11.13333330","longitude":"-14.76666670","name":"Poutou Pata"},{"id":"876274","latitude":"10.70000000","longitude":"-14.23333330","name":"Riboya"},{"id":"876275","latitude":"10.70000000","longitude":"-14.23333330","name":"Riboye"},{"id":"876359","latitude":"10.83333330","longitude":"-14.55000000","name":"Saint Eugenie"},{"id":"876360","latitude":"10.86666670","longitude":"-14.50000000","name":"Saint-Jean"},{"id":"876495","latitude":"11.10000000","longitude":"-13.76666670","name":"Sangar\u00e9di"},{"id":"876496","latitude":"11.10000000","longitude":"-13.76666670","name":"Sangarehedi"},{"id":"876503","latitude":"11.10000000","longitude":"-13.76666670","name":"Sangaridi"},{"id":"876506","latitude":"10.90000000","longitude":"-14.65000000","name":"Sangban"},{"id":"876523","latitude":"10.70000000","longitude":"-14.36666670","name":"Sangu\u00e9a"},{"id":"876525","latitude":"10.70000000","longitude":"-14.36666670","name":"Sangu\u00e9ya"},{"id":"876551","latitude":"11.11666670","longitude":"-14.85000000","name":"Sansal\u00e9"},{"id":"876566","latitude":"11.08333330","longitude":"-14.20000000","name":"Sanseguela"},{"id":"876606","latitude":"10.96666670","longitude":"-14.41666670","name":"Sarankoutaya"},{"id":"876665","latitude":"11.21666670","longitude":"-14.83333330","name":"Satiguia"},{"id":"876717","latitude":"11.13333330","longitude":"-14.45000000","name":"S\u00e9l\u00e9kongo"},{"id":"876831","latitude":"11.26666670","longitude":"-14.76666670","name":"Siliya"},{"id":"876833","latitude":"11.26666670","longitude":"-14.76666670","name":"Sillia"},{"id":"876971","latitude":"11.10000000","longitude":"-14.45000000","name":"Siriman"},{"id":"876974","latitude":"11.10000000","longitude":"-14.45000000","name":"Sirma"},{"id":"877176","latitude":"11.18333330","longitude":"-14.25000000","name":"Soulloye"},{"id":"877286","latitude":"10.68333330","longitude":"-14.65000000","name":"Tabuctane"},{"id":"877303","latitude":"10.61666670","longitude":"-14.60000000","name":"Ta\u00efb\u00e9"},{"id":"877305","latitude":"10.68333330","longitude":"-14.65000000","name":"Ta\u00efdi"},{"id":"877306","latitude":"10.61666670","longitude":"-14.60000000","name":"Ta\u00efgb\u00e9"},{"id":"877308","latitude":"10.68333330","longitude":"-14.65000000","name":"Tailbounsou"},{"id":"877311","latitude":"11.21666670","longitude":"-14.03333330","name":"Tair\u00e9"},{"id":"877313","latitude":"11.03333330","longitude":"-14.23333330","name":"Ta\u00eftote"},{"id":"877316","latitude":"11.20000000","longitude":"-14.13333330","name":"Takand\u00e9"},{"id":"877380","latitude":"11.03333330","longitude":"-14.20000000","name":"Tan\u00e9n\u00e9"},{"id":"877419","latitude":"10.80000000","longitude":"-14.50000000","name":"Tassibon"},{"id":"877430","latitude":"10.80000000","longitude":"-14.50000000","name":"Tatsiban"},{"id":"877431","latitude":"10.80000000","longitude":"-14.50000000","name":"Tatsibon"},{"id":"877432","latitude":"11.11666670","longitude":"-14.38333330","name":"Tatsouboumbi"},{"id":"877455","latitude":"11.03333330","longitude":"-14.23333330","name":"Te\u00eftot"},{"id":"877521","latitude":"11.26666670","longitude":"-14.16666670","name":"Tiangui Bananes"},{"id":"877522","latitude":"11.26666670","longitude":"-14.16666670","name":"Tiangui"},{"id":"877524","latitude":"11.55000000","longitude":"-14.26666670","name":"Tiankounaliou"},{"id":"877525","latitude":"11.55000000","longitude":"-14.26666670","name":"Tiankounalliou"},{"id":"877529","latitude":"11.21666670","longitude":"-14.10000000","name":"Tiankounsori"},{"id":"877534","latitude":"11.08333330","longitude":"-14.20000000","name":"Tianti\u00e9gu\u00e9la"},{"id":"877535","latitude":"11.16666670","longitude":"-14.23333330","name":"Tiantienda"},{"id":"877543","latitude":"11.23333330","longitude":"-14.53333330","name":"Ti\u00e9keye"},{"id":"877660","latitude":"10.61666670","longitude":"-14.60000000","name":"Tolgotch"},{"id":"877671","latitude":"11.00000000","longitude":"-14.38333330","name":"Tombadonk\u00e9a"},{"id":"877689","latitude":"11.16666670","longitude":"-14.61666670","name":"Tomboya Bakid\u00e9ra"},{"id":"877690","latitude":"11.16666670","longitude":"-14.61666670","name":"Tomboya"},{"id":"877804","latitude":"11.30000000","longitude":"-14.45000000","name":"Tourdou Sodio"},{"id":"877854","latitude":"10.83333330","longitude":"-14.55000000","name":"Victoria"},{"id":"878064","latitude":"10.60000000","longitude":"-14.45000000","name":"Yenguissa"},{"id":"878143","latitude":"11.48333330","longitude":"-14.16666670","name":"Youtaendi"}]