[{"id":"870465","latitude":"9.95000000","longitude":"-10.45000000","name":"Arpela"},{"id":"870492","latitude":"9.31666670","longitude":"-10.43333330","name":"Bafandou"},{"id":"870495","latitude":"9.28333330","longitude":"-10.60000000","name":"Baf\u00e9"},{"id":"870497","latitude":"9.95000000","longitude":"-10.45000000","name":"Bafeela"},{"id":"870499","latitude":"9.95000000","longitude":"-10.45000000","name":"Bafela"},{"id":"870544","latitude":"9.11666670","longitude":"-10.70000000","name":"Bakando"},{"id":"870545","latitude":"10.06666670","longitude":"-10.86666670","name":"Bakaria"},{"id":"870566","latitude":"9.06666670","longitude":"-10.51666670","name":"Bakouma"},{"id":"870575","latitude":"9.11666670","longitude":"-10.48333330","name":"Baladou"},{"id":"870598","latitude":"9.31666670","longitude":"-10.43333330","name":"Balandou"},{"id":"870602","latitude":"10.26666670","longitude":"-10.76666670","name":"Balandougou"},{"id":"870624","latitude":"10.06666670","longitude":"-10.95000000","name":"Balaya"},{"id":"870633","latitude":"10.06666670","longitude":"-10.95000000","name":"Baleya"},{"id":"870666","latitude":"9.36666670","longitude":"-10.68333330","name":"Bambadou"},{"id":"870669","latitude":"9.36666670","longitude":"-10.68333330","name":"Bambadougou"},{"id":"870690","latitude":"9.30000000","longitude":"-10.45000000","name":"Bambaya"},{"id":"870696","latitude":"9.25000000","longitude":"-10.45000000","name":"Bambaya Koro"},{"id":"870741","latitude":"9.65000000","longitude":"-10.65000000","name":"Banda\u00efa"},{"id":"870742","latitude":"9.65000000","longitude":"-10.65000000","name":"Bandaka"},{"id":"870752","latitude":"9.11666670","longitude":"-10.61666670","name":"Bandankoro"},{"id":"870754","latitude":"9.28333330","longitude":"-10.58333330","name":"Bandatama"},{"id":"870755","latitude":"9.65000000","longitude":"-10.65000000","name":"Bandaya"},{"id":"870782","latitude":"9.30000000","longitude":"-10.60000000","name":"Bangbaya"},{"id":"870793","latitude":"9.60000000","longitude":"-10.53333330","name":"Banian"},{"id":"870805","latitude":"10.08333330","longitude":"-10.80000000","name":"Banko"},{"id":"870837","latitude":"9.06666670","longitude":"-10.53333330","name":"Bant\u00e9latiou"},{"id":"870845","latitude":"10.06666670","longitude":"-10.58333330","name":"Bantou"},{"id":"870846","latitude":"10.06666670","longitude":"-10.58333330","name":"Bantoun"},{"id":"870855","latitude":"9.31666670","longitude":"-10.50000000","name":"Baourouya"},{"id":"870862","latitude":"9.11666670","longitude":"-10.53333330","name":"Baragbaraman"},{"id":"870880","latitude":"9.41666670","longitude":"-10.53333330","name":"Baroua"},{"id":"870951","latitude":"10.30000000","longitude":"-10.83333330","name":"B\u00e9leya"},{"id":"870972","latitude":"9.18333330","longitude":"-10.53333330","name":"Bend\u00e9latiou"},{"id":"870978","latitude":"10.15000000","longitude":"-10.55000000","name":"Bendougou"},{"id":"871033","latitude":"10.56666670","longitude":"-10.85000000","name":"B\u00e9taya"},{"id":"871069","latitude":"9.08333330","longitude":"-10.51666670","name":"Bindou"},{"id":"871072","latitude":"10.15000000","longitude":"-10.55000000","name":"Bindougou"},{"id":"871092","latitude":"9.13333330","longitude":"-10.51666670","name":"Biricodou"},{"id":"871094","latitude":"9.13333330","longitude":"-10.51666670","name":"Birikidou"},{"id":"871095","latitude":"10.21666670","longitude":"-10.70000000","name":"Birissa"},{"id":"871114","latitude":"9.21666670","longitude":"-10.50000000","name":"Boafaria"},{"id":"871142","latitude":"10.06666670","longitude":"-10.86666670","name":"Bogaria"},{"id":"871164","latitude":"10.06666670","longitude":"-10.86666670","name":"Bokaria"},{"id":"871203","latitude":"9.16666670","longitude":"-10.55000000","name":"Bol\u00e9dji"},{"id":"871207","latitude":"9.13333330","longitude":"-10.46666670","name":"Bolo"},{"id":"871208","latitude":"9.21666670","longitude":"-10.56666670","name":"Bolodji Sando"},{"id":"871213","latitude":"9.31666670","longitude":"-10.45000000","name":"Boma"},{"id":"871233","latitude":"9.25000000","longitude":"-10.53333330","name":"Bondankoro"},{"id":"871241","latitude":"9.36666670","longitude":"-10.68333330","name":"Bongb\u00e9dougou"},{"id":"871246","latitude":"9.11666670","longitude":"-10.46666670","name":"Bonkadou"},{"id":"871250","latitude":"10.08333330","longitude":"-10.80000000","name":"Bonko"},{"id":"871255","latitude":"9.06666670","longitude":"-10.56666670","name":"Bonni"},{"id":"871260","latitude":"10.16666670","longitude":"-10.98333330","name":"Bontala"},{"id":"871266","latitude":"9.06666670","longitude":"-10.56666670","name":"Booni"},{"id":"871290","latitude":"9.41666670","longitude":"-10.60000000","name":"Borogbadou"},{"id":"871293","latitude":"9.33333330","longitude":"-10.48333330","name":"Borokoro"},{"id":"871296","latitude":"9.08333330","longitude":"-10.60000000","name":"Boroma"},{"id":"871308","latitude":"9.33333330","longitude":"-10.50000000","name":"Bossakouria"},{"id":"871386","latitude":"9.11666670","longitude":"-10.65000000","name":"Boumboukoro"},{"id":"871396","latitude":"9.23333330","longitude":"-10.51666670","name":"Boundala"},{"id":"871408","latitude":"10.16666670","longitude":"-10.98333330","name":"Bountala"},{"id":"871410","latitude":"9.95000000","longitude":"-10.75000000","name":"Bouramaya"},{"id":"871416","latitude":"9.15000000","longitude":"-10.63333330","name":"Bouraya"},{"id":"871452","latitude":"9.16666670","longitude":"-10.48333330","name":"Boya"},{"id":"871455","latitude":"9.80000000","longitude":"-10.51666670","name":"Boyo"},{"id":"871473","latitude":"9.10000000","longitude":"-10.63333330","name":"Camaro"},{"id":"871543","latitude":"10.48333330","longitude":"-10.83333330","name":"Dabolatounka"},{"id":"871552","latitude":"10.35000000","longitude":"-10.25000000","name":"Dafolokoura"},{"id":"871590","latitude":"10.15000000","longitude":"-10.61666670","name":"Dalafilani"},{"id":"871591","latitude":"10.15000000","longitude":"-10.61666670","name":"Dalafoulani"},{"id":"871614","latitude":"9.13333330","longitude":"-10.70000000","name":"Dal\u00e9ya"},{"id":"871626","latitude":"9.80000000","longitude":"-10.86666670","name":"Damania"},{"id":"871638","latitude":"9.80000000","longitude":"-10.86666670","name":"Danan\u00e9ah"},{"id":"871661","latitude":"9.18333330","longitude":"-10.68333330","name":"Danembaya"},{"id":"871678","latitude":"9.10000000","longitude":"-10.45000000","name":"Dankou\u00e9dou"},{"id":"871681","latitude":"9.18333330","longitude":"-10.68333330","name":"Danombaya"},{"id":"871682","latitude":"9.95000000","longitude":"-10.90000000","name":"Dansacori"},{"id":"871684","latitude":"9.95000000","longitude":"-10.90000000","name":"Dansakori"},{"id":"871685","latitude":"9.95000000","longitude":"-10.90000000","name":"Dansankor\u00e9"},{"id":"871687","latitude":"10.36666670","longitude":"-10.81666670","name":"Dansogoya"},{"id":"871688","latitude":"10.36666670","longitude":"-10.81666670","name":"Dansokoya"},{"id":"871700","latitude":"9.95000000","longitude":"-10.95000000","name":"Dantilia"},{"id":"871715","latitude":"9.85000000","longitude":"-10.95000000","name":"Darafor\u00e9"},{"id":"871727","latitude":"10.66666670","longitude":"-10.88333330","name":"Dar es Sal\u00e8me"},{"id":"871763","latitude":"9.31666670","longitude":"-10.65000000","name":"Dembasiria"},{"id":"871765","latitude":"9.23333330","longitude":"-10.45000000","name":"Dembaya"},{"id":"871785","latitude":"9.95000000","longitude":"-10.95000000","name":"Dentelia"},{"id":"871787","latitude":"9.95000000","longitude":"-10.95000000","name":"Dentilia"},{"id":"871850","latitude":"10.15000000","longitude":"-10.46666670","name":"Diana"},{"id":"871889","latitude":"9.20000000","longitude":"-10.58333330","name":"Diarando"},{"id":"871951","latitude":"10.03333330","longitude":"-10.93333330","name":"Diembosira"},{"id":"871998","latitude":"9.03333330","longitude":"-10.36666670","name":"Diogboma"},{"id":"872020","latitude":"10.03333330","longitude":"-10.93333330","name":"Diombo Sira"},{"id":"872021","latitude":"10.03333330","longitude":"-10.93333330","name":"Dionbo Sira"},{"id":"872064","latitude":"9.31666670","longitude":"-10.53333330","name":"Djibendo"},{"id":"872066","latitude":"9.25000000","longitude":"-10.65000000","name":"Djifinn"},{"id":"872071","latitude":"9.48333330","longitude":"-10.71666670","name":"Djimmebakerdou"},{"id":"872189","latitude":"9.48333330","longitude":"-10.60000000","name":"Dougoul\u00e9"},{"id":"872190","latitude":"9.48333330","longitude":"-10.60000000","name":"Dougoul\u00e9ma"},{"id":"872191","latitude":"10.03333330","longitude":"-10.85000000","name":"Dougoul\u00e8me"},{"id":"872192","latitude":"10.03333330","longitude":"-10.85000000","name":"Dougoul\u00e9na"},{"id":"872220","latitude":"9.66666670","longitude":"-10.66666670","name":"Doumbaf\u00e9"},{"id":"872225","latitude":"9.56666670","longitude":"-10.71666670","name":"Doum\u00e9lia"},{"id":"872289","latitude":"9.33333330","longitude":"-10.38333330","name":"Erako"},{"id":"872306","latitude":"10.48333330","longitude":"-10.96666670","name":"Fadou"},{"id":"872336","latitude":"9.46666670","longitude":"-10.76666670","name":"Falakaya"},{"id":"872345","latitude":"10.51666670","longitude":"-10.73333330","name":"Fal\u00e9ba\u00efa"},{"id":"872347","latitude":"10.51666670","longitude":"-10.73333330","name":"Falibaya"},{"id":"872349","latitude":"9.13333330","longitude":"-10.48333330","name":"Falipounka"},{"id":"872351","latitude":"9.46666670","longitude":"-10.76666670","name":"Falka\u00efa"},{"id":"872352","latitude":"9.46666670","longitude":"-10.76666670","name":"Falkaya"},{"id":"872361","latitude":"9.65000000","longitude":"-10.55000000","name":"Famania"},{"id":"872365","latitude":"10.00000000","longitude":"-10.38333330","name":"Famaoulia"},{"id":"872406","latitude":"10.10000000","longitude":"-10.46666670","name":"Fansa"},{"id":"872407","latitude":"10.10000000","longitude":"-10.46666670","name":"Fansan"},{"id":"872413","latitude":"10.10000000","longitude":"-10.81666670","name":"Fan Touman\u00e9a"},{"id":"872435","latitude":"9.10000000","longitude":"-10.65000000","name":"Faragb\u00e9riro"},{"id":"872445","latitude":"9.10000000","longitude":"-10.66666670","name":"Farakoro"},{"id":"872453","latitude":"10.03333330","longitude":"-10.73333330","name":"Faranah"},{"id":"872455","latitude":"9.08333330","longitude":"-10.50000000","name":"Farancouma"},{"id":"872463","latitude":"9.33333330","longitude":"-10.43333330","name":"Farangbou\u00e9ma"},{"id":"872486","latitude":"9.55000000","longitude":"-10.46666670","name":"Faria"},{"id":"872522","latitude":"9.31666670","longitude":"-10.46666670","name":"Fatakiria"},{"id":"872539","latitude":"9.15000000","longitude":"-10.48333330","name":"Fedou"},{"id":"872625","latitude":"10.16666670","longitude":"-11.15000000","name":"Firghia"},{"id":"872641","latitude":"9.41666670","longitude":"-10.43333330","name":"Foddou"},{"id":"872666","latitude":"9.41666670","longitude":"-10.43333330","name":"Fogodougou"},{"id":"872674","latitude":"9.21666670","longitude":"-10.48333330","name":"Folakoro"},{"id":"872709","latitude":"9.68333330","longitude":"-10.60000000","name":"Fordou Koro"},{"id":"872710","latitude":"9.65000000","longitude":"-10.61666670","name":"Fordoukoura"},{"id":"872714","latitude":"9.16666670","longitude":"-10.70000000","name":"Foria"},{"id":"872716","latitude":"9.13333330","longitude":"-10.60000000","name":"Foria Kondol\u00e9a"},{"id":"872719","latitude":"9.13333330","longitude":"-10.66666670","name":"Foroconia"},{"id":"872725","latitude":"9.28333330","longitude":"-10.61666670","name":"Foromordou"},{"id":"872739","latitude":"9.31666670","longitude":"-10.38333330","name":"Fouala"},{"id":"872763","latitude":"9.21666670","longitude":"-10.48333330","name":"Foulakoro"},{"id":"872786","latitude":"9.20000000","longitude":"-10.58333330","name":"Fourbo\u00efa"},{"id":"872787","latitude":"9.46666670","longitude":"-10.78333330","name":"Fourboria"},{"id":"872788","latitude":"9.28333330","longitude":"-10.60000000","name":"Fourboya-Baf\u00e9"},{"id":"872790","latitude":"9.13333330","longitude":"-10.66666670","name":"Fourkonia"},{"id":"872791","latitude":"9.30000000","longitude":"-10.46666670","name":"Fouroub\u00e9ro"},{"id":"872792","latitude":"9.46666670","longitude":"-10.78333330","name":"Fouroubouria"},{"id":"872795","latitude":"9.28333330","longitude":"-10.60000000","name":"Fourougbouya Baf\u00e9"},{"id":"872796","latitude":"9.20000000","longitude":"-10.58333330","name":"Fourougbouya Comando"},{"id":"872799","latitude":"9.31666670","longitude":"-10.56666670","name":"Fouta Kouma"},{"id":"872813","latitude":"10.03333330","longitude":"-10.95000000","name":"Friguia"},{"id":"872817","latitude":"9.28333330","longitude":"-10.60000000","name":"Furboia Bafe"},{"id":"872818","latitude":"9.28333330","longitude":"-10.60000000","name":"Furboya Bafe"},{"id":"872849","latitude":"9.88333330","longitude":"-10.65000000","name":"Gamara"},{"id":"872864","latitude":"10.56666670","longitude":"-10.71666670","name":"Gania"},{"id":"872903","latitude":"9.91666670","longitude":"-10.68333330","name":"Gbanhouria"},{"id":"872912","latitude":"9.20000000","longitude":"-10.50000000","name":"Gbaye"},{"id":"872915","latitude":"9.16666670","longitude":"-10.46666670","name":"Gb\u00e9dou"},{"id":"872930","latitude":"9.18333330","longitude":"-10.65000000","name":"Gbinigko"},{"id":"872931","latitude":"9.86666670","longitude":"-10.91666670","name":"Gbiri Doula"},{"id":"873031","latitude":"9.93333330","longitude":"-11.11666670","name":"Gouloukoboya"},{"id":"873032","latitude":"10.08333330","longitude":"-10.95000000","name":"Goulouya"},{"id":"873053","latitude":"10.30000000","longitude":"-10.96666670","name":"Grand Kond\u00e9bou"},{"id":"873193","latitude":"9.90000000","longitude":"-11.06666670","name":"H\u00e9r\u00e9makono"},{"id":"873254","latitude":"9.86666670","longitude":"-10.36666670","name":"Irla"},{"id":"873284","latitude":"9.71666670","longitude":"-10.71666670","name":"Kabaya"},{"id":"873286","latitude":"9.75000000","longitude":"-10.76666670","name":"Kabaya Koro"},{"id":"873355","latitude":"10.01666670","longitude":"-10.98333330","name":"Kalamana"},{"id":"873356","latitude":"9.80000000","longitude":"-10.70000000","name":"Kalanco"},{"id":"873360","latitude":"10.06666670","longitude":"-10.81666670","name":"Kal\u00e9a"},{"id":"873376","latitude":"10.18333330","longitude":"-11.23333330","name":"Kalia"},{"id":"873399","latitude":"9.13333330","longitude":"-10.56666670","name":"Kamadou"},{"id":"873416","latitude":"9.88333330","longitude":"-10.65000000","name":"Kamar\u00e9a"},{"id":"873418","latitude":"9.51666670","longitude":"-10.75000000","name":"Kamaro"},{"id":"873420","latitude":"9.23333330","longitude":"-10.60000000","name":"Kamarougban"},{"id":"873424","latitude":"9.20000000","longitude":"-10.46666670","name":"Kambadou"},{"id":"873433","latitude":"10.03333330","longitude":"-11.26666670","name":"Kambambou"},{"id":"873455","latitude":"10.01666670","longitude":"-10.58333330","name":"Kam\u00e9r\u00e9 Kounia"},{"id":"873495","latitude":"9.20000000","longitude":"-10.56666670","name":"Kandian"},{"id":"873501","latitude":"9.18333330","longitude":"-10.55000000","name":"Kandou"},{"id":"873536","latitude":"9.88333330","longitude":"-10.80000000","name":"Kankomaria"},{"id":"873580","latitude":"9.08333330","longitude":"-10.55000000","name":"Kantadou"},{"id":"873589","latitude":"9.61666670","longitude":"-10.46666670","name":"Kaola"},{"id":"873592","latitude":"9.11666670","longitude":"-10.48333330","name":"Kaouadji"},{"id":"873630","latitude":"9.33333330","longitude":"-10.48333330","name":"Karedji"},{"id":"873643","latitude":"9.93333330","longitude":"-11.08333330","name":"Karimouya"},{"id":"873778","latitude":"9.11666670","longitude":"-10.58333330","name":"Kend\u00e9m\u00e9l\u00e9"},{"id":"873799","latitude":"9.25000000","longitude":"-10.51666670","name":"K\u00e9n\u00e9wa"},{"id":"873841","latitude":"9.15000000","longitude":"-10.43333330","name":"K\u00e9r\u00e9dou"},{"id":"873849","latitude":"9.26666670","longitude":"-10.56666670","name":"K\u00e9ressadji"},{"id":"873909","latitude":"9.81666670","longitude":"-10.93333330","name":"Kimaya"},{"id":"873939","latitude":"9.33333330","longitude":"-10.51666670","name":"Kinkond\u00e9ya"},{"id":"873951","latitude":"9.71666670","longitude":"-10.55000000","name":"Kiria"},{"id":"873975","latitude":"10.20000000","longitude":"-10.81666670","name":"Kissia"},{"id":"873993","latitude":"10.46666670","longitude":"-10.86666670","name":"Kobaf\u00e9"},{"id":"874020","latitude":"10.51666670","longitude":"-10.90000000","name":"Kob\u00e9ta"},{"id":"874050","latitude":"9.13333330","longitude":"-10.53333330","name":"Kodou"},{"id":"874106","latitude":"10.48333330","longitude":"-10.83333330","name":"Kokou"},{"id":"874111","latitude":"10.48333330","longitude":"-10.83333330","name":"Kokoun"},{"id":"874127","latitude":"9.21666670","longitude":"-10.58333330","name":"Kola Konko"},{"id":"874130","latitude":"9.13333330","longitude":"-10.70000000","name":"Kolakoya"},{"id":"874134","latitude":"9.18333330","longitude":"-10.71666670","name":"Kolat\u00e9"},{"id":"874135","latitude":"9.51666670","longitude":"-10.66666670","name":"Kolatou"},{"id":"874141","latitude":"10.43333330","longitude":"-10.90000000","name":"Kol\u00e9"},{"id":"874198","latitude":"9.35000000","longitude":"-10.55000000","name":"Kolombaya"},{"id":"874226","latitude":"10.05000000","longitude":"-10.41666670","name":"Komandi-Baramentou"},{"id":"874227","latitude":"10.16666670","longitude":"-10.36666670","name":"Komandikoro"},{"id":"874228","latitude":"10.20000000","longitude":"-10.31666670","name":"Komandikoura"},{"id":"874239","latitude":"10.13333330","longitude":"-11.03333330","name":"Komba\u00efa"},{"id":"874241","latitude":"10.13333330","longitude":"-11.03333330","name":"Komboya"},{"id":"874264","latitude":"9.48333330","longitude":"-10.56666670","name":"Koncofi"},{"id":"874268","latitude":"10.30000000","longitude":"-10.96666670","name":"Kondebou"},{"id":"874269","latitude":"10.30000000","longitude":"-10.96666670","name":"Kond\u00e9bounba"},{"id":"874270","latitude":"10.06666670","longitude":"-10.78333330","name":"Kond\u00e9boun Karfa"},{"id":"874271","latitude":"10.13333330","longitude":"-10.81666670","name":"Kond\u00e9boun Lamina"},{"id":"874275","latitude":"9.31666670","longitude":"-10.63333330","name":"Kond\u00e9nia"},{"id":"874291","latitude":"9.21666670","longitude":"-10.43333330","name":"Kondondou"},{"id":"874344","latitude":"9.41666670","longitude":"-10.40000000","name":"Konkoa"},{"id":"874351","latitude":"9.88333330","longitude":"-10.80000000","name":"Konkom\u00e9nia"},{"id":"874352","latitude":"9.88333330","longitude":"-10.80000000","name":"Konkom\u00e9ria"},{"id":"874398","latitude":"9.20000000","longitude":"-10.45000000","name":"Koria"},{"id":"874426","latitude":"9.40000000","longitude":"-10.76666670","name":"Kossaba"},{"id":"874443","latitude":"9.40000000","longitude":"-10.76666670","name":"Kosso"},{"id":"874475","latitude":"9.21666670","longitude":"-10.53333330","name":"Koubikoro"},{"id":"874523","latitude":"10.13333330","longitude":"-10.85000000","name":"Koula"},{"id":"874525","latitude":"10.40000000","longitude":"-10.98333330","name":"Koulanbou"},{"id":"874532","latitude":"9.10000000","longitude":"-10.56666670","name":"Koulikonko"},{"id":"874556","latitude":"10.20000000","longitude":"-10.31666670","name":"Kouma"},{"id":"874559","latitude":"10.05000000","longitude":"-10.41666670","name":"Koumandi Barnatou"},{"id":"874560","latitude":"10.05000000","longitude":"-10.41666670","name":"Koumandi-B\u00e9matou"},{"id":"874561","latitude":"10.16666670","longitude":"-10.36666670","name":"Koumandi Koro"},{"id":"874562","latitude":"10.20000000","longitude":"-10.31666670","name":"Koumandi-Koro"},{"id":"874563","latitude":"10.05000000","longitude":"-10.41666670","name":"Koumandi"},{"id":"874564","latitude":"10.20000000","longitude":"-10.31666670","name":"Koumandi Koura"},{"id":"874577","latitude":"9.08333330","longitude":"-10.53333330","name":"Koumba"},{"id":"874584","latitude":"9.16666670","longitude":"-10.65000000","name":"Koumbatamba"},{"id":"874602","latitude":"10.08333330","longitude":"-11.36666670","name":"Kounadia"},{"id":"874686","latitude":"9.30000000","longitude":"-10.53333330","name":"Kour\u00e9koro"},{"id":"874692","latitude":"9.16666670","longitude":"-10.60000000","name":"Kouria"},{"id":"874694","latitude":"9.16666670","longitude":"-10.66666670","name":"Kouriand\u00e9"},{"id":"874740","latitude":"9.20000000","longitude":"-10.48333330","name":"Koussoubingou"},{"id":"874835","latitude":"9.48333330","longitude":"-10.80000000","name":"Lancerdou"},{"id":"874836","latitude":"9.48333330","longitude":"-10.80000000","name":"Lanc\u00e9r\u00e9dou"},{"id":"874838","latitude":"9.11666670","longitude":"-10.50000000","name":"Land\u00e9"},{"id":"874851","latitude":"9.33333330","longitude":"-10.56666670","name":"Langli\u00e9m\u00e9"},{"id":"874860","latitude":"9.48333330","longitude":"-10.80000000","name":"Lans\u00e9r\u00e9dougou"},{"id":"874871","latitude":"10.15000000","longitude":"-11.06666670","name":"Layadi"},{"id":"874872","latitude":"9.85000000","longitude":"-10.63333330","name":"Laya Doula"},{"id":"874873","latitude":"10.05000000","longitude":"-11.00000000","name":"Laya"},{"id":"874875","latitude":"9.78333330","longitude":"-10.63333330","name":"Laya Sando"},{"id":"874913","latitude":"9.23333330","longitude":"-10.66666670","name":"L\u00e9n\u00e9ssa"},{"id":"874952","latitude":"9.33333330","longitude":"-10.56666670","name":"Lingu\u00e9ma"},{"id":"874976","latitude":"9.30000000","longitude":"-10.61666670","name":"Lokof\u00e9"},{"id":"875020","latitude":"9.15000000","longitude":"-10.43333330","name":"Louneye"},{"id":"875025","latitude":"9.21666670","longitude":"-10.46666670","name":"Loya"},{"id":"875046","latitude":"9.10000000","longitude":"-10.60000000","name":"Madina"},{"id":"875071","latitude":"9.71666670","longitude":"-10.71666670","name":"Mafindi-Kaba\u00efa"},{"id":"875072","latitude":"9.71666670","longitude":"-10.71666670","name":"Mafindi Kabaya"},{"id":"875075","latitude":"9.06666670","longitude":"-10.58333330","name":"Mafinndi"},{"id":"875077","latitude":"9.71666670","longitude":"-10.71666670","name":"Mafinnedi Kabaya"},{"id":"875083","latitude":"9.85000000","longitude":"-10.48333330","name":"Maharnadi"},{"id":"875153","latitude":"9.26666670","longitude":"-10.65000000","name":"Mambouria"},{"id":"875157","latitude":"9.30000000","longitude":"-10.56666670","name":"Mamona"},{"id":"875166","latitude":"9.25000000","longitude":"-10.61666670","name":"Mamouria"},{"id":"875193","latitude":"10.30000000","longitude":"-10.60000000","name":"Mandou"},{"id":"875212","latitude":"10.01666670","longitude":"-10.85000000","name":"Mangata"},{"id":"875226","latitude":"10.11666670","longitude":"-10.66666670","name":"Manian"},{"id":"875236","latitude":"10.01666670","longitude":"-10.85000000","name":"Mankala"},{"id":"875237","latitude":"10.01666670","longitude":"-10.85000000","name":"Mankata"},{"id":"875251","latitude":"10.31666670","longitude":"-10.50000000","name":"Mansansamoribaya"},{"id":"875253","latitude":"10.31666670","longitude":"-10.50000000","name":"Mansaramoribaya"},{"id":"875257","latitude":"10.31666670","longitude":"-10.50000000","name":"Mansiramoribaya"},{"id":"875262","latitude":"10.31666670","longitude":"-10.50000000","name":"Mansouramaribaya"},{"id":"875263","latitude":"10.31666670","longitude":"-10.50000000","name":"Mansouramoribaya"},{"id":"875273","latitude":"10.03333330","longitude":"-10.55000000","name":"Maradou"},{"id":"875294","latitude":"9.85000000","longitude":"-10.48333330","name":"Marnadi"},{"id":"875314","latitude":"9.85000000","longitude":"-10.88333330","name":"Massaso"},{"id":"875329","latitude":"9.08333330","longitude":"-10.56666670","name":"Matiounta"},{"id":"875347","latitude":"10.56666670","longitude":"-10.75000000","name":"M\u00e9dina"},{"id":"875364","latitude":"10.06666670","longitude":"-10.93333330","name":"M\u00e9libou"},{"id":"875365","latitude":"10.06666670","longitude":"-10.93333330","name":"M\u00e9liboun"},{"id":"875367","latitude":"9.25000000","longitude":"-10.50000000","name":"M\u00e9lif\u00e9"},{"id":"875433","latitude":"10.08333330","longitude":"-10.73333330","name":"Modia"},{"id":"875518","latitude":"10.03333330","longitude":"-10.46666670","name":"Morissiria"},{"id":"875540","latitude":"10.03333330","longitude":"-11.20000000","name":"Moungata"},{"id":"875593","latitude":"10.21666670","longitude":"-11.20000000","name":"Nam\u00e9iri"},{"id":"875643","latitude":"10.10000000","longitude":"-10.63333330","name":"N\u00e9r\u00e9koro"},{"id":"875645","latitude":"10.10000000","longitude":"-10.63333330","name":"N\u00e9r\u00e9korp"},{"id":"875659","latitude":"9.10000000","longitude":"-10.51666670","name":"Niadou"},{"id":"875676","latitude":"9.93333330","longitude":"-10.56666670","name":"Niala"},{"id":"875681","latitude":"9.93333330","longitude":"-10.56666670","name":"Nialia"},{"id":"875703","latitude":"9.23333330","longitude":"-10.45000000","name":"Niandan"},{"id":"875704","latitude":"9.28333330","longitude":"-10.53333330","name":"Niandanwaro"},{"id":"875705","latitude":"9.53333330","longitude":"-10.51666670","name":"Nianforando"},{"id":"875706","latitude":"9.53333330","longitude":"-10.51666670","name":"Nianforondo"},{"id":"875713","latitude":"10.58333330","longitude":"-10.96666670","name":"Niankoulan"},{"id":"875735","latitude":"10.01666670","longitude":"-11.06666670","name":"Niaya"},{"id":"875743","latitude":"9.16666670","longitude":"-10.70000000","name":"Ni\u00e9lia"},{"id":"875823","latitude":"10.05000000","longitude":"-10.33333330","name":"Nora"},{"id":"875830","latitude":"9.23333330","longitude":"-10.46666670","name":"Nougoundou"},{"id":"875865","latitude":"9.15000000","longitude":"-10.50000000","name":"Oladou"},{"id":"875872","latitude":"10.16666670","longitude":"-11.01666670","name":"Ond\u00e9sania"},{"id":"875928","latitude":"10.03333330","longitude":"-10.88333330","name":"Oualia"},{"id":"875941","latitude":"9.11666670","longitude":"-10.63333330","name":"Ouankadji"},{"id":"875961","latitude":"10.10000000","longitude":"-10.33333330","name":"Ouassambala"},{"id":"875962","latitude":"9.08333330","longitude":"-10.51666670","name":"Ouassaya"},{"id":"875982","latitude":"9.16666670","longitude":"-10.48333330","name":"Ouend\u00e9"},{"id":"876039","latitude":"10.00000000","longitude":"-10.98333330","name":"Ound\u00e9mia"},{"id":"876040","latitude":"9.21666670","longitude":"-10.60000000","name":"Oundou Doula"},{"id":"876042","latitude":"9.23333330","longitude":"-10.58333330","name":"Oundou"},{"id":"876050","latitude":"9.08333330","longitude":"-10.63333330","name":"Ouoldou"},{"id":"876082","latitude":"9.48333330","longitude":"-10.46666670","name":"Ouria"},{"id":"876084","latitude":"9.10000000","longitude":"-10.56666670","name":"Ouriatou"},{"id":"876116","latitude":"10.23333330","longitude":"-10.41666670","name":"Oussonya"},{"id":"876122","latitude":"10.23333330","longitude":"-10.41666670","name":"Oussouya"},{"id":"876161","latitude":"9.28333330","longitude":"-10.50000000","name":"Pampako"},{"id":"876189","latitude":"10.31666670","longitude":"-11.08333330","name":"Passaya"},{"id":"876327","latitude":"9.18333330","longitude":"-10.50000000","name":"Saddou"},{"id":"876333","latitude":"9.83333330","longitude":"-10.70000000","name":"Safaran"},{"id":"876383","latitude":"9.43333330","longitude":"-10.63333330","name":"Salania"},{"id":"876393","latitude":"9.43333330","longitude":"-10.63333330","name":"Salounian"},{"id":"876394","latitude":"10.01666670","longitude":"-10.88333330","name":"Salounia"},{"id":"876396","latitude":"10.16666670","longitude":"-11.30000000","name":"Saloya"},{"id":"876400","latitude":"9.06666670","longitude":"-10.58333330","name":"Samandou"},{"id":"876413","latitude":"9.40000000","longitude":"-10.73333330","name":"Sambadougou"},{"id":"876439","latitude":"9.46666670","longitude":"-10.46666670","name":"Sambeldo"},{"id":"876440","latitude":"9.40000000","longitude":"-10.73333330","name":"Samboudou"},{"id":"876441","latitude":"10.16666670","longitude":"-10.50000000","name":"Sambouya"},{"id":"876466","latitude":"9.26666670","longitude":"-10.43333330","name":"Sanaya"},{"id":"876469","latitude":"10.16666670","longitude":"-10.50000000","name":"Sanbaya"},{"id":"876470","latitude":"10.06666670","longitude":"-10.70000000","name":"Sanbouya"},{"id":"876473","latitude":"9.13333330","longitude":"-10.58333330","name":"Sandankoro"},{"id":"876479","latitude":"9.06666670","longitude":"-10.46666670","name":"Sandian"},{"id":"876549","latitude":"10.06666670","longitude":"-11.11666670","name":"Sanouya"},{"id":"876554","latitude":"10.21666670","longitude":"-10.80000000","name":"Sansanbou"},{"id":"876560","latitude":"10.26666670","longitude":"-10.65000000","name":"Sansanko"},{"id":"876569","latitude":"9.15000000","longitude":"-10.55000000","name":"Santa"},{"id":"876582","latitude":"9.15000000","longitude":"-10.55000000","name":"Santo"},{"id":"876594","latitude":"9.20000000","longitude":"-10.63333330","name":"Sarafinian"},{"id":"876595","latitude":"9.20000000","longitude":"-10.63333330","name":"Sarafinia"},{"id":"876601","latitude":"9.36666670","longitude":"-10.60000000","name":"Saramanian"},{"id":"876612","latitude":"9.16666670","longitude":"-10.51666670","name":"Sardou"},{"id":"876643","latitude":"9.11666670","longitude":"-10.45000000","name":"Sar\u00e9"},{"id":"876649","latitude":"9.26666670","longitude":"-10.51666670","name":"Sar\u00e9ya"},{"id":"876653","latitude":"9.20000000","longitude":"-10.63333330","name":"Sarifinian"},{"id":"876667","latitude":"9.08333330","longitude":"-10.53333330","name":"Sayalo"},{"id":"876698","latitude":"10.08333330","longitude":"-10.96666670","name":"S\u00e9gu\u00e9d\u00e9nia"},{"id":"876710","latitude":"10.08333330","longitude":"-10.88333330","name":"S\u00e9kor\u00e9a"},{"id":"876718","latitude":"9.70000000","longitude":"-10.81666670","name":"S\u00e9lia"},{"id":"876719","latitude":"9.96666670","longitude":"-10.65000000","name":"S\u00e9limi"},{"id":"876748","latitude":"9.10000000","longitude":"-10.53333330","name":"S\u00e9oudo"},{"id":"876752","latitude":"9.20000000","longitude":"-10.63333330","name":"Serafinian"},{"id":"876756","latitude":"9.75000000","longitude":"-10.50000000","name":"Seredou"},{"id":"876760","latitude":"10.13333330","longitude":"-10.43333330","name":"S\u00e9r\u00e9koro"},{"id":"876764","latitude":"9.25000000","longitude":"-10.55000000","name":"Ser\u00e9m\u00e9ssadou"},{"id":"876779","latitude":"9.28333330","longitude":"-10.53333330","name":"S\u00e9rouaf\u00e9"},{"id":"876796","latitude":"9.73333330","longitude":"-10.61666670","name":"Sidakoro"},{"id":"876827","latitude":"9.96666670","longitude":"-10.65000000","name":"Sil\u00e9mi"},{"id":"876829","latitude":"10.61666670","longitude":"-10.85000000","name":"Silia"},{"id":"876830","latitude":"9.96666670","longitude":"-10.65000000","name":"Silimi"},{"id":"876859","latitude":"9.96666670","longitude":"-11.08333330","name":"Simitikalia"},{"id":"876941","latitude":"10.25000000","longitude":"-10.48333330","name":"Sirakoro"},{"id":"876945","latitude":"9.56666670","longitude":"-10.80000000","name":"Sirama\u00efa"},{"id":"876948","latitude":"9.56666670","longitude":"-10.80000000","name":"Siramania"},{"id":"876966","latitude":"9.26666670","longitude":"-10.65000000","name":"Siricamaria"},{"id":"877001","latitude":"9.10000000","longitude":"-10.45000000","name":"Sofidou"},{"id":"877037","latitude":"10.05000000","longitude":"-10.66666670","name":"Sokourala"},{"id":"877043","latitude":"10.01666670","longitude":"-10.93333330","name":"Sol\u00e9a"},{"id":"877049","latitude":"9.35000000","longitude":"-10.55000000","name":"Solombaya"},{"id":"877055","latitude":"10.01666670","longitude":"-10.93333330","name":"Solouya"},{"id":"877065","latitude":"10.48333330","longitude":"-10.43333330","name":"Som\u00e9r\u00e9ah"},{"id":"877073","latitude":"9.33333330","longitude":"-10.50000000","name":"Sondimaya"},{"id":"877076","latitude":"9.20000000","longitude":"-10.45000000","name":"Sonfondji"},{"id":"877083","latitude":"9.76666670","longitude":"-10.96666670","name":"Songo\u00efa-Tintarba"},{"id":"877084","latitude":"9.71666670","longitude":"-10.88333330","name":"Songo\u00efa-Toukoro"},{"id":"877087","latitude":"9.71666670","longitude":"-10.88333330","name":"Songoya"},{"id":"877089","latitude":"9.73333330","longitude":"-10.88333330","name":"Songoya Sonmoria"},{"id":"877090","latitude":"9.76666670","longitude":"-10.96666670","name":"Songoya Tintarba"},{"id":"877091","latitude":"9.71666670","longitude":"-10.88333330","name":"Songoya-Tongora"},{"id":"877092","latitude":"9.71666670","longitude":"-10.88333330","name":"Songoya Tonkoro"},{"id":"877094","latitude":"9.21666670","longitude":"-10.51666670","name":"Sonkadou"},{"id":"877098","latitude":"9.91666670","longitude":"-10.80000000","name":"Sonkonia"},{"id":"877108","latitude":"9.65000000","longitude":"-10.75000000","name":"Sorbarata"},{"id":"877119","latitude":"10.48333330","longitude":"-10.43333330","name":"Sormor\u00e9a"},{"id":"877130","latitude":"9.98333330","longitude":"-11.01666670","name":"Sossaya"},{"id":"877163","latitude":"9.10000000","longitude":"-10.60000000","name":"Soukourala"},{"id":"877173","latitude":"10.01666670","longitude":"-10.83333330","name":"Soul\u00e9mania"},{"id":"877174","latitude":"10.01666670","longitude":"-10.83333330","name":"Souleymania"},{"id":"877177","latitude":"10.16666670","longitude":"-11.30000000","name":"Soulo\u00efa"},{"id":"877209","latitude":"10.56666670","longitude":"-10.80000000","name":"Soumini"},{"id":"877243","latitude":"9.20000000","longitude":"-10.50000000","name":"Souroukoudou"},{"id":"877251","latitude":"9.15000000","longitude":"-10.51666670","name":"Sowadou"},{"id":"877297","latitude":"10.06666670","longitude":"-11.35000000","name":"Tagagna"},{"id":"877489","latitude":"10.03333330","longitude":"-10.88333330","name":"T\u00e9n\u00e9oualia"},{"id":"877566","latitude":"10.00000000","longitude":"-10.85000000","name":"Tigania"},{"id":"877567","latitude":"10.00000000","longitude":"-10.85000000","name":"Tiguania"},{"id":"877595","latitude":"9.96666670","longitude":"-10.70000000","name":"Tindo"},{"id":"877635","latitude":"9.75000000","longitude":"-10.65000000","name":"Tiro"},{"id":"877754","latitude":"9.71666670","longitude":"-10.88333330","name":"Toukoro"},{"id":"877768","latitude":"10.41666670","longitude":"-10.78333330","name":"Touman\u00e9a"},{"id":"877772","latitude":"10.41666670","longitude":"-10.78333330","name":"Toumania"},{"id":"877863","latitude":"9.15000000","longitude":"-10.55000000","name":"Waladou"},{"id":"877866","latitude":"10.03333330","longitude":"-10.88333330","name":"Walia"},{"id":"877882","latitude":"10.10000000","longitude":"-10.33333330","name":"Wassanbala"},{"id":"877904","latitude":"9.30000000","longitude":"-10.51666670","name":"Woliondou"},{"id":"877984","latitude":"9.13333330","longitude":"-10.45000000","name":"Yant\u00e9dou"},{"id":"878005","latitude":"9.95000000","longitude":"-10.73333330","name":"Yarawalia"},{"id":"878010","latitude":"9.26666670","longitude":"-10.41666670","name":"Yar\u00e9ya"},{"id":"878013","latitude":"9.30000000","longitude":"-10.50000000","name":"Yarto"},{"id":"878023","latitude":"10.01666670","longitude":"-10.96666670","name":"Yathia"},{"id":"878025","latitude":"10.01666670","longitude":"-10.96666670","name":"Yatia"},{"id":"878037","latitude":"9.20000000","longitude":"-10.55000000","name":"Y\u00e9l\u00e9"},{"id":"878049","latitude":"9.11666670","longitude":"-10.58333330","name":"Y\u00e9na"},{"id":"878077","latitude":"9.08333330","longitude":"-10.48333330","name":"Y\u00e9r\u00e9konko"},{"id":"878080","latitude":"9.18333330","longitude":"-10.48333330","name":"Y\u00e9r\u00e9wadou"},{"id":"878081","latitude":"9.21666670","longitude":"-10.51666670","name":"Y\u00e9r\u00e9wolia"},{"id":"878082","latitude":"9.33333330","longitude":"-10.41666670","name":"Y\u00e9r\u00e9woya"},{"id":"878093","latitude":"9.15000000","longitude":"-10.58333330","name":"Yicando"},{"id":"878108","latitude":"9.13333330","longitude":"-10.46666670","name":"Yogboma"},{"id":"878114","latitude":"9.15000000","longitude":"-10.45000000","name":"Yomadou"},{"id":"878142","latitude":"9.23333330","longitude":"-10.65000000","name":"Youroukouria"}]