[{"id":"870464","latitude":"10.51666670","longitude":"-11.73333330","name":"Aroumaya"},{"id":"870518","latitude":"10.71666670","longitude":"-11.66666670","name":"Bagata"},{"id":"870536","latitude":"10.43333330","longitude":"-12.15000000","name":"Bahofello"},{"id":"870629","latitude":"10.40000000","longitude":"-12.36666670","name":"Bal\u00e9a"},{"id":"870631","latitude":"10.40000000","longitude":"-12.36666670","name":"Bal\u00e9ha"},{"id":"870671","latitude":"10.18333330","longitude":"-11.85000000","name":"Bambafouga"},{"id":"870672","latitude":"10.18333330","longitude":"-11.85000000","name":"Bambafoya"},{"id":"870698","latitude":"10.06666670","longitude":"-11.86666670","name":"Bamb\u00e9nia"},{"id":"870790","latitude":"10.36666670","longitude":"-11.81666670","name":"Banhore"},{"id":"870791","latitude":"10.36666670","longitude":"-11.81666670","name":"Banhorr\u00e9a"},{"id":"870809","latitude":"10.80000000","longitude":"-11.60000000","name":"Banko"},{"id":"870878","latitude":"10.63333330","longitude":"-11.90000000","name":"Barniko"},{"id":"870956","latitude":"11.01666670","longitude":"-11.51666670","name":"B\u00e9li"},{"id":"870962","latitude":"11.01666670","longitude":"-11.51666670","name":"Belli"},{"id":"870964","latitude":"10.06666670","longitude":"-11.86666670","name":"Bemb\u00e9nia"},{"id":"870981","latitude":"10.03333330","longitude":"-11.68333330","name":"Bendougou"},{"id":"871019","latitude":"10.46666670","longitude":"-11.65000000","name":"B\u00e9r\u00e9vel"},{"id":"871059","latitude":"10.38333330","longitude":"-12.25000000","name":"Bilima Kant\u00e9"},{"id":"871086","latitude":"10.31666670","longitude":"-11.65000000","name":"Bintinko"},{"id":"871116","latitude":"10.23333330","longitude":"-12.01666670","name":"Boavalkourou"},{"id":"871177","latitude":"10.13333330","longitude":"-12.05000000","name":"Bokoba"},{"id":"871178","latitude":"11.00000000","longitude":"-11.75000000","name":"Boko"},{"id":"871190","latitude":"10.28333330","longitude":"-11.81666670","name":"Bokondio"},{"id":"871219","latitude":"10.18333330","longitude":"-11.85000000","name":"Bombofou\u00efa"},{"id":"871319","latitude":"10.81666670","longitude":"-11.71666670","name":"Botor\u00e9"},{"id":"871320","latitude":"10.63333330","longitude":"-12.23333330","name":"Botowel"},{"id":"871378","latitude":"10.61666670","longitude":"-12.18333330","name":"Boulivel"},{"id":"871383","latitude":"10.61666670","longitude":"-12.18333330","name":"Boullivel"},{"id":"871423","latitude":"10.70000000","longitude":"-11.98333330","name":"Bouria"},{"id":"871431","latitude":"11.13333330","longitude":"-11.30000000","name":"Bouroumba"},{"id":"871441","latitude":"10.88333330","longitude":"-11.75000000","name":"Boussoura"},{"id":"871694","latitude":"10.41666670","longitude":"-12.16666670","name":"Dantar\u00e9"},{"id":"871701","latitude":"9.98333330","longitude":"-11.93333330","name":"Dantoumaia"},{"id":"871713","latitude":"10.60000000","longitude":"-11.88333330","name":"Dara"},{"id":"871726","latitude":"10.58333330","longitude":"-11.88333330","name":"Dar es Salam"},{"id":"871731","latitude":"11.16666670","longitude":"-11.38333330","name":"Darou Salam"},{"id":"871742","latitude":"9.15000000","longitude":"-10.66666670","name":"Datouya"},{"id":"871811","latitude":"10.66666670","longitude":"-12.26666670","name":"Diaguissa"},{"id":"871855","latitude":"10.25000000","longitude":"-11.71666670","name":"Diandian"},{"id":"871900","latitude":"10.90000000","longitude":"-11.61666670","name":"Diarindi"},{"id":"871985","latitude":"10.41666670","longitude":"-11.75000000","name":"Dindili"},{"id":"871988","latitude":"10.71666670","longitude":"-11.56666670","name":"Dingoure"},{"id":"872000","latitude":"10.71666670","longitude":"-11.56666670","name":"Diogore"},{"id":"872002","latitude":"10.71666670","longitude":"-11.56666670","name":"Diogour\u00e9"},{"id":"872163","latitude":"10.66666670","longitude":"-11.91666670","name":"Doubbel"},{"id":"872203","latitude":"9.90000000","longitude":"-12.01666670","name":"Doukobia"},{"id":"872231","latitude":"10.25000000","longitude":"-11.80000000","name":"Doundouko"},{"id":"872234","latitude":"10.51666670","longitude":"-11.90000000","name":"Doun\u00e9"},{"id":"872247","latitude":"9.90000000","longitude":"-12.01666670","name":"Dounkobia"},{"id":"872526","latitude":"10.71666670","longitude":"-11.71666670","name":"Fatigala"},{"id":"872541","latitude":"10.56666670","longitude":"-12.10000000","name":"F\u00e9dougou"},{"id":"872593","latitude":"10.30000000","longitude":"-12.28333330","name":"Fetto"},{"id":"872611","latitude":"11.13333330","longitude":"-11.35000000","name":"Finala"},{"id":"872699","latitude":"11.08333330","longitude":"-11.23333330","name":"Foniokonko"},{"id":"872700","latitude":"11.08333330","longitude":"-11.23333330","name":"Fonio Konkov"},{"id":"872802","latitude":"10.53333330","longitude":"-11.95000000","name":"Foya"},{"id":"872982","latitude":"10.76666670","longitude":"-11.95000000","name":"Gongop\u00e9"},{"id":"872983","latitude":"10.76666670","longitude":"-11.95000000","name":"Gongor\u00e9"},{"id":"872987","latitude":"10.76666670","longitude":"-11.95000000","name":"Gonkor\u00e9"},{"id":"873181","latitude":"10.51666670","longitude":"-11.73333330","name":"Haroumaia"},{"id":"873182","latitude":"10.51666670","longitude":"-11.73333330","name":"Harouna\u00efa"},{"id":"873199","latitude":"10.71666670","longitude":"-11.86666670","name":"H\u00e9riko"},{"id":"873210","latitude":"10.56666670","longitude":"-12.05000000","name":"Horoukouma"},{"id":"873267","latitude":"10.15000000","longitude":"-11.66666670","name":"Kaba"},{"id":"873426","latitude":"10.06666670","longitude":"-11.96666670","name":"Kambaia"},{"id":"873429","latitude":"10.06666670","longitude":"-11.96666670","name":"Kambala"},{"id":"873504","latitude":"10.58333330","longitude":"-11.80000000","name":"Kanei"},{"id":"873573","latitude":"10.58333330","longitude":"-11.80000000","name":"Kansi"},{"id":"873662","latitude":"9.98333330","longitude":"-11.96666670","name":"Kassa"},{"id":"873927","latitude":"10.68333330","longitude":"-11.88333330","name":"Kinian"},{"id":"873928","latitude":"10.46666670","longitude":"-11.85000000","name":"Kinianpili"},{"id":"873998","latitude":"10.38333330","longitude":"-11.75000000","name":"Koba"},{"id":"874152","latitude":"10.98333330","longitude":"-11.73333330","name":"Kolen"},{"id":"874240","latitude":"10.18333330","longitude":"-11.96666670","name":"Kombokoro"},{"id":"874356","latitude":"10.28333330","longitude":"-12.23333330","name":"Konkour\u00e9"},{"id":"874360","latitude":"10.28333330","longitude":"-12.23333330","name":"Konkur\u00e9"},{"id":"874507","latitude":"10.06666670","longitude":"-11.75000000","name":"Kou\u00efan"},{"id":"874508","latitude":"10.06666670","longitude":"-11.75000000","name":"Kouiay\u00e9"},{"id":"874580","latitude":"10.10000000","longitude":"-12.00000000","name":"Koumba"},{"id":"874659","latitude":"10.58333330","longitude":"-11.60000000","name":"Kounta"},{"id":"874669","latitude":"10.28333330","longitude":"-12.23333330","name":"Koura\u00efa Konkour\u00e9"},{"id":"874670","latitude":"10.28333330","longitude":"-12.23333330","name":"Koura\u00efa"},{"id":"874716","latitude":"10.28333330","longitude":"-12.23333330","name":"Kourou\u00efa"},{"id":"874753","latitude":"10.06666670","longitude":"-11.75000000","name":"Kouyan"},{"id":"874793","latitude":"10.85000000","longitude":"-11.75000000","name":"Labiko"},{"id":"874803","latitude":"10.48333330","longitude":"-11.91666670","name":"Lahikombaya"},{"id":"874949","latitude":"10.28333330","longitude":"-11.75000000","name":"Lingu\u00e9ko"},{"id":"874999","latitude":"10.50000000","longitude":"-12.28333330","name":"Lop\u00e9wal"},{"id":"875000","latitude":"10.50000000","longitude":"-12.28333330","name":"Lop\u00e9yel"},{"id":"875032","latitude":"10.80000000","longitude":"-11.80000000","name":"Mad\u00e9"},{"id":"875127","latitude":"10.78333330","longitude":"-11.71666670","name":"Mali"},{"id":"875164","latitude":"10.15000000","longitude":"-11.95000000","name":"Mamou"},{"id":"875299","latitude":"10.18333330","longitude":"-12.01666670","name":"Marso"},{"id":"875466","latitude":"10.45000000","longitude":"-11.56666670","name":"Mooria"},{"id":"875545","latitude":"10.51666670","longitude":"-11.60000000","name":"Mountouko"},{"id":"875570","latitude":"10.80000000","longitude":"-11.80000000","name":"Nad\u00e9"},{"id":"875622","latitude":"10.71666670","longitude":"-11.81666670","name":"Ndeyri"},{"id":"875664","latitude":"10.75000000","longitude":"-11.80000000","name":"Niagara"},{"id":"875795","latitude":"10.40000000","longitude":"-11.98333330","name":"Nob\u00e9"},{"id":"875889","latitude":"10.85000000","longitude":"-11.80000000","name":"Or\u00e9 Kolen"},{"id":"875894","latitude":"10.41666670","longitude":"-12.18333330","name":"Or\u00e9 Mamou"},{"id":"875903","latitude":"10.38333330","longitude":"-11.96666670","name":"Or\u00e9tigu\u00e9"},{"id":"875915","latitude":"10.45000000","longitude":"-11.95000000","name":"Osmania"},{"id":"875924","latitude":"10.28333330","longitude":"-12.38333330","name":"Ou\u00e2k\u00e2"},{"id":"876192","latitude":"10.05000000","longitude":"-11.95000000","name":"Pate\u00efa"},{"id":"876256","latitude":"10.25000000","longitude":"-11.58333330","name":"Portofita"},{"id":"876262","latitude":"10.73333330","longitude":"-11.93333330","name":"Poukou"},{"id":"876322","latitude":"9.96666670","longitude":"-12.08333330","name":"Sabou\u00efa"},{"id":"876365","latitude":"10.31666670","longitude":"-11.65000000","name":"Sakanokola"},{"id":"876381","latitude":"10.60000000","longitude":"-11.63333330","name":"Salamodia"},{"id":"876547","latitude":"10.98333330","longitude":"-11.65000000","name":"Sanokola"},{"id":"876624","latitude":"10.66666670","longitude":"-11.68333330","name":"Sar\u00e9boval"},{"id":"876630","latitude":"10.90000000","longitude":"-11.58333330","name":"Sar\u00e9foula"},{"id":"876655","latitude":"10.75000000","longitude":"-11.68333330","name":"Saroudia"},{"id":"876766","latitude":"10.43333330","longitude":"-12.08333330","name":"S\u00e9r\u00e9"},{"id":"876819","latitude":"10.38333330","longitude":"-11.68333330","name":"Sila\u00efa"},{"id":"876837","latitude":"10.61666670","longitude":"-11.61666670","name":"Simbakounian"},{"id":"876921","latitude":"10.31666670","longitude":"-11.65000000","name":"Sintinko"},{"id":"876980","latitude":"10.05000000","longitude":"-11.71666670","name":"Sitakoto"},{"id":"876991","latitude":"10.50000000","longitude":"-11.88333330","name":"Sob\u00e9\u00efa"},{"id":"877105","latitude":"10.28333330","longitude":"-11.98333330","name":"Sooya"},{"id":"877110","latitude":"11.13333330","longitude":"-11.28333330","name":"Soria"},{"id":"877116","latitude":"10.68333330","longitude":"-12.18333330","name":"Soridiavoya"},{"id":"877197","latitude":"10.60000000","longitude":"-12.03333330","name":"Soumbalako Maound\u00e9"},{"id":"877198","latitude":"10.51666670","longitude":"-12.06666670","name":"Soumbalako Tokoss\u00e9r\u00e9"},{"id":"877238","latitude":"11.13333330","longitude":"-11.28333330","name":"Souria"},{"id":"877385","latitude":"9.96666670","longitude":"-12.08333330","name":"Tan\u00e9ne"},{"id":"877394","latitude":"10.86666670","longitude":"-11.63333330","name":"Tanguali Ogo"},{"id":"877402","latitude":"10.68333330","longitude":"-12.10000000","name":"Tantan"},{"id":"877466","latitude":"10.35000000","longitude":"-12.10000000","name":"T\u00e9liko"},{"id":"877517","latitude":"10.46666670","longitude":"-11.88333330","name":"Tial\u00e9r\u00e9"},{"id":"877569","latitude":"10.46666670","longitude":"-11.80000000","name":"Tigu\u00e9"},{"id":"877586","latitude":"10.63333330","longitude":"-11.83333330","name":"Timbo"},{"id":"877667","latitude":"10.38333330","longitude":"-11.75000000","name":"Tolo"},{"id":"877951","latitude":"10.16666670","longitude":"-11.91666670","name":"Yala"}]