[{"id":"870523","latitude":"10.25000000","longitude":"-12.90000000","name":"Bag\u00e9ya"},{"id":"870526","latitude":"10.25000000","longitude":"-12.90000000","name":"Bagu\u00e9a"},{"id":"870546","latitude":"10.01666670","longitude":"-12.70000000","name":"Bakariya"},{"id":"870554","latitude":"10.16666670","longitude":"-13.13333330","name":"Baki"},{"id":"870604","latitude":"10.51666670","longitude":"-12.55000000","name":"Balandougou"},{"id":"870683","latitude":"10.08333330","longitude":"-12.86666670","name":"Bamban"},{"id":"870692","latitude":"10.18333330","longitude":"-12.25000000","name":"Bambaya"},{"id":"870787","latitude":"10.06666670","longitude":"-12.28333330","name":"Bangouya"},{"id":"870873","latitude":"10.26666670","longitude":"-13.05000000","name":"Baritongo"},{"id":"870883","latitude":"9.53333330","longitude":"-13.01666670","name":"Baschia"},{"id":"870896","latitude":"9.53333330","longitude":"-13.01666670","name":"Bassia"},{"id":"870900","latitude":"9.53333330","longitude":"-13.01666670","name":"Bassya"},{"id":"870914","latitude":"10.13333330","longitude":"-12.45000000","name":"Bayagu\u00e9"},{"id":"870915","latitude":"10.13333330","longitude":"-12.45000000","name":"Bayagui"},{"id":"870918","latitude":"9.75000000","longitude":"-12.56666670","name":"Bayan Bayan"},{"id":"870959","latitude":"9.90000000","longitude":"-12.63333330","name":"B\u00e9lima"},{"id":"870980","latitude":"9.96666670","longitude":"-12.78333330","name":"Bendougou"},{"id":"871023","latitude":"10.05000000","longitude":"-12.95000000","name":"B\u00e9riakor\u00e9"},{"id":"871028","latitude":"10.11666670","longitude":"-12.16666670","name":"Bess\u00e9"},{"id":"871119","latitude":"10.26666670","longitude":"-13.10000000","name":"Bobia"},{"id":"871120","latitude":"10.26666670","longitude":"-13.10000000","name":"Bobiya"},{"id":"871166","latitude":"10.01666670","longitude":"-12.70000000","name":"Bokaria"},{"id":"871167","latitude":"9.91666670","longitude":"-12.20000000","name":"Bokariadi"},{"id":"871169","latitude":"10.01666670","longitude":"-12.70000000","name":"Bokariya"},{"id":"871205","latitude":"9.88361110","longitude":"-13.03944440","name":"Bolobo-Kaya"},{"id":"871211","latitude":"9.87027780","longitude":"-13.20555560","name":"Bolonta"},{"id":"871272","latitude":"9.96666670","longitude":"-12.81666670","name":"Borea"},{"id":"871336","latitude":"10.40000000","longitude":"-12.46666670","name":"Boubouya"},{"id":"871412","latitude":"9.61916670","longitude":"-13.08916670","name":"Bouramaya"},{"id":"871541","latitude":"9.91666670","longitude":"-12.95000000","name":"Dabo\u00efa"},{"id":"871619","latitude":"9.90000000","longitude":"-12.55000000","name":"Damacin\u00e9a"},{"id":"871620","latitude":"10.01666670","longitude":"-12.90000000","name":"Damakania"},{"id":"871677","latitude":"9.75777780","longitude":"-13.17083330","name":"Dankaran"},{"id":"871702","latitude":"9.96583330","longitude":"-13.02361110","name":"Dantoumaya"},{"id":"871720","latitude":"10.10000000","longitude":"-12.28333330","name":"Daran\u00e9n\u00e9"},{"id":"871725","latitude":"9.96666670","longitude":"-12.33333330","name":"Dar es Salam"},{"id":"871737","latitude":"9.96666670","longitude":"-12.33333330","name":"Dar Salam"},{"id":"871764","latitude":"9.69222220","longitude":"-13.13611110","name":"Dembata"},{"id":"871767","latitude":"10.43333330","longitude":"-12.86666670","name":"Dembaya"},{"id":"871781","latitude":"10.13333330","longitude":"-12.93333330","name":"Denk\u00e9"},{"id":"871980","latitude":"10.08333330","longitude":"-13.08333330","name":"Dimia"},{"id":"871981","latitude":"10.08333330","longitude":"-13.08333330","name":"Dimya"},{"id":"872041","latitude":"9.98472220","longitude":"-13.04666670","name":"Dipa"},{"id":"872083","latitude":"10.26666670","longitude":"-12.85000000","name":"Dodo"},{"id":"872130","latitude":"9.93333330","longitude":"-12.33333330","name":"Donia"},{"id":"872135","latitude":"10.23333330","longitude":"-12.88333330","name":"Donsikira"},{"id":"872137","latitude":"9.93333330","longitude":"-12.33333330","name":"Donya"},{"id":"872161","latitude":"10.53333330","longitude":"-12.50000000","name":"Doubaya"},{"id":"872232","latitude":"9.68305560","longitude":"-13.13694440","name":"Doundoukouro"},{"id":"872293","latitude":"10.36666670","longitude":"-12.53333330","name":"Ermakono"},{"id":"872485","latitude":"10.35000000","longitude":"-12.86666670","name":"Far\u00e9nya"},{"id":"872493","latitude":"10.11666670","longitude":"-12.50000000","name":"Farinta"},{"id":"872562","latitude":"9.90000000","longitude":"-12.43333330","name":"F\u00e9ma"},{"id":"872567","latitude":"9.90277780","longitude":"-13.20611110","name":"Fenten"},{"id":"872626","latitude":"9.79666670","longitude":"-13.14083330","name":"Firguiadi"},{"id":"872628","latitude":"9.79666670","longitude":"-13.14083330","name":"Firiguiadi"},{"id":"872660","latitude":"10.01666670","longitude":"-12.51666670","name":"Fofo"},{"id":"872663","latitude":"9.89555560","longitude":"-13.03527780","name":"Fofossa"},{"id":"872682","latitude":"9.79194440","longitude":"-13.19638890","name":"Foma"},{"id":"872702","latitude":"10.46666670","longitude":"-12.81666670","name":"Fontabourou"},{"id":"872730","latitude":"9.71666670","longitude":"-13.15000000","name":"Fossikhour\u00e9"},{"id":"872731","latitude":"9.71666670","longitude":"-13.15000000","name":"Fossikour\u00e9"},{"id":"872732","latitude":"9.71666670","longitude":"-13.15000000","name":"Fossokoure"},{"id":"872809","latitude":"9.79666670","longitude":"-13.14083330","name":"Friguadi"},{"id":"872811","latitude":"9.79666670","longitude":"-13.14083330","name":"Friguiadi"},{"id":"872814","latitude":"9.95000000","longitude":"-12.93333330","name":"Friguiagb\u00e9"},{"id":"872854","latitude":"10.21666670","longitude":"-12.65000000","name":"Gambian"},{"id":"872865","latitude":"10.06666670","longitude":"-12.55000000","name":"Gania"},{"id":"872868","latitude":"10.06666670","longitude":"-12.55000000","name":"Ganiya"},{"id":"872981","latitude":"9.84750000","longitude":"-13.21861110","name":"Gongonkhour\u00e9"},{"id":"873042","latitude":"10.40000000","longitude":"-12.58333330","name":"Gouyaya"},{"id":"873125","latitude":"9.78944440","longitude":"-13.16583330","name":"Gui\u00e9membo"},{"id":"873126","latitude":"9.78944440","longitude":"-13.16583330","name":"Gui\u00e9memo"},{"id":"873194","latitude":"10.36666670","longitude":"-12.53333330","name":"H\u00e9r\u00e9makono"},{"id":"873364","latitude":"9.98916670","longitude":"-13.01611110","name":"Kal\u00e9"},{"id":"873383","latitude":"9.93333330","longitude":"-12.70000000","name":"Kali"},{"id":"873459","latitude":"10.41666670","longitude":"-12.46666670","name":"Kamisaya"},{"id":"873461","latitude":"10.41666670","longitude":"-12.46666670","name":"Kamissaya"},{"id":"873481","latitude":"10.21666670","longitude":"-12.65000000","name":"Kanbian"},{"id":"873533","latitude":"9.80972220","longitude":"-13.03388890","name":"Kank\u00e9khour\u00e9"},{"id":"873557","latitude":"10.38333330","longitude":"-13.10000000","name":"Kansa"},{"id":"873579","latitude":"10.45000000","longitude":"-12.90000000","name":"Kansouya"},{"id":"873581","latitude":"10.01666670","longitude":"-13.05000000","name":"Kant\u00e9"},{"id":"873585","latitude":"9.90666670","longitude":"-13.01472220","name":"Kantoukhour\u00e9"},{"id":"873644","latitude":"10.03333330","longitude":"-12.26666670","name":"Karimouya"},{"id":"873697","latitude":"10.41666670","longitude":"-12.91666670","name":"Katia"},{"id":"873699","latitude":"10.31666670","longitude":"-13.10000000","name":"Katibalaya"},{"id":"873701","latitude":"10.41666670","longitude":"-12.91666670","name":"Katiya"},{"id":"873739","latitude":"10.25000000","longitude":"-12.95000000","name":"K\u00e9b\u00e9 Friguia"},{"id":"873825","latitude":"10.48333330","longitude":"-12.60000000","name":"K\u00e9nind\u00e9"},{"id":"873882","latitude":"9.77888890","longitude":"-13.01888890","name":"Khonitouman\u00e9ya"},{"id":"873885","latitude":"10.28333330","longitude":"-13.11666670","name":"Khoniya"},{"id":"873917","latitude":"10.06666670","longitude":"-12.85000000","name":"Kindia"},{"id":"873920","latitude":"10.06666670","longitude":"-12.85000000","name":"Kindla"},{"id":"873922","latitude":"9.96666670","longitude":"-13.10000000","name":"Kinfa\u00efa"},{"id":"873923","latitude":"10.48333330","longitude":"-12.91666670","name":"Kinfaya"},{"id":"873963","latitude":"10.11666670","longitude":"-12.78333330","name":"Kirita"},{"id":"873997","latitude":"10.10000000","longitude":"-12.85000000","name":"Koba"},{"id":"874016","latitude":"10.48333330","longitude":"-12.70000000","name":"Kob\u00e9l\u00e9a"},{"id":"874018","latitude":"10.48333330","longitude":"-12.70000000","name":"Kob\u00e8l\u00e8ya"},{"id":"874138","latitude":"10.03333330","longitude":"-12.86666670","name":"Kol\u00e9akori"},{"id":"874153","latitude":"10.10000000","longitude":"-12.61666670","name":"Kolent\u00e9"},{"id":"874157","latitude":"9.93333330","longitude":"-12.98333330","name":"Koliagb\u00e9"},{"id":"874165","latitude":"9.84750000","longitude":"-13.17972220","name":"Kolibaya"},{"id":"874190","latitude":"9.97194440","longitude":"-13.19888890","name":"Kolofon"},{"id":"874252","latitude":"10.01666670","longitude":"-12.85000000","name":"Komoya"},{"id":"874277","latitude":"10.21666670","longitude":"-13.08333330","name":"Kond\u00e9ta"},{"id":"874278","latitude":"10.21666670","longitude":"-13.08333330","name":"Kondetta"},{"id":"874303","latitude":"10.28333330","longitude":"-13.11666670","name":"Kon\u00e9ya"},{"id":"874319","latitude":"10.43333330","longitude":"-12.85000000","name":"Konia"},{"id":"874382","latitude":"9.91666670","longitude":"-12.50000000","name":"Kora"},{"id":"874401","latitude":"10.45000000","longitude":"-12.80000000","name":"Koriya"},{"id":"874423","latitude":"10.45000000","longitude":"-12.80000000","name":"Korya"},{"id":"874427","latitude":"10.45000000","longitude":"-12.85000000","name":"Kossad\u00e9"},{"id":"874481","latitude":"10.40000000","longitude":"-12.93333330","name":"Koubou"},{"id":"874497","latitude":"9.78305560","longitude":"-13.02861110","name":"Kouend\u00e9gouba"},{"id":"874498","latitude":"9.78305560","longitude":"-13.02861110","name":"Kouendigouba"},{"id":"874543","latitude":"9.64138890","longitude":"-13.09833330","name":"Kouloukhour\u00e9"},{"id":"874579","latitude":"9.94722220","longitude":"-13.02083330","name":"Koumba"},{"id":"874586","latitude":"10.16666670","longitude":"-12.88333330","name":"Koumbaya"},{"id":"874595","latitude":"10.40000000","longitude":"-12.93333330","name":"Koumbouma"},{"id":"874596","latitude":"10.40000000","longitude":"-12.93333330","name":"Koumboum"},{"id":"874608","latitude":"10.33333330","longitude":"-13.15000000","name":"Koundabalaya"},{"id":"874611","latitude":"9.75000000","longitude":"-12.70000000","name":"Koundaya"},{"id":"874613","latitude":"10.45000000","longitude":"-12.71666670","name":"Kound\u00e9yagb\u00e9"},{"id":"874639","latitude":"9.88333330","longitude":"-12.51666670","name":"Kounkid\u00e9"},{"id":"874646","latitude":"10.36666670","longitude":"-12.91666670","name":"Kounsi"},{"id":"874648","latitude":"10.36666670","longitude":"-12.91666670","name":"Kounsina"},{"id":"874655","latitude":"10.36666670","longitude":"-12.91666670","name":"Kounsouima"},{"id":"874666","latitude":"10.45000000","longitude":"-12.71666670","name":"Kouny\u00e9ya"},{"id":"874755","latitude":"10.40000000","longitude":"-12.58333330","name":"Kouyaya"},{"id":"874760","latitude":"10.08333330","longitude":"-12.68333330","name":"Kouy\u00e9ya"},{"id":"874798","latitude":"9.93305560","longitude":"-13.17722220","name":"Labon"},{"id":"874799","latitude":"9.82388890","longitude":"-13.14472220","name":"Labota"},{"id":"874808","latitude":"10.10000000","longitude":"-12.61666670","name":"La Kolent\u00e9"},{"id":"874809","latitude":"10.28333330","longitude":"-12.43333330","name":"La Linsan"},{"id":"874810","latitude":"9.95000000","longitude":"-12.81666670","name":"Lall\u00e9ra"},{"id":"874816","latitude":"9.91666670","longitude":"-12.55000000","name":"Lamba"},{"id":"874846","latitude":"9.83388890","longitude":"-13.22861110","name":"Lan\u00e9n\u00e9"},{"id":"874857","latitude":"10.08333330","longitude":"-12.18333330","name":"Lansanya"},{"id":"874859","latitude":"10.08333330","longitude":"-12.18333330","name":"Lans\u00e9nia"},{"id":"874890","latitude":"10.55000000","longitude":"-12.65000000","name":"L\u00e9four\u00e9"},{"id":"874891","latitude":"10.55000000","longitude":"-12.65000000","name":"L\u00e9fur\u00e9"},{"id":"874938","latitude":"10.36666670","longitude":"-13.16666670","name":"Libria"},{"id":"874962","latitude":"10.28333330","longitude":"-12.43333330","name":"Linsan"},{"id":"875054","latitude":"9.88333330","longitude":"-12.45000000","name":"Madina-Oula"},{"id":"875096","latitude":"9.75388890","longitude":"-13.06888890","name":"Makiti"},{"id":"875109","latitude":"10.06666670","longitude":"-12.60000000","name":"Mal\u00e9a"},{"id":"875117","latitude":"10.06666670","longitude":"-12.60000000","name":"Mal\u00e9ya"},{"id":"875148","latitude":"9.76666670","longitude":"-12.78333330","name":"Mambia"},{"id":"875150","latitude":"9.83666670","longitude":"-13.10555560","name":"Mambiya"},{"id":"875163","latitude":"9.86666670","longitude":"-12.63333330","name":"Mamou"},{"id":"875320","latitude":"9.85194440","longitude":"-13.07861110","name":"Massisse"},{"id":"875351","latitude":"9.88333330","longitude":"-12.45000000","name":"M\u00e9dina Oula"},{"id":"875362","latitude":"10.35000000","longitude":"-12.91666670","name":"M\u00e9lia"},{"id":"875374","latitude":"9.79638890","longitude":"-13.10527780","name":"M\u00e9ma"},{"id":"875376","latitude":"9.79638890","longitude":"-13.10527780","name":"Mena"},{"id":"875447","latitude":"10.06666670","longitude":"-12.60000000","name":"Mol\u00e9a"},{"id":"875448","latitude":"10.30000000","longitude":"-12.95000000","name":"Mol\u00e9ya"},{"id":"875450","latitude":"9.81611110","longitude":"-13.07888890","name":"Molokhour\u00e9"},{"id":"875452","latitude":"9.93333330","longitude":"-12.83333330","name":"Molota"},{"id":"875465","latitude":"9.86666670","longitude":"-12.58333330","name":"Montikri"},{"id":"875485","latitude":"10.06666670","longitude":"-12.61666670","name":"Moria"},{"id":"875521","latitude":"9.93333330","longitude":"-13.21666670","name":"Moriya"},{"id":"875589","latitude":"9.95000000","longitude":"-12.28333330","name":"Naigaya"},{"id":"875662","latitude":"9.95000000","longitude":"-12.28333330","name":"Niagaia"},{"id":"875699","latitude":"9.90000000","longitude":"-13.05000000","name":"Nianaya"},{"id":"875749","latitude":"9.90000000","longitude":"-13.05000000","name":"Nien\u00e9ya"},{"id":"875827","latitude":"9.93333330","longitude":"-13.21666670","name":"Noria"},{"id":"875930","latitude":"10.18333330","longitude":"-12.63333330","name":"Oualia"},{"id":"875951","latitude":"10.40000000","longitude":"-13.03333330","name":"Ouarakolan"},{"id":"875981","latitude":"10.05000000","longitude":"-12.48333330","name":"Ou\u00e9lia"},{"id":"876014","latitude":"9.88333330","longitude":"-12.45000000","name":"Oula"},{"id":"876022","latitude":"9.78333330","longitude":"-12.68333330","name":"Oulia"},{"id":"876069","latitude":"10.03333330","longitude":"-12.21666670","name":"Ouossou"},{"id":"876336","latitude":"10.05000000","longitude":"-12.30000000","name":"Saf\u00e9r\u00e9"},{"id":"876387","latitude":"9.76222220","longitude":"-13.26083330","name":"Salia"},{"id":"876391","latitude":"9.76222220","longitude":"-13.26083330","name":"Saliya"},{"id":"876411","latitude":"10.08333330","longitude":"-13.01666670","name":"Samaya"},{"id":"876501","latitude":"10.28333330","longitude":"-12.51666670","name":"Sangar\u00e9ya"},{"id":"876512","latitude":"10.38333330","longitude":"-12.63333330","name":"Sangodia"},{"id":"876513","latitude":"10.38333330","longitude":"-12.63333330","name":"Sangodiya"},{"id":"876521","latitude":"10.45000000","longitude":"-12.48333330","name":"Sangoya"},{"id":"876555","latitude":"10.46666670","longitude":"-12.48333330","name":"Sansandhi"},{"id":"876556","latitude":"9.60000000","longitude":"-13.05000000","name":"Sansandji"},{"id":"876559","latitude":"10.46666670","longitude":"-12.48333330","name":"Sansanghi"},{"id":"876565","latitude":"9.60000000","longitude":"-13.05000000","name":"Sansanyi"},{"id":"876603","latitude":"9.99222220","longitude":"-13.03638890","name":"Saramkabaya"},{"id":"876670","latitude":"9.91666670","longitude":"-12.78333330","name":"Sayintan"},{"id":"876671","latitude":"9.91666670","longitude":"-12.78333330","name":"Saymtan"},{"id":"876741","latitude":"9.80888890","longitude":"-13.17361110","name":"Senienta"},{"id":"876803","latitude":"9.95000000","longitude":"-12.18333330","name":"Si\u00e9roumba"},{"id":"876834","latitude":"10.48333330","longitude":"-12.88333330","name":"Simania"},{"id":"876839","latitude":"9.93333330","longitude":"-12.60000000","name":"Simbareya"},{"id":"876843","latitude":"10.40000000","longitude":"-12.81666670","name":"Simbaya"},{"id":"876855","latitude":"10.48333330","longitude":"-12.88333330","name":"Siminia"},{"id":"876856","latitude":"10.48333330","longitude":"-12.88333330","name":"Siminya"},{"id":"876862","latitude":"10.48333330","longitude":"-12.88333330","name":"Simmiya"},{"id":"876865","latitude":"10.40000000","longitude":"-12.81666670","name":"Sinbaya"},{"id":"876956","latitude":"10.11666670","longitude":"-12.26666670","name":"Sir\u00e9\u00efa"},{"id":"876960","latitude":"10.11666670","longitude":"-12.26666670","name":"Sireya"},{"id":"877088","latitude":"10.45000000","longitude":"-12.48333330","name":"Songoya"},{"id":"877096","latitude":"10.25000000","longitude":"-13.06666670","name":"Sonkia"},{"id":"877148","latitude":"10.15000000","longitude":"-12.53333330","name":"Soug\u00e9ta"},{"id":"877156","latitude":"10.15000000","longitude":"-12.53333330","name":"Sougu\u00e9ta"},{"id":"877204","latitude":"9.91666670","longitude":"-12.75000000","name":"Soumboya"},{"id":"877225","latitude":"10.25000000","longitude":"-12.70000000","name":"Sounkaria"},{"id":"877226","latitude":"10.25000000","longitude":"-12.70000000","name":"Sounkariya"},{"id":"877248","latitude":"9.83333330","longitude":"-12.51666670","name":"Soutid\u00e9"},{"id":"877285","latitude":"10.08333330","longitude":"-12.81666670","name":"Tabouna"},{"id":"877296","latitude":"10.25000000","longitude":"-12.48333330","name":"Tafori"},{"id":"877301","latitude":"9.85000000","longitude":"-12.78333330","name":"Tahir\u00e9"},{"id":"877312","latitude":"9.85000000","longitude":"-12.78333330","name":"Ta\u00efr\u00e9"},{"id":"877356","latitude":"10.36666670","longitude":"-13.06666670","name":"Tambikhour\u00e9"},{"id":"877358","latitude":"10.36666670","longitude":"-13.06666670","name":"Tambikour\u00e9"},{"id":"877363","latitude":"10.01666670","longitude":"-12.80000000","name":"Tamia"},{"id":"877384","latitude":"10.00000000","longitude":"-12.61666670","name":"Tan\u00e9n\u00e9"},{"id":"877616","latitude":"9.80000000","longitude":"-12.51666670","name":"Tinko"},{"id":"877780","latitude":"9.78194440","longitude":"-13.05583330","name":"Toumanya"},{"id":"877834","latitude":"9.61666670","longitude":"-13.18333330","name":"Vangueakhor"},{"id":"877871","latitude":"10.18333330","longitude":"-12.63333330","name":"Waliya"},{"id":"877876","latitude":"10.40000000","longitude":"-13.03333330","name":"Warakalan"},{"id":"877890","latitude":"10.05000000","longitude":"-12.48333330","name":"W\u00e9liya"},{"id":"877893","latitude":"9.80055560","longitude":"-13.07111110","name":"Wendiday"},{"id":"877910","latitude":"9.86750000","longitude":"-13.05416670","name":"Wondikhour\u00e9"},{"id":"877927","latitude":"10.00000000","longitude":"-12.18333330","name":"Yagouia"},{"id":"877928","latitude":"10.00000000","longitude":"-12.18333330","name":"Yagouya"},{"id":"877938","latitude":"10.05000000","longitude":"-13.26666670","name":"Yalaga"},{"id":"877955","latitude":"9.78333330","longitude":"-12.58333330","name":"Yal\u00e9ya"},{"id":"877956","latitude":"10.05000000","longitude":"-12.33333330","name":"Yali"},{"id":"877971","latitude":"10.10000000","longitude":"-12.86666670","name":"Yanfou"},{"id":"877974","latitude":"9.61666670","longitude":"-13.18333330","name":"Yangu\u00e9akhori"},{"id":"877975","latitude":"9.61666670","longitude":"-13.18333330","name":"Yangu\u00e9akoj"},{"id":"877976","latitude":"9.61666670","longitude":"-13.18333330","name":"Yangu\u00e9akori"},{"id":"878011","latitude":"10.28333330","longitude":"-12.73333330","name":"Yaria"},{"id":"878015","latitude":"10.05000000","longitude":"-13.26666670","name":"Yataga"},{"id":"878020","latitude":"10.05000000","longitude":"-13.26666670","name":"Yataya"},{"id":"878021","latitude":"10.05000000","longitude":"-13.08333330","name":"Yat\u00e9a Kori"},{"id":"878022","latitude":"10.05000000","longitude":"-13.26666670","name":"Yat\u00e8a"},{"id":"878045","latitude":"9.85000000","longitude":"-12.78333330","name":"Yemb\u00e9r\u00e9"},{"id":"878047","latitude":"10.13333330","longitude":"-13.01666670","name":"Yemb\u00e9"},{"id":"878110","latitude":"10.10000000","longitude":"-12.61666670","name":"Yogorania"},{"id":"878111","latitude":"10.10000000","longitude":"-12.61666670","name":"Yogoronia"},{"id":"878112","latitude":"9.76666670","longitude":"-13.15000000","name":"Yolar\u00e9"}]