[{"id":"870475","latitude":"9.97861110","longitude":"-13.96888890","name":"Bacoumpou"},{"id":"870550","latitude":"10.10000000","longitude":"-13.95000000","name":"Bakia"},{"id":"870555","latitude":"10.10000000","longitude":"-13.95000000","name":"Bakiya"},{"id":"870557","latitude":"10.33333330","longitude":"-14.33333330","name":"Bako"},{"id":"870563","latitude":"10.30000000","longitude":"-14.01666670","name":"Bakoro"},{"id":"870565","latitude":"10.33333330","longitude":"-14.33333330","name":"Bakou"},{"id":"870596","latitude":"10.01666670","longitude":"-13.95000000","name":"Balancera"},{"id":"870600","latitude":"10.35000000","longitude":"-14.36666670","name":"Balandougou"},{"id":"870609","latitude":"10.01666670","longitude":"-13.95000000","name":"Balaneira"},{"id":"870615","latitude":"10.01666670","longitude":"-13.95000000","name":"Balans\u00e9ra"},{"id":"870616","latitude":"10.01666670","longitude":"-13.95000000","name":"Balansira"},{"id":"870655","latitude":"9.99805560","longitude":"-13.88916670","name":"Bamba"},{"id":"870785","latitude":"9.94444440","longitude":"-13.82638890","name":"Bangouya"},{"id":"870857","latitude":"10.55000000","longitude":"-14.13333330","name":"Bara"},{"id":"870863","latitude":"10.21666670","longitude":"-13.98333330","name":"Baraland\u00e9"},{"id":"870891","latitude":"10.20000000","longitude":"-13.90000000","name":"Bassaya"},{"id":"870892","latitude":"10.20000000","longitude":"-13.90000000","name":"Bass\u00e9a"},{"id":"870971","latitude":"9.92333330","longitude":"-13.78194440","name":"Bend\u00e9fikh\u00e9"},{"id":"870998","latitude":"9.98694440","longitude":"-13.90583330","name":"Bentia"},{"id":"871046","latitude":"10.51666670","longitude":"-14.48333330","name":"Bigori"},{"id":"871047","latitude":"10.25000000","longitude":"-14.33333330","name":"Bikhakhabad\u00e9"},{"id":"871083","latitude":"9.98694440","longitude":"-13.90583330","name":"Bintia"},{"id":"871117","latitude":"10.20000000","longitude":"-13.95000000","name":"Boba"},{"id":"871136","latitude":"10.16666670","longitude":"-14.03333330","name":"Boffa"},{"id":"871168","latitude":"10.51666670","longitude":"-13.90000000","name":"Bokariya"},{"id":"871210","latitude":"9.88805560","longitude":"-13.74333330","name":"Bolonta"},{"id":"871223","latitude":"9.92972220","longitude":"-13.77083330","name":"Bombondia"},{"id":"871229","latitude":"10.16666670","longitude":"-14.03333330","name":"Bomma"},{"id":"871350","latitude":"10.51666670","longitude":"-13.90000000","name":"Bougaria"},{"id":"871430","latitude":"10.53333330","longitude":"-14.06666670","name":"Bourougna"},{"id":"871471","latitude":"10.28333330","longitude":"-13.86666670","name":"Cacara"},{"id":"871487","latitude":"9.97083330","longitude":"-13.87083330","name":"Casambia"},{"id":"871490","latitude":"10.01666670","longitude":"-13.93333330","name":"Catande"},{"id":"871492","latitude":"10.01666670","longitude":"-13.93333330","name":"Catea"},{"id":"871493","latitude":"9.97472220","longitude":"-13.88972220","name":"Catia"},{"id":"871501","latitude":"10.18333330","longitude":"-14.03333330","name":"Coka\u00efa"},{"id":"871524","latitude":"10.43333330","longitude":"-13.93333330","name":"Couv\u00e9land\u00e9"},{"id":"871529","latitude":"10.15000000","longitude":"-14.03333330","name":"Cumba Danta"},{"id":"871577","latitude":"10.21666670","longitude":"-14.28333330","name":"Dakind\u00e9"},{"id":"871656","latitude":"10.20000000","longitude":"-13.98333330","name":"Dandolifani\u00e9"},{"id":"871739","latitude":"9.96250000","longitude":"-13.83833330","name":"Dassara"},{"id":"871755","latitude":"9.93333330","longitude":"-13.76833330","name":"D\u00e9kouri"},{"id":"871786","latitude":"10.40000000","longitude":"-14.48333330","name":"Dent\u00e9ma"},{"id":"871792","latitude":"10.23333330","longitude":"-14.35000000","name":"Deporou"},{"id":"871793","latitude":"9.95750000","longitude":"-13.89833330","name":"D\u00e9ranc\u00e9"},{"id":"871868","latitude":"10.03333330","longitude":"-13.98333330","name":"Diap\u00e9"},{"id":"871935","latitude":"10.35000000","longitude":"-14.45000000","name":"Dicka"},{"id":"871947","latitude":"10.35000000","longitude":"-14.45000000","name":"Diekia"},{"id":"871973","latitude":"9.93805560","longitude":"-13.79722220","name":"Dikissin"},{"id":"871974","latitude":"10.35000000","longitude":"-14.45000000","name":"Dikiya"},{"id":"871976","latitude":"10.35000000","longitude":"-14.45000000","name":"Dikya"},{"id":"872040","latitude":"10.01666670","longitude":"-13.93333330","name":"Diourera"},{"id":"872049","latitude":"10.01666670","longitude":"-13.93333330","name":"Disira"},{"id":"872055","latitude":"10.01666670","longitude":"-13.93333330","name":"Diurera"},{"id":"872079","latitude":"10.20000000","longitude":"-13.95000000","name":"Doba"},{"id":"872082","latitude":"9.89250000","longitude":"-13.77166670","name":"Dobirikadi"},{"id":"872094","latitude":"9.88472220","longitude":"-13.78722220","name":"Dokiti"},{"id":"872106","latitude":"10.20000000","longitude":"-14.01666670","name":"Dominghia"},{"id":"872107","latitude":"10.20000000","longitude":"-14.01666670","name":"Domingia"},{"id":"872108","latitude":"10.20000000","longitude":"-14.01666670","name":"Domingya"},{"id":"872109","latitude":"10.20000000","longitude":"-14.01666670","name":"Dominia"},{"id":"872131","latitude":"9.89805560","longitude":"-13.73722220","name":"Doniya"},{"id":"872139","latitude":"10.23333330","longitude":"-14.35000000","name":"Dopru"},{"id":"872149","latitude":"10.18333330","longitude":"-13.91666670","name":"Dot\u00e9r\u00e9"},{"id":"872158","latitude":"10.20000000","longitude":"-13.95000000","name":"Douba"},{"id":"872233","latitude":"10.20000000","longitude":"-13.98333330","name":"Doundounfaye"},{"id":"872254","latitude":"10.23333330","longitude":"-14.35000000","name":"Doupourou"},{"id":"872255","latitude":"10.23333330","longitude":"-14.35000000","name":"Douprou"},{"id":"872272","latitude":"10.20000000","longitude":"-13.95000000","name":"Duba"},{"id":"872275","latitude":"10.01666670","longitude":"-13.93333330","name":"Du\u00e9ra"},{"id":"872277","latitude":"10.23333330","longitude":"-14.35000000","name":"Dupourou"},{"id":"872334","latitude":"10.43333330","longitude":"-13.88333330","name":"Falaba"},{"id":"872483","latitude":"10.28333330","longitude":"-13.96666670","name":"Far\u00e9nya"},{"id":"872488","latitude":"10.28333330","longitude":"-13.96666670","name":"Faringhia"},{"id":"872489","latitude":"10.28333330","longitude":"-13.96666670","name":"Faringuia"},{"id":"872505","latitude":"10.28333330","longitude":"-13.96666670","name":"Farringhia"},{"id":"872603","latitude":"9.94083330","longitude":"-13.78361110","name":"Filid\u00e9"},{"id":"872718","latitude":"10.28333330","longitude":"-13.96666670","name":"Foringuia"},{"id":"872770","latitude":"10.28333330","longitude":"-14.45000000","name":"Foulaya"},{"id":"872785","latitude":"10.26666670","longitude":"-14.06666670","name":"Fountan"},{"id":"872800","latitude":"10.26666670","longitude":"-14.06666670","name":"Foutan"},{"id":"872815","latitude":"10.28333330","longitude":"-14.45000000","name":"Fulaya"},{"id":"872860","latitude":"10.01666670","longitude":"-13.91666670","name":"Gandoya"},{"id":"872861","latitude":"10.16666670","longitude":"-13.90000000","name":"Ganganta"},{"id":"872944","latitude":"10.03333330","longitude":"-13.98333330","name":"Giape"},{"id":"872975","latitude":"10.20000000","longitude":"-13.98333330","name":"Gondoli Fandi"},{"id":"872978","latitude":"10.01666670","longitude":"-13.91666670","name":"Gondoya"},{"id":"872994","latitude":"9.91833330","longitude":"-13.72833330","name":"Gor\u00e9"},{"id":"873074","latitude":"10.56666670","longitude":"-14.18333330","name":"Gu\u00e9l\u00e9mangaya"},{"id":"873087","latitude":"10.16666670","longitude":"-14.03333330","name":"Gu\u00e8m\u00e8yir\u00e9"},{"id":"873089","latitude":"10.16666670","longitude":"-14.03333330","name":"Guemeyr\u00e9"},{"id":"873102","latitude":"10.16666670","longitude":"-14.03333330","name":"Guerneyr\u00e9"},{"id":"873109","latitude":"10.03333330","longitude":"-13.98333330","name":"Guiap\u00e9"},{"id":"873288","latitude":"9.91694440","longitude":"-13.74638890","name":"Kab\u00e9l\u00e9a"},{"id":"873297","latitude":"9.95916670","longitude":"-13.92166670","name":"Kabonto"},{"id":"873326","latitude":"10.48333330","longitude":"-14.41666670","name":"Kakala"},{"id":"873330","latitude":"10.23333330","longitude":"-13.88333330","name":"Kakara"},{"id":"873331","latitude":"10.23333330","longitude":"-13.88333330","name":"Kakata"},{"id":"873337","latitude":"9.87777780","longitude":"-13.82083330","name":"Kakira"},{"id":"873368","latitude":"9.90222220","longitude":"-13.80472220","name":"Kal\u00e9ma"},{"id":"873370","latitude":"9.99805560","longitude":"-13.96611110","name":"Kal\u00e9m\u00e9"},{"id":"873385","latitude":"10.41666670","longitude":"-14.35000000","name":"Kalikali"},{"id":"873469","latitude":"10.48333330","longitude":"-14.50000000","name":"Kampomi"},{"id":"873470","latitude":"10.48333330","longitude":"-14.50000000","name":"Kamponi"},{"id":"873591","latitude":"10.26666670","longitude":"-14.31666670","name":"Kaossou"},{"id":"873593","latitude":"10.26666670","longitude":"-14.31666670","name":"Kaounsou"},{"id":"873621","latitude":"9.91333330","longitude":"-13.80750000","name":"Karamokouya"},{"id":"873653","latitude":"9.97083330","longitude":"-13.87083330","name":"Kasembia"},{"id":"873664","latitude":"9.97083330","longitude":"-13.87083330","name":"Kassambiya"},{"id":"873688","latitude":"10.01666670","longitude":"-13.93333330","name":"Katand\u00e9"},{"id":"873691","latitude":"10.01666670","longitude":"-13.93333330","name":"Katend\u00e9"},{"id":"873692","latitude":"9.98694440","longitude":"-13.90583330","name":"Katep"},{"id":"873693","latitude":"9.98166670","longitude":"-13.90333330","name":"Kat\u00e9pou"},{"id":"873694","latitude":"9.93472220","longitude":"-13.83638890","name":"Kat\u00e9r\u00e9"},{"id":"873696","latitude":"9.97472220","longitude":"-13.88972220","name":"Katia"},{"id":"873704","latitude":"10.45000000","longitude":"-14.43333330","name":"Katongoro"},{"id":"873714","latitude":"10.45000000","longitude":"-14.43333330","name":"Katougoro"},{"id":"873880","latitude":"9.93472220","longitude":"-13.85888890","name":"Khonibal\u00e9"},{"id":"873887","latitude":"10.28333330","longitude":"-13.86666670","name":"Khorira"},{"id":"873889","latitude":"10.43333330","longitude":"-13.93333330","name":"Khour\u00e9raland\u00e9"},{"id":"873905","latitude":"10.46666670","longitude":"-14.45000000","name":"Kilifini"},{"id":"873949","latitude":"11.46666670","longitude":"-11.51666670","name":"Kirfi"},{"id":"873953","latitude":"10.46666670","longitude":"-14.05000000","name":"Kiribamba"},{"id":"873980","latitude":"10.36666670","longitude":"-14.30000000","name":"Kissili"},{"id":"873981","latitude":"10.23333330","longitude":"-14.15000000","name":"Kissing"},{"id":"873986","latitude":"10.46666670","longitude":"-14.45000000","name":"Kitifini"},{"id":"874010","latitude":"9.92722220","longitude":"-13.85111110","name":"Kobarar\u00e9"},{"id":"874090","latitude":"11.21666670","longitude":"-11.81666670","name":"Ko\u00efn"},{"id":"874092","latitude":"10.18333330","longitude":"-14.03333330","name":"Koka\u00efa"},{"id":"874096","latitude":"10.16666670","longitude":"-14.03333330","name":"Kokokaya Gueme\u00efr\u00e9"},{"id":"874119","latitude":"10.43333330","longitude":"-14.45000000","name":"Kolafoton"},{"id":"874158","latitude":"10.41666670","longitude":"-14.06666670","name":"Kolia"},{"id":"874178","latitude":"10.41666670","longitude":"-14.06666670","name":"Koliya"},{"id":"874192","latitude":"10.48333330","longitude":"-14.43333330","name":"Kolo"},{"id":"874237","latitude":"10.45000000","longitude":"-14.45000000","name":"Komaya"},{"id":"874274","latitude":"10.35000000","longitude":"-14.45000000","name":"Konde\u00efr\u00e9"},{"id":"874280","latitude":"10.35000000","longitude":"-14.45000000","name":"Kond\u00e9yir\u00e9"},{"id":"874283","latitude":"10.35000000","longitude":"-14.45000000","name":"Kondeyre"},{"id":"874366","latitude":"10.28333330","longitude":"-14.20000000","name":"Konsensin\u00e9"},{"id":"874392","latitude":"10.28333330","longitude":"-13.86666670","name":"Kor\u00e9ra"},{"id":"874424","latitude":"10.28333330","longitude":"-14.20000000","name":"Kosensine"},{"id":"874463","latitude":"10.18333330","longitude":"-14.03333330","name":"Kouaniyaya"},{"id":"874467","latitude":"10.26666670","longitude":"-14.18333330","name":"Koub\u00e9a"},{"id":"874470","latitude":"10.26666670","longitude":"-14.18333330","name":"Koubia"},{"id":"874491","latitude":"10.23333330","longitude":"-14.45000000","name":"Koudind\u00e9"},{"id":"874571","latitude":"10.15000000","longitude":"-14.03333330","name":"Koumbadanta"},{"id":"874572","latitude":"10.15000000","longitude":"-14.03333330","name":"Koumbadantan"},{"id":"874601","latitude":"10.60000000","longitude":"-14.08333330","name":"Koumpa"},{"id":"874622","latitude":"10.23333330","longitude":"-14.45000000","name":"Koundind\u00e9"},{"id":"874634","latitude":"10.60000000","longitude":"-14.08333330","name":"Kounfa"},{"id":"874663","latitude":"10.25000000","longitude":"-14.31666670","name":"Kountouloun"},{"id":"874664","latitude":"10.25000000","longitude":"-14.31666670","name":"Kountoutou"},{"id":"874747","latitude":"10.43333330","longitude":"-13.93333330","name":"Kouv\u00e9land\u00e9"},{"id":"874758","latitude":"9.94083330","longitude":"-13.91611110","name":"Kouy\u00e9 S\u00e9kouya"},{"id":"874776","latitude":"11.46666670","longitude":"-11.51666670","name":"Kriffi"},{"id":"874805","latitude":"10.23333330","longitude":"-14.21666670","name":"Lakata"},{"id":"874806","latitude":"10.23333330","longitude":"-14.21666670","name":"Lakhata"},{"id":"874865","latitude":"10.23333330","longitude":"-14.21666670","name":"Larata"},{"id":"874918","latitude":"10.13333330","longitude":"-13.95000000","name":"Lent\u00e9"},{"id":"874960","latitude":"10.13333330","longitude":"-13.95000000","name":"Linlin"},{"id":"875034","latitude":"10.51666670","longitude":"-14.33333330","name":"Madia"},{"id":"875058","latitude":"9.94611110","longitude":"-13.75444440","name":"Madin\u00e9"},{"id":"875064","latitude":"10.51666670","longitude":"-14.33333330","name":"Madiya"},{"id":"875078","latitude":"9.94472220","longitude":"-13.92222220","name":"Mafoca"},{"id":"875086","latitude":"10.11666670","longitude":"-13.98333330","name":"Mahound\u00e9"},{"id":"875095","latitude":"9.90611110","longitude":"-13.82222220","name":"Makinsi"},{"id":"875106","latitude":"10.48333330","longitude":"-14.11666670","name":"Mal\u00e9a"},{"id":"875115","latitude":"10.48333330","longitude":"-14.11666670","name":"Mal\u00e9ya"},{"id":"875139","latitude":"10.15000000","longitude":"-14.03333330","name":"Mamadou\u00efa"},{"id":"875146","latitude":"10.41666670","longitude":"-14.48333330","name":"Mambassa"},{"id":"875147","latitude":"10.41666670","longitude":"-14.48333330","name":"Mambasso"},{"id":"875156","latitude":"10.30000000","longitude":"-14.43333330","name":"Mamia"},{"id":"875173","latitude":"10.30000000","longitude":"-14.43333330","name":"Mamya"},{"id":"875209","latitude":"10.48333330","longitude":"-14.10000000","name":"Mangaland\u00e9"},{"id":"875240","latitude":"10.53333330","longitude":"-14.45000000","name":"Mankountan"},{"id":"875241","latitude":"9.93555560","longitude":"-13.90777780","name":"Mankoura"},{"id":"875243","latitude":"10.53333330","longitude":"-14.45000000","name":"Mankouta"},{"id":"875267","latitude":"10.48333330","longitude":"-14.48333330","name":"Mantessa"},{"id":"875271","latitude":"10.11666670","longitude":"-13.98333330","name":"Maouend\u00e9"},{"id":"875279","latitude":"10.03333330","longitude":"-14.05000000","name":"Marara"},{"id":"875323","latitude":"10.51666670","longitude":"-14.45000000","name":"Matakan"},{"id":"875331","latitude":"10.11666670","longitude":"-13.98333330","name":"Mauende"},{"id":"875333","latitude":"10.11666670","longitude":"-13.98333330","name":"Mayande"},{"id":"875334","latitude":"10.11666670","longitude":"-13.98333330","name":"Mayound\u00e9"},{"id":"875355","latitude":"10.25000000","longitude":"-13.83333330","name":"M\u00e9k\u00e9kour\u00e9"},{"id":"875369","latitude":"10.53333330","longitude":"-14.03333330","name":"M\u00e9likhour\u00e9"},{"id":"875371","latitude":"10.53333330","longitude":"-14.03333330","name":"Mellakoun\u00e9"},{"id":"875373","latitude":"10.25000000","longitude":"-13.83333330","name":"M\u00e9makour\u00e9"},{"id":"875379","latitude":"10.43333330","longitude":"-14.48333330","name":"Menchaun"},{"id":"875385","latitude":"9.92555560","longitude":"-13.74027780","name":"Menkin\u00e9"},{"id":"875400","latitude":"10.25000000","longitude":"-13.83333330","name":"M\u00e9yenkhour\u00e9"},{"id":"875457","latitude":"10.43333330","longitude":"-14.48333330","name":"Monchon"},{"id":"875460","latitude":"10.43333330","longitude":"-14.48333330","name":"Monehon"},{"id":"875482","latitude":"10.26666670","longitude":"-14.41666670","name":"Moriadi"},{"id":"875483","latitude":"10.28333330","longitude":"-14.40000000","name":"Moriagb\u00e8"},{"id":"875519","latitude":"10.28333330","longitude":"-14.40000000","name":"Moriyagb\u00e9"},{"id":"875654","latitude":"10.03333330","longitude":"-13.93333330","name":"N'Gnofia"},{"id":"875707","latitude":"10.03333330","longitude":"-13.93333330","name":"Nianfou\u00efa"},{"id":"875773","latitude":"10.03333330","longitude":"-13.93333330","name":"Niofiya"},{"id":"875796","latitude":"10.03333330","longitude":"-13.93333330","name":"Nofia"},{"id":"875986","latitude":"9.92250000","longitude":"-13.88694440","name":"Ouendi"},{"id":"875995","latitude":"10.58333330","longitude":"-13.88333330","name":"Ouescoura"},{"id":"875996","latitude":"10.58333330","longitude":"-13.88333330","name":"Oueskoura"},{"id":"875997","latitude":"10.58333330","longitude":"-13.88333330","name":"Oueskour\u00e9"},{"id":"876221","latitude":"10.65000000","longitude":"-13.90000000","name":"P\u00e9tou"},{"id":"876297","latitude":"10.38333330","longitude":"-14.36666670","name":"Sa\u00e2nia"},{"id":"876298","latitude":"10.38333330","longitude":"-14.36666670","name":"Sa\u00e2nya"},{"id":"876397","latitude":"10.16666670","longitude":"-14.06666670","name":"Sama\u00efa"},{"id":"876405","latitude":"10.48333330","longitude":"-14.28333330","name":"Samansira"},{"id":"876408","latitude":"10.45000000","longitude":"-14.45000000","name":"Samaya"},{"id":"876415","latitude":"10.28333330","longitude":"-13.98333330","name":"Samba\u00efa"},{"id":"876434","latitude":"10.28333330","longitude":"-13.98333330","name":"Sambaya"},{"id":"876448","latitude":"10.16666670","longitude":"-14.06666670","name":"Samoya"},{"id":"876451","latitude":"10.28333330","longitude":"-14.01666670","name":"Sanabe"},{"id":"876475","latitude":"9.91916670","longitude":"-13.87555560","name":"Sanda"},{"id":"876499","latitude":"9.98472220","longitude":"-13.98250000","name":"Sangareya"},{"id":"876519","latitude":"10.11666670","longitude":"-13.95000000","name":"Sangoya"},{"id":"876567","latitude":"10.16666670","longitude":"-14.06666670","name":"Santani"},{"id":"876579","latitude":"10.30000000","longitude":"-14.45000000","name":"Santimol\u00e9a"},{"id":"876580","latitude":"10.30000000","longitude":"-14.45000000","name":"Santimolya"},{"id":"876581","latitude":"9.93027780","longitude":"-13.89944440","name":"Santi"},{"id":"876593","latitude":"10.28333330","longitude":"-14.01666670","name":"Sarab\u00e9"},{"id":"876596","latitude":"10.28333330","longitude":"-14.33333330","name":"Sara\u00efa"},{"id":"876608","latitude":"10.28333330","longitude":"-14.33333330","name":"Saraya"},{"id":"876619","latitude":"10.30000000","longitude":"-14.05000000","name":"Sar\u00e9bali"},{"id":"876656","latitude":"10.28333330","longitude":"-14.33333330","name":"Sarraya"},{"id":"876673","latitude":"9.92500000","longitude":"-13.71888890","name":"Sayonya"},{"id":"876708","latitude":"10.30000000","longitude":"-14.05000000","name":"S\u00e9k\u00e9bad\u00e9"},{"id":"876709","latitude":"10.30000000","longitude":"-14.05000000","name":"S\u00e8kh\u00e8bad\u00e9"},{"id":"876745","latitude":"9.90444440","longitude":"-13.85694440","name":"Sensi"},{"id":"876986","latitude":"10.23333330","longitude":"-14.40000000","name":"Sobaneh"},{"id":"876987","latitude":"10.23333330","longitude":"-14.40000000","name":"Sobane"},{"id":"876988","latitude":"10.23333330","longitude":"-14.40000000","name":"Soban\u00e9-Tafori"},{"id":"876995","latitude":"10.68333330","longitude":"-13.60000000","name":"Sodior\u00e9"},{"id":"877058","latitude":"10.45000000","longitude":"-14.45000000","name":"Somaya"},{"id":"877063","latitude":"10.18333330","longitude":"-13.98333330","name":"Sombouya"},{"id":"877085","latitude":"10.11666670","longitude":"-13.95000000","name":"Songoya"},{"id":"877140","latitude":"10.23333330","longitude":"-14.40000000","name":"Souban\u00e9"},{"id":"877203","latitude":"10.18333330","longitude":"-13.98333330","name":"Soumbouyadi"},{"id":"877279","latitude":"9.96388890","longitude":"-13.95111110","name":"Taboriah"},{"id":"877280","latitude":"9.96388890","longitude":"-13.95111110","name":"Taboria"},{"id":"877281","latitude":"9.96388890","longitude":"-13.95111110","name":"Taboriya"},{"id":"877336","latitude":"10.36666670","longitude":"-13.91666670","name":"Tamalan"},{"id":"877352","latitude":"10.28333330","longitude":"-14.11666670","name":"Tambaya"},{"id":"877379","latitude":"10.41666670","longitude":"-14.26666670","name":"Tan\u00e9n\u00e9"},{"id":"877393","latitude":"10.11666670","longitude":"-13.95000000","name":"Tangoya"},{"id":"877428","latitude":"9.95361110","longitude":"-13.90777780","name":"Tat\u00e9ma"},{"id":"877434","latitude":"9.99055560","longitude":"-13.91027780","name":"Tayeni"},{"id":"877509","latitude":"10.18333330","longitude":"-14.06666670","name":"Thia"},{"id":"877510","latitude":"10.18333330","longitude":"-14.06666670","name":"Thio"},{"id":"877622","latitude":"10.06666670","longitude":"-13.98333330","name":"Tintimah"},{"id":"877623","latitude":"10.06666670","longitude":"-13.98333330","name":"Tintima"},{"id":"877636","latitude":"10.18333330","longitude":"-14.06666670","name":"Tiy\u00e9"},{"id":"877729","latitude":"9.93805560","longitude":"-13.91222220","name":"Totia"},{"id":"877738","latitude":"10.58333330","longitude":"-13.76666670","name":"Touba"},{"id":"877747","latitude":"10.40000000","longitude":"-14.41666670","name":"Tougnifili"},{"id":"877749","latitude":"9.89611110","longitude":"-13.71861110","name":"Tougu\u00e9ta"},{"id":"877783","latitude":"10.38333330","longitude":"-14.05000000","name":"Toumb\u00e9ta"},{"id":"877788","latitude":"9.95638890","longitude":"-13.86222220","name":"Toumbouya"},{"id":"877799","latitude":"10.21666670","longitude":"-14.45000000","name":"Tounyifilidi"},{"id":"877800","latitude":"10.40000000","longitude":"-14.41666670","name":"Tounyifili"},{"id":"877818","latitude":"10.21666670","longitude":"-14.45000000","name":"Tugnifilidi"},{"id":"877819","latitude":"10.40000000","longitude":"-14.41666670","name":"Tugnifili"},{"id":"877820","latitude":"10.21666670","longitude":"-14.45000000","name":"Tunyifildi"},{"id":"877821","latitude":"10.21666670","longitude":"-14.45000000","name":"Tunyifilidi"},{"id":"877850","latitude":"10.23333330","longitude":"-14.05000000","name":"V\u00e9r\u00e9a"},{"id":"877851","latitude":"10.23333330","longitude":"-14.05000000","name":"V\u00e9r\u00e9ya"},{"id":"877894","latitude":"9.91666670","longitude":"-13.83527780","name":"Wendima"},{"id":"877897","latitude":"9.92250000","longitude":"-13.88694440","name":"Wendi"},{"id":"877933","latitude":"10.58333330","longitude":"-13.88333330","name":"Yakhorikhour\u00e9"},{"id":"877957","latitude":"10.18333330","longitude":"-14.01666670","name":"Yamaia"},{"id":"877958","latitude":"10.18333330","longitude":"-14.01666670","name":"Yamaya"},{"id":"877964","latitude":"10.18333330","longitude":"-14.01666670","name":"Yamia"},{"id":"877973","latitude":"10.03333330","longitude":"-13.98333330","name":"Yangouya"},{"id":"877977","latitude":"10.51666670","longitude":"-13.76666670","name":"Yanguessa"},{"id":"877981","latitude":"10.03333330","longitude":"-13.98333330","name":"Yanguya"},{"id":"878007","latitude":"9.95222220","longitude":"-13.83083330","name":"Yaraya"},{"id":"878062","latitude":"10.41666670","longitude":"-13.90000000","name":"Yenguil\u00e9"},{"id":"878063","latitude":"10.51666670","longitude":"-13.76666670","name":"Yenguissa"},{"id":"878067","latitude":"10.41666670","longitude":"-13.90000000","name":"Yenguit\u00e9"},{"id":"878069","latitude":"10.41666670","longitude":"-13.90000000","name":"Yenkit\u00e9"},{"id":"878125","latitude":"10.03333330","longitude":"-13.98333330","name":"Yongoya"}]