[{"id":"870834","latitude":"11.08333330","longitude":"-12.08333330","name":"Bantanko"},{"id":"871128","latitude":"11.03333330","longitude":"-12.06666670","name":"Bodi\u00e9"},{"id":"871222","latitude":"10.93333330","longitude":"-12.36666670","name":"Bomboli"},{"id":"871395","latitude":"10.76666670","longitude":"-12.18333330","name":"Bounaya"},{"id":"871582","latitude":"10.70000000","longitude":"-12.25000000","name":"Dalaba"},{"id":"871586","latitude":"10.75000000","longitude":"-12.25000000","name":"Dalabakala"},{"id":"871610","latitude":"10.95000000","longitude":"-12.11666670","name":"Dalato"},{"id":"871696","latitude":"10.78333330","longitude":"-12.23333330","name":"Dantar\u00e9 Liddo"},{"id":"871806","latitude":"11.00000000","longitude":"-12.28333330","name":"Diafouma"},{"id":"871846","latitude":"10.90000000","longitude":"-12.23333330","name":"Diambouria"},{"id":"871856","latitude":"10.88333330","longitude":"-12.30000000","name":"Diangolo"},{"id":"872053","latitude":"10.88333330","longitude":"-12.18333330","name":"Diting"},{"id":"872054","latitude":"10.88333330","longitude":"-12.18333330","name":"Ditinn"},{"id":"872128","latitude":"11.16666670","longitude":"-12.15000000","name":"Donhel"},{"id":"872548","latitude":"10.93333330","longitude":"-12.26666670","name":"F\u00e9lian"},{"id":"872670","latitude":"10.86666670","longitude":"-12.11666670","name":"Fogoumba"},{"id":"872843","latitude":"11.21666670","longitude":"-12.13333330","name":"Gali"},{"id":"873030","latitude":"10.86666670","longitude":"-12.20000000","name":"Goulia"},{"id":"873162","latitude":"10.86666670","longitude":"-12.01666670","name":"Guissouma"},{"id":"873320","latitude":"11.03333330","longitude":"-12.30000000","name":"Kahel"},{"id":"873467","latitude":"10.71666670","longitude":"-12.43333330","name":"Kampa"},{"id":"873523","latitude":"11.15000000","longitude":"-12.00000000","name":"Kankalab\u00e9"},{"id":"873562","latitude":"11.26666670","longitude":"-12.23333330","name":"Kansaniel"},{"id":"873735","latitude":"10.95000000","longitude":"-12.20000000","name":"K\u00e9bali"},{"id":"873872","latitude":"10.95000000","longitude":"-11.98333330","name":"K\u00e9tigna"},{"id":"873873","latitude":"10.95000000","longitude":"-11.98333330","name":"K\u00e9tiguia"},{"id":"874027","latitude":"10.71666670","longitude":"-12.31666670","name":"Kobin"},{"id":"874105","latitude":"10.65000000","longitude":"-12.43333330","name":"Kokou"},{"id":"874552","latitude":"10.98333330","longitude":"-12.06666670","name":"Kouloun"},{"id":"874726","latitude":"10.86666670","longitude":"-12.05000000","name":"Kouroumaninka"},{"id":"874902","latitude":"10.66666670","longitude":"-12.35000000","name":"L\u00e9l\u00e9"},{"id":"874994","latitude":"11.18333330","longitude":"-12.03333330","name":"Lonssir"},{"id":"875277","latitude":"11.06666670","longitude":"-12.15000000","name":"Maranda"},{"id":"875368","latitude":"11.06666670","longitude":"-12.25000000","name":"M\u00e9likanssa"},{"id":"875412","latitude":"11.05000000","longitude":"-12.21666670","name":"Mirir\u00e9"},{"id":"875421","latitude":"11.06666670","longitude":"-12.30000000","name":"Missid\u00e9 Hind\u00e9"},{"id":"875430","latitude":"10.83333330","longitude":"-12.31666670","name":"Mitti"},{"id":"875456","latitude":"11.21666670","longitude":"-12.06666670","name":"Monb\u00e9ya"},{"id":"875562","latitude":"11.06666670","longitude":"-12.15000000","name":"Mramda"},{"id":"875881","latitude":"10.65000000","longitude":"-12.33333330","name":"Or\u00e9 Dioli"},{"id":"875886","latitude":"11.21666670","longitude":"-12.15000000","name":"Or\u00e9 Gali"},{"id":"876209","latitude":"10.95000000","longitude":"-11.81666670","name":"Pennou"},{"id":"876210","latitude":"10.95000000","longitude":"-11.81666670","name":"Penou"},{"id":"876211","latitude":"10.95000000","longitude":"-11.81666670","name":"Penoux"},{"id":"876239","latitude":"10.73333330","longitude":"-12.06666670","name":"Pod\u00e9raka"},{"id":"876252","latitude":"10.73333330","longitude":"-12.06666670","name":"Por\u00e9daka"},{"id":"876253","latitude":"10.73333330","longitude":"-12.06666670","name":"Por\u00e9dakha"},{"id":"876287","latitude":"11.28333330","longitude":"-12.10000000","name":"Round\u00e9 Denda"},{"id":"876684","latitude":"10.76666670","longitude":"-12.28333330","name":"S\u00e9bouri"},{"id":"876692","latitude":"11.13333330","longitude":"-12.06666670","name":"S\u00e9four\u00e9"},{"id":"877548","latitude":"10.96666670","longitude":"-12.33333330","name":"Ti\u00e9lir\u00e9"}]