[{"id":"870704","latitude":"11.93333330","longitude":"-13.15000000","name":"Bam\u00e9ouel"},{"id":"870780","latitude":"11.68333330","longitude":"-13.15000000","name":"Bangaya"},{"id":"870823","latitude":"12.06666670","longitude":"-12.96666670","name":"Bansan\u00e9"},{"id":"871097","latitude":"12.18333330","longitude":"-13.65000000","name":"Bissan"},{"id":"871152","latitude":"12.03333330","longitude":"-12.86666670","name":"Boh\u00e9r\u00e9"},{"id":"871175","latitude":"12.11666670","longitude":"-12.86666670","name":"Boki"},{"id":"871176","latitude":"12.06666670","longitude":"-12.88333330","name":"Boki Dil\u00e9"},{"id":"871225","latitude":"11.93333330","longitude":"-13.15000000","name":"Bom\u00e9ouel"},{"id":"871303","latitude":"11.43333330","longitude":"-13.88333330","name":"Borou"},{"id":"871364","latitude":"12.05000000","longitude":"-12.88333330","name":"Boukouna"},{"id":"871389","latitude":"11.93333330","longitude":"-13.15000000","name":"Boum\u00e9oul"},{"id":"871428","latitude":"11.38333330","longitude":"-13.68333330","name":"Bouroro"},{"id":"871454","latitude":"12.08333330","longitude":"-13.05000000","name":"Boy\u00e9r\u00e9"},{"id":"871607","latitude":"11.48333330","longitude":"-13.66666670","name":"Dalao"},{"id":"871689","latitude":"11.78333330","longitude":"-13.56666670","name":"Dantaba"},{"id":"871703","latitude":"11.38333330","longitude":"-13.13333330","name":"Danvieli"},{"id":"871707","latitude":"11.83333330","longitude":"-13.48333330","name":"Dapompo"},{"id":"871711","latitude":"12.06666670","longitude":"-13.00000000","name":"Dara"},{"id":"871927","latitude":"12.06666670","longitude":"-12.88333330","name":"Diaweli"},{"id":"872007","latitude":"11.96666670","longitude":"-13.66666670","name":"Diold\u00e9 Tengui"},{"id":"872032","latitude":"11.96666670","longitude":"-13.66666670","name":"Dioulde Tangu\u00e9"},{"id":"872033","latitude":"11.96666670","longitude":"-13.66666670","name":"Diould\u00e9 Tengu\u00e9"},{"id":"872037","latitude":"11.90000000","longitude":"-13.41666670","name":"Dioungoun"},{"id":"872051","latitude":"11.45000000","longitude":"-13.31666670","name":"Dita"},{"id":"872096","latitude":"12.06666670","longitude":"-13.05000000","name":"Dokoual"},{"id":"872115","latitude":"11.56666670","longitude":"-13.05000000","name":"Dond\u00e9"},{"id":"872118","latitude":"11.55000000","longitude":"-12.76666670","name":"Dongdabi"},{"id":"872125","latitude":"11.60000000","longitude":"-13.76666670","name":"Dongora"},{"id":"872165","latitude":"12.06666670","longitude":"-12.88333330","name":"Doubel"},{"id":"872222","latitude":"12.00000000","longitude":"-13.50000000","name":"Doumbiagui"},{"id":"872223","latitude":"12.00000000","longitude":"-13.50000000","name":"Doumbi"},{"id":"872248","latitude":"11.83333330","longitude":"-13.31666670","name":"Dounkourou"},{"id":"872487","latitude":"12.20000000","longitude":"-13.81666670","name":"Farina"},{"id":"872598","latitude":"12.00000000","longitude":"-13.13333330","name":"Filabowal"},{"id":"872765","latitude":"12.16666670","longitude":"-13.85000000","name":"Foula Mori"},{"id":"872837","latitude":"12.01666670","longitude":"-13.50000000","name":"Galapara"},{"id":"872846","latitude":"12.16666670","longitude":"-13.85000000","name":"Galo Kad\u00e9"},{"id":"872869","latitude":"11.75000000","longitude":"-13.20000000","name":"Gaoual"},{"id":"872957","latitude":"12.05000000","longitude":"-12.91666670","name":"Godiolir\u00e9"},{"id":"873011","latitude":"11.76666670","longitude":"-13.53333330","name":"Gouba"},{"id":"873038","latitude":"11.43333330","longitude":"-12.90000000","name":"Goungourou"},{"id":"873095","latitude":"11.71666670","longitude":"-13.06666670","name":"Gu\u00e9ra"},{"id":"873116","latitude":"11.68333330","longitude":"-13.65000000","name":"Guidali"},{"id":"873117","latitude":"11.68333330","longitude":"-13.65000000","name":"Guidali Koutiouri"},{"id":"873135","latitude":"11.73333330","longitude":"-13.46666670","name":"Guiledji"},{"id":"873160","latitude":"11.73333330","longitude":"-13.46666670","name":"Guisedji"},{"id":"873170","latitude":"11.56666670","longitude":"-12.85000000","name":"Hamdalaye"},{"id":"873189","latitude":"12.01666670","longitude":"-13.11666670","name":"H\u00e9r\u00e9bowal"},{"id":"873212","latitude":"11.40000000","longitude":"-13.90000000","name":"Hounsir\u00e9"},{"id":"873238","latitude":"11.53333330","longitude":"-12.93333330","name":"Illim\u00e9"},{"id":"873264","latitude":"12.01666670","longitude":"-13.03333330","name":"Kaataba"},{"id":"873282","latitude":"12.16666670","longitude":"-13.50000000","name":"Kabatandji"},{"id":"873305","latitude":"12.16666670","longitude":"-13.68333330","name":"Kadi\u00e9"},{"id":"873377","latitude":"11.60000000","longitude":"-12.96666670","name":"Kalia"},{"id":"873428","latitude":"11.93333330","longitude":"-13.46666670","name":"Kambala"},{"id":"873432","latitude":"12.10000000","longitude":"-13.58333330","name":"Kambambolou"},{"id":"873449","latitude":"11.88333330","longitude":"-13.48333330","name":"Kam\u00e9l\u00e9"},{"id":"873471","latitude":"11.76666670","longitude":"-13.68333330","name":"Kampounding"},{"id":"873529","latitude":"11.38333330","longitude":"-13.13333330","name":"Kankar\u00e9"},{"id":"873537","latitude":"12.15000000","longitude":"-13.86666670","name":"Kankona"},{"id":"873550","latitude":"12.15000000","longitude":"-13.63333330","name":"Kannkodi"},{"id":"873784","latitude":"11.66666670","longitude":"-13.45000000","name":"K\u00e9n\u00e9ba"},{"id":"873785","latitude":"11.66666670","longitude":"-13.45000000","name":"K\u00e9n\u00e9ban"},{"id":"873797","latitude":"12.06666670","longitude":"-12.86666670","name":"K\u00e9n\u00e9ri"},{"id":"873855","latitude":"11.25000000","longitude":"-13.10000000","name":"Kerol"},{"id":"873891","latitude":"11.71666670","longitude":"-13.46666670","name":"Kiampia"},{"id":"873958","latitude":"12.18333330","longitude":"-13.81666670","name":"Kirimani"},{"id":"873985","latitude":"12.18333330","longitude":"-13.68333330","name":"Kitiara"},{"id":"874160","latitude":"12.01666670","longitude":"-12.90000000","name":"Kolia"},{"id":"874206","latitude":"11.65000000","longitude":"-12.83333330","name":"Kolossa"},{"id":"874285","latitude":"11.56666670","longitude":"-13.35000000","name":"Kondiy\u00e9a"},{"id":"874385","latitude":"12.20000000","longitude":"-13.68333330","name":"Korassi"},{"id":"874574","latitude":"12.23333330","longitude":"-13.70000000","name":"Koumbagni"},{"id":"874592","latitude":"11.80000000","longitude":"-13.50000000","name":"Koumbia"},{"id":"874597","latitude":"11.78333330","longitude":"-12.81666670","name":"Koumboura"},{"id":"874678","latitude":"11.61666670","longitude":"-13.53333330","name":"Kouraouel"},{"id":"874683","latitude":"11.95000000","longitude":"-12.86666670","name":"Kouravel"},{"id":"874685","latitude":"11.61666670","longitude":"-13.53333330","name":"Kourawel"},{"id":"874689","latitude":"12.01666670","longitude":"-12.85000000","name":"Kour\u00e9vel"},{"id":"874817","latitude":"11.55000000","longitude":"-13.90000000","name":"Lambalare"},{"id":"874818","latitude":"11.55000000","longitude":"-13.90000000","name":"Lambar\u00e2ri"},{"id":"874819","latitude":"11.75000000","longitude":"-13.51666670","name":"Lambol"},{"id":"874864","latitude":"12.06666670","longitude":"-12.95000000","name":"Larapess\u00e9"},{"id":"874895","latitude":"11.65000000","longitude":"-13.73333330","name":"L\u00e9la"},{"id":"874899","latitude":"11.65000000","longitude":"-13.73333330","name":"Lela Ndond\u00e9"},{"id":"875081","latitude":"11.66666670","longitude":"-12.80000000","name":"Magnienkour\u00e9"},{"id":"875094","latitude":"11.58333330","longitude":"-12.73333330","name":"Makia"},{"id":"875108","latitude":"12.01666670","longitude":"-12.93333330","name":"Mal\u00e9a"},{"id":"875114","latitude":"11.46666670","longitude":"-12.83333330","name":"Malenta"},{"id":"875435","latitude":"11.60000000","longitude":"-13.95000000","name":"Modori"},{"id":"875616","latitude":"11.58333330","longitude":"-13.10000000","name":"Natatigar\u00e9"},{"id":"875675","latitude":"11.85000000","longitude":"-12.78333330","name":"Nialama"},{"id":"875815","latitude":"12.10000000","longitude":"-12.83333330","name":"Nonoba"},{"id":"875907","latitude":"11.78333330","longitude":"-12.88333330","name":"Or\u00e9 Yam\u00e9"},{"id":"875948","latitude":"11.58333330","longitude":"-13.25000000","name":"Ouantan"},{"id":"876046","latitude":"11.40000000","longitude":"-13.90000000","name":"Ounsir\u00e9"},{"id":"876071","latitude":"11.78333330","longitude":"-13.50000000","name":"Oupird\u00e9"},{"id":"876180","latitude":"12.00000000","longitude":"-13.16666670","name":"Paraol Niagui"},{"id":"876214","latitude":"11.51666670","longitude":"-12.80000000","name":"P\u00e9t\u00e9di\u00e9"},{"id":"876260","latitude":"12.03333330","longitude":"-12.85000000","name":"Potopoto"},{"id":"876268","latitude":"11.58333330","longitude":"-13.25000000","name":"Quantan"},{"id":"876285","latitude":"12.01666670","longitude":"-13.16666670","name":"Round\u00e9 Bennsan\u00e9"},{"id":"876286","latitude":"12.18333330","longitude":"-13.78333330","name":"Rounde Dara"},{"id":"876315","latitude":"12.08333330","longitude":"-12.86666670","name":"Sab\u00e9r\u00e9 Salam"},{"id":"876319","latitude":"11.85000000","longitude":"-12.80000000","name":"Saboucir\u00e9"},{"id":"876334","latitude":"11.91666670","longitude":"-12.78333330","name":"Safa"},{"id":"876390","latitude":"11.55000000","longitude":"-13.03333330","name":"Sali"},{"id":"876427","latitude":"12.21666670","longitude":"-13.71666670","name":"Samba Poulo"},{"id":"876433","latitude":"11.76666670","longitude":"-12.80000000","name":"Sambaya P\u00e9qu\u00e9ty"},{"id":"876527","latitude":"12.05000000","longitude":"-13.53333330","name":"Sanguia"},{"id":"876604","latitude":"12.16666670","longitude":"-13.38333330","name":"Saranga\u00efka"},{"id":"876618","latitude":"11.76666670","longitude":"-13.48333330","name":"Sar\u00e9 Bagui"},{"id":"876629","latitude":"12.00000000","longitude":"-13.51666670","name":"Sar\u00e9 Fara"},{"id":"876631","latitude":"12.15000000","longitude":"-13.83333330","name":"Sar\u00e9 Goumbambel"},{"id":"876769","latitude":"11.76666670","longitude":"-13.06666670","name":"S\u00e9riba"},{"id":"876893","latitude":"11.80000000","longitude":"-13.46666670","name":"Sinnthiourou"},{"id":"876900","latitude":"12.18333330","longitude":"-13.70000000","name":"Sinntian Modi"},{"id":"876902","latitude":"12.15000000","longitude":"-13.86666670","name":"Sinntian"},{"id":"876903","latitude":"12.21666670","longitude":"-13.70000000","name":"Sinntiou Demba Diao"},{"id":"876918","latitude":"12.18333330","longitude":"-13.70000000","name":"Sinti\u00e2n Modi"},{"id":"876920","latitude":"12.15000000","longitude":"-13.86666670","name":"Sinti\u00e2n"},{"id":"876924","latitude":"12.21666670","longitude":"-13.70000000","name":"Sintiou Demba Diao"},{"id":"876928","latitude":"11.80000000","longitude":"-13.46666670","name":"Sintiourou"},{"id":"877061","latitude":"11.33333330","longitude":"-12.95000000","name":"Sombilli"},{"id":"877267","latitude":"12.21666670","longitude":"-13.51666670","name":"Tabadian"},{"id":"877283","latitude":"12.10000000","longitude":"-12.88333330","name":"Tabouka"},{"id":"877413","latitude":"11.80000000","longitude":"-13.63333330","name":"Tarigu\u00e9"},{"id":"877440","latitude":"11.96666670","longitude":"-13.35000000","name":"Tchinnkoubali"},{"id":"877441","latitude":"12.20000000","longitude":"-13.80000000","name":"Tchiofa"},{"id":"877442","latitude":"12.16666670","longitude":"-13.50000000","name":"Tchoum Tchoum"},{"id":"877472","latitude":"11.43333330","longitude":"-13.56666670","name":"T\u00e9lir\u00e9"},{"id":"877523","latitude":"11.96666670","longitude":"-13.35000000","name":"Tiankoubali"},{"id":"877530","latitude":"12.15000000","longitude":"-13.40000000","name":"Tiankou Saadou"},{"id":"877533","latitude":"11.96666670","longitude":"-13.35000000","name":"Tianlakoumbali"},{"id":"877540","latitude":"12.06666670","longitude":"-12.88333330","name":"Ti\u00e9k\u00e9r\u00e9"},{"id":"877547","latitude":"12.00000000","longitude":"-13.01666670","name":"Ti\u00e9l\u00e9"},{"id":"877559","latitude":"12.06666670","longitude":"-12.81666670","name":"Ti\u00e9ou"},{"id":"877562","latitude":"12.08333330","longitude":"-12.83333330","name":"Ti\u00e9v\u00e9l\u00e8"},{"id":"877605","latitude":"12.08333330","longitude":"-12.88333330","name":"Tink\u00e9r\u00e9"},{"id":"877629","latitude":"11.80000000","longitude":"-13.51666670","name":"Tionkita"},{"id":"877736","latitude":"11.68333330","longitude":"-12.95000000","name":"Toubandi"},{"id":"877739","latitude":"11.60000000","longitude":"-13.03333330","name":"Touba"},{"id":"877758","latitude":"12.03333330","longitude":"-12.85000000","name":"Toulel"},{"id":"877764","latitude":"12.20000000","longitude":"-13.45000000","name":"Touloye"},{"id":"877849","latitude":"11.61666670","longitude":"-13.41666670","name":"Vendoukanta"},{"id":"877898","latitude":"11.43333330","longitude":"-13.88333330","name":"Wendou Borou"},{"id":"878035","latitude":"12.03333330","longitude":"-12.90000000","name":"Y\u00e9lel"},{"id":"878084","latitude":"11.88333330","longitude":"-13.61666670","name":"Y\u00e9ri"}]