[{"id":"870595","latitude":"7.37000000","longitude":"-9.13194440","name":"Balan"},{"id":"870641","latitude":"7.75555560","longitude":"-9.14750000","name":"Balo"},{"id":"870647","latitude":"7.71638890","longitude":"-9.26861110","name":"Bamakama"},{"id":"870648","latitude":"7.71638890","longitude":"-9.26861110","name":"Bamakaman"},{"id":"870649","latitude":"7.71638890","longitude":"-9.26861110","name":"Bamakanja"},{"id":"870706","latitude":"7.47277780","longitude":"-9.06388890","name":"Bamou"},{"id":"870714","latitude":"7.37000000","longitude":"-9.13194440","name":"Banan"},{"id":"870792","latitude":"7.66666670","longitude":"-9.21666670","name":"Banhoy\u00e9"},{"id":"870822","latitude":"7.81666670","longitude":"-9.05000000","name":"Banota"},{"id":"870903","latitude":"7.37000000","longitude":"-9.13194440","name":"Batan"},{"id":"870927","latitude":"7.42972220","longitude":"-9.20166670","name":"Beeta"},{"id":"870936","latitude":"7.81666670","longitude":"-9.18333330","name":"B\u00e9l\u00e9gbala"},{"id":"870937","latitude":"7.81666670","longitude":"-9.18333330","name":"Belegbara"},{"id":"870944","latitude":"7.41666670","longitude":"-9.46666670","name":"B\u00e9l\u00e9mou"},{"id":"870946","latitude":"7.66777780","longitude":"-9.08388890","name":"B\u00e9l\u00e9nian"},{"id":"871031","latitude":"7.42972220","longitude":"-9.20166670","name":"B\u00e9ta"},{"id":"871061","latitude":"7.38722220","longitude":"-9.27694440","name":"Bilimou"},{"id":"871200","latitude":"7.66888890","longitude":"-9.25944440","name":"Bokoum\u00e9"},{"id":"871230","latitude":"7.46555560","longitude":"-9.19305560","name":"Bomoy\u00e9"},{"id":"871268","latitude":"7.78750000","longitude":"-9.16611110","name":"Boou\u00e9"},{"id":"871313","latitude":"7.41722220","longitude":"-9.28000000","name":"Bot\u00e9"},{"id":"871467","latitude":"7.63333330","longitude":"-9.36666670","name":"Brouyako\u00e9l\u00e9"},{"id":"871671","latitude":"7.29527780","longitude":"-9.16027780","name":"Danin\u00e9"},{"id":"871821","latitude":"7.81666670","longitude":"-9.10000000","name":"Dialadi\u00e9ba"},{"id":"871944","latitude":"7.34833330","longitude":"-8.95416670","name":"Diecke"},{"id":"871946","latitude":"7.34833330","longitude":"-8.95416670","name":"Di\u00e9k\u00e9"},{"id":"871970","latitude":"7.41666670","longitude":"-9.25111110","name":"Dihaye"},{"id":"871971","latitude":"7.55000000","longitude":"-9.21666670","name":"Dihy\u00e9"},{"id":"872005","latitude":"7.48777780","longitude":"-9.20805560","name":"Diohou\u00e9ta"},{"id":"872057","latitude":"7.55000000","longitude":"-9.21666670","name":"Diy\u00e9"},{"id":"872077","latitude":"7.73416670","longitude":"-9.10055560","name":"Djou\u00e9"},{"id":"872101","latitude":"7.39388890","longitude":"-9.25805560","name":"Doloy\u00e9"},{"id":"872119","latitude":"7.51333330","longitude":"-9.35166670","name":"Dongoita"},{"id":"872129","latitude":"7.51333330","longitude":"-9.35166670","name":"Donhoueta"},{"id":"872212","latitude":"7.43388890","longitude":"-8.79722220","name":"Doulapa"},{"id":"872279","latitude":"7.34833330","longitude":"-8.95416670","name":"Dyeck\u00e9"},{"id":"872280","latitude":"7.34833330","longitude":"-8.95416670","name":"Dyeckh\u00e9"},{"id":"872281","latitude":"7.34833330","longitude":"-8.95416670","name":"Dy\u00e9k\u00e9"},{"id":"872605","latitude":"7.89000000","longitude":"-9.13527780","name":"Filiko\u00e9l\u00e9"},{"id":"872606","latitude":"7.89000000","longitude":"-9.13527780","name":"Fillako\u00e9l\u00e9"},{"id":"872677","latitude":"7.49000000","longitude":"-9.38055560","name":"Folofoni\u00e9"},{"id":"872678","latitude":"7.49000000","longitude":"-9.38055560","name":"Foloiani\u00e9"},{"id":"872829","latitude":"7.34916670","longitude":"-9.15500000","name":"Galagbaye"},{"id":"872831","latitude":"7.65416670","longitude":"-9.15916670","name":"Gala\u00ef"},{"id":"872833","latitude":"7.34916670","longitude":"-9.15500000","name":"Galakpay"},{"id":"872836","latitude":"7.34916670","longitude":"-9.15500000","name":"Galapa\u00ef"},{"id":"872839","latitude":"7.65416670","longitude":"-9.15916670","name":"Galaye"},{"id":"872840","latitude":"7.65416670","longitude":"-9.15916670","name":"Galay"},{"id":"872842","latitude":"7.43583330","longitude":"-9.27027780","name":"Galia"},{"id":"872844","latitude":"7.43583330","longitude":"-9.27027780","name":"Galla"},{"id":"872881","latitude":"7.30500000","longitude":"-9.11361110","name":"Gbadiou"},{"id":"872883","latitude":"7.41666670","longitude":"-9.38333330","name":"Gbafala"},{"id":"872886","latitude":"7.30027780","longitude":"-8.98305560","name":"Gba"},{"id":"872888","latitude":"7.39861110","longitude":"-9.05027780","name":"Gbagon\u00e9"},{"id":"872894","latitude":"7.47277780","longitude":"-9.06388890","name":"Gbamou"},{"id":"872902","latitude":"7.55000000","longitude":"-9.35000000","name":"Gbanhi\u00e9"},{"id":"872904","latitude":"7.66666670","longitude":"-9.21666670","name":"Gbanhoy\u00e9"},{"id":"872907","latitude":"7.44166670","longitude":"-9.24277780","name":"Gbaol\u00e9"},{"id":"872913","latitude":"7.60722220","longitude":"-9.16250000","name":"Gb\u00e9ata"},{"id":"872914","latitude":"7.60722220","longitude":"-9.16250000","name":"G B\u00e9ata"},{"id":"872922","latitude":"7.35416670","longitude":"-8.89583330","name":"Gb\u00e9napa"},{"id":"872925","latitude":"7.30111110","longitude":"-8.85833330","name":"Gb\u00e9sono\u00ef"},{"id":"872929","latitude":"7.34222220","longitude":"-9.07972220","name":"Gbinianmou"},{"id":"872936","latitude":"7.35583330","longitude":"-9.05527780","name":"Gbonouo"},{"id":"872940","latitude":"7.42944440","longitude":"-8.83083330","name":"Ge\u00efpa"},{"id":"872949","latitude":"7.41666670","longitude":"-8.80000000","name":"Glissono"},{"id":"872968","latitude":"7.81666670","longitude":"-9.26666670","name":"Golotola"},{"id":"872991","latitude":"7.23166670","longitude":"-9.09222220","name":"Gonon"},{"id":"873000","latitude":"7.61666670","longitude":"-9.31666670","name":"Gota\u00ef"},{"id":"873001","latitude":"7.61666670","longitude":"-9.31666670","name":"Got\u00e9y\u00e9"},{"id":"873027","latitude":"7.32555560","longitude":"-9.08472220","name":"Gouillamou"},{"id":"873050","latitude":"7.62027780","longitude":"-9.23333330","name":"Gpagaye"},{"id":"873051","latitude":"7.64111110","longitude":"-9.23333330","name":"Gpaol\u00e9"},{"id":"873113","latitude":"7.32472220","longitude":"-9.18083330","name":"Guibi"},{"id":"873180","latitude":"7.45472220","longitude":"-9.02388890","name":"Haoulo"},{"id":"873183","latitude":"7.35000000","longitude":"-9.20000000","name":"H\u00e9ala"},{"id":"873260","latitude":"7.46083330","longitude":"-9.27166670","name":"Iyai"},{"id":"873989","latitude":"7.48250000","longitude":"-9.28555560","name":"Koaliy\u00e9"},{"id":"874053","latitude":"7.42611110","longitude":"-9.06777780","name":"Ko\u00e9ma"},{"id":"874057","latitude":"7.58333330","longitude":"-9.21666670","name":"Ko\u00e9pilita"},{"id":"874059","latitude":"7.58777780","longitude":"-9.22305560","name":"Ko\u00e9ta"},{"id":"874077","latitude":"7.31750000","longitude":"-8.97111110","name":"Kohempa"},{"id":"874080","latitude":"7.21111110","longitude":"-9.09750000","name":"Kohoui"},{"id":"874202","latitude":"7.43944440","longitude":"-8.98750000","name":"Kolonhou\u00ef"},{"id":"874250","latitude":"7.66777780","longitude":"-9.29250000","name":"Komou"},{"id":"874338","latitude":"7.72055560","longitude":"-9.34777780","name":"Koniyako\u00e9l\u00e9"},{"id":"874384","latitude":"7.80000000","longitude":"-9.26666670","name":"Koraour\u00e9"},{"id":"874452","latitude":"7.43944440","longitude":"-8.98750000","name":"Kotonhoui"},{"id":"874715","latitude":"7.43944440","longitude":"-8.98750000","name":"Kourouhounon"},{"id":"874764","latitude":"7.75000000","longitude":"-9.20000000","name":"Koyako\u00e9l\u00e9"},{"id":"874801","latitude":"7.39388890","longitude":"-9.21833330","name":"Lagbara"},{"id":"874939","latitude":"7.34833330","longitude":"-8.95416670","name":"Li\u00e9k\u00e9"},{"id":"874990","latitude":"7.79250000","longitude":"-9.09972220","name":"Lonhou\u00e9ya"},{"id":"875128","latitude":"7.38333330","longitude":"-9.26666670","name":"Mali"},{"id":"875210","latitude":"7.45666670","longitude":"-9.21694440","name":"Mangankoya"},{"id":"875361","latitude":"7.56916670","longitude":"-9.31750000","name":"M\u00e9l\u00e9gbouma"},{"id":"875607","latitude":"7.37916670","longitude":"-9.07527780","name":"Naoc"},{"id":"875608","latitude":"7.37916670","longitude":"-9.07527780","name":"Nao\u00e9"},{"id":"875641","latitude":"7.23333330","longitude":"-9.05000000","name":"N\u00e9pa"},{"id":"875812","latitude":"7.56027780","longitude":"-9.09138890","name":"Nonhana"},{"id":"875855","latitude":"7.83694440","longitude":"-9.15388890","name":"Nz\u00e9r\u00e9ko\u00e9l\u00e9"},{"id":"875856","latitude":"7.83694440","longitude":"-9.15388890","name":"N ' Z\u00e9r\u00e9ko\u00e9l\u00e9"},{"id":"875999","latitude":"7.61805560","longitude":"-9.27305560","name":"Oueta"},{"id":"876000","latitude":"7.82888890","longitude":"-9.12250000","name":"Ou\u00e9toa"},{"id":"876003","latitude":"7.72972220","longitude":"-9.21055560","name":"Oueya"},{"id":"876015","latitude":"7.25805560","longitude":"-9.11555560","name":"Oulaourota"},{"id":"876028","latitude":"7.85000000","longitude":"-9.11138890","name":"Oulo"},{"id":"876032","latitude":"7.39388890","longitude":"-9.24277780","name":"Ouloukoye"},{"id":"876047","latitude":"7.51305560","longitude":"-9.20722220","name":"Ouojoyako\u00e9l\u00e9"},{"id":"876051","latitude":"7.51388890","longitude":"-9.26361110","name":"Ouolokola"},{"id":"876053","latitude":"7.51305560","longitude":"-9.20722220","name":"Ouoloyako\u00e9l\u00e9"},{"id":"876095","latitude":"7.85000000","longitude":"-9.11138890","name":"Ouro"},{"id":"876165","latitude":"7.44805560","longitude":"-9.10194440","name":"Pampol\u00e9"},{"id":"876195","latitude":"7.66777780","longitude":"-9.08388890","name":"Pela Beregnan"},{"id":"876196","latitude":"7.61888890","longitude":"-9.12111110","name":"P\u00e9la"},{"id":"876197","latitude":"7.66777780","longitude":"-9.08388890","name":"P\u00e9la-P\u00e9rignan"},{"id":"876208","latitude":"7.66666670","longitude":"-9.18333330","name":"P\u00e9n\u00e9diou"},{"id":"876587","latitude":"7.45472220","longitude":"-9.02388890","name":"Saouro"},{"id":"876707","latitude":"7.31666670","longitude":"-8.95000000","name":"Sein"},{"id":"877103","latitude":"7.26000000","longitude":"-9.05944440","name":"Soopa"},{"id":"877464","latitude":"7.48555560","longitude":"-9.22944440","name":"T\u00e9liko\u00e9l\u00e9"},{"id":"877492","latitude":"7.69277780","longitude":"-9.15916670","name":"T\u00e9nia"},{"id":"877714","latitude":"7.45111110","longitude":"-9.30833330","name":"Tonota"},{"id":"877794","latitude":"7.73555560","longitude":"-9.31888890","name":"Tounoukoyako\u00e9l\u00e9"},{"id":"877835","latitude":"7.61388890","longitude":"-9.30250000","name":"Vanha"},{"id":"877836","latitude":"7.48583330","longitude":"-9.31888890","name":"Vanian"},{"id":"877931","latitude":"7.46083330","longitude":"-9.27166670","name":"Yai"},{"id":"877944","latitude":"7.79611110","longitude":"-9.22833330","name":"Yalanda"},{"id":"877949","latitude":"7.25805560","longitude":"-9.11555560","name":"Yalata"},{"id":"877992","latitude":"7.76777780","longitude":"-9.27000000","name":"Yaragpal\u00e9"},{"id":"878017","latitude":"7.79611110","longitude":"-9.22833330","name":"Yatanda"},{"id":"878034","latitude":"7.51055560","longitude":"-9.29583330","name":"Y\u00e9k\u00e9"},{"id":"878102","latitude":"7.63944440","longitude":"-9.19638890","name":"Yl\u00e9ta"},{"id":"878104","latitude":"7.44500000","longitude":"-9.38694440","name":"Yoa"},{"id":"878123","latitude":"7.56027780","longitude":"-9.26527780","name":"Yomou"},{"id":"878135","latitude":"7.43861110","longitude":"-9.34194440","name":"You\u00ef"},{"id":"878154","latitude":"7.69138890","longitude":"-9.22277780","name":"Zabia"},{"id":"878169","latitude":"7.31000000","longitude":"-8.97888890","name":"Zimpa"},{"id":"878173","latitude":"7.30000000","longitude":"-8.95000000","name":"Zoapa"},{"id":"878180","latitude":"7.26000000","longitude":"-9.05944440","name":"Zopa"}]