[{"id":"878714","latitude":"1.66666670","longitude":"10.63333330","name":"Abaamang"},{"id":"878715","latitude":"1.11666670","longitude":"11.00000000","name":"Abagnam"},{"id":"878719","latitude":"0.98333330","longitude":"10.93333330","name":"Abanayop"},{"id":"878722","latitude":"1.60000000","longitude":"10.66666670","name":"Abanfang"},{"id":"878723","latitude":"1.18333330","longitude":"11.01666670","name":"Abanga"},{"id":"878724","latitude":"1.18333330","longitude":"11.01666670","name":"Abang"},{"id":"878726","latitude":"1.83333330","longitude":"10.46666670","name":"Abe"},{"id":"878729","latitude":"1.13333330","longitude":"9.95000000","name":"Abenelam"},{"id":"878730","latitude":"0.96666670","longitude":"9.98333330","name":"Abenelang"},{"id":"878733","latitude":"1.11666670","longitude":"11.00000000","name":"Abengnam"},{"id":"878734","latitude":"1.75000000","longitude":"10.45000000","name":"Abeng-Nam"},{"id":"878738","latitude":"1.08333330","longitude":"10.41666670","name":"Abenye"},{"id":"878739","latitude":"1.10000000","longitude":"9.71666670","name":"Abet"},{"id":"878740","latitude":"1.33333330","longitude":"10.98333330","name":"Abiara"},{"id":"878742","latitude":"1.13333330","longitude":"9.93333330","name":"Abogocola"},{"id":"878743","latitude":"1.13333330","longitude":"9.93333330","name":"Abogokola"},{"id":"878744","latitude":"1.43333330","longitude":"10.43333330","name":"Abogosu"},{"id":"878750","latitude":"1.43333330","longitude":"10.43333330","name":"Abongsu"},{"id":"878751","latitude":"1.61666670","longitude":"10.31666670","name":"Aboramban"},{"id":"878752","latitude":"1.55000000","longitude":"10.65000000","name":"Aboransama"},{"id":"878753","latitude":"1.03333330","longitude":"11.00000000","name":"Abumayeme"},{"id":"878756","latitude":"1.03333330","longitude":"11.00000000","name":"Abumeyeme"},{"id":"878758","latitude":"1.38333330","longitude":"10.48333330","name":"Acaasi"},{"id":"878763","latitude":"1.21666670","longitude":"10.60000000","name":"Acalayong"},{"id":"878765","latitude":"1.01666670","longitude":"10.88333330","name":"Acam"},{"id":"878768","latitude":"1.00000000","longitude":"10.08333330","name":"Acanabor"},{"id":"878771","latitude":"1.25000000","longitude":"10.15000000","name":"Acan"},{"id":"878772","latitude":"1.28333330","longitude":"10.20000000","name":"Acas"},{"id":"878773","latitude":"1.56666670","longitude":"10.46666670","name":"Achap"},{"id":"878777","latitude":"1.01666670","longitude":"9.93333330","name":"Achimelang"},{"id":"878778","latitude":"1.01666670","longitude":"9.93333330","name":"Achimilang"},{"id":"878782","latitude":"1.05000000","longitude":"10.71666670","name":"Acoc"},{"id":"878785","latitude":"1.33333330","longitude":"11.00000000","name":"Acocseng"},{"id":"878788","latitude":"0.95000000","longitude":"10.38333330","name":"Acoga"},{"id":"878791","latitude":"1.61666670","longitude":"10.65000000","name":"Acom"},{"id":"878794","latitude":"1.81666670","longitude":"10.55000000","name":"Acombele"},{"id":"878795","latitude":"1.41666670","longitude":"10.53333330","name":"Acon"},{"id":"878797","latitude":"1.70000000","longitude":"10.48333330","name":"Aconangui"},{"id":"878800","latitude":"1.01666670","longitude":"10.20000000","name":"Aconekie"},{"id":"878803","latitude":"1.40000000","longitude":"10.23333330","name":"Aconekien"},{"id":"878805","latitude":"1.30000000","longitude":"10.93333330","name":"Aconibe"},{"id":"878806","latitude":"1.61666670","longitude":"10.93333330","name":"Aconikie"},{"id":"878815","latitude":"1.03333330","longitude":"10.66666670","name":"Acurenam"},{"id":"878817","latitude":"1.03333330","longitude":"10.66666670","name":"Acurenan"},{"id":"878818","latitude":"1.08333330","longitude":"10.36666670","name":"Acurensoc"},{"id":"878820","latitude":"1.03333330","longitude":"10.66666670","name":"Acurnam"},{"id":"878822","latitude":"1.40000000","longitude":"10.45000000","name":"Adjamibang"},{"id":"878824","latitude":"1.36666670","longitude":"10.63333330","name":"Adjelon"},{"id":"878827","latitude":"1.50000000","longitude":"10.48333330","name":"Adyabasi"},{"id":"878828","latitude":"1.26666670","longitude":"10.51666670","name":"Adyamibang"},{"id":"878829","latitude":"1.21666670","longitude":"9.88333330","name":"Adyap"},{"id":"878833","latitude":"1.16666670","longitude":"10.43333330","name":"Adyebe"},{"id":"878835","latitude":"1.36666670","longitude":"10.63333330","name":"Adyelon"},{"id":"878837","latitude":"1.18333330","longitude":"10.58333330","name":"Afaanam"},{"id":"878838","latitude":"1.18333330","longitude":"10.58333330","name":"Afa'annam"},{"id":"878839","latitude":"1.75000000","longitude":"10.78333330","name":"Afaansoc"},{"id":"878840","latitude":"1.75000000","longitude":"10.78333330","name":"Afa'ansok"},{"id":"878841","latitude":"1.85000000","longitude":"10.61666670","name":"Afa`ansok-Esong"},{"id":"878850","latitude":"1.30000000","longitude":"10.70000000","name":"Afansoc"},{"id":"878851","latitude":"1.83333330","longitude":"10.51666670","name":"Af'ansok-Abenelang"},{"id":"878859","latitude":"1.38333330","longitude":"10.51666670","name":"Aka'asi"},{"id":"878861","latitude":"1.43333330","longitude":"10.41666670","name":"Akalayong"},{"id":"878863","latitude":"1.25000000","longitude":"10.15000000","name":"Akam"},{"id":"878866","latitude":"1.05000000","longitude":"10.05000000","name":"Akanabor"},{"id":"878868","latitude":"1.05000000","longitude":"10.05000000","name":"Akanabor-Ogude"},{"id":"878869","latitude":"1.20000000","longitude":"9.88333330","name":"Akelayong"},{"id":"878871","latitude":"1.36666670","longitude":"10.68333330","name":"Akoga"},{"id":"878874","latitude":"1.05000000","longitude":"10.71666670","name":"Akok"},{"id":"878880","latitude":"1.80000000","longitude":"10.40000000","name":"Akonangui"},{"id":"878881","latitude":"1.30000000","longitude":"10.93333330","name":"Akonebe"},{"id":"878882","latitude":"1.61666670","longitude":"10.93333330","name":"Akonekie"},{"id":"878889","latitude":"1.03333330","longitude":"10.66666670","name":"Akourenam"},{"id":"878890","latitude":"1.03333330","longitude":"10.66666670","name":"Akournam"},{"id":"878891","latitude":"1.03333330","longitude":"10.66666670","name":"Akurenam"},{"id":"878892","latitude":"1.03333330","longitude":"10.66666670","name":"Akurenan"},{"id":"878893","latitude":"1.08333330","longitude":"10.36666670","name":"Akurensok"},{"id":"878894","latitude":"1.03333330","longitude":"10.66666670","name":"Akurnam"},{"id":"878896","latitude":"1.06666670","longitude":"10.08333330","name":"Alar"},{"id":"878897","latitude":"1.08333330","longitude":"10.50000000","name":"Alarmintang"},{"id":"878900","latitude":"1.06666670","longitude":"10.08333330","name":"Alat"},{"id":"878902","latitude":"1.01666670","longitude":"11.00000000","name":"Alen"},{"id":"878905","latitude":"1.03333330","longitude":"10.30000000","name":"Alenasi"},{"id":"878908","latitude":"1.11666670","longitude":"9.75000000","name":"Alogontang"},{"id":"878909","latitude":"1.60000000","longitude":"10.85000000","name":"Alon"},{"id":"878911","latitude":"1.11666670","longitude":"9.75000000","name":"Alongntang"},{"id":"878913","latitude":"1.00000000","longitude":"10.98333330","name":"Alum"},{"id":"878919","latitude":"1.11666670","longitude":"9.91666670","name":"Amanening"},{"id":"878921","latitude":"1.10000000","longitude":"10.16666670","name":"Amsen"},{"id":"878922","latitude":"0.98333330","longitude":"10.38333330","name":"Amvam"},{"id":"878924","latitude":"1.75000000","longitude":"10.48333330","name":"Amvamg"},{"id":"878926","latitude":"1.46666670","longitude":"10.66666670","name":"Amvangsi"},{"id":"878927","latitude":"1.31666670","longitude":"10.58333330","name":"Amvonga"},{"id":"878929","latitude":"1.81666670","longitude":"10.61666670","name":"Andoc"},{"id":"878931","latitude":"1.81666670","longitude":"10.61666670","name":"Andok"},{"id":"878933","latitude":"1.31666670","longitude":"10.86666670","name":"Andom"},{"id":"878938","latitude":"1.08333330","longitude":"10.36666670","name":"A\u00f1eng"},{"id":"878939","latitude":"1.80000000","longitude":"10.60000000","name":"Angala"},{"id":"878944","latitude":"1.28333330","longitude":"10.90000000","name":"Angon"},{"id":"878949","latitude":"1.13333330","longitude":"10.48333330","name":"Angua"},{"id":"878952","latitude":"0.98333330","longitude":"10.10000000","name":"Anguma"},{"id":"878954","latitude":"0.98333330","longitude":"10.10000000","name":"Angume"},{"id":"878968","latitude":"1.08333330","longitude":"9.95000000","name":"Ansem"},{"id":"878973","latitude":"1.46666670","longitude":"10.66666670","name":"Anvangosi"},{"id":"878974","latitude":"1.31666670","longitude":"10.58333330","name":"Anvonga"},{"id":"878986","latitude":"1.18333330","longitude":"10.50000000","name":"Aseng"},{"id":"878992","latitude":"0.96666670","longitude":"9.96666670","name":"Asobla"},{"id":"878993","latitude":"1.43333330","longitude":"10.60000000","name":"Asoc"},{"id":"878997","latitude":"1.03333330","longitude":"10.33333330","name":"Asocleme"},{"id":"878998","latitude":"1.40000000","longitude":"10.63333330","name":"Asoclon"},{"id":"879000","latitude":"1.26666670","longitude":"10.46666670","name":"Asocndoba"},{"id":"879001","latitude":"1.25000000","longitude":"10.86666670","name":"Asogabia"},{"id":"879002","latitude":"1.23333330","longitude":"10.68333330","name":"Asogabo"},{"id":"879004","latitude":"0.98333330","longitude":"10.48333330","name":"Asogouei\u00f1"},{"id":"879005","latitude":"1.01666670","longitude":"10.00000000","name":"Asoguebenga"},{"id":"879006","latitude":"1.43333330","longitude":"10.60000000","name":"Asok"},{"id":"879010","latitude":"1.26666670","longitude":"10.46666670","name":"Asokdoba"},{"id":"879013","latitude":"1.00000000","longitude":"10.30000000","name":"Asoo"},{"id":"879015","latitude":"1.11666670","longitude":"10.21666670","name":"Asuiabe"},{"id":"879021","latitude":"1.03333330","longitude":"10.66666670","name":"Atom"},{"id":"879029","latitude":"1.45000000","longitude":"10.75000000","name":"Avagnam"},{"id":"879030","latitude":"1.31666670","longitude":"11.01666670","name":"Avam"},{"id":"879033","latitude":"1.31666670","longitude":"10.88333330","name":"Avangnam"},{"id":"879034","latitude":"1.45000000","longitude":"10.75000000","name":"Avanguenan"},{"id":"879035","latitude":"1.36666670","longitude":"10.66666670","name":"Aveguening"},{"id":"879036","latitude":"1.01666670","longitude":"9.93333330","name":"Avelenam"},{"id":"879037","latitude":"1.41666670","longitude":"10.03333330","name":"Avelengong"},{"id":"879038","latitude":"1.08333330","longitude":"10.45000000","name":"Avensoc"},{"id":"879045","latitude":"1.75000000","longitude":"10.61666670","name":"Ayabifara"},{"id":"879050","latitude":"1.56666670","longitude":"10.41666670","name":"Ayacntang"},{"id":"879061","latitude":"1.31666670","longitude":"10.96666670","name":"Ayana"},{"id":"879062","latitude":"1.33333330","longitude":"10.73333330","name":"Ayan"},{"id":"879063","latitude":"1.20000000","longitude":"9.93333330","name":"Ayanesala"},{"id":"879073","latitude":"1.36666670","longitude":"10.66666670","name":"Ayeguening"},{"id":"879075","latitude":"1.00000000","longitude":"10.28333330","name":"Ayeme"},{"id":"879076","latitude":"1.13333330","longitude":"10.56666670","name":"Ayene"},{"id":"879080","latitude":"1.20000000","longitude":"9.93333330","name":"Ayenesala"},{"id":"879103","latitude":"1.08333330","longitude":"9.70000000","name":"Banapa"},{"id":"879109","latitude":"1.61666670","longitude":"10.55000000","name":"Bang"},{"id":"879134","latitude":"1.13333330","longitude":"10.78333330","name":"Bas"},{"id":"879136","latitude":"1.03333330","longitude":"10.68333330","name":"Basil\u00e9"},{"id":"879162","latitude":"1.33333330","longitude":"10.58333330","name":"Bedy\u00e1"},{"id":"879168","latitude":"1.01666670","longitude":"9.93333330","name":"Bel\u00e9n"},{"id":"879173","latitude":"1.28333330","longitude":"10.50000000","name":"Bemvong"},{"id":"879178","latitude":"1.56666670","longitude":"10.40000000","name":"Benito"},{"id":"879181","latitude":"1.11666670","longitude":"9.98333330","name":"Berbere"},{"id":"879182","latitude":"1.11666670","longitude":"9.98333330","name":"Berebere"},{"id":"879190","latitude":"1.41666670","longitude":"10.58333330","name":"Beyibe"},{"id":"879197","latitude":"1.31666670","longitude":"10.90000000","name":"Bibas"},{"id":"879203","latitude":"1.75000000","longitude":"10.28333330","name":"Bibobindoc"},{"id":"879209","latitude":"1.53333330","longitude":"10.56666670","name":"Bicaba"},{"id":"879224","latitude":"1.01666670","longitude":"10.40000000","name":"Bicum"},{"id":"879227","latitude":"1.58333330","longitude":"10.46666670","name":"Bicurga"},{"id":"879228","latitude":"1.23333330","longitude":"10.58333330","name":"Bidoa"},{"id":"879230","latitude":"1.10000000","longitude":"10.13333330","name":"Bidogo"},{"id":"879234","latitude":"1.23333330","longitude":"10.58333330","name":"Bidon"},{"id":"879238","latitude":"1.30000000","longitude":"10.75000000","name":"Bidyangobibere"},{"id":"879239","latitude":"1.03333330","longitude":"10.45000000","name":"Bidyigdyiga"},{"id":"879242","latitude":"1.45000000","longitude":"10.40000000","name":"Big\u00fceme"},{"id":"879246","latitude":"1.36666670","longitude":"11.00000000","name":"Biguogo"},{"id":"879248","latitude":"1.53333330","longitude":"10.56666670","name":"Bikaba"},{"id":"879254","latitude":"1.58333330","longitude":"10.46666670","name":"Bikurga"},{"id":"879259","latitude":"1.11666670","longitude":"9.91666670","name":"Bilene"},{"id":"879262","latitude":"1.83333330","longitude":"10.46666670","name":"Bilon"},{"id":"879270","latitude":"1.75000000","longitude":"10.83333330","name":"Bindoc"},{"id":"879271","latitude":"1.75000000","longitude":"10.83333330","name":"Bindok"},{"id":"879283","latitude":"0.96666670","longitude":"10.11666670","name":"Binguala"},{"id":"879284","latitude":"0.96666670","longitude":"10.11666670","name":"Binguara"},{"id":"879286","latitude":"1.80000000","longitude":"10.66666670","name":"Binguengueng"},{"id":"879288","latitude":"1.65000000","longitude":"10.51666670","name":"Binsan"},{"id":"879295","latitude":"1.30000000","longitude":"10.75000000","name":"Bisangobibere"},{"id":"879296","latitude":"1.28333330","longitude":"10.70000000","name":"Bisega"},{"id":"879297","latitude":"1.01666670","longitude":"10.01666670","name":"Bisobinam"},{"id":"879304","latitude":"1.16666670","longitude":"10.55000000","name":"Bison"},{"id":"879306","latitude":"1.36666670","longitude":"10.31666670","name":"Bisong"},{"id":"879308","latitude":"1.16666670","longitude":"10.55000000","name":"Bisono"},{"id":"879310","latitude":"1.71666670","longitude":"10.30000000","name":"Bis\u00fan"},{"id":"879315","latitude":"1.11666670","longitude":"9.93333330","name":"Bitom"},{"id":"879332","latitude":"1.08333330","longitude":"9.85000000","name":"Bola"},{"id":"879346","latitude":"1.60000000","longitude":"10.68333330","name":"Bon"},{"id":"879351","latitude":"1.16666670","longitude":"9.90000000","name":"Bonguila"},{"id":"879356","latitude":"0.96666670","longitude":"9.90000000","name":"Bo\u00f3"},{"id":"879369","latitude":"1.06666670","longitude":"10.38333330","name":"Caang\u00e1n"},{"id":"879382","latitude":"1.71666670","longitude":"10.65000000","name":"Chimi"},{"id":"879383","latitude":"1.38333330","longitude":"10.03333330","name":"Churu"},{"id":"879391","latitude":"1.08333330","longitude":"9.70000000","name":"Cogo"},{"id":"879399","latitude":"1.45000000","longitude":"10.38333330","name":"Compa\u00f1\u00eda"},{"id":"879402","latitude":"1.80000000","longitude":"10.38333330","name":"Corro"},{"id":"879407","latitude":"1.30000000","longitude":"10.83333330","name":"Cucumancoc"},{"id":"879416","latitude":"1.36666670","longitude":"10.51666670","name":"Dejambeme"},{"id":"879423","latitude":"1.31666670","longitude":"10.75000000","name":"Dnmandui\u00f1"},{"id":"879427","latitude":"1.31666670","longitude":"10.75000000","name":"Dumanduin"},{"id":"879430","latitude":"1.80000000","longitude":"10.68333330","name":"Dum"},{"id":"879434","latitude":"1.80000000","longitude":"10.68333330","name":"Dun"},{"id":"879435","latitude":"1.36666670","longitude":"10.51666670","name":"Dyaambem"},{"id":"879436","latitude":"1.08333330","longitude":"10.11666670","name":"Dyeng"},{"id":"879437","latitude":"1.05000000","longitude":"10.93333330","name":"Dyio"},{"id":"879439","latitude":"1.40000000","longitude":"10.58333330","name":"Ebai\u00f1"},{"id":"879443","latitude":"1.10000000","longitude":"10.38333330","name":"Ebamayong"},{"id":"879444","latitude":"1.08333330","longitude":"9.88333330","name":"Ebam"},{"id":"879447","latitude":"1.10000000","longitude":"10.38333330","name":"Ebamoyong"},{"id":"879448","latitude":"1.15000000","longitude":"10.78333330","name":"Ebana"},{"id":"879449","latitude":"1.06666670","longitude":"10.50000000","name":"Ebane"},{"id":"879458","latitude":"1.20000000","longitude":"10.53333330","name":"Ebcua Meyene"},{"id":"879460","latitude":"1.08333330","longitude":"10.61666670","name":"Ebebiy\u00edn"},{"id":"879468","latitude":"1.35000000","longitude":"10.40000000","name":"Ebensam"},{"id":"879469","latitude":"1.35000000","longitude":"10.40000000","name":"Ebesam"},{"id":"879470","latitude":"1.73333330","longitude":"10.71666670","name":"Ebesang"},{"id":"879471","latitude":"1.18333330","longitude":"10.78333330","name":"Ebiane"},{"id":"879475","latitude":"1.30000000","longitude":"10.50000000","name":"Ebien"},{"id":"879477","latitude":"1.45000000","longitude":"10.56666670","name":"Ebinayon"},{"id":"879478","latitude":"1.45000000","longitude":"10.56666670","name":"Ebinayong"},{"id":"879479","latitude":"1.45000000","longitude":"10.56666670","name":"Ebineyon"},{"id":"879480","latitude":"1.45000000","longitude":"10.56666670","name":"Ebinoyon"},{"id":"879481","latitude":"1.36666670","longitude":"10.58333330","name":"Eboafan"},{"id":"879483","latitude":"1.75000000","longitude":"10.45000000","name":"Ebobut"},{"id":"879487","latitude":"1.48333330","longitude":"10.50000000","name":"Eboloua"},{"id":"879488","latitude":"1.48333330","longitude":"10.50000000","name":"Ebolua"},{"id":"879491","latitude":"1.03333330","longitude":"10.60000000","name":"Ebomekour"},{"id":"879492","latitude":"1.03333330","longitude":"10.60000000","name":"Ebomekur"},{"id":"879493","latitude":"1.43333330","longitude":"10.60000000","name":"Ebomicu"},{"id":"879497","latitude":"1.03333330","longitude":"10.60000000","name":"Ebomncu"},{"id":"879498","latitude":"1.20000000","longitude":"10.50000000","name":"Ebomosi"},{"id":"879499","latitude":"1.16666670","longitude":"9.90000000","name":"Ebongle"},{"id":"879502","latitude":"1.16666670","longitude":"9.90000000","name":"Ebonguilla"},{"id":"879507","latitude":"1.30000000","longitude":"10.43333330","name":"Echaesia"},{"id":"879508","latitude":"1.01666670","longitude":"10.25000000","name":"Echam"},{"id":"879517","latitude":"1.20000000","longitude":"10.48333330","name":"Ecoguong"},{"id":"879523","latitude":"1.16666670","longitude":"10.38333330","name":"Ecuc"},{"id":"879536","latitude":"1.20000000","longitude":"9.91666670","name":"Edolo"},{"id":"879538","latitude":"1.00000000","longitude":"10.78333330","name":"Edum"},{"id":"879544","latitude":"1.00000000","longitude":"9.96666670","name":"Edyuba"},{"id":"879545","latitude":"1.00000000","longitude":"10.25000000","name":"Efon"},{"id":"879546","latitude":"1.00000000","longitude":"10.25000000","name":"Efong"},{"id":"879547","latitude":"1.38333330","longitude":"10.48333330","name":"Efula"},{"id":"879549","latitude":"1.00000000","longitude":"10.75000000","name":"Efulan"},{"id":"879553","latitude":"1.43333330","longitude":"10.61666670","name":"Efulayong"},{"id":"879563","latitude":"1.20000000","longitude":"10.48333330","name":"Eko'guong"},{"id":"879564","latitude":"1.28333330","longitude":"10.46666670","name":"Ekoguong"},{"id":"879570","latitude":"1.16666670","longitude":"10.38333330","name":"Ekuk"},{"id":"879585","latitude":"1.00000000","longitude":"10.00000000","name":"Elon"},{"id":"879587","latitude":"1.71666670","longitude":"10.68333330","name":"Elonesang"},{"id":"879594","latitude":"1.36666670","longitude":"10.66666670","name":"Elonsam"},{"id":"879602","latitude":"1.05000000","longitude":"10.25000000","name":"Emvemv\u00e9"},{"id":"879603","latitude":"1.03333330","longitude":"9.95000000","name":"Emvila"},{"id":"879604","latitude":"1.48333330","longitude":"10.48333330","name":"E\u00f1ang"},{"id":"879605","latitude":"1.05000000","longitude":"10.25000000","name":"Enbembe"},{"id":"879613","latitude":"1.48333330","longitude":"10.48333330","name":"E\u00f1eng"},{"id":"879615","latitude":"1.01666670","longitude":"10.85000000","name":"E\u00f1engmelen"},{"id":"879617","latitude":"1.20000000","longitude":"10.46666670","name":"Engomngom"},{"id":"879618","latitude":"1.40000000","longitude":"10.01666670","name":"Engong"},{"id":"879621","latitude":"1.26666670","longitude":"10.88333330","name":"Engongom"},{"id":"879622","latitude":"1.65000000","longitude":"10.93333330","name":"Enguez"},{"id":"879624","latitude":"0.98333330","longitude":"9.96666670","name":"Enigabe"},{"id":"879625","latitude":"1.76666670","longitude":"10.60000000","name":"Enigaco"},{"id":"879627","latitude":"1.76666670","longitude":"10.60000000","name":"Enigakuku"},{"id":"879629","latitude":"0.98333330","longitude":"9.96666670","name":"Eningabe"},{"id":"879634","latitude":"1.80000000","longitude":"10.70000000","name":"E\u00f1ormebei"},{"id":"879635","latitude":"1.80000000","longitude":"10.70000000","name":"Enormebel"},{"id":"879640","latitude":"1.03333330","longitude":"10.03333330","name":"Enuc"},{"id":"879642","latitude":"1.15000000","longitude":"10.51666670","name":"Enuk"},{"id":"879648","latitude":"0.98333330","longitude":"10.50000000","name":"Esactom"},{"id":"879653","latitude":"1.16666670","longitude":"10.78333330","name":"Esomo"},{"id":"879654","latitude":"1.28333330","longitude":"10.71666670","name":"Eson"},{"id":"879658","latitude":"1.03333330","longitude":"11.03333330","name":"Esong"},{"id":"879662","latitude":"1.03333330","longitude":"9.93333330","name":"Espa\u00f1a"},{"id":"879664","latitude":"1.16666670","longitude":"9.81666670","name":"Esu\u00e1"},{"id":"879670","latitude":"1.20000000","longitude":"10.55000000","name":"Eteng"},{"id":"879677","latitude":"1.31666670","longitude":"10.85000000","name":"Etom"},{"id":"879680","latitude":"1.81666670","longitude":"10.63333330","name":"Etong"},{"id":"879684","latitude":"1.16666670","longitude":"10.58333330","name":"Euonanam"},{"id":"879690","latitude":"1.08333330","longitude":"10.45000000","name":"Evenam"},{"id":"879693","latitude":"1.21666670","longitude":"9.96666670","name":"Eves"},{"id":"879696","latitude":"1.25000000","longitude":"10.00000000","name":"Evina"},{"id":"879697","latitude":"1.11666670","longitude":"10.36666670","name":"Evinayon"},{"id":"879698","latitude":"1.76666670","longitude":"10.75000000","name":"Evinayong-Asiasi"},{"id":"879699","latitude":"1.45000000","longitude":"10.56666670","name":"Evinayong"},{"id":"879700","latitude":"1.55000000","longitude":"10.86666670","name":"Evoardulu"},{"id":"879701","latitude":"1.05000000","longitude":"10.95000000","name":"Evoaryulu"},{"id":"879704","latitude":"1.55000000","longitude":"10.86666670","name":"Evodulo"},{"id":"879709","latitude":"1.78333330","longitude":"10.60000000","name":"Evueman"},{"id":"879712","latitude":"1.78333330","longitude":"10.60000000","name":"Evuennan"},{"id":"879713","latitude":"1.11666670","longitude":"10.36666670","name":"Ewinajon"},{"id":"879715","latitude":"1.23333330","longitude":"10.58333330","name":"Eyamayon"},{"id":"879716","latitude":"1.03333330","longitude":"11.06666670","name":"Eyamayong"},{"id":"879717","latitude":"1.00000000","longitude":"9.95000000","name":"Eya'mayong"},{"id":"879718","latitude":"1.23333330","longitude":"10.58333330","name":"Eyamayong"},{"id":"879721","latitude":"1.00000000","longitude":"9.95000000","name":"Eyameyong"},{"id":"879722","latitude":"1.23333330","longitude":"10.58333330","name":"Eyamoyong"},{"id":"879731","latitude":"1.41666670","longitude":"10.63333330","name":"Fegayong"},{"id":"879733","latitude":"1.03333330","longitude":"10.80000000","name":"Fenayop"},{"id":"879734","latitude":"1.35000000","longitude":"10.46666670","name":"Fimacoc"},{"id":"879735","latitude":"1.35000000","longitude":"10.46666670","name":"Fimakok"},{"id":"879739","latitude":"1.26666670","longitude":"10.93333330","name":"Foo"},{"id":"879742","latitude":"1.38333330","longitude":"10.58333330","name":"Fula"},{"id":"879761","latitude":"1.15000000","longitude":"10.56666670","name":"Idolo"},{"id":"879784","latitude":"1.36666670","longitude":"10.55000000","name":"Kim"},{"id":"879787","latitude":"1.11666670","longitude":"9.91666670","name":"King"},{"id":"879789","latitude":"1.18333330","longitude":"10.55000000","name":"Kiri"},{"id":"879790","latitude":"1.08333330","longitude":"9.70000000","name":"Koga"},{"id":"879791","latitude":"1.08333330","longitude":"9.70000000","name":"Kogo"},{"id":"879794","latitude":"1.80000000","longitude":"10.38333330","name":"Koro"},{"id":"879797","latitude":"1.30000000","longitude":"10.83333330","name":"Kukumankok"},{"id":"879801","latitude":"1.08333330","longitude":"9.71666670","name":"Laca"},{"id":"879809","latitude":"1.51666670","longitude":"10.63333330","name":"Leng"},{"id":"879811","latitude":"1.08333330","longitude":"9.70000000","name":"Lisboa"},{"id":"879812","latitude":"1.11666670","longitude":"10.58333330","name":"Llama"},{"id":"879813","latitude":"1.18333330","longitude":"10.73333330","name":"Loa"},{"id":"879814","latitude":"1.26666670","longitude":"10.70000000","name":"Loayop"},{"id":"879827","latitude":"1.50000000","longitude":"10.55000000","name":"Mabam"},{"id":"879832","latitude":"1.58333330","longitude":"10.83333330","name":"Mabele"},{"id":"879835","latitude":"1.63333330","longitude":"10.88333330","name":"Mabere"},{"id":"879842","latitude":"1.45000000","longitude":"10.60000000","name":"Mabono"},{"id":"879847","latitude":"1.73333330","longitude":"10.65000000","name":"Mabuno"},{"id":"879851","latitude":"1.33333330","longitude":"10.26666670","name":"Macamensoc"},{"id":"879852","latitude":"1.13333330","longitude":"9.78333330","name":"Macha'mabe"},{"id":"879858","latitude":"1.10000000","longitude":"10.40000000","name":"Macoete"},{"id":"879859","latitude":"1.40000000","longitude":"10.25000000","name":"Macoga"},{"id":"879869","latitude":"1.35000000","longitude":"10.33333330","name":"Maconanam"},{"id":"879872","latitude":"1.35000000","longitude":"10.35000000","name":"Maconanan"},{"id":"879874","latitude":"1.16666670","longitude":"9.85000000","name":"Macoraet\u00e9"},{"id":"879877","latitude":"1.83333330","longitude":"10.66666670","name":"Madouma"},{"id":"879878","latitude":"1.08333330","longitude":"9.71666670","name":"Madrid"},{"id":"879879","latitude":"1.83333330","longitude":"10.66666670","name":"Maduma"},{"id":"879880","latitude":"1.10000000","longitude":"10.40000000","name":"Madyamab\u00e9"},{"id":"879881","latitude":"1.13333330","longitude":"9.78333330","name":"Madyameb\u00e9"},{"id":"879885","latitude":"1.38333330","longitude":"10.46666670","name":"Mafo"},{"id":"879886","latitude":"1.41666670","longitude":"10.63333330","name":"Mafono"},{"id":"879888","latitude":"1.56666670","longitude":"10.51666670","name":"Maguomo"},{"id":"879890","latitude":"1.33333330","longitude":"10.26666670","name":"Makamansok"},{"id":"879892","latitude":"1.50000000","longitude":"10.73333330","name":"Makoga"},{"id":"879895","latitude":"1.13333330","longitude":"10.00000000","name":"Makomo"},{"id":"879898","latitude":"1.35000000","longitude":"10.35000000","name":"Makonanam"},{"id":"879910","latitude":"1.11666670","longitude":"9.75000000","name":"Malen"},{"id":"879916","latitude":"1.63333330","longitude":"10.76666670","name":"Manchine"},{"id":"879925","latitude":"1.06666670","longitude":"10.33333330","name":"Mandum"},{"id":"879926","latitude":"1.06666670","longitude":"10.33333330","name":"Mandung"},{"id":"879927","latitude":"1.71666670","longitude":"10.75000000","name":"Ma\u00f1e"},{"id":"879930","latitude":"1.73333330","longitude":"10.88333330","name":"Manga"},{"id":"879934","latitude":"1.71666670","longitude":"10.86666670","name":"Mang"},{"id":"879935","latitude":"1.11666670","longitude":"9.75000000","name":"Mangola"},{"id":"879938","latitude":"1.13333330","longitude":"9.98333330","name":"Mangon\u00e9"},{"id":"879939","latitude":"1.13333330","longitude":"9.90000000","name":"Mangong"},{"id":"879945","latitude":"1.71666670","longitude":"10.86666670","name":"Man"},{"id":"879946","latitude":"1.48333330","longitude":"10.23333330","name":"Manseng"},{"id":"879947","latitude":"1.10000000","longitude":"9.96666670","name":"Ma\u00f1umone"},{"id":"879948","latitude":"1.10000000","longitude":"9.96666670","name":"Ma\u00f1umony"},{"id":"879954","latitude":"1.80000000","longitude":"10.53333330","name":"Masa"},{"id":"879956","latitude":"1.36666670","longitude":"10.25000000","name":"Masam"},{"id":"879963","latitude":"1.61666670","longitude":"10.46666670","name":"Masoc"},{"id":"879966","latitude":"1.66666670","longitude":"10.36666670","name":"Masok"},{"id":"879970","latitude":"1.18333330","longitude":"9.88333330","name":"Masuguening"},{"id":"879971","latitude":"1.18333330","longitude":"9.88333330","name":"Masungme\u00f1ing"},{"id":"879975","latitude":"1.50000000","longitude":"10.70000000","name":"Mata"},{"id":"879983","latitude":"1.13333330","longitude":"9.80000000","name":"Mavo"},{"id":"879984","latitude":"1.35000000","longitude":"10.58333330","name":"Mavumo"},{"id":"879985","latitude":"1.35000000","longitude":"10.58333330","name":"Mavuno"},{"id":"879986","latitude":"1.73333330","longitude":"10.65000000","name":"Mavunu"},{"id":"879989","latitude":"1.15000000","longitude":"9.93333330","name":"Mayang"},{"id":"879995","latitude":"1.00000000","longitude":"9.93333330","name":"Mbabiyegue"},{"id":"879998","latitude":"1.80000000","longitude":"10.41666670","name":"Mba"},{"id":"880001","latitude":"1.01666670","longitude":"10.96666670","name":"Mbam"},{"id":"880017","latitude":"1.21666670","longitude":"9.83333330","name":"Mbele"},{"id":"880018","latitude":"1.21666670","longitude":"9.83333330","name":"Mbel"},{"id":"880020","latitude":"1.21666670","longitude":"9.83333330","name":"Mbe"},{"id":"880025","latitude":"1.01666670","longitude":"10.06666670","name":"Mbenam"},{"id":"880032","latitude":"1.43333330","longitude":"10.46666670","name":"Mbiombio"},{"id":"880037","latitude":"1.11666670","longitude":"9.96666670","name":"Mboete"},{"id":"880039","latitude":"1.08333330","longitude":"9.85000000","name":"Mbola"},{"id":"880048","latitude":"1.83333330","longitude":"10.55000000","name":"Mbono"},{"id":"880057","latitude":"1.51666670","longitude":"10.26666670","name":"Mbut"},{"id":"880060","latitude":"1.51666670","longitude":"10.60000000","name":"Mebai\u00f1"},{"id":"880061","latitude":"1.31666670","longitude":"10.21666670","name":"Mebametan"},{"id":"880066","latitude":"1.00000000","longitude":"10.00000000","name":"Mebonde"},{"id":"880067","latitude":"1.00000000","longitude":"10.00000000","name":"Mebone"},{"id":"880068","latitude":"1.55000000","longitude":"10.73333330","name":"Mecac"},{"id":"880069","latitude":"1.01666670","longitude":"10.80000000","name":"Medouneau"},{"id":"880070","latitude":"1.10000000","longitude":"10.53333330","name":"Medyanga"},{"id":"880072","latitude":"1.38333330","longitude":"10.46666670","name":"Mefo"},{"id":"880078","latitude":"1.38333330","longitude":"10.65000000","name":"Melan"},{"id":"880084","latitude":"1.80000000","longitude":"10.60000000","name":"Melen-Mokonanam"},{"id":"880086","latitude":"1.05000000","longitude":"10.83333330","name":"Melong"},{"id":"880092","latitude":"1.26666670","longitude":"10.70000000","name":"Mendemayop"},{"id":"880095","latitude":"1.71666670","longitude":"10.41666670","name":"Mendung"},{"id":"880100","latitude":"1.00000000","longitude":"9.91666670","name":"Meseng"},{"id":"880104","latitude":"1.66666670","longitude":"10.36666670","name":"Mesoc"},{"id":"880106","latitude":"1.50000000","longitude":"10.70000000","name":"Meta"},{"id":"880108","latitude":"1.33333330","longitude":"10.48333330","name":"Metemelete"},{"id":"880110","latitude":"1.06666670","longitude":"11.00000000","name":"Metong"},{"id":"880113","latitude":"1.55000000","longitude":"10.46666670","name":"Mfama"},{"id":"880114","latitude":"1.05000000","longitude":"10.61666670","name":"Mfaman"},{"id":"880119","latitude":"1.30000000","longitude":"10.71666670","name":"Mfan"},{"id":"880120","latitude":"1.40000000","longitude":"10.38333330","name":"Mfeme"},{"id":"880123","latitude":"1.26666670","longitude":"10.16666670","name":"Mf\u00faa"},{"id":"880130","latitude":"1.15000000","longitude":"10.53333330","name":"Mfulayong"},{"id":"880132","latitude":"1.78333330","longitude":"10.46666670","name":"Mfulesong"},{"id":"880135","latitude":"1.35000000","longitude":"10.55000000","name":"Mfurencoc"},{"id":"880137","latitude":"1.21666670","longitude":"10.01666670","name":"Miang"},{"id":"880150","latitude":"1.00000000","longitude":"10.00000000","name":"Mibonde"},{"id":"880151","latitude":"1.00000000","longitude":"10.00000000","name":"Mibone"},{"id":"880152","latitude":"1.20000000","longitude":"10.80000000","name":"Micala"},{"id":"880155","latitude":"1.48333330","longitude":"10.61666670","name":"Micaosi"},{"id":"880156","latitude":"1.20000000","longitude":"9.86666670","name":"Micha"},{"id":"880160","latitude":"1.20000000","longitude":"9.86666670","name":"Michobo"},{"id":"880161","latitude":"1.61666670","longitude":"10.48333330","name":"Michoo"},{"id":"880164","latitude":"1.28333330","longitude":"10.90000000","name":"Micomibe"},{"id":"880168","latitude":"1.81666670","longitude":"10.60000000","name":"Micong"},{"id":"880171","latitude":"1.21666670","longitude":"10.13333330","name":"Midchobo"},{"id":"880173","latitude":"1.21666670","longitude":"10.13333330","name":"Midjobo"},{"id":"880179","latitude":"0.98333330","longitude":"10.03333330","name":"Midyobo"},{"id":"880181","latitude":"1.10000000","longitude":"9.71666670","name":"Miguala"},{"id":"880184","latitude":"1.20000000","longitude":"10.80000000","name":"Mikala"},{"id":"880186","latitude":"1.48333330","longitude":"10.61666670","name":"Mika'osi"},{"id":"880194","latitude":"1.20000000","longitude":"9.95000000","name":"Milega"},{"id":"880195","latitude":"1.76666670","longitude":"10.61666670","name":"Milong"},{"id":"880199","latitude":"1.00000000","longitude":"9.86666670","name":"Minague"},{"id":"880200","latitude":"1.15000000","longitude":"9.81666670","name":"Minang"},{"id":"880203","latitude":"1.21666670","longitude":"10.13333330","name":"Mindjobo"},{"id":"880204","latitude":"1.30000000","longitude":"10.41666670","name":"Mindyimasia"},{"id":"880208","latitude":"1.11666670","longitude":"10.25000000","name":"Minlom"},{"id":"880210","latitude":"1.13333330","longitude":"10.46666670","name":"Minsengminsoc"},{"id":"880211","latitude":"1.15000000","longitude":"10.06666670","name":"Minsenminsoc"},{"id":"880215","latitude":"1.16666670","longitude":"10.08333330","name":"Misegue"},{"id":"880217","latitude":"1.40000000","longitude":"10.26666670","name":"Miselgue"},{"id":"880218","latitude":"1.13333330","longitude":"10.46666670","name":"Misemisok"},{"id":"880219","latitude":"1.30000000","longitude":"10.80000000","name":"Misere"},{"id":"880220","latitude":"1.40000000","longitude":"10.26666670","name":"Miserga"},{"id":"880221","latitude":"1.40000000","longitude":"10.26666670","name":"Misergue"},{"id":"880224","latitude":"1.33333330","longitude":"10.58333330","name":"Mitemele"},{"id":"880225","latitude":"1.33333330","longitude":"10.48333330","name":"Mitemelete"},{"id":"880226","latitude":"1.10000000","longitude":"9.78333330","name":"Mitombo"},{"id":"880228","latitude":"1.06666670","longitude":"11.00000000","name":"Mitong"},{"id":"880237","latitude":"1.00000000","longitude":"10.26666670","name":"Mococ"},{"id":"880238","latitude":"1.50000000","longitude":"10.73333330","name":"Mocoga"},{"id":"880239","latitude":"1.13333330","longitude":"10.00000000","name":"Mocomo"},{"id":"880245","latitude":"1.41666670","longitude":"10.63333330","name":"Mofono"},{"id":"880246","latitude":"1.06666670","longitude":"10.78333330","name":"Mofub"},{"id":"880248","latitude":"1.06666670","longitude":"10.78333330","name":"Mofup"},{"id":"880249","latitude":"1.65000000","longitude":"10.31666670","name":"Moga"},{"id":"880251","latitude":"1.56666670","longitude":"10.51666670","name":"Moguomo"},{"id":"880255","latitude":"1.00000000","longitude":"10.26666670","name":"Mokok"},{"id":"880259","latitude":"1.73333330","longitude":"10.68333330","name":"Mokomo"},{"id":"880263","latitude":"1.61666670","longitude":"10.35000000","name":"Molomo"},{"id":"880264","latitude":"1.20000000","longitude":"10.55000000","name":"Molong"},{"id":"880265","latitude":"1.20000000","longitude":"10.55000000","name":"Molon"},{"id":"880270","latitude":"1.51666670","longitude":"10.53333330","name":"Mongola"},{"id":"880277","latitude":"1.48333330","longitude":"10.50000000","name":"Mongong"},{"id":"880279","latitude":"1.66666670","longitude":"10.30000000","name":"Monte Alen"},{"id":"880283","latitude":"1.21666670","longitude":"10.13333330","name":"Mosoc"},{"id":"880285","latitude":"1.55000000","longitude":"10.65000000","name":"Mosok"},{"id":"880289","latitude":"1.06666670","longitude":"10.75000000","name":"Motom"},{"id":"880291","latitude":"1.06666670","longitude":"10.75000000","name":"Motomo"},{"id":"880295","latitude":"1.06666670","longitude":"10.78333330","name":"Motup"},{"id":"880297","latitude":"1.30000000","longitude":"10.58333330","name":"Movo"},{"id":"880309","latitude":"1.35000000","longitude":"10.28333330","name":"Mvai\u00f1"},{"id":"880311","latitude":"1.03333330","longitude":"10.25000000","name":"Mveayong"},{"id":"880312","latitude":"1.03333330","longitude":"10.65000000","name":"Mvengayong"},{"id":"880314","latitude":"1.13333330","longitude":"10.36666670","name":"Mveng"},{"id":"880317","latitude":"1.43333330","longitude":"10.58333330","name":"Mviga"},{"id":"880318","latitude":"1.03333330","longitude":"10.86666670","name":"Mvoayop"},{"id":"880325","latitude":"1.73333330","longitude":"10.43333330","name":"Mvong"},{"id":"880331","latitude":"1.76666670","longitude":"10.58333330","name":"Nanama"},{"id":"880336","latitude":"1.81666670","longitude":"10.53333330","name":"Nbona"},{"id":"880339","latitude":"1.83333330","longitude":"10.55000000","name":"Nbono"},{"id":"880341","latitude":"1.85000000","longitude":"10.60000000","name":"Ncalayong"},{"id":"880343","latitude":"1.45000000","longitude":"10.28333330","name":"Ncamanvi"},{"id":"880346","latitude":"1.60000000","longitude":"10.86666670","name":"Ncan"},{"id":"880351","latitude":"1.10000000","longitude":"10.60000000","name":"Nchengayong"},{"id":"880356","latitude":"1.73333330","longitude":"10.45000000","name":"Ncoadyap"},{"id":"880364","latitude":"1.00000000","longitude":"10.55000000","name":"Ncoamvam"},{"id":"880375","latitude":"1.30000000","longitude":"10.18333330","name":"Ncoesi"},{"id":"880377","latitude":"1.00000000","longitude":"9.86666670","name":"Ncogoekie"},{"id":"880378","latitude":"1.03333330","longitude":"10.63333330","name":"Ncol\u00e1bam"},{"id":"880379","latitude":"1.13333330","longitude":"9.95000000","name":"Ncolamvam"},{"id":"880385","latitude":"1.71666670","longitude":"10.60000000","name":"Ncomacoc"},{"id":"880387","latitude":"1.06666670","longitude":"10.76666670","name":"Ncomayop"},{"id":"880392","latitude":"1.73333330","longitude":"10.41666670","name":"Ncomo"},{"id":"880395","latitude":"1.68333330","longitude":"10.60000000","name":"Nco"},{"id":"880399","latitude":"1.63333330","longitude":"10.31666670","name":"Ncorennam"},{"id":"880401","latitude":"1.15000000","longitude":"10.83333330","name":"Ncuara"},{"id":"880404","latitude":"1.00000000","longitude":"10.91666670","name":"Ncumadyap"},{"id":"880408","latitude":"1.23333330","longitude":"9.83333330","name":"Ncumekie"},{"id":"880411","latitude":"1.60000000","longitude":"10.33333330","name":"Ncumensong"},{"id":"880412","latitude":"1.60000000","longitude":"10.33333330","name":"Ncumesong"},{"id":"880413","latitude":"1.76666670","longitude":"10.46666670","name":"Ncumikie"},{"id":"880418","latitude":"1.13333330","longitude":"9.91666670","name":"Ndaga"},{"id":"880419","latitude":"1.43333330","longitude":"10.45000000","name":"Ndakong"},{"id":"880420","latitude":"1.66666670","longitude":"10.35000000","name":"Ndalama"},{"id":"880421","latitude":"1.00000000","longitude":"9.86666670","name":"Ndale"},{"id":"880423","latitude":"1.43333330","longitude":"10.45000000","name":"Ndancong"},{"id":"880428","latitude":"1.30000000","longitude":"10.80000000","name":"Ndegengon"},{"id":"880433","latitude":"1.33333330","longitude":"10.43333330","name":"Ndgong"},{"id":"880438","latitude":"1.35000000","longitude":"10.30000000","name":"Ndomayop"},{"id":"880439","latitude":"1.03333330","longitude":"10.41666670","name":"Ndombo"},{"id":"880441","latitude":"1.43333330","longitude":"10.45000000","name":"Ndomnco"},{"id":"880443","latitude":"1.10000000","longitude":"10.53333330","name":"Ndong"},{"id":"880446","latitude":"1.00000000","longitude":"9.90000000","name":"Ndongo"},{"id":"880450","latitude":"1.48333330","longitude":"10.68333330","name":"Nduma"},{"id":"880462","latitude":"1.08333330","longitude":"10.41666670","name":"Ndyedum"},{"id":"880463","latitude":"1.16666670","longitude":"9.91666670","name":"Ndyengavong"},{"id":"880464","latitude":"1.16666670","longitude":"9.91666670","name":"Ndyengayong"},{"id":"880467","latitude":"1.03333330","longitude":"10.05000000","name":"Ndyengmiang"},{"id":"880469","latitude":"1.30000000","longitude":"10.80000000","name":"Ndyengom"},{"id":"880472","latitude":"1.40000000","longitude":"10.90000000","name":"Ndyomso"},{"id":"880473","latitude":"1.48333330","longitude":"10.60000000","name":"Ndyong"},{"id":"880474","latitude":"1.18333330","longitude":"10.10000000","name":"Ndyumengue"},{"id":"880476","latitude":"1.38333330","longitude":"10.35000000","name":"Nfaman"},{"id":"880480","latitude":"1.40000000","longitude":"10.38333330","name":"Nfeme"},{"id":"880486","latitude":"1.15000000","longitude":"10.53333330","name":"Nfulayong"},{"id":"880488","latitude":"1.78333330","longitude":"10.46666670","name":"Nfulensok"},{"id":"880493","latitude":"1.80000000","longitude":"10.60000000","name":"Ngala"},{"id":"880494","latitude":"0.96666670","longitude":"9.93333330","name":"Ngambe"},{"id":"880495","latitude":"0.95000000","longitude":"9.93333330","name":"Ngamb"},{"id":"880500","latitude":"1.03333330","longitude":"10.35000000","name":"Ngobi"},{"id":"880504","latitude":"1.16666670","longitude":"10.56666670","name":"Ngolensok"},{"id":"880507","latitude":"1.41666670","longitude":"10.61666670","name":"Ngomasi"},{"id":"880508","latitude":"1.00000000","longitude":"10.08333330","name":"Ngomekie"},{"id":"880510","latitude":"1.60000000","longitude":"10.71666670","name":"Ngomgom"},{"id":"880512","latitude":"1.35000000","longitude":"10.48333330","name":"Ngom"},{"id":"880516","latitude":"1.71666670","longitude":"10.70000000","name":"Ngona"},{"id":"880517","latitude":"1.60000000","longitude":"10.71666670","name":"Ngondum"},{"id":"880518","latitude":"1.00000000","longitude":"10.08333330","name":"Ngoneki\u00e9"},{"id":"880520","latitude":"1.08333330","longitude":"10.75000000","name":"Ngong"},{"id":"880524","latitude":"1.35000000","longitude":"10.48333330","name":"Ngon"},{"id":"880537","latitude":"0.96666670","longitude":"10.35000000","name":"Ng\u00fcelensoc"},{"id":"880541","latitude":"1.65000000","longitude":"10.93333330","name":"Nguet"},{"id":"880551","latitude":"1.16666670","longitude":"10.56666670","name":"Nguolensoc"},{"id":"880556","latitude":"1.71666670","longitude":"10.48333330","name":"Niamayong"},{"id":"880564","latitude":"0.96666670","longitude":"10.01666670","name":"Niefala"},{"id":"880565","latitude":"1.30000000","longitude":"10.51666670","name":"Niefang"},{"id":"880570","latitude":"1.30000000","longitude":"10.95000000","name":"Niemitang"},{"id":"880573","latitude":"1.20000000","longitude":"10.58333330","name":"Niemoyong"},{"id":"880574","latitude":"1.01666670","longitude":"10.78333330","name":"Nifala"},{"id":"880577","latitude":"1.40000000","longitude":"10.68333330","name":"Nium"},{"id":"880578","latitude":"1.85000000","longitude":"10.60000000","name":"Nkalayong"},{"id":"880581","latitude":"1.60000000","longitude":"10.86666670","name":"Nkan"},{"id":"880584","latitude":"1.00000000","longitude":"10.35000000","name":"Nkie\u00f1ayu"},{"id":"880588","latitude":"1.73333330","longitude":"10.45000000","name":"Nko'achap"},{"id":"880599","latitude":"1.30000000","longitude":"10.18333330","name":"Nko'esi"},{"id":"880602","latitude":"1.13333330","longitude":"9.95000000","name":"Nkol'Amvam"},{"id":"880603","latitude":"1.25000000","longitude":"9.98333330","name":"Nkol 'Amvam"},{"id":"880606","latitude":"1.40000000","longitude":"10.65000000","name":"Nkol Amvan"},{"id":"880609","latitude":"1.71666670","longitude":"10.60000000","name":"Nko Makok"},{"id":"880611","latitude":"1.06666670","longitude":"10.76666670","name":"Nkomayo"},{"id":"880614","latitude":"1.73333330","longitude":"10.41666670","name":"Nkomo"},{"id":"880616","latitude":"1.68333330","longitude":"10.60000000","name":"Nko"},{"id":"880620","latitude":"1.15000000","longitude":"10.83333330","name":"Nkoro"},{"id":"880624","latitude":"1.01666670","longitude":"10.20000000","name":"Nkumekie"},{"id":"880627","latitude":"1.60000000","longitude":"10.33333330","name":"Nkumesong"},{"id":"880631","latitude":"1.45000000","longitude":"10.28333330","name":"Nlamanvi"},{"id":"880640","latitude":"0.96666670","longitude":"10.01666670","name":"Nniefala"},{"id":"880642","latitude":"1.20000000","longitude":"10.60000000","name":"Nniemayong"},{"id":"880645","latitude":"1.15000000","longitude":"9.83333330","name":"Nnoayong"},{"id":"880648","latitude":"1.15000000","longitude":"9.83333330","name":"Noayong"},{"id":"880649","latitude":"1.45000000","longitude":"10.60000000","name":"Nomenam"},{"id":"880651","latitude":"1.45000000","longitude":"10.60000000","name":"Nomenan"},{"id":"880653","latitude":"1.50000000","longitude":"10.20000000","name":"Nom"},{"id":"880658","latitude":"1.38333330","longitude":"10.33333330","name":"Nonsoc"},{"id":"880663","latitude":"1.06666670","longitude":"9.95000000","name":"Nsangnam"},{"id":"880668","latitude":"1.36666670","longitude":"10.56666670","name":"Nseguete"},{"id":"880671","latitude":"1.65000000","longitude":"10.63333330","name":"Nsemekok"},{"id":"880672","latitude":"1.65000000","longitude":"10.63333330","name":"Nsemensoc"},{"id":"880673","latitude":"1.28333330","longitude":"10.56666670","name":"Nsem"},{"id":"880674","latitude":"1.06666670","longitude":"10.61666670","name":"Nsengafum"},{"id":"880675","latitude":"1.11666670","longitude":"9.76666670","name":"Nsengamvoa"},{"id":"880676","latitude":"1.11666670","longitude":"9.76666670","name":"Nsengamvonga"},{"id":"880677","latitude":"1.11666670","longitude":"9.76666670","name":"Nsenganvenga"},{"id":"880678","latitude":"1.10000000","longitude":"10.60000000","name":"Nsengayong"},{"id":"880680","latitude":"1.15000000","longitude":"9.81666670","name":"Nsengbeyem"},{"id":"880681","latitude":"1.03333330","longitude":"10.05000000","name":"Nsenguemiang"},{"id":"880686","latitude":"1.63333330","longitude":"10.40000000","name":"Nsoagono"},{"id":"880691","latitude":"1.11666670","longitude":"10.76666670","name":"Nsogbor"},{"id":"880692","latitude":"1.01666670","longitude":"10.83333330","name":"Nsogmitang"},{"id":"880694","latitude":"1.00000000","longitude":"9.85000000","name":"Nsogobor"},{"id":"880696","latitude":"1.00000000","longitude":"9.85000000","name":"Nsogobot"},{"id":"880699","latitude":"1.53333330","longitude":"10.65000000","name":"Nsokengono"},{"id":"880704","latitude":"1.61666670","longitude":"10.90000000","name":"Nsomo"},{"id":"880709","latitude":"1.03333330","longitude":"11.11666670","name":"Nsumu"},{"id":"880710","latitude":"1.55000000","longitude":"10.76666670","name":"Nsunga"},{"id":"880711","latitude":"1.50000000","longitude":"10.48333330","name":"Nsung"},{"id":"880713","latitude":"1.36666670","longitude":"10.28333330","name":"Ntang"},{"id":"880716","latitude":"1.70000000","longitude":"10.56666670","name":"Nterenga"},{"id":"880718","latitude":"1.70000000","longitude":"10.56666670","name":"Nterga"},{"id":"880720","latitude":"1.56666670","longitude":"10.53333330","name":"Ntobo"},{"id":"880723","latitude":"0.96666670","longitude":"10.00000000","name":"Ntom"},{"id":"880725","latitude":"1.30000000","longitude":"10.91666670","name":"Ntoroayop"},{"id":"880728","latitude":"1.00000000","longitude":"10.01666670","name":"Nueti"},{"id":"880731","latitude":"1.15000000","longitude":"9.83333330","name":"Nuoayong"},{"id":"880732","latitude":"1.56666670","longitude":"10.45000000","name":"Nveayong"},{"id":"880733","latitude":"1.05000000","longitude":"10.06666670","name":"Nvengayong"},{"id":"880736","latitude":"1.13333330","longitude":"10.36666670","name":"Nveng"},{"id":"880738","latitude":"1.03333330","longitude":"10.25000000","name":"Nviayong"},{"id":"880741","latitude":"1.20000000","longitude":"10.50000000","name":"Nvomosi"},{"id":"880746","latitude":"1.81666670","longitude":"10.46666670","name":"Nyong"},{"id":"880749","latitude":"1.25000000","longitude":"11.03333330","name":"Obamicu"},{"id":"880750","latitude":"1.15000000","longitude":"10.38333330","name":"Obandoc"},{"id":"880757","latitude":"1.11666670","longitude":"9.75000000","name":"Ochuma"},{"id":"880758","latitude":"1.11666670","longitude":"9.75000000","name":"Ochumo"},{"id":"880759","latitude":"1.00000000","longitude":"9.90000000","name":"Ocola"},{"id":"880764","latitude":"1.55000000","longitude":"10.46666670","name":"Ocuama"},{"id":"880766","latitude":"1.05000000","longitude":"9.96666670","name":"Ocula"},{"id":"880767","latitude":"1.11666670","longitude":"9.75000000","name":"Oduma"},{"id":"880772","latitude":"1.05000000","longitude":"10.05000000","name":"Oguede"},{"id":"880773","latitude":"1.08333330","longitude":"10.10000000","name":"Oguom"},{"id":"880775","latitude":"1.08333330","longitude":"10.10000000","name":"Oguor"},{"id":"880776","latitude":"1.08333330","longitude":"10.11666670","name":"Okeba"},{"id":"880778","latitude":"1.08333330","longitude":"10.11666670","name":"Okeva"},{"id":"880781","latitude":"1.00000000","longitude":"9.90000000","name":"Okola"},{"id":"880787","latitude":"1.05000000","longitude":"9.96666670","name":"Okula"},{"id":"880788","latitude":"1.13333330","longitude":"10.51666670","name":"Oleadyop"},{"id":"880791","latitude":"1.33333330","longitude":"10.88333330","name":"Olong"},{"id":"880799","latitude":"1.56666670","longitude":"10.36666670","name":"Omongueng"},{"id":"880800","latitude":"1.85000000","longitude":"10.50000000","name":"Omonguen"},{"id":"880802","latitude":"1.11666670","longitude":"9.80000000","name":"Ondeng"},{"id":"880808","latitude":"1.03333330","longitude":"10.03333330","name":"Ononebele"},{"id":"880811","latitude":"1.03333330","longitude":"10.03333330","name":"Ononobere"},{"id":"880814","latitude":"1.71666670","longitude":"10.35000000","name":"Onucanvim"},{"id":"880820","latitude":"1.73333330","longitude":"10.61666670","name":"Osuaayong"},{"id":"880821","latitude":"1.73333330","longitude":"10.61666670","name":"Osuallong"},{"id":"880828","latitude":"1.60000000","longitude":"10.33333330","name":"Otong"},{"id":"880831","latitude":"1.33333330","longitude":"10.23333330","name":"Ouormacoc"},{"id":"880832","latitude":"1.18333330","longitude":"10.43333330","name":"Ouor"},{"id":"880834","latitude":"1.15000000","longitude":"10.38333330","name":"Ovandoc"},{"id":"880837","latitude":"1.06666670","longitude":"10.61666670","name":"Ovengasi"},{"id":"880838","latitude":"1.08333330","longitude":"10.75000000","name":"Oveng"},{"id":"880843","latitude":"1.08333330","longitude":"10.75000000","name":"Oweng"},{"id":"880845","latitude":"1.61666670","longitude":"10.83333330","name":"Oyala"},{"id":"880848","latitude":"1.01666670","longitude":"10.05000000","name":"Oyem"},{"id":"880858","latitude":"1.08333330","longitude":"9.70000000","name":"Puerto Iradier"},{"id":"880883","latitude":"1.15000000","longitude":"10.48333330","name":"San Antonio"},{"id":"880887","latitude":"1.05000000","longitude":"10.68333330","name":"San Carlos"},{"id":"880904","latitude":"1.18333330","longitude":"9.86666670","name":"Santa Mar\u00eda"},{"id":"880914","latitude":"1.41666670","longitude":"10.58333330","name":"Sengayong"},{"id":"880921","latitude":"0.98333330","longitude":"10.01666670","name":"Sogodyam"},{"id":"880922","latitude":"1.06666670","longitude":"10.73333330","name":"Sogo"},{"id":"880928","latitude":"0.98333330","longitude":"11.06666670","name":"S\u00faa"},{"id":"880929","latitude":"0.98333330","longitude":"10.01666670","name":"Sugocham"},{"id":"880930","latitude":"0.96666670","longitude":"10.00000000","name":"Tec"},{"id":"880931","latitude":"1.33333330","longitude":"10.28333330","name":"Tegaete"},{"id":"880933","latitude":"1.33333330","longitude":"10.28333330","name":"Teguete"},{"id":"880934","latitude":"0.96666670","longitude":"10.00000000","name":"Tek"},{"id":"880938","latitude":"1.56666670","longitude":"10.38333330","name":"Tobo"},{"id":"880939","latitude":"1.08333330","longitude":"9.70000000","name":"Toledo"},{"id":"880941","latitude":"1.26666670","longitude":"10.71666670","name":"Tom"},{"id":"880945","latitude":"1.80000000","longitude":"10.61666670","name":"Too"},{"id":"880965","latitude":"1.11666670","longitude":"9.76666670","name":"Vabe"},{"id":"880973","latitude":"1.11666670","longitude":"10.58333330","name":"Yama"},{"id":"880977","latitude":"1.80000000","longitude":"10.63333330","name":"Yecuo"},{"id":"880978","latitude":"1.30000000","longitude":"10.71666670","name":"Yemven"},{"id":"880979","latitude":"1.41666670","longitude":"10.95000000","name":"Yem"},{"id":"880983","latitude":"1.58333330","longitude":"10.56666670","name":"Yen"},{"id":"880985","latitude":"1.03333330","longitude":"10.60000000","name":"Yiemvena"},{"id":"880991","latitude":"1.16666670","longitude":"9.78333330","name":"Yose"},{"id":"880995","latitude":"1.20000000","longitude":"9.85000000","name":"Zaragoza"}]