[{"id":"878717","latitude":"1.83333330","longitude":"10.86666670","name":"Abam"},{"id":"878718","latitude":"1.83333330","longitude":"10.86666670","name":"Aban"},{"id":"878721","latitude":"2.15000000","longitude":"11.06666670","name":"Abanengui"},{"id":"878725","latitude":"1.83333330","longitude":"10.70000000","name":"Abang"},{"id":"878727","latitude":"1.91666670","longitude":"10.83333330","name":"Abeayop"},{"id":"878728","latitude":"2.00000000","longitude":"11.33333330","name":"Abebai\u00f1"},{"id":"878731","latitude":"1.88333330","longitude":"10.41666670","name":"Abenelang"},{"id":"878741","latitude":"1.90000000","longitude":"11.18333330","name":"Abiara"},{"id":"878745","latitude":"1.96666670","longitude":"10.35000000","name":"Abomdama"},{"id":"878746","latitude":"1.96666670","longitude":"10.35000000","name":"Abomedamo"},{"id":"878747","latitude":"2.00000000","longitude":"10.78333330","name":"Abomendama"},{"id":"878749","latitude":"2.10000000","longitude":"11.25000000","name":"Abon"},{"id":"878754","latitude":"1.88333330","longitude":"10.35000000","name":"Abumbem"},{"id":"878759","latitude":"1.85000000","longitude":"10.78333330","name":"Acaasi"},{"id":"878766","latitude":"1.86666670","longitude":"10.68333330","name":"Acam"},{"id":"878774","latitude":"1.85000000","longitude":"10.71666670","name":"Achap"},{"id":"878775","latitude":"1.91666670","longitude":"10.41666670","name":"Achebe-Biyong"},{"id":"878783","latitude":"1.81666670","longitude":"10.26666670","name":"Acoc"},{"id":"878789","latitude":"1.90000000","longitude":"10.78333330","name":"Acoga"},{"id":"878792","latitude":"1.75000000","longitude":"10.20000000","name":"Acom"},{"id":"878796","latitude":"1.78333330","longitude":"10.86666670","name":"Acon"},{"id":"878798","latitude":"1.78333330","longitude":"10.28333330","name":"Aconangu\u00ed"},{"id":"878799","latitude":"1.95000000","longitude":"10.38333330","name":"Aconcemento"},{"id":"878804","latitude":"2.11666670","longitude":"10.98333330","name":"Aconeki\u00e9n"},{"id":"878811","latitude":"1.93333330","longitude":"10.45000000","name":"Acot"},{"id":"878812","latitude":"1.83333330","longitude":"10.73333330","name":"Acueton"},{"id":"878814","latitude":"2.03333330","longitude":"10.86666670","name":"Acunse"},{"id":"878821","latitude":"1.91666670","longitude":"10.31666670","name":"Acuse"},{"id":"878825","latitude":"1.96666670","longitude":"11.21666670","name":"Adurelan"},{"id":"878826","latitude":"1.93333330","longitude":"10.88333330","name":"Adurelang"},{"id":"878830","latitude":"1.85000000","longitude":"10.71666670","name":"Adyap"},{"id":"878834","latitude":"1.91666670","longitude":"10.41666670","name":"Adyebe"},{"id":"878847","latitude":"2.15000000","longitude":"10.95000000","name":"Afanangui"},{"id":"878848","latitude":"2.13333330","longitude":"10.85000000","name":"Afanebang"},{"id":"878849","latitude":"2.15000000","longitude":"10.95000000","name":"Afanengui"},{"id":"878854","latitude":"1.98333330","longitude":"11.33333330","name":"Afommanchim"},{"id":"878858","latitude":"1.91666670","longitude":"10.65000000","name":"Ajene"},{"id":"878864","latitude":"1.86666670","longitude":"10.68333330","name":"Akam"},{"id":"878870","latitude":"1.90000000","longitude":"10.71666670","name":"Akinebitom"},{"id":"878872","latitude":"1.90000000","longitude":"10.78333330","name":"Akoga"},{"id":"878875","latitude":"1.81666670","longitude":"10.26666670","name":"Akok"},{"id":"878878","latitude":"1.93333330","longitude":"10.80000000","name":"Akom"},{"id":"878884","latitude":"2.08333330","longitude":"11.31666670","name":"Akoo"},{"id":"878888","latitude":"1.85000000","longitude":"10.71666670","name":"Akostom-Mikueme"},{"id":"878895","latitude":"2.03333330","longitude":"10.86666670","name":"Akuse"},{"id":"878898","latitude":"1.83333330","longitude":"10.26666670","name":"Alarmitang"},{"id":"878903","latitude":"1.90000000","longitude":"10.75000000","name":"Alen"},{"id":"878907","latitude":"1.96666670","longitude":"10.40000000","name":"Alogoecog"},{"id":"878910","latitude":"2.06666670","longitude":"11.31666670","name":"Alon"},{"id":"878914","latitude":"1.96666670","longitude":"10.16666670","name":"Alum"},{"id":"878923","latitude":"1.98333330","longitude":"10.86666670","name":"Amvam"},{"id":"878925","latitude":"1.98333330","longitude":"10.86666670","name":"Amvamg"},{"id":"878930","latitude":"1.86666670","longitude":"10.70000000","name":"Andoc"},{"id":"878932","latitude":"2.00000000","longitude":"10.43333330","name":"Andok"},{"id":"878934","latitude":"1.88333330","longitude":"10.50000000","name":"Andom"},{"id":"878936","latitude":"2.03333330","longitude":"10.96666670","name":"Andon"},{"id":"878942","latitude":"1.91666670","longitude":"11.23333330","name":"Angoc"},{"id":"878943","latitude":"2.01666670","longitude":"11.23333330","name":"Angomayop"},{"id":"878947","latitude":"1.81666670","longitude":"10.75000000","name":"Angonoveng"},{"id":"878948","latitude":"1.81666670","longitude":"10.75000000","name":"Angonuain"},{"id":"878953","latitude":"2.03333330","longitude":"10.16666670","name":"Anguma"},{"id":"878956","latitude":"1.85000000","longitude":"10.76666670","name":"A\u00f1isoc"},{"id":"878959","latitude":"1.85000000","longitude":"10.76666670","name":"A\u00f1isok"},{"id":"878979","latitude":"2.06666670","longitude":"11.21666670","name":"Asang"},{"id":"878980","latitude":"1.83333330","longitude":"10.75000000","name":"Asasi"},{"id":"878982","latitude":"2.08333330","longitude":"11.31666670","name":"Asem"},{"id":"878984","latitude":"2.15000000","longitude":"11.03333330","name":"Asemosi"},{"id":"878988","latitude":"2.15000000","longitude":"11.03333330","name":"Aseosi"},{"id":"878994","latitude":"1.86666670","longitude":"10.18333330","name":"Asoc"},{"id":"879007","latitude":"1.98333330","longitude":"11.33333330","name":"Asok"},{"id":"879014","latitude":"2.06666670","longitude":"11.21666670","name":"Asoung"},{"id":"879016","latitude":"2.10000000","longitude":"10.83333330","name":"Asuiabe"},{"id":"879018","latitude":"2.06666670","longitude":"11.21666670","name":"Asung"},{"id":"879019","latitude":"2.01666670","longitude":"10.05000000","name":"Atoasoc"},{"id":"879020","latitude":"2.01666670","longitude":"10.05000000","name":"Atok Nsok"},{"id":"879022","latitude":"2.15000000","longitude":"11.03333330","name":"Atom"},{"id":"879024","latitude":"2.15000000","longitude":"11.03333330","name":"Aton"},{"id":"879026","latitude":"1.88333330","longitude":"11.31666670","name":"Atut"},{"id":"879031","latitude":"1.88333330","longitude":"11.13333330","name":"Avam"},{"id":"879032","latitude":"1.90000000","longitude":"10.36666670","name":"Avang"},{"id":"879039","latitude":"1.93333330","longitude":"10.83333330","name":"Ayaaman"},{"id":"879040","latitude":"2.08333330","longitude":"10.43333330","name":"Ayaamang"},{"id":"879041","latitude":"2.05000000","longitude":"10.85000000","name":"Aya'amvela"},{"id":"879042","latitude":"2.05000000","longitude":"10.85000000","name":"Ayaamvele"},{"id":"879043","latitude":"1.96666670","longitude":"10.40000000","name":"Ayaantang"},{"id":"879056","latitude":"2.08333330","longitude":"10.43333330","name":"Ayakmang"},{"id":"879059","latitude":"2.11666670","longitude":"10.01666670","name":"Ayamiken"},{"id":"879060","latitude":"2.11666670","longitude":"10.01666670","name":"Aya'miteng"},{"id":"879065","latitude":"1.96666670","longitude":"10.40000000","name":"Aya`ntang"},{"id":"879067","latitude":"2.00000000","longitude":"10.45000000","name":"Ayap"},{"id":"879069","latitude":"2.13333330","longitude":"10.65000000","name":"Ayap-Ngo"},{"id":"879077","latitude":"1.86666670","longitude":"10.70000000","name":"Ayene"},{"id":"879079","latitude":"1.86666670","longitude":"10.70000000","name":"Ayene-Enduguensan"},{"id":"879082","latitude":"2.03333330","longitude":"11.06666670","name":"Ayuen"},{"id":"879102","latitude":"2.06666670","longitude":"10.48333330","name":"Bame"},{"id":"879108","latitude":"2.15000000","longitude":"10.81666670","name":"Banga"},{"id":"879110","latitude":"2.15000000","longitude":"10.81666670","name":"Bang"},{"id":"879150","latitude":"2.15000000","longitude":"10.81666670","name":"Beayop"},{"id":"879151","latitude":"2.13333330","longitude":"11.10000000","name":"Be"},{"id":"879154","latitude":"2.05000000","longitude":"10.58333330","name":"Bebulu"},{"id":"879156","latitude":"2.15000000","longitude":"11.08333330","name":"Bedoum"},{"id":"879157","latitude":"2.15000000","longitude":"11.08333330","name":"Bedoumo"},{"id":"879160","latitude":"2.15000000","longitude":"11.08333330","name":"Bedum"},{"id":"879161","latitude":"2.15000000","longitude":"11.08333330","name":"Bedumo"},{"id":"879163","latitude":"2.13333330","longitude":"11.10000000","name":"Bee"},{"id":"879183","latitude":"2.05000000","longitude":"10.21666670","name":"Besabeba"},{"id":"879184","latitude":"1.85000000","longitude":"10.08333330","name":"Besongo"},{"id":"879195","latitude":"1.86666670","longitude":"10.60000000","name":"Bibain"},{"id":"879196","latitude":"1.91666670","longitude":"10.85000000","name":"Bibara"},{"id":"879198","latitude":"2.03333330","longitude":"10.38333330","name":"Bibe"},{"id":"879200","latitude":"1.86666670","longitude":"10.60000000","name":"Bibei\u00f1"},{"id":"879201","latitude":"2.05000000","longitude":"11.20000000","name":"Bibe\u00f1"},{"id":"879207","latitude":"2.08333330","longitude":"10.70000000","name":"Bibulubam"},{"id":"879208","latitude":"2.05000000","longitude":"10.58333330","name":"Bibulu"},{"id":"879210","latitude":"1.78333330","longitude":"10.28333330","name":"Bicaba"},{"id":"879212","latitude":"1.93333330","longitude":"10.73333330","name":"Bicat"},{"id":"879213","latitude":"2.16666670","longitude":"11.15000000","name":"Bichabichan"},{"id":"879222","latitude":"1.85000000","longitude":"10.83333330","name":"Bicugo"},{"id":"879229","latitude":"2.05000000","longitude":"11.00000000","name":"Bidobo"},{"id":"879235","latitude":"2.06666670","longitude":"9.98333330","name":"Biduangona"},{"id":"879240","latitude":"2.06666670","longitude":"11.26666670","name":"Bifee"},{"id":"879241","latitude":"2.06666670","longitude":"11.26666670","name":"Bifet"},{"id":"879245","latitude":"1.78333330","longitude":"10.20000000","name":"Biguoba"},{"id":"879247","latitude":"2.13333330","longitude":"10.21666670","name":"Biion"},{"id":"879249","latitude":"1.78333330","longitude":"10.28333330","name":"Bikaba"},{"id":"879252","latitude":"1.85000000","longitude":"10.83333330","name":"Bikugo"},{"id":"879257","latitude":"1.95000000","longitude":"10.38333330","name":"Bilen"},{"id":"879263","latitude":"1.93333330","longitude":"10.40000000","name":"Bilon"},{"id":"879265","latitude":"2.05000000","longitude":"10.48333330","name":"Bilont"},{"id":"879268","latitude":"1.86666670","longitude":"11.10000000","name":"Bindele"},{"id":"879290","latitude":"1.96666670","longitude":"11.23333330","name":"Biok"},{"id":"879292","latitude":"2.10000000","longitude":"10.80000000","name":"Bisabat"},{"id":"879298","latitude":"1.90000000","longitude":"10.66666670","name":"Bisobinam"},{"id":"879301","latitude":"1.96666670","longitude":"10.28333330","name":"Bisobinbong"},{"id":"879305","latitude":"2.03333330","longitude":"11.31666670","name":"Bison"},{"id":"879307","latitude":"2.00000000","longitude":"11.33333330","name":"Bisong"},{"id":"879311","latitude":"2.01666670","longitude":"10.21666670","name":"Bisun"},{"id":"879312","latitude":"2.00000000","longitude":"11.26666670","name":"Bitet"},{"id":"879316","latitude":"2.16666670","longitude":"11.15000000","name":"Biyabiyan"},{"id":"879320","latitude":"2.01666670","longitude":"10.35000000","name":"Bocondo"},{"id":"879333","latitude":"2.21666670","longitude":"9.86666670","name":"Bolando"},{"id":"879352","latitude":"1.96666670","longitude":"10.50000000","name":"Bono"},{"id":"879358","latitude":"1.85000000","longitude":"10.08333330","name":"Bosoong"},{"id":"879363","latitude":"2.31666670","longitude":"9.80000000","name":"Buabe"},{"id":"879364","latitude":"2.05000000","longitude":"10.58333330","name":"Bubulu"},{"id":"879373","latitude":"2.08333330","longitude":"10.45000000","name":"Cam"},{"id":"879381","latitude":"2.08333330","longitude":"10.70000000","name":"Charman"},{"id":"879401","latitude":"2.16666670","longitude":"11.21666670","name":"Cono"},{"id":"879412","latitude":"1.93333330","longitude":"10.51666670","name":"Cunoguono"},{"id":"879414","latitude":"2.00000000","longitude":"11.31666670","name":"Dalama"},{"id":"879421","latitude":"2.23333330","longitude":"9.88333330","name":"Dipicar"},{"id":"879422","latitude":"2.13333330","longitude":"11.30000000","name":"Djobete"},{"id":"879426","latitude":"1.95000000","longitude":"10.38333330","name":"Dumandui"},{"id":"879428","latitude":"1.95000000","longitude":"10.38333330","name":"Dumandui\u00f1"},{"id":"879429","latitude":"2.01666670","longitude":"11.26666670","name":"Dumanduy"},{"id":"879431","latitude":"2.01666670","longitude":"10.91666670","name":"Dum"},{"id":"879440","latitude":"1.85000000","longitude":"10.21666670","name":"Ebai\u00f1"},{"id":"879445","latitude":"2.11666670","longitude":"9.96666670","name":"Ebam"},{"id":"879450","latitude":"1.93333330","longitude":"11.23333330","name":"Ebang"},{"id":"879453","latitude":"1.95000000","longitude":"10.26666670","name":"Ebansoc"},{"id":"879454","latitude":"1.75000000","longitude":"10.13333330","name":"Ebansok"},{"id":"879456","latitude":"1.75000000","longitude":"10.13333330","name":"Ebasoc"},{"id":"879457","latitude":"1.93333330","longitude":"11.28333330","name":"Ebay"},{"id":"879461","latitude":"2.15000000","longitude":"11.33333330","name":"Ebebiy\u00edn"},{"id":"879462","latitude":"1.93333330","longitude":"11.28333330","name":"Ebe"},{"id":"879463","latitude":"1.85000000","longitude":"10.21666670","name":"Ebei\u00f1"},{"id":"879465","latitude":"2.13333330","longitude":"10.53333330","name":"Ebemayong"},{"id":"879467","latitude":"2.03333330","longitude":"10.43333330","name":"Ebengon"},{"id":"879472","latitude":"1.73333330","longitude":"10.15000000","name":"Ebiane"},{"id":"879473","latitude":"2.15000000","longitude":"11.33333330","name":"Ebibeyin"},{"id":"879474","latitude":"2.15000000","longitude":"11.33333330","name":"Ebibeying"},{"id":"879476","latitude":"2.15000000","longitude":"10.45000000","name":"Ebiengon"},{"id":"879482","latitude":"2.10000000","longitude":"11.08333330","name":"Eboamvam"},{"id":"879484","latitude":"1.88333330","longitude":"11.15000000","name":"Ebo"},{"id":"879489","latitude":"1.88333330","longitude":"11.15000000","name":"Ebom"},{"id":"879500","latitude":"1.86666670","longitude":"10.58333330","name":"Ebongo"},{"id":"879509","latitude":"2.13333330","longitude":"10.75000000","name":"Echam"},{"id":"879515","latitude":"1.95000000","longitude":"11.11666670","name":"Ecoguon"},{"id":"879518","latitude":"1.95000000","longitude":"11.11666670","name":"Ecoguong"},{"id":"879519","latitude":"2.10000000","longitude":"10.38333330","name":"Econeguon"},{"id":"879520","latitude":"2.08333330","longitude":"11.31666670","name":"Ecoo"},{"id":"879524","latitude":"2.03333330","longitude":"10.95000000","name":"Ecuc"},{"id":"879529","latitude":"1.86666670","longitude":"10.81666670","name":"Ecumdum"},{"id":"879530","latitude":"1.96666670","longitude":"10.28333330","name":"Ecumebe\u00f1"},{"id":"879532","latitude":"2.08333330","longitude":"11.31666670","name":"Ecuon"},{"id":"879539","latitude":"1.86666670","longitude":"10.20000000","name":"Edum"},{"id":"879542","latitude":"1.85000000","longitude":"10.70000000","name":"Edumzam"},{"id":"879543","latitude":"2.06666670","longitude":"10.28333330","name":"Edyomeete"},{"id":"879548","latitude":"1.91666670","longitude":"10.63333330","name":"Efulan-Ayene"},{"id":"879550","latitude":"1.88333330","longitude":"10.26666670","name":"Efulan"},{"id":"879555","latitude":"2.13333330","longitude":"10.93333330","name":"Egon"},{"id":"879556","latitude":"2.01666670","longitude":"10.96666670","name":"Eguom"},{"id":"879558","latitude":"2.00000000","longitude":"10.96666670","name":"Eguong"},{"id":"879559","latitude":"2.13333330","longitude":"10.93333330","name":"Eguong-Niemayong"},{"id":"879560","latitude":"2.00000000","longitude":"10.96666670","name":"Eguong Nsang"},{"id":"879565","latitude":"1.98333330","longitude":"10.61666670","name":"Eko'guong"},{"id":"879567","latitude":"1.95000000","longitude":"11.11666670","name":"Ekowong"},{"id":"879571","latitude":"2.03333330","longitude":"10.95000000","name":"Ekuk"},{"id":"879574","latitude":"1.86666670","longitude":"10.81666670","name":"Ekumdum"},{"id":"879575","latitude":"1.96666670","longitude":"10.28333330","name":"Ekumebain"},{"id":"879579","latitude":"2.05000000","longitude":"10.48333330","name":"Elat"},{"id":"879580","latitude":"1.90000000","longitude":"10.53333330","name":"Elebelaba"},{"id":"879588","latitude":"1.80000000","longitude":"10.11666670","name":"Elong"},{"id":"879598","latitude":"1.96666670","longitude":"10.40000000","name":"Emaraboc"},{"id":"879599","latitude":"1.86666670","longitude":"10.75000000","name":"Embiert"},{"id":"879601","latitude":"1.96666670","longitude":"10.40000000","name":"Emorabok"},{"id":"879612","latitude":"1.96666670","longitude":"10.26666670","name":"Endenden"},{"id":"879614","latitude":"1.93333330","longitude":"10.45000000","name":"E\u00f1eng"},{"id":"879619","latitude":"1.88333330","longitude":"10.28333330","name":"Engong"},{"id":"879623","latitude":"1.83333330","longitude":"10.11666670","name":"Eniacugu"},{"id":"879626","latitude":"2.16666670","longitude":"11.10000000","name":"Enigaco"},{"id":"879630","latitude":"2.16666670","longitude":"11.10000000","name":"Eningako"},{"id":"879631","latitude":"2.13333330","longitude":"10.86666670","name":"Enoc"},{"id":"879633","latitude":"2.13333330","longitude":"10.86666670","name":"Enok"},{"id":"879636","latitude":"1.91666670","longitude":"10.53333330","name":"Ensalga"},{"id":"879637","latitude":"2.03333330","longitude":"10.93333330","name":"Ensang"},{"id":"879647","latitude":"2.23333330","longitude":"9.86666670","name":"Epole"},{"id":"879649","latitude":"2.13333330","longitude":"10.93333330","name":"Esalan"},{"id":"879652","latitude":"2.03333330","longitude":"10.15000000","name":"Esantua"},{"id":"879655","latitude":"1.95000000","longitude":"11.01666670","name":"Eson"},{"id":"879659","latitude":"1.88333330","longitude":"11.21666670","name":"Esong"},{"id":"879667","latitude":"1.90000000","longitude":"11.33333330","name":"Eteete"},{"id":"879668","latitude":"1.88333330","longitude":"11.26666670","name":"Eteguevei\u00f1"},{"id":"879671","latitude":"1.88333330","longitude":"11.26666670","name":"Eteoveng"},{"id":"879672","latitude":"1.90000000","longitude":"11.33333330","name":"Etete"},{"id":"879679","latitude":"2.05000000","longitude":"11.25000000","name":"Eton"},{"id":"879686","latitude":"2.05000000","longitude":"11.11666670","name":"Evaa"},{"id":"879689","latitude":"1.96666670","longitude":"10.51666670","name":"Evansoc"},{"id":"879694","latitude":"1.93333330","longitude":"11.08333330","name":"Eves"},{"id":"879703","latitude":"2.05000000","longitude":"10.48333330","name":"Evocuon"},{"id":"879705","latitude":"1.86666670","longitude":"10.45000000","name":"Evodulu"},{"id":"879714","latitude":"2.33333330","longitude":"9.81666670","name":"Eyabe"},{"id":"879726","latitude":"2.03333330","longitude":"11.06666670","name":"Eyen"},{"id":"879727","latitude":"1.90000000","longitude":"11.30000000","name":"Eyina"},{"id":"879729","latitude":"1.91666670","longitude":"10.96666670","name":"Eyom"},{"id":"879741","latitude":"1.83333330","longitude":"10.13333330","name":"Fublia"},{"id":"879769","latitude":"2.33333330","longitude":"9.83333330","name":"Ilende"},{"id":"879781","latitude":"2.08333330","longitude":"10.45000000","name":"Kam"},{"id":"879786","latitude":"1.95000000","longitude":"10.56666670","name":"Kinbendag"},{"id":"879799","latitude":"1.93333330","longitude":"10.51666670","name":"Kunoguono"},{"id":"879819","latitude":"1.91666670","longitude":"11.00000000","name":"Long"},{"id":"879824","latitude":"2.13333330","longitude":"10.16666670","name":"Maan"},{"id":"879825","latitude":"1.93333330","longitude":"11.26666670","name":"Mabai\u00f1"},{"id":"879829","latitude":"1.85000000","longitude":"10.23333330","name":"Mabeg\u00fcele"},{"id":"879830","latitude":"1.85000000","longitude":"10.23333330","name":"Mabe Guolo"},{"id":"879831","latitude":"1.91666670","longitude":"10.46666670","name":"Mabeguolo"},{"id":"879836","latitude":"1.86666670","longitude":"10.81666670","name":"Mabere"},{"id":"879838","latitude":"1.91666670","longitude":"10.63333330","name":"Mabesan"},{"id":"879839","latitude":"2.16666670","longitude":"11.23333330","name":"Maboe"},{"id":"879840","latitude":"1.91666670","longitude":"10.76666670","name":"Mabo"},{"id":"879841","latitude":"1.93333330","longitude":"11.23333330","name":"Mabomo"},{"id":"879844","latitude":"2.16666670","longitude":"11.23333330","name":"Mabue"},{"id":"879848","latitude":"2.11666670","longitude":"11.16666670","name":"Macac"},{"id":"879857","latitude":"1.83333330","longitude":"10.75000000","name":"Macoc"},{"id":"879860","latitude":"1.98333330","longitude":"11.16666670","name":"Macoga"},{"id":"879863","latitude":"2.13333330","longitude":"10.66666670","name":"Macogu"},{"id":"879864","latitude":"1.85000000","longitude":"11.00000000","name":"Macom"},{"id":"879866","latitude":"1.85000000","longitude":"11.08333330","name":"Macomo"},{"id":"879870","latitude":"1.91666670","longitude":"10.73333330","name":"Maconanam"},{"id":"879875","latitude":"2.16666670","longitude":"9.91666670","name":"Macora"},{"id":"879884","latitude":"1.88333330","longitude":"10.65000000","name":"Mae"},{"id":"879891","latitude":"1.91666670","longitude":"10.73333330","name":"Makananam"},{"id":"879893","latitude":"1.98333330","longitude":"11.16666670","name":"Makoga"},{"id":"879896","latitude":"2.05000000","longitude":"11.25000000","name":"Makomo"},{"id":"879899","latitude":"1.91666670","longitude":"10.73333330","name":"Makonanam"},{"id":"879901","latitude":"2.16666670","longitude":"9.91666670","name":"Makora"},{"id":"879902","latitude":"2.13333330","longitude":"10.66666670","name":"Makugo"},{"id":"879909","latitude":"1.95000000","longitude":"11.23333330","name":"Malem"},{"id":"879911","latitude":"1.86666670","longitude":"10.78333330","name":"Malen"},{"id":"879913","latitude":"1.96666670","longitude":"10.83333330","name":"Malen-Malen"},{"id":"879914","latitude":"1.88333330","longitude":"11.36666670","name":"Maloo"},{"id":"879915","latitude":"2.10000000","longitude":"10.35000000","name":"Mame\u00f1i"},{"id":"879917","latitude":"1.90000000","longitude":"10.60000000","name":"Mandame"},{"id":"879918","latitude":"1.93333330","longitude":"10.50000000","name":"Mandoc"},{"id":"879921","latitude":"1.93333330","longitude":"10.50000000","name":"Mandok"},{"id":"879924","latitude":"2.01666670","longitude":"11.18333330","name":"Manduma"},{"id":"879928","latitude":"2.10000000","longitude":"10.35000000","name":"Mane"},{"id":"879931","latitude":"1.95000000","longitude":"11.13333330","name":"Manga"},{"id":"879933","latitude":"2.15000000","longitude":"11.26666670","name":"Mangasi"},{"id":"879941","latitude":"2.15000000","longitude":"11.26666670","name":"Mangs\u00ed"},{"id":"879942","latitude":"1.88333330","longitude":"11.05000000","name":"Mangui"},{"id":"879949","latitude":"1.83333330","longitude":"10.08333330","name":"Ma\u00f1ung"},{"id":"879952","latitude":"1.91666670","longitude":"11.13333330","name":"Masama"},{"id":"879957","latitude":"1.88333330","longitude":"10.56666670","name":"Maseng"},{"id":"879960","latitude":"1.88333330","longitude":"10.56666670","name":"Maseng-Nsamikan"},{"id":"879962","latitude":"2.15000000","longitude":"10.98333330","name":"Masia"},{"id":"879964","latitude":"2.03333330","longitude":"10.46666670","name":"Masoc"},{"id":"879967","latitude":"2.13333330","longitude":"11.30000000","name":"Masomo"},{"id":"879968","latitude":"1.90000000","longitude":"10.70000000","name":"Masseng"},{"id":"879972","latitude":"2.15000000","longitude":"10.15000000","name":"Mataamalong"},{"id":"879988","latitude":"1.90000000","longitude":"10.38333330","name":"Mayala"},{"id":"879994","latitude":"2.06666670","longitude":"10.61666670","name":"Mayos"},{"id":"879996","latitude":"1.90000000","longitude":"10.61666670","name":"Mbamansoc"},{"id":"879997","latitude":"1.90000000","longitude":"10.61666670","name":"Mbamansok"},{"id":"879999","latitude":"1.90000000","longitude":"10.20000000","name":"Mba"},{"id":"880002","latitude":"1.98333330","longitude":"10.43333330","name":"Mbam"},{"id":"880005","latitude":"2.06666670","longitude":"11.03333330","name":"Mbangosi"},{"id":"880006","latitude":"2.06666670","longitude":"11.03333330","name":"Mbangsi"},{"id":"880007","latitude":"1.88333330","longitude":"11.28333330","name":"Mban"},{"id":"880009","latitude":"1.86666670","longitude":"11.10000000","name":"Mbarangun"},{"id":"880010","latitude":"2.06666670","longitude":"11.21666670","name":"Mbaseng"},{"id":"880014","latitude":"2.06666670","longitude":"11.11666670","name":"Mbedumo"},{"id":"880015","latitude":"2.06666670","longitude":"11.11666670","name":"Mbedumu"},{"id":"880021","latitude":"2.11666670","longitude":"10.73333330","name":"Mbe"},{"id":"880024","latitude":"2.06666670","longitude":"10.46666670","name":"Mbeme"},{"id":"880026","latitude":"1.86666670","longitude":"10.75000000","name":"Mbiet"},{"id":"880031","latitude":"2.06666670","longitude":"10.25000000","name":"Mbintang"},{"id":"880040","latitude":"2.01666670","longitude":"11.31666670","name":"Mboma"},{"id":"880043","latitude":"1.95000000","longitude":"10.73333330","name":"Mbominang"},{"id":"880044","latitude":"1.83333330","longitude":"10.70000000","name":"Mbomo"},{"id":"880049","latitude":"2.11666670","longitude":"10.40000000","name":"Mbubui"},{"id":"880050","latitude":"1.90000000","longitude":"10.71666670","name":"Mbubuin"},{"id":"880054","latitude":"1.90000000","longitude":"10.71666670","name":"Mbumbui"},{"id":"880055","latitude":"1.91666670","longitude":"11.16666670","name":"Mbum"},{"id":"880056","latitude":"1.91666670","longitude":"11.16666670","name":"Mbun"},{"id":"880058","latitude":"1.86666670","longitude":"10.68333330","name":"Mbut"},{"id":"880062","latitude":"1.98333330","longitude":"10.00000000","name":"Mebang"},{"id":"880064","latitude":"2.13333330","longitude":"10.03333330","name":"Mebing"},{"id":"880071","latitude":"2.11666670","longitude":"11.30000000","name":"Mefeng"},{"id":"880076","latitude":"2.13333330","longitude":"10.61666670","name":"Mekomeseng"},{"id":"880077","latitude":"1.91666670","longitude":"11.26666670","name":"Melang"},{"id":"880080","latitude":"2.11666670","longitude":"11.18333330","name":"Melele"},{"id":"880081","latitude":"2.11666670","longitude":"11.18333330","name":"Melel"},{"id":"880082","latitude":"2.06666670","longitude":"11.11666670","name":"Melen"},{"id":"880089","latitude":"1.98333330","longitude":"10.00000000","name":"Membang"},{"id":"880090","latitude":"2.16666670","longitude":"11.30000000","name":"Menang"},{"id":"880096","latitude":"2.10000000","longitude":"11.30000000","name":"Mengui"},{"id":"880099","latitude":"2.15000000","longitude":"11.26666670","name":"Mesaa"},{"id":"880101","latitude":"1.90000000","longitude":"10.70000000","name":"Meseng"},{"id":"880103","latitude":"2.15000000","longitude":"10.98333330","name":"Mesi\u00e1"},{"id":"880105","latitude":"1.81666670","longitude":"10.75000000","name":"Mesomoboc"},{"id":"880107","latitude":"2.11666670","longitude":"11.18333330","name":"Metel"},{"id":"880112","latitude":"2.05000000","longitude":"10.96666670","name":"Meyec"},{"id":"880115","latitude":"1.86666670","longitude":"10.78333330","name":"Mfaman"},{"id":"880118","latitude":"1.93333330","longitude":"10.58333330","name":"Mfan\u00e1"},{"id":"880121","latitude":"2.03333330","longitude":"10.86666670","name":"Mfeme"},{"id":"880122","latitude":"1.86666670","longitude":"11.05000000","name":"Mfene"},{"id":"880124","latitude":"1.88333330","longitude":"11.35000000","name":"Mf\u00faa"},{"id":"880125","latitude":"1.86666670","longitude":"10.98333330","name":"Mfui"},{"id":"880126","latitude":"1.86666670","longitude":"10.98333330","name":"Mfui\u00f1"},{"id":"880127","latitude":"1.96666670","longitude":"10.40000000","name":"Mfulacom"},{"id":"880128","latitude":"2.15000000","longitude":"10.48333330","name":"Mfulacon"},{"id":"880129","latitude":"1.96666670","longitude":"10.40000000","name":"Mfulakom"},{"id":"880131","latitude":"1.96666670","longitude":"10.60000000","name":"Mfulayong"},{"id":"880140","latitude":"1.80000000","longitude":"10.21666670","name":"Mibamenga"},{"id":"880141","latitude":"1.86666670","longitude":"10.58333330","name":"Miba-Menga"},{"id":"880143","latitude":"1.86666670","longitude":"10.58333330","name":"Mibaminga"},{"id":"880145","latitude":"1.93333330","longitude":"10.46666670","name":"Mibammangui"},{"id":"880149","latitude":"2.00000000","longitude":"10.51666670","name":"Mibe"},{"id":"880157","latitude":"2.01666670","longitude":"10.75000000","name":"Micheng"},{"id":"880159","latitude":"1.90000000","longitude":"10.68333330","name":"Michimiton"},{"id":"880163","latitude":"2.13333330","longitude":"10.61666670","name":"Micomeseng"},{"id":"880166","latitude":"1.91666670","longitude":"11.03333330","name":"Mico"},{"id":"880170","latitude":"1.85000000","longitude":"10.71666670","name":"Micueme"},{"id":"880172","latitude":"2.01666670","longitude":"10.75000000","name":"Midjeng"},{"id":"880177","latitude":"1.90000000","longitude":"10.68333330","name":"Midyimitom"},{"id":"880178","latitude":"2.13333330","longitude":"10.83333330","name":"Midyimit\u00f3n"},{"id":"880180","latitude":"1.75000000","longitude":"10.16666670","name":"Midyobo"},{"id":"880185","latitude":"2.13333330","longitude":"10.61666670","name":"Mikamesen"},{"id":"880187","latitude":"2.13333330","longitude":"10.61666670","name":"Mikomeseng"},{"id":"880188","latitude":"2.13333330","longitude":"10.61666670","name":"Mikomesen"},{"id":"880192","latitude":"1.91666670","longitude":"11.03333330","name":"Mikoo"},{"id":"880193","latitude":"1.91666670","longitude":"11.26666670","name":"Milang"},{"id":"880198","latitude":"1.93333330","longitude":"10.46666670","name":"Mimbamengui"},{"id":"880202","latitude":"2.10000000","longitude":"10.53333330","name":"Minbamengui"},{"id":"880206","latitude":"2.11666670","longitude":"11.03333330","name":"Mindyimitom"},{"id":"880209","latitude":"1.93333330","longitude":"10.88333330","name":"Mi\u00f1omo"},{"id":"880213","latitude":"2.15000000","longitude":"11.26666670","name":"Mis\u00e1a"},{"id":"880230","latitude":"1.75000000","longitude":"10.16666670","name":"Miyobo"},{"id":"880234","latitude":"2.11666670","longitude":"11.05000000","name":"Mocoa"},{"id":"880236","latitude":"2.08333330","longitude":"11.11666670","name":"Mocoamongona"},{"id":"880240","latitude":"1.93333330","longitude":"11.33333330","name":"Mocomo"},{"id":"880243","latitude":"2.13333330","longitude":"10.01666670","name":"Mocuu"},{"id":"880247","latitude":"2.01666670","longitude":"10.38333330","name":"Mofui"},{"id":"880253","latitude":"2.06666670","longitude":"10.50000000","name":"Mogup"},{"id":"880256","latitude":"1.83333330","longitude":"10.75000000","name":"Mokok"},{"id":"880257","latitude":"2.01666670","longitude":"10.95000000","name":"Mokom"},{"id":"880260","latitude":"1.85000000","longitude":"11.08333330","name":"Mokomo"},{"id":"880267","latitude":"1.78333330","longitude":"10.28333330","name":"Mondoc"},{"id":"880269","latitude":"1.90000000","longitude":"10.65000000","name":"Mondoo"},{"id":"880275","latitude":"1.86666670","longitude":"10.15000000","name":"Mong\u00f3"},{"id":"880276","latitude":"1.91666670","longitude":"11.16666670","name":"Mongomo-Ngoc"},{"id":"880281","latitude":"1.83333330","longitude":"10.08333330","name":"Mo\u00f1ung"},{"id":"880282","latitude":"2.08333330","longitude":"11.20000000","name":"Mony\u00f3"},{"id":"880286","latitude":"2.03333330","longitude":"10.46666670","name":"Mosok"},{"id":"880293","latitude":"2.01666670","longitude":"10.38333330","name":"Motui"},{"id":"880294","latitude":"1.90000000","longitude":"10.20000000","name":"Motuin"},{"id":"880298","latitude":"1.93333330","longitude":"10.48333330","name":"Movo"},{"id":"880300","latitude":"2.08333330","longitude":"11.20000000","name":"Moy\u00f3"},{"id":"880301","latitude":"2.06666670","longitude":"10.61666670","name":"Moyos"},{"id":"880302","latitude":"2.06666670","longitude":"10.50000000","name":"Moyup"},{"id":"880307","latitude":"2.11666670","longitude":"10.66666670","name":"Musoc"},{"id":"880313","latitude":"1.95000000","longitude":"10.80000000","name":"Mvengayong"},{"id":"880320","latitude":"1.75000000","longitude":"10.16666670","name":"Mvometom"},{"id":"880321","latitude":"1.88333330","longitude":"10.28333330","name":"Mvom"},{"id":"880323","latitude":"1.83333330","longitude":"10.70000000","name":"Mvomo"},{"id":"880326","latitude":"1.95000000","longitude":"10.63333330","name":"Mvongo"},{"id":"880327","latitude":"1.90000000","longitude":"10.30000000","name":"Mvubu"},{"id":"880329","latitude":"1.83333330","longitude":"10.75000000","name":"Name\u00f1u"},{"id":"880337","latitude":"2.08333330","longitude":"10.41666670","name":"Nbona"},{"id":"880340","latitude":"1.86666670","longitude":"10.26666670","name":"Nbubui"},{"id":"880342","latitude":"1.91666670","longitude":"10.93333330","name":"Ncama"},{"id":"880347","latitude":"1.90000000","longitude":"10.81666670","name":"Ncan"},{"id":"880348","latitude":"2.08333330","longitude":"11.28333330","name":"Ncasia"},{"id":"880349","latitude":"2.08333330","longitude":"10.70000000","name":"Nchaman"},{"id":"880352","latitude":"1.90000000","longitude":"10.73333330","name":"Nchengbor"},{"id":"880353","latitude":"2.08333330","longitude":"10.45000000","name":"Ncoabang"},{"id":"880357","latitude":"1.91666670","longitude":"10.31666670","name":"Ncoaebe\u00f1"},{"id":"880363","latitude":"2.08333330","longitude":"10.51666670","name":"Ncoambe"},{"id":"880365","latitude":"2.05000000","longitude":"10.58333330","name":"Ncoanen"},{"id":"880367","latitude":"2.06666670","longitude":"10.30000000","name":"Ncoasas"},{"id":"880368","latitude":"2.08333330","longitude":"11.31666670","name":"Ncoasia"},{"id":"880369","latitude":"2.05000000","longitude":"9.96666670","name":"Ncoatom"},{"id":"880371","latitude":"1.98333330","longitude":"10.03333330","name":"Ncobebe\u00f1"},{"id":"880372","latitude":"1.85000000","longitude":"10.13333330","name":"Ncocntono"},{"id":"880374","latitude":"2.10000000","longitude":"10.53333330","name":"Ncoenco"},{"id":"880384","latitude":"2.00000000","longitude":"10.31666670","name":"Ncomacac"},{"id":"880386","latitude":"1.93333330","longitude":"10.60000000","name":"Ncomayang"},{"id":"880388","latitude":"1.95000000","longitude":"10.50000000","name":"Ncomayos"},{"id":"880389","latitude":"2.06666670","longitude":"9.96666670","name":"Ncombia"},{"id":"880390","latitude":"1.81666670","longitude":"10.11666670","name":"Ncomedyi"},{"id":"880393","latitude":"1.86666670","longitude":"10.41666670","name":"Ncomo"},{"id":"880396","latitude":"1.83333330","longitude":"10.73333330","name":"Nco"},{"id":"880400","latitude":"1.95000000","longitude":"10.58333330","name":"Ncorveng"},{"id":"880402","latitude":"2.00000000","longitude":"10.45000000","name":"Ncuefulan"},{"id":"880403","latitude":"2.01666670","longitude":"10.46666670","name":"Ncue"},{"id":"880406","latitude":"2.10000000","longitude":"10.53333330","name":"Ncumecoc"},{"id":"880407","latitude":"2.05000000","longitude":"10.20000000","name":"Ncumedum"},{"id":"880414","latitude":"1.88333330","longitude":"11.18333330","name":"Ncum"},{"id":"880417","latitude":"1.85000000","longitude":"10.83333330","name":"Ncut"},{"id":"880424","latitude":"2.03333330","longitude":"10.56666670","name":"Ndangueng"},{"id":"880426","latitude":"2.03333330","longitude":"10.56666670","name":"Ndanguen"},{"id":"880427","latitude":"1.95000000","longitude":"11.05000000","name":"Ndayos"},{"id":"880429","latitude":"1.91666670","longitude":"10.31666670","name":"Ndejentom"},{"id":"880431","latitude":"2.06666670","longitude":"10.71666670","name":"Ndeng"},{"id":"880432","latitude":"2.06666670","longitude":"10.71666670","name":"Ndengue"},{"id":"880436","latitude":"1.93333330","longitude":"11.31666670","name":"Ndogo"},{"id":"880440","latitude":"1.85000000","longitude":"10.26666670","name":"Ndomenko"},{"id":"880447","latitude":"2.03333330","longitude":"10.56666670","name":"Ndonguen"},{"id":"880451","latitude":"1.83333330","longitude":"10.38333330","name":"Nduma"},{"id":"880453","latitude":"2.01666670","longitude":"10.46666670","name":"Ndumele"},{"id":"880455","latitude":"1.85000000","longitude":"10.26666670","name":"Ndumnco"},{"id":"880456","latitude":"2.06666670","longitude":"11.25000000","name":"Ndumo"},{"id":"880458","latitude":"1.93333330","longitude":"11.21666670","name":"Ndumuc"},{"id":"880459","latitude":"1.93333330","longitude":"11.21666670","name":"Ndumuk"},{"id":"880460","latitude":"2.01666670","longitude":"10.46666670","name":"Ndumulu"},{"id":"880470","latitude":"1.91666670","longitude":"10.31666670","name":"Ndyentum"},{"id":"880477","latitude":"1.91666670","longitude":"10.23333330","name":"Nfaman"},{"id":"880481","latitude":"2.03333330","longitude":"10.86666670","name":"Nfeme"},{"id":"880482","latitude":"1.86666670","longitude":"11.05000000","name":"Nfe\u00f1"},{"id":"880485","latitude":"1.88333330","longitude":"11.35000000","name":"Nfua"},{"id":"880487","latitude":"1.96666670","longitude":"10.60000000","name":"Nfulayong"},{"id":"880498","latitude":"2.06666670","longitude":"11.20000000","name":"Ngang"},{"id":"880499","latitude":"2.13333330","longitude":"11.23333330","name":"Ngoac\u00faa"},{"id":"880502","latitude":"2.13333330","longitude":"11.23333330","name":"Ngokua"},{"id":"880511","latitude":"1.86666670","longitude":"10.98333330","name":"Ngomgom"},{"id":"880513","latitude":"2.16666670","longitude":"10.31666670","name":"Ngom"},{"id":"880521","latitude":"1.91666670","longitude":"11.33333330","name":"Ngong"},{"id":"880523","latitude":"1.91666670","longitude":"10.53333330","name":"Ngo"},{"id":"880525","latitude":"1.91666670","longitude":"11.33333330","name":"Ngon"},{"id":"880528","latitude":"1.88333330","longitude":"11.25000000","name":"Ngonsoc"},{"id":"880529","latitude":"1.88333330","longitude":"11.25000000","name":"Ngosoc"},{"id":"880531","latitude":"2.23333330","longitude":"9.85000000","name":"Nguanda"},{"id":"880534","latitude":"2.05000000","longitude":"10.91666670","name":"Ngueayong"},{"id":"880535","latitude":"1.91666670","longitude":"10.83333330","name":"Nguele"},{"id":"880547","latitude":"1.88333330","longitude":"11.15000000","name":"Ngumo"},{"id":"880548","latitude":"1.88333330","longitude":"11.15000000","name":"Ngumu"},{"id":"880550","latitude":"1.88333330","longitude":"10.25000000","name":"Ngungum"},{"id":"880555","latitude":"1.75000000","longitude":"10.16666670","name":"Niadyibe"},{"id":"880557","latitude":"1.81666670","longitude":"10.88333330","name":"Niamayong"},{"id":"880558","latitude":"2.16666670","longitude":"10.98333330","name":"Niamitang"},{"id":"880559","latitude":"2.16666670","longitude":"11.25000000","name":"Niamoyong"},{"id":"880561","latitude":"1.95000000","longitude":"10.23333330","name":"Niasam"},{"id":"880563","latitude":"2.06666670","longitude":"10.91666670","name":"\u00d1iasang"},{"id":"880566","latitude":"1.83333330","longitude":"10.23333330","name":"Niefang"},{"id":"880568","latitude":"1.83333330","longitude":"10.23333330","name":"Niefan"},{"id":"880569","latitude":"1.95000000","longitude":"11.16666670","name":"Niemayong"},{"id":"880571","latitude":"1.75000000","longitude":"10.91666670","name":"Niemitang"},{"id":"880580","latitude":"1.91666670","longitude":"10.93333330","name":"Nkam"},{"id":"880582","latitude":"1.90000000","longitude":"10.81666670","name":"Nkan"},{"id":"880585","latitude":"1.93333330","longitude":"10.35000000","name":"Nkimi"},{"id":"880587","latitude":"2.00000000","longitude":"11.08333330","name":"Nkin"},{"id":"880590","latitude":"2.08333330","longitude":"10.51666670","name":"Nko'ambe"},{"id":"880591","latitude":"2.05000000","longitude":"10.58333330","name":"Nko Anem-Manike"},{"id":"880592","latitude":"2.05000000","longitude":"10.58333330","name":"Nko Anem-Manique"},{"id":"880594","latitude":"1.85000000","longitude":"10.13333330","name":"Nko'antona"},{"id":"880595","latitude":"2.06666670","longitude":"10.30000000","name":"Nko'asas"},{"id":"880598","latitude":"2.10000000","longitude":"10.53333330","name":"Nkoensok"},{"id":"880610","latitude":"1.93333330","longitude":"10.60000000","name":"Nko Mayang"},{"id":"880612","latitude":"2.13333330","longitude":"11.31666670","name":"Nkombe"},{"id":"880613","latitude":"1.81666670","longitude":"10.11666670","name":"Nkomichi"},{"id":"880615","latitude":"1.86666670","longitude":"10.41666670","name":"Nkomo"},{"id":"880617","latitude":"1.86666670","longitude":"10.50000000","name":"Nko"},{"id":"880619","latitude":"1.91666670","longitude":"10.93333330","name":"Nkon"},{"id":"880621","latitude":"2.01666670","longitude":"10.46666670","name":"Nkue Misi\u00f3n"},{"id":"880622","latitude":"2.00000000","longitude":"10.45000000","name":"Nkue"},{"id":"880623","latitude":"2.05000000","longitude":"10.20000000","name":"Nkumedum"},{"id":"880628","latitude":"1.88333330","longitude":"11.18333330","name":"Nkum"},{"id":"880630","latitude":"1.85000000","longitude":"10.83333330","name":"Nkut"},{"id":"880632","latitude":"1.88333330","longitude":"10.75000000","name":"Nlangmang"},{"id":"880633","latitude":"1.91666670","longitude":"10.71666670","name":"Nlang"},{"id":"880634","latitude":"1.86666670","longitude":"10.83333330","name":"Nloayong"},{"id":"880635","latitude":"2.15000000","longitude":"11.31666670","name":"Nloayon"},{"id":"880636","latitude":"2.05000000","longitude":"10.23333330","name":"Nlonsok"},{"id":"880638","latitude":"2.05000000","longitude":"10.23333330","name":"Nlosoc"},{"id":"880641","latitude":"1.83333330","longitude":"10.23333330","name":"Nniefang"},{"id":"880643","latitude":"1.90000000","longitude":"10.91666670","name":"Nniemayong"},{"id":"880644","latitude":"1.75000000","longitude":"10.91666670","name":"Nniemitang"},{"id":"880646","latitude":"1.86666670","longitude":"10.55000000","name":"Nnoayong"},{"id":"880666","latitude":"1.93333330","longitude":"11.05000000","name":"Nsang"},{"id":"880667","latitude":"1.90000000","longitude":"10.75000000","name":"Nseelang"},{"id":"880669","latitude":"2.01666670","longitude":"10.46666670","name":"Nselemang"},{"id":"880670","latitude":"2.01666670","longitude":"10.46666670","name":"Nseleman"},{"id":"880682","latitude":"1.88333330","longitude":"10.78333330","name":"Nsimi"},{"id":"880685","latitude":"2.08333330","longitude":"11.08333330","name":"Nsini"},{"id":"880687","latitude":"2.03333330","longitude":"11.21666670","name":"Nsoamayong"},{"id":"880688","latitude":"1.76666670","longitude":"10.90000000","name":"Nsoc"},{"id":"880693","latitude":"2.15000000","longitude":"10.80000000","name":"Nsogoboot"},{"id":"880697","latitude":"1.88333330","longitude":"10.85000000","name":"Nsogobot"},{"id":"880700","latitude":"2.00000000","longitude":"10.98333330","name":"Nsokengono"},{"id":"880701","latitude":"2.00000000","longitude":"10.98333330","name":"Nsok Ngono"},{"id":"880702","latitude":"1.76666670","longitude":"10.90000000","name":"Nsok"},{"id":"880712","latitude":"1.80000000","longitude":"10.90000000","name":"Nsung"},{"id":"880714","latitude":"2.10000000","longitude":"10.61666670","name":"Ntang"},{"id":"880715","latitude":"2.10000000","longitude":"10.61666670","name":"Ntan"},{"id":"880717","latitude":"1.90000000","longitude":"10.68333330","name":"Nterenga"},{"id":"880722","latitude":"1.76666670","longitude":"10.18333330","name":"Ntoma"},{"id":"880724","latitude":"1.76666670","longitude":"10.18333330","name":"Ntom"},{"id":"880734","latitude":"2.01666670","longitude":"10.61666670","name":"Nvengayong"},{"id":"880739","latitude":"1.88333330","longitude":"10.28333330","name":"Nvom"},{"id":"880742","latitude":"1.95000000","longitude":"10.63333330","name":"Nvongo"},{"id":"880744","latitude":"1.90000000","longitude":"10.53333330","name":"Nyamele"},{"id":"880751","latitude":"1.86666670","longitude":"10.50000000","name":"Obenelang"},{"id":"880753","latitude":"1.91666670","longitude":"11.11666670","name":"Obocuin"},{"id":"880754","latitude":"1.93333330","longitude":"11.08333330","name":"Oboroncu"},{"id":"880755","latitude":"1.93333330","longitude":"11.08333330","name":"Oboronku"},{"id":"880761","latitude":"2.10000000","longitude":"11.15000000","name":"Ocong"},{"id":"880763","latitude":"2.08333330","longitude":"11.13333330","name":"Ocong-osi"},{"id":"880765","latitude":"2.11666670","longitude":"11.23333330","name":"Oc\u00faa"},{"id":"880769","latitude":"2.06666670","longitude":"10.50000000","name":"Ofet"},{"id":"880777","latitude":"2.16666670","longitude":"11.21666670","name":"Okeng"},{"id":"880784","latitude":"2.10000000","longitude":"11.15000000","name":"Okong"},{"id":"880786","latitude":"2.11666670","longitude":"11.23333330","name":"Okua"},{"id":"880797","latitude":"1.88333330","longitude":"10.58333330","name":"Olumnang"},{"id":"880798","latitude":"1.88333330","longitude":"10.58333330","name":"Olun-Man"},{"id":"880804","latitude":"2.00000000","longitude":"11.25000000","name":"Ongoma"},{"id":"880806","latitude":"2.00000000","longitude":"11.06666670","name":"Ongongo"},{"id":"880810","latitude":"1.95000000","longitude":"10.28333330","name":"Onong"},{"id":"880812","latitude":"1.90000000","longitude":"11.20000000","name":"Onsalom"},{"id":"880823","latitude":"2.05000000","longitude":"11.16666670","name":"Otet"},{"id":"880830","latitude":"1.96666670","longitude":"11.26666670","name":"Otunga"},{"id":"880839","latitude":"1.78333330","longitude":"10.11666670","name":"Oveng"},{"id":"880842","latitude":"2.08333330","longitude":"11.00000000","name":"Ovong"},{"id":"880844","latitude":"1.88333330","longitude":"10.83333330","name":"Oyac"},{"id":"880847","latitude":"2.10000000","longitude":"11.25000000","name":"Oyec"},{"id":"880849","latitude":"2.13333330","longitude":"11.25000000","name":"Oyem"},{"id":"880869","latitude":"2.33333330","longitude":"9.81666670","name":"R\u00edo Campo"},{"id":"880888","latitude":"1.93333330","longitude":"10.51666670","name":"San Carlos"},{"id":"880891","latitude":"2.03333330","longitude":"10.93333330","name":"Sandon"},{"id":"880894","latitude":"2.01666670","longitude":"10.46666670","name":"San Francisco Javier"},{"id":"880895","latitude":"2.08333330","longitude":"10.31666670","name":"Sangayong"},{"id":"880907","latitude":"1.86666670","longitude":"10.78333330","name":"Saugon"},{"id":"880912","latitude":"2.03333330","longitude":"11.13333330","name":"Se\u00f1e"},{"id":"880916","latitude":"1.85000000","longitude":"10.25000000","name":"Sevilla de Niefang"},{"id":"880924","latitude":"2.18333330","longitude":"11.20000000","name":"Somo"},{"id":"880925","latitude":"2.03333330","longitude":"11.21666670","name":"Somoyong"},{"id":"880926","latitude":"1.95000000","longitude":"10.58333330","name":"Song"},{"id":"880935","latitude":"1.93333330","longitude":"10.63333330","name":"Temel\u00f3n"},{"id":"880942","latitude":"1.93333330","longitude":"10.53333330","name":"Tom"},{"id":"880946","latitude":"2.03333330","longitude":"11.20000000","name":"Too"},{"id":"880966","latitude":"1.83333330","longitude":"10.76666670","name":"Valladolid de los Bimbiles"},{"id":"880971","latitude":"2.01666670","longitude":"10.43333330","name":"Yaemben"},{"id":"880981","latitude":"2.23333330","longitude":"9.88333330","name":"Yeng\u00fce"},{"id":"880986","latitude":"2.13333330","longitude":"11.30000000","name":"Yobete"},{"id":"880989","latitude":"2.15000000","longitude":"10.63333330","name":"Yomosomo"}]