[{"id":"879088","latitude":"3.28333330","longitude":"8.73333330","name":"Baho"},{"id":"879096","latitude":"3.40000000","longitude":"8.71666670","name":"Balach\u00e1 de Concepci\u00f3n"},{"id":"879098","latitude":"3.48333330","longitude":"8.80000000","name":"Balelipa"},{"id":"879100","latitude":"3.43333330","longitude":"8.53333330","name":"Balombe"},{"id":"879115","latitude":"3.45000000","longitude":"8.76666670","name":"Bantabar\u00e9"},{"id":"879116","latitude":"3.45000000","longitude":"8.78333330","name":"Bantabar\u00e9 Peque\u00f1o"},{"id":"879125","latitude":"3.45000000","longitude":"8.56666670","name":"Barrio de las Palmas"},{"id":"879126","latitude":"3.45000000","longitude":"8.56666670","name":"Barrio Las Palmas"},{"id":"879127","latitude":"3.58333330","longitude":"8.63333330","name":"Basacato"},{"id":"879129","latitude":"3.58333330","longitude":"8.63333330","name":"Basacato del Oeste"},{"id":"879130","latitude":"3.58333330","longitude":"8.63333330","name":"Basakato"},{"id":"879132","latitude":"3.58333330","longitude":"8.63333330","name":"Basakato del Oeste"},{"id":"879147","latitude":"3.45000000","longitude":"8.50000000","name":"Batete"},{"id":"879166","latitude":"3.40000000","longitude":"8.58333330","name":"Beleb\u00fa Balach\u00e1"},{"id":"879167","latitude":"3.48333330","longitude":"8.80000000","name":"Belelipa"},{"id":"879169","latitude":"3.48333330","longitude":"8.80000000","name":"Bel\u00e9pipa"},{"id":"879170","latitude":"3.48333330","longitude":"8.80000000","name":"Beletipa"},{"id":"879186","latitude":"3.48333330","longitude":"8.80000000","name":"Betelipa"},{"id":"879255","latitude":"3.48333330","longitude":"8.80000000","name":"Bilelep\u00e1"},{"id":"879256","latitude":"3.48333330","longitude":"8.80000000","name":"Bilelipa"},{"id":"879289","latitude":"3.35000000","longitude":"8.66666670","name":"Bioco"},{"id":"879291","latitude":"3.35000000","longitude":"8.66666670","name":"Bioko"},{"id":"879319","latitude":"3.41666670","longitude":"8.48333330","name":"Bococo"},{"id":"879321","latitude":"3.40000000","longitude":"8.56666670","name":"Bocoricho Balach\u00e1"},{"id":"879322","latitude":"3.41666670","longitude":"8.56666670","name":"Bocoricho Ombori"},{"id":"879323","latitude":"3.41666670","longitude":"8.58333330","name":"Boemeriba"},{"id":"879325","latitude":"3.28333330","longitude":"8.73333330","name":"Boh\u00e9"},{"id":"879326","latitude":"3.41666670","longitude":"8.58333330","name":"Bohemeriba"},{"id":"879327","latitude":"3.28333330","longitude":"8.73333330","name":"Boho"},{"id":"879329","latitude":"3.41666670","longitude":"8.48333330","name":"Bokoko"},{"id":"879330","latitude":"3.40000000","longitude":"8.56666670","name":"Bokoricho-Balach\u00e1"},{"id":"879331","latitude":"3.41666670","longitude":"8.56666670","name":"Bokoricho-Ombori"},{"id":"879335","latitude":"3.43333330","longitude":"8.75000000","name":"Boloco Big"},{"id":"879336","latitude":"3.43333330","longitude":"8.75000000","name":"Boloco"},{"id":"879337","latitude":"3.43333330","longitude":"8.75000000","name":"Boloko"},{"id":"879338","latitude":"3.43333330","longitude":"8.75000000","name":"Boloko Grande"},{"id":"879341","latitude":"3.45000000","longitude":"8.61666670","name":"Bombe"},{"id":"879365","latitude":"3.41666670","longitude":"8.55000000","name":"Buchica"},{"id":"879367","latitude":"3.41666670","longitude":"8.58333330","name":"Buemeriba"},{"id":"879385","latitude":"3.45000000","longitude":"8.55000000","name":"Ciudad de Luba"},{"id":"879387","latitude":"3.38333330","longitude":"8.76666670","name":"Ciudad de Riaba"},{"id":"879388","latitude":"3.45000000","longitude":"8.50000000","name":"Claret de Batete"},{"id":"879400","latitude":"3.38333330","longitude":"8.76666670","name":"Concepci\u00f3n"},{"id":"879505","latitude":"3.30000000","longitude":"8.75000000","name":"Eburu"},{"id":"879561","latitude":"3.31666670","longitude":"8.75000000","name":"Ehoko"},{"id":"879645","latitude":"3.31666670","longitude":"8.75000000","name":"Eoco"},{"id":"879646","latitude":"3.26666670","longitude":"8.70000000","name":"Eori"},{"id":"879802","latitude":"3.38333330","longitude":"8.76666670","name":"La Concepci\u00f3n"},{"id":"879803","latitude":"3.38333330","longitude":"8.76666670","name":"La Conception"},{"id":"879822","latitude":"3.45000000","longitude":"8.55000000","name":"Luba"},{"id":"879906","latitude":"3.35000000","longitude":"8.65000000","name":"Malabo"},{"id":"879981","latitude":"3.41666670","longitude":"8.71666670","name":"Maule de Gaesa"},{"id":"879982","latitude":"3.41666670","longitude":"8.71666670","name":"Maule"},{"id":"880233","latitude":"3.33333330","longitude":"8.66666670","name":"Moca"},{"id":"880244","latitude":"3.46666670","longitude":"8.66666670","name":"Moeri"},{"id":"880254","latitude":"3.33333330","longitude":"8.66666670","name":"Moka"},{"id":"880303","latitude":"3.46666670","longitude":"8.66666670","name":"Mueri"},{"id":"880306","latitude":"3.43333330","longitude":"8.61666670","name":"Musela"},{"id":"880308","latitude":"3.43333330","longitude":"8.61666670","name":"Musola"},{"id":"880853","latitude":"3.41666670","longitude":"8.65000000","name":"Parador de Musola"},{"id":"880866","latitude":"3.38333330","longitude":"8.76666670","name":"Riaba"},{"id":"880867","latitude":"3.43333330","longitude":"8.63333330","name":"Rilaja"},{"id":"880871","latitude":"3.41666670","longitude":"8.55000000","name":"Ruicha"},{"id":"880872","latitude":"3.41666670","longitude":"8.55000000","name":"Ruich\u00e9"},{"id":"880880","latitude":"3.26666670","longitude":"8.53333330","name":"San Antonio de Ureca"},{"id":"880881","latitude":"3.26666670","longitude":"8.53333330","name":"San Antonio de Ureka"},{"id":"880886","latitude":"3.45000000","longitude":"8.55000000","name":"San Carlos"},{"id":"880957","latitude":"3.26666670","longitude":"8.53333330","name":"Ureca"},{"id":"880958","latitude":"3.26666670","longitude":"8.53333330","name":"Ureka"},{"id":"880959","latitude":"3.26666670","longitude":"8.53333330","name":"Urekd"}]