[{"id":"879083","latitude":"3.55000000","longitude":"8.85000000","name":"Bacak\u00e9 Grande"},{"id":"879084","latitude":"3.56666670","longitude":"8.86666670","name":"Bacak\u00e9 Peque\u00f1o"},{"id":"879085","latitude":"3.73333330","longitude":"8.81666670","name":"Bacip\u00fa"},{"id":"879087","latitude":"3.51666670","longitude":"8.81666670","name":"Bah\u00f3"},{"id":"879089","latitude":"3.63333330","longitude":"8.90000000","name":"Baho Basuala"},{"id":"879090","latitude":"3.51666670","longitude":"8.81666670","name":"Bah\u00f3 Grande"},{"id":"879091","latitude":"3.51666670","longitude":"8.81666670","name":"Bah\u00f4-Iko"},{"id":"879092","latitude":"3.53333330","longitude":"8.83333330","name":"Bah\u00f3 Peque\u00f1o"},{"id":"879093","latitude":"3.51666670","longitude":"8.81666670","name":"Bahu"},{"id":"879094","latitude":"3.55000000","longitude":"8.85000000","name":"Bakake Grande"},{"id":"879095","latitude":"3.56666670","longitude":"8.86666670","name":"Bakake Peque\u00f1o"},{"id":"879099","latitude":"3.66666670","longitude":"8.63333330","name":"Baloeri de Cristo Rey"},{"id":"879107","latitude":"3.70000000","longitude":"8.91666670","name":"Baney"},{"id":"879118","latitude":"3.70000000","longitude":"8.91666670","name":"Bany"},{"id":"879119","latitude":"3.63333330","longitude":"8.90000000","name":"Ba\u00f3 Basuala"},{"id":"879120","latitude":"3.51666670","longitude":"8.81666670","name":"Ba\u00f3 Grande"},{"id":"879121","latitude":"3.53333330","longitude":"8.83333330","name":"Ba\u00f3 Peque\u00f1o"},{"id":"879122","latitude":"3.65000000","longitude":"8.91666670","name":"Bares\u00f3"},{"id":"879123","latitude":"3.58333330","longitude":"8.86666670","name":"Bariaobe"},{"id":"879124","latitude":"3.58333330","longitude":"8.86666670","name":"Bariob\u00e9"},{"id":"879128","latitude":"3.61666670","longitude":"8.90000000","name":"Basacato del Este"},{"id":"879131","latitude":"3.61666670","longitude":"8.90000000","name":"Basakato del Este"},{"id":"879133","latitude":"3.63333330","longitude":"8.65000000","name":"Basapo"},{"id":"879135","latitude":"3.70000000","longitude":"8.80000000","name":"Basil\u00e9"},{"id":"879137","latitude":"3.70000000","longitude":"8.80000000","name":"Basil\u00e9 Bubi"},{"id":"879138","latitude":"3.70000000","longitude":"8.80000000","name":"Basil\u00e9 Radio"},{"id":"879139","latitude":"3.73333330","longitude":"8.81666670","name":"Basipu"},{"id":"879140","latitude":"3.63333330","longitude":"8.65000000","name":"Basopo"},{"id":"879141","latitude":"3.63333330","longitude":"8.91666670","name":"Basuala"},{"id":"879142","latitude":"3.63333330","longitude":"8.91666670","name":"Basuala Misi\u00f3n"},{"id":"879143","latitude":"3.73333330","longitude":"8.81666670","name":"Basup\u00ed Fiston"},{"id":"879144","latitude":"3.71666670","longitude":"8.68333330","name":"Basup\u00fa"},{"id":"879145","latitude":"3.71666670","longitude":"8.68333330","name":"Basup\u00fa del Oeste"},{"id":"879148","latitude":"3.63333330","longitude":"8.65000000","name":"Batikopo"},{"id":"879149","latitude":"3.63333330","longitude":"8.65000000","name":"Batoicopo"},{"id":"879359","latitude":"3.60000000","longitude":"8.88333330","name":"Bososo"},{"id":"879360","latitude":"3.66666670","longitude":"8.63333330","name":"Boten\u00f3s"},{"id":"879361","latitude":"3.66666670","longitude":"8.63333330","name":"Botonos"},{"id":"879384","latitude":"3.75000000","longitude":"8.78333330","name":"Ciudad de Ela Nguema"},{"id":"879386","latitude":"3.75000000","longitude":"8.78333330","name":"Ciudad de Malabo"},{"id":"879413","latitude":"3.66666670","longitude":"8.91666670","name":"Cupapa"},{"id":"879577","latitude":"3.75000000","longitude":"8.78333330","name":"Ela Nguema"},{"id":"879737","latitude":"3.73333330","longitude":"8.81666670","name":"Fishtown"},{"id":"879800","latitude":"3.66666670","longitude":"8.91666670","name":"Kupapa"},{"id":"879804","latitude":"3.70000000","longitude":"8.91666670","name":"Laka-Baney"},{"id":"879904","latitude":"3.75000000","longitude":"8.78333330","name":"Malaba"},{"id":"879905","latitude":"3.75000000","longitude":"8.78333330","name":"Malabo"},{"id":"880856","latitude":"3.75000000","longitude":"8.78333330","name":"Port Clarence"},{"id":"880863","latitude":"3.70000000","longitude":"8.80000000","name":"Rasil\u00e9"},{"id":"880864","latitude":"3.71666670","longitude":"8.83333330","name":"Rebola"},{"id":"880865","latitude":"3.75000000","longitude":"8.78333330","name":"Rev Malebo"},{"id":"880874","latitude":"3.70000000","longitude":"8.71666670","name":"S\u00e1criba"},{"id":"880893","latitude":"3.75000000","longitude":"8.78333330","name":"San Fernando"},{"id":"880903","latitude":"3.75000000","longitude":"8.78333330","name":"Santa Isabel"},{"id":"880905","latitude":"3.70000000","longitude":"8.91666670","name":"Santiago de Baney"},{"id":"880917","latitude":"3.70000000","longitude":"8.71666670","name":"Shack-River"},{"id":"880936","latitude":"3.68333330","longitude":"8.91666670","name":"Tep\u00e9"},{"id":"880947","latitude":"3.68333330","longitude":"8.91666670","name":"Tope"},{"id":"880994","latitude":"3.71666670","longitude":"8.75000000","name":"Zaragoza"}]