[{"id":"881004","latitude":"39.25777780","longitude":"20.59583330","name":"Acherous\u00eda"},{"id":"881138","latitude":"39.31305560","longitude":"20.35527780","name":"Agi\u00e1"},{"id":"881143","latitude":"39.24583330","longitude":"20.83444440","name":"Ag\u00eda Eleo\u00fasa"},{"id":"881146","latitude":"39.31694440","longitude":"20.86194440","name":"Ag\u00eda Fanerom\u00e9ni"},{"id":"881152","latitude":"39.28277780","longitude":"20.44527780","name":"Ag\u00eda Kyriak\u00ed"},{"id":"881165","latitude":"39.30277780","longitude":"20.89055560","name":"Ag\u00eda Paraskev\u00ed"},{"id":"881166","latitude":"39.28333330","longitude":"20.70000000","name":"(( Ag\u00eda Paraskev\u00ed ))"},{"id":"881200","latitude":"39.30472220","longitude":"20.80027780","name":"\u00c1gioi Ap\u00f3stoloi"},{"id":"881214","latitude":"39.32250000","longitude":"20.79166670","name":"Agion\u00e9ri"},{"id":"881252","latitude":"39.26694440","longitude":"20.85333330","name":"\u00c1gios Ge\u00f3rgios"},{"id":"881285","latitude":"39.03944440","longitude":"20.76027780","name":"\u00c1gios Nik\u00f3laos"},{"id":"881286","latitude":"39.33333330","longitude":"20.90000000","name":"(( \u00c1gios Nik\u00f3laos ))"},{"id":"881316","latitude":"39.26694440","longitude":"20.85333330","name":"Ag\u00edou Georg\u00edou"},{"id":"881442","latitude":"39.20305560","longitude":"20.61305560","name":"A\u00efdhoni\u00e1"},{"id":"881445","latitude":"39.26361110","longitude":"20.60388890","name":"Aidh\u00f3nion"},{"id":"881455","latitude":"39.20305560","longitude":"20.61305560","name":"Aidoni\u00e1"},{"id":"881457","latitude":"39.26361110","longitude":"20.60388890","name":"Aid\u00f3ni"},{"id":"881458","latitude":"39.26361110","longitude":"20.60388890","name":"Aid\u00f3nion"},{"id":"881521","latitude":"39.25777780","longitude":"20.59583330","name":"Akherous\u00eda"},{"id":"881783","latitude":"39.20777780","longitude":"20.50666670","name":"Alon\u00e1ki"},{"id":"881986","latitude":"39.23888890","longitude":"20.48277780","name":"Ammoudhi\u00e1"},{"id":"881988","latitude":"39.23888890","longitude":"20.48277780","name":"Ammoudi\u00e1"},{"id":"882157","latitude":"39.09194440","longitude":"20.70083330","name":"Andzik"},{"id":"882292","latitude":"39.34222220","longitude":"20.79555560","name":"(( \u00c1no Chal\u00e1smata ))"},{"id":"882298","latitude":"39.20555560","longitude":"20.66916670","name":"\u00c1no Despotik\u00f3n"},{"id":"882306","latitude":"39.20555560","longitude":"20.66916670","name":"\u00c1no Dhespotik\u00f3"},{"id":"882307","latitude":"39.20555560","longitude":"20.66916670","name":"\u00c1no Dhespotik\u00f3n"},{"id":"882320","latitude":"39.33277780","longitude":"20.88527780","name":"\u00c1no Drym\u00f3n"},{"id":"882345","latitude":"39.37305560","longitude":"20.94111110","name":"An\u00f3geio"},{"id":"882346","latitude":"39.37305560","longitude":"20.94111110","name":"An\u00f3geion"},{"id":"882408","latitude":"39.34222220","longitude":"20.79555560","name":"\u00c1no Khal\u00e1smata"},{"id":"882434","latitude":"39.28444440","longitude":"20.66777780","name":"\u00c1no Korikani"},{"id":"882435","latitude":"39.28444440","longitude":"20.66777780","name":"\u00c1no Kor\u00edtiani"},{"id":"882437","latitude":"39.22694440","longitude":"20.71388890","name":"\u00c1no Kotsan\u00f3poulo"},{"id":"882438","latitude":"39.22694440","longitude":"20.71388890","name":"\u00c1no Kotsan\u00f3poulon"},{"id":"882546","latitude":"39.22527780","longitude":"20.67611110","name":"\u00c1no R\u00e1chi"},{"id":"882547","latitude":"39.22527780","longitude":"20.67611110","name":"\u00c1no R\u00e1khi"},{"id":"882554","latitude":"39.22527780","longitude":"20.67611110","name":"Anorr\u00e1khi"},{"id":"882570","latitude":"39.28611110","longitude":"20.64027780","name":"\u00c1no Skafidhot\u00ed"},{"id":"882571","latitude":"39.28611110","longitude":"20.64027780","name":"\u00c1no Skafidot\u00ed"},{"id":"882657","latitude":"39.37305560","longitude":"20.94111110","name":"An\u00f3yion"},{"id":"882704","latitude":"39.29666670","longitude":"20.37138890","name":"Antho\u00fasa"},{"id":"882849","latitude":"39.09194440","longitude":"20.70083330","name":"Arch\u00e1ngelos"},{"id":"882964","latitude":"39.09194440","longitude":"20.70083330","name":"Arkh\u00e1ngelos"},{"id":"883075","latitude":"39.25500000","longitude":"20.60722220","name":"Artsa\u00ed"},{"id":"883249","latitude":"39.34555560","longitude":"20.76472220","name":"\u00c1ssos"},{"id":"883449","latitude":"39.31305560","longitude":"20.35527780","name":"Ayi\u00e1"},{"id":"883459","latitude":"39.24583330","longitude":"20.83444440","name":"Ay\u00eda Eleo\u00fasa"},{"id":"883479","latitude":"39.28277780","longitude":"20.44527780","name":"Ay\u00eda Kiriak\u00ed"},{"id":"883517","latitude":"39.30277780","longitude":"20.89055560","name":"Ay\u00eda Paraskev\u00ed"},{"id":"883566","latitude":"38.98333330","longitude":"20.78333330","name":"Ay\u00eda Tri\u00e1s"},{"id":"883603","latitude":"39.30472220","longitude":"20.80027780","name":"\u00c1yioi Ap\u00f3stoloi"},{"id":"883842","latitude":"39.33333330","longitude":"20.90000000","name":"\u00c1yios Nik\u00f3laos"},{"id":"883922","latitude":"38.96666670","longitude":"20.78333330","name":"\u00c1yios Thom\u00e1s"},{"id":"883956","latitude":"39.26694440","longitude":"20.85333330","name":"\u00c1yios Ye\u00f3ryios"},{"id":"884248","latitude":"39.30277780","longitude":"20.89055560","name":"Bili\u00e1rion"},{"id":"884341","latitude":"39.21694440","longitude":"20.63527780","name":"Boud\u00e1ri"},{"id":"884378","latitude":"39.28138890","longitude":"20.79777780","name":"Boulm\u00e9ti Zerv\u00f3"},{"id":"884457","latitude":"39.38138890","longitude":"20.91500000","name":"Br\u00edgka"},{"id":"884460","latitude":"39.38138890","longitude":"20.91500000","name":"Br\u00ednga"},{"id":"884479","latitude":"39.28138890","longitude":"20.79777780","name":"Bulm\u00e9ti-Zerv\u00f3"},{"id":"884527","latitude":"39.33250000","longitude":"20.79111110","name":"Chal\u00e1smata"},{"id":"884534","latitude":"39.32555560","longitude":"20.93361110","name":"Chal\u00edkia"},{"id":"884577","latitude":"39.35472220","longitude":"20.97194440","name":"Chaska\u00ed\u00efka"},{"id":"884593","latitude":"39.16666670","longitude":"20.59694440","name":"Cheimadi\u00f3"},{"id":"884595","latitude":"39.16666670","longitude":"20.59694440","name":"Cheimadi\u00f3n"},{"id":"884637","latitude":"39.21638890","longitude":"20.56611110","name":"Ch\u00f3chla"},{"id":"884758","latitude":"39.29361110","longitude":"20.77166670","name":"D\u00e1ra"},{"id":"884768","latitude":"39.31305560","longitude":"20.35527780","name":"Dase\u00eda"},{"id":"884854","latitude":"39.20555560","longitude":"20.66916670","name":"Despotik\u00f3"},{"id":"884856","latitude":"39.20555560","longitude":"20.66916670","name":"Despotik\u00f3n"},{"id":"885000","latitude":"39.25000000","longitude":"20.78472220","name":"Dh\u00e9lovon"},{"id":"885075","latitude":"39.20555560","longitude":"20.66916670","name":"Dhespotik\u00f3n"},{"id":"885315","latitude":"39.15111110","longitude":"20.66111110","name":"Dho\u00faviana"},{"id":"885426","latitude":"39.33277780","longitude":"20.88527780","name":"Dhrim\u00f3n"},{"id":"885433","latitude":"39.26888890","longitude":"20.88361110","name":"Dhri\u00f3fiton"},{"id":"885434","latitude":"39.26888890","longitude":"20.88361110","name":"Dhri\u00f3fitos"},{"id":"885515","latitude":"39.25388890","longitude":"20.53277780","name":"D\u00edkorfon"},{"id":"885679","latitude":"39.33277780","longitude":"20.88527780","name":"Drym\u00f3n"},{"id":"885681","latitude":"39.26888890","longitude":"20.88361110","name":"Dry\u00f3fyto"},{"id":"885682","latitude":"39.26888890","longitude":"20.88361110","name":"Dry\u00f3fyton"},{"id":"885696","latitude":"39.15111110","longitude":"20.66111110","name":"D\u00faviana"},{"id":"885735","latitude":"39.18277780","longitude":"20.62777780","name":"Ekklisi\u00e1"},{"id":"885737","latitude":"39.18277780","longitude":"20.62777780","name":"Ekklis\u00edai"},{"id":"885738","latitude":"39.18277780","longitude":"20.62777780","name":"Ekklis\u00edes"},{"id":"885767","latitude":"39.29361110","longitude":"20.77166670","name":"Ela\u00eda"},{"id":"885841","latitude":"39.19861110","longitude":"20.88388890","name":"Eleftheroch\u00f3rion"},{"id":"885876","latitude":"39.19861110","longitude":"20.88388890","name":"Elevtherokh\u00f3rion"},{"id":"885887","latitude":"39.29361110","longitude":"20.77166670","name":"Eli\u00e1"},{"id":"886247","latitude":"39.23888890","longitude":"20.48277780","name":"Fan\u00e1ri"},{"id":"886259","latitude":"39.35111110","longitude":"20.99194440","name":"Fanerom\u00e9ni"},{"id":"886359","latitude":"39.20472220","longitude":"20.88222220","name":"Filippi\u00e1da"},{"id":"886360","latitude":"39.20472220","longitude":"20.88222220","name":"Filippi\u00e1s"},{"id":"886413","latitude":"39.06027780","longitude":"20.75111110","name":"Fl\u00e1mboura"},{"id":"886431","latitude":"39.06027780","longitude":"20.75111110","name":"Fl\u00e1mpoura"},{"id":"886641","latitude":"39.20305560","longitude":"20.61305560","name":"Fs\u00edna"},{"id":"886667","latitude":"39.20305560","longitude":"20.61305560","name":"Fth\u00edna"},{"id":"886708","latitude":"39.28138890","longitude":"20.79777780","name":"Galat\u00e1s"},{"id":"886734","latitude":"39.33250000","longitude":"20.79111110","name":"Gal\u00edni"},{"id":"886748","latitude":"39.28333330","longitude":"20.76666670","name":"(( Galp\u00e1ki ))"},{"id":"886894","latitude":"39.32666670","longitude":"20.94055560","name":"Geropl\u00e1tanos"},{"id":"886920","latitude":"39.29583330","longitude":"20.71611110","name":"Gion\u00e1la"},{"id":"886922","latitude":"39.33361110","longitude":"20.93805560","name":"Gio\u00fara"},{"id":"886936","latitude":"39.33361110","longitude":"20.93805560","name":"Gko\u00fara"},{"id":"886945","latitude":"39.23111110","longitude":"20.61972220","name":"Glarat\u00edna"},{"id":"887006","latitude":"39.28944440","longitude":"20.90333330","name":"Goli\u00e1dhes"},{"id":"887016","latitude":"39.35722220","longitude":"20.88305560","name":"Gon\u00eda"},{"id":"887038","latitude":"39.32055560","longitude":"20.94416670","name":"Gorg\u00f3milos"},{"id":"887039","latitude":"39.32055560","longitude":"20.94416670","name":"Gorg\u00f3mylos"},{"id":"887052","latitude":"39.26138890","longitude":"20.56666670","name":"Gor\u00edtsa"},{"id":"887102","latitude":"39.33361110","longitude":"20.93805560","name":"Go\u00fara"},{"id":"887212","latitude":"39.35750000","longitude":"20.90638890","name":"Gravi\u00e1"},{"id":"887282","latitude":"39.28944440","longitude":"20.90333330","name":"Gymn\u00f3topos"},{"id":"887427","latitude":"39.17666670","longitude":"20.81388890","name":"Iliovo\u00fani"},{"id":"887428","latitude":"39.17666670","longitude":"20.81388890","name":"Iliovo\u00fanion"},{"id":"887641","latitude":"39.19444440","longitude":"20.57111110","name":"Kakko\u00falion"},{"id":"887897","latitude":"39.20888890","longitude":"20.78388890","name":"Kal\u00edvia"},{"id":"887932","latitude":"39.20888890","longitude":"20.78388890","name":"Kal\u00edvia Kran\u00e9as"},{"id":"887933","latitude":"39.20888890","longitude":"20.78388890","name":"Kal\u00edvia Krani\u00e1s"},{"id":"888210","latitude":"39.20888890","longitude":"20.78388890","name":"Kal\u00fdvia Krani\u00e1s"},{"id":"888242","latitude":"39.13444440","longitude":"20.67055560","name":"Kamar\u00edna"},{"id":"888288","latitude":"39.35500000","longitude":"20.95194440","name":"K\u00e1mbos"},{"id":"888350","latitude":"39.35500000","longitude":"20.95194440","name":"K\u00e1mpos"},{"id":"888362","latitude":"39.06527780","longitude":"20.69861110","name":"Kan\u00e1lia"},{"id":"888367","latitude":"39.06527780","longitude":"20.69861110","name":"Kan\u00e1li"},{"id":"888370","latitude":"39.06527780","longitude":"20.69861110","name":"Kan\u00e1lion"},{"id":"888375","latitude":"39.23361110","longitude":"20.60000000","name":"Kanall\u00e1ki"},{"id":"888376","latitude":"39.23361110","longitude":"20.60000000","name":"Kanall\u00e1kion"},{"id":"888408","latitude":"39.17972220","longitude":"20.78972220","name":"Kandz\u00e1s"},{"id":"888430","latitude":"39.17972220","longitude":"20.78972220","name":"Kantz\u00e1s"},{"id":"889009","latitude":"39.25111110","longitude":"20.57083330","name":"Kastr\u00ed"},{"id":"889024","latitude":"39.25111110","longitude":"20.57083330","name":"Kastr\u00edon"},{"id":"889039","latitude":"39.30083330","longitude":"20.35722220","name":"Kastro"},{"id":"889059","latitude":"39.24777780","longitude":"20.57805560","name":"Kastr\u00f3poulon"},{"id":"889060","latitude":"39.10583330","longitude":"20.63777780","name":"Kastrosiki\u00e1"},{"id":"889062","latitude":"39.10583330","longitude":"20.63777780","name":"Kastrosyki\u00e1"},{"id":"889213","latitude":"39.33055560","longitude":"20.78055560","name":"(( K\u00e1to Chal\u00e1smata ))"},{"id":"889220","latitude":"39.19861110","longitude":"20.65694440","name":"K\u00e1to Despotik\u00f3"},{"id":"889221","latitude":"39.19861110","longitude":"20.65694440","name":"K\u00e1to Despotik\u00f3n"},{"id":"889227","latitude":"39.19861110","longitude":"20.65694440","name":"K\u00e1to Dhespotik\u00f3"},{"id":"889228","latitude":"39.19861110","longitude":"20.65694440","name":"K\u00e1to Dhespotik\u00f3n"},{"id":"889322","latitude":"39.33055560","longitude":"20.78055560","name":"K\u00e1to Khal\u00e1smata"},{"id":"889368","latitude":"39.19777780","longitude":"20.72888890","name":"K\u00e1to Kotsan\u00f3poulo"},{"id":"889369","latitude":"39.19777780","longitude":"20.72888890","name":"K\u00e1to Kotsan\u00f3poulon"},{"id":"889456","latitude":"39.13527780","longitude":"20.64250000","name":"K\u00e1to Myrs\u00edni"},{"id":"889526","latitude":"39.28277780","longitude":"20.70222220","name":"K\u00e1to Revmati\u00e1"},{"id":"889546","latitude":"39.25638890","longitude":"20.63444440","name":"K\u00e1to Skafidhot\u00ed"},{"id":"889547","latitude":"39.25638890","longitude":"20.63444440","name":"K\u00e1to Skafidot\u00ed"},{"id":"889612","latitude":"39.19861110","longitude":"20.65694440","name":"K\u00e1to Vl\u00e1ndho"},{"id":"889983","latitude":"39.30638890","longitude":"20.87416670","name":"Keras\u00f3na"},{"id":"889988","latitude":"39.33861110","longitude":"20.76944440","name":"Ker\u00e1sovo"},{"id":"889990","latitude":"39.30638890","longitude":"20.87416670","name":"Ker\u00e1sovon"},{"id":"889994","latitude":"39.30638890","longitude":"20.87416670","name":"Kerass\u00f3n"},{"id":"890083","latitude":"39.32555560","longitude":"20.93361110","name":"Khal\u00edkia"},{"id":"890237","latitude":"39.35472220","longitude":"20.97194440","name":"Khaska\u00edika"},{"id":"890269","latitude":"39.26361110","longitude":"20.60388890","name":"Khelidh\u00f3n"},{"id":"890295","latitude":"39.16666670","longitude":"20.59694440","name":"Khimadhi\u00f3"},{"id":"890297","latitude":"39.16666670","longitude":"20.59694440","name":"Khimadhi\u00f3n"},{"id":"890336","latitude":"39.21638890","longitude":"20.56611110","name":"Kh\u00f3khla"},{"id":"890753","latitude":"39.28305560","longitude":"20.59527780","name":"Kleiso\u00fara"},{"id":"890811","latitude":"39.28305560","longitude":"20.59527780","name":"Kliso\u00fara"},{"id":"891171","latitude":"39.39138890","longitude":"20.95972220","name":"K\u00f3niara"},{"id":"891173","latitude":"39.39138890","longitude":"20.95972220","name":"K\u00f3niari"},{"id":"891175","latitude":"39.39138890","longitude":"20.95972220","name":"(( K\u00f3niaris ))"},{"id":"891297","latitude":"39.23333330","longitude":"20.64916670","name":"Korifo\u00fala"},{"id":"891340","latitude":"39.27861110","longitude":"20.55277780","name":"Kor\u00f3ni"},{"id":"891345","latitude":"39.27305560","longitude":"20.56305560","name":"Koron\u00f3poulo"},{"id":"891347","latitude":"39.27305560","longitude":"20.56305560","name":"Koron\u00f3poulon"},{"id":"891362","latitude":"39.23333330","longitude":"20.64916670","name":"Koryfo\u00fala"},{"id":"891500","latitude":"39.19444440","longitude":"20.57111110","name":"Koukko\u00falion"},{"id":"891513","latitude":"39.19444440","longitude":"20.57111110","name":"Kouko\u00fali"},{"id":"891727","latitude":"39.32666670","longitude":"20.94055560","name":"Koutik\u00e1tai"},{"id":"891849","latitude":"39.24638890","longitude":"20.74694440","name":"Kran\u00e9a"},{"id":"891857","latitude":"39.24638890","longitude":"20.74694440","name":"Krani\u00e1"},{"id":"891891","latitude":"39.22527780","longitude":"20.67611110","name":"Krav\u00e1non"},{"id":"891998","latitude":"39.15111110","longitude":"20.66111110","name":"Kriopiy\u00ed"},{"id":"892086","latitude":"39.15111110","longitude":"20.66111110","name":"Kryopig\u00ed"},{"id":"892164","latitude":"39.29694440","longitude":"20.55388890","name":"Kyps\u00e9li"},{"id":"892493","latitude":"39.34638890","longitude":"20.91750000","name":"Lefk\u00ed"},{"id":"892588","latitude":"39.37861110","longitude":"21.00750000","name":"Leptokok\u00e1ri"},{"id":"892803","latitude":"39.23750000","longitude":"20.53055560","name":"Liko\u00farsi"},{"id":"892804","latitude":"39.23750000","longitude":"20.53055560","name":"Liko\u00fartsi"},{"id":"892981","latitude":"39.30750000","longitude":"20.42722220","name":"Livad\u00e1ri"},{"id":"892982","latitude":"39.30750000","longitude":"20.42722220","name":"Livad\u00e1rion"},{"id":"893001","latitude":"39.30750000","longitude":"20.42722220","name":"Livadh\u00e1rion"},{"id":"893071","latitude":"39.15388890","longitude":"20.57972220","name":"Liyi\u00e1"},{"id":"893186","latitude":"39.16277780","longitude":"20.75194440","name":"Lo\u00faron"},{"id":"893187","latitude":"39.16277780","longitude":"20.75194440","name":"Lo\u00faros"},{"id":"893252","latitude":"39.19750000","longitude":"20.53194440","name":"Lo\u00fatsa"},{"id":"893284","latitude":"39.15388890","longitude":"20.57972220","name":"Lygi\u00e1"},{"id":"893295","latitude":"39.30083330","longitude":"20.35722220","name":"Machal\u00e1s Antho\u00fasis"},{"id":"893350","latitude":"39.30083330","longitude":"20.35722220","name":"Makhal\u00e1s Antho\u00fasis"},{"id":"893753","latitude":"39.31666670","longitude":"20.93250000","name":"Mark\u00e1tai"},{"id":"893756","latitude":"39.31666670","longitude":"20.93250000","name":"Mark\u00e1tes"},{"id":"893814","latitude":"39.28111110","longitude":"20.42777780","name":"(( Marn\u00f3ra ))"},{"id":"894023","latitude":"39.18555560","longitude":"20.71305560","name":"Maz\u00e1kia"},{"id":"894040","latitude":"39.10388890","longitude":"20.68166670","name":"M\u00e1zi"},{"id":"894048","latitude":"39.10388890","longitude":"20.68166670","name":"M\u00e1zion"},{"id":"894058","latitude":"39.12527780","longitude":"20.63305560","name":"Megad\u00e9ndro"},{"id":"894059","latitude":"39.12527780","longitude":"20.63305560","name":"Megad\u00e9ndron"},{"id":"894060","latitude":"39.12527780","longitude":"20.63305560","name":"M\u00e9ga Dh\u00e9ndhron"},{"id":"894062","latitude":"39.12527780","longitude":"20.63305560","name":"Megadh\u00e9ndron"},{"id":"894239","latitude":"39.36138890","longitude":"20.78388890","name":"Melian\u00e1"},{"id":"894532","latitude":"39.23750000","longitude":"20.53055560","name":"Mesop\u00f3tamo"},{"id":"894534","latitude":"39.23750000","longitude":"20.53055560","name":"Mesop\u00f3tamon"},{"id":"894535","latitude":"39.23750000","longitude":"20.53055560","name":"Mesop\u00f3tamos"},{"id":"894728","latitude":"39.03722220","longitude":"20.74555560","name":"Michal\u00edtsi"},{"id":"894731","latitude":"39.03722220","longitude":"20.74555560","name":"Michal\u00edtsion"},{"id":"894744","latitude":"39.03722220","longitude":"20.74555560","name":"Mikhal\u00edtsi"},{"id":"894746","latitude":"39.03722220","longitude":"20.74555560","name":"Mikhal\u00edtsion"},{"id":"894934","latitude":"39.30277780","longitude":"20.89055560","name":"Milian\u00e1"},{"id":"895040","latitude":"39.13222220","longitude":"20.63166670","name":"Mirs\u00edni"},{"id":"895093","latitude":"39.00000000","longitude":"20.70666670","name":"M\u00edtikas"},{"id":"895307","latitude":"39.32055560","longitude":"20.94416670","name":"Moulian\u00e1"},{"id":"895388","latitude":"39.27472220","longitude":"20.59805560","name":"Mouzaka\u00ed\u00efka"},{"id":"895391","latitude":"39.27472220","longitude":"20.59805560","name":"Mouzak\u00e1ti"},{"id":"895392","latitude":"39.27472220","longitude":"20.59805560","name":"Mouzak\u00e9\u00efka"},{"id":"895427","latitude":"39.27472220","longitude":"20.59805560","name":"Muzak\u00e1ti"},{"id":"895428","latitude":"39.27472220","longitude":"20.59805560","name":"Muzak\u00e9\u00efka"},{"id":"895452","latitude":"39.13222220","longitude":"20.63166670","name":"Myrs\u00edni"},{"id":"895459","latitude":"39.00000000","longitude":"20.70666670","name":"M\u00fdtikas"},{"id":"895481","latitude":"39.25500000","longitude":"20.60722220","name":"N\u00e1rkissos"},{"id":"895485","latitude":"39.34555560","longitude":"20.76472220","name":"N\u00e1ssari"},{"id":"895527","latitude":"39.20472220","longitude":"20.88222220","name":"N\u00e9a Filippi\u00e1s"},{"id":"895562","latitude":"39.15555560","longitude":"20.85833330","name":"N\u00e9a Keraso\u00fas"},{"id":"895642","latitude":"39.08888890","longitude":"20.74333330","name":"N\u00e9a Sampso\u00fanta"},{"id":"895643","latitude":"39.08888890","longitude":"20.74333330","name":"N\u00e9a Sampso\u00fas"},{"id":"895657","latitude":"39.08194440","longitude":"20.72305560","name":"N\u00e9a Sin\u00f3pi"},{"id":"895667","latitude":"39.06777780","longitude":"20.69000000","name":"N\u00e9a Th\u00e9sis"},{"id":"895706","latitude":"39.30833330","longitude":"20.60777780","name":"N\u00e9mitsa"},{"id":"895809","latitude":"38.98333330","longitude":"20.78333330","name":"Neokh\u00f3rion"},{"id":"895900","latitude":"39.18555560","longitude":"20.71305560","name":"N\u00e9on Sfinot\u00f3n"},{"id":"895916","latitude":"39.18555560","longitude":"20.71305560","name":"N\u00e9o Sfinot\u00f3"},{"id":"895918","latitude":"39.33444440","longitude":"20.92250000","name":"N\u00e9os Gorg\u00f3milos"},{"id":"895929","latitude":"39.15138890","longitude":"20.73666670","name":"N\u00e9os Orop\u00f3s"},{"id":"896067","latitude":"39.31000000","longitude":"20.76694440","name":"Nikol\u00edtsi"},{"id":"896069","latitude":"39.31000000","longitude":"20.76694440","name":"Nikol\u00edtsion"},{"id":"896073","latitude":"39.02694440","longitude":"20.73305560","name":"Nik\u00f3poli"},{"id":"896075","latitude":"39.02694440","longitude":"20.73305560","name":"Nik\u00f3polis"},{"id":"896087","latitude":"39.26666670","longitude":"20.53333330","name":"Niokh\u00f3ri"},{"id":"896338","latitude":"39.16361110","longitude":"20.71833330","name":"Orop\u00f3s"},{"id":"896431","latitude":"39.24083330","longitude":"20.85694440","name":"Paidho\u00fapolis"},{"id":"896433","latitude":"39.24083330","longitude":"20.85694440","name":"Paidp\u00f3lis Ziro\u00fa"},{"id":"896451","latitude":"39.21388890","longitude":"20.87666670","name":"Palai\u00e1 Filippi\u00e1s"},{"id":"896681","latitude":"39.16361110","longitude":"20.71833330","name":"Palaior\u00f3foros"},{"id":"896824","latitude":"39.16361110","longitude":"20.71833330","name":"Palior\u00f3foron"},{"id":"896888","latitude":"39.34638890","longitude":"20.88000000","name":"Panag\u00eda"},{"id":"896889","latitude":"39.28333330","longitude":"20.68333330","name":"(( Panag\u00eda ))"},{"id":"896920","latitude":"39.34638890","longitude":"20.88000000","name":"Panay\u00eda"},{"id":"896959","latitude":"38.95000000","longitude":"20.73333330","name":"Pandokr\u00e1tor"},{"id":"897022","latitude":"39.31333330","longitude":"20.79250000","name":"Papad\u00e1tai"},{"id":"897026","latitude":"39.31333330","longitude":"20.79250000","name":"Papadh\u00e1tes"},{"id":"897067","latitude":"39.31333330","longitude":"20.79250000","name":"Pappad\u00e1tai"},{"id":"897068","latitude":"39.31333330","longitude":"20.79250000","name":"Pappad\u00e1tes"},{"id":"897071","latitude":"39.31333330","longitude":"20.79250000","name":"Pappadh\u00e1tai"},{"id":"897121","latitude":"39.06250000","longitude":"20.69472220","name":"Paral\u00eda Kanal\u00edou"},{"id":"897183","latitude":"39.28305560","longitude":"20.39638890","name":"P\u00e1rga"},{"id":"897406","latitude":"39.38555560","longitude":"20.91277780","name":"P\u00e9nte Pig\u00e1dia"},{"id":"897490","latitude":"39.32027780","longitude":"20.61666670","name":"Perich\u00e1ti"},{"id":"897492","latitude":"39.32027780","longitude":"20.61666670","name":"Perikh\u00e1ti"},{"id":"897650","latitude":"39.15694440","longitude":"20.81583330","name":"P\u00e9tra"},{"id":"897782","latitude":"39.20472220","longitude":"20.88222220","name":"Philippi\u00e1da"},{"id":"897798","latitude":"39.09055560","longitude":"20.66111110","name":"P\u00eddima Kyr\u00e1s"},{"id":"898142","latitude":"39.28472220","longitude":"20.77250000","name":"Platani\u00e1"},{"id":"898301","latitude":"39.26138890","longitude":"20.80777780","name":"Podhog\u00f3ra"},{"id":"898412","latitude":"39.35805560","longitude":"20.74083330","name":"Polist\u00e1filon"},{"id":"898425","latitude":"39.15611110","longitude":"20.69750000","name":"Pol\u00edvrison"},{"id":"898426","latitude":"39.15611110","longitude":"20.69750000","name":"Pol\u00edvrosos"},{"id":"898464","latitude":"39.35805560","longitude":"20.74083330","name":"Polyst\u00e1fyllon"},{"id":"898465","latitude":"39.35805560","longitude":"20.74083330","name":"Polyst\u00e1fylon"},{"id":"898466","latitude":"39.35805560","longitude":"20.74083330","name":"Polyst\u00e1fylo"},{"id":"898468","latitude":"39.15611110","longitude":"20.69750000","name":"Pol\u00fdvryson"},{"id":"898469","latitude":"39.15611110","longitude":"20.69750000","name":"Pol\u00fdvryso"},{"id":"898608","latitude":"39.35750000","longitude":"20.90638890","name":"Pouli\u00e1na"},{"id":"898696","latitude":"38.95000000","longitude":"20.75000000","name":"Pr\u00e9veza"},{"id":"898760","latitude":"39.14361110","longitude":"20.68000000","name":"Prof\u00edtis Il\u00edas"},{"id":"898839","latitude":"39.30472220","longitude":"20.80027780","name":"Prov\u00eddhia"},{"id":"898840","latitude":"39.30472220","longitude":"20.80027780","name":"Prov\u00eddia"},{"id":"899084","latitude":"39.29666670","longitude":"20.37138890","name":"R\u00e1peza"},{"id":"899131","latitude":"39.29583330","longitude":"20.71611110","name":"Remmati\u00e1"},{"id":"899181","latitude":"39.29583330","longitude":"20.71611110","name":"Revmati\u00e1"},{"id":"899210","latitude":"39.13250000","longitude":"20.60138890","name":"Rini\u00e1ssa"},{"id":"899243","latitude":"39.13250000","longitude":"20.60138890","name":"Riz\u00e1"},{"id":"899279","latitude":"39.13250000","longitude":"20.60138890","name":"Riz\u00f3"},{"id":"899288","latitude":"39.26138890","longitude":"20.80777780","name":"Rizovo\u00fanion"},{"id":"899291","latitude":"39.26138890","longitude":"20.80777780","name":"Rizovo\u00fani"},{"id":"899380","latitude":"39.21833330","longitude":"20.85222220","name":"Romi\u00e1"},{"id":"899442","latitude":"39.35805560","longitude":"20.74083330","name":"Rous\u00e1tes"},{"id":"899497","latitude":"39.02694440","longitude":"20.73305560","name":"Safr\u00e1mbolis"},{"id":"899577","latitude":"39.08888890","longitude":"20.74333330","name":"Sampso\u00fas"},{"id":"899835","latitude":"39.15611110","longitude":"20.69750000","name":"S\u00e9sovon"},{"id":"899867","latitude":"39.26888890","longitude":"20.88361110","name":"Sfel\u00e9nikon"},{"id":"899890","latitude":"39.18555560","longitude":"20.71305560","name":"Sfinot\u00f3n"},{"id":"899891","latitude":"39.18555560","longitude":"20.71305560","name":"Sfinot\u00f3"},{"id":"899924","latitude":"39.26611110","longitude":"20.51416670","name":"Sidera\u00edoi"},{"id":"900065","latitude":"39.13222220","longitude":"20.63166670","name":"Sindikli\u00e1"},{"id":"900216","latitude":"39.08194440","longitude":"20.72305560","name":"Sin\u00f3pi"},{"id":"900413","latitude":"39.16388890","longitude":"20.57277780","name":"Skemb\u00f3s"},{"id":"900421","latitude":"39.23111110","longitude":"20.61972220","name":"Skepast\u00f3n"},{"id":"900424","latitude":"39.23111110","longitude":"20.61972220","name":"Skepast\u00f3"},{"id":"900425","latitude":"39.23111110","longitude":"20.61972220","name":"Skepast\u00f3s"},{"id":"900454","latitude":"39.32277780","longitude":"20.73500000","name":"Skiad\u00e1s"},{"id":"900457","latitude":"39.32277780","longitude":"20.73500000","name":"Skiadh\u00e1"},{"id":"900459","latitude":"39.32277780","longitude":"20.73500000","name":"Skiadh\u00e1s"},{"id":"900661","latitude":"39.02694440","longitude":"20.73305560","name":"Smirto\u00fala"},{"id":"900671","latitude":"39.02694440","longitude":"20.73305560","name":"Smyrto\u00fala"},{"id":"900910","latitude":"39.23888890","longitude":"20.48277780","name":"Spl\u00e1ndza"},{"id":"900911","latitude":"39.23888890","longitude":"20.48277780","name":"Spl\u00e1ntza"},{"id":"900961","latitude":"39.38555560","longitude":"20.93222220","name":"Statha\u00ed\u00efka"},{"id":"900982","latitude":"39.26138890","longitude":"20.56666670","name":"Stavroch\u00f3rion"},{"id":"900984","latitude":"39.26138890","longitude":"20.56666670","name":"Stavroch\u00f3ri"},{"id":"901002","latitude":"39.26138890","longitude":"20.56666670","name":"Stavrokh\u00f3rion"},{"id":"901006","latitude":"39.26138890","longitude":"20.56666670","name":"Stavrokh\u00f3ri"},{"id":"901062","latitude":"39.17972220","longitude":"20.78972220","name":"Stef\u00e1ni"},{"id":"901320","latitude":"39.26138890","longitude":"20.53305560","name":"Tab\u00e1nia"},{"id":"901341","latitude":"39.26138890","longitude":"20.53305560","name":"Tamb\u00e1nia"},{"id":"901342","latitude":"39.25055560","longitude":"20.52888890","name":"Tamb\u00e1ni M\u00e1li"},{"id":"901344","latitude":"39.25055560","longitude":"20.52888890","name":"Tamb\u00f3ni"},{"id":"901345","latitude":"39.25055560","longitude":"20.52888890","name":"(( Tamp\u00e1ni ))"},{"id":"901474","latitude":"39.26138890","longitude":"20.53305560","name":"Th\u00e9mellon"},{"id":"901475","latitude":"39.26138890","longitude":"20.53305560","name":"Th\u00e9melon"},{"id":"901476","latitude":"39.26138890","longitude":"20.53305560","name":"Th\u00e9melo"},{"id":"901531","latitude":"39.25000000","longitude":"20.78472220","name":"Thesprotik\u00f3n"},{"id":"901532","latitude":"39.25000000","longitude":"20.78472220","name":"Thesprotik\u00f3"},{"id":"901664","latitude":"39.16666670","longitude":"20.59694440","name":"Top\u00f3la"},{"id":"901716","latitude":"39.29694440","longitude":"20.55388890","name":"Tourkop\u00e1loukon"},{"id":"901719","latitude":"38.96666670","longitude":"20.78333330","name":"Tourkovo\u00fani"},{"id":"901844","latitude":"39.28444440","longitude":"20.66777780","name":"Tr\u00edkastron"},{"id":"901845","latitude":"39.28444440","longitude":"20.66777780","name":"Tr\u00edkastro"},{"id":"901861","latitude":"39.30083330","longitude":"20.35722220","name":"Tr\u00edkorfon"},{"id":"901865","latitude":"39.30083330","longitude":"20.35722220","name":"Tr\u00edkorfo"},{"id":"901967","latitude":"39.34027780","longitude":"20.91027780","name":"Tsagkar\u00f3poulon"},{"id":"901968","latitude":"39.34027780","longitude":"20.91027780","name":"Tsagkar\u00f3poulo"},{"id":"901997","latitude":"39.31083330","longitude":"20.88722220","name":"Ts\u00e1mbali"},{"id":"902008","latitude":"39.34027780","longitude":"20.91027780","name":"Tsangar\u00f3poulon"},{"id":"902049","latitude":"39.31111110","longitude":"20.62222220","name":"Tseko\u00farion"},{"id":"902050","latitude":"39.31111110","longitude":"20.62222220","name":"Tseko\u00fari"},{"id":"902074","latitude":"39.18277780","longitude":"20.62777780","name":"Tserkouvi\u00e1na"},{"id":"902180","latitude":"39.28277780","longitude":"20.70222220","name":"Ts\u00f3kari"},{"id":"902212","latitude":"39.21916670","longitude":"20.53277780","name":"Tsoukn\u00edda"},{"id":"902213","latitude":"39.21916670","longitude":"20.53277780","name":"Tsoukn\u00eddha"},{"id":"902248","latitude":"39.20888890","longitude":"20.78388890","name":"T\u00fdrgia"},{"id":"902353","latitude":"39.22138890","longitude":"20.51972220","name":"Valanidh\u00f3rrakhi"},{"id":"902354","latitude":"39.22138890","longitude":"20.51972220","name":"Valanidh\u00f3rrakhon"},{"id":"902355","latitude":"39.21694440","longitude":"20.63527780","name":"Valanidho\u00fassa"},{"id":"902357","latitude":"39.22138890","longitude":"20.51972220","name":"Valanid\u00f3rrachi"},{"id":"902358","latitude":"39.21694440","longitude":"20.63527780","name":"Valanido\u00fassa"},{"id":"902671","latitude":"39.31083330","longitude":"20.88722220","name":"Vath\u00ed"},{"id":"902689","latitude":"39.31083330","longitude":"20.88722220","name":"Vath\u00fd"},{"id":"902737","latitude":"39.21694440","longitude":"20.63527780","name":"Velanidhi\u00e1"},{"id":"902900","latitude":"39.37861110","longitude":"21.00750000","name":"Vetsa\u00ed\u00efka"},{"id":"903073","latitude":"39.20555560","longitude":"20.66916670","name":"Vl\u00e1ndho"},{"id":"903075","latitude":"39.20555560","longitude":"20.66916670","name":"Vl\u00e1ndo"},{"id":"903231","latitude":"39.34638890","longitude":"20.88000000","name":"Vo\u00falista Panay\u00eda"},{"id":"903233","latitude":"39.35777780","longitude":"20.86305560","name":"Vo\u00falista"},{"id":"903328","latitude":"39.30833330","longitude":"20.60777780","name":"Vouvop\u00f3tamon"},{"id":"903329","latitude":"39.30833330","longitude":"20.60777780","name":"Vouvop\u00f3tamos"},{"id":"903344","latitude":"39.16388890","longitude":"20.57277780","name":"Vr\u00e1chos"},{"id":"903367","latitude":"39.16388890","longitude":"20.57277780","name":"Vr\u00e1khos"},{"id":"903451","latitude":"39.26416670","longitude":"20.69666670","name":"Vriso\u00fala"},{"id":"903528","latitude":"39.26416670","longitude":"20.69666670","name":"Vryso\u00fala"},{"id":"903634","latitude":"39.31305560","longitude":"20.91694440","name":"Xir\u00f3kambos"},{"id":"903641","latitude":"39.31305560","longitude":"20.91694440","name":"Xir\u00f3kampos"},{"id":"903664","latitude":"39.26555560","longitude":"20.56527780","name":"Xir\u00f3lofos"},{"id":"903714","latitude":"39.25777780","longitude":"20.59583330","name":"Yannouzi\u00e1"},{"id":"903715","latitude":"39.24777780","longitude":"20.57805560","name":"Yann\u00f3zi"},{"id":"903839","latitude":"39.31666670","longitude":"20.95000000","name":"(( Yerodhim\u00e1tai ))"},{"id":"903840","latitude":"39.31666670","longitude":"20.95000000","name":"Yerodhim\u00e1tos"},{"id":"903853","latitude":"39.32666670","longitude":"20.94055560","name":"Yeropl\u00e1tanos"},{"id":"903925","latitude":"39.25777780","longitude":"20.59583330","name":"Yiannouzi\u00e1"},{"id":"903943","latitude":"39.28944440","longitude":"20.90333330","name":"Yimn\u00f3topos"},{"id":"904019","latitude":"39.13444440","longitude":"20.67055560","name":"Z\u00e1longon"},{"id":"904020","latitude":"39.13444440","longitude":"20.67055560","name":"Z\u00e1longo"},{"id":"904111","latitude":"39.26416670","longitude":"20.69666670","name":"Zerm\u00ed"},{"id":"904127","latitude":"39.29027780","longitude":"20.80194440","name":"Zerv\u00f3n"},{"id":"904129","latitude":"39.29027780","longitude":"20.80194440","name":"Zerv\u00f3"}]