[{"id":"881002","latitude":"39.45777780","longitude":"21.31944440","name":"Achatari\u00e9s"},{"id":"881003","latitude":"39.82500000","longitude":"21.87111110","name":"Achelin\u00e1da"},{"id":"881006","latitude":"39.83583330","longitude":"21.60916670","name":"Achlad\u00e9a"},{"id":"881008","latitude":"39.83583330","longitude":"21.60916670","name":"Achladi\u00e1"},{"id":"881074","latitude":"39.46222220","longitude":"21.28333330","name":"A\u00ebt\u00f3s"},{"id":"881153","latitude":"39.51611110","longitude":"21.80250000","name":"Ag\u00eda Kyriak\u00ed"},{"id":"881168","latitude":"39.56833330","longitude":"21.25777780","name":"Ag\u00eda Paraskev\u00ed"},{"id":"881188","latitude":"39.81805560","longitude":"21.72222220","name":"Ag\u00eda Tri\u00e1s"},{"id":"881194","latitude":"39.86138890","longitude":"21.55361110","name":"Agi\u00f3fyllo"},{"id":"881195","latitude":"39.86138890","longitude":"21.55361110","name":"Agi\u00f3fyllon"},{"id":"881211","latitude":"39.65944440","longitude":"21.69083330","name":"\u00c1gioi The\u00f3doroi"},{"id":"881239","latitude":"39.77250000","longitude":"21.54027780","name":"\u00c1gios Dim\u00edtrios"},{"id":"881255","latitude":"39.48750000","longitude":"21.54277780","name":"\u00c1gios Ge\u00f3rgios"},{"id":"881269","latitude":"39.43833330","longitude":"21.56472220","name":"\u00c1gios Io\u00e1nnis"},{"id":"881288","latitude":"39.54916670","longitude":"21.36055560","name":"\u00c1gios Nik\u00f3laos"},{"id":"881300","latitude":"39.47111110","longitude":"21.53555560","name":"\u00c1gios Prok\u00f3pios"},{"id":"881312","latitude":"39.47027780","longitude":"21.61805560","name":"\u00c1gios Vissar\u00edon"},{"id":"881327","latitude":"39.86750000","longitude":"21.46555560","name":"Agnandi\u00e1"},{"id":"881333","latitude":"39.86750000","longitude":"21.46555560","name":"Agnanti\u00e1"},{"id":"881367","latitude":"39.71916670","longitude":"21.93166670","name":"Agreli\u00e1"},{"id":"881392","latitude":"39.71916670","longitude":"21.93166670","name":"Agrili\u00e1"},{"id":"881440","latitude":"39.60500000","longitude":"21.46750000","name":"A\u00efdh\u00f3n"},{"id":"881454","latitude":"39.60500000","longitude":"21.46750000","name":"A\u00efd\u00f3n"},{"id":"881518","latitude":"39.82500000","longitude":"21.87111110","name":"Akhelin\u00e1dha"},{"id":"881542","latitude":"39.83583330","longitude":"21.60916670","name":"Akhladh\u00e9a"},{"id":"881570","latitude":"39.63333330","longitude":"22.01666670","name":"Akhladhokh\u00f3rion"},{"id":"881656","latitude":"39.45777780","longitude":"21.31944440","name":"Alatari\u00e9s"},{"id":"881837","latitude":"39.70055560","longitude":"21.38805560","name":"Am\u00e1randon"},{"id":"881840","latitude":"39.70055560","longitude":"21.38805560","name":"Am\u00e1ranto"},{"id":"881841","latitude":"39.70055560","longitude":"21.38805560","name":"Am\u00e1ranton"},{"id":"881879","latitude":"39.69388890","longitude":"21.51833330","name":"Amb\u00e9lia"},{"id":"881894","latitude":"39.75666670","longitude":"21.33361110","name":"Ambelokh\u00f3ri"},{"id":"881898","latitude":"39.75666670","longitude":"21.33361110","name":"Ambelokh\u00f3rion"},{"id":"881987","latitude":"39.53166670","longitude":"21.68666670","name":"Ammoudhi\u00e1"},{"id":"881989","latitude":"39.53166670","longitude":"21.68666670","name":"Ammoudi\u00e1"},{"id":"882021","latitude":"39.69388890","longitude":"21.51833330","name":"Amp\u00e9lia"},{"id":"882027","latitude":"39.75666670","longitude":"21.33361110","name":"Ampeloch\u00f3ri"},{"id":"882029","latitude":"39.75666670","longitude":"21.33361110","name":"Ampeloch\u00f3rion"},{"id":"882288","latitude":"39.72583330","longitude":"21.79222220","name":"\u00c1no Bo\u00farsiani"},{"id":"882507","latitude":"39.41555560","longitude":"21.48833330","name":"\u00c1no Palaiokari\u00e1"},{"id":"882508","latitude":"39.41555560","longitude":"21.48833330","name":"\u00c1no Palaiokary\u00e1"},{"id":"882512","latitude":"39.41555560","longitude":"21.48833330","name":"\u00c1no Paliokari\u00e1"},{"id":"882513","latitude":"39.41555560","longitude":"21.48833330","name":"\u00c1no Paliokary\u00e1"},{"id":"882521","latitude":"39.60833330","longitude":"21.50000000","name":"\u00c1no Perli\u00e1ngo"},{"id":"882705","latitude":"39.66194440","longitude":"21.21833330","name":"Antho\u00fasa"},{"id":"882780","latitude":"39.38361110","longitude":"21.27361110","name":"Apostola\u00ed\u00efka"},{"id":"882786","latitude":"39.57833330","longitude":"21.73027780","name":"Ap\u00f3stoloi"},{"id":"882855","latitude":"39.63111110","longitude":"21.78750000","name":"Ard\u00e1nio"},{"id":"882856","latitude":"39.63111110","longitude":"21.78750000","name":"Ard\u00e1nion"},{"id":"882868","latitude":"39.63111110","longitude":"21.78750000","name":"Ardh\u00e1ni"},{"id":"882870","latitude":"39.63111110","longitude":"21.78750000","name":"Ardh\u00e1nion"},{"id":"883004","latitude":"39.48750000","longitude":"21.30833330","name":"Armatlik\u00f3n"},{"id":"883005","latitude":"39.48750000","longitude":"21.30833330","name":"Armatolik\u00f3"},{"id":"883006","latitude":"39.48750000","longitude":"21.30833330","name":"Armatolik\u00f3n"},{"id":"883215","latitude":"39.84833330","longitude":"21.65666670","name":"Asprokklisi\u00e1"},{"id":"883239","latitude":"39.54111110","longitude":"21.67888890","name":"Aspr\u00f3valtos"},{"id":"883303","latitude":"39.52722220","longitude":"21.25027780","name":"Athaman\u00eda"},{"id":"883409","latitude":"39.71111110","longitude":"21.68972220","name":"\u00c1vra"},{"id":"883413","latitude":"39.56972220","longitude":"21.74472220","name":"Avr\u00e1mi"},{"id":"883480","latitude":"39.51611110","longitude":"21.80250000","name":"Ay\u00eda Kiriak\u00ed"},{"id":"883519","latitude":"39.56833330","longitude":"21.25777780","name":"Ay\u00eda Paraskev\u00ed"},{"id":"883595","latitude":"39.86138890","longitude":"21.55361110","name":"Ayi\u00f3fillon"},{"id":"883596","latitude":"39.86138890","longitude":"21.55361110","name":"Ayi\u00f3fillos"},{"id":"883627","latitude":"39.65944440","longitude":"21.69083330","name":"\u00c1yioi The\u00f3dhoroi"},{"id":"883755","latitude":"39.43833330","longitude":"21.56472220","name":"\u00c1yios Io\u00e1nnis"},{"id":"883885","latitude":"39.47111110","longitude":"21.53555560","name":"\u00c1yios Prok\u00f3pios"},{"id":"883944","latitude":"39.47027780","longitude":"21.61805560","name":"\u00c1yios Vissar\u00edon"},{"id":"884031","latitude":"39.49555560","longitude":"21.35750000","name":"Bak\u00e1ri"},{"id":"884136","latitude":"39.71250000","longitude":"21.51888890","name":"B\u00e1sia"},{"id":"884160","latitude":"39.58611110","longitude":"21.96305560","name":"B\u00e1yia"},{"id":"884191","latitude":"39.46250000","longitude":"21.65861110","name":"Bel\u00e9tsi"},{"id":"884279","latitude":"39.54305560","longitude":"21.61250000","name":"Bletsa\u00ed\u00efka"},{"id":"884284","latitude":"39.54305560","longitude":"21.61250000","name":"Blitsa\u00edika"},{"id":"884318","latitude":"39.75666670","longitude":"21.33361110","name":"Borov\u00edkos"},{"id":"884360","latitude":"39.55944440","longitude":"21.84083330","name":"Boukhoun\u00edtsa"},{"id":"884367","latitude":"39.48750000","longitude":"21.30833330","name":"Bo\u00fakoura"},{"id":"884370","latitude":"39.48750000","longitude":"21.30833330","name":"Bo\u00fakouron"},{"id":"884404","latitude":"39.36666670","longitude":"21.34083330","name":"Bourni\u00e1s"},{"id":"884518","latitude":"39.61583330","longitude":"21.76777780","name":"Cha\u00efdem\u00e9ni"},{"id":"884535","latitude":"39.68333330","longitude":"21.18972220","name":"Chal\u00edki"},{"id":"884536","latitude":"39.68333330","longitude":"21.18972220","name":"Chal\u00edkion"},{"id":"884549","latitude":"39.44388890","longitude":"21.55500000","name":"Ch\u00e1nia"},{"id":"884555","latitude":"39.73694440","longitude":"21.54138890","name":"Ch\u00e1ni Mourgk\u00e1ni"},{"id":"884556","latitude":"39.73694440","longitude":"21.54138890","name":"Ch\u00e1ni Mourng\u00e1ni"},{"id":"884576","latitude":"39.64388890","longitude":"21.64472220","name":"Ch\u00e1si"},{"id":"884582","latitude":"39.40277780","longitude":"21.32611110","name":"Chatz\u00ed"},{"id":"884583","latitude":"39.52888890","longitude":"21.43611110","name":"Chatzip\u00e9trion"},{"id":"884591","latitude":"39.72583330","longitude":"21.79222220","name":"Cheimadi"},{"id":"884596","latitude":"39.72583330","longitude":"21.79222220","name":"Cheimadi\u00f3n"},{"id":"884686","latitude":"39.58583330","longitude":"21.85444440","name":"Chrysavg\u00ed"},{"id":"884692","latitude":"39.60833330","longitude":"21.50000000","name":"Chrysomil\u00e9a"},{"id":"884693","latitude":"39.60833330","longitude":"21.50000000","name":"Chrysomili\u00e1"},{"id":"884825","latitude":"39.55222220","longitude":"21.63638890","name":"Dendroch\u00f3ri"},{"id":"884826","latitude":"39.55222220","longitude":"21.63638890","name":"Dendroch\u00f3rion"},{"id":"884848","latitude":"39.56000000","longitude":"21.36722220","name":"D\u00e9si"},{"id":"885023","latitude":"39.55222220","longitude":"21.63638890","name":"Dhendhrokh\u00f3rion"},{"id":"885037","latitude":"39.55222220","longitude":"21.63638890","name":"Dhendrokh\u00f3rion"},{"id":"885068","latitude":"39.56000000","longitude":"21.36722220","name":"Dh\u00e9si"},{"id":"885093","latitude":"39.59527780","longitude":"21.65111110","name":"Dhialekt\u00f3n"},{"id":"885094","latitude":"39.45333330","longitude":"21.37972220","name":"Dhialem\u00e9non"},{"id":"885095","latitude":"39.59527780","longitude":"21.65111110","name":"Dhi\u00e1lesi"},{"id":"885105","latitude":"39.70000000","longitude":"22.01666670","name":"Dhi\u00e1sellon"},{"id":"885109","latitude":"39.70000000","longitude":"22.01666670","name":"Dhi\u00e1selon"},{"id":"885112","latitude":"39.69194440","longitude":"21.58055560","name":"Dhi\u00e1va"},{"id":"885151","latitude":"39.54305560","longitude":"21.61250000","name":"Dh\u00edlofon"},{"id":"885209","latitude":"39.56833330","longitude":"21.69833330","name":"Dhip\u00f3tamos"},{"id":"885247","latitude":"39.63361110","longitude":"21.34916670","name":"Dholian\u00e1"},{"id":"885311","latitude":"39.47027780","longitude":"21.61805560","name":"Dho\u00fasikon"},{"id":"885313","latitude":"39.47027780","longitude":"21.61805560","name":"Dho\u00faskon"},{"id":"885319","latitude":"39.46222220","longitude":"21.28333330","name":"Dhovr\u00f3\u00ef"},{"id":"885320","latitude":"39.46222220","longitude":"21.28333330","name":"Dhovr\u00f3\u00efon"},{"id":"885372","latitude":"39.46361110","longitude":"21.56138890","name":"Dhram\u00edzi"},{"id":"885462","latitude":"39.51111110","longitude":"21.74138890","name":"Dhroser\u00f3n"},{"id":"885488","latitude":"39.45333330","longitude":"21.37972220","name":"Dialegm\u00e9no"},{"id":"885489","latitude":"39.45333330","longitude":"21.37972220","name":"Dialegm\u00e9non"},{"id":"885490","latitude":"39.59527780","longitude":"21.65111110","name":"Dialekt\u00f3"},{"id":"885491","latitude":"39.59527780","longitude":"21.65111110","name":"Dialekt\u00f3n"},{"id":"885498","latitude":"39.69194440","longitude":"21.58055560","name":"Di\u00e1va"},{"id":"885523","latitude":"39.54305560","longitude":"21.61250000","name":"D\u00edlofo"},{"id":"885525","latitude":"39.54305560","longitude":"21.61250000","name":"D\u00edlofon"},{"id":"885548","latitude":"39.56833330","longitude":"21.69833330","name":"Dip\u00f3tamos"},{"id":"885570","latitude":"39.63361110","longitude":"21.34916670","name":"Dolian\u00e1"},{"id":"885608","latitude":"39.47027780","longitude":"21.61805560","name":"Do\u00fasikon"},{"id":"885609","latitude":"39.47027780","longitude":"21.61805560","name":"Do\u00faskon"},{"id":"885633","latitude":"39.59805560","longitude":"21.29527780","name":"Dragov\u00edstion"},{"id":"885666","latitude":"39.51111110","longitude":"21.74138890","name":"Droser\u00f3"},{"id":"885668","latitude":"39.51111110","longitude":"21.74138890","name":"Droser\u00f3n"},{"id":"885671","latitude":"39.53888890","longitude":"21.35638890","name":"Drosoch\u00f3ri"},{"id":"885673","latitude":"39.53888890","longitude":"21.35638890","name":"Drosoch\u00f3rion"},{"id":"885676","latitude":"39.52055560","longitude":"21.67000000","name":"Drosopig\u00ed"},{"id":"885751","latitude":"39.71361110","longitude":"21.46888890","name":"El\u00e1fi"},{"id":"885753","latitude":"39.71361110","longitude":"21.46888890","name":"El\u00e1fion"},{"id":"885807","latitude":"39.50388890","longitude":"21.53472220","name":"El\u00e1ti"},{"id":"885836","latitude":"39.52861110","longitude":"21.63416670","name":"Eleftheroch\u00f3ri"},{"id":"885842","latitude":"39.52861110","longitude":"21.63416670","name":"Eleftheroch\u00f3rion"},{"id":"885877","latitude":"39.52861110","longitude":"21.63416670","name":"Elevtherokh\u00f3rion"},{"id":"885897","latitude":"39.51194440","longitude":"21.86527780","name":"El\u00ednos"},{"id":"885921","latitude":"39.68972220","longitude":"21.79694440","name":"Ellin\u00f3kastro"},{"id":"885923","latitude":"39.68972220","longitude":"21.79694440","name":"Ellin\u00f3kastron"},{"id":"886172","latitude":"39.53444440","longitude":"21.62611110","name":"Ex\u00e1lofos"},{"id":"886196","latitude":"39.45861110","longitude":"21.31500000","name":"Exoch\u00ed"},{"id":"886260","latitude":"39.54722220","longitude":"21.89361110","name":"Fanerom\u00e9ni"},{"id":"886287","latitude":"39.60000000","longitude":"22.06666670","name":"Farkadh\u00f3n"},{"id":"886323","latitude":"39.51694440","longitude":"21.65555560","name":"F\u00edki"},{"id":"886383","latitude":"39.49194440","longitude":"21.61055560","name":"Fil\u00fdra"},{"id":"886417","latitude":"39.80000000","longitude":"21.75555560","name":"Flambour\u00e9si"},{"id":"886418","latitude":"39.80000000","longitude":"21.75555560","name":"Flambour\u00e9sion"},{"id":"886423","latitude":"39.52611110","longitude":"21.76500000","name":"Flamo\u00fali"},{"id":"886424","latitude":"39.52611110","longitude":"21.76500000","name":"Flamo\u00falion"},{"id":"886430","latitude":"39.52611110","longitude":"21.76500000","name":"Flamo\u00farion"},{"id":"886434","latitude":"39.80000000","longitude":"21.75555560","name":"Flampour\u00e9si"},{"id":"886435","latitude":"39.80000000","longitude":"21.75555560","name":"Flampour\u00e9sion"},{"id":"886446","latitude":"39.84666670","longitude":"21.59638890","name":"Fli\u00e1ka Kerasi\u00e1"},{"id":"886447","latitude":"39.84666670","longitude":"21.59638890","name":"Fli\u00e1ka Kerasi\u00e1s"},{"id":"886463","latitude":"39.52611110","longitude":"21.76500000","name":"Floumouli"},{"id":"886507","latitude":"39.55388890","longitude":"21.68527780","name":"Fot\u00e1da"},{"id":"886508","latitude":"39.55388890","longitude":"21.68527780","name":"Fot\u00e1dha"},{"id":"886516","latitude":"39.83861110","longitude":"21.78416670","name":"Fotein\u00f3"},{"id":"886519","latitude":"39.83861110","longitude":"21.78416670","name":"Fotein\u00f3n"},{"id":"886659","latitude":"39.36611110","longitude":"21.31555560","name":"Ft\u00e9ri"},{"id":"886671","latitude":"39.51694440","longitude":"21.65555560","name":"F\u00fdki"},{"id":"886774","latitude":"39.54083330","longitude":"21.25722220","name":"Gardh\u00edki"},{"id":"886780","latitude":"39.54083330","longitude":"21.25722220","name":"Gardh\u00edkion"},{"id":"886785","latitude":"39.54083330","longitude":"21.25722220","name":"Gard\u00edki"},{"id":"886787","latitude":"39.54083330","longitude":"21.25722220","name":"Gard\u00edkion"},{"id":"886836","latitude":"39.79555560","longitude":"21.58805560","name":"G\u00e1vron"},{"id":"886837","latitude":"39.79555560","longitude":"21.58805560","name":"G\u00e1vronon"},{"id":"886839","latitude":"39.79555560","longitude":"21.58805560","name":"G\u00e1vros"},{"id":"886854","latitude":"39.57861110","longitude":"21.58527780","name":"Gen\u00e9sio"},{"id":"886855","latitude":"39.57861110","longitude":"21.58527780","name":"Gen\u00e9sion"},{"id":"886858","latitude":"39.56833330","longitude":"21.99305560","name":"Georgan\u00e1des"},{"id":"886871","latitude":"39.80444440","longitude":"21.84500000","name":"Gerak\u00e1ri"},{"id":"886874","latitude":"39.80444440","longitude":"21.84500000","name":"Gerak\u00e1rion"},{"id":"886932","latitude":"39.37611110","longitude":"21.28500000","name":"Gkolf\u00e1ri"},{"id":"886933","latitude":"39.37611110","longitude":"21.28500000","name":"Gkolf\u00e1rion"},{"id":"886954","latitude":"39.78833330","longitude":"21.41222220","name":"Gliats\u00e1dhes"},{"id":"886965","latitude":"39.62138890","longitude":"21.52916670","name":"Glikomil\u00e9a"},{"id":"886977","latitude":"39.51194440","longitude":"21.86527780","name":"Gl\u00ednos"},{"id":"886978","latitude":"39.39305560","longitude":"21.28750000","name":"Gl\u00edstra"},{"id":"886991","latitude":"39.62138890","longitude":"21.52916670","name":"Glykomil\u00e9a"},{"id":"886992","latitude":"39.62138890","longitude":"21.52916670","name":"Glykomili\u00e1"},{"id":"887005","latitude":"39.37611110","longitude":"21.28500000","name":"Golf\u00e1rion"},{"id":"887012","latitude":"39.46361110","longitude":"21.69250000","name":"G\u00f3mfoi"},{"id":"887031","latitude":"39.46416670","longitude":"21.41000000","name":"G\u00f3nthi"},{"id":"887035","latitude":"39.37611110","longitude":"21.28500000","name":"Gorf\u00e1ri"},{"id":"887036","latitude":"39.54833330","longitude":"21.58444440","name":"Gorgog\u00fdri"},{"id":"887037","latitude":"39.54833330","longitude":"21.58444440","name":"Gorgog\u00fdrion"},{"id":"887047","latitude":"39.54833330","longitude":"21.58444440","name":"Gorgoy\u00edri"},{"id":"887048","latitude":"39.54833330","longitude":"21.58444440","name":"Gorgoy\u00edrion"},{"id":"887066","latitude":"39.49388890","longitude":"21.68388890","name":"G\u00f3rzi"},{"id":"887139","latitude":"39.49388890","longitude":"21.68388890","name":"Gourz\u00ed"},{"id":"887229","latitude":"39.44888890","longitude":"21.22861110","name":"Grevenos\u00e9li"},{"id":"887230","latitude":"39.44888890","longitude":"21.22861110","name":"Grevenos\u00e9lion"},{"id":"887257","latitude":"39.63333330","longitude":"22.05000000","name":"Gr\u00edtzanon"},{"id":"887261","latitude":"39.63333330","longitude":"22.05000000","name":"Gr\u00edzanon"},{"id":"887311","latitude":"39.40277780","longitude":"21.32611110","name":"Haj\u00ed"},{"id":"887520","latitude":"39.44138890","longitude":"21.47972220","name":"Isi\u00f3mata"},{"id":"887657","latitude":"39.82916670","longitude":"21.43194440","name":"Kakopl\u00e9vri"},{"id":"887658","latitude":"39.82916670","longitude":"21.43194440","name":"Kakopl\u00e9vrion"},{"id":"887676","latitude":"39.70444440","longitude":"21.62694440","name":"Kalab\u00e1ka"},{"id":"887715","latitude":"39.70444440","longitude":"21.62694440","name":"Kalamb\u00e1ka"},{"id":"887766","latitude":"39.70444440","longitude":"21.62694440","name":"Kalamp\u00e1ka"},{"id":"887899","latitude":"39.76722220","longitude":"21.72222220","name":"Kal\u00edvia"},{"id":"888004","latitude":"39.62833330","longitude":"21.29333330","name":"Kallir\u00f3i"},{"id":"888006","latitude":"39.62833330","longitude":"21.29333330","name":"Kallirr\u00f3\u00ef"},{"id":"888021","latitude":"39.76722220","longitude":"21.72222220","name":"Kallith\u00e9a"},{"id":"888063","latitude":"39.74416670","longitude":"21.74833330","name":"Kaloch\u00f3ri"},{"id":"888068","latitude":"39.74416670","longitude":"21.74833330","name":"Kaloch\u00f3rion"},{"id":"888074","latitude":"39.48305560","longitude":"21.52750000","name":"Kal\u00f3giroi"},{"id":"888079","latitude":"39.64805560","longitude":"21.48694440","name":"Kalogrian\u00ed"},{"id":"888114","latitude":"39.75111110","longitude":"21.41000000","name":"Kalomo\u00edra"},{"id":"888117","latitude":"39.63555560","longitude":"21.58583330","name":"Kalon\u00e9ri"},{"id":"888120","latitude":"39.63555560","longitude":"21.58583330","name":"Kalon\u00e9rion"},{"id":"888174","latitude":"39.48305560","longitude":"21.52750000","name":"Kal\u00f3yeroi"},{"id":"888179","latitude":"39.48305560","longitude":"21.52750000","name":"Kal\u00f3yiroi"},{"id":"888193","latitude":"39.71055560","longitude":"21.55000000","name":"Kal\u00fdvai Vanakoul\u00edon"},{"id":"888203","latitude":"39.72500000","longitude":"21.44277780","name":"Kal\u00fdvia"},{"id":"888334","latitude":"39.54916670","longitude":"21.36055560","name":"Kamn\u00e1\u00ef"},{"id":"888335","latitude":"39.54916670","longitude":"21.36055560","name":"Kamn\u00e1\u00efon"},{"id":"888483","latitude":"39.45944440","longitude":"21.27388890","name":"Kapri\u00e1tsa"},{"id":"888484","latitude":"39.42333330","longitude":"21.26194440","name":"Kapr\u00f3\u00ef"},{"id":"888491","latitude":"39.45555560","longitude":"21.37527780","name":"Kaps\u00e1li"},{"id":"888494","latitude":"39.45555560","longitude":"21.37527780","name":"Kaps\u00e1lion"},{"id":"888529","latitude":"39.48333330","longitude":"21.55000000","name":"(( Karageorga\u00ed\u00efka ))"},{"id":"888617","latitude":"39.37333330","longitude":"21.33194440","name":"Karavda\u00ed\u00efka"},{"id":"888632","latitude":"39.48333330","longitude":"21.55000000","name":"Karayeorya\u00edika"},{"id":"888687","latitude":"39.52972220","longitude":"21.77833330","name":"Karia\u00ed"},{"id":"888798","latitude":"39.69388890","longitude":"21.51833330","name":"Karo\u00fatia"},{"id":"888859","latitude":"39.50527780","longitude":"21.59416670","name":"Karvounolepen\u00edtsa"},{"id":"888863","latitude":"39.52972220","longitude":"21.77833330","name":"Karya\u00ed"},{"id":"888873","latitude":"39.52972220","longitude":"21.77833330","name":"Kary\u00e9s"},{"id":"888922","latitude":"39.45000000","longitude":"21.53916670","name":"Kastan\u00e9a"},{"id":"888936","latitude":"39.45000000","longitude":"21.53916670","name":"Kastani\u00e1"},{"id":"888992","latitude":"39.71555560","longitude":"21.61805560","name":"Kastr\u00e1ki"},{"id":"888998","latitude":"39.71555560","longitude":"21.61805560","name":"Kastr\u00e1kion"},{"id":"889072","latitude":"39.63638890","longitude":"21.24777780","name":"Kat\u00e1fiton"},{"id":"889074","latitude":"39.43027780","longitude":"21.52388890","name":"Kataf\u00edyi"},{"id":"889081","latitude":"39.43027780","longitude":"21.52388890","name":"Kataf\u00edyion"},{"id":"889094","latitude":"39.43027780","longitude":"21.52388890","name":"Kataf\u00fdgion"},{"id":"889098","latitude":"39.63638890","longitude":"21.24777780","name":"Kat\u00e1fyto"},{"id":"889099","latitude":"39.63638890","longitude":"21.24777780","name":"Kat\u00e1fyton"},{"id":"889123","latitude":"39.69666670","longitude":"21.58666670","name":"Kat\u00e1lyma"},{"id":"889162","latitude":"39.59194440","longitude":"21.76861110","name":"Kat\u00eddhi"},{"id":"889241","latitude":"39.54111110","longitude":"21.67888890","name":"K\u00e1to El\u00e1ti"},{"id":"889464","latitude":"39.42444440","longitude":"21.51444440","name":"K\u00e1to Palaiokari\u00e1"},{"id":"889465","latitude":"39.42444440","longitude":"21.51444440","name":"K\u00e1to Palaiokary\u00e1"},{"id":"889472","latitude":"39.42444440","longitude":"21.51444440","name":"K\u00e1to Paliokari\u00e1"},{"id":"889473","latitude":"39.42444440","longitude":"21.51444440","name":"K\u00e1to Paliokary\u00e1"},{"id":"889486","latitude":"39.62138890","longitude":"21.52916670","name":"K\u00e1to Perli\u00e1ngo"},{"id":"889487","latitude":"39.62138890","longitude":"21.52916670","name":"K\u00e1to Perli\u00e1ngon"},{"id":"889719","latitude":"39.39305560","longitude":"21.28750000","name":"Kavali\u00f3ra"},{"id":"889834","latitude":"39.58055560","longitude":"21.69305560","name":"Kefal\u00f3vrison"},{"id":"889840","latitude":"39.58055560","longitude":"21.69305560","name":"Kefal\u00f3vryso"},{"id":"889844","latitude":"39.58055560","longitude":"21.69305560","name":"Kefal\u00f3vryson"},{"id":"889928","latitude":"39.56666670","longitude":"22.08333330","name":"Keram\u00eddhi"},{"id":"889930","latitude":"39.56666670","longitude":"22.08333330","name":"Keram\u00eddhion"},{"id":"889964","latitude":"39.84750000","longitude":"21.71805560","name":"Kerasi\u00e1"},{"id":"889971","latitude":"39.84750000","longitude":"21.71805560","name":"Kerasi\u00e1 S\u00ednou"},{"id":"889984","latitude":"39.84750000","longitude":"21.71805560","name":"Keraso\u00fala"},{"id":"890038","latitude":"39.61583330","longitude":"21.76777780","name":"Kha\u00efdhem\u00e9ni"},{"id":"890085","latitude":"39.68333330","longitude":"21.18972220","name":"Khal\u00edki"},{"id":"890087","latitude":"39.68333330","longitude":"21.18972220","name":"Khal\u00edkion"},{"id":"890149","latitude":"39.44388890","longitude":"21.55500000","name":"Kh\u00e1nia"},{"id":"890298","latitude":"39.72583330","longitude":"21.79222220","name":"Khimadhi\u00f3n"},{"id":"890327","latitude":"39.78833330","longitude":"21.41222220","name":"Khlintsi\u00e1dhes"},{"id":"890454","latitude":"39.58583330","longitude":"21.85444440","name":"Khrisavy\u00ed"},{"id":"890471","latitude":"39.60833330","longitude":"21.50000000","name":"Khrisomil\u00e9a"},{"id":"890472","latitude":"39.60833330","longitude":"21.50000000","name":"Khrisomili\u00e1"},{"id":"890587","latitude":"39.56972220","longitude":"21.74472220","name":"Kip\u00e1ki"},{"id":"890588","latitude":"39.56972220","longitude":"21.74472220","name":"Kip\u00e1kion"},{"id":"890750","latitude":"39.66861110","longitude":"21.45388890","name":"Klein\u00f3"},{"id":"890751","latitude":"39.66861110","longitude":"21.45388890","name":"Klein\u00f3n"},{"id":"890797","latitude":"39.66861110","longitude":"21.45388890","name":"Klinov\u00f3s"},{"id":"890820","latitude":"39.56666670","longitude":"22.01666670","name":"Klokot\u00f3s"},{"id":"890878","latitude":"39.75805560","longitude":"21.36805560","name":"Kokhl\u00e9oi"},{"id":"890881","latitude":"39.43305560","longitude":"21.43083330","name":"Kokkala\u00ed\u00efka"},{"id":"891184","latitude":"39.77777780","longitude":"21.79444440","name":"Konisk\u00f3s"},{"id":"891233","latitude":"39.71111110","longitude":"21.68972220","name":"K\u00f3praina"},{"id":"891239","latitude":"39.71111110","longitude":"21.68972220","name":"K\u00f3prena"},{"id":"891241","latitude":"39.45944440","longitude":"21.27388890","name":"Kopri\u00e1tsa"},{"id":"891262","latitude":"39.65388890","longitude":"21.82222220","name":"K\u00f3rbovon"},{"id":"891284","latitude":"39.80916670","longitude":"21.34166670","name":"Koridhall\u00f3s"},{"id":"891285","latitude":"39.80916670","longitude":"21.34166670","name":"Koridhal\u00f3s"},{"id":"891295","latitude":"39.42333330","longitude":"21.26194440","name":"Korif\u00ed"},{"id":"891298","latitude":"39.53777780","longitude":"21.56166670","name":"K\u00f3ri"},{"id":"891321","latitude":"39.43527780","longitude":"21.37027780","name":"Korn\u00e9si"},{"id":"891329","latitude":"39.67333330","longitude":"21.56833330","name":"Koromil\u00e9a"},{"id":"891334","latitude":"39.67333330","longitude":"21.56833330","name":"Koromili\u00e1"},{"id":"891358","latitude":"39.80916670","longitude":"21.34166670","name":"Korydall\u00f3s"},{"id":"891361","latitude":"39.42333330","longitude":"21.26194440","name":"Koryf\u00ed"},{"id":"891399","latitude":"39.53444440","longitude":"21.62611110","name":"Kostar\u00e9\u00efka"},{"id":"891400","latitude":"39.53444440","longitude":"21.62611110","name":"Kostarela\u00ed\u00efka"},{"id":"891401","latitude":"39.53444440","longitude":"21.62611110","name":"Kostarella\u00edika"},{"id":"891417","latitude":"39.39333330","longitude":"21.36277780","name":"Koth\u00f3ni"},{"id":"891418","latitude":"39.39333330","longitude":"21.36277780","name":"Koth\u00f3nion"},{"id":"891431","latitude":"39.46361110","longitude":"21.56138890","name":"Kotr\u00f3ni"},{"id":"891436","latitude":"39.46361110","longitude":"21.56138890","name":"Kotr\u00f3nion"},{"id":"891466","latitude":"39.63638890","longitude":"21.24777780","name":"K\u00f3ttori"},{"id":"891502","latitude":"39.75805560","longitude":"21.36805560","name":"Koukla\u00edoi"},{"id":"891582","latitude":"39.72861110","longitude":"21.88944440","name":"Koumari\u00e1"},{"id":"891647","latitude":"39.54722220","longitude":"21.89361110","name":"Kourbal\u00edon"},{"id":"891750","latitude":"39.45166670","longitude":"21.49055560","name":"Ko\u00fatsaina"},{"id":"891772","latitude":"39.61666670","longitude":"22.23333330","name":"Kouts\u00f3kheron"},{"id":"891819","latitude":"39.67361110","longitude":"21.68361110","name":"Kouv\u00e9ltsi"},{"id":"891851","latitude":"39.62166670","longitude":"21.34972220","name":"Kran\u00e9a"},{"id":"891859","latitude":"39.62166670","longitude":"21.34972220","name":"Krani\u00e1"},{"id":"891925","latitude":"39.68916670","longitude":"21.55250000","name":"Kr\u00eda Vr\u00edsi"},{"id":"891959","latitude":"39.61666670","longitude":"22.01666670","name":"Kr\u00edni"},{"id":"891964","latitude":"39.58861110","longitude":"21.79500000","name":"Krin\u00edtsa"},{"id":"892033","latitude":"39.57500000","longitude":"21.89250000","name":"Krits\u00edni"},{"id":"892034","latitude":"39.57500000","longitude":"21.89250000","name":"Krits\u00ednion"},{"id":"892037","latitude":"39.84333330","longitude":"21.68527780","name":"Kritsot\u00e1des"},{"id":"892038","latitude":"39.84333330","longitude":"21.68527780","name":"Kritsot\u00e1dhes"},{"id":"892072","latitude":"39.68916670","longitude":"21.55250000","name":"Kr\u00fda Vr\u00fdsi"},{"id":"892120","latitude":"39.54722220","longitude":"21.89361110","name":"Kurbal\u00ed"},{"id":"892126","latitude":"39.68972220","longitude":"21.79694440","name":"K\u00farsovon"},{"id":"892195","latitude":"39.44388890","longitude":"21.25666670","name":"Laf\u00edna"},{"id":"892213","latitude":"39.65388890","longitude":"21.82222220","name":"Lagkadi\u00e1"},{"id":"892365","latitude":"39.65388890","longitude":"21.82222220","name":"Langadhi\u00e1"},{"id":"892487","latitude":"39.48027780","longitude":"21.31472220","name":"Lefa\u00ed\u00efka"},{"id":"892560","latitude":"39.66194440","longitude":"21.21833330","name":"Lepen\u00edtsa"},{"id":"892579","latitude":"39.42527780","longitude":"21.37361110","name":"Leptokari\u00e1"},{"id":"892587","latitude":"39.42527780","longitude":"21.37361110","name":"Leptokary\u00e1"},{"id":"892599","latitude":"39.49194440","longitude":"21.61055560","name":"Lesian\u00e1"},{"id":"892729","latitude":"39.79583330","longitude":"21.32888890","name":"Lib\u00f3khovo"},{"id":"892740","latitude":"39.49388890","longitude":"21.68388890","name":"Ligari\u00e1"},{"id":"892814","latitude":"39.52777780","longitude":"21.68250000","name":"Lil\u00ed"},{"id":"892901","latitude":"39.67222220","longitude":"21.83777780","name":"Li\u00f3praso"},{"id":"892902","latitude":"39.67222220","longitude":"21.83777780","name":"Li\u00f3prason"},{"id":"892903","latitude":"39.67222220","longitude":"21.83777780","name":"Li\u00f3prasson"},{"id":"892911","latitude":"39.51166670","longitude":"21.52972220","name":"Lipi\u00f3ta"},{"id":"893027","latitude":"39.46416670","longitude":"21.41000000","name":"Livadhokh\u00f3ri"},{"id":"893029","latitude":"39.46416670","longitude":"21.41000000","name":"Livadhokh\u00f3rion"},{"id":"893047","latitude":"39.46416670","longitude":"21.41000000","name":"Livadoch\u00f3ri"},{"id":"893048","latitude":"39.46416670","longitude":"21.41000000","name":"Livadoch\u00f3rion"},{"id":"893090","latitude":"39.80111110","longitude":"21.89972220","name":"Logk\u00e1"},{"id":"893106","latitude":"39.57750000","longitude":"21.77861110","name":"Long\u00e1ki"},{"id":"893107","latitude":"39.57750000","longitude":"21.77861110","name":"Long\u00e1kion"},{"id":"893109","latitude":"39.80111110","longitude":"21.89972220","name":"Long\u00e1"},{"id":"893118","latitude":"39.44888890","longitude":"21.46888890","name":"Long\u00e9s"},{"id":"893119","latitude":"39.44472220","longitude":"21.56750000","name":"Longia\u00ed"},{"id":"893121","latitude":"39.44472220","longitude":"21.56750000","name":"Longi\u00e9s"},{"id":"893129","latitude":"39.52944440","longitude":"21.83666670","name":"L\u00f3ngos Ahm\u00e9t-Ag\u00e1"},{"id":"893130","latitude":"39.52944440","longitude":"21.83666670","name":"L\u00f3ngos"},{"id":"893136","latitude":"39.52944440","longitude":"21.83666670","name":"L\u00f3ngos Trikk\u00e1lon"},{"id":"893264","latitude":"39.71361110","longitude":"21.46888890","name":"Louz\u00e9sti"},{"id":"893265","latitude":"39.71361110","longitude":"21.46888890","name":"Louz\u00e9stion"},{"id":"893266","latitude":"39.71361110","longitude":"21.46888890","name":"Louz\u00e9st"},{"id":"893282","latitude":"39.49388890","longitude":"21.68388890","name":"Lygari\u00e1"},{"id":"893458","latitude":"39.78111110","longitude":"21.28500000","name":"Malak\u00e1si"},{"id":"893460","latitude":"39.78111110","longitude":"21.28500000","name":"Malak\u00e1sion"},{"id":"893555","latitude":"39.74416670","longitude":"21.74833330","name":"Mandhrav\u00e9li"},{"id":"893585","latitude":"39.74416670","longitude":"21.74833330","name":"Mandrav\u00e9li"},{"id":"893586","latitude":"39.74416670","longitude":"21.74833330","name":"Mandrav\u00e9lion"},{"id":"893889","latitude":"39.75805560","longitude":"21.36805560","name":"Maton\u00e9ri"},{"id":"893890","latitude":"39.75805560","longitude":"21.36805560","name":"Maton\u00e9rion"},{"id":"893898","latitude":"39.54361110","longitude":"21.65222220","name":"Matsouki\u00f3tika"},{"id":"893910","latitude":"39.83444440","longitude":"21.86250000","name":"Mavr\u00e9li"},{"id":"893911","latitude":"39.83444440","longitude":"21.86250000","name":"Mavr\u00e9lion"},{"id":"893921","latitude":"39.72833330","longitude":"21.54833330","name":"Mavroch\u00f3rion"},{"id":"894067","latitude":"39.70000000","longitude":"22.08333330","name":"M\u00e9ga Elevtherokh\u00f3ri"},{"id":"894068","latitude":"39.70000000","longitude":"22.08333330","name":"M\u00e9ga Elevtherokh\u00f3rion"},{"id":"894076","latitude":"39.58916670","longitude":"21.72888890","name":"M\u00e9ga Kefal\u00f3vrison"},{"id":"894077","latitude":"39.58916670","longitude":"21.72888890","name":"M\u00e9ga Kefal\u00f3vryso"},{"id":"894078","latitude":"39.58916670","longitude":"21.72888890","name":"M\u00e9ga Kefal\u00f3vryson"},{"id":"894085","latitude":"39.50000000","longitude":"21.78750000","name":"Meg\u00e1la Kal\u00edvia"},{"id":"894086","latitude":"39.50000000","longitude":"21.78750000","name":"Meg\u00e1la Kal\u00fdvia"},{"id":"894101","latitude":"39.75361110","longitude":"21.49694440","name":"Meg\u00e1li Keras\u00e9a"},{"id":"894102","latitude":"39.75361110","longitude":"21.49694440","name":"Meg\u00e1li Kerasi\u00e1"},{"id":"894111","latitude":"39.51194440","longitude":"21.70111110","name":"Megali Poli\u00e1na"},{"id":"894112","latitude":"39.51194440","longitude":"21.70111110","name":"Meg\u00e1li Pouli\u00e1na"},{"id":"894117","latitude":"39.52722220","longitude":"21.25027780","name":"M\u00e9ga Lith\u00e1rion"},{"id":"894130","latitude":"39.55944440","longitude":"21.84083330","name":"Megaloch\u00f3ri"},{"id":"894132","latitude":"39.55944440","longitude":"21.84083330","name":"Megaloch\u00f3rion"},{"id":"894141","latitude":"39.58916670","longitude":"21.72888890","name":"Meg\u00e1lo Kefal\u00f3vrison"},{"id":"894145","latitude":"39.55944440","longitude":"21.84083330","name":"Meg\u00e1lo Khori\u00f3"},{"id":"894149","latitude":"39.55944440","longitude":"21.84083330","name":"Megalokh\u00f3rion"},{"id":"894188","latitude":"39.60972220","longitude":"21.64277780","name":"Meg\u00e1rchi"},{"id":"894193","latitude":"39.60972220","longitude":"21.64277780","name":"Meg\u00e1rkhi"},{"id":"894253","latitude":"39.54722220","longitude":"21.66916670","name":"M\u00e9ligos"},{"id":"894321","latitude":"39.36166670","longitude":"21.35694440","name":"(( Melog\u00f3zi ))"},{"id":"894367","latitude":"39.82805560","longitude":"21.49000000","name":"Mer\u00edtsa"},{"id":"894368","latitude":"39.82805560","longitude":"21.49000000","name":"Meritza"},{"id":"894369","latitude":"39.58916670","longitude":"21.72888890","name":"M\u00e9rji Meg\u00e1lon"},{"id":"894370","latitude":"39.58055560","longitude":"21.69305560","name":"M\u00e9rji Mikr\u00f3n"},{"id":"894438","latitude":"39.53750000","longitude":"21.68166670","name":"Mesiak\u00e1"},{"id":"894468","latitude":"39.41638890","longitude":"21.50027780","name":"M\u00e9si Palaiokari\u00e1"},{"id":"894469","latitude":"39.41638890","longitude":"21.50027780","name":"M\u00e9si Palaiokary\u00e1"},{"id":"894470","latitude":"39.41638890","longitude":"21.50027780","name":"M\u00e9si Paliokari\u00e1"},{"id":"894471","latitude":"39.41638890","longitude":"21.50027780","name":"M\u00e9si Paliokary\u00e1"},{"id":"894475","latitude":"39.47388890","longitude":"21.32416670","name":"Mesoch\u00f3ra"},{"id":"894483","latitude":"39.47388890","longitude":"21.32416670","name":"Mesokh\u00f3ra"},{"id":"894496","latitude":"39.75000000","longitude":"22.10000000","name":"Mesokh\u00f3rion"},{"id":"894595","latitude":"39.51027780","longitude":"21.60083330","name":"Metam\u00f3rfosis"},{"id":"894625","latitude":"39.41333330","longitude":"21.38166670","name":"Met\u00f3chi"},{"id":"894627","latitude":"39.41333330","longitude":"21.38166670","name":"Met\u00f3chion"},{"id":"894674","latitude":"39.41333330","longitude":"21.38166670","name":"Met\u00f3khion"},{"id":"894700","latitude":"39.64666670","longitude":"21.61333330","name":"Met\u00f3khi Vitoum\u00e1"},{"id":"894771","latitude":"39.48861110","longitude":"21.71694440","name":"Mikrapouli\u00e1na"},{"id":"894781","latitude":"39.48861110","longitude":"21.71694440","name":"Mikr\u00ed Poli\u00e1na"},{"id":"894840","latitude":"39.53500000","longitude":"21.76805560","name":"Mikr\u00f3n Flamo\u00falion"},{"id":"894907","latitude":"39.59222220","longitude":"21.27861110","name":"Mil\u00e9a"},{"id":"894928","latitude":"39.59222220","longitude":"21.27861110","name":"Mili\u00e1"},{"id":"894959","latitude":"39.75000000","longitude":"22.10000000","name":"Mil\u00f3gousta"},{"id":"894991","latitude":"39.72500000","longitude":"21.44277780","name":"Mil\u00f3topos"},{"id":"895000","latitude":"39.45611110","longitude":"21.36583330","name":"Minga\u00ed\u00efka"},{"id":"895028","latitude":"39.36694440","longitude":"21.32472220","name":"Mir\u00f3fillon"},{"id":"895029","latitude":"39.36694440","longitude":"21.32472220","name":"Mir\u00f3kovon"},{"id":"895272","latitude":"39.43527780","longitude":"21.37027780","name":"Mosch\u00f3fyto"},{"id":"895273","latitude":"39.43527780","longitude":"21.37027780","name":"Mosch\u00f3fyton"},{"id":"895278","latitude":"39.43527780","longitude":"21.37027780","name":"Moskh\u00f3fiton"},{"id":"895326","latitude":"39.73694440","longitude":"21.54138890","name":"Mourgk\u00e1ni"},{"id":"895328","latitude":"39.48861110","longitude":"21.71694440","name":"Mouri\u00e1"},{"id":"895384","latitude":"39.52722220","longitude":"21.25027780","name":"Mouts\u00e1ra"},{"id":"895386","latitude":"39.52722220","longitude":"21.25027780","name":"Moutsi\u00e1ra"},{"id":"895450","latitude":"39.36694440","longitude":"21.32472220","name":"Myr\u00f3fyllo"},{"id":"895451","latitude":"39.36694440","longitude":"21.32472220","name":"Myr\u00f3fyllon"},{"id":"895582","latitude":"39.79583330","longitude":"21.32888890","name":"N\u00e9a Koutso\u00fafliani"},{"id":"895584","latitude":"39.79583330","longitude":"21.32888890","name":"N\u00e9a Kuts\u00fafliani"},{"id":"895618","latitude":"39.46833330","longitude":"21.36500000","name":"N\u00e9a P\u00e9fki"},{"id":"895624","latitude":"39.46833330","longitude":"21.36500000","name":"N\u00e9a P\u00e9vki"},{"id":"895663","latitude":"39.72861110","longitude":"21.88944440","name":"N\u00e9a Sm\u00f3lia"},{"id":"895686","latitude":"39.72583330","longitude":"21.79222220","name":"N\u00e9a Zo\u00ed"},{"id":"895724","latitude":"39.60666670","longitude":"21.98083330","name":"Neoch\u00f3ri"},{"id":"895734","latitude":"39.60666670","longitude":"21.98083330","name":"Neoch\u00f3rion"},{"id":"895781","latitude":"39.60666670","longitude":"21.98083330","name":"Neokhori"},{"id":"895811","latitude":"39.60666670","longitude":"21.98083330","name":"Neokh\u00f3rion"},{"id":"895943","latitude":"39.44888890","longitude":"21.22861110","name":"Ner\u00e1\u00efda"},{"id":"895948","latitude":"39.44888890","longitude":"21.22861110","name":"Ner\u00e1\u00efdha"},{"id":"895954","latitude":"39.52888890","longitude":"21.43611110","name":"Nera\u00efdhokh\u00f3rion"},{"id":"895956","latitude":"39.52888890","longitude":"21.43611110","name":"Nera\u00efdoch\u00f3ri"},{"id":"895957","latitude":"39.52888890","longitude":"21.43611110","name":"Nera\u00efdoch\u00f3rion"},{"id":"896056","latitude":"39.63555560","longitude":"21.58583330","name":"Nikl\u00edtsi"},{"id":"896057","latitude":"39.63555560","longitude":"21.58583330","name":"Nikl\u00edtsion"},{"id":"896088","latitude":"39.60666670","longitude":"21.98083330","name":"Niokh\u00f3ri"},{"id":"896141","latitude":"39.53027780","longitude":"21.93444440","name":"Nom\u00ed"},{"id":"896183","latitude":"39.60666670","longitude":"21.98083330","name":"Oichal\u00eda"},{"id":"896280","latitude":"39.43777780","longitude":"21.33694440","name":"Orein\u00ed"},{"id":"896355","latitude":"39.76277780","longitude":"21.46750000","name":"Orthovo\u00fanion"},{"id":"896356","latitude":"39.76277780","longitude":"21.46750000","name":"Orthovo\u00fani"},{"id":"896375","latitude":"39.86750000","longitude":"21.46555560","name":"Ostrov\u00f3s"},{"id":"896385","latitude":"39.61722220","longitude":"21.63583330","name":"Ouran\u00f3s"},{"id":"896398","latitude":"39.82805560","longitude":"21.49000000","name":"Ox\u00ednia"},{"id":"896402","latitude":"39.82805560","longitude":"21.49000000","name":"Ox\u00fdneia"},{"id":"896405","latitude":"39.47250000","longitude":"21.25527780","name":"Pachto\u00farion"},{"id":"896406","latitude":"39.47250000","longitude":"21.25527780","name":"Pachto\u00fari"},{"id":"896446","latitude":"39.47250000","longitude":"21.25527780","name":"Pakhto\u00farion"},{"id":"896447","latitude":"39.47250000","longitude":"21.25527780","name":"Pakhto\u00fari"},{"id":"896464","latitude":"39.83694440","longitude":"21.30500000","name":"Palai\u00e1 Koutso\u00fafliani"},{"id":"896465","latitude":"39.83694440","longitude":"21.30500000","name":"Palai\u00e1 Kuts\u00fafliani"},{"id":"896480","latitude":"39.71916670","longitude":"21.93166670","name":"Palai\u00e1 Sm\u00f3lia"},{"id":"896506","latitude":"39.60833330","longitude":"21.41944440","name":"Palaioch\u00f3rion"},{"id":"896516","latitude":"39.60833330","longitude":"21.41944440","name":"Palaioch\u00f3ri"},{"id":"896520","latitude":"39.57361110","longitude":"21.92777780","name":"Palaiogardh\u00edkion"},{"id":"896521","latitude":"39.57361110","longitude":"21.92777780","name":"Palaiogardh\u00edki"},{"id":"896522","latitude":"39.57361110","longitude":"21.92777780","name":"Palaiogard\u00edkion"},{"id":"896523","latitude":"39.57361110","longitude":"21.92777780","name":"Palaiogard\u00edki"},{"id":"896573","latitude":"39.60833330","longitude":"21.41944440","name":"Palaiokh\u00f3rion"},{"id":"896591","latitude":"39.44333330","longitude":"21.48750000","name":"Palaiokh\u00f3ri"},{"id":"896622","latitude":"39.46250000","longitude":"21.65861110","name":"Palaiomon\u00e1stiron"},{"id":"896623","latitude":"39.46250000","longitude":"21.65861110","name":"Palaiomon\u00e1stiro"},{"id":"896671","latitude":"39.60722220","longitude":"21.81722220","name":"Palai\u00f3pirgos"},{"id":"896680","latitude":"39.60722220","longitude":"21.81722220","name":"Palai\u00f3pyrgos"},{"id":"896748","latitude":"39.52583330","longitude":"21.30111110","name":"Palioch\u00f3rion"},{"id":"896749","latitude":"39.44333330","longitude":"21.48750000","name":"Palioch\u00f3ri"},{"id":"896755","latitude":"39.41555560","longitude":"21.48833330","name":"Paliokari\u00e1"},{"id":"896772","latitude":"39.52583330","longitude":"21.30111110","name":"Paliokh\u00f3rion"},{"id":"896779","latitude":"39.60833330","longitude":"21.41944440","name":"Paliokh\u00f3ri"},{"id":"896807","latitude":"39.46250000","longitude":"21.65861110","name":"Paliomonast\u00edrion"},{"id":"896808","latitude":"39.46250000","longitude":"21.65861110","name":"Paliomonast\u00edri"},{"id":"896816","latitude":"39.60722220","longitude":"21.81722220","name":"Pali\u00f3pirgos"},{"id":"896891","latitude":"39.79583330","longitude":"21.32888890","name":"Panag\u00eda"},{"id":"896922","latitude":"39.79583330","longitude":"21.32888890","name":"Panay\u00eda"},{"id":"896941","latitude":"39.60000000","longitude":"22.05000000","name":"Panay\u00edtsa"},{"id":"896955","latitude":"39.52722220","longitude":"21.25027780","name":"Pand\u00e9vyeni"},{"id":"896958","latitude":"39.69972220","longitude":"21.55277780","name":"Pandoche\u00eda"},{"id":"896985","latitude":"39.70000000","longitude":"22.01666670","name":"P\u00e1nitsa"},{"id":"897018","latitude":"39.52722220","longitude":"21.25027780","name":"Pant\u00e9vgeni"},{"id":"897042","latitude":"39.52055560","longitude":"21.67000000","name":"Papa\u00ed\u00efka"},{"id":"897085","latitude":"39.52055560","longitude":"21.67000000","name":"Pappa\u00edika"},{"id":"897149","latitude":"39.46305560","longitude":"21.43138890","name":"Par\u00e1meron"},{"id":"897150","latitude":"39.46305560","longitude":"21.43138890","name":"Par\u00e1mero"},{"id":"897160","latitude":"39.53277780","longitude":"21.69972220","name":"Parap\u00f3tamos"},{"id":"897168","latitude":"39.65694440","longitude":"21.61777780","name":"Paraskev\u00ed"},{"id":"897258","latitude":"39.53527780","longitude":"21.86527780","name":"Patouli\u00e1"},{"id":"897319","latitude":"39.79638890","longitude":"21.38027780","name":"P\u00e9fki"},{"id":"897352","latitude":"39.39333330","longitude":"21.36277780","name":"Pelin\u00e9rion"},{"id":"897474","latitude":"39.59194440","longitude":"21.76861110","name":"Perdhikorr\u00e1khi"},{"id":"897487","latitude":"39.59194440","longitude":"21.76861110","name":"Perdikorr\u00e1chi"},{"id":"897507","latitude":"39.64388890","longitude":"21.64472220","name":"Perist\u00e9ra"},{"id":"897590","latitude":"39.54138890","longitude":"21.46638890","name":"Perto\u00falion"},{"id":"897591","latitude":"39.54138890","longitude":"21.46638890","name":"Perto\u00fali"},{"id":"897677","latitude":"39.44944440","longitude":"21.52000000","name":"Petroch\u00f3rion"},{"id":"897679","latitude":"39.44944440","longitude":"21.52000000","name":"Petroch\u00f3ri"},{"id":"897686","latitude":"39.44944440","longitude":"21.52000000","name":"Petrokh\u00f3rion"},{"id":"897691","latitude":"39.44944440","longitude":"21.52000000","name":"Petrokh\u00f3ri"},{"id":"897699","latitude":"39.56166670","longitude":"21.92861110","name":"Petr\u00f3poron"},{"id":"897700","latitude":"39.56166670","longitude":"21.92861110","name":"Petr\u00f3poros"},{"id":"897709","latitude":"39.58611110","longitude":"21.96305560","name":"Petrot\u00f3n"},{"id":"897715","latitude":"39.58611110","longitude":"21.96305560","name":"Petrot\u00f3"},{"id":"897723","latitude":"39.54138890","longitude":"21.46638890","name":"Petro\u00fali"},{"id":"897757","latitude":"39.79638890","longitude":"21.38027780","name":"P\u00e9vki"},{"id":"897789","latitude":"39.50527780","longitude":"21.59416670","name":"Pi\u00e1leia"},{"id":"897790","latitude":"39.50527780","longitude":"21.59416670","name":"Pi\u00e1lia"},{"id":"897832","latitude":"39.51194440","longitude":"21.70111110","name":"Pig\u00ed"},{"id":"897865","latitude":"39.45805560","longitude":"21.61888890","name":"P\u00edli"},{"id":"897889","latitude":"39.58333330","longitude":"22.16666670","name":"Pini\u00e1s"},{"id":"897917","latitude":"39.56277780","longitude":"21.74277780","name":"P\u00edrgos-K\u00f3kkinos"},{"id":"897926","latitude":"39.56277780","longitude":"21.74277780","name":"P\u00edrgos"},{"id":"897956","latitude":"39.53666670","longitude":"21.40638890","name":"P\u00edrra"},{"id":"897967","latitude":"39.55194440","longitude":"21.74805560","name":"Piryet\u00f3s"},{"id":"898054","latitude":"39.51194440","longitude":"21.70111110","name":"Piy\u00ed"},{"id":"898122","latitude":"39.44055560","longitude":"21.35027780","name":"Platan\u00e1kia"},{"id":"898127","latitude":"39.44055560","longitude":"21.35027780","name":"Platan\u00e1ki"},{"id":"898151","latitude":"39.37027780","longitude":"21.28972220","name":"Platani\u00e1s"},{"id":"898165","latitude":"39.83694440","longitude":"21.30500000","name":"Plat\u00e1nistos"},{"id":"898187","latitude":"39.45861110","longitude":"21.31500000","name":"Pl\u00e1tanos"},{"id":"898288","latitude":"39.46833330","longitude":"21.36500000","name":"Pl\u00f3pion"},{"id":"898289","latitude":"39.46833330","longitude":"21.36500000","name":"Pl\u00f3pi"},{"id":"898329","latitude":"39.51194440","longitude":"21.70111110","name":"Poli\u00e1na Meg\u00e1li"},{"id":"898389","latitude":"39.39333330","longitude":"21.36277780","name":"Polin\u00e9rion"},{"id":"898416","latitude":"39.59805560","longitude":"21.29527780","name":"Polith\u00e9a"},{"id":"898458","latitude":"39.39333330","longitude":"21.36277780","name":"Polyn\u00e9rion"},{"id":"898460","latitude":"39.39333330","longitude":"21.36277780","name":"Polyn\u00e9ri"},{"id":"898467","latitude":"39.59805560","longitude":"21.29527780","name":"Polyth\u00e9a"},{"id":"898524","latitude":"39.45805560","longitude":"21.61888890","name":"P\u00f3rta Paz\u00e1ri"},{"id":"898525","latitude":"39.45805560","longitude":"21.61888890","name":"P\u00f3rta Paz\u00e1r"},{"id":"898693","latitude":"39.69194440","longitude":"21.58055560","name":"Prev\u00e9nda"},{"id":"898715","latitude":"39.56972220","longitude":"21.61083330","name":"Pr\u00ednos"},{"id":"898742","latitude":"39.56444440","longitude":"21.58916670","name":"Pr\u00f3dhromos"},{"id":"898753","latitude":"39.56444440","longitude":"21.58916670","name":"Pr\u00f3dromos"},{"id":"898890","latitude":"39.54916670","longitude":"21.36055560","name":"Psikh\u00ed"},{"id":"898904","latitude":"39.84333330","longitude":"21.68527780","name":"Ps\u00edloma"},{"id":"898923","latitude":"39.54916670","longitude":"21.36055560","name":"Psych\u00ed"},{"id":"898960","latitude":"39.45805560","longitude":"21.61888890","name":"P\u00fdli"},{"id":"898965","latitude":"39.55194440","longitude":"21.74805560","name":"Pyrget\u00f3s"},{"id":"898972","latitude":"39.37166670","longitude":"21.30500000","name":"P\u00fdrgos"},{"id":"898979","latitude":"39.53666670","longitude":"21.40638890","name":"P\u00fdrra"},{"id":"898997","latitude":"39.44388890","longitude":"21.55500000","name":"R\u00e1chovon"},{"id":"899091","latitude":"39.46361110","longitude":"21.69250000","name":"R\u00e1psista"},{"id":"899117","latitude":"39.61055560","longitude":"21.75000000","name":"R\u00e1xa"},{"id":"899236","latitude":"39.53833330","longitude":"21.79972220","name":"Rizarei\u00f3n"},{"id":"899237","latitude":"39.53833330","longitude":"21.79972220","name":"Rizarei\u00f3"},{"id":"899239","latitude":"39.53833330","longitude":"21.79972220","name":"Rizari\u00f3n"},{"id":"899267","latitude":"39.66500000","longitude":"21.73500000","name":"R\u00edzoma"},{"id":"899305","latitude":"39.41666670","longitude":"21.50000000","name":"Rodhi\u00e1"},{"id":"899348","latitude":"39.56055560","longitude":"21.71166670","name":"R\u00f3gkia"},{"id":"899390","latitude":"39.56055560","longitude":"21.71166670","name":"R\u00f3ngia"},{"id":"899394","latitude":"39.41972220","longitude":"21.54138890","name":"Ropot\u00e1"},{"id":"899395","latitude":"39.41972220","longitude":"21.54138890","name":"Ropot\u00f3n"},{"id":"899396","latitude":"39.41972220","longitude":"21.54138890","name":"Ropot\u00f3"},{"id":"899620","latitude":"39.66222220","longitude":"21.63694440","name":"Sarak\u00edna"},{"id":"899827","latitude":"39.50444440","longitude":"21.90638890","name":"Servot\u00e1"},{"id":"900053","latitude":"39.84750000","longitude":"21.71805560","name":"S\u00edna Kerasi\u00e1"},{"id":"900415","latitude":"39.78944440","longitude":"21.62666670","name":"Skep\u00e1rion"},{"id":"900416","latitude":"39.78944440","longitude":"21.62666670","name":"Skep\u00e1ri"},{"id":"900417","latitude":"39.78944440","longitude":"21.62666670","name":"Skep\u00e1rni"},{"id":"900499","latitude":"39.66500000","longitude":"21.73500000","name":"Skl\u00e1taina"},{"id":"900518","latitude":"39.67805560","longitude":"21.30166670","name":"Sklini\u00e1sia"},{"id":"900524","latitude":"39.48916670","longitude":"21.32444440","name":"Skl\u00edthra"},{"id":"900531","latitude":"39.44388890","longitude":"21.25666670","name":"Skl\u00edvenon"},{"id":"900532","latitude":"39.44388890","longitude":"21.25666670","name":"Skl\u00edveno"},{"id":"900723","latitude":"39.58666670","longitude":"21.75388890","name":"Sot\u00edra"},{"id":"900727","latitude":"39.58666670","longitude":"21.75388890","name":"Sot\u00edras"},{"id":"900853","latitude":"39.69750000","longitude":"21.71555560","name":"Spath\u00e1des"},{"id":"900854","latitude":"39.69750000","longitude":"21.71555560","name":"Spath\u00e1dhes"},{"id":"900855","latitude":"39.45833330","longitude":"21.44750000","name":"Spatha\u00ed\u00efka"},{"id":"900909","latitude":"39.45666670","longitude":"21.33305560","name":"Sp\u00edtia"},{"id":"900912","latitude":"39.67805560","longitude":"21.30166670","name":"Splin\u00edasa"},{"id":"900926","latitude":"39.85083330","longitude":"21.45138890","name":"Stagi\u00e1des"},{"id":"901047","latitude":"39.85083330","longitude":"21.45138890","name":"Stayi\u00e1dhes"},{"id":"901059","latitude":"39.67805560","longitude":"21.30166670","name":"Stef\u00e1nion"},{"id":"901063","latitude":"39.67805560","longitude":"21.30166670","name":"Stef\u00e1ni"},{"id":"901068","latitude":"39.51111110","longitude":"21.74138890","name":"Stefanosa\u00edoi"},{"id":"901154","latitude":"39.45166670","longitude":"21.49055560","name":"Stournara\u00ed\u00efka"},{"id":"901157","latitude":"39.45166670","longitude":"21.49055560","name":"Stournar\u00e9\u00efka"},{"id":"901235","latitude":"39.79638890","longitude":"21.38027780","name":"Stro\u00faza"},{"id":"901301","latitude":"39.49944440","longitude":"21.31944440","name":"Synoikism\u00f3s Armatoliko\u00fa"},{"id":"901305","latitude":"39.50222220","longitude":"21.31805560","name":"Synoikism\u00f3s Mesoch\u00f3ras"},{"id":"901375","latitude":"39.57500000","longitude":"21.89250000","name":"Taxi\u00e1rchai"},{"id":"901376","latitude":"39.57500000","longitude":"21.89250000","name":"Taxi\u00e1rches"},{"id":"901497","latitude":"39.67361110","longitude":"21.68361110","name":"The\u00f3petra"},{"id":"901500","latitude":"39.84666670","longitude":"21.59638890","name":"Theot\u00f3kos"},{"id":"901599","latitude":"39.53888890","longitude":"21.35638890","name":"Tiflos\u00e9lion"},{"id":"901600","latitude":"39.53888890","longitude":"21.35638890","name":"Tiflos\u00e9li"},{"id":"901601","latitude":"39.53888890","longitude":"21.35638890","name":"Tiflos\u00e9llion"},{"id":"901602","latitude":"39.53888890","longitude":"21.35638890","name":"Tifros\u00e9llion"},{"id":"901606","latitude":"39.49555560","longitude":"21.52277780","name":"Tikh\u00e1\u00ef"},{"id":"901634","latitude":"39.50388890","longitude":"21.53472220","name":"T\u00edrna"},{"id":"901656","latitude":"39.61583330","longitude":"21.76777780","name":"Tolp\u00edtsa"},{"id":"901688","latitude":"39.56972220","longitude":"21.61083330","name":"T\u00f3skesi"},{"id":"901723","latitude":"39.58583330","longitude":"21.85444440","name":"Tournavo\u00ed"},{"id":"901724","latitude":"39.58583330","longitude":"21.85444440","name":"Tournav\u00f3s"},{"id":"901728","latitude":"39.46527780","longitude":"21.34944440","name":"To\u00farnos"},{"id":"901739","latitude":"39.81805560","longitude":"21.72222220","name":"Trachani\u00f3tis"},{"id":"901751","latitude":"39.81805560","longitude":"21.72222220","name":"Trakhani\u00f3tis"},{"id":"901752","latitude":"39.81805560","longitude":"21.72222220","name":"Trakhani\u00f3ti"},{"id":"901763","latitude":"39.81805560","longitude":"21.72222220","name":"Trakhon\u00edti"},{"id":"901828","latitude":"39.71055560","longitude":"21.55000000","name":"Trif\u00fdllia"},{"id":"901835","latitude":"39.78833330","longitude":"21.41222220","name":"Trig\u00f3na"},{"id":"901839","latitude":"39.78833330","longitude":"21.41222220","name":"Trig\u00f3n"},{"id":"901841","latitude":"39.55527780","longitude":"21.76750000","name":"Tr\u00edkala"},{"id":"901843","latitude":"39.55527780","longitude":"21.76750000","name":"Trik\u00e1lon"},{"id":"901851","latitude":"39.55527780","longitude":"21.76750000","name":"Trikka\u00edon"},{"id":"901853","latitude":"39.55527780","longitude":"21.76750000","name":"Tr\u00edkkala"},{"id":"901959","latitude":"39.78833330","longitude":"21.41222220","name":"Tryg\u00f3na"},{"id":"901961","latitude":"39.78833330","longitude":"21.41222220","name":"Tryg\u00f3n"},{"id":"901966","latitude":"39.53277780","longitude":"21.69972220","name":"Tsag\u00e1lion"},{"id":"902026","latitude":"39.55388890","longitude":"21.68527780","name":"Ts\u00e1ra"},{"id":"902152","latitude":"39.60000000","longitude":"22.06666670","name":"Tsi\u00f3tion"},{"id":"902153","latitude":"39.60000000","longitude":"22.05000000","name":"Tsioto\u00falion"},{"id":"902154","latitude":"39.83861110","longitude":"21.78416670","name":"Tsio\u00faka"},{"id":"902155","latitude":"39.77250000","longitude":"21.54027780","name":"Tsio\u00fangouron"},{"id":"902191","latitude":"39.77250000","longitude":"21.54027780","name":"Tso\u00fagkouron"},{"id":"902192","latitude":"39.77250000","longitude":"21.54027780","name":"Tso\u00fagkouro"},{"id":"902217","latitude":"39.77250000","longitude":"21.54027780","name":"Tso\u00fangouron"},{"id":"902219","latitude":"39.76277780","longitude":"21.46750000","name":"Tsourana\u00edoi"},{"id":"902227","latitude":"39.56833330","longitude":"21.25777780","name":"Tso\u00fartza"},{"id":"902245","latitude":"39.53888890","longitude":"21.35638890","name":"Tyflos\u00e9llion"},{"id":"902294","latitude":"39.56833330","longitude":"21.25777780","name":"Tzo\u00fartza"},{"id":"902295","latitude":"39.56833330","longitude":"21.25777780","name":"Tzo\u00fartzia"},{"id":"902332","latitude":"39.49555560","longitude":"21.35750000","name":"Vak\u00e1rion"},{"id":"902333","latitude":"39.49555560","longitude":"21.35750000","name":"Vak\u00e1ri"},{"id":"902348","latitude":"39.54777780","longitude":"21.69944440","name":"Valam\u00e1ndrion"},{"id":"902349","latitude":"39.54777780","longitude":"21.69944440","name":"Valam\u00e1ndri"},{"id":"902377","latitude":"39.40861110","longitude":"21.38861110","name":"Valk\u00e1ni"},{"id":"902378","latitude":"39.40861110","longitude":"21.38861110","name":"Valk\u00e1non"},{"id":"902379","latitude":"39.40861110","longitude":"21.38861110","name":"Valk\u00e1no"},{"id":"902391","latitude":"39.54777780","longitude":"21.69944440","name":"Valom\u00e1ndhrion"},{"id":"902392","latitude":"39.54777780","longitude":"21.69944440","name":"Valom\u00e1ndrion"},{"id":"902404","latitude":"39.54805560","longitude":"21.66027780","name":"Valtin\u00f3n"},{"id":"902405","latitude":"39.54805560","longitude":"21.66027780","name":"Valtin\u00f3"},{"id":"902434","latitude":"39.54805560","longitude":"21.66027780","name":"Valtsin\u00f3n"},{"id":"902456","latitude":"39.68916670","longitude":"21.55250000","name":"Vanako\u00falia"},{"id":"902457","latitude":"39.68916670","longitude":"21.55250000","name":"Vanako\u00falla"},{"id":"902465","latitude":"39.66083330","longitude":"21.77027780","name":"V\u00e1nia"},{"id":"902482","latitude":"39.46305560","longitude":"21.43138890","name":"Vardh\u00e1ri"},{"id":"902525","latitude":"39.46500000","longitude":"21.32083330","name":"Vark\u00f3"},{"id":"902563","latitude":"39.63333330","longitude":"22.01666670","name":"V\u00e1ryianni"},{"id":"902595","latitude":"39.63888890","longitude":"21.70472220","name":"Vasilik\u00ed"},{"id":"902661","latitude":"39.44416670","longitude":"21.41305560","name":"Vath\u00edremma"},{"id":"902664","latitude":"39.44416670","longitude":"21.41305560","name":"Vath\u00edrrevma"},{"id":"902688","latitude":"39.44416670","longitude":"21.41305560","name":"Vath\u00fdrrevma"},{"id":"902750","latitude":"39.86138890","longitude":"21.55361110","name":"Velem\u00edsti"},{"id":"902782","latitude":"39.62833330","longitude":"21.29333330","name":"Vel\u00edtsena"},{"id":"902826","latitude":"39.70055560","longitude":"21.38805560","name":"Vend\u00edsta"},{"id":"902993","latitude":"39.64666670","longitude":"21.61333330","name":"Vitoum\u00e1s"},{"id":"902994","latitude":"39.64666670","longitude":"21.61333330","name":"Vito\u00fama"},{"id":"902997","latitude":"39.44944440","longitude":"21.52000000","name":"V\u00edtsaina"},{"id":"903004","latitude":"39.47388890","longitude":"21.32416670","name":"Vits\u00edsta"},{"id":"903021","latitude":"39.77250000","longitude":"21.65111110","name":"Vlach\u00e1va"},{"id":"903022","latitude":"39.52055560","longitude":"21.50388890","name":"Vl\u00e1cha"},{"id":"903035","latitude":"39.77250000","longitude":"21.65111110","name":"Vlakh\u00e1va"},{"id":"903067","latitude":"39.75000000","longitude":"22.08333330","name":"Vlakhoyi\u00e1nnion"},{"id":"903068","latitude":"39.75000000","longitude":"22.08333330","name":"Vlakhoyi\u00e1nni"},{"id":"903089","latitude":"39.52416670","longitude":"21.52111110","name":"Vlatan\u00e9oi"},{"id":"903121","latitude":"39.63888890","longitude":"21.70472220","name":"Vo\u00efv\u00f3da"},{"id":"903176","latitude":"39.63333330","longitude":"22.01666670","name":"V\u00f3ryiani"},{"id":"903177","latitude":"39.63333330","longitude":"22.01666670","name":"V\u00f3ryianni"},{"id":"903185","latitude":"39.61666670","longitude":"22.01666670","name":"Vost\u00eddhion"},{"id":"903186","latitude":"39.61666670","longitude":"22.01666670","name":"Vost\u00eddhi"},{"id":"903283","latitude":"39.83583330","longitude":"21.60916670","name":"Vourlokh\u00f3rion"},{"id":"903284","latitude":"39.83583330","longitude":"21.60916670","name":"Vourlokh\u00f3ri"},{"id":"903314","latitude":"39.64666670","longitude":"21.61333330","name":"Voutoum\u00e1"},{"id":"903484","latitude":"39.50027780","longitude":"21.51583330","name":"Vronder\u00f3n"},{"id":"903494","latitude":"39.50027780","longitude":"21.51583330","name":"Vronter\u00f3n"},{"id":"903496","latitude":"39.50027780","longitude":"21.51583330","name":"Vronter\u00f3"},{"id":"903601","latitude":"39.49555560","longitude":"21.52277780","name":"Xilokh\u00f3rion"},{"id":"903602","latitude":"39.49555560","longitude":"21.52277780","name":"Xilokh\u00f3ri"},{"id":"903603","latitude":"39.53444440","longitude":"21.58027780","name":"Xilop\u00e1roikon"},{"id":"903690","latitude":"39.49555560","longitude":"21.52277780","name":"Xyloch\u00f3rion"},{"id":"903691","latitude":"39.49555560","longitude":"21.52277780","name":"Xyloch\u00f3ri"},{"id":"903696","latitude":"39.53444440","longitude":"21.58027780","name":"Xylop\u00e1roikon"},{"id":"903697","latitude":"39.53444440","longitude":"21.58027780","name":"Xylop\u00e1roiko"},{"id":"903741","latitude":"39.57861110","longitude":"21.58527780","name":"Yen\u00e9sion"},{"id":"903761","latitude":"39.56833330","longitude":"21.99305560","name":"Yeorgan\u00e1dhes"},{"id":"903762","latitude":"39.56833330","longitude":"21.99305560","name":"Yeorgan\u00e1dhe"},{"id":"903789","latitude":"39.80444440","longitude":"21.84500000","name":"Yerak\u00e1rion"},{"id":"903795","latitude":"39.80444440","longitude":"21.84500000","name":"Yerak\u00e1ri"},{"id":"904038","latitude":"39.57833330","longitude":"21.73027780","name":"Zaptsa\u00edoi"},{"id":"904056","latitude":"39.61666670","longitude":"22.13333330","name":"Z\u00e1rkon"},{"id":"904057","latitude":"39.58333330","longitude":"22.16666670","name":"Z\u00e1rkos Mar\u00edou"},{"id":"904058","latitude":"39.61666670","longitude":"22.13333330","name":"Z\u00e1rkos"},{"id":"904059","latitude":"39.58333330","longitude":"22.16666670","name":"Z\u00e1rkou Mar\u00ed"},{"id":"904060","latitude":"39.61666670","longitude":"22.13333330","name":"Zarko"},{"id":"904071","latitude":"39.60722220","longitude":"21.81722220","name":"Zavl\u00e1nia"},{"id":"904160","latitude":"39.58611110","longitude":"21.81861110","name":"Zileft\u00ed"},{"id":"904161","latitude":"39.58611110","longitude":"21.81861110","name":"Zilevt\u00ed"},{"id":"904178","latitude":"39.47111110","longitude":"21.53555560","name":"Zi\u00f3lion"},{"id":"904179","latitude":"39.47111110","longitude":"21.53555560","name":"Zi\u00f3li"},{"id":"904206","latitude":"39.47111110","longitude":"21.53555560","name":"Z\u00f3li"},{"id":"904235","latitude":"39.58611110","longitude":"21.81861110","name":"Zo\u00faliani"}]