[{"id":"881000","latitude":"38.08333330","longitude":"23.73333330","name":"Acharnae"},{"id":"881001","latitude":"38.08333330","longitude":"23.73333330","name":"Acharne"},{"id":"881041","latitude":"37.98333330","longitude":"23.68333330","name":"Aegaleo"},{"id":"881042","latitude":"37.74666670","longitude":"23.42750000","name":"Aegina"},{"id":"881085","latitude":"38.21666670","longitude":"23.83333330","name":"Af\u00eddhnai"},{"id":"881086","latitude":"37.98333330","longitude":"23.73333330","name":"Afini"},{"id":"881123","latitude":"37.43333330","longitude":"23.40000000","name":"Aganota\u00edika"},{"id":"881173","latitude":"36.33333330","longitude":"22.98333330","name":"Ag\u00eda Pelag\u00eda"},{"id":"881196","latitude":"37.76944440","longitude":"23.50916670","name":"\u00c1gioi"},{"id":"881433","latitude":"37.91666670","longitude":"23.46666670","name":"Ai\u00e1ndion"},{"id":"881435","latitude":"37.91666670","longitude":"23.46666670","name":"Ai\u00e1ntion"},{"id":"881463","latitude":"37.98333330","longitude":"23.68333330","name":"Aig\u00e1leo"},{"id":"881467","latitude":"37.74666670","longitude":"23.42750000","name":"A\u00edgina"},{"id":"881497","latitude":"37.74666670","longitude":"23.42750000","name":"A\u00edyina"},{"id":"881516","latitude":"38.08333330","longitude":"23.73333330","name":"Akharna\u00ed"},{"id":"881535","latitude":"38.48333330","longitude":"24.16666670","name":"Akhladeri"},{"id":"881548","latitude":"38.48333330","longitude":"24.16666670","name":"Akhladher\u00ed"},{"id":"881669","latitude":"38.08333330","longitude":"23.18333330","name":"Alepokh\u00f3ri"},{"id":"881691","latitude":"36.20000000","longitude":"23.00000000","name":"Alexandhr\u00e1dhes"},{"id":"881695","latitude":"36.20000000","longitude":"23.00000000","name":"Alexandr\u00e1dhes"},{"id":"881755","latitude":"38.41666670","longitude":"24.03333330","name":"Aliv\u00e9rion"},{"id":"881771","latitude":"38.26666670","longitude":"24.18333330","name":"Almirop\u00f3tamos"},{"id":"881778","latitude":"36.26666670","longitude":"22.96666670","name":"Aloisi\u00e1nika"},{"id":"881779","latitude":"36.26666670","longitude":"22.96666670","name":"Alo\u00efzi\u00e1nika"},{"id":"881788","latitude":"37.73333330","longitude":"23.51666670","name":"\u00c1lones"},{"id":"881794","latitude":"38.40000000","longitude":"24.13333330","name":"Al\u00f3nia"},{"id":"881814","latitude":"37.93333330","longitude":"23.70000000","name":"Alt Phaleron"},{"id":"881852","latitude":"38.05000000","longitude":"23.80000000","name":"Amaro\u00fasion"},{"id":"881864","latitude":"37.95138890","longitude":"23.52750000","name":"Ambel\u00e1kia"},{"id":"881867","latitude":"37.95138890","longitude":"23.52750000","name":"Ambel\u00e1ki"},{"id":"881907","latitude":"38.18333330","longitude":"24.03333330","name":"Ambel\u00f3n"},{"id":"882014","latitude":"37.95138890","longitude":"23.52750000","name":"Ampel\u00e1kia"},{"id":"882050","latitude":"37.66666670","longitude":"24.03333330","name":"An\u00e1lipsis"},{"id":"882089","latitude":"37.73333330","longitude":"23.95000000","name":"An\u00e1vissos"},{"id":"882180","latitude":"37.70000000","longitude":"23.50000000","name":"Anesta\u00edon"},{"id":"882215","latitude":"37.71666670","longitude":"23.35000000","name":"Ang\u00edstri"},{"id":"882216","latitude":"37.71666670","longitude":"23.35000000","name":"Ang\u00edstrion"},{"id":"882243","latitude":"37.70000000","longitude":"23.50000000","name":"An\u00edtsaion"},{"id":"882262","latitude":"38.08333330","longitude":"23.21666670","name":"\u00c1no Alepokh\u00f3ri"},{"id":"882263","latitude":"38.08333330","longitude":"23.21666670","name":"\u00c1no Alepokh\u00f3rion"},{"id":"882325","latitude":"37.58333330","longitude":"23.23333330","name":"\u00c1no Fan\u00e1ri"},{"id":"882326","latitude":"37.58333330","longitude":"23.23333330","name":"\u00c1no Fan\u00e1rion"},{"id":"882360","latitude":"38.06666670","longitude":"23.76666670","name":"\u00c1no Ir\u00e1klion"},{"id":"882365","latitude":"38.13333330","longitude":"23.85000000","name":"\u00c1noixis"},{"id":"882410","latitude":"38.00000000","longitude":"23.88333330","name":"\u00c1no Kharv\u00e1ti"},{"id":"882456","latitude":"38.08333330","longitude":"23.70000000","name":"\u00c1no Li\u00f3sia"},{"id":"882582","latitude":"38.18333330","longitude":"23.98333330","name":"\u00c1no So\u00fali"},{"id":"882585","latitude":"38.18333330","longitude":"23.98333330","name":"\u00c1no So\u00falion"},{"id":"882590","latitude":"36.16666670","longitude":"22.98333330","name":"\u00c1no Strap\u00f3dhion"},{"id":"882609","latitude":"38.13333330","longitude":"23.80000000","name":"\u00c1no Varib\u00f3bi"},{"id":"882610","latitude":"38.13333330","longitude":"23.80000000","name":"\u00c1no Varib\u00f3pi"},{"id":"882611","latitude":"38.13333330","longitude":"23.80000000","name":"\u00c1no Varimb\u00f3pi"},{"id":"882702","latitude":"38.38333330","longitude":"24.05000000","name":"Antho\u00fapolis"},{"id":"882804","latitude":"36.25000000","longitude":"22.95000000","name":"Ara\u00edoi"},{"id":"882831","latitude":"37.97833330","longitude":"23.52833330","name":"Ar\u00e1pis"},{"id":"882880","latitude":"36.25000000","longitude":"22.95000000","name":"Ar\u00e9oi"},{"id":"882881","latitude":"36.25000000","longitude":"22.95000000","name":"Ar\u00e9on"},{"id":"882923","latitude":"37.90000000","longitude":"23.75000000","name":"Argyroupolis"},{"id":"883023","latitude":"38.26666670","longitude":"24.18333330","name":"Armirop\u00f3tamos"},{"id":"883026","latitude":"38.26666670","longitude":"24.18333330","name":"Armyropotamo"},{"id":"883046","latitude":"36.26666670","longitude":"22.96666670","name":"Aroniadhi\u00e1nika"},{"id":"883047","latitude":"36.26666670","longitude":"22.96666670","name":"Aroni\u00e1dhika"},{"id":"883119","latitude":"37.90000000","longitude":"23.75000000","name":"Aryiro\u00fapolis"},{"id":"883210","latitude":"38.28333330","longitude":"23.75000000","name":"Asprokh\u00f3ri"},{"id":"883213","latitude":"38.28333330","longitude":"23.75000000","name":"Asprokh\u00f3rion"},{"id":"883224","latitude":"38.06666670","longitude":"23.58333330","name":"Aspr\u00f3pirgos"},{"id":"883301","latitude":"37.98333330","longitude":"23.73333330","name":"Atene"},{"id":"883312","latitude":"37.98333330","longitude":"23.73333330","name":"Athenae"},{"id":"883313","latitude":"37.98333330","longitude":"23.73333330","name":"Athenai"},{"id":"883314","latitude":"37.98333330","longitude":"23.73333330","name":"Athen"},{"id":"883315","latitude":"37.98333330","longitude":"23.73333330","name":"Ath\u00e9nes"},{"id":"883316","latitude":"37.98333330","longitude":"23.73333330","name":"Athens"},{"id":"883319","latitude":"37.98333330","longitude":"23.73333330","name":"Ath\u00edna"},{"id":"883320","latitude":"37.98333330","longitude":"23.73333330","name":"Ath\u00ednai"},{"id":"883322","latitude":"37.98333330","longitude":"23.73333330","name":"Athinia"},{"id":"883342","latitude":"38.00000000","longitude":"23.73333330","name":"Attik\u00ed"},{"id":"883389","latitude":"36.23333330","longitude":"23.08333330","name":"Avlemona"},{"id":"883390","latitude":"36.23333330","longitude":"23.08333330","name":"Avl\u00e9monas"},{"id":"883391","latitude":"36.23333330","longitude":"23.08333330","name":"Avl\u00e9mon"},{"id":"883402","latitude":"38.25000000","longitude":"23.70000000","name":"Avl\u00f3n"},{"id":"883443","latitude":"36.31666670","longitude":"22.95000000","name":"Ay\u00eda Anastas\u00eda"},{"id":"883495","latitude":"37.75000000","longitude":"23.53333330","name":"Ay\u00eda Mar\u00edna"},{"id":"883526","latitude":"38.01666670","longitude":"23.83333330","name":"Ay\u00eda Paraskev\u00ed"},{"id":"883534","latitude":"36.33333330","longitude":"22.98333330","name":"Ay\u00eda Pelay\u00eda"},{"id":"883548","latitude":"38.40000000","longitude":"24.08333330","name":"Ay\u00eda Sof\u00eda"},{"id":"883575","latitude":"38.15000000","longitude":"23.71666670","name":"Ay\u00eda Tri\u00e1s"},{"id":"883587","latitude":"37.98333330","longitude":"23.66666670","name":"Ay\u00eda Varv\u00e1ra"},{"id":"883608","latitude":"38.30000000","longitude":"23.90000000","name":"\u00c1yioi Ap\u00f3stoloi"},{"id":"883612","latitude":"37.75000000","longitude":"23.45000000","name":"\u00c1yioi As\u00f3matoi"},{"id":"883613","latitude":"37.76944440","longitude":"23.50916670","name":"\u00c1yioi"},{"id":"883632","latitude":"37.61666670","longitude":"23.40000000","name":"\u00c1yioi The\u00f3dhoroi"},{"id":"883663","latitude":"38.06666670","longitude":"24.00000000","name":"\u00c1yios Andhr\u00e9as"},{"id":"883684","latitude":"38.06666670","longitude":"24.00000000","name":"\u00c1yios Andr\u00e9as"},{"id":"883710","latitude":"38.28333330","longitude":"24.13333330","name":"\u00c1yios Dhimitri\u00f3"},{"id":"883726","latitude":"37.93333330","longitude":"23.73333330","name":"\u00c1yios Dhim\u00edtrios"},{"id":"883748","latitude":"36.20000000","longitude":"22.98333330","name":"\u00c1yios Il\u00edas"},{"id":"883773","latitude":"37.95000000","longitude":"23.76666670","name":"\u00c1yios Io\u00e1nnis Kar\u00e9as"},{"id":"883801","latitude":"37.33333330","longitude":"23.50000000","name":"\u00c1yios Konstand\u00ednos"},{"id":"883816","latitude":"38.43333330","longitude":"24.03333330","name":"\u00c1yios Louk\u00e1s"},{"id":"883828","latitude":"38.21666670","longitude":"23.78333330","name":"\u00c1yios Merko\u00farios"},{"id":"883829","latitude":"38.21666670","longitude":"23.78333330","name":"Ayios Merkourlos"},{"id":"883852","latitude":"37.80000000","longitude":"23.88333330","name":"\u00c1yios Nik\u00f3laos"},{"id":"883878","latitude":"37.33333330","longitude":"23.50000000","name":"\u00c1yios P\u00e9tros"},{"id":"883903","latitude":"37.88333330","longitude":"24.01666670","name":"\u00c1yios Spir\u00eddhon"},{"id":"883909","latitude":"38.15000000","longitude":"23.85000000","name":"\u00c1yios St\u00e9fanos"},{"id":"883925","latitude":"38.28333330","longitude":"23.58333330","name":"\u00c1yios Thom\u00e1s"},{"id":"883968","latitude":"37.50000000","longitude":"23.38333330","name":"\u00c1yios Ye\u00f3ryios"},{"id":"883980","latitude":"37.96250000","longitude":"23.61972220","name":"Ayios Yeoryios Keratsiniou"},{"id":"884012","latitude":"38.15000000","longitude":"23.83333330","name":"B\u00e1fi"},{"id":"884014","latitude":"38.28333330","longitude":"23.80000000","name":"B\u00e1fion"},{"id":"884030","latitude":"38.00000000","longitude":"23.91666670","name":"Bakal\u00f3poulon"},{"id":"884038","latitude":"38.11666670","longitude":"23.88333330","name":"B\u00e1la"},{"id":"884085","latitude":"36.26666670","longitude":"22.96666670","name":"Bambakar\u00e1dhika"},{"id":"884113","latitude":"36.26666670","longitude":"22.96666670","name":"Barbakar\u00e1dhika"},{"id":"884114","latitude":"37.73333330","longitude":"24.00000000","name":"Barbali\u00e1ki"},{"id":"884166","latitude":"38.15000000","longitude":"23.96666670","name":"B\u00e9\u00ef"},{"id":"884171","latitude":"38.15000000","longitude":"23.96666670","name":"B\u00e9\u00efs"},{"id":"884281","latitude":"37.35000000","longitude":"23.45000000","name":"Bl\u00edkhos"},{"id":"884343","latitude":"38.30000000","longitude":"24.11666670","name":"Bo\u00fafalon"},{"id":"884350","latitude":"38.28333330","longitude":"23.75000000","name":"Bo\u00faga"},{"id":"884416","latitude":"38.48333330","longitude":"24.11666670","name":"Bo\u00fazi"},{"id":"884423","latitude":"38.13333330","longitude":"23.85000000","name":"Boy\u00e1ti"},{"id":"884426","latitude":"38.13333330","longitude":"23.85000000","name":"Boyi\u00e1ti"},{"id":"884436","latitude":"37.93333330","longitude":"23.73333330","name":"Brakh\u00e1mi"},{"id":"884461","latitude":"38.43333330","longitude":"24.03333330","name":"Brini\u00e1"},{"id":"884463","latitude":"38.43333330","longitude":"24.03333330","name":"Brini\u00e1s"},{"id":"884737","latitude":"37.86666670","longitude":"23.93333330","name":"D\u00e1gla"},{"id":"884756","latitude":"38.00000000","longitude":"23.68333330","name":"Daphne"},{"id":"884757","latitude":"38.00000000","longitude":"23.68333330","name":"Daphni"},{"id":"884792","latitude":"36.35000000","longitude":"22.95000000","name":"Dedi\u00e1nika"},{"id":"884794","latitude":"38.16666670","longitude":"23.78333330","name":"Dekeleia"},{"id":"884823","latitude":"36.35000000","longitude":"22.95000000","name":"Dendi\u00e1nika"},{"id":"884844","latitude":"38.21666670","longitude":"23.50000000","name":"Dervenos\u00e1lesi"},{"id":"884881","latitude":"38.00000000","longitude":"23.68333330","name":"Dhafn\u00ed"},{"id":"884919","latitude":"37.50000000","longitude":"23.36666670","name":"Dhamal\u00e1s"},{"id":"884945","latitude":"37.55000000","longitude":"23.36666670","name":"Dh\u00e1ra"},{"id":"884951","latitude":"37.45000000","longitude":"23.48333330","name":"Dhardhiza"},{"id":"884956","latitude":"37.45000000","longitude":"23.48333330","name":"Dh\u00e1riza"},{"id":"884961","latitude":"37.81666670","longitude":"24.05000000","name":"Dhaskali\u00f3n"},{"id":"884982","latitude":"38.16666670","longitude":"23.78333330","name":"Dhek\u00e9lia"},{"id":"885061","latitude":"38.21666670","longitude":"23.50000000","name":"Dhervenos\u00e1lesi"},{"id":"885080","latitude":"36.26666670","longitude":"23.08333330","name":"Dhiak\u00f3fti"},{"id":"885190","latitude":"38.10000000","longitude":"23.88333330","name":"Dhi\u00f3nisos"},{"id":"885218","latitude":"38.35000000","longitude":"24.15000000","name":"Dh\u00edstos"},{"id":"885239","latitude":"36.23333330","longitude":"22.96666670","name":"Dh\u00f3kana"},{"id":"885328","latitude":"38.03333330","longitude":"23.91666670","name":"Dhr\u00e1fi"},{"id":"885420","latitude":"36.25000000","longitude":"22.98333330","name":"Dhrimon\u00e1ri"},{"id":"885422","latitude":"36.25000000","longitude":"22.98333330","name":"Dhrimon\u00e1rion"},{"id":"885429","latitude":"36.18333330","longitude":"22.95000000","name":"Dhrim\u00f3n"},{"id":"885436","latitude":"37.56666670","longitude":"23.25000000","name":"Dhri\u00f3pi"},{"id":"885446","latitude":"37.58333330","longitude":"23.38333330","name":"Dhritsa\u00edika"},{"id":"885448","latitude":"37.58333330","longitude":"23.38333330","name":"Dhritza\u00ed\u00efka"},{"id":"885467","latitude":"38.11666670","longitude":"23.85000000","name":"Dhrosi\u00e1"},{"id":"885539","latitude":"38.10000000","longitude":"23.88333330","name":"Dionysos"},{"id":"885620","latitude":"38.03333330","longitude":"23.91666670","name":"Draf\u00ed"},{"id":"885700","latitude":"38.35000000","longitude":"24.15000000","name":"Dystus"},{"id":"885729","latitude":"38.11666670","longitude":"23.83333330","name":"Ek\u00e1li"},{"id":"885825","latitude":"38.03333330","longitude":"23.53333330","name":"Elefis"},{"id":"885826","latitude":"38.03333330","longitude":"23.53333330","name":"Elefs\u00edna"},{"id":"885827","latitude":"38.03333330","longitude":"23.53333330","name":"Elefs\u00eds"},{"id":"885859","latitude":"38.03333330","longitude":"23.53333330","name":"Eleusis"},{"id":"885861","latitude":"38.03333330","longitude":"23.50000000","name":"Elevs\u00ednia"},{"id":"885862","latitude":"38.03333330","longitude":"23.53333330","name":"Elevs\u00eds"},{"id":"885909","latitude":"37.88333330","longitude":"23.73333330","name":"Ellinik\u00f3"},{"id":"885913","latitude":"37.88333330","longitude":"23.73333330","name":"Ellinik\u00f3n"},{"id":"885935","latitude":"37.25000000","longitude":"23.15000000","name":"\u00c9lonas"},{"id":"886024","latitude":"37.63333330","longitude":"23.15000000","name":"Epidavros"},{"id":"886037","latitude":"37.31666670","longitude":"23.41666670","name":"Episkop\u00ed"},{"id":"886085","latitude":"37.71666670","longitude":"24.05000000","name":"Ergasteria"},{"id":"886087","latitude":"37.71666670","longitude":"24.05000000","name":"Ergast\u00edria"},{"id":"886166","latitude":"36.21666670","longitude":"22.96666670","name":"Evstathi\u00e1nika"},{"id":"886301","latitude":"36.18333330","longitude":"22.98333330","name":"Fats\u00e1dhika"},{"id":"886326","latitude":"38.03333330","longitude":"23.73333330","name":"Filadelfia"},{"id":"886351","latitude":"38.10000000","longitude":"23.66666670","name":"Fil\u00ed"},{"id":"886379","latitude":"38.03333330","longitude":"23.78333330","name":"Filoth\u00e9i"},{"id":"886444","latitude":"38.45000000","longitude":"24.15000000","name":"Fleva"},{"id":"886445","latitude":"38.45000000","longitude":"24.15000000","name":"Fl\u00e9ves"},{"id":"886466","latitude":"37.80000000","longitude":"24.05000000","name":"Fof\u00f3la"},{"id":"886468","latitude":"37.78333330","longitude":"23.91666670","name":"Foiniki\u00e1"},{"id":"886481","latitude":"37.71666670","longitude":"23.95000000","name":"F\u00f3kaia"},{"id":"886610","latitude":"36.21666670","longitude":"22.98333330","name":"Fr\u00e1tsia"},{"id":"886626","latitude":"36.26666670","longitude":"22.98333330","name":"Frilingi\u00e1nika"},{"id":"886627","latitude":"36.26666670","longitude":"22.98333330","name":"Frillingi\u00e1nika"},{"id":"886688","latitude":"35.86666670","longitude":"23.30000000","name":"Galanian\u00e1"},{"id":"886710","latitude":"37.50000000","longitude":"23.45000000","name":"Galat\u00e1s"},{"id":"886719","latitude":"38.01666670","longitude":"23.75000000","name":"Gal\u00e1tsi"},{"id":"886720","latitude":"38.01666670","longitude":"23.75000000","name":"Gal\u00e1tsion"},{"id":"886807","latitude":"38.45000000","longitude":"24.08333330","name":"Gaval\u00e1"},{"id":"886808","latitude":"38.45000000","longitude":"24.08333330","name":"Gaval\u00e1s"},{"id":"886958","latitude":"37.86666670","longitude":"23.75000000","name":"Glif\u00e1dha"},{"id":"886988","latitude":"37.86666670","longitude":"23.75000000","name":"Glyf\u00e1da"},{"id":"886989","latitude":"37.86666670","longitude":"23.75000000","name":"Glyf\u00e1das"},{"id":"887071","latitude":"36.20000000","longitude":"23.00000000","name":"Goudhi\u00e1nika"},{"id":"887072","latitude":"37.98333330","longitude":"23.76666670","name":"Goudh\u00ed"},{"id":"887075","latitude":"37.98333330","longitude":"23.76666670","name":"Goudi"},{"id":"887136","latitude":"38.36666670","longitude":"24.18333330","name":"Go\u00farthi"},{"id":"887180","latitude":"38.20000000","longitude":"23.96666670","name":"Grammatik\u00f3n"},{"id":"887294","latitude":"37.96250000","longitude":"23.61972220","name":"Hagios Georgios Keratsiniou"},{"id":"887298","latitude":"36.23333330","longitude":"23.08333330","name":"Hagios Nicolaos"},{"id":"887331","latitude":"37.90000000","longitude":"23.75000000","name":"Has\u00e1ni"},{"id":"887353","latitude":"38.00000000","longitude":"23.80000000","name":"Holargos"},{"id":"887358","latitude":"37.34777780","longitude":"23.45888890","name":"Hydra"},{"id":"887379","latitude":"37.34777780","longitude":"23.45888890","name":"\u00cddhra"},{"id":"887498","latitude":"38.06666670","longitude":"23.76666670","name":"Ir\u00e1klion"},{"id":"887602","latitude":"37.61666670","longitude":"23.33333330","name":"Ka\u00efm\u00e9ni Kh\u00f3ra"},{"id":"887618","latitude":"37.96666670","longitude":"23.80000000","name":"Kaisarian\u00ed"},{"id":"887637","latitude":"37.91666670","longitude":"23.50000000","name":"Kak\u00ed V\u00edgla"},{"id":"887654","latitude":"38.18333330","longitude":"23.50000000","name":"Kakoniokh\u00f3ri"},{"id":"887661","latitude":"38.25000000","longitude":"23.70000000","name":"Kakos\u00e1lesi"},{"id":"887694","latitude":"37.91666670","longitude":"23.71666670","name":"Kalam\u00e1ki"},{"id":"887702","latitude":"37.91666670","longitude":"23.71666670","name":"Kalam\u00e1kion"},{"id":"887757","latitude":"38.28333330","longitude":"23.86666670","name":"K\u00e1lamos"},{"id":"887802","latitude":"38.18333330","longitude":"23.91666670","name":"Kal\u00e9ndzi"},{"id":"887806","latitude":"38.18333330","longitude":"23.91666670","name":"Kal\u00e9nji"},{"id":"887811","latitude":"38.35000000","longitude":"24.10000000","name":"Kal\u00e9ntzion"},{"id":"887849","latitude":"36.20000000","longitude":"22.96666670","name":"Kalisperi\u00e1nika"},{"id":"887850","latitude":"36.20000000","longitude":"22.96666670","name":"Kalisperyi\u00e1nika"},{"id":"887851","latitude":"36.20000000","longitude":"22.96666670","name":"Kalisperyi\u00e1nnika"},{"id":"887870","latitude":"35.86666670","longitude":"23.30000000","name":"Kal\u00edves"},{"id":"887907","latitude":"37.83333330","longitude":"23.91666670","name":"Kal\u00edvia"},{"id":"887924","latitude":"38.06666670","longitude":"23.58333330","name":"Kal\u00edvia Khasi\u00e1s"},{"id":"887953","latitude":"37.83333330","longitude":"23.91666670","name":"Kal\u00edvia Thoriko\u00fa"},{"id":"888029","latitude":"37.95000000","longitude":"23.70000000","name":"Kallith\u00e9a"},{"id":"888052","latitude":"37.53333330","longitude":"23.28333330","name":"Kallon\u00ed"},{"id":"888077","latitude":"38.03333330","longitude":"23.76666670","name":"Kalogr\u00e9za"},{"id":"888082","latitude":"36.20000000","longitude":"22.95000000","name":"Kalokairina\u00ed"},{"id":"888083","latitude":"36.20000000","longitude":"22.95000000","name":"Kal\u00f3kairin\u00e9s"},{"id":"888084","latitude":"36.20000000","longitude":"22.95000000","name":"Kalokairino\u00ed"},{"id":"888254","latitude":"37.73333330","longitude":"24.01666670","name":"Kam\u00e1riza"},{"id":"888260","latitude":"37.95527780","longitude":"23.53611110","name":"Kamater\u00f3"},{"id":"888261","latitude":"38.06666670","longitude":"23.70000000","name":"Kamater\u00f3n"},{"id":"888268","latitude":"37.98333330","longitude":"23.86666670","name":"Kamb\u00e1s"},{"id":"888292","latitude":"36.28333330","longitude":"22.96666670","name":"K\u00e1mbos"},{"id":"888315","latitude":"36.18333330","longitude":"22.96666670","name":"Kamin\u00e1dhika"},{"id":"888359","latitude":"37.70000000","longitude":"23.51666670","name":"Kan\u00e1kidhes"},{"id":"888360","latitude":"37.90000000","longitude":"23.41666670","name":"Kan\u00e1ki"},{"id":"888407","latitude":"37.98333330","longitude":"23.86666670","name":"K\u00e1ndza"},{"id":"888429","latitude":"37.98333330","longitude":"23.86666670","name":"K\u00e1ntza"},{"id":"888436","latitude":"38.21666670","longitude":"23.88333330","name":"Kapandhr\u00edtion"},{"id":"888438","latitude":"38.21666670","longitude":"23.88333330","name":"Kapandr\u00edtion"},{"id":"888471","latitude":"37.71666670","longitude":"23.46666670","name":"Kap\u00f3tidhes"},{"id":"888492","latitude":"36.15000000","longitude":"23.01666670","name":"Kaps\u00e1li"},{"id":"888495","latitude":"36.15000000","longitude":"23.01666670","name":"Kaps\u00e1lion"},{"id":"888616","latitude":"36.35000000","longitude":"22.95000000","name":"Karav\u00e1s"},{"id":"888626","latitude":"38.40000000","longitude":"24.05000000","name":"K\u00e1ravos"},{"id":"888676","latitude":"37.95000000","longitude":"23.76666670","name":"Kar\u00e9a"},{"id":"888849","latitude":"36.20000000","longitude":"22.98333330","name":"Karvoun\u00e1dhes"},{"id":"889033","latitude":"36.26666670","longitude":"22.98333330","name":"Kastrisi\u00e1nika"},{"id":"889035","latitude":"36.26666670","longitude":"22.98333330","name":"Kastritsi\u00e1nika"},{"id":"889108","latitude":"38.41666670","longitude":"24.10000000","name":"Katakal\u00f3s"},{"id":"889109","latitude":"38.41666670","longitude":"24.10000000","name":"Katakalo\u00fa"},{"id":"889183","latitude":"38.08333330","longitude":"23.18333330","name":"K\u00e1to Alepokh\u00f3ri"},{"id":"889184","latitude":"38.08333330","longitude":"23.18333330","name":"K\u00e1to Alepokh\u00f3rion"},{"id":"889245","latitude":"37.56666670","longitude":"23.25000000","name":"K\u00e1to Fan\u00e1ri"},{"id":"889324","latitude":"38.00000000","longitude":"23.91666670","name":"K\u00e1to Kharv\u00e1ti"},{"id":"889325","latitude":"38.00000000","longitude":"23.91666670","name":"K\u00e1to Kharv\u00e1tion"},{"id":"889331","latitude":"36.25000000","longitude":"22.93333330","name":"K\u00e1to Kh\u00f3ra"},{"id":"889393","latitude":"38.03333330","longitude":"23.70000000","name":"K\u00e1to Li\u00f3sia"},{"id":"889480","latitude":"38.01666670","longitude":"23.73333330","name":"K\u00e1to Pat\u00edsia"},{"id":"889490","latitude":"38.00000000","longitude":"23.95000000","name":"K\u00e1to Pik\u00e9rmi"},{"id":"889553","latitude":"38.16666670","longitude":"24.00000000","name":"K\u00e1to So\u00fali"},{"id":"889555","latitude":"38.16666670","longitude":"24.00000000","name":"K\u00e1to So\u00falion"},{"id":"889556","latitude":"37.66666670","longitude":"24.01666670","name":"K\u00e1to So\u00fanion"},{"id":"889563","latitude":"36.16666670","longitude":"22.98333330","name":"K\u00e1to Strap\u00f3dhion"},{"id":"889584","latitude":"36.18333330","longitude":"23.00000000","name":"Kato\u00fani"},{"id":"889591","latitude":"38.13333330","longitude":"23.80000000","name":"K\u00e1to Varib\u00f3bi"},{"id":"889592","latitude":"38.13333330","longitude":"23.80000000","name":"K\u00e1to Varib\u00f3pi"},{"id":"889593","latitude":"38.13333330","longitude":"23.80000000","name":"K\u00e1to Varimb\u00f3pi"},{"id":"889687","latitude":"38.00000000","longitude":"23.68333330","name":"Katsip\u00f3dhion"},{"id":"889700","latitude":"36.28333330","longitude":"22.95000000","name":"Katsouli\u00e1nika"},{"id":"889701","latitude":"36.28333330","longitude":"22.95000000","name":"Katsoulli\u00e1nika"},{"id":"889703","latitude":"36.18333330","longitude":"23.00000000","name":"Katso\u00fanion"},{"id":"889737","latitude":"38.18333330","longitude":"23.51666670","name":"Kav\u00e1sala"},{"id":"889740","latitude":"38.18333330","longitude":"23.51666670","name":"Kav\u00e1sila"},{"id":"889846","latitude":"38.06666670","longitude":"23.81666670","name":"Kefissia"},{"id":"889941","latitude":"36.20000000","longitude":"22.98333330","name":"Keramot\u00f3"},{"id":"889942","latitude":"36.20000000","longitude":"22.98333330","name":"Keramot\u00f3n"},{"id":"889997","latitude":"37.80000000","longitude":"23.98333330","name":"Kerat\u00e9a"},{"id":"890000","latitude":"37.96250000","longitude":"23.61972220","name":"Kerats\u00edni"},{"id":"890001","latitude":"37.96250000","longitude":"23.61972220","name":"Kerats\u00ednion"},{"id":"890002","latitude":"37.96250000","longitude":"23.61972220","name":"Keratsin\u00edou"},{"id":"890034","latitude":"38.01666670","longitude":"23.66666670","name":"Kha\u00efdh\u00e1ri"},{"id":"890035","latitude":"38.01666670","longitude":"23.66666670","name":"Kha\u00efdh\u00e1rion"},{"id":"890056","latitude":"38.03333330","longitude":"23.80000000","name":"Khal\u00e1ndhrion"},{"id":"890058","latitude":"38.03333330","longitude":"23.80000000","name":"Khal\u00e1ndri"},{"id":"890059","latitude":"38.03333330","longitude":"23.80000000","name":"Khal\u00e1ndrion"},{"id":"890063","latitude":"37.75000000","longitude":"23.45000000","name":"Khalasm\u00e9ni"},{"id":"890233","latitude":"37.90000000","longitude":"23.75000000","name":"Khas\u00e1ni"},{"id":"890234","latitude":"38.10000000","longitude":"23.66666670","name":"Khasi\u00e1"},{"id":"890241","latitude":"38.46666670","longitude":"24.15000000","name":"Kh\u00e1ta"},{"id":"890330","latitude":"37.76666670","longitude":"23.43333330","name":"Khl\u00f3\u00ef"},{"id":"890343","latitude":"38.00000000","longitude":"23.80000000","name":"Kholarg\u00f3s"},{"id":"890498","latitude":"36.28333330","longitude":"22.96666670","name":"Khristofori\u00e1nika"},{"id":"890515","latitude":"38.06666670","longitude":"24.00000000","name":"Kian\u00ed Akt\u00ed"},{"id":"890534","latitude":"38.06666670","longitude":"23.81666670","name":"Kifisi\u00e1"},{"id":"890537","latitude":"38.06666670","longitude":"23.81666670","name":"Kifissia"},{"id":"890545","latitude":"37.71666670","longitude":"23.51666670","name":"K\u00edlindros"},{"id":"890562","latitude":"37.96666670","longitude":"23.20000000","name":"Kin\u00e9ta"},{"id":"890586","latitude":"38.21666670","longitude":"23.83333330","name":"Kio\u00farka"},{"id":"890627","latitude":"38.05000000","longitude":"23.68333330","name":"Kipo\u00fapolis"},{"id":"890635","latitude":"37.71666670","longitude":"24.05000000","name":"Kiprian\u00f3s"},{"id":"890638","latitude":"36.25000000","longitude":"22.98333330","name":"Kiprioti\u00e1nika"},{"id":"890646","latitude":"38.00000000","longitude":"23.73333330","name":"Kips\u00e9li"},{"id":"890703","latitude":"36.15000000","longitude":"22.99250000","name":"K\u00edthira"},{"id":"890741","latitude":"36.18333330","longitude":"22.96666670","name":"Klar\u00e1dhika"},{"id":"890765","latitude":"38.26666670","longitude":"23.56666670","name":"Klidh\u00e9ti"},{"id":"890768","latitude":"38.26666670","longitude":"23.56666670","name":"Klidh\u00ed"},{"id":"890772","latitude":"38.26666670","longitude":"23.56666670","name":"Klidh\u00edon"},{"id":"890906","latitude":"38.15000000","longitude":"23.53333330","name":"Kokk\u00edni"},{"id":"890908","latitude":"38.15000000","longitude":"23.53333330","name":"Kokk\u00ednion"},{"id":"890909","latitude":"38.15000000","longitude":"23.53333330","name":"Kokk\u00ednis"},{"id":"890945","latitude":"38.18333330","longitude":"23.85000000","name":"Kokkin\u00f3vrakhos"},{"id":"890980","latitude":"37.58333330","longitude":"23.38333330","name":"K\u00f3lani"},{"id":"891022","latitude":"38.00000000","longitude":"23.70000000","name":"Kolokintho\u00fa"},{"id":"891079","latitude":"36.18333330","longitude":"22.96666670","name":"Komini\u00e1nika"},{"id":"891095","latitude":"37.90000000","longitude":"23.75000000","name":"Komnin\u00e1"},{"id":"891135","latitude":"36.20000000","longitude":"22.98333330","name":"Kondoli\u00e1nika"},{"id":"891136","latitude":"36.20000000","longitude":"22.98333330","name":"Kondoli\u00e1ni"},{"id":"891145","latitude":"37.75000000","longitude":"23.48333330","name":"Kond\u00f3s"},{"id":"891214","latitude":"37.75000000","longitude":"23.48333330","name":"K\u00f3ntos"},{"id":"891221","latitude":"37.96666670","longitude":"23.75000000","name":"Kopan\u00e1s"},{"id":"891279","latitude":"37.76666670","longitude":"23.13333330","name":"K\u00f3rfos"},{"id":"891352","latitude":"37.90000000","longitude":"23.88333330","name":"Korop\u00ed"},{"id":"891353","latitude":"37.90000000","longitude":"23.88333330","name":"Korop\u00edon"},{"id":"891371","latitude":"38.36666670","longitude":"24.18333330","name":"K\u00f3skina"},{"id":"891377","latitude":"38.36666670","longitude":"24.18333330","name":"K\u00f3skinon"},{"id":"891388","latitude":"37.61666670","longitude":"23.40000000","name":"Kos\u00f3na"},{"id":"891534","latitude":"38.06666670","longitude":"23.76666670","name":"Koukouv\u00e1ounai"},{"id":"891535","latitude":"38.06666670","longitude":"23.76666670","name":"Koukouv\u00e1ounes"},{"id":"891565","latitude":"37.96666670","longitude":"23.48333330","name":"Ko\u00falouri"},{"id":"891628","latitude":"37.63333330","longitude":"23.36666670","name":"Kounop\u00edtsa"},{"id":"891633","latitude":"37.63333330","longitude":"23.36666670","name":"Kounoup\u00edtsa"},{"id":"891711","latitude":"36.28333330","longitude":"22.95000000","name":"Kousoun\u00e1ri"},{"id":"891712","latitude":"36.28333330","longitude":"22.95000000","name":"Kousoun\u00e1rion"},{"id":"891734","latitude":"38.38333330","longitude":"24.11666670","name":"Koutoumal\u00e1s"},{"id":"891737","latitude":"38.38333330","longitude":"24.11666670","name":"Koutoumoul\u00e1"},{"id":"891738","latitude":"38.38333330","longitude":"24.11666670","name":"Koutoumoul\u00e1s"},{"id":"891790","latitude":"38.38333330","longitude":"24.11666670","name":"Koutsoumo\u00fala"},{"id":"891805","latitude":"37.83333330","longitude":"23.91666670","name":"Kouvar\u00e1"},{"id":"891806","latitude":"37.83333330","longitude":"23.96666670","name":"Kouvar\u00e1s"},{"id":"891936","latitude":"38.40000000","longitude":"24.13333330","name":"Kriez\u00e1"},{"id":"891983","latitude":"38.15000000","longitude":"23.83333330","name":"Krion\u00e9rion"},{"id":"892051","latitude":"38.18333330","longitude":"23.55000000","name":"Kr\u00f3ra"},{"id":"892172","latitude":"36.15000000","longitude":"22.99250000","name":"K\u00fdthira"},{"id":"892290","latitude":"38.45000000","longitude":"24.11666670","name":"L\u00e1la"},{"id":"892293","latitude":"38.45000000","longitude":"24.11666670","name":"L\u00e1las"},{"id":"892331","latitude":"36.15000000","longitude":"23.01666670","name":"Lambri\u00e1nika"},{"id":"892333","latitude":"37.88333330","longitude":"23.41666670","name":"Lambrin\u00f3"},{"id":"892406","latitude":"38.30000000","longitude":"24.20000000","name":"Larka"},{"id":"892424","latitude":"38.43333330","longitude":"24.06666670","name":"L\u00e1ta"},{"id":"892426","latitude":"38.43333330","longitude":"24.06666670","name":"L\u00e1tas"},{"id":"892444","latitude":"37.71666670","longitude":"24.05000000","name":"Laurium"},{"id":"892460","latitude":"37.71666670","longitude":"24.05000000","name":"L\u00e1vrion"},{"id":"892461","latitude":"37.71666670","longitude":"24.05000000","name":"Lavrium"},{"id":"892476","latitude":"37.71666670","longitude":"23.50000000","name":"Laz\u00e1ridhes"},{"id":"892502","latitude":"37.66666670","longitude":"23.98333330","name":"Legraina"},{"id":"892503","latitude":"37.66666670","longitude":"23.98333330","name":"Legren\u00e1"},{"id":"892540","latitude":"37.98333330","longitude":"23.86666670","name":"Leond\u00e1rion"},{"id":"892567","latitude":"37.96138890","longitude":"23.63888890","name":"Le Pir\u00e9e"},{"id":"892568","latitude":"38.40000000","longitude":"24.10000000","name":"L\u00e9poura"},{"id":"892570","latitude":"38.03333330","longitude":"23.53333330","name":"Lepsina"},{"id":"892598","latitude":"37.53333330","longitude":"23.28333330","name":"Les\u00eda"},{"id":"892604","latitude":"37.53333330","longitude":"23.28333330","name":"Lessi\u00e1"},{"id":"892695","latitude":"37.86666670","longitude":"23.93333330","name":"Li\u00e1dha"},{"id":"892702","latitude":"36.28333330","longitude":"22.96666670","name":"Liani\u00e1nika"},{"id":"892719","latitude":"38.28333330","longitude":"23.58333330","name":"Li\u00e1tani"},{"id":"892808","latitude":"38.06666670","longitude":"23.78333330","name":"Lik\u00f3vrisi"},{"id":"892824","latitude":"37.68333330","longitude":"23.35000000","name":"Limen\u00e1ria"},{"id":"892825","latitude":"37.68333330","longitude":"23.35000000","name":"Limen\u00e1rion"},{"id":"892833","latitude":"38.18333330","longitude":"24.03333330","name":"Limik\u00f3"},{"id":"892840","latitude":"37.88333330","longitude":"24.01666670","name":"Lim\u00edn Mesoya\u00edas"},{"id":"892848","latitude":"36.21666670","longitude":"22.91666670","name":"Limn\u00e1ria"},{"id":"892899","latitude":"37.95000000","longitude":"23.85000000","name":"Li\u00f3pesi"},{"id":"892904","latitude":"38.18333330","longitude":"23.85000000","name":"Lios\u00e1ti"},{"id":"893022","latitude":"36.18333330","longitude":"22.98333330","name":"Liv\u00e1dhion"},{"id":"893080","latitude":"38.48333330","longitude":"24.11666670","name":"Lof\u00edskos"},{"id":"893085","latitude":"38.15000000","longitude":"23.96666670","name":"L\u00f3fos"},{"id":"893091","latitude":"36.28333330","longitude":"22.95000000","name":"Logotheti\u00e1nika"},{"id":"893095","latitude":"38.18333330","longitude":"24.03333330","name":"Loimik\u00f3n"},{"id":"893180","latitude":"36.16666670","longitude":"23.00000000","name":"Lourandi\u00e1nika"},{"id":"893255","latitude":"37.76666670","longitude":"23.96666670","name":"Lo\u00fatsa"},{"id":"893281","latitude":"38.06666670","longitude":"23.78333330","name":"Lycovrissi"},{"id":"893292","latitude":"38.06666670","longitude":"23.78333330","name":"Lykovrisi"},{"id":"893312","latitude":"38.08333330","longitude":"23.51666670","name":"Mago\u00fala"},{"id":"893393","latitude":"37.61666670","longitude":"23.35000000","name":"Makr\u00edlongos"},{"id":"893439","latitude":"37.61666670","longitude":"23.35000000","name":"Makr\u00f3longos"},{"id":"893457","latitude":"38.23333330","longitude":"23.80000000","name":"Malak\u00e1sa"},{"id":"893554","latitude":"38.06666670","longitude":"23.50000000","name":"M\u00e1ndhra"},{"id":"893574","latitude":"38.46666670","longitude":"24.15000000","name":"Mandr\u00e1ki"},{"id":"893583","latitude":"38.06666670","longitude":"23.50000000","name":"M\u00e1ndra"},{"id":"893640","latitude":"36.16666670","longitude":"22.98333330","name":"Manitokh\u00f3rion"},{"id":"893701","latitude":"38.15000000","longitude":"23.96666670","name":"Marath\u00f3n"},{"id":"893734","latitude":"37.71666670","longitude":"23.51666670","name":"Margaron\u00eddhes"},{"id":"893760","latitude":"37.78333330","longitude":"23.91666670","name":"Mark\u00e9llou"},{"id":"893761","latitude":"37.78333330","longitude":"23.91666670","name":"Mark\u00e9lou"},{"id":"893769","latitude":"37.88333330","longitude":"23.93333330","name":"Mark\u00f3poulo"},{"id":"893771","latitude":"38.28333330","longitude":"23.83333330","name":"Mark\u00f3poulon"},{"id":"893773","latitude":"38.28333330","longitude":"23.83333330","name":"Mark\u00f3poulon \u00d3ropion"},{"id":"893774","latitude":"38.28333330","longitude":"23.83333330","name":"Mark\u00f3poulon Oropo\u00fa"},{"id":"893775","latitude":"37.88333330","longitude":"23.93333330","name":"Markopulo"},{"id":"893988","latitude":"38.26666670","longitude":"23.80000000","name":"Mavrosouv\u00e1la"},{"id":"894003","latitude":"37.88333330","longitude":"23.93333330","name":"Mavrovo\u00fani"},{"id":"894026","latitude":"36.20000000","longitude":"22.98333330","name":"Mazaraki\u00e1nika"},{"id":"894033","latitude":"38.21666670","longitude":"23.61666670","name":"Mazar\u00e9\u00efka"},{"id":"894034","latitude":"38.21666670","longitude":"23.61666670","name":"Mazar\u00e9ka"},{"id":"894035","latitude":"36.21666670","longitude":"22.95000000","name":"Mazari\u00e1nika"},{"id":"894042","latitude":"38.03333330","longitude":"23.16666670","name":"M\u00e1zi"},{"id":"894050","latitude":"38.03333330","longitude":"23.16666670","name":"M\u00e1zion"},{"id":"894144","latitude":"37.60000000","longitude":"23.35000000","name":"Megalokh\u00f3ri"},{"id":"894150","latitude":"37.60000000","longitude":"23.35000000","name":"Megalokh\u00f3rion"},{"id":"894166","latitude":"37.60000000","longitude":"23.35000000","name":"Meg\u00e1lo Pot\u00e1mi"},{"id":"894167","latitude":"37.60000000","longitude":"23.35000000","name":"Megalopot\u00e1mion"},{"id":"894186","latitude":"38.00000000","longitude":"23.34555560","name":"M\u00e9gara"},{"id":"894259","latitude":"37.98333330","longitude":"23.35000000","name":"Mel\u00ed"},{"id":"894265","latitude":"37.98333330","longitude":"23.35000000","name":"Mel\u00edon"},{"id":"894277","latitude":"38.05000000","longitude":"23.83333330","name":"Mel\u00edssia"},{"id":"894308","latitude":"37.78333330","longitude":"23.91666670","name":"Melissourgo\u00fa"},{"id":"894344","latitude":"38.08333330","longitude":"23.73333330","name":"Men\u00eddhi"},{"id":"894346","latitude":"38.08333330","longitude":"23.73333330","name":"Men\u00eddhion"},{"id":"894348","latitude":"38.08333330","longitude":"23.73333330","name":"Menidi"},{"id":"894352","latitude":"38.08333330","longitude":"23.73333330","name":"Men\u00edoi"},{"id":"894403","latitude":"37.75222220","longitude":"23.51361110","name":"Mesagr\u00f3s"},{"id":"894484","latitude":"38.25000000","longitude":"24.21666670","name":"Mesokh\u00f3ria"},{"id":"894598","latitude":"37.53333330","longitude":"23.35000000","name":"Metam\u00f3rfosis"},{"id":"894621","latitude":"37.58333330","longitude":"23.38333330","name":"M\u00e9thana"},{"id":"894655","latitude":"37.70000000","longitude":"23.36666670","name":"Met\u00f3khi"},{"id":"894660","latitude":"37.41666670","longitude":"23.40000000","name":"Met\u00f3khi Mon\u00ed \u00cddhras"},{"id":"894677","latitude":"37.41666670","longitude":"23.40000000","name":"Met\u00f3khion"},{"id":"894804","latitude":"38.23333330","longitude":"23.90000000","name":"Mikrokh\u00f3ri"},{"id":"894811","latitude":"38.23333330","longitude":"23.90000000","name":"Mikrokh\u00f3rion"},{"id":"894888","latitude":"38.38333330","longitude":"24.06666670","name":"Mil\u00e1ki"},{"id":"894889","latitude":"38.38333330","longitude":"24.06666670","name":"Mil\u00e1kion"},{"id":"894915","latitude":"38.28333330","longitude":"23.80000000","name":"M\u00edlesi"},{"id":"894916","latitude":"38.28333330","longitude":"23.80000000","name":"Mil\u00e9sion"},{"id":"894984","latitude":"36.23333330","longitude":"22.95000000","name":"Milop\u00f3tamos"},{"id":"895059","latitude":"36.18333330","longitude":"22.95000000","name":"Mirt\u00eddhia"},{"id":"895084","latitude":"36.25000000","longitude":"23.00000000","name":"Mit\u00e1ta"},{"id":"895276","latitude":"37.95000000","longitude":"23.66666670","name":"Moskh\u00e1ton"},{"id":"895308","latitude":"37.50000000","longitude":"23.38333330","name":"Mo\u00falkia"},{"id":"895310","latitude":"37.91666670","longitude":"23.46666670","name":"Mo\u00falki"},{"id":"895365","latitude":"37.61666670","longitude":"23.35000000","name":"Mo\u00faskha \u00c1no"},{"id":"895366","latitude":"37.63333330","longitude":"23.36666670","name":"Mo\u00faskha K\u00e1to"},{"id":"895441","latitude":"36.23333330","longitude":"22.95000000","name":"Mylopotamos"},{"id":"895468","latitude":"37.97833330","longitude":"23.52833330","name":"N\u00e1fstathmos"},{"id":"895495","latitude":"37.97833330","longitude":"23.52833330","name":"N\u00e1vstathmos"},{"id":"895502","latitude":"38.03333330","longitude":"23.78333330","name":"N\u00e9a Alex\u00e1ndia"},{"id":"895514","latitude":"37.90000000","longitude":"23.73333330","name":"N\u00e9a Aryiro\u00fapolis"},{"id":"895521","latitude":"37.66666670","longitude":"23.13333330","name":"N\u00e9a Ep\u00eddhavros"},{"id":"895522","latitude":"38.10000000","longitude":"23.81666670","name":"N\u00e9a Erithra\u00eda"},{"id":"895525","latitude":"38.03333330","longitude":"23.73333330","name":"N\u00e9a Filadh\u00e9lfia"},{"id":"895531","latitude":"38.00000000","longitude":"23.66666670","name":"N\u00e9a F\u00f3kaia"},{"id":"895542","latitude":"38.03333330","longitude":"23.75000000","name":"N\u00e9a Ion\u00eda"},{"id":"895566","latitude":"38.03333330","longitude":"23.73333330","name":"N\u00e9a Khalkidh\u00f3n"},{"id":"895572","latitude":"37.96666670","longitude":"23.65000000","name":"N\u00e9a Kokkini\u00e1"},{"id":"895588","latitude":"38.03333330","longitude":"23.70000000","name":"N\u00e9a Li\u00f3sia"},{"id":"895596","latitude":"38.08333330","longitude":"23.98333330","name":"N\u00e9a M\u00e1kri"},{"id":"895617","latitude":"38.31666670","longitude":"23.80000000","name":"N\u00e9a Pal\u00e1tia"},{"id":"895622","latitude":"38.00000000","longitude":"23.43333330","name":"N\u00e9a P\u00e9ramos"},{"id":"895653","latitude":"37.96666670","longitude":"23.68333330","name":"N\u00e9a Sfay\u00eda"},{"id":"895662","latitude":"37.95000000","longitude":"23.71666670","name":"N\u00e9a Sm\u00edrni"},{"id":"895687","latitude":"38.15000000","longitude":"23.86666670","name":"N\u00e9a Zoryi\u00e1ni"},{"id":"895822","latitude":"38.45000000","longitude":"24.11666670","name":"Neokh\u00f3rion"},{"id":"895839","latitude":"37.96666670","longitude":"23.65000000","name":"Neokokinis"},{"id":"895853","latitude":"37.95000000","longitude":"23.66666670","name":"N\u00e9on F\u00e1liron"},{"id":"895856","latitude":"38.05000000","longitude":"23.76666670","name":"N\u00e9on Ir\u00e1klion"},{"id":"895881","latitude":"38.28333330","longitude":"23.81666670","name":"N\u00e9on Liv\u00edsion"},{"id":"895882","latitude":"38.28333330","longitude":"23.81666670","name":"N\u00e9on Liv\u00edssion"},{"id":"895883","latitude":"37.98333330","longitude":"23.35000000","name":"N\u00e9on Mel\u00ed"},{"id":"895996","latitude":"37.95000000","longitude":"23.66666670","name":"Neu Faliron"},{"id":"895997","latitude":"37.95000000","longitude":"23.66666670","name":"Neu Phaleron"},{"id":"896030","latitude":"37.96666670","longitude":"23.65000000","name":"N\u00edkaia"},{"id":"896062","latitude":"38.43333330","longitude":"24.11666670","name":"Nikol\u00e9ta"},{"id":"896063","latitude":"38.43333330","longitude":"24.11666670","name":"Nikol\u00e9tta"},{"id":"896188","latitude":"37.98333330","longitude":"23.81666670","name":"Oikism\u00f3s Pap\u00e1gou"},{"id":"896199","latitude":"38.16666670","longitude":"23.41666670","name":"Oin\u00f3\u00ef"},{"id":"896207","latitude":"38.13333330","longitude":"23.85000000","name":"O\u00edon"},{"id":"896222","latitude":"37.93333330","longitude":"23.70000000","name":"Old Faliron"},{"id":"896234","latitude":"37.78333330","longitude":"23.95000000","name":"\u00d3limbos"},{"id":"896339","latitude":"38.30000000","longitude":"23.75000000","name":"Orop\u00f3s"},{"id":"896340","latitude":"38.30000000","longitude":"23.75000000","name":"Oropus"},{"id":"896348","latitude":"37.56666670","longitude":"23.25000000","name":"Orthol\u00edthion"},{"id":"896426","latitude":"37.95000000","longitude":"23.85000000","name":"Paian\u00eda"},{"id":"896439","latitude":"37.71666670","longitude":"23.48333330","name":"Pakh\u00eda R\u00e1khi"},{"id":"896443","latitude":"37.96666670","longitude":"23.36666670","name":"P\u00e1khi"},{"id":"896450","latitude":"37.63333330","longitude":"23.15000000","name":"Palai\u00e1 Ep\u00eddhavros"},{"id":"896453","latitude":"37.71666670","longitude":"23.95000000","name":"Palai\u00e1 F\u00f3kaia"},{"id":"896467","latitude":"37.63333330","longitude":"23.36666670","name":"Palai\u00e1 Loutr\u00e1"},{"id":"896580","latitude":"38.11666670","longitude":"23.40000000","name":"Palaiokh\u00f3rion"},{"id":"896630","latitude":"38.13333330","longitude":"23.85000000","name":"Palai\u00f3n Boy\u00e1tion"},{"id":"896631","latitude":"38.13333330","longitude":"23.85000000","name":"Palai\u00f3n Boy\u00e1ti"},{"id":"896640","latitude":"37.93333330","longitude":"23.70000000","name":"Palai\u00f3n F\u00e1liron"},{"id":"896787","latitude":"38.11666670","longitude":"23.40000000","name":"Paliokh\u00f3ri"},{"id":"896798","latitude":"38.11666670","longitude":"23.40000000","name":"Paliokoundoura"},{"id":"896865","latitude":"38.00000000","longitude":"23.88333330","name":"Pall\u00edni"},{"id":"896873","latitude":"37.96472220","longitude":"23.52138890","name":"Palo\u00fakia"},{"id":"896901","latitude":"38.18333330","longitude":"23.50000000","name":"P\u00e1nakton"},{"id":"896902","latitude":"38.18333330","longitude":"23.50000000","name":"P\u00e1naktos"},{"id":"896914","latitude":"37.25000000","longitude":"23.15000000","name":"Panay\u00eda \u00c9lona"},{"id":"896916","latitude":"38.13333330","longitude":"24.00000000","name":"Panay\u00eda Mesospor\u00edtissa"},{"id":"896929","latitude":"37.66666670","longitude":"24.05000000","name":"Panay\u00eda"},{"id":"896937","latitude":"37.25000000","longitude":"23.15000000","name":"Panay\u00edas"},{"id":"896943","latitude":"37.60000000","longitude":"23.36666670","name":"Panay\u00edtsa"},{"id":"896953","latitude":"36.23333330","longitude":"22.98333330","name":"Pandeli\u00e1nika"},{"id":"896962","latitude":"36.23333330","longitude":"22.98333330","name":"Pandoli\u00e1nika"},{"id":"897040","latitude":"37.98333330","longitude":"23.81666670","name":"Pap\u00e1gos"},{"id":"897041","latitude":"37.98333330","longitude":"23.81666670","name":"Pap\u00e1gou"},{"id":"897044","latitude":"37.98333330","longitude":"23.88333330","name":"Papangel\u00e1ki"},{"id":"897124","latitude":"37.68333330","longitude":"23.15000000","name":"Paral\u00eda N\u00e9as Epidh\u00e1vrou"},{"id":"897131","latitude":"38.41666670","longitude":"24.20000000","name":"Paral\u00eda Petri\u00f3n"},{"id":"897223","latitude":"37.51666670","longitude":"23.36666670","name":"Pas\u00e1s"},{"id":"897228","latitude":"37.51666670","longitude":"23.36666670","name":"Pasi\u00e1"},{"id":"897233","latitude":"38.00000000","longitude":"23.95000000","name":"Pass\u00e1dhes"},{"id":"897250","latitude":"38.03333330","longitude":"23.73333330","name":"Pat\u00edsia"},{"id":"897251","latitude":"38.03333330","longitude":"23.73333330","name":"Patision"},{"id":"897252","latitude":"38.03333330","longitude":"23.73333330","name":"Pat\u00edssia"},{"id":"897333","latitude":"37.96138890","longitude":"23.63888890","name":"Peiraeus"},{"id":"897334","latitude":"37.96138890","longitude":"23.63888890","name":"Peirai\u00e1"},{"id":"897335","latitude":"37.96138890","longitude":"23.63888890","name":"Peirai\u00e9fs"},{"id":"897336","latitude":"37.96138890","longitude":"23.63888890","name":"Peiraieus"},{"id":"897337","latitude":"37.96138890","longitude":"23.63888890","name":"Peiraievs"},{"id":"897384","latitude":"38.05000000","longitude":"23.86666670","name":"Pend\u00e9li"},{"id":"897437","latitude":"37.96805560","longitude":"23.56500000","name":"P\u00e9rama"},{"id":"897444","latitude":"37.90000000","longitude":"23.48333330","name":"Peran\u00ed"},{"id":"897465","latitude":"37.68333330","longitude":"23.45000000","name":"P\u00e9rdhika"},{"id":"897515","latitude":"38.01666670","longitude":"23.70000000","name":"Perist\u00e9rion"},{"id":"897522","latitude":"38.01666670","longitude":"23.70000000","name":"Perist\u00e9ri"},{"id":"897546","latitude":"38.45000000","longitude":"24.13333330","name":"Periv\u00f3lia"},{"id":"897557","latitude":"38.26666670","longitude":"23.81666670","name":"Periv\u00f3lion"},{"id":"897569","latitude":"36.26666670","longitude":"22.95000000","name":"Perlengi\u00e1nika"},{"id":"897572","latitude":"36.26666670","longitude":"22.95000000","name":"Perleyi\u00e1nnika"},{"id":"897662","latitude":"38.40000000","longitude":"24.16666670","name":"Petria\u00ed"},{"id":"897663","latitude":"38.40000000","longitude":"24.16666670","name":"Petria\u00eds"},{"id":"897665","latitude":"38.40000000","longitude":"24.16666670","name":"Petri\u00e9s"},{"id":"897724","latitude":"36.31666670","longitude":"22.93333330","name":"Petro\u00fanion"},{"id":"897725","latitude":"36.31666670","longitude":"22.93333330","name":"Petro\u00fani"},{"id":"897727","latitude":"38.05000000","longitude":"23.68333330","name":"Petro\u00fapolis"},{"id":"897741","latitude":"38.38333330","longitude":"24.16666670","name":"Petsal\u00e1s"},{"id":"897755","latitude":"38.00000000","longitude":"23.91666670","name":"P\u00e9vka"},{"id":"897763","latitude":"38.16666670","longitude":"23.86666670","name":"Pevk\u00f3fiton"},{"id":"897807","latitude":"37.41666670","longitude":"23.38333330","name":"Pig\u00e1dhia"},{"id":"897837","latitude":"38.00000000","longitude":"23.95000000","name":"Pik\u00e9rmion"},{"id":"897838","latitude":"38.00000000","longitude":"23.95000000","name":"Pik\u00e9rmi"},{"id":"897868","latitude":"38.21666670","longitude":"23.50000000","name":"P\u00edli"},{"id":"897898","latitude":"37.96138890","longitude":"23.63888890","name":"Piraeus"},{"id":"897899","latitude":"37.96138890","longitude":"23.63888890","name":"Pirai\u00e9vs"},{"id":"897904","latitude":"37.96138890","longitude":"23.63888890","name":"Pir\u00e9efs"},{"id":"897905","latitude":"37.96138890","longitude":"23.63888890","name":"Pireo"},{"id":"897997","latitude":"36.25000000","longitude":"22.93333330","name":"P\u00edso Pig\u00e1dhion"},{"id":"898008","latitude":"36.25000000","longitude":"22.93333330","name":"P\u00edsso Pig\u00e1dhi"},{"id":"898032","latitude":"36.26666670","longitude":"22.96666670","name":"Pitsin\u00e1dhes"},{"id":"898033","latitude":"36.20000000","longitude":"22.96666670","name":"Pitsin\u00e1dhika"},{"id":"898036","latitude":"36.20000000","longitude":"22.96666670","name":"Pitsini\u00e1nika"},{"id":"898083","latitude":"37.76666670","longitude":"24.03333330","name":"Pl\u00e1ka"},{"id":"898097","latitude":"37.58333330","longitude":"23.38333330","name":"Pl\u00e1kisa"},{"id":"898213","latitude":"36.36666670","longitude":"22.95000000","name":"Plati\u00e1 \u00c1mmos"},{"id":"898300","latitude":"38.03333330","longitude":"23.75000000","name":"Podhar\u00e1dhes"},{"id":"898309","latitude":"38.03333330","longitude":"23.73333330","name":"Podhon\u00edftis"},{"id":"898346","latitude":"38.21666670","longitude":"23.86666670","name":"Polidh\u00e9ndhri"},{"id":"898350","latitude":"38.21666670","longitude":"23.86666670","name":"Polidh\u00e9ndrion"},{"id":"898355","latitude":"38.21666670","longitude":"23.86666670","name":"Polidh\u00e9ndri"},{"id":"898515","latitude":"37.49944440","longitude":"23.45361110","name":"P\u00f3ros"},{"id":"898522","latitude":"37.71666670","longitude":"23.51666670","name":"P\u00f3rtai"},{"id":"898531","latitude":"37.71666670","longitude":"23.51666670","name":"P\u00f3rtes"},{"id":"898545","latitude":"38.30000000","longitude":"24.11666670","name":"Portombo\u00fafalos"},{"id":"898546","latitude":"37.88333330","longitude":"24.01666670","name":"P\u00f3rto R\u00e1fti"},{"id":"898549","latitude":"38.30000000","longitude":"24.11666670","name":"P\u00f3rto Vo\u00fafalo"},{"id":"898580","latitude":"37.51666670","longitude":"23.28333330","name":"Pot\u00e1mi"},{"id":"898584","latitude":"36.30000000","longitude":"22.96666670","name":"Potamo"},{"id":"898586","latitude":"35.88333330","longitude":"23.28333330","name":"Potam\u00f3s"},{"id":"898676","latitude":"38.18333330","longitude":"23.51666670","name":"Pr\u00e1sinon"},{"id":"898706","latitude":"38.43333330","longitude":"24.03333330","name":"Prini\u00e1s"},{"id":"898781","latitude":"36.33333330","longitude":"22.95000000","name":"Prong\u00edon"},{"id":"898782","latitude":"36.33333330","longitude":"22.95000000","name":"Prong\u00ed"},{"id":"898846","latitude":"37.53333330","longitude":"23.35000000","name":"Psagno\u00ed"},{"id":"898850","latitude":"37.73333330","longitude":"23.48333330","name":"Psakhn\u00ed"},{"id":"898883","latitude":"38.01666670","longitude":"23.76666670","name":"Psichiko"},{"id":"898887","latitude":"38.01666670","longitude":"23.76666670","name":"Psikhik\u00f3n"},{"id":"898889","latitude":"38.01666670","longitude":"23.76666670","name":"Psikhik\u00f3"},{"id":"898912","latitude":"37.43333330","longitude":"23.46666670","name":"Psoma\u00edika"},{"id":"898921","latitude":"38.01666670","longitude":"23.76666670","name":"Psychico"},{"id":"898922","latitude":"38.01666670","longitude":"23.76666670","name":"Psychiko"},{"id":"898925","latitude":"38.01666670","longitude":"23.76666670","name":"Psykiko"},{"id":"899020","latitude":"38.01666670","longitude":"24.00000000","name":"Raf\u00edna"},{"id":"899097","latitude":"38.25000000","longitude":"24.20000000","name":"Rapta\u00edoi"},{"id":"899121","latitude":"38.11666670","longitude":"23.86666670","name":"R\u00e9a"},{"id":"899252","latitude":"36.23333330","longitude":"22.95000000","name":"R\u00edzes"},{"id":"899275","latitude":"38.03333330","longitude":"23.75000000","name":"Riz\u00f3polis"},{"id":"899285","latitude":"38.03333330","longitude":"23.75000000","name":"Rizoupolis"},{"id":"899403","latitude":"38.11666670","longitude":"23.85000000","name":"Rossokhor\u00edon"},{"id":"899522","latitude":"37.41666670","longitude":"23.40000000","name":"Saktouri"},{"id":"899530","latitude":"37.96666670","longitude":"23.48333330","name":"Salam\u00eds"},{"id":"899534","latitude":"38.25000000","longitude":"23.70000000","name":"S\u00e1lesi"},{"id":"899542","latitude":"37.73333330","longitude":"23.51666670","name":"S\u00e1lones"},{"id":"899554","latitude":"38.40000000","longitude":"24.13333330","name":"Samar\u00e1dhes"},{"id":"899692","latitude":"37.88333330","longitude":"23.43333330","name":"Saterl\u00ed"},{"id":"899712","latitude":"38.00000000","longitude":"23.58333330","name":"Scaramanga"},{"id":"899743","latitude":"37.93361110","longitude":"23.53361110","name":"Sel\u00ednia"},{"id":"899871","latitude":"38.23333330","longitude":"23.80000000","name":"Sfendh\u00e1li"},{"id":"899881","latitude":"37.68333330","longitude":"23.48333330","name":"Sfendo\u00farion"},{"id":"899975","latitude":"38.46666670","longitude":"24.15000000","name":"Sik\u00e9ai"},{"id":"900330","latitude":"37.96666670","longitude":"23.36666670","name":"Sk\u00e1la Meg\u00e1ron"},{"id":"900400","latitude":"37.51666670","longitude":"23.30000000","name":"Skap\u00e9tion"},{"id":"900401","latitude":"37.51666670","longitude":"23.30000000","name":"Skap\u00e9ti"},{"id":"900402","latitude":"38.00000000","longitude":"23.58333330","name":"Skaramang\u00e1"},{"id":"900403","latitude":"38.00000000","longitude":"23.58333330","name":"Skaramang\u00e1s"},{"id":"900520","latitude":"38.48333330","longitude":"24.13333330","name":"Sklir\u00f3"},{"id":"900583","latitude":"36.21666670","longitude":"22.95000000","name":"Skoulandri\u00e1nika"},{"id":"900584","latitude":"36.18333330","longitude":"23.00000000","name":"Skouli\u00e1nika"},{"id":"900585","latitude":"36.18333330","longitude":"23.00000000","name":"Skouli\u00e1nnika"},{"id":"900613","latitude":"38.21666670","longitude":"23.55000000","name":"Sko\u00farta"},{"id":"900779","latitude":"37.66666670","longitude":"24.01666670","name":"So\u00fanion"},{"id":"900787","latitude":"37.88333330","longitude":"23.75000000","name":"So\u00farmena"},{"id":"900821","latitude":"38.03333330","longitude":"23.16666670","name":"Sp\u00e1rta"},{"id":"900849","latitude":"38.16666670","longitude":"23.86666670","name":"Spataj\u00edki"},{"id":"900851","latitude":"37.96666670","longitude":"23.91666670","name":"Sp\u00e1ta"},{"id":"900870","latitude":"37.26666670","longitude":"23.15000000","name":"Sp\u00e9tsai"},{"id":"900871","latitude":"37.26666670","longitude":"23.15000000","name":"Sp\u00e9tses"},{"id":"900872","latitude":"37.26666670","longitude":"23.15000000","name":"Spezzia"},{"id":"900891","latitude":"37.78333330","longitude":"24.06666670","name":"Spiliaz\u00e9za"},{"id":"900892","latitude":"36.15000000","longitude":"23.01666670","name":"Spili\u00e9s"},{"id":"900931","latitude":"38.13333330","longitude":"23.88333330","name":"Stam\u00e1ta"},{"id":"900966","latitude":"36.21666670","longitude":"22.96666670","name":"Stathi\u00e1nika"},{"id":"901065","latitude":"38.18333330","longitude":"23.55000000","name":"Stef\u00e1ni"},{"id":"901165","latitude":"36.16666670","longitude":"22.98333330","name":"Strap\u00f3dhion"},{"id":"901166","latitude":"36.16666670","longitude":"22.98333330","name":"Strap\u00f3dhi"},{"id":"901334","latitude":"37.55000000","longitude":"23.36666670","name":"Taktiko\u00fapolis"},{"id":"901365","latitude":"38.16666670","longitude":"23.78333330","name":"Tat\u00f3\u00efon"},{"id":"901366","latitude":"38.16666670","longitude":"23.78333330","name":"Tatoi"},{"id":"901374","latitude":"37.96666670","longitude":"23.68333330","name":"T\u00e1vros"},{"id":"901510","latitude":"37.73333330","longitude":"24.05000000","name":"Theriko"},{"id":"901525","latitude":"37.78333330","longitude":"23.90000000","name":"Th\u00e9rmi"},{"id":"901577","latitude":"37.73333330","longitude":"24.05000000","name":"Thor\u00edcus"},{"id":"901578","latitude":"37.73333330","longitude":"24.05000000","name":"Thorik\u00f3n"},{"id":"901579","latitude":"37.73333330","longitude":"24.05000000","name":"Thorikos"},{"id":"901580","latitude":"37.73333330","longitude":"24.05000000","name":"Thoriko"},{"id":"901581","latitude":"37.83333330","longitude":"23.91666670","name":"Thoriko\u00fa"},{"id":"901761","latitude":"37.91666670","longitude":"23.73333330","name":"Tr\u00e1khones"},{"id":"901780","latitude":"36.20000000","longitude":"23.00000000","name":"Travasari\u00e1nika"},{"id":"901781","latitude":"36.20000000","longitude":"23.00000000","name":"Travasaryi\u00e1nnika"},{"id":"901785","latitude":"38.40000000","longitude":"24.13333330","name":"Tr\u00e1za"},{"id":"901823","latitude":"36.30000000","longitude":"22.98333330","name":"Trifilli\u00e1nika"},{"id":"901833","latitude":"38.01666670","longitude":"24.00000000","name":"Tr\u00edglia"},{"id":"901871","latitude":"38.45000000","longitude":"24.16666670","name":"Trikovil\u00f3n"},{"id":"901903","latitude":"38.03333330","longitude":"23.16666670","name":"Tripodh\u00edskos"},{"id":"901938","latitude":"37.50000000","longitude":"23.36666670","name":"Troichken"},{"id":"901939","latitude":"37.50000000","longitude":"23.36666670","name":"Troizen"},{"id":"901940","latitude":"37.50000000","longitude":"23.36666670","name":"Troiz\u00edn"},{"id":"901971","latitude":"38.23333330","longitude":"24.21666670","name":"Tsaka\u00edoi"},{"id":"902113","latitude":"36.20000000","longitude":"22.98333330","name":"Tsikalari\u00e1"},{"id":"902127","latitude":"36.20000000","longitude":"22.98333330","name":"Tsiklari\u00e1"},{"id":"902272","latitude":"37.73333330","longitude":"23.46666670","name":"Tz\u00edkidhes"},{"id":"902322","latitude":"37.76833330","longitude":"23.53416670","name":"Vaia"},{"id":"902363","latitude":"37.53333330","longitude":"23.35000000","name":"Valari\u00f3n"},{"id":"902445","latitude":"36.26666670","longitude":"22.96666670","name":"Vamvakar\u00e1dhika"},{"id":"902446","latitude":"36.26666670","longitude":"22.96666670","name":"Vamvakar\u00e1rika"},{"id":"902501","latitude":"38.13333330","longitude":"23.80000000","name":"Varib\u00f3pi"},{"id":"902510","latitude":"38.46666670","longitude":"24.11666670","name":"Varimb\u00f3mbion"},{"id":"902511","latitude":"38.46666670","longitude":"24.11666670","name":"Varimb\u00f3pi"},{"id":"902517","latitude":"37.83333330","longitude":"23.80000000","name":"V\u00e1ri"},{"id":"902523","latitude":"37.81666670","longitude":"23.80000000","name":"V\u00e1rkiza"},{"id":"902532","latitude":"38.21666670","longitude":"23.91666670","name":"Varn\u00e1vas"},{"id":"902675","latitude":"37.76666670","longitude":"23.48333330","name":"Vath\u00ed"},{"id":"902728","latitude":"37.76833330","longitude":"23.53416670","name":"V\u00e1yia"},{"id":"902748","latitude":"38.23333330","longitude":"23.90000000","name":"Velatz\u00edki"},{"id":"902768","latitude":"38.23333330","longitude":"23.90000000","name":"Veliantz\u00edki"},{"id":"902802","latitude":"38.38333330","longitude":"24.08333330","name":"V\u00e9los"},{"id":"902807","latitude":"38.38333330","longitude":"24.08333330","name":"Velo\u00fasia"},{"id":"902905","latitude":"36.23333330","longitude":"23.00000000","name":"Viar\u00e1dhika"},{"id":"902910","latitude":"37.51666670","longitude":"23.38333330","name":"V\u00eddhion"},{"id":"902912","latitude":"37.51666670","longitude":"23.38333330","name":"Vidhi"},{"id":"902947","latitude":"38.31666670","longitude":"24.15000000","name":"V\u00edra"},{"id":"902951","latitude":"37.96666670","longitude":"23.75000000","name":"V\u00edron"},{"id":"902953","latitude":"38.31666670","longitude":"24.15000000","name":"V\u00edrra"},{"id":"903030","latitude":"37.41666670","longitude":"23.46666670","name":"Vlakha\u00edika"},{"id":"903042","latitude":"37.70000000","longitude":"23.50000000","name":"Vl\u00e1khidhes"},{"id":"903069","latitude":"37.70000000","longitude":"23.50000000","name":"Vl\u00e1kidhes"},{"id":"903095","latitude":"38.00000000","longitude":"23.68333330","name":"Vlikha"},{"id":"903097","latitude":"37.35000000","longitude":"23.45000000","name":"Vlikh\u00f3s"},{"id":"903201","latitude":"38.18333330","longitude":"23.91666670","name":"V\u00f3thonas"},{"id":"903203","latitude":"38.18333330","longitude":"23.91666670","name":"V\u00f3thon"},{"id":"903220","latitude":"37.85000000","longitude":"23.76666670","name":"Vo\u00fala"},{"id":"903225","latitude":"37.81666670","longitude":"23.78333330","name":"Vouliagm\u00e9ni"},{"id":"903259","latitude":"36.33333330","longitude":"22.96666670","name":"Voun\u00f3n"},{"id":"903270","latitude":"36.33333330","longitude":"22.96666670","name":"Voun\u00f3"},{"id":"903333","latitude":"38.48333330","longitude":"24.11666670","name":"Vo\u00fazion"},{"id":"903335","latitude":"38.48333330","longitude":"24.11666670","name":"Vo\u00fazi"},{"id":"903372","latitude":"38.11666670","longitude":"23.95000000","name":"Vran\u00e1"},{"id":"903379","latitude":"37.91666670","longitude":"23.96666670","name":"Vra\u00f3na"},{"id":"903466","latitude":"37.58333330","longitude":"23.38333330","name":"Vromol\u00edmni"},{"id":"903473","latitude":"37.78333330","longitude":"24.08333330","name":"Vromopo\u00fasi"},{"id":"903576","latitude":"38.15000000","longitude":"23.96666670","name":"Xerol\u00edthi"},{"id":"903577","latitude":"36.15000000","longitude":"23.01666670","name":"Xeroni\u00e1mata"},{"id":"903720","latitude":"37.34777780","longitude":"23.45888890","name":"\u00dddra"},{"id":"903790","latitude":"36.31666670","longitude":"22.93333330","name":"Yerak\u00e1rion"},{"id":"903796","latitude":"36.31666670","longitude":"22.93333330","name":"Yerak\u00e1ri"},{"id":"903804","latitude":"36.16666670","longitude":"22.96666670","name":"Yeraki\u00e1nika"},{"id":"903870","latitude":"37.98333330","longitude":"23.90000000","name":"Yialo\u00fa"},{"id":"903987","latitude":"36.28333330","longitude":"22.96666670","name":"Zaglaniki\u00e1nika"},{"id":"904034","latitude":"38.41666670","longitude":"24.13333330","name":"Zap\u00e1ndion"},{"id":"904036","latitude":"38.41666670","longitude":"24.13333330","name":"Zap\u00e1ndi"},{"id":"904040","latitude":"38.30000000","longitude":"24.20000000","name":"Z\u00e1rakes"},{"id":"904046","latitude":"38.30000000","longitude":"24.20000000","name":"Zarca"},{"id":"904053","latitude":"38.30000000","longitude":"24.20000000","name":"Z\u00e1rka"},{"id":"904102","latitude":"38.38333330","longitude":"24.13333330","name":"Zerb\u00edsia"},{"id":"904108","latitude":"38.38333330","longitude":"24.13333330","name":"Zermb\u00edsia"},{"id":"904218","latitude":"38.28333330","longitude":"23.81666670","name":"Zo\u00f6dh\u00f3khos Piy\u00ed"}]