[{"id":"114","latitude":"25.40611110","longitude":"55.44277780","name":"`Ajman"},{"id":"118","latitude":"25.40611110","longitude":"55.44277780","name":"Al Ajman"},{"id":"157","latitude":"25.39722220","longitude":"55.53000000","name":"Al Hamidiyah"},{"id":"199","latitude":"25.33027780","longitude":"56.02777780","name":"Al Manamah"},{"id":"315","latitude":"24.84166670","longitude":"55.98888890","name":"Bubadi"},{"id":"568","latitude":"25.81666670","longitude":"55.97500000","name":"Ma`ali"},{"id":"585","latitude":"25.33027780","longitude":"56.02777780","name":"Manamah"},{"id":"586","latitude":"25.33027780","longitude":"56.02777780","name":"Manama"},{"id":"598","latitude":"24.81000000","longitude":"56.10944440","name":"Masfut"},{"id":"762","latitude":"24.81611110","longitude":"56.09750000","name":"Shariyah"},{"id":"780","latitude":"24.81277780","longitude":"56.02666670","name":"Sinadil"},{"id":"783","latitude":"24.81388890","longitude":"56.14222220","name":"Sufayri"},{"id":"785","latitude":"24.80583330","longitude":"56.19583330","name":"Suhaylah"},{"id":"786","latitude":"24.80583330","longitude":"56.19583330","name":"Suheila"},{"id":"809","latitude":"25.40611110","longitude":"55.44277780","name":"`Ujman"}]