[{"id":"881012","latitude":"40.43333330","longitude":"23.03333330","name":"Adal\u00ed"},{"id":"881016","latitude":"40.67166670","longitude":"22.60444440","name":"\u00c1dendro"},{"id":"881017","latitude":"40.67166670","longitude":"22.60444440","name":"\u00c1dendron"},{"id":"881018","latitude":"40.55000000","longitude":"23.30000000","name":"Adh\u00e1m"},{"id":"881026","latitude":"40.67166670","longitude":"22.60444440","name":"\u00c1dhendhron"},{"id":"881027","latitude":"40.67166670","longitude":"22.60444440","name":"\u00c1dhendron"},{"id":"881092","latitude":"40.10000000","longitude":"23.43333330","name":"\u00c1fitos"},{"id":"881180","latitude":"40.49944440","longitude":"22.87611110","name":"Ag\u00eda Tri\u00e1da"},{"id":"881185","latitude":"40.49944440","longitude":"22.87611110","name":"Ag\u00eda Tri\u00e1s"},{"id":"881226","latitude":"40.71722220","longitude":"22.72805560","name":"\u00c1gios Athan\u00e1sios"},{"id":"881297","latitude":"40.64055560","longitude":"22.95944440","name":"\u00c1gios P\u00e1vlos"},{"id":"881426","latitude":"40.11666670","longitude":"23.33333330","name":"Agrotika\u00ed Filaka\u00ed Stavronik\u00edta"},{"id":"881492","latitude":"40.74527780","longitude":"22.97861110","name":"A\u00efv\u00e1tion"},{"id":"881587","latitude":"40.38333330","longitude":"23.05000000","name":"Akmanjal\u00ed"},{"id":"881619","latitude":"40.83888890","longitude":"22.64611110","name":"Akropotami\u00e1"},{"id":"881621","latitude":"40.83888890","longitude":"22.64611110","name":"Akrop\u00f3tamos"},{"id":"881635","latitude":"40.58333330","longitude":"23.43333330","name":"Aktopr\u00e1k"},{"id":"881653","latitude":"40.63333330","longitude":"23.35000000","name":"Alanl\u00ed"},{"id":"882030","latitude":"40.73277780","longitude":"22.58944440","name":"Ampel\u00f3n"},{"id":"882082","latitude":"40.66305560","longitude":"22.71138890","name":"Anatolik\u00f3"},{"id":"882084","latitude":"40.66305560","longitude":"22.71138890","name":"Anatolik\u00f3n"},{"id":"882103","latitude":"40.71444440","longitude":"22.77944440","name":"Anch\u00edalos"},{"id":"882192","latitude":"40.49722220","longitude":"22.83444440","name":"Angeloch\u00f3ri"},{"id":"882194","latitude":"40.49722220","longitude":"22.83444440","name":"Angeloch\u00f3rion"},{"id":"882199","latitude":"40.49722220","longitude":"22.83444440","name":"Angelokh\u00f3ri"},{"id":"882201","latitude":"40.49722220","longitude":"22.83444440","name":"Angelokh\u00f3rion"},{"id":"882244","latitude":"40.71444440","longitude":"22.77944440","name":"Ankh\u00edalos"},{"id":"882245","latitude":"40.71444440","longitude":"22.77944440","name":"Ankh\u00edalos Makedhon\u00edas"},{"id":"882361","latitude":"40.76666670","longitude":"23.45000000","name":"Anoixi\u00e1"},{"id":"882442","latitude":"40.78194440","longitude":"22.57916670","name":"(( \u00c1no Kouf\u00e1lia ))"},{"id":"882573","latitude":"40.46666670","longitude":"23.00000000","name":"\u00c1no Skhol\u00e1rion"},{"id":"882670","latitude":"40.46666670","longitude":"23.28333330","name":"Anthemo\u00fas"},{"id":"882766","latitude":"40.65000000","longitude":"23.48333330","name":"Apollon\u00eda"},{"id":"882823","latitude":"40.76666670","longitude":"23.03333330","name":"Arakl\u00ed"},{"id":"882832","latitude":"40.68750000","longitude":"22.84694440","name":"Arapl\u00ed"},{"id":"882865","latitude":"40.60000000","longitude":"23.18333330","name":"Ardham\u00e9ri"},{"id":"882866","latitude":"40.60000000","longitude":"23.18333330","name":"Ardham\u00e9rion"},{"id":"882884","latitude":"40.75000000","longitude":"23.58333330","name":"Ar\u00e9thousa"},{"id":"882885","latitude":"40.76666670","longitude":"23.25000000","name":"Aret\u00ed"},{"id":"883057","latitude":"40.58333330","longitude":"23.03333330","name":"Arsakl\u00ed"},{"id":"883172","latitude":"40.75000000","longitude":"23.38333330","name":"Ask\u00f3s"},{"id":"883206","latitude":"40.58333330","longitude":"23.43333330","name":"Aspr\u00f3khoma"},{"id":"883226","latitude":"40.83888890","longitude":"22.64611110","name":"Aspropotami\u00e1"},{"id":"883238","latitude":"40.71666670","longitude":"23.70000000","name":"Asprov\u00e1lta"},{"id":"883240","latitude":"40.72138890","longitude":"22.93972220","name":"Aspr\u00f3vrysi"},{"id":"883247","latitude":"40.81666670","longitude":"23.03333330","name":"\u00c1ssiros"},{"id":"883293","latitude":"40.65000000","longitude":"23.03333330","name":"Asvestokh\u00f3rion"},{"id":"883326","latitude":"40.10000000","longitude":"23.43333330","name":"\u00c1thitos"},{"id":"883345","latitude":"40.40000000","longitude":"23.20000000","name":"Avanl\u00eddhes"},{"id":"883425","latitude":"40.81666670","longitude":"23.30000000","name":"Avy\u00ed"},{"id":"883513","latitude":"40.48333330","longitude":"23.05000000","name":"Ay\u00eda Paraskev\u00ed"},{"id":"883564","latitude":"40.49944440","longitude":"22.87611110","name":"Ay\u00eda Tri\u00e1s"},{"id":"883696","latitude":"40.71722220","longitude":"22.72805560","name":"\u00c1yios Athan\u00e1sios"},{"id":"883866","latitude":"40.33333330","longitude":"23.26666670","name":"Ayios Pandeleimon"},{"id":"883872","latitude":"40.13333330","longitude":"23.40000000","name":"\u00c1yios P\u00e1vlos"},{"id":"883928","latitude":"40.66666670","longitude":"23.11666670","name":"\u00c1yios Vas\u00edlios"},{"id":"884021","latitude":"40.41666670","longitude":"23.25000000","name":"Ba\u00efram\u00edtsion"},{"id":"884037","latitude":"40.79000000","longitude":"22.76111110","name":"Bal\u00e1"},{"id":"884047","latitude":"40.75000000","longitude":"23.13333330","name":"Bal\u00e1ftsa"},{"id":"884048","latitude":"40.79000000","longitude":"22.76111110","name":"Bala\u00edika"},{"id":"884079","latitude":"40.76666670","longitude":"22.92500000","name":"B\u00e1ltza"},{"id":"884107","latitude":"40.36666670","longitude":"23.23333330","name":"Barakl\u00ed"},{"id":"884133","latitude":"40.41666670","longitude":"23.25000000","name":"Baryam\u00edtai"},{"id":"884134","latitude":"40.41666670","longitude":"23.25000000","name":"Baryam\u00edtsi"},{"id":"884135","latitude":"40.41666670","longitude":"23.25000000","name":"Baryiam\u00edtsi"},{"id":"884139","latitude":"40.46666670","longitude":"23.00000000","name":"Basisl\u00ed"},{"id":"884473","latitude":"40.75000000","longitude":"22.76666670","name":"Bugarievo"},{"id":"884474","latitude":"40.75000000","longitude":"22.76666670","name":"Bugar\u00edovon"},{"id":"884487","latitude":"40.55000000","longitude":"23.13333330","name":"Burnasl\u00ed"},{"id":"884528","latitude":"40.62861110","longitude":"22.73277780","name":"Chal\u00e1stra"},{"id":"884537","latitude":"40.70000000","longitude":"23.33333330","name":"Chal\u00ed Mahal\u00e9"},{"id":"884542","latitude":"40.73305560","longitude":"22.59916670","name":"Chalkid\u00f3na"},{"id":"884543","latitude":"40.73305560","longitude":"22.59916670","name":"Chalkid\u00f3n"},{"id":"884598","latitude":"40.43333330","longitude":"23.13333330","name":"Chekl\u00ed"},{"id":"884631","latitude":"40.41666670","longitude":"23.13333330","name":"Chip\u00edsl\u00ed"},{"id":"884639","latitude":"40.70083330","longitude":"22.60611110","name":"Chohal\u00e1r"},{"id":"884775","latitude":"40.73083330","longitude":"22.91722220","name":"Da\u00fctbal\u00ed"},{"id":"884834","latitude":"40.55000000","longitude":"23.41666670","name":"Der\u00e9 Mahal\u00e1"},{"id":"885078","latitude":"40.41666670","longitude":"23.25000000","name":"Dhexamen\u00ed"},{"id":"885114","latitude":"40.68888890","longitude":"22.85694440","name":"Dhiavat\u00e1"},{"id":"885138","latitude":"40.35000000","longitude":"23.23333330","name":"Dh\u00edkorfon"},{"id":"885187","latitude":"40.26666670","longitude":"23.26666670","name":"Dhion\u00edsios"},{"id":"885188","latitude":"40.26666670","longitude":"23.26666670","name":"Dhionis\u00edou"},{"id":"885413","latitude":"40.73333330","longitude":"23.25000000","name":"Dhrimi\u00e1"},{"id":"885430","latitude":"40.78138890","longitude":"22.95472220","name":"Dhrim\u00f3s"},{"id":"885499","latitude":"40.68888890","longitude":"22.85694440","name":"Diavat\u00e1"},{"id":"885514","latitude":"40.35000000","longitude":"23.23333330","name":"D\u00edkorfon"},{"id":"885562","latitude":"40.33333330","longitude":"23.16666670","name":"Doburl\u00fa"},{"id":"885566","latitude":"40.79694440","longitude":"22.65833330","name":"Doganj\u00ed"},{"id":"885655","latitude":"40.78138890","longitude":"22.95472220","name":"Drim\u00edglava"},{"id":"885680","latitude":"40.78138890","longitude":"22.95472220","name":"Drym\u00f3s"},{"id":"885685","latitude":"40.68888890","longitude":"22.85694440","name":"Dudul\u00e1r"},{"id":"885712","latitude":"40.68777780","longitude":"22.95361110","name":"Efkarp\u00eda"},{"id":"885719","latitude":"40.63333330","longitude":"23.45000000","name":"Egr\u00ed Buj\u00e1k"},{"id":"885778","latitude":"40.33333330","longitude":"23.16666670","name":"Elaiokh\u00f3ria"},{"id":"885779","latitude":"40.33333330","longitude":"23.16666670","name":"Elaiokh\u00f3ri"},{"id":"885795","latitude":"40.74750000","longitude":"22.62611110","name":"Elaio\u00fasa"},{"id":"885829","latitude":"40.66805560","longitude":"22.89472220","name":"Elefth\u00e9rio"},{"id":"885830","latitude":"40.66805560","longitude":"22.89472220","name":"Elefth\u00e9rion"},{"id":"885851","latitude":"40.33333330","longitude":"23.16666670","name":"Eleokh\u00f3ria"},{"id":"885853","latitude":"40.74750000","longitude":"22.62611110","name":"Eleo\u00fasa"},{"id":"885866","latitude":"40.66805560","longitude":"22.89472220","name":"Elevth\u00e9rion"},{"id":"885965","latitude":"40.47527780","longitude":"22.86916670","name":"\u00c9mvolo"},{"id":"885966","latitude":"40.47527780","longitude":"22.86916670","name":"\u00c9mvolon"},{"id":"885967","latitude":"40.48750000","longitude":"22.83666670","name":"Emvolos"},{"id":"886006","latitude":"40.42722220","longitude":"22.92833330","name":"Epanom\u00ed"},{"id":"886135","latitude":"40.70000000","longitude":"23.21666670","name":"Evangelism\u00f3s"},{"id":"886151","latitude":"40.68777780","longitude":"22.95361110","name":"Evkarp\u00eda"},{"id":"886154","latitude":"40.67055560","longitude":"22.90833330","name":"\u00c9vosmo"},{"id":"886155","latitude":"40.67055560","longitude":"22.90833330","name":"\u00c9vosmon"},{"id":"886175","latitude":"40.86444440","longitude":"23.00111110","name":"Exam\u00edli"},{"id":"886176","latitude":"40.86444440","longitude":"23.00111110","name":"Exam\u00edlio"},{"id":"886177","latitude":"40.86444440","longitude":"23.00111110","name":"Exam\u00edlion"},{"id":"886180","latitude":"40.86444440","longitude":"23.00111110","name":"Exam\u00edllion"},{"id":"886327","latitude":"40.79638890","longitude":"22.83388890","name":"Filadelfian\u00e1"},{"id":"886328","latitude":"40.79638890","longitude":"22.83388890","name":"Filadhelfian\u00e1"},{"id":"886329","latitude":"40.75000000","longitude":"23.46666670","name":"Filadh\u00e9lfion"},{"id":"886332","latitude":"40.11666670","longitude":"23.33333330","name":"Filaka\u00ed Kass\u00e1ndras"},{"id":"886367","latitude":"40.68333330","longitude":"23.00000000","name":"F\u00edliron"},{"id":"886368","latitude":"40.68333330","longitude":"23.00000000","name":"F\u00edliros"},{"id":"886464","latitude":"40.26666670","longitude":"23.21666670","name":"Floyit\u00e1"},{"id":"886697","latitude":"40.46666670","longitude":"23.18333330","name":"Galarin\u00f3s"},{"id":"886717","latitude":"40.46666670","longitude":"23.28333330","name":"Gal\u00e1tista"},{"id":"886733","latitude":"40.71111110","longitude":"22.93000000","name":"Gal\u00edni"},{"id":"886850","latitude":"40.73333330","longitude":"22.69222220","name":"G\u00e9fyra"},{"id":"886925","latitude":"40.75000000","longitude":"23.46666670","name":"Giouv\u00e9litsa"},{"id":"886926","latitude":"40.81666670","longitude":"23.28333330","name":"Girm\u00edt"},{"id":"887160","latitude":"40.74166670","longitude":"22.85194440","name":"Gradhemb\u00f3rion"},{"id":"887272","latitude":"40.65000000","longitude":"23.30000000","name":"G\u00famenich"},{"id":"887449","latitude":"40.71444440","longitude":"22.77944440","name":"Ingl\u00eds"},{"id":"887455","latitude":"40.56666670","longitude":"23.10000000","name":"Insel\u00eddhes"},{"id":"887490","latitude":"40.35000000","longitude":"23.01666670","name":"Ir\u00e1klia"},{"id":"887497","latitude":"40.76666670","longitude":"23.03333330","name":"Ir\u00e1klion"},{"id":"887502","latitude":"40.35000000","longitude":"23.01666670","name":"Ir\u00e1klta"},{"id":"887513","latitude":"40.58333330","longitude":"23.41666670","name":"Is\u00e1 \u00d3basi"},{"id":"887527","latitude":"40.51666670","longitude":"23.28333330","name":"\u00cdsoma"},{"id":"887708","latitude":"40.58250000","longitude":"22.95027780","name":"Kalamari\u00e1"},{"id":"887762","latitude":"40.56666670","longitude":"23.36666670","name":"Kalamot\u00f3"},{"id":"887763","latitude":"40.56666670","longitude":"23.36666670","name":"Kalamot\u00f3n"},{"id":"888015","latitude":"40.08333330","longitude":"23.45000000","name":"Kallith\u00e9a"},{"id":"888061","latitude":"40.64138890","longitude":"22.85666670","name":"Kaloch\u00f3ri"},{"id":"888066","latitude":"40.64138890","longitude":"22.85666670","name":"Kaloch\u00f3rion"},{"id":"888103","latitude":"40.64138890","longitude":"22.85666670","name":"Kalokh\u00f3rion"},{"id":"888217","latitude":"40.80194440","longitude":"22.93166670","name":"Kam\u00e1ra"},{"id":"888428","latitude":"40.76666670","longitude":"23.45000000","name":"K\u00e1ntsia"},{"id":"888473","latitude":"40.60055560","longitude":"22.98750000","name":"Kapouts\u00eddhes"},{"id":"888506","latitude":"39.98333330","longitude":"23.61666670","name":"Kaps\u00f3khora"},{"id":"888517","latitude":"40.48750000","longitude":"22.83666670","name":"Karabourno\u00fa"},{"id":"888536","latitude":"40.66166670","longitude":"22.94638890","name":"Kara\u00efs\u00edn"},{"id":"888540","latitude":"40.70000000","longitude":"23.21666670","name":"Karaj\u00e1"},{"id":"888549","latitude":"40.46777780","longitude":"22.99472220","name":"Karajohal\u00ed"},{"id":"888590","latitude":"40.81666670","longitude":"22.65277780","name":"Kar\u00e1 Ogl\u00fa"},{"id":"888591","latitude":"40.76666670","longitude":"23.21666670","name":"Kar\u00e1 Omerl\u00ed"},{"id":"888600","latitude":"40.33333330","longitude":"23.23333330","name":"Kar\u00e1 Tep\u00e9"},{"id":"888620","latitude":"40.75000000","longitude":"22.76666670","name":"(( Karav\u00eda ))"},{"id":"888623","latitude":"40.75000000","longitude":"22.76666670","name":"Karavija"},{"id":"888661","latitude":"40.46777780","longitude":"22.99472220","name":"Kardhi\u00e1"},{"id":"888673","latitude":"40.46777780","longitude":"22.99472220","name":"Kardi\u00e1"},{"id":"888725","latitude":"40.56666670","longitude":"23.36666670","name":"Kar\u00ed Gol"},{"id":"888848","latitude":"40.33333330","longitude":"23.13333330","name":"Karvi\u00e1"},{"id":"888874","latitude":"40.25000000","longitude":"23.28333330","name":"Kary\u00ed-Lim\u00e1n"},{"id":"888884","latitude":"40.01666670","longitude":"23.45000000","name":"Kasandrin\u00f3n"},{"id":"888894","latitude":"40.64138890","longitude":"22.85666670","name":"Kaskar\u00edka"},{"id":"888904","latitude":"40.01666670","longitude":"23.45000000","name":"Kassandhrin\u00f3n"},{"id":"888905","latitude":"40.05000000","longitude":"23.41666670","name":"Kass\u00e1ndra"},{"id":"888906","latitude":"40.01666670","longitude":"23.45000000","name":"Kassandrin\u00f3n"},{"id":"888914","latitude":"40.81666670","longitude":"22.65277780","name":"Kastan\u00e1s"},{"id":"888932","latitude":"40.81666670","longitude":"22.65277780","name":"Kastani\u00e1"},{"id":"889263","latitude":"40.72000000","longitude":"22.68694440","name":"K\u00e1to G\u00e9fyra"},{"id":"889292","latitude":"40.48750000","longitude":"22.83666670","name":"K\u00e1to Karaburn\u00fa"},{"id":"889294","latitude":"40.48750000","longitude":"22.83666670","name":"(( K\u00e1to Karampourno\u00fa ))"},{"id":"889373","latitude":"40.76055560","longitude":"22.57805560","name":"(( K\u00e1to Kouf\u00e1lia ))"},{"id":"889548","latitude":"40.43333330","longitude":"23.03333330","name":"K\u00e1to Skhol\u00e1rion"},{"id":"889711","latitude":"40.73333330","longitude":"23.55000000","name":"Kav\u00e1ki"},{"id":"889713","latitude":"40.71722220","longitude":"22.72805560","name":"Kavakl\u00ed"},{"id":"889717","latitude":"40.71666670","longitude":"23.05000000","name":"Kaval\u00e1ri"},{"id":"889724","latitude":"40.71666670","longitude":"23.05000000","name":"Kavall\u00e1rion"},{"id":"889952","latitude":"40.47527780","longitude":"22.86916670","name":"Keras\u00e9a"},{"id":"889962","latitude":"40.47527780","longitude":"22.86916670","name":"Kerasi\u00e1"},{"id":"890067","latitude":"40.62861110","longitude":"22.73277780","name":"Khal\u00e1stra"},{"id":"890099","latitude":"40.73305560","longitude":"22.59916670","name":"Khalkidh\u00f3n"},{"id":"890168","latitude":"40.00000000","longitude":"23.58333330","name":"Khani\u00f3tis"},{"id":"890217","latitude":"40.66805560","longitude":"22.89472220","name":"Kharm\u00e1nkio\u00ef"},{"id":"890410","latitude":"40.60000000","longitude":"23.10000000","name":"Khorti\u00e1tis"},{"id":"890452","latitude":"40.76666670","longitude":"23.08333330","name":"Khrisavy\u00ed"},{"id":"890552","latitude":"40.61472220","longitude":"22.69111110","name":"K\u00edmina"},{"id":"890671","latitude":"40.67166670","longitude":"22.60444440","name":"Kirjil\u00e1r"},{"id":"890721","latitude":"40.58333330","longitude":"23.35000000","name":"Kizel\u00ed"},{"id":"890727","latitude":"40.41666670","longitude":"23.13333330","name":"Kladharon"},{"id":"890731","latitude":"40.41666670","longitude":"23.13333330","name":"Kladher\u00f3n"},{"id":"890800","latitude":"40.68333330","longitude":"23.28333330","name":"Kl\u00edsali"},{"id":"890886","latitude":"40.63333330","longitude":"23.48333330","name":"Kokkalo\u00fa"},{"id":"890959","latitude":"40.69305560","longitude":"22.60527780","name":"K\u00f3kkou Mandri\u00e1"},{"id":"890981","latitude":"40.41666670","longitude":"23.10000000","name":"Kolaouzlo\u00fa"},{"id":"890984","latitude":"40.41666670","longitude":"23.10000000","name":"Kolauzl\u00fa"},{"id":"891012","latitude":"40.75000000","longitude":"23.13333330","name":"Kolkhik\u00f3n"},{"id":"891266","latitude":"40.67194440","longitude":"22.89361110","name":"Kordheli\u00f3n"},{"id":"891273","latitude":"40.71666670","longitude":"23.18333330","name":"Korfalo\u00fa"},{"id":"891476","latitude":"40.76055560","longitude":"22.57805560","name":"Kouf\u00e1lia K\u00e1to"},{"id":"891477","latitude":"40.77777780","longitude":"22.57194440","name":"Kouf\u00e1lia"},{"id":"891478","latitude":"40.76666670","longitude":"22.58333330","name":"Kouf\u00e1lia Mesa\u00eda"},{"id":"891550","latitude":"40.62861110","longitude":"22.73277780","name":"Koulo\u00fakia"},{"id":"891868","latitude":"40.55000000","longitude":"23.05000000","name":"Kr\u00e1ni"},{"id":"891920","latitude":"40.81666670","longitude":"23.28333330","name":"Kr\u00eda Ner\u00e1"},{"id":"891956","latitude":"40.40000000","longitude":"23.15000000","name":"Kr\u00edni"},{"id":"891976","latitude":"40.81666670","longitude":"23.28333330","name":"Krion\u00e9rion"},{"id":"891993","latitude":"40.38333330","longitude":"23.08333330","name":"Kri\u00f3neron"},{"id":"891997","latitude":"40.03333330","longitude":"23.46666670","name":"Kriopiy\u00ed"},{"id":"892024","latitude":"40.84111110","longitude":"22.97777780","name":"Krith\u00e9a"},{"id":"892025","latitude":"40.84111110","longitude":"22.97777780","name":"Krithi\u00e1"},{"id":"892104","latitude":"40.80000000","longitude":"23.11666670","name":"Kuchukch\u00ed"},{"id":"892154","latitude":"40.61472220","longitude":"22.69111110","name":"K\u00fdmina"},{"id":"892209","latitude":"40.63000000","longitude":"23.24361110","name":"Lagkad\u00e1s"},{"id":"892214","latitude":"40.63000000","longitude":"23.24361110","name":"Lagkad\u00edkia"},{"id":"892236","latitude":"40.72305560","longitude":"23.00000000","name":"Lagyn\u00e1"},{"id":"892242","latitude":"40.72305560","longitude":"23.00000000","name":"La\u00efn\u00e1"},{"id":"892257","latitude":"40.68750000","longitude":"22.84694440","name":"Lakhan\u00f3kipoi"},{"id":"892258","latitude":"40.68750000","longitude":"22.84694440","name":"Lakhan\u00f3kipos"},{"id":"892272","latitude":"40.51666670","longitude":"23.11666670","name":"Lakki\u00e1"},{"id":"892277","latitude":"40.38333330","longitude":"23.05000000","name":"L\u00e1kkoma"},{"id":"892360","latitude":"40.75000000","longitude":"23.06666670","name":"Langadh\u00e1s"},{"id":"892368","latitude":"40.63000000","longitude":"23.24361110","name":"Langadh\u00edkia"},{"id":"892375","latitude":"40.75000000","longitude":"23.06666670","name":"Langaza"},{"id":"892465","latitude":"40.72305560","longitude":"23.00000000","name":"Layin\u00e1"},{"id":"892524","latitude":"40.68777780","longitude":"22.95361110","name":"Lemb\u00e9t"},{"id":"892615","latitude":"40.63333330","longitude":"23.18333330","name":"L\u00e9ven"},{"id":"892686","latitude":"40.73333330","longitude":"23.55000000","name":"Levko\u00fadha"},{"id":"892965","latitude":"40.74527780","longitude":"22.97861110","name":"Lit\u00ed"},{"id":"892978","latitude":"40.50916670","longitude":"22.96444440","name":"Livad\u00e1ki"},{"id":"892980","latitude":"40.50916670","longitude":"22.96444440","name":"Livad\u00e1kion"},{"id":"892989","latitude":"40.50916670","longitude":"22.96444440","name":"Livadh\u00e1ki"},{"id":"892996","latitude":"40.50916670","longitude":"22.96444440","name":"Livadh\u00e1kion"},{"id":"893017","latitude":"40.51666670","longitude":"23.21666670","name":"Liv\u00e1dhion"},{"id":"893077","latitude":"40.76666670","longitude":"23.21666670","name":"Lof\u00edskos"},{"id":"893146","latitude":"40.67722220","longitude":"22.54138890","name":"Loudh\u00eda"},{"id":"893147","latitude":"40.67722220","longitude":"22.54138890","name":"Loudh\u00edas"},{"id":"893148","latitude":"40.67722220","longitude":"22.54138890","name":"Loud\u00edas"},{"id":"893199","latitude":"40.65000000","longitude":"23.40000000","name":"Loutr\u00e1 Besik\u00edon"},{"id":"893229","latitude":"40.65000000","longitude":"23.40000000","name":"Loutr\u00e1 V\u00f3lvis"},{"id":"893268","latitude":"40.73333330","longitude":"23.55000000","name":"Lovko\u00fadha"},{"id":"893503","latitude":"40.08333330","longitude":"23.45000000","name":"M\u00e1ltepe"},{"id":"893590","latitude":"40.70444440","longitude":"22.52138890","name":"Mandri\u00e1 Kor\u00f3na"},{"id":"893591","latitude":"40.71361110","longitude":"22.65638890","name":"Mandri\u00e1 Pantaz\u00f3u"},{"id":"893599","latitude":"40.53333330","longitude":"23.05000000","name":"Mandz\u00e1ridhes"},{"id":"893664","latitude":"40.53333330","longitude":"23.05000000","name":"Mantz\u00e1ridhes"},{"id":"893848","latitude":"40.75000000","longitude":"23.58333330","name":"Masl\u00e1r"},{"id":"894084","latitude":"40.70000000","longitude":"23.43333330","name":"Meg\u00e1la Bes\u00edkia"},{"id":"894121","latitude":"40.70000000","longitude":"23.43333330","name":"Meg\u00e1li V\u00f3lvi"},{"id":"894288","latitude":"40.76666670","longitude":"22.92500000","name":"Melissoch\u00f3ri"},{"id":"894289","latitude":"40.76666670","longitude":"22.92500000","name":"Melissoch\u00f3rion"},{"id":"894292","latitude":"40.76666670","longitude":"22.92500000","name":"Melissokh\u00f3rion"},{"id":"894323","latitude":"40.08333330","longitude":"23.45000000","name":"M\u00e9ltepe"},{"id":"894336","latitude":"40.65694440","longitude":"22.90000000","name":"Menem\u00e9ni"},{"id":"894380","latitude":"40.56666670","longitude":"23.10000000","name":"Mersino\u00fadha"},{"id":"894406","latitude":"40.76666670","longitude":"22.58333330","name":"(( Mesa\u00eda Kouf\u00e1lia ))"},{"id":"894408","latitude":"40.79444440","longitude":"22.86055560","name":"Mesa\u00edo"},{"id":"894410","latitude":"40.79444440","longitude":"22.86055560","name":"Mesa\u00edon"},{"id":"894450","latitude":"40.41666670","longitude":"23.00000000","name":"Mesim\u00e9ri"},{"id":"894453","latitude":"40.41666670","longitude":"23.00000000","name":"Mesim\u00e9rion"},{"id":"894466","latitude":"40.79444440","longitude":"22.86055560","name":"Mesi\u00f3"},{"id":"894467","latitude":"40.79444440","longitude":"22.86055560","name":"Mesi\u00f3n"},{"id":"894506","latitude":"40.56666670","longitude":"23.35000000","name":"Mes\u00f3komon"},{"id":"894531","latitude":"40.61666670","longitude":"23.43333330","name":"Mesop\u00f3tamo"},{"id":"894533","latitude":"40.61666670","longitude":"23.43333330","name":"Mesop\u00f3tamon"},{"id":"894667","latitude":"40.33333330","longitude":"23.06666670","name":"Met\u00f3khion Ay\u00edou P\u00e1vlou"},{"id":"894669","latitude":"40.26666670","longitude":"23.26666670","name":"Met\u00f3khion Dhionis\u00edou"},{"id":"894681","latitude":"40.15000000","longitude":"23.35000000","name":"Met\u00f3khion Patriotik\u00f3n"},{"id":"894683","latitude":"40.01666670","longitude":"23.53333330","name":"Met\u00f3khion Polikhr\u00f3nou"},{"id":"894688","latitude":"40.11666670","longitude":"23.33333330","name":"Met\u00f3khion Stavronik\u00edta"},{"id":"894697","latitude":"40.08333330","longitude":"23.45000000","name":"Met\u00f3khi Rossik\u00f3n"},{"id":"894704","latitude":"40.28333330","longitude":"23.25000000","name":"Met\u00f3khi Zogr\u00e1fou"},{"id":"894732","latitude":"40.46444440","longitude":"22.86083330","name":"Michianio"},{"id":"894757","latitude":"40.68333330","longitude":"23.56666670","name":"Mikr\u00e1 Bes\u00edkia"},{"id":"894767","latitude":"40.35000000","longitude":"23.18333330","name":"Mikr\u00e1lona"},{"id":"894775","latitude":"40.68333330","longitude":"23.56666670","name":"Mikr\u00e1 V\u00f3lvi"},{"id":"894815","latitude":"40.71666670","longitude":"23.28333330","name":"Mikrok\u00f3mi"},{"id":"894827","latitude":"40.70583330","longitude":"22.54138890","name":"Mikr\u00f3 Monast\u00edri"},{"id":"894828","latitude":"40.70583330","longitude":"22.54138890","name":"Mikr\u00f3 Monast\u00edrion"},{"id":"894851","latitude":"40.70583330","longitude":"22.54138890","name":"Mikr\u00f3n Monast\u00edrion"},{"id":"894857","latitude":"40.43333330","longitude":"23.10000000","name":"Mikr\u00f3n Playi\u00e1rion"},{"id":"894858","latitude":"40.43333330","longitude":"23.10000000","name":"Mikr\u00f3n Playi\u00e1ron"},{"id":"895229","latitude":"40.80333330","longitude":"22.90722220","name":"Mon\u00f3lithos"},{"id":"895234","latitude":"40.80333330","longitude":"22.90722220","name":"Mon\u00f3lofo"},{"id":"895235","latitude":"40.80333330","longitude":"22.90722220","name":"Mon\u00f3lofon"},{"id":"895238","latitude":"40.43333330","longitude":"23.13333330","name":"Monop\u00edgadhon"},{"id":"895479","latitude":"40.79638890","longitude":"22.83388890","name":"N\u00e1res"},{"id":"895511","latitude":"40.63333330","longitude":"23.45000000","name":"N\u00e9a Apollon\u00eda"},{"id":"895517","latitude":"40.67055560","longitude":"22.90833330","name":"Nea Coclutsa"},{"id":"895523","latitude":"40.79638890","longitude":"22.83388890","name":"N\u00e9a Filad\u00e9lfeia"},{"id":"895524","latitude":"40.79638890","longitude":"22.83388890","name":"N\u00e9a Filadh\u00e9lfia"},{"id":"895529","latitude":"40.08333330","longitude":"23.45000000","name":"N\u00e9a Floyit\u00e1"},{"id":"895530","latitude":"40.13333330","longitude":"23.40000000","name":"N\u00e9a F\u00f3kaia"},{"id":"895534","latitude":"40.36666670","longitude":"23.10000000","name":"N\u00e9a Goni\u00e1"},{"id":"895535","latitude":"40.36666670","longitude":"23.10000000","name":"N\u00e9a Gonl\u00e1"},{"id":"895541","latitude":"40.68888890","longitude":"22.85694440","name":"N\u00e9a Ioni\u00e1"},{"id":"895546","latitude":"40.35000000","longitude":"23.01666670","name":"N\u00e9a Ir\u00e1klia"},{"id":"895550","latitude":"40.31666670","longitude":"23.06666670","name":"N\u00e9a Kallikr\u00e1tia"},{"id":"895560","latitude":"40.36666670","longitude":"23.23333330","name":"N\u00e9a Keras\u00e9a"},{"id":"895561","latitude":"40.36666670","longitude":"23.23333330","name":"N\u00e9a Kerasi\u00e1"},{"id":"895565","latitude":"40.73305560","longitude":"22.59916670","name":"N\u00e9a Khalkidh\u00f3n"},{"id":"895592","latitude":"40.68750000","longitude":"22.84694440","name":"N\u00e9a Magnis\u00eda"},{"id":"895595","latitude":"40.65694440","longitude":"22.90000000","name":"N\u00e9a Mainem\u00e9ni"},{"id":"895598","latitude":"40.60944440","longitude":"22.68166670","name":"N\u00e9a M\u00e1lgara"},{"id":"895599","latitude":"40.65694440","longitude":"22.90000000","name":"Nea Manemeni"},{"id":"895602","latitude":"40.46444440","longitude":"22.86083330","name":"Nea Mechaniona"},{"id":"895605","latitude":"40.75138890","longitude":"22.76250000","name":"N\u00e9a Mesimvr\u00eda"},{"id":"895606","latitude":"40.46444440","longitude":"22.86083330","name":"N\u00e9a Michani\u00f3na"},{"id":"895607","latitude":"40.46444440","longitude":"22.86083330","name":"N\u00e9a Mikhani\u00f3na"},{"id":"895610","latitude":"40.25000000","longitude":"23.28333330","name":"N\u00e9a Moudhani\u00e1"},{"id":"895625","latitude":"40.26666670","longitude":"23.20000000","name":"N\u00e9a Pl\u00e1yia"},{"id":"895635","latitude":"40.20000000","longitude":"23.33333330","name":"N\u00e9a Pot\u00eddhaia"},{"id":"895639","latitude":"40.53333330","longitude":"23.05000000","name":"N\u00e9a Raidhest\u00f3s"},{"id":"895654","latitude":"40.33333330","longitude":"23.13333330","name":"N\u00e9a S\u00edlata"},{"id":"895655","latitude":"40.33333330","longitude":"23.13333330","name":"N\u00e9a Sill\u00e1ta"},{"id":"895659","latitude":"39.95000000","longitude":"23.53333330","name":"N\u00e9a Ski\u00f3ni"},{"id":"895666","latitude":"40.33333330","longitude":"23.23333330","name":"N\u00e9a T\u00e9nedhos"},{"id":"895673","latitude":"40.30000000","longitude":"23.20000000","name":"N\u00e9a Tr\u00edglia"},{"id":"895685","latitude":"40.67722220","longitude":"22.54138890","name":"N\u00e9a Zo\u00ed"},{"id":"895746","latitude":"40.73666670","longitude":"22.87611110","name":"Neochoro\u00fada"},{"id":"895749","latitude":"40.50027780","longitude":"22.91111110","name":"N\u00e9oi Epiv\u00e1tai"},{"id":"895750","latitude":"40.50027780","longitude":"22.91111110","name":"N\u00e9oi Epiv\u00e1tes"},{"id":"895804","latitude":"40.36666670","longitude":"23.05000000","name":"Neokh\u00f3rion"},{"id":"895837","latitude":"40.73666670","longitude":"22.87611110","name":"Neokhoro\u00fadha"},{"id":"895874","latitude":"40.67194440","longitude":"22.89361110","name":"N\u00e9on Kordeli\u00f3n"},{"id":"895875","latitude":"40.67194440","longitude":"22.89361110","name":"N\u00e9on Kordheli\u00f3"},{"id":"895876","latitude":"40.67194440","longitude":"22.89361110","name":"N\u00e9on Kordheli\u00f3n"},{"id":"895888","latitude":"40.66666670","longitude":"23.33333330","name":"N\u00e9on Our\u00e9ki"},{"id":"895889","latitude":"40.66666670","longitude":"23.33333330","name":"N\u00e9on Our\u00e9k"},{"id":"895890","latitude":"40.66666670","longitude":"23.33333330","name":"N\u00e9on Ovr\u00e9k"},{"id":"895896","latitude":"40.49666670","longitude":"22.98861110","name":"N\u00e9on R\u00edsion"},{"id":"895897","latitude":"40.49666670","longitude":"22.98861110","name":"N\u00e9on R\u00edssion"},{"id":"895899","latitude":"40.49666670","longitude":"22.98861110","name":"N\u00e9on R\u00fdsion"},{"id":"895911","latitude":"40.49666670","longitude":"22.98861110","name":"N\u00e9o R\u00fdsi"},{"id":"895922","latitude":"40.67055560","longitude":"22.90833330","name":"N\u00e9os Koukloutz\u00e1s"},{"id":"895981","latitude":"40.36666670","longitude":"23.26666670","name":"Ner\u00f3milos"},{"id":"896072","latitude":"40.63333330","longitude":"23.26666670","name":"Nikomidhin\u00f3n"},{"id":"896085","latitude":"40.70000000","longitude":"23.33333330","name":"Nimf\u00f3petra"},{"id":"896153","latitude":"40.76666670","longitude":"23.48333330","name":"No\u00fadha"},{"id":"896274","latitude":"40.73083330","longitude":"22.91722220","name":"Orai\u00f3kastron"},{"id":"896276","latitude":"40.73083330","longitude":"22.91722220","name":"Orai\u00f3kastro"},{"id":"896284","latitude":"40.73083330","longitude":"22.91722220","name":"Oreorastron"},{"id":"896325","latitude":"40.40611110","longitude":"22.89750000","name":"\u00d3rmos Epanom\u00eds"},{"id":"896330","latitude":"40.40611110","longitude":"22.89750000","name":"\u00d3rmos"},{"id":"896365","latitude":"40.36666670","longitude":"23.26666670","name":"Osmanl\u00ed"},{"id":"896368","latitude":"40.83333330","longitude":"23.20000000","name":"\u00d3ssa"},{"id":"896757","latitude":"40.72277780","longitude":"22.90916670","name":"Pali\u00f3kastron"},{"id":"896760","latitude":"40.72277780","longitude":"22.90916670","name":"Pali\u00f3kastro"},{"id":"896835","latitude":"40.42888890","longitude":"22.88277780","name":"P\u00e1lioura"},{"id":"896838","latitude":"40.42888890","longitude":"22.88277780","name":"Palio\u00faras"},{"id":"896846","latitude":"39.95000000","longitude":"23.66666670","name":"Palio\u00farion"},{"id":"896850","latitude":"39.95000000","longitude":"23.66666670","name":"Palio\u00fari"},{"id":"896995","latitude":"40.58333330","longitude":"23.03333330","name":"Pan\u00f3rama"},{"id":"897119","latitude":"40.40611110","longitude":"22.89750000","name":"Paral\u00eda Epanom\u00eds"},{"id":"897208","latitude":"40.70083330","longitude":"22.60611110","name":"Parth\u00e9nion"},{"id":"897212","latitude":"40.70083330","longitude":"22.60611110","name":"Parth\u00e9ni"},{"id":"897295","latitude":"40.03333330","longitude":"23.46666670","name":"Pazar\u00e1kia"},{"id":"897302","latitude":"40.35000000","longitude":"23.23333330","name":"Pazarl\u00ed"},{"id":"897303","latitude":"40.65000000","longitude":"23.48333330","name":"Pazaro\u00fadha"},{"id":"897318","latitude":"40.65722220","longitude":"22.99027780","name":"P\u00e9fka"},{"id":"897369","latitude":"40.74166670","longitude":"22.85194440","name":"Pend\u00e1lofos"},{"id":"897389","latitude":"40.81666670","longitude":"23.15000000","name":"P\u00e9nde Vr\u00edsai"},{"id":"897390","latitude":"40.81666670","longitude":"23.15000000","name":"P\u00e9nde Vr\u00edses"},{"id":"897397","latitude":"40.74166670","longitude":"22.85194440","name":"Pent\u00e1lofos"},{"id":"897416","latitude":"40.50027780","longitude":"22.92500000","name":"Pera\u00eda"},{"id":"897506","latitude":"40.55000000","longitude":"23.16666670","name":"Perister\u00e1"},{"id":"897523","latitude":"40.66666670","longitude":"23.33333330","name":"Perister\u00f3na"},{"id":"897540","latitude":"40.75000000","longitude":"23.03333330","name":"Perivol\u00e1kion"},{"id":"897541","latitude":"40.75000000","longitude":"23.03333330","name":"Perivol\u00e1ki"},{"id":"897640","latitude":"40.36666670","longitude":"23.16666670","name":"Petr\u00e1lona"},{"id":"897684","latitude":"40.51666670","longitude":"23.28333330","name":"Petrok\u00e9rasa"},{"id":"897707","latitude":"40.81416670","longitude":"22.86861110","name":"Petrot\u00f3n"},{"id":"897713","latitude":"40.81416670","longitude":"22.86861110","name":"Petrot\u00f3"},{"id":"897849","latitude":"40.60055560","longitude":"22.98750000","name":"Pila\u00eda"},{"id":"897922","latitude":"40.62861110","longitude":"22.73277780","name":"P\u00edrgos"},{"id":"897995","latitude":"40.48333330","longitude":"23.13333330","name":"P\u00edsona"},{"id":"898067","latitude":"40.47416670","longitude":"22.95722220","name":"Plagi\u00e1rion"},{"id":"898069","latitude":"40.47416670","longitude":"22.95722220","name":"Plagi\u00e1ri"},{"id":"898175","latitude":"40.55000000","longitude":"23.41666670","name":"Platanokh\u00f3rion"},{"id":"898176","latitude":"40.55000000","longitude":"23.41666670","name":"Platanokh\u00f3ri"},{"id":"898216","latitude":"40.63333330","longitude":"23.35000000","name":"Plat\u00eda"},{"id":"898253","latitude":"40.47416670","longitude":"22.95722220","name":"Playi\u00e1rion"},{"id":"898255","latitude":"40.47416670","longitude":"22.95722220","name":"Playi\u00e1ri"},{"id":"898341","latitude":"40.66166670","longitude":"22.94638890","name":"Pol\u00edchni"},{"id":"898344","latitude":"40.81666670","longitude":"23.11666670","name":"Polidh\u00e9ndhri"},{"id":"898348","latitude":"40.76666670","longitude":"23.38333330","name":"Polidh\u00e9ndrion"},{"id":"898352","latitude":"40.76666670","longitude":"23.38333330","name":"Polidh\u00e9ndri"},{"id":"898372","latitude":"40.66166670","longitude":"22.94638890","name":"Pol\u00edkhni"},{"id":"898375","latitude":"40.01666670","longitude":"23.53333330","name":"Pol\u00edkhronon"},{"id":"898376","latitude":"40.01666670","longitude":"23.53333330","name":"Polikhr\u00f3nou"},{"id":"898453","latitude":"40.01666670","longitude":"23.53333330","name":"Polykhrono"},{"id":"898638","latitude":"40.55000000","longitude":"23.13333330","name":"Pournarokh\u00f3rion"},{"id":"898639","latitude":"40.55000000","longitude":"23.13333330","name":"Pournarokh\u00f3ri"},{"id":"898646","latitude":"40.35000000","longitude":"23.18333330","name":"P\u00f3zalon"},{"id":"898711","latitude":"40.40000000","longitude":"23.20000000","name":"Prinokh\u00f3rion"},{"id":"898712","latitude":"40.40000000","longitude":"23.20000000","name":"Prinokh\u00f3ri"},{"id":"898734","latitude":"40.79694440","longitude":"22.65833330","name":"Pr\u00f3choma"},{"id":"898767","latitude":"40.68333330","longitude":"23.28333330","name":"Prof\u00edtis"},{"id":"898772","latitude":"40.79694440","longitude":"22.65833330","name":"Pr\u00f3khoma"},{"id":"898956","latitude":"40.49666670","longitude":"22.98861110","name":"Purn\u00e1r"},{"id":"898957","latitude":"40.60055560","longitude":"22.98750000","name":"Pyla\u00eda"},{"id":"898969","latitude":"40.62861110","longitude":"22.73277780","name":"P\u00fdrgos"},{"id":"898999","latitude":"40.35000000","longitude":"23.13333330","name":"Radh\u00f3kipos"},{"id":"899000","latitude":"40.35000000","longitude":"23.13333330","name":"Radh\u00f3klpos"},{"id":"899114","latitude":"40.51666670","longitude":"23.28333330","name":"Ravn\u00e1"},{"id":"899140","latitude":"40.65722220","longitude":"22.99027780","name":"Rendz\u00edki"},{"id":"899145","latitude":"40.65722220","longitude":"22.99027780","name":"Rentz\u00edkion"},{"id":"899170","latitude":"40.65722220","longitude":"22.99027780","name":"Retz\u00edkion"},{"id":"899171","latitude":"40.65722220","longitude":"22.99027780","name":"Retz\u00edki"},{"id":"899321","latitude":"40.35000000","longitude":"23.13333330","name":"Rodh\u00f3kipos"},{"id":"899544","latitude":"40.64027780","longitude":"22.94388890","name":"Salonica"},{"id":"899546","latitude":"40.64027780","longitude":"22.94388890","name":"Salonika"},{"id":"899547","latitude":"40.64027780","longitude":"22.94388890","name":"Salon\u00edki"},{"id":"899549","latitude":"40.64027780","longitude":"22.94388890","name":"Salonique"},{"id":"899619","latitude":"40.58333330","longitude":"23.21666670","name":"Sarak\u00edna"},{"id":"899664","latitude":"40.76666670","longitude":"23.08333330","name":"Sar\u00edyar"},{"id":"899717","latitude":"40.55000000","longitude":"23.01666670","name":"Sedes"},{"id":"899718","latitude":"40.55000000","longitude":"23.01666670","name":"S\u00e9dhes"},{"id":"899727","latitude":"40.64027780","longitude":"22.94388890","name":"Selanik"},{"id":"899792","latitude":"40.45000000","longitude":"23.03333330","name":"Semsel\u00ed"},{"id":"899794","latitude":"40.35000000","longitude":"23.13333330","name":"Senel\u00ed"},{"id":"899823","latitude":"40.28333330","longitude":"23.15000000","name":"Servik\u00f3n Met\u00f3khion"},{"id":"899937","latitude":"40.78138890","longitude":"22.95472220","name":"Sidhirok\u00e9falon"},{"id":"899972","latitude":"40.64944440","longitude":"22.95083330","name":"Sik\u00e9ai"},{"id":"900063","latitude":"40.66972220","longitude":"22.80472220","name":"S\u00edndhos"},{"id":"900066","latitude":"40.66972220","longitude":"22.80472220","name":"S\u00edndos"},{"id":"900284","latitude":"40.03333330","longitude":"23.36666670","name":"S\u00edviri"},{"id":"900289","latitude":"40.03333330","longitude":"23.36666670","name":"S\u00edvri"},{"id":"900305","latitude":"40.49944440","longitude":"22.87611110","name":"Sk\u00e1la Ag\u00edas Tri\u00e1dos"},{"id":"900307","latitude":"40.49944440","longitude":"22.87611110","name":"Sk\u00e1la Ay\u00edas Tri\u00e1dhos"},{"id":"900331","latitude":"40.50472220","longitude":"22.91000000","name":"Sk\u00e1la Ne\u00f3n Epivat\u00f3n"},{"id":"900450","latitude":"40.46666670","longitude":"23.00000000","name":"Skhol\u00e1rion"},{"id":"900688","latitude":"40.81666670","longitude":"23.35000000","name":"Sokh\u00f3s"},{"id":"900704","latitude":"40.64027780","longitude":"22.94388890","name":"Solun"},{"id":"900788","latitude":"40.46666670","longitude":"23.08333330","name":"Sourot\u00ed"},{"id":"900803","latitude":"40.28333330","longitude":"23.15000000","name":"Soz\u00f3plis"},{"id":"900804","latitude":"40.28333330","longitude":"23.15000000","name":"Soz\u00f3polis"},{"id":"901011","latitude":"40.11666670","longitude":"23.33333330","name":"Stavronik\u00edta"},{"id":"901041","latitude":"40.66944440","longitude":"22.93805560","name":"Stavro\u00fapolis"},{"id":"901043","latitude":"40.66944440","longitude":"22.93805560","name":"Stavro\u00fapoli"},{"id":"901058","latitude":"40.76666670","longitude":"23.58333330","name":"Stefanin\u00e1"},{"id":"901135","latitude":"40.65000000","longitude":"23.30000000","name":"St\u00edvos"},{"id":"901186","latitude":"40.60055560","longitude":"22.98750000","name":"Str\u00e9fa"},{"id":"901250","latitude":"40.30000000","longitude":"23.20000000","name":"Sufl\u00e1r"},{"id":"901280","latitude":"40.64944440","longitude":"22.95083330","name":"Syk\u00e9ai"},{"id":"901306","latitude":"40.73500000","longitude":"22.69416670","name":"Synoikism\u00f3s Metrin\u00f3n"},{"id":"901315","latitude":"40.73694440","longitude":"22.69694440","name":"Synoikism\u00f3s Sozop\u00f3leos"},{"id":"901322","latitude":"40.48333330","longitude":"23.01666670","name":"Tagar\u00e1dhes"},{"id":"901323","latitude":"40.48333330","longitude":"23.01666670","name":"Tagar\u00e1dhos"},{"id":"901324","latitude":"40.48333330","longitude":"23.01666670","name":"Tagarj\u00eddhon"},{"id":"901348","latitude":"40.67055560","longitude":"22.90833330","name":"Taous\u00e1n L\u00f3fos"},{"id":"901397","latitude":"40.66972220","longitude":"22.80472220","name":"Tekel\u00ed"},{"id":"901406","latitude":"40.36666670","longitude":"23.16666670","name":"Telkel\u00ed"},{"id":"901524","latitude":"40.55000000","longitude":"23.01666670","name":"Th\u00e9rmi"},{"id":"901533","latitude":"40.64027780","longitude":"22.94388890","name":"Thessalonike"},{"id":"901534","latitude":"40.64027780","longitude":"22.94388890","name":"Thessalon\u00edki"},{"id":"901676","latitude":"40.73333330","longitude":"22.69222220","name":"Tops\u00edn"},{"id":"901694","latitude":"40.33333330","longitude":"23.15000000","name":"To\u00famba"},{"id":"901796","latitude":"40.55000000","longitude":"23.05000000","name":"Tri\u00e1dhion"},{"id":"901797","latitude":"40.55000000","longitude":"23.05000000","name":"Tri\u00e1dhi"},{"id":"901811","latitude":"40.62277780","longitude":"22.97111110","name":"Triandr\u00eda"},{"id":"901875","latitude":"40.46722220","longitude":"22.96944440","name":"Tr\u00edlofon"},{"id":"901881","latitude":"40.46722220","longitude":"22.96944440","name":"Tr\u00edlofo"},{"id":"901936","latitude":"40.51666670","longitude":"23.11666670","name":"Trohanl\u00ed"},{"id":"901944","latitude":"40.45000000","longitude":"23.03333330","name":"Tro\u00falos"},{"id":"902145","latitude":"40.36666670","longitude":"23.10000000","name":"Tsingan\u00e1dhes"},{"id":"902304","latitude":"40.47416670","longitude":"22.95722220","name":"Uz\u00fan-Al\u00ed"},{"id":"902326","latitude":"40.71666670","longitude":"23.38333330","name":"Va\u00efokh\u00f3rion"},{"id":"902331","latitude":"40.71666670","longitude":"23.38333330","name":"Vaizi"},{"id":"902386","latitude":"40.66305560","longitude":"22.71138890","name":"Valm\u00e1da"},{"id":"902388","latitude":"40.66305560","longitude":"22.71138890","name":"Valm\u00e1dha"},{"id":"902395","latitude":"40.05000000","longitude":"23.41666670","name":"V\u00e1lta"},{"id":"902409","latitude":"40.71888890","longitude":"22.63722220","name":"Valtoch\u00f3rion"},{"id":"902410","latitude":"40.71888890","longitude":"22.63722220","name":"Valtoch\u00f3ri"},{"id":"902412","latitude":"40.71888890","longitude":"22.63722220","name":"Valtokh\u00f3rion"},{"id":"902414","latitude":"40.71888890","longitude":"22.63722220","name":"Valtokh\u00f3ri"},{"id":"902450","latitude":"40.68333330","longitude":"23.61666670","name":"Vamvaki\u00e1"},{"id":"902588","latitude":"40.46666670","longitude":"23.13333330","name":"Vasilik\u00e1"},{"id":"902625","latitude":"40.63333330","longitude":"23.18333330","name":"Vasilo\u00fadhion"},{"id":"902626","latitude":"40.63333330","longitude":"23.18333330","name":"Vasilo\u00fadhi"},{"id":"902653","latitude":"40.76944440","longitude":"22.70166670","name":"Vath\u00edlakkon"},{"id":"902656","latitude":"40.76944440","longitude":"22.70166670","name":"Vath\u00edlakkos"},{"id":"902679","latitude":"40.80000000","longitude":"23.11666670","name":"Vathoul\u00f3"},{"id":"902682","latitude":"40.76944440","longitude":"22.70166670","name":"Vath\u00fdlakkos"},{"id":"902730","latitude":"40.71666670","longitude":"23.38333330","name":"Vayiokh\u00f3ri"},{"id":"902966","latitude":"40.83333330","longitude":"23.20000000","name":"Viss\u00f3ka"},{"id":"903009","latitude":"40.71666670","longitude":"23.38333330","name":"Viyiokh\u00f3rion"},{"id":"903159","latitude":"40.63333330","longitude":"23.26666670","name":"Vor\u00e9nos"},{"id":"903341","latitude":"40.66222220","longitude":"22.63972220","name":"Vrachi\u00e1"},{"id":"903357","latitude":"40.66222220","longitude":"22.63972220","name":"Vrakhi\u00e1"},{"id":"903381","latitude":"40.70000000","longitude":"23.65000000","name":"Vrasn\u00e1"},{"id":"903475","latitude":"40.33333330","longitude":"23.26666670","name":"Vromos\u00edrtai"},{"id":"903476","latitude":"40.33333330","longitude":"23.26666670","name":"Vrom\u00f3sirta"},{"id":"903477","latitude":"40.33333330","longitude":"23.26666670","name":"Vromos\u00edrtis"},{"id":"903579","latitude":"40.60000000","longitude":"23.45000000","name":"Xer\u00f3remma"},{"id":"903626","latitude":"40.80111110","longitude":"22.77222220","name":"Xiroch\u00f3rion"},{"id":"903628","latitude":"40.80111110","longitude":"22.77222220","name":"Xiroch\u00f3ri"},{"id":"903648","latitude":"40.80111110","longitude":"22.77222220","name":"Xirokh\u00f3rion"},{"id":"903652","latitude":"40.80111110","longitude":"22.77222220","name":"Xirokh\u00f3ri"},{"id":"903673","latitude":"40.76666670","longitude":"23.48333330","name":"Xirop\u00f3tamos"},{"id":"903675","latitude":"40.60000000","longitude":"23.45000000","name":"Xir\u00f3rrevma"},{"id":"903702","latitude":"40.83888890","longitude":"22.64611110","name":"Yahal\u00ed"},{"id":"903704","latitude":"40.68333330","longitude":"23.00000000","name":"Yalij\u00edk"},{"id":"903727","latitude":"40.73333330","longitude":"22.69222220","name":"Y\u00e9fira"},{"id":"903746","latitude":"40.84111110","longitude":"22.97777780","name":"Yeni-Koi"},{"id":"903798","latitude":"40.63333330","longitude":"23.21666670","name":"Yerakaro\u00fa"},{"id":"903805","latitude":"40.58333330","longitude":"23.41666670","name":"Yeraki\u00e1"},{"id":"903863","latitude":"40.75000000","longitude":"23.38333330","name":"Yiak\u00ednia"},{"id":"903972","latitude":"40.61472220","longitude":"22.69111110","name":"Yunj\u00eddhes"},{"id":"903975","latitude":"40.81666670","longitude":"23.03333330","name":"Yuv\u00e9sna"},{"id":"903988","latitude":"40.56666670","longitude":"23.28333330","name":"Zagliv\u00e9rion"},{"id":"904028","latitude":"40.56666670","longitude":"23.28333330","name":"Zangliv\u00e9rion"},{"id":"904029","latitude":"40.56666670","longitude":"23.28333330","name":"Zangliv\u00e9ri"},{"id":"904201","latitude":"40.28333330","longitude":"23.25000000","name":"Zogr\u00e1fos"},{"id":"904202","latitude":"40.28333330","longitude":"23.25000000","name":"Zogr\u00e1fou"},{"id":"904204","latitude":"40.81666670","longitude":"23.35000000","name":"Zokh\u00f3s"},{"id":"904238","latitude":"40.46722220","longitude":"22.96944440","name":"Zoumb\u00e1tes"}]