[{"id":"881015","latitude":"41.13333330","longitude":"24.70000000","name":"Ad\u00e1s"},{"id":"881114","latitude":"41.06666670","longitude":"24.75000000","name":"Agal\u00e1r"},{"id":"881126","latitude":"41.10000000","longitude":"24.30000000","name":"Ag\u00e1pi"},{"id":"881174","latitude":"40.90888890","longitude":"24.65722220","name":"Ag\u00edasma"},{"id":"881340","latitude":"41.13333330","longitude":"24.31666670","name":"Agor\u00e1"},{"id":"881447","latitude":"41.26666670","longitude":"24.48333330","name":"A\u00efdhon\u00f3kastron"},{"id":"881501","latitude":"41.11666670","longitude":"24.35000000","name":"A\u00edyiros"},{"id":"881622","latitude":"40.78333330","longitude":"24.03333330","name":"Akrop\u00f3tamos"},{"id":"881623","latitude":"40.78333330","longitude":"24.03333330","name":"Akropot\u00e1mou"},{"id":"881628","latitude":"40.90000000","longitude":"24.21666670","name":"Akrovo"},{"id":"881629","latitude":"40.90000000","longitude":"24.21666670","name":"Akrovo\u00fani"},{"id":"881630","latitude":"40.90000000","longitude":"24.21666670","name":"Akrovo\u00fanion"},{"id":"881727","latitude":"40.60000000","longitude":"24.75000000","name":"Alik\u00ed"},{"id":"881944","latitude":"40.96666670","longitude":"24.36666670","name":"Amigdhale\u00f3n"},{"id":"881945","latitude":"40.96666670","longitude":"24.36666670","name":"Amigdhale\u00f3nas"},{"id":"881967","latitude":"40.93333330","longitude":"24.35000000","name":"Amisian\u00e1"},{"id":"881968","latitude":"41.31666670","longitude":"24.58333330","name":"Amisin\u00f3n"},{"id":"882106","latitude":"41.13333330","longitude":"24.70000000","name":"And\u00e1s"},{"id":"882119","latitude":"40.95000000","longitude":"24.21666670","name":"Andif\u00edlippoi"},{"id":"882181","latitude":"40.98333330","longitude":"24.50000000","name":"Anesti\u00e1s"},{"id":"882302","latitude":"40.96666670","longitude":"24.33333330","name":"\u00c1no Dh\u00e1ton"},{"id":"882359","latitude":"41.25000000","longitude":"24.63333330","name":"Ano Ionik\u00f3n"},{"id":"882392","latitude":"41.26666670","longitude":"24.66666670","name":"\u00c1no Kari\u00f3fiton"},{"id":"882404","latitude":"41.05000000","longitude":"24.26666670","name":"\u00c1no Kefal\u00e1rion"},{"id":"882427","latitude":"41.10000000","longitude":"24.60000000","name":"\u00c1no Konstandini\u00e1"},{"id":"882454","latitude":"41.05000000","longitude":"24.58333330","name":"\u00c1no Levk\u00e1dhion"},{"id":"882460","latitude":"41.13333330","longitude":"24.70000000","name":"\u00c1no Liver\u00e1"},{"id":"882526","latitude":"41.16666670","longitude":"24.31666670","name":"\u00c1no Pix\u00e1rion"},{"id":"882597","latitude":"40.66666670","longitude":"24.70000000","name":"\u00c1no The\u00f3logos"},{"id":"882598","latitude":"41.36666670","longitude":"24.96666670","name":"\u00c1no Th\u00e9rmai"},{"id":"882833","latitude":"41.06666670","longitude":"24.73333330","name":"Arapl\u00ed"},{"id":"882834","latitude":"41.06666670","longitude":"24.73333330","name":"Arapl\u00edon"},{"id":"883050","latitude":"40.95000000","longitude":"25.16666670","name":"Aroy\u00ed"},{"id":"883051","latitude":"41.25000000","longitude":"24.58333330","name":"Arpaj\u00edk"},{"id":"883087","latitude":"40.73333330","longitude":"24.11666670","name":"Arvanitokh\u00f3ri"},{"id":"883091","latitude":"40.73333330","longitude":"24.11666670","name":"Arvitanokh\u00f3ri"},{"id":"883123","latitude":"41.10000000","longitude":"24.28333330","name":"Asa\u00e1-Mahal\u00e9"},{"id":"883147","latitude":"41.25000000","longitude":"24.53333330","name":"Asikl\u00e1r"},{"id":"883264","latitude":"40.58333330","longitude":"24.65000000","name":"Asto\u00eds"},{"id":"883273","latitude":"40.58333330","longitude":"24.65000000","name":"Astr\u00eds"},{"id":"883350","latitude":"40.96666670","longitude":"24.80000000","name":"\u00c1vaton"},{"id":"883358","latitude":"40.93333330","longitude":"24.98333330","name":"\u00c1vdhira"},{"id":"883368","latitude":"41.43333330","longitude":"24.46666670","name":"Avg\u00f3"},{"id":"883395","latitude":"40.88333330","longitude":"24.16666670","name":"Avl\u00ed"},{"id":"883414","latitude":"41.05000000","longitude":"24.71666670","name":"Avramili\u00e1"},{"id":"883514","latitude":"41.01666670","longitude":"24.16666670","name":"Ay\u00eda Paraskev\u00ed"},{"id":"883544","latitude":"40.90888890","longitude":"24.65722220","name":"Ay\u00edasma"},{"id":"883660","latitude":"40.86666670","longitude":"24.28333330","name":"\u00c1yios Andhr\u00e9as"},{"id":"883680","latitude":"40.86666670","longitude":"24.28333330","name":"\u00c1yios Andr\u00e9as"},{"id":"883697","latitude":"41.06666670","longitude":"24.25000000","name":"\u00c1yios Athan\u00e1sios"},{"id":"883811","latitude":"41.08333330","longitude":"24.66666670","name":"\u00c1yios Kosm\u00e1s"},{"id":"883953","latitude":"40.76666670","longitude":"24.63333330","name":"\u00c1yios Ye\u00f3ryios"},{"id":"884018","latitude":"41.23333330","longitude":"24.58333330","name":"Ba\u00efrakl\u00ed"},{"id":"884043","latitude":"41.35000000","longitude":"24.63333330","name":"Balab\u00e1n"},{"id":"884066","latitude":"41.18333330","longitude":"24.31666670","name":"Balkal\u00e1r"},{"id":"884073","latitude":"41.18333330","longitude":"24.41666670","name":"Baltajil\u00e1r"},{"id":"884081","latitude":"40.98333330","longitude":"24.33333330","name":"Bal\u00faska"},{"id":"884098","latitude":"41.03333330","longitude":"24.03333330","name":"B\u00e1nitsa"},{"id":"884108","latitude":"41.05000000","longitude":"24.65000000","name":"Barakl\u00ed"},{"id":"884149","latitude":"40.96666670","longitude":"24.36666670","name":"Bat\u00e9m Chifl\u00edk"},{"id":"884184","latitude":"41.06666670","longitude":"24.73333330","name":"Beklem\u00eds"},{"id":"884186","latitude":"41.35000000","longitude":"24.53333330","name":"B\u00e9len"},{"id":"884213","latitude":"40.96666670","longitude":"24.33333330","name":"Bereketli"},{"id":"884221","latitude":"41.21666670","longitude":"24.45000000","name":"B\u00e9rnitsa"},{"id":"884285","latitude":"40.78333330","longitude":"24.03333330","name":"B\u00f3bliani"},{"id":"884288","latitude":"41.21666670","longitude":"24.55000000","name":"B\u00f3\u00ebva"},{"id":"884294","latitude":"41.03333330","longitude":"24.66666670","name":"Bo\u00efn\u00f3n Kisl\u00ed"},{"id":"884314","latitude":"41.06666670","longitude":"24.25000000","name":"B\u00f3riani"},{"id":"884326","latitude":"41.01666670","longitude":"24.21666670","name":"Bosin\u00f3s"},{"id":"884361","latitude":"41.26666670","longitude":"24.50000000","name":"Bo\u00fakia"},{"id":"884399","latitude":"41.36666670","longitude":"24.26666670","name":"Bo\u00farkhovon"},{"id":"884454","latitude":"41.21666670","longitude":"24.46666670","name":"Bresatl\u00ed"},{"id":"884476","latitude":"41.08333330","longitude":"24.30000000","name":"Buj\u00e1k"},{"id":"884481","latitude":"41.06666670","longitude":"24.26666670","name":"Bun\u00e1rbashi"},{"id":"884484","latitude":"41.16666670","longitude":"24.31666670","name":"Burazanl\u00ed"},{"id":"884509","latitude":"40.93972220","longitude":"24.40194440","name":"Cavalla"},{"id":"884516","latitude":"40.87555560","longitude":"24.70694440","name":"Cha\u00efdeft\u00f3"},{"id":"884517","latitude":"40.87555560","longitude":"24.70694440","name":"Cha\u00efdeft\u00f3n"},{"id":"884519","latitude":"41.11666670","longitude":"24.58333330","name":"Cha\u00eflik"},{"id":"884601","latitude":"41.03333330","longitude":"25.03333330","name":"Chep\u00e9l-Chifl\u00edk"},{"id":"884620","latitude":"41.26666670","longitude":"24.48333330","name":"Chifl\u00edk Mahal\u00e9"},{"id":"884622","latitude":"41.18333330","longitude":"24.36666670","name":"Chilekl\u00e9r"},{"id":"884624","latitude":"40.98333330","longitude":"24.51666670","name":"Chin\u00e1r"},{"id":"884632","latitude":"40.86666670","longitude":"24.16666670","name":"Chitakl\u00ed"},{"id":"884636","latitude":"41.05000000","longitude":"24.71666670","name":"Chobanl\u00ed"},{"id":"884697","latitude":"40.98555560","longitude":"24.69388890","name":"Chryso\u00fapoli"},{"id":"884698","latitude":"40.98555560","longitude":"24.69388890","name":"Chryso\u00fapolis"},{"id":"884704","latitude":"40.81666670","longitude":"24.15000000","name":"Ch\u00fasti"},{"id":"884754","latitude":"41.08333330","longitude":"24.56666670","name":"Daoutlo\u00fa Makhal\u00e9"},{"id":"884767","latitude":"41.16666670","longitude":"24.63333330","name":"D\u00e1rova"},{"id":"884780","latitude":"41.08333330","longitude":"24.56666670","name":"Da\u00fctl\u00fa"},{"id":"884781","latitude":"41.08333330","longitude":"24.56666670","name":"Da\u00fctl\u00fa Mahal\u00e9"},{"id":"884787","latitude":"40.80000000","longitude":"23.95000000","name":"Ded\u00e9bali"},{"id":"884790","latitude":"41.25000000","longitude":"24.50000000","name":"Dedel\u00e9r"},{"id":"884817","latitude":"41.11666670","longitude":"24.38333330","name":"Demirj\u00f3yanni"},{"id":"884818","latitude":"40.85000000","longitude":"24.15000000","name":"Demirl\u00ed"},{"id":"884819","latitude":"41.25000000","longitude":"24.60000000","name":"Dem\u00edr-Tash"},{"id":"884857","latitude":"40.86666670","longitude":"24.20000000","name":"Devekir\u00e1n"},{"id":"884858","latitude":"40.85000000","longitude":"24.16666670","name":"Devekl\u00ed"},{"id":"884898","latitude":"41.21666670","longitude":"24.66666670","name":"Dhafn\u00f3n"},{"id":"884974","latitude":"40.96666670","longitude":"24.33333330","name":"Dh\u00e1ton"},{"id":"884981","latitude":"40.98333330","longitude":"24.83333330","name":"Dh\u00e9karkhon"},{"id":"885092","latitude":"41.06666670","longitude":"24.73333330","name":"Dhialekt\u00f3n"},{"id":"885128","latitude":"41.01666670","longitude":"24.31666670","name":"Dhikel\u00ed Tas"},{"id":"885159","latitude":"40.85000000","longitude":"24.15000000","name":"Dhimar\u00e1s"},{"id":"885201","latitude":"41.36666670","longitude":"24.61666670","name":"Dhip\u00f3tama"},{"id":"885205","latitude":"41.11666670","longitude":"24.58333330","name":"Dhip\u00f3tamon"},{"id":"885208","latitude":"41.11666670","longitude":"24.58333330","name":"Dhip\u00f3tamos"},{"id":"885221","latitude":"41.06666670","longitude":"24.56666670","name":"Dh\u00edsvaton"},{"id":"885256","latitude":"40.86666670","longitude":"24.15000000","name":"Dhom\u00e1tia"},{"id":"885294","latitude":"40.98333330","longitude":"24.61666670","name":"Dhouk\u00e1lion"},{"id":"885376","latitude":"40.95000000","longitude":"24.21666670","name":"Dhran\u00edtsi"},{"id":"885385","latitude":"41.31666670","longitude":"24.41666670","name":"Dhrats\u00edsta"},{"id":"885392","latitude":"41.28333330","longitude":"24.31666670","name":"Dhrep\u00e1ni"},{"id":"885393","latitude":"41.28333330","longitude":"24.31666670","name":"Dhrep\u00e1nion"},{"id":"885401","latitude":"40.95000000","longitude":"24.18333330","name":"Dhri\u00e1dha"},{"id":"885408","latitude":"40.95000000","longitude":"24.18333330","name":"Dhri\u00e1s"},{"id":"885414","latitude":"41.25000000","longitude":"24.56666670","name":"Dhrimi\u00e1"},{"id":"885432","latitude":"41.15000000","longitude":"24.48333330","name":"Dhrim\u00f3topos"},{"id":"885559","latitude":"41.11666670","longitude":"24.30000000","name":"Dizmikl\u00ed"},{"id":"885560","latitude":"41.16666670","longitude":"24.33333330","name":"Doal\u00e1r"},{"id":"885568","latitude":"41.00000000","longitude":"24.65000000","name":"Do\u00efranl\u00ed"},{"id":"885578","latitude":"40.96666670","longitude":"24.58333330","name":"Domasl\u00ed"},{"id":"885619","latitude":"41.31666670","longitude":"24.41666670","name":"Dr\u00e1chista"},{"id":"885652","latitude":"40.83333330","longitude":"24.20000000","name":"Dr\u00e9zna"},{"id":"885656","latitude":"41.15000000","longitude":"24.48333330","name":"Drim\u00f3topos"},{"id":"885657","latitude":"40.83333330","longitude":"24.20000000","name":"Dr\u00edsna"},{"id":"885693","latitude":"40.85000000","longitude":"24.16666670","name":"Durmusl\u00fa"},{"id":"885727","latitude":"41.01666670","longitude":"24.63333330","name":"Ek\u00e1li"},{"id":"885750","latitude":"41.06666670","longitude":"24.73333330","name":"Eklekt\u00f3n"},{"id":"885755","latitude":"41.05000000","longitude":"24.55000000","name":"Elafokh\u00f3rion"},{"id":"885780","latitude":"40.81666670","longitude":"24.25000000","name":"Elaiokh\u00f3ri"},{"id":"885781","latitude":"40.81666670","longitude":"24.25000000","name":"Elaiokh\u00f3rion"},{"id":"885845","latitude":"40.91388890","longitude":"24.25138890","name":"Elefthero\u00fapoli"},{"id":"885846","latitude":"40.91388890","longitude":"24.25138890","name":"Elefthero\u00fapolis"},{"id":"885863","latitude":"40.85000000","longitude":"24.25000000","name":"Elevthera\u00ed"},{"id":"885882","latitude":"40.91388890","longitude":"24.25138890","name":"Elevthero\u00fapolis"},{"id":"886063","latitude":"40.93333330","longitude":"24.81666670","name":"Er\u00e1smion"},{"id":"886065","latitude":"40.95000000","longitude":"24.63333330","name":"Eratin\u00f3n"},{"id":"886080","latitude":"40.95000000","longitude":"24.63333330","name":"Eretl\u00ed Mahal\u00e9"},{"id":"886152","latitude":"40.98333330","longitude":"24.80000000","name":"\u00c9vlalon"},{"id":"886160","latitude":"41.10000000","longitude":"24.28333330","name":"Evr\u00edpedhon"},{"id":"886204","latitude":"40.88333330","longitude":"24.23333330","name":"Exokh\u00ed"},{"id":"886209","latitude":"40.88333330","longitude":"24.23333330","name":"Exokh\u00ed-T\u00f3vliani"},{"id":"886251","latitude":"40.96666670","longitude":"25.13333330","name":"Fan\u00e1rion"},{"id":"886361","latitude":"41.00000000","longitude":"24.63333330","name":"F\u00edlippoi"},{"id":"886485","latitude":"40.81666670","longitude":"24.15000000","name":"Fole\u00e1"},{"id":"886489","latitude":"40.81666670","longitude":"24.15000000","name":"Foli\u00e1"},{"id":"886676","latitude":"41.25000000","longitude":"24.73333330","name":"G\u00e1brovon"},{"id":"886737","latitude":"40.80000000","longitude":"23.95000000","name":"Galips\u00f3s"},{"id":"886845","latitude":"41.06666670","longitude":"24.60000000","name":"Gazil\u00e9r"},{"id":"886856","latitude":"40.95000000","longitude":"24.78333330","name":"Genjerl\u00ed"},{"id":"886884","latitude":"41.20000000","longitude":"24.33333330","name":"Gerikl\u00ed"},{"id":"886890","latitude":"41.38333330","longitude":"24.91666670","name":"G\u00e9ro Mahal\u00e9"},{"id":"886891","latitude":"41.38333330","longitude":"24.91666670","name":"G\u00e9ro Makhal\u00e9"},{"id":"886919","latitude":"41.01666670","longitude":"24.91666670","name":"Gi\u00f3na"},{"id":"886930","latitude":"41.03333330","longitude":"24.86666670","name":"Giz\u00e9la"},{"id":"886931","latitude":"41.03333330","longitude":"24.86666670","name":"Giz\u00f3la"},{"id":"886987","latitude":"41.38333330","longitude":"24.28333330","name":"Glum"},{"id":"887058","latitude":"41.33333330","longitude":"24.53333330","name":"G\u00f3rnova"},{"id":"887063","latitude":"40.95000000","longitude":"24.15000000","name":"G\u00f3ryianni"},{"id":"887215","latitude":"41.00000000","longitude":"24.65000000","name":"Gravo\u00fana"},{"id":"887216","latitude":"41.00000000","longitude":"24.65000000","name":"Gravo\u00fasa"},{"id":"887278","latitude":"41.21666670","longitude":"24.36666670","name":"Gurkl\u00e9r"},{"id":"887310","latitude":"40.87555560","longitude":"24.70694440","name":"Haj\u00ed-Em\u00edn-Ag\u00e1"},{"id":"887325","latitude":"41.25000000","longitude":"24.51666670","name":"Hal\u00e9p"},{"id":"887330","latitude":"41.18333330","longitude":"24.38333330","name":"Has\u00e1n Bal\u00e1r"},{"id":"887350","latitude":"41.10000000","longitude":"24.30000000","name":"Himitl\u00ed"},{"id":"887356","latitude":"41.23333330","longitude":"24.63333330","name":"Huse\u00efn-Ko\u00ef"},{"id":"887357","latitude":"41.36666670","longitude":"24.91666670","name":"Husein Mahale"},{"id":"887371","latitude":"41.35000000","longitude":"24.45000000","name":"Ibisl\u00e9r"},{"id":"887381","latitude":"41.03333330","longitude":"24.28333330","name":"Idhr\u00f3miloi"},{"id":"887382","latitude":"41.03333330","longitude":"24.28333330","name":"Idhr\u00f3milos"},{"id":"887420","latitude":"40.96666670","longitude":"24.03333330","name":"Iliok\u00f3mi"},{"id":"887423","latitude":"40.95000000","longitude":"24.78333330","name":"Ili\u00f3petra"},{"id":"887444","latitude":"41.08333330","longitude":"24.50000000","name":"Imrenl\u00ed"},{"id":"887452","latitude":"41.23333330","longitude":"24.63333330","name":"Inik\u00f3n"},{"id":"887454","latitude":"41.30000000","longitude":"24.46666670","name":"Injirl\u00edk"},{"id":"887459","latitude":"41.23333330","longitude":"24.63333330","name":"Ionik\u00f3n"},{"id":"887471","latitude":"41.21666670","longitude":"24.35000000","name":"Ipsil\u00ed R\u00e1khi"},{"id":"887473","latitude":"41.18333330","longitude":"24.31666670","name":"Ipsil\u00f3kastron"},{"id":"887477","latitude":"41.11666670","longitude":"24.30000000","name":"Ipsil\u00f3n"},{"id":"887501","latitude":"40.78333330","longitude":"23.85000000","name":"Irakl\u00edtsa"},{"id":"887521","latitude":"40.85000000","longitude":"24.06666670","name":"Isirl\u00ed"},{"id":"887574","latitude":"41.28333330","longitude":"24.46666670","name":"Jam\u00ed-Mahal\u00e9"},{"id":"887578","latitude":"40.98333330","longitude":"24.46666670","name":"Jar\u00ed"},{"id":"887582","latitude":"41.36666670","longitude":"24.55000000","name":"J\u00fara"},{"id":"887583","latitude":"40.93972220","longitude":"24.40194440","name":"Kaballa"},{"id":"887677","latitude":"41.05000000","longitude":"24.18333330","name":"Kalab\u00e1ki"},{"id":"887678","latitude":"41.05000000","longitude":"24.18333330","name":"Kalab\u00e1kion"},{"id":"887716","latitude":"41.05000000","longitude":"24.18333330","name":"Kalamb\u00e1ki"},{"id":"887717","latitude":"41.05000000","longitude":"24.18333330","name":"Kalamb\u00e1kion"},{"id":"887751","latitude":"41.01666670","longitude":"24.21666670","name":"Kalam\u00f3nas"},{"id":"887752","latitude":"41.01666670","longitude":"24.21666670","name":"Kalam\u00f3n"},{"id":"887824","latitude":"40.98333330","longitude":"24.93333330","name":"Kalfal\u00e1r"},{"id":"887846","latitude":"40.70000000","longitude":"24.55000000","name":"Kalirr\u00e1khi"},{"id":"887855","latitude":"40.75000000","longitude":"24.58333330","name":"Kal\u00edvai"},{"id":"887859","latitude":"41.31666670","longitude":"24.36666670","name":"Kal\u00edvai M\u00edngou"},{"id":"887863","latitude":"41.30000000","longitude":"24.61666670","name":"Kal\u00edva"},{"id":"887869","latitude":"40.75000000","longitude":"24.58333330","name":"Kal\u00edves"},{"id":"887895","latitude":"40.66666670","longitude":"24.65000000","name":"Kal\u00edvia"},{"id":"887937","latitude":"41.31666670","longitude":"24.36666670","name":"Kal\u00edvia M\u00edngou"},{"id":"887942","latitude":"40.98333330","longitude":"24.70000000","name":"Kal\u00edvia Pondi\u00e1s"},{"id":"887993","latitude":"41.40000000","longitude":"24.21666670","name":"Kall\u00edkarpon"},{"id":"887995","latitude":"41.26666670","longitude":"24.40000000","name":"Kall\u00edkrounon"},{"id":"888003","latitude":"40.70000000","longitude":"24.55000000","name":"Kallir\u00e1khi"},{"id":"888016","latitude":"41.25000000","longitude":"24.73333330","name":"Kallith\u00e9a"},{"id":"888188","latitude":"41.10000000","longitude":"24.60000000","name":"K\u00e1lto Konstandini\u00e1"},{"id":"888465","latitude":"41.25000000","longitude":"24.50000000","name":"Kapn\u00f3fiton"},{"id":"888528","latitude":"41.01666670","longitude":"25.11666670","name":"Karag\u00e1ch"},{"id":"888531","latitude":"41.28333330","longitude":"24.40000000","name":"Karag\u00f3z-K\u00f3\u00ef"},{"id":"888544","latitude":"41.00000000","longitude":"24.63333330","name":"Karaj\u00e1 K\u00f3\u00ef"},{"id":"888545","latitude":"41.30000000","longitude":"24.51666670","name":"Karaj\u00e1-K\u00f3\u00ef"},{"id":"888548","latitude":"41.01666670","longitude":"24.63333330","name":"Karajil\u00e1r"},{"id":"888552","latitude":"41.05000000","longitude":"24.55000000","name":"Karaj\u00f3va"},{"id":"888557","latitude":"41.05000000","longitude":"24.10000000","name":"Kar\u00e1 Kav\u00e1k"},{"id":"888562","latitude":"41.05000000","longitude":"24.70000000","name":"Kar\u00e1 Kidarl\u00ed"},{"id":"888573","latitude":"41.08333330","longitude":"24.66666670","name":"Karamanl\u00ed"},{"id":"888592","latitude":"40.95000000","longitude":"24.43333330","name":"Kar\u00e1 Orm\u00e1n"},{"id":"888593","latitude":"41.00000000","longitude":"24.96666670","name":"Karapaz\u00e1ri"},{"id":"888594","latitude":"41.00000000","longitude":"24.96666670","name":"Karapazarlar"},{"id":"888615","latitude":"40.85000000","longitude":"24.16666670","name":"Karavang\u00e9lis"},{"id":"888707","latitude":"40.75000000","longitude":"23.98333330","name":"Karian\u00ed"},{"id":"888730","latitude":"41.26666670","longitude":"24.66666670","name":"Kari\u00f3fiton"},{"id":"888815","latitude":"41.28333330","longitude":"24.46666670","name":"Karpof\u00f3ron"},{"id":"888822","latitude":"41.28333330","longitude":"24.48333330","name":"Kars\u00ed-Chifl\u00edk"},{"id":"888886","latitude":"41.11666670","longitude":"24.30000000","name":"Kasapl\u00ed"},{"id":"888948","latitude":"41.25000000","longitude":"24.70000000","name":"Kastan\u00edtis"},{"id":"888955","latitude":"41.21666670","longitude":"24.55000000","name":"Kastanot\u00f3"},{"id":"888956","latitude":"41.21666670","longitude":"24.55000000","name":"Kastanot\u00f3n"},{"id":"889038","latitude":"40.63333330","longitude":"24.56666670","name":"Kastro"},{"id":"889048","latitude":"40.63333330","longitude":"24.56666670","name":"K\u00e1stron"},{"id":"889225","latitude":"40.96666670","longitude":"24.31666670","name":"K\u00e1to Dh\u00e1ton"},{"id":"889271","latitude":"41.23333330","longitude":"24.61666670","name":"K\u00e1to Ionik\u00f3n"},{"id":"889303","latitude":"41.26666670","longitude":"24.66666670","name":"K\u00e1to Kari\u00f3fiton"},{"id":"889316","latitude":"41.06666670","longitude":"24.25000000","name":"K\u00e1to Kefal\u00e1rion"},{"id":"889335","latitude":"41.08333330","longitude":"24.51666670","name":"Katokh\u00f3ri"},{"id":"889342","latitude":"41.08333330","longitude":"24.51666670","name":"Katokh\u00f3rion"},{"id":"889361","latitude":"41.10000000","longitude":"24.60000000","name":"K\u00e1to Konstandini\u00e1"},{"id":"889381","latitude":"40.80000000","longitude":"23.91666670","name":"K\u00e1to Lakkov\u00edkia"},{"id":"889382","latitude":"40.80000000","longitude":"23.91666670","name":"K\u00e1to Lakkov\u00edkiu"},{"id":"889383","latitude":"40.80000000","longitude":"23.91666670","name":"K\u00e1to Lakkov\u00edtia"},{"id":"889391","latitude":"41.05000000","longitude":"24.58333330","name":"K\u00e1to Levk\u00e1dhion"},{"id":"889403","latitude":"41.11666670","longitude":"24.70000000","name":"K\u00e1to Liver\u00e1"},{"id":"889438","latitude":"40.80000000","longitude":"23.91666670","name":"K\u00e1to Mesolaki\u00e1"},{"id":"889496","latitude":"41.16666670","longitude":"24.31666670","name":"K\u00e1to Pix\u00e1rion"},{"id":"889705","latitude":"41.36666670","longitude":"24.61666670","name":"Kat\u00fan"},{"id":"889707","latitude":"41.05000000","longitude":"24.58333330","name":"Kavaj\u00edk"},{"id":"889714","latitude":"41.11666670","longitude":"24.35000000","name":"Kavakl\u00ed"},{"id":"889715","latitude":"40.93972220","longitude":"24.40194440","name":"Kav\u00e1la"},{"id":"889720","latitude":"40.93972220","longitude":"24.40194440","name":"Kav\u00e1lla"},{"id":"889727","latitude":"41.21666670","longitude":"24.46666670","name":"Kavall\u00e1ris"},{"id":"889763","latitude":"40.98333330","longitude":"24.61666670","name":"Kay\u00e1-Bun\u00e1r"},{"id":"889799","latitude":"41.06666670","longitude":"24.26666670","name":"Kefal\u00e1ri"},{"id":"889804","latitude":"41.06666670","longitude":"24.26666670","name":"Kefal\u00e1rion"},{"id":"889855","latitude":"41.16666670","longitude":"24.63333330","name":"Kekhr\u00f3kambos"},{"id":"889886","latitude":"40.95000000","longitude":"24.78333330","name":"Kendit\u00ed"},{"id":"889938","latitude":"40.85833330","longitude":"24.70611110","name":"Keramot\u00ed"},{"id":"890039","latitude":"40.87555560","longitude":"24.70694440","name":"Kha\u00efdhevt\u00f3"},{"id":"890040","latitude":"40.87555560","longitude":"24.70694440","name":"Kha\u00efdhevt\u00f3n"},{"id":"890073","latitude":"41.25000000","longitude":"24.51666670","name":"Khal\u00e9pi"},{"id":"890074","latitude":"41.25000000","longitude":"24.51666670","name":"Khal\u00e9pion"},{"id":"890092","latitude":"40.98333330","longitude":"24.46666670","name":"Khalker\u00f3n"},{"id":"890130","latitude":"41.18333330","longitude":"24.36666670","name":"Khamok\u00e9rasa"},{"id":"890242","latitude":"40.87555560","longitude":"24.70694440","name":"Khatdhito"},{"id":"890345","latitude":"41.31666670","longitude":"24.58333330","name":"Kh\u00f3levan"},{"id":"890412","latitude":"40.91666670","longitude":"24.21666670","name":"Khortok\u00f3pi"},{"id":"890413","latitude":"40.91666670","longitude":"24.21666670","name":"Khortok\u00f3pion"},{"id":"890440","latitude":"41.36666670","longitude":"24.91666670","name":"Khouse\u00efn Makhal\u00e9"},{"id":"890461","latitude":"40.88333330","longitude":"24.18333330","name":"Khris\u00f3kastron"},{"id":"890465","latitude":"40.93333330","longitude":"24.71666670","name":"Khrisokh\u00f3ri"},{"id":"890467","latitude":"40.93333330","longitude":"24.71666670","name":"Khrisokh\u00f3rion"},{"id":"890483","latitude":"40.98555560","longitude":"24.69388890","name":"Khriso\u00fapolis"},{"id":"890512","latitude":"40.98555560","longitude":"24.69388890","name":"Khrysoupolis"},{"id":"890521","latitude":"41.36666670","longitude":"25.00000000","name":"K\u00eddharis"},{"id":"890558","latitude":"40.93333330","longitude":"24.30000000","name":"K\u00ednali"},{"id":"890565","latitude":"40.96666670","longitude":"24.70000000","name":"Kin\u00e9z"},{"id":"890567","latitude":"41.08333330","longitude":"24.50000000","name":"Kinig\u00f3s"},{"id":"890572","latitude":"40.66666670","longitude":"24.76666670","name":"K\u00ednira"},{"id":"890617","latitude":"40.88333330","longitude":"24.20000000","name":"Kip\u00eda"},{"id":"890641","latitude":"41.03333330","longitude":"24.85000000","name":"Kips\u00e9li"},{"id":"890661","latitude":"41.10000000","longitude":"24.28333330","name":"K\u00edria"},{"id":"890679","latitude":"40.98333330","longitude":"24.78333330","name":"K\u00edrnos"},{"id":"890723","latitude":"41.06666670","longitude":"24.48333330","name":"Kizil\u00ed"},{"id":"890724","latitude":"41.25000000","longitude":"24.56666670","name":"Kiz-Muk\u00fa"},{"id":"890865","latitude":"40.66666670","longitude":"24.76666670","name":"Ko\u00ednira"},{"id":"890868","latitude":"41.31666670","longitude":"24.76666670","name":"Koivatsovitsa-Makhal\u00e1s"},{"id":"890899","latitude":"41.36666670","longitude":"24.26666670","name":"Kokkini\u00e1"},{"id":"890914","latitude":"40.93333330","longitude":"24.30000000","name":"Kokkin\u00f3khoma"},{"id":"890916","latitude":"40.83333330","longitude":"24.00000000","name":"Kokkinokh\u00f3ri"},{"id":"890919","latitude":"40.83333330","longitude":"24.00000000","name":"Kokkinokh\u00f3rion"},{"id":"890921","latitude":"41.36666670","longitude":"24.26666670","name":"K\u00f3kkino"},{"id":"890988","latitude":"41.16666670","longitude":"24.40000000","name":"Kolel\u00ed"},{"id":"891199","latitude":"41.10000000","longitude":"24.60000000","name":"Konstandini\u00e1"},{"id":"891286","latitude":"41.05000000","longitude":"24.45000000","name":"Korifa\u00ed"},{"id":"891289","latitude":"41.05000000","longitude":"24.45000000","name":"Korif\u00e9s"},{"id":"891316","latitude":"40.98333330","longitude":"24.05000000","name":"Korm\u00edsta"},{"id":"891364","latitude":"41.08333330","longitude":"24.51666670","name":"Kosel\u00e9r-Bali\u00e1"},{"id":"891387","latitude":"41.05000000","longitude":"24.76666670","name":"Kosmit\u00ed"},{"id":"891389","latitude":"41.05000000","longitude":"24.81666670","name":"Koss\u00f3s"},{"id":"891442","latitude":"40.90000000","longitude":"24.21666670","name":"K\u00f3tsani"},{"id":"891458","latitude":"40.81666670","longitude":"24.25000000","name":"Kotsk\u00e1ri"},{"id":"891459","latitude":"41.10000000","longitude":"24.60000000","name":"Kotsogl\u00e1r"},{"id":"891630","latitude":"40.98333330","longitude":"24.46666670","name":"Kounoupi\u00e1"},{"id":"891663","latitude":"41.05000000","longitude":"24.45000000","name":"Kour\u00edta"},{"id":"891684","latitude":"41.03333330","longitude":"24.38333330","name":"Kouroutzou"},{"id":"891807","latitude":"41.31666670","longitude":"24.76666670","name":"Kouvats\u00f3vitsa"},{"id":"891837","latitude":"41.26666670","longitude":"24.66666670","name":"Kozl\u00faja"},{"id":"891875","latitude":"41.06666670","longitude":"24.48333330","name":"Kranokh\u00f3ri"},{"id":"891877","latitude":"41.06666670","longitude":"24.48333330","name":"Kranokh\u00f3rion"},{"id":"891901","latitude":"41.01666670","longitude":"24.76666670","name":"Kremast\u00ed"},{"id":"891955","latitude":"41.03333330","longitude":"24.30000000","name":"Krin\u00eddhes"},{"id":"891957","latitude":"41.06666670","longitude":"24.75000000","name":"Kr\u00edni"},{"id":"891977","latitude":"41.03333330","longitude":"24.38333330","name":"Krion\u00e9rion"},{"id":"892047","latitude":"41.13333330","longitude":"24.73333330","name":"Kromnik\u00f3n"},{"id":"892107","latitude":"41.31666670","longitude":"24.45000000","name":"Kuch\u00fak-K\u00f3\u00ef"},{"id":"892118","latitude":"40.95000000","longitude":"24.00000000","name":"Kup K\u00f3\u00ef"},{"id":"892121","latitude":"41.08333330","longitude":"24.53333330","name":"Kurchal\u00e1r"},{"id":"892123","latitude":"40.90888890","longitude":"24.65722220","name":"Kur\u00ed"},{"id":"892124","latitude":"41.26666670","longitude":"24.56666670","name":"Kurkchil\u00e9r"},{"id":"892128","latitude":"41.11666670","longitude":"24.43333330","name":"Kurtl\u00fa"},{"id":"892129","latitude":"41.05000000","longitude":"24.70000000","name":"Kur\u00fa Der\u00e9"},{"id":"892130","latitude":"41.03333330","longitude":"24.38333330","name":"Kurujo\u00fa"},{"id":"892131","latitude":"41.03333330","longitude":"24.38333330","name":"Kuruj\u00fa"},{"id":"892138","latitude":"40.90416670","longitude":"24.67083330","name":"Kutunjal\u00ed"},{"id":"892139","latitude":"41.31666670","longitude":"24.76666670","name":"Kuvats\u00f3vitsa"},{"id":"892140","latitude":"41.31666670","longitude":"24.76666670","name":"Kuvats\u00f3vitsa Makhal\u00e1s"},{"id":"892142","latitude":"41.18333330","longitude":"24.41666670","name":"Kuzl\u00fa-K\u00f3\u00ef"},{"id":"892224","latitude":"41.01666670","longitude":"25.11666670","name":"L\u00e1gos"},{"id":"892286","latitude":"40.83333330","longitude":"23.93333330","name":"Lakov\u00edkia"},{"id":"892513","latitude":"41.16666670","longitude":"24.55000000","name":"Lekan\u00e9"},{"id":"892514","latitude":"41.16666670","longitude":"24.55000000","name":"Lek\u00e1ni"},{"id":"892628","latitude":"41.05000000","longitude":"24.58333330","name":"Levk\u00e1dhi"},{"id":"892630","latitude":"41.05000000","longitude":"24.58333330","name":"Levk\u00e1dhion"},{"id":"892656","latitude":"40.98333330","longitude":"24.51666670","name":"L\u00e9vki"},{"id":"892724","latitude":"41.41666670","longitude":"24.28333330","name":"Lib\u00e1n"},{"id":"892731","latitude":"41.23333330","longitude":"24.38333330","name":"Libot\u00e9n"},{"id":"892761","latitude":"41.08333330","longitude":"24.53333330","name":"Liki\u00e1"},{"id":"892787","latitude":"41.11666670","longitude":"24.43333330","name":"Lik\u00f3stomon"},{"id":"892806","latitude":"41.25000000","longitude":"24.53333330","name":"Likovo\u00fani"},{"id":"892807","latitude":"41.25000000","longitude":"24.53333330","name":"Likovo\u00fanion"},{"id":"892823","latitude":"40.63333330","longitude":"24.58333330","name":"Limen\u00e1ria"},{"id":"892831","latitude":"41.08333330","longitude":"24.40000000","name":"Limi\u00e1"},{"id":"892837","latitude":"40.77805560","longitude":"24.70944440","name":"Lim\u00edn"},{"id":"892852","latitude":"41.08333330","longitude":"24.40000000","name":"Limni\u00e1"},{"id":"892861","latitude":"41.16666670","longitude":"24.40000000","name":"Limn\u00edski"},{"id":"892926","latitude":"41.25000000","longitude":"24.43333330","name":"L\u00edsan"},{"id":"892956","latitude":"41.05000000","longitude":"24.70000000","name":"Lithokh\u00f3ri"},{"id":"892957","latitude":"41.05000000","longitude":"24.70000000","name":"Lithokh\u00f3rion"},{"id":"893061","latitude":"41.13333330","longitude":"24.70000000","name":"Liver\u00e1"},{"id":"893087","latitude":"41.40000000","longitude":"24.21666670","name":"Loft\u00edsta"},{"id":"893201","latitude":"40.73333330","longitude":"24.11666670","name":"Loutr\u00e1 Elevther\u00f3n"},{"id":"893332","latitude":"41.21666670","longitude":"24.66666670","name":"Mahmutl\u00ed"},{"id":"893382","latitude":"41.05000000","longitude":"24.60000000","name":"Makrikh\u00f3ri"},{"id":"893386","latitude":"41.05000000","longitude":"24.60000000","name":"Makrikh\u00f3rion"},{"id":"893445","latitude":"40.77000000","longitude":"24.72388890","name":"Makry\u00e1mmos"},{"id":"893552","latitude":"41.00000000","longitude":"24.98333330","name":"Mandhra"},{"id":"893569","latitude":"41.00000000","longitude":"24.98333330","name":"M\u00e1ndra-Chik\u00far"},{"id":"893580","latitude":"41.00000000","longitude":"24.98333330","name":"M\u00e1ndra"},{"id":"893612","latitude":"40.95000000","longitude":"24.86666670","name":"M\u00e1ngana"},{"id":"893730","latitude":"41.26666670","longitude":"24.71666670","name":"Margar\u00edti"},{"id":"893732","latitude":"41.26666670","longitude":"24.71666670","name":"Margar\u00edtion"},{"id":"893735","latitude":"40.68333330","longitude":"24.61666670","name":"Maria\u00ed"},{"id":"893737","latitude":"40.68333330","longitude":"24.61666670","name":"Maria\u00eds"},{"id":"893795","latitude":"41.16666670","longitude":"24.33333330","name":"Marmari\u00e1"},{"id":"893938","latitude":"41.23333330","longitude":"24.38333330","name":"Mavrokordh\u00e1ton"},{"id":"893939","latitude":"41.23333330","longitude":"24.38333330","name":"Mavrokordh\u00e1tos"},{"id":"893940","latitude":"41.05000000","longitude":"24.10000000","name":"Mavrol\u00e9vki"},{"id":"894075","latitude":"40.73333330","longitude":"24.61666670","name":"M\u00e9ga Kazav\u00edtion"},{"id":"894155","latitude":"40.73333330","longitude":"24.61666670","name":"Meg\u00e1lon Kazav\u00edtion"},{"id":"894170","latitude":"40.73333330","longitude":"24.61666670","name":"Meg\u00e1los Pr\u00ednos"},{"id":"894267","latitude":"40.86666670","longitude":"24.16666670","name":"Melisokh\u00f3ri"},{"id":"894269","latitude":"40.86666670","longitude":"24.20000000","name":"M\u00e9lissa"},{"id":"894293","latitude":"41.31666670","longitude":"24.41666670","name":"Melissokh\u00f3rion"},{"id":"894297","latitude":"40.86666670","longitude":"24.16666670","name":"Melissokomi\u00f3"},{"id":"894298","latitude":"40.86666670","longitude":"24.16666670","name":"Melissokom\u00edon"},{"id":"894440","latitude":"40.86666670","longitude":"24.18333330","name":"Mesi\u00e1"},{"id":"894446","latitude":"40.95000000","longitude":"24.18333330","name":"M\u00e9sili"},{"id":"894495","latitude":"41.26666670","longitude":"24.48333330","name":"Mesokh\u00f3rion"},{"id":"894503","latitude":"41.26666670","longitude":"24.48333330","name":"Mes\u00f3khoron"},{"id":"894507","latitude":"40.83333330","longitude":"23.93333330","name":"Mesolakki\u00e1"},{"id":"894539","latitude":"40.86666670","longitude":"24.08333330","name":"Mesor\u00f3pi"},{"id":"894547","latitude":"41.03333330","longitude":"24.33333330","name":"Mes\u00f3rrema"},{"id":"894550","latitude":"40.85000000","longitude":"24.16666670","name":"Mes\u00f3topos"},{"id":"894801","latitude":"40.71666670","longitude":"24.61666670","name":"Mikro Kazav\u00edtion"},{"id":"894803","latitude":"41.31666670","longitude":"24.45000000","name":"Mikrokh\u00f3ri"},{"id":"894809","latitude":"40.96666670","longitude":"24.80000000","name":"Mikrokh\u00f3rion"},{"id":"894818","latitude":"41.16666670","longitude":"24.36666670","name":"Mikroliv\u00e1dhion"},{"id":"894820","latitude":"41.16666670","longitude":"24.36666670","name":"Mikrol\u00edvadhon"},{"id":"894823","latitude":"41.21666670","longitude":"24.36666670","name":"Mikr\u00f3lofos"},{"id":"894845","latitude":"40.71666670","longitude":"24.61666670","name":"Mikr\u00f3n Kazav\u00edtion"},{"id":"894860","latitude":"40.88333330","longitude":"23.95000000","name":"Mikr\u00f3n So\u00fali"},{"id":"894861","latitude":"40.88333330","longitude":"23.95000000","name":"Mikr\u00f3n So\u00falion"},{"id":"894875","latitude":"40.71666670","longitude":"24.61666670","name":"Mikr\u00f3s Pr\u00ednos"},{"id":"895027","latitude":"40.98333330","longitude":"24.93333330","name":"Mirodh\u00e1ton"},{"id":"895034","latitude":"41.16666670","longitude":"24.31666670","name":"Mirovl\u00edtis"},{"id":"895039","latitude":"41.16666670","longitude":"24.38333330","name":"Mirsini\u00e1"},{"id":"895062","latitude":"40.83333330","longitude":"24.20000000","name":"Mirt\u00f3fiton"},{"id":"895068","latitude":"40.95000000","longitude":"24.18333330","name":"Misell\u00ed"},{"id":"895171","latitude":"40.87861110","longitude":"24.73138890","name":"Monastir\u00e1ki"},{"id":"895184","latitude":"40.87861110","longitude":"24.73138890","name":"Monastir\u00e1kion"},{"id":"895230","latitude":"40.78333330","longitude":"24.03333330","name":"Mon\u00f3lithos"},{"id":"895322","latitude":"41.16666670","longitude":"24.55000000","name":"Mo\u00fantzinos"},{"id":"895381","latitude":"40.86666670","longitude":"24.11666670","name":"Mousth\u00e9ni"},{"id":"895415","latitude":"41.06666670","longitude":"24.36666670","name":"Muh\u00e1l"},{"id":"895417","latitude":"41.10000000","longitude":"24.63333330","name":"Muratl\u00ed"},{"id":"895420","latitude":"41.26666670","longitude":"24.48333330","name":"Musel\u00edm"},{"id":"895424","latitude":"41.06666670","longitude":"24.61666670","name":"Mustaf\u00e1 Ogl\u00e1r"},{"id":"895470","latitude":"41.08333330","longitude":"24.48333330","name":"Na\u00efpl\u00ed"},{"id":"895507","latitude":"41.05000000","longitude":"24.85000000","name":"N\u00e9a Amis\u00f3s"},{"id":"895509","latitude":"41.05000000","longitude":"24.85000000","name":"N\u00e9a Amiss\u00f3s"},{"id":"895516","latitude":"40.98333330","longitude":"24.03333330","name":"N\u00e9a B\u00e1fra"},{"id":"895526","latitude":"40.86666670","longitude":"23.93333330","name":"N\u00e9a Fil\u00ed"},{"id":"895543","latitude":"40.86444440","longitude":"24.31583330","name":"N\u00e9a Irakle\u00edtsa"},{"id":"895547","latitude":"40.86444440","longitude":"24.31583330","name":"N\u00e9a Irakl\u00edtsa"},{"id":"895554","latitude":"40.90750000","longitude":"24.70833330","name":"N\u00e9a Kari\u00e1"},{"id":"895555","latitude":"40.96166670","longitude":"24.51000000","name":"N\u00e9a Karv\u00e1li"},{"id":"895556","latitude":"40.90750000","longitude":"24.70833330","name":"N\u00e9a Kary\u00e1"},{"id":"895564","latitude":"41.03333330","longitude":"25.06666670","name":"N\u00e9a Kes\u00e1ni"},{"id":"895571","latitude":"41.03333330","longitude":"25.06666670","name":"N\u00e9a Kiss\u00e1ni"},{"id":"895574","latitude":"40.98333330","longitude":"24.56666670","name":"N\u00e9a K\u00f3mi"},{"id":"895575","latitude":"40.90750000","longitude":"24.70833330","name":"N\u00e9a Korn\u00e1"},{"id":"895621","latitude":"40.83888890","longitude":"24.30361110","name":"N\u00e9a P\u00e9ramos"},{"id":"895629","latitude":"40.93972220","longitude":"24.40194440","name":"Neapolis"},{"id":"895637","latitude":"40.86444440","longitude":"24.31583330","name":"N\u00e9a Praklitsa"},{"id":"895805","latitude":"41.21666670","longitude":"24.63333330","name":"Neokh\u00f3rion"},{"id":"895865","latitude":"41.06666670","longitude":"24.25000000","name":"N\u00e9on Kefal\u00e1ri"},{"id":"895866","latitude":"41.06666670","longitude":"24.25000000","name":"N\u00e9on Kefal\u00e1rion"},{"id":"895967","latitude":"41.05000000","longitude":"24.13333330","name":"Nerdfr\u00e1khtis"},{"id":"895970","latitude":"41.05000000","longitude":"24.13333330","name":"Nerofr\u00e1ktis"},{"id":"896044","latitude":"41.16666670","longitude":"24.31666670","name":"Nikif\u00f3ros"},{"id":"896049","latitude":"40.95000000","longitude":"24.15000000","name":"Nik\u00edsiani"},{"id":"896051","latitude":"41.06666670","longitude":"24.60000000","name":"Nikita\u00ed"},{"id":"896170","latitude":"41.16666670","longitude":"24.31666670","name":"Nusratl\u00ed"},{"id":"896179","latitude":"40.80000000","longitude":"23.91666670","name":"Ofr\u00ednion"},{"id":"896219","latitude":"41.10000000","longitude":"24.53333330","name":"Olaj\u00e1k"},{"id":"896220","latitude":"41.16666670","longitude":"24.38333330","name":"Ol\u00e1"},{"id":"896237","latitude":"41.01666670","longitude":"24.80000000","name":"\u00d3lvion"},{"id":"896293","latitude":"40.78333330","longitude":"23.95000000","name":"Orf\u00e1nion"},{"id":"896294","latitude":"40.78333330","longitude":"23.95000000","name":"Orf\u00e1ni"},{"id":"896295","latitude":"40.98333330","longitude":"24.80000000","name":"Orfan\u00f3n"},{"id":"896297","latitude":"40.93333330","longitude":"24.71666670","name":"Organjil\u00e1r"},{"id":"896298","latitude":"41.10000000","longitude":"24.28333330","name":"Organj\u00edon"},{"id":"896299","latitude":"41.10000000","longitude":"24.28333330","name":"Organj\u00ed"},{"id":"896300","latitude":"41.10000000","longitude":"24.28333330","name":"Organtz\u00ed"},{"id":"896301","latitude":"41.36666670","longitude":"24.31666670","name":"\u00d3rhova"},{"id":"896333","latitude":"40.75805560","longitude":"24.57750000","name":"\u00d3rmos Pr\u00ednou"},{"id":"896359","latitude":"41.36666670","longitude":"24.23333330","name":"Osen\u00edtsa"},{"id":"896366","latitude":"40.88333330","longitude":"24.18333330","name":"Osmanl\u00ed"},{"id":"896386","latitude":"41.15000000","longitude":"24.48333330","name":"Ovaj\u00edk"},{"id":"896387","latitude":"41.15000000","longitude":"24.48333330","name":"Ovatzik"},{"id":"896457","latitude":"41.01666670","longitude":"24.41666670","name":"Palai\u00e1 Kav\u00e1la"},{"id":"896458","latitude":"41.01666670","longitude":"24.41666670","name":"Palai\u00e1 Kav\u00e1lla"},{"id":"896568","latitude":"40.95000000","longitude":"24.18333330","name":"Palaiokh\u00f3rion"},{"id":"896589","latitude":"40.95000000","longitude":"24.18333330","name":"Palaiokh\u00f3ri"},{"id":"896632","latitude":"40.90333330","longitude":"24.34805560","name":"Palai\u00f3n Chifl\u00edkion"},{"id":"896645","latitude":"40.66666670","longitude":"24.65000000","name":"Palai\u00f3n K\u00e1stron"},{"id":"896656","latitude":"41.01666670","longitude":"24.80000000","name":"Palai\u00f3n \u00d3lvion"},{"id":"896662","latitude":"40.90333330","longitude":"24.34805560","name":"Palai\u00f3nTsifl\u00edkion"},{"id":"896730","latitude":"41.18333330","longitude":"24.38333330","name":"Pali\u00e1mbela"},{"id":"896744","latitude":"40.90333330","longitude":"24.34805560","name":"Pali\u00f3 Chifl\u00edk"},{"id":"896826","latitude":"40.90333330","longitude":"24.34805560","name":"Pali\u00f3s"},{"id":"896886","latitude":"40.73333330","longitude":"24.73333330","name":"Panagia"},{"id":"896918","latitude":"40.73333330","longitude":"24.73333330","name":"Panay\u00eda"},{"id":"897106","latitude":"41.08333330","longitude":"24.76666670","name":"Par\u00e1dhisos"},{"id":"897117","latitude":"40.93333330","longitude":"24.98333330","name":"Paral\u00eda Avdh\u00edron"},{"id":"897148","latitude":"41.35000000","longitude":"24.45000000","name":"Par\u00e1meron"},{"id":"897151","latitude":"41.35000000","longitude":"24.45000000","name":"Par\u00e1merou"},{"id":"897154","latitude":"41.26666670","longitude":"24.50000000","name":"Paran\u00e9stion"},{"id":"897230","latitude":"41.23333330","longitude":"24.58333330","name":"Paskhali\u00e1"},{"id":"897237","latitude":"41.26666670","longitude":"24.40000000","name":"P\u00e1strova"},{"id":"897300","latitude":"41.13333330","longitude":"24.31666670","name":"Pazarl\u00e1r"},{"id":"897347","latitude":"41.18333330","longitude":"24.41666670","name":"Peleket\u00ed"},{"id":"897350","latitude":"41.18333330","longitude":"24.41666670","name":"Pelekit\u00ed"},{"id":"897509","latitude":"40.93333330","longitude":"24.73333330","name":"Peristere\u00f3n"},{"id":"897510","latitude":"41.11666670","longitude":"24.38333330","name":"Perist\u00e9ria"},{"id":"897524","latitude":"40.93333330","longitude":"24.73333330","name":"Perister\u00f3na"},{"id":"897533","latitude":"41.28333330","longitude":"24.40000000","name":"Per\u00edvlepton"},{"id":"897574","latitude":"41.00000000","longitude":"24.63333330","name":"P\u00e9rni"},{"id":"897698","latitude":"40.98333330","longitude":"24.61666670","name":"Petropiy\u00ed"},{"id":"897774","latitude":"41.00000000","longitude":"24.96666670","name":"Pezo\u00fala"},{"id":"897783","latitude":"41.03333330","longitude":"24.33333330","name":"Philippi"},{"id":"897803","latitude":"41.11666670","longitude":"24.30000000","name":"Pig\u00e1dhia"},{"id":"897826","latitude":"40.90416670","longitude":"24.67083330","name":"Piga\u00ed"},{"id":"897915","latitude":"40.86666670","longitude":"24.15000000","name":"Pirgokh\u00f3rion"},{"id":"898043","latitude":"41.18333330","longitude":"24.31666670","name":"Pix\u00e1rion"},{"id":"898044","latitude":"41.18333330","longitude":"24.31666670","name":"Pix\u00e1ri"},{"id":"898046","latitude":"40.90416670","longitude":"24.67083330","name":"Piya\u00ed"},{"id":"898099","latitude":"41.38333330","longitude":"24.28333330","name":"Plak\u00f3stroton"},{"id":"898114","latitude":"41.03333330","longitude":"25.06666670","name":"Plast\u00edria"},{"id":"898117","latitude":"41.10000000","longitude":"24.53333330","name":"Platam\u00f3na"},{"id":"898118","latitude":"41.10000000","longitude":"24.53333330","name":"Platam\u00f3n"},{"id":"898140","latitude":"41.18333330","longitude":"24.41666670","name":"Platani\u00e1"},{"id":"898201","latitude":"40.85000000","longitude":"24.06666670","name":"Platan\u00f3topos"},{"id":"898206","latitude":"41.16666670","longitude":"24.38333330","name":"Platan\u00f3vrisi"},{"id":"898209","latitude":"41.16666670","longitude":"24.38333330","name":"Platan\u00f3vrisis"},{"id":"898305","latitude":"40.83333330","longitude":"24.01666670","name":"Podhog\u00f3riani"},{"id":"898306","latitude":"40.83333330","longitude":"24.01666670","name":"Podhokh\u00f3rion"},{"id":"898307","latitude":"40.83333330","longitude":"24.01666670","name":"Podhokh\u00f3ri"},{"id":"898321","latitude":"41.06666670","longitude":"24.78333330","name":"Po\u00edmni"},{"id":"898387","latitude":"41.25000000","longitude":"24.43333330","name":"Polin\u00e9rion"},{"id":"898393","latitude":"41.25000000","longitude":"24.43333330","name":"Polin\u00e9ri"},{"id":"898395","latitude":"41.08333330","longitude":"24.48333330","name":"Pol\u00edneron"},{"id":"898408","latitude":"41.30000000","longitude":"24.46666670","name":"Pol\u00edsikon"},{"id":"898415","latitude":"40.98333330","longitude":"24.33333330","name":"Pol\u00edstilon"},{"id":"898473","latitude":"40.98333330","longitude":"24.70000000","name":"Pondi\u00e1s"},{"id":"898478","latitude":"41.05000000","longitude":"24.05000000","name":"P\u00f3ndioi"},{"id":"898486","latitude":"40.96666670","longitude":"24.58333330","name":"Pondol\u00edvadhon"},{"id":"898488","latitude":"40.96666670","longitude":"24.58333330","name":"Pondol\u00edvadho"},{"id":"898543","latitude":"41.01666670","longitude":"25.11666670","name":"P\u00f3rto-L\u00e1go"},{"id":"898561","latitude":"40.71666670","longitude":"24.73333330","name":"Potami\u00e1"},{"id":"898573","latitude":"40.70000000","longitude":"24.76666670","name":"Potami\u00e1 Skala"},{"id":"898674","latitude":"41.36666670","longitude":"24.55000000","name":"Prasin\u00e1dha"},{"id":"898687","latitude":"40.91388890","longitude":"24.25138890","name":"Pr\u00e1vion"},{"id":"898690","latitude":"40.93333330","longitude":"24.35000000","name":"Pr\u00e9tzova"},{"id":"898713","latitude":"41.20000000","longitude":"24.38333330","name":"Prin\u00f3lofos"},{"id":"898714","latitude":"40.73333330","longitude":"24.61666670","name":"Pr\u00ednos"},{"id":"898728","latitude":"40.96666670","longitude":"24.70000000","name":"Pro\u00e1stion"},{"id":"898822","latitude":"40.95000000","longitude":"24.00000000","name":"Pr\u00f3ti"},{"id":"898834","latitude":"41.21666670","longitude":"24.43333330","name":"Proval\u00e1r"},{"id":"898896","latitude":"41.21666670","longitude":"24.35000000","name":"Psil\u00ed R\u00e1khi"},{"id":"898900","latitude":"41.18333330","longitude":"24.31666670","name":"Psil\u00f3kastron"},{"id":"898930","latitude":"41.21666670","longitude":"24.45000000","name":"Ptel\u00e9a"},{"id":"898954","latitude":"41.20000000","longitude":"24.41666670","name":"Purnaj\u00edk"},{"id":"899031","latitude":"41.03333330","longitude":"24.30000000","name":"R\u00e1hcha"},{"id":"899055","latitude":"40.75000000","longitude":"24.63333330","name":"Rakh\u00f3nion"},{"id":"899083","latitude":"41.28333330","longitude":"24.31666670","name":"Rap\u00e9s"},{"id":"899122","latitude":"40.86666670","longitude":"24.18333330","name":"Rehiml\u00ed"},{"id":"899153","latitude":"40.87861110","longitude":"24.73138890","name":"Res\u00edt-B\u00e9\u00ef"},{"id":"899322","latitude":"40.91666670","longitude":"23.98333330","name":"Rodhol\u00edvos"},{"id":"899339","latitude":"40.91666670","longitude":"23.98333330","name":"Rodoleivos"},{"id":"899516","latitude":"41.21666670","longitude":"24.43333330","name":"Sakh\u00ednis"},{"id":"899552","latitude":"40.86666670","longitude":"24.15000000","name":"Sam\u00e1kovon"},{"id":"899602","latitude":"40.98555560","longitude":"24.69388890","name":"Sapa\u00edoi"},{"id":"899663","latitude":"40.98555560","longitude":"24.69388890","name":"Sar\u00ed Sab\u00e1n"},{"id":"899674","latitude":"40.83333330","longitude":"24.00000000","name":"Sarl\u00ed"},{"id":"899736","latitude":"41.03333330","longitude":"24.33333330","name":"S\u00e9liani"},{"id":"899783","latitude":"40.88333330","longitude":"23.95000000","name":"S\u00e9malton"},{"id":"899940","latitude":"40.85000000","longitude":"24.15000000","name":"Sidhirokh\u00f3rion"},{"id":"899942","latitude":"40.85000000","longitude":"24.15000000","name":"Sidhirokh\u00f3ri"},{"id":"899943","latitude":"41.36666670","longitude":"24.23333330","name":"Sidhir\u00f3neron"},{"id":"899944","latitude":"41.25000000","longitude":"24.60000000","name":"Sidhir\u00f3petra"},{"id":"900029","latitude":"41.35000000","longitude":"24.53333330","name":"S\u00edlli"},{"id":"900051","latitude":"41.03333330","longitude":"24.03333330","name":"Simvol\u00ed"},{"id":"900083","latitude":"41.23333330","longitude":"24.40000000","name":"Sinikoism\u00f3s Limbouto\u00fas"},{"id":"900107","latitude":"41.05000000","longitude":"24.85000000","name":"Sinoikism\u00f3s Exokh\u00eds"},{"id":"900110","latitude":"41.05000000","longitude":"24.85000000","name":"Sinoikism\u00f3s Giz\u00e9las"},{"id":"900140","latitude":"41.23333330","longitude":"24.40000000","name":"Sinoikism\u00f3s Limboto\u00fas"},{"id":"900155","latitude":"41.13333330","longitude":"24.36666670","name":"Sinoikism\u00f3s Ouzo\u00fankio\u00ef"},{"id":"900171","latitude":"41.05000000","longitude":"24.05000000","name":"Sinoikism\u00f3s Pond\u00edon"},{"id":"900177","latitude":"41.21666670","longitude":"24.43333330","name":"Sinoikism\u00f3s Sakh\u00ednis"},{"id":"900205","latitude":"41.13333330","longitude":"24.36666670","name":"Sinoikism\u00f3s Uz\u00fanko\u00ef"},{"id":"900313","latitude":"40.71666670","longitude":"24.53333330","name":"Sk\u00e1la Kalirr\u00e1khis"},{"id":"900314","latitude":"40.71666670","longitude":"24.53333330","name":"Sk\u00e1la Kallir\u00e1khis"},{"id":"900325","latitude":"40.65000000","longitude":"24.51666670","name":"Sk\u00e1la Maria\u00eds"},{"id":"900326","latitude":"40.65000000","longitude":"24.51666670","name":"Sk\u00e1la Mari\u00e9s"},{"id":"900327","latitude":"40.65000000","longitude":"24.51666670","name":"Sk\u00e1la Mari\u00f3n"},{"id":"900328","latitude":"40.75805560","longitude":"24.57750000","name":"Sk\u00e1la Meg\u00e1li Kazavit\u00edou"},{"id":"900329","latitude":"40.75805560","longitude":"24.57750000","name":"Sk\u00e1la Meg\u00e1lou Kazavit\u00edou"},{"id":"900342","latitude":"40.77888890","longitude":"24.61166670","name":"Sk\u00e1la Pakhon\u00edou"},{"id":"900344","latitude":"40.70000000","longitude":"24.76666670","name":"Skala Potamia"},{"id":"900345","latitude":"40.70000000","longitude":"24.76666670","name":"Sk\u00e1la Potami\u00e1s"},{"id":"900346","latitude":"40.77888890","longitude":"24.61166670","name":"Sk\u00e1la Rachon\u00edou"},{"id":"900347","latitude":"40.77888890","longitude":"24.61166670","name":"Sk\u00e1la Rakhon\u00edou"},{"id":"900365","latitude":"40.71666670","longitude":"24.55000000","name":"Sk\u00e1la Sot\u00edros"},{"id":"900379","latitude":"41.41666670","longitude":"24.28333330","name":"Skalot\u00ed"},{"id":"900554","latitude":"41.10000000","longitude":"24.63333330","name":"Skop\u00f3s"},{"id":"900734","latitude":"40.71666670","longitude":"24.58333330","name":"Sot\u00edros"},{"id":"900736","latitude":"40.71666670","longitude":"24.58333330","name":"Sot\u00edr"},{"id":"900993","latitude":"41.36666670","longitude":"24.31666670","name":"Stavrodhr\u00f3mi"},{"id":"901001","latitude":"41.23333330","longitude":"24.60000000","name":"Stavrokh\u00f3rion"},{"id":"901042","latitude":"41.20000000","longitude":"24.70000000","name":"Stavro\u00fapolis"},{"id":"901072","latitude":"41.06666670","longitude":"24.61666670","name":"Stegn\u00f3n"},{"id":"901092","latitude":"41.05000000","longitude":"24.65000000","name":"Stenop\u00f3s"},{"id":"901093","latitude":"41.05000000","longitude":"24.65000000","name":"Stenop\u00f3"},{"id":"901103","latitude":"41.25000000","longitude":"24.58333330","name":"St\u00e9rna"},{"id":"901262","latitude":"41.20000000","longitude":"24.33333330","name":"Surujul\u00e9r"},{"id":"901263","latitude":"41.08333330","longitude":"24.40000000","name":"Suyuj\u00fak"},{"id":"901412","latitude":"41.28333330","longitude":"24.46666670","name":"T\u00e9menos"},{"id":"901436","latitude":"41.16666670","longitude":"24.36666670","name":"Terpsith\u00e9a"},{"id":"901454","latitude":"41.06666670","longitude":"24.78333330","name":"Thalassi\u00e1"},{"id":"901457","latitude":"41.20000000","longitude":"24.41666670","name":"Thamnot\u00f3n"},{"id":"901467","latitude":"40.77805560","longitude":"24.70944440","name":"Thasas"},{"id":"901468","latitude":"40.77000000","longitude":"24.72388890","name":"Th\u00e1sos"},{"id":"901493","latitude":"40.66666670","longitude":"24.70000000","name":"Theol\u00f3gos"},{"id":"901517","latitude":"41.36666670","longitude":"24.96666670","name":"Th\u00e9rmai Ano"},{"id":"901567","latitude":"41.30000000","longitude":"24.51666670","name":"Th\u00f3los"},{"id":"901613","latitude":"41.20000000","longitude":"24.33333330","name":"T\u00edkhos"},{"id":"901614","latitude":"41.33333330","longitude":"24.33333330","name":"Tikh\u00f3ta"},{"id":"901628","latitude":"41.06666670","longitude":"24.78333330","name":"Tinesl\u00ed"},{"id":"901648","latitude":"40.93333330","longitude":"24.73333330","name":"To\u00efl\u00e1r"},{"id":"901657","latitude":"41.43333330","longitude":"24.46666670","name":"T\u00f3ma"},{"id":"901750","latitude":"40.96666670","longitude":"24.93333330","name":"Tragasi\u00e1"},{"id":"901753","latitude":"41.10000000","longitude":"24.28333330","name":"Trakh\u00eda"},{"id":"901762","latitude":"41.35000000","longitude":"24.63333330","name":"Trakh\u00f3nion"},{"id":"901764","latitude":"41.35000000","longitude":"24.63333330","name":"Trakh\u00f3ni"},{"id":"901963","latitude":"40.96166670","longitude":"24.51000000","name":"Tsabran\u00e1s"},{"id":"902042","latitude":"40.78333330","longitude":"23.85000000","name":"Ts\u00e1yezi"},{"id":"902068","latitude":"40.96666670","longitude":"24.03333330","name":"Tser\u00e9pliani"},{"id":"902105","latitude":"41.38333330","longitude":"24.93333330","name":"Tsifl\u00edki"},{"id":"902138","latitude":"41.31666670","longitude":"24.41666670","name":"Tsimelo\u00faka"},{"id":"902305","latitude":"41.05000000","longitude":"24.60000000","name":"Uz\u00fan-K\u00f3\u00ef"},{"id":"902413","latitude":"41.01666670","longitude":"24.16666670","name":"Valtokh\u00f3rion"},{"id":"902415","latitude":"41.01666670","longitude":"24.16666670","name":"Valtokh\u00f3ri"},{"id":"902629","latitude":"41.25000000","longitude":"24.70000000","name":"Vastan\u00edtas"},{"id":"902648","latitude":"41.11666670","longitude":"24.28333330","name":"Vathikh\u00f3rion"},{"id":"902649","latitude":"41.11666670","longitude":"24.28333330","name":"Vathikh\u00f3ri"},{"id":"902667","latitude":"41.08333330","longitude":"24.30000000","name":"Vath\u00edspilon"},{"id":"902717","latitude":"41.15000000","longitude":"24.48333330","name":"Vatz\u00edki"},{"id":"902788","latitude":"40.85000000","longitude":"24.15000000","name":"Veljil\u00e9r"},{"id":"902800","latitude":"40.98333330","longitude":"24.96666670","name":"Vel\u00f3ni"},{"id":"902970","latitude":"41.01666670","longitude":"25.11666670","name":"Viston\u00eda"},{"id":"903111","latitude":"41.01666670","longitude":"24.16666670","name":"Vodov\u00edsta"},{"id":"903257","latitude":"41.06666670","longitude":"24.36666670","name":"Vounokh\u00f3rion"},{"id":"903258","latitude":"41.06666670","longitude":"24.36666670","name":"Vounokh\u00f3ri"},{"id":"903264","latitude":"41.33333330","longitude":"24.53333330","name":"Vounoplayi\u00e1"},{"id":"903539","latitude":"41.28333330","longitude":"24.48333330","name":"X\u00e1gnandon"},{"id":"903566","latitude":"41.05000000","longitude":"24.70000000","name":"Xeri\u00e1s"},{"id":"903723","latitude":"41.05000000","longitude":"24.13333330","name":"Yed\u00ed Per\u00e9"},{"id":"903747","latitude":"40.98333330","longitude":"24.56666670","name":"Yeni-Koi"},{"id":"903778","latitude":"40.95000000","longitude":"24.15000000","name":"Yeoryian\u00ed"},{"id":"903844","latitude":"41.03333330","longitude":"24.66666670","name":"Y\u00e9rondas"},{"id":"903961","latitude":"41.20000000","longitude":"24.33333330","name":"Y\u00edros"},{"id":"904047","latitude":"41.21666670","longitude":"24.35000000","name":"Z\u00e1rits"},{"id":"904050","latitude":"41.01666670","longitude":"24.63333330","name":"Zarkadhi\u00e1"},{"id":"904153","latitude":"41.01666670","longitude":"24.38333330","name":"Zig\u00f3s"},{"id":"904165","latitude":"40.93333330","longitude":"24.83333330","name":"Zilot\u00eds"},{"id":"904166","latitude":"40.93333330","longitude":"24.83333330","name":"Zilot\u00ed"}]