[{"id":"881010","latitude":"40.83527780","longitude":"22.33583330","name":"Achladoch\u00f3rio"},{"id":"881011","latitude":"40.83527780","longitude":"22.33583330","name":"Achladoch\u00f3rion"},{"id":"881048","latitude":"41.09527780","longitude":"22.17250000","name":"Aetoch\u00f3ri"},{"id":"881050","latitude":"41.09527780","longitude":"22.17250000","name":"Aetoch\u00f3rion"},{"id":"881056","latitude":"41.09527780","longitude":"22.17250000","name":"A\u00ebtokh\u00f3ri"},{"id":"881058","latitude":"41.09527780","longitude":"22.17250000","name":"A\u00ebtokh\u00f3rion"},{"id":"881128","latitude":"41.00916670","longitude":"22.05888890","name":"Ag\u00e1thi"},{"id":"881147","latitude":"40.71333330","longitude":"22.00083330","name":"Ag\u00eda Fotein\u00ed"},{"id":"881246","latitude":"40.76222220","longitude":"22.24638890","name":"\u00c1gios Ge\u00f3rgios"},{"id":"881278","latitude":"40.71944440","longitude":"22.29500000","name":"\u00c1gios Louk\u00e1s"},{"id":"881352","latitude":"40.80500000","longitude":"22.00055560","name":"\u00c1gra"},{"id":"881366","latitude":"40.80500000","longitude":"22.00055560","name":"\u00c1gras"},{"id":"881412","latitude":"40.84138890","longitude":"22.49750000","name":"Agriosiki\u00e1"},{"id":"881415","latitude":"40.84138890","longitude":"22.49750000","name":"Agriosyk\u00e9a"},{"id":"881420","latitude":"40.84138890","longitude":"22.49750000","name":"Agrosik\u00e9a"},{"id":"881424","latitude":"40.84138890","longitude":"22.49750000","name":"Agrosyk\u00e9a"},{"id":"881425","latitude":"40.84138890","longitude":"22.49750000","name":"Agrosyki\u00e1"},{"id":"881536","latitude":"40.86666670","longitude":"21.61666670","name":"Akhl\u00e1dha"},{"id":"881569","latitude":"40.83527780","longitude":"22.33583330","name":"Akhladhokh\u00f3rion"},{"id":"881601","latitude":"40.89666670","longitude":"22.14944440","name":"Akran\u00e9a"},{"id":"881616","latitude":"40.67916670","longitude":"22.26388890","name":"Akrol\u00edmni"},{"id":"881654","latitude":"40.78916670","longitude":"22.45833330","name":"\u00c1lari"},{"id":"881800","latitude":"40.92666670","longitude":"22.08527780","name":"\u00c1loron"},{"id":"881801","latitude":"40.92666670","longitude":"22.08527780","name":"\u00c1loros"},{"id":"881882","latitude":"40.83361110","longitude":"22.37861110","name":"Ambel\u00edai"},{"id":"881884","latitude":"40.83361110","longitude":"22.37861110","name":"Ambeli\u00e9s"},{"id":"881964","latitude":"40.68333330","longitude":"21.68333330","name":"Am\u00edndaion"},{"id":"882016","latitude":"40.83361110","longitude":"22.37861110","name":"Ampele\u00edai"},{"id":"882017","latitude":"40.83361110","longitude":"22.37861110","name":"Ampele\u00edes"},{"id":"882227","latitude":"40.83527780","longitude":"22.20277780","name":"\u00c1nidhron"},{"id":"882335","latitude":"41.03361110","longitude":"22.04500000","name":"\u00c1no Gar\u00e9feio"},{"id":"882336","latitude":"41.03361110","longitude":"22.04500000","name":"\u00c1no Gar\u00e9feion"},{"id":"882337","latitude":"41.03361110","longitude":"22.04500000","name":"\u00c1no Gar\u00e9fi"},{"id":"882338","latitude":"41.03361110","longitude":"22.04500000","name":"\u00c1no Gar\u00e9fion"},{"id":"882354","latitude":"40.70000000","longitude":"21.93333330","name":"\u00c1no Grammatik\u00f3n"},{"id":"882457","latitude":"40.76083330","longitude":"22.15444440","name":"(( \u00c1no Lipoch\u00f3rion ))"},{"id":"882458","latitude":"40.76083330","longitude":"22.15444440","name":"\u00c1no Lipokh\u00f3rion"},{"id":"882552","latitude":"40.96333330","longitude":"22.02500000","name":"\u00c1no Rodhoni\u00e1"},{"id":"882553","latitude":"40.96333330","longitude":"22.02500000","name":"\u00c1no Rodoni\u00e1"},{"id":"882720","latitude":"40.83527780","longitude":"22.20277780","name":"\u00c1nydro"},{"id":"882722","latitude":"40.83527780","longitude":"22.20277780","name":"\u00c1nydron"},{"id":"882796","latitude":"40.89277780","longitude":"22.05444440","name":"\u00c1psalos"},{"id":"882838","latitude":"40.84000000","longitude":"22.29555560","name":"Araviss\u00f3s"},{"id":"882846","latitude":"41.08027780","longitude":"22.27444440","name":"Arch\u00e1ngelos"},{"id":"882851","latitude":"40.78916670","longitude":"22.45833330","name":"Archontik\u00f3"},{"id":"882852","latitude":"40.78916670","longitude":"22.45833330","name":"Archontik\u00f3n"},{"id":"882872","latitude":"40.97305560","longitude":"22.05638890","name":"Ardh\u00e9a"},{"id":"882930","latitude":"40.97305560","longitude":"22.05638890","name":"Arida\u00eda"},{"id":"882931","latitude":"40.97305560","longitude":"22.05638890","name":"Aridea"},{"id":"882932","latitude":"40.97305560","longitude":"22.05638890","name":"Aridha\u00eda"},{"id":"882961","latitude":"41.08027780","longitude":"22.27444440","name":"Arkh\u00e1ngelos"},{"id":"882977","latitude":"40.78916670","longitude":"22.45833330","name":"Arkhondik\u00f3"},{"id":"882979","latitude":"40.78916670","longitude":"22.45833330","name":"Arkhondik\u00f3n"},{"id":"883037","latitude":"40.80000000","longitude":"21.83333330","name":"\u00c1rnissa"},{"id":"883058","latitude":"40.71416670","longitude":"22.16222220","name":"Ars\u00e9nio"},{"id":"883059","latitude":"40.71416670","longitude":"22.16222220","name":"Ars\u00e9nion"},{"id":"883060","latitude":"40.71416670","longitude":"22.16222220","name":"Ars\u00e9nios"},{"id":"883199","latitude":"40.73666670","longitude":"22.21472220","name":"\u00c1spro"},{"id":"883216","latitude":"40.73666670","longitude":"22.21472220","name":"\u00c1spron"},{"id":"883284","latitude":"40.87083330","longitude":"22.40444440","name":"Asvestarei\u00f3"},{"id":"883285","latitude":"40.87083330","longitude":"22.40444440","name":"Asvestarei\u00f3n"},{"id":"883286","latitude":"40.87083330","longitude":"22.40444440","name":"Asvestari\u00f3"},{"id":"883287","latitude":"40.87083330","longitude":"22.40444440","name":"Asvestari\u00f3n"},{"id":"883324","latitude":"40.82527780","longitude":"22.58333330","name":"\u00c1thira"},{"id":"883325","latitude":"40.82527780","longitude":"22.58333330","name":"Ath\u00edras"},{"id":"883327","latitude":"40.82527780","longitude":"22.58333330","name":"\u00c1thyra"},{"id":"883434","latitude":"40.79888890","longitude":"22.35583330","name":"Ax\u00f3s"},{"id":"883465","latitude":"40.71333330","longitude":"22.00083330","name":"Ay\u00eda Fotin\u00ed"},{"id":"883695","latitude":"40.83333330","longitude":"21.76666670","name":"\u00c1yios Athan\u00e1sios"},{"id":"883815","latitude":"40.71944440","longitude":"22.29500000","name":"\u00c1yios Louk\u00e1s"},{"id":"883865","latitude":"40.73333330","longitude":"21.75000000","name":"Ayios Pandeleimon"},{"id":"883898","latitude":"40.80000000","longitude":"21.78333330","name":"\u00c1yios Spir\u00eddhon"},{"id":"883950","latitude":"40.76222220","longitude":"22.24638890","name":"\u00c1yios Ye\u00f3ryios"},{"id":"884007","latitude":"40.85583330","longitude":"22.23722220","name":"B\u00e1biani"},{"id":"884034","latitude":"41.02527780","longitude":"22.00000000","name":"B\u00e1khovon"},{"id":"884096","latitude":"40.76666670","longitude":"21.61666670","name":"Bani"},{"id":"884097","latitude":"40.76666670","longitude":"21.61666670","name":"B\u00e1nitsa"},{"id":"884274","latitude":"40.95000000","longitude":"21.96666670","name":"B\u00edzovon"},{"id":"884431","latitude":"40.82527780","longitude":"22.58333330","name":"B\u00f3zets"},{"id":"884586","latitude":"40.77694440","longitude":"22.47083330","name":"Cha\u00fcsl\u00ed"},{"id":"884590","latitude":"40.83333330","longitude":"21.76666670","name":"Cheg\u00e1ni"},{"id":"884684","latitude":"40.95333330","longitude":"22.04166670","name":"Chr\u00fdsa"},{"id":"884687","latitude":"40.94472220","longitude":"22.11055560","name":"Chrys\u00ed"},{"id":"884718","latitude":"40.76972220","longitude":"22.22694440","name":"D\u00e1fni"},{"id":"884747","latitude":"40.82666670","longitude":"22.44361110","name":"Damian\u00f3"},{"id":"884748","latitude":"40.82666670","longitude":"22.44361110","name":"Damian\u00f3n"},{"id":"884935","latitude":"40.82666670","longitude":"22.44361110","name":"Dhamian\u00f3n"},{"id":"885223","latitude":"40.85694440","longitude":"22.52472220","name":"Dhitik\u00f3n"},{"id":"885282","latitude":"40.99444440","longitude":"22.05666670","name":"Dhoroth\u00e9a"},{"id":"885285","latitude":"40.82222220","longitude":"22.23833330","name":"Dhoser\u00f3n"},{"id":"885460","latitude":"40.82222220","longitude":"22.23833330","name":"Dhroser\u00f3n"},{"id":"885464","latitude":"40.80000000","longitude":"21.86666670","name":"Dhrosi\u00e1"},{"id":"885590","latitude":"40.99444440","longitude":"22.05666670","name":"Doroth\u00e9a"},{"id":"885626","latitude":"40.89277780","longitude":"22.05444440","name":"Dragom\u00e1nitsa"},{"id":"885665","latitude":"40.82222220","longitude":"22.23833330","name":"Droser\u00f3"},{"id":"885667","latitude":"40.82222220","longitude":"22.23833330","name":"Droser\u00f3n"},{"id":"885701","latitude":"40.85694440","longitude":"22.52472220","name":"Dytik\u00f3"},{"id":"885702","latitude":"40.85694440","longitude":"22.52472220","name":"Dytik\u00f3n"},{"id":"885705","latitude":"40.80055560","longitude":"22.04722220","name":"\u00c9dessa"},{"id":"885706","latitude":"40.80055560","longitude":"22.04722220","name":"\u00c9dhessa"},{"id":"885739","latitude":"40.81500000","longitude":"22.06527780","name":"Ekklisioch\u00f3rion"},{"id":"885742","latitude":"40.81500000","longitude":"22.06527780","name":"Ekklisoch\u00f3ri"},{"id":"885744","latitude":"40.81500000","longitude":"22.06527780","name":"Ekklisoch\u00f3rion"},{"id":"885746","latitude":"40.81500000","longitude":"22.06527780","name":"Ekklisokh\u00f3rion"},{"id":"885834","latitude":"40.87972220","longitude":"22.36805560","name":"Eleftheroch\u00f3ri"},{"id":"885838","latitude":"40.87972220","longitude":"22.36805560","name":"Eleftheroch\u00f3rion"},{"id":"885974","latitude":"41.10416670","longitude":"22.20250000","name":"Enot\u00eda"},{"id":"886068","latitude":"40.87972220","longitude":"22.36805560","name":"Ere\u00edpia Eleftherochor\u00edou"},{"id":"886114","latitude":"40.79888890","longitude":"22.35583330","name":"Eskij\u00e9"},{"id":"886121","latitude":"40.70722220","longitude":"22.26305560","name":"Es\u00f3valta"},{"id":"886122","latitude":"40.70722220","longitude":"22.26305560","name":"\u00c9so Vlakh"},{"id":"886162","latitude":"41.05722220","longitude":"22.17500000","name":"\u00c9vropos"},{"id":"886184","latitude":"40.97722220","longitude":"22.12500000","name":"Exapl\u00e1tanon"},{"id":"886185","latitude":"40.97722220","longitude":"22.12500000","name":"Exapl\u00e1tanos"},{"id":"886189","latitude":"40.68333330","longitude":"21.61666670","name":"Ex\u00ed Su"},{"id":"886190","latitude":"40.72444440","longitude":"22.26166670","name":"(( \u00c9xo Achladoch\u00f3rion ))"},{"id":"886277","latitude":"40.71666670","longitude":"21.78333330","name":"Far\u00e1ngi"},{"id":"886280","latitude":"40.71666670","longitude":"21.78333330","name":"Far\u00e1ngion"},{"id":"886378","latitude":"41.03500000","longitude":"22.14833330","name":"Fil\u00f3teia"},{"id":"886380","latitude":"41.03500000","longitude":"22.14833330","name":"Fil\u00f3tia"},{"id":"886425","latitude":"40.75250000","longitude":"22.01277780","name":"Flamouri\u00e1"},{"id":"886569","latitude":"41.05722220","longitude":"22.17500000","name":"Fo\u00fastani"},{"id":"886670","latitude":"41.05722220","longitude":"22.17500000","name":"Fushtani"},{"id":"886701","latitude":"40.75444440","longitude":"22.27166670","name":"Galat\u00e1des"},{"id":"886702","latitude":"40.75444440","longitude":"22.27166670","name":"Galat\u00e1dhes"},{"id":"886832","latitude":"40.99444440","longitude":"22.05666670","name":"G\u00e1vrista"},{"id":"886905","latitude":"40.79194440","longitude":"22.40750000","name":"Giannits\u00e1"},{"id":"887008","latitude":"40.67916670","longitude":"22.26388890","name":"G\u00f3lo-S\u00e9lo"},{"id":"887056","latitude":"40.78333330","longitude":"21.68333330","name":"Gorn\u00edchovon"},{"id":"887184","latitude":"40.70000000","longitude":"21.90000000","name":"Grammat\u00edkovon"},{"id":"887269","latitude":"40.80000000","longitude":"21.91666670","name":"G\u00fakovon"},{"id":"887275","latitude":"40.84138890","longitude":"22.49750000","name":"G\u00farbes"},{"id":"887281","latitude":"40.67916670","longitude":"22.26388890","name":"Gymn\u00e1"},{"id":"887283","latitude":"40.80583330","longitude":"22.25222220","name":"Gypsoch\u00f3ri"},{"id":"887284","latitude":"40.80583330","longitude":"22.25222220","name":"Gypsoch\u00f3rion"},{"id":"887374","latitude":"41.01027780","longitude":"22.17250000","name":"\u00cdda"},{"id":"887376","latitude":"41.01027780","longitude":"22.17250000","name":"\u00cddha"},{"id":"887378","latitude":"40.95944440","longitude":"22.08138890","name":"Idhra\u00eda"},{"id":"887380","latitude":"40.95944440","longitude":"22.08138890","name":"Idhr\u00e9a"},{"id":"887587","latitude":"40.75444440","longitude":"22.27166670","name":"Kad\u00ednovon"},{"id":"887617","latitude":"40.76194440","longitude":"22.05833330","name":"Kaisarian\u00e1"},{"id":"887799","latitude":"40.82000000","longitude":"22.17527780","name":"Kal\u00e9ndra"},{"id":"887836","latitude":"40.82000000","longitude":"22.17527780","name":"Kal\u00ed"},{"id":"887893","latitude":"40.75611110","longitude":"22.21361110","name":"Kal\u00edvia"},{"id":"887916","latitude":"40.91666670","longitude":"21.68333330","name":"Kal\u00edvia Karayi\u00e1nni"},{"id":"888002","latitude":"40.78972220","longitude":"22.22416670","name":"Kall\u00edpolis"},{"id":"888200","latitude":"40.75611110","longitude":"22.21361110","name":"Kal\u00fdvia"},{"id":"888208","latitude":"41.11083330","longitude":"22.05138890","name":"Kal\u00fdvia Karofili\u00e1"},{"id":"888306","latitude":"40.72083330","longitude":"22.14444440","name":"K\u00e1menik"},{"id":"888456","latitude":"40.97722220","longitude":"22.12500000","name":"Kap\u00edniani"},{"id":"888584","latitude":"40.78972220","longitude":"22.22416670","name":"Kar\u00e1mpsa"},{"id":"888711","latitude":"40.85000000","longitude":"21.95000000","name":"Karidhi\u00e1"},{"id":"888712","latitude":"40.85000000","longitude":"21.95000000","name":"Karidhi\u00e1s"},{"id":"888739","latitude":"40.76833330","longitude":"22.30527780","name":"Kari\u00f3tissa"},{"id":"888765","latitude":"40.99250000","longitude":"22.14138890","name":"Karl\u00e1t"},{"id":"888880","latitude":"40.76833330","longitude":"22.30527780","name":"Kary\u00f3tissa"},{"id":"889165","latitude":"41.11083330","longitude":"22.05138890","name":"Kat\u00edvia Karofilia"},{"id":"889256","latitude":"41.02527780","longitude":"22.04250000","name":"K\u00e1to Gar\u00e9feio"},{"id":"889257","latitude":"41.02527780","longitude":"22.04250000","name":"K\u00e1to Gar\u00e9feion"},{"id":"889258","latitude":"41.02527780","longitude":"22.04250000","name":"K\u00e1to Gar\u00e9fi"},{"id":"889259","latitude":"41.02527780","longitude":"22.04250000","name":"K\u00e1to Gar\u00e9fion"},{"id":"889268","latitude":"40.70000000","longitude":"21.90000000","name":"K\u00e1to Grammatik\u00f3n"},{"id":"889367","latitude":"40.91666670","longitude":"21.93333330","name":"K\u00e1to Korif\u00ed"},{"id":"889396","latitude":"40.75888890","longitude":"22.17583330","name":"K\u00e1to Lipoch\u00f3ri"},{"id":"889397","latitude":"40.75888890","longitude":"22.17583330","name":"K\u00e1to Lipoch\u00f3rion"},{"id":"889398","latitude":"40.75888890","longitude":"22.17583330","name":"K\u00e1to Lipokh\u00f3rion"},{"id":"889408","latitude":"40.96666670","longitude":"21.95000000","name":"K\u00e1to Loutr\u00e1ki"},{"id":"889409","latitude":"40.96666670","longitude":"21.95000000","name":"K\u00e1to Loutr\u00e1kion"},{"id":"889510","latitude":"40.96666670","longitude":"21.95000000","name":"K\u00e1to P\u00f3zar"},{"id":"889517","latitude":"40.91666670","longitude":"21.93333330","name":"K\u00e1to R\u00e1dovon"},{"id":"889529","latitude":"40.95750000","longitude":"22.02777780","name":"K\u00e1to Rodhoni\u00e1"},{"id":"889530","latitude":"40.95750000","longitude":"22.02777780","name":"K\u00e1to Rodoni\u00e1"},{"id":"889784","latitude":"40.76666670","longitude":"21.90000000","name":"Kedhr\u00f3na"},{"id":"889785","latitude":"40.76666670","longitude":"21.90000000","name":"Kedhr\u00f3nas"},{"id":"889866","latitude":"40.71666670","longitude":"21.78333330","name":"Kelem\u00e9ri"},{"id":"889870","latitude":"40.78333330","longitude":"21.68333330","name":"K\u00e9lla"},{"id":"889877","latitude":"40.78333330","longitude":"21.68333330","name":"Kell\u00ed"},{"id":"889948","latitude":"40.88333330","longitude":"21.96666670","name":"Keras\u00e9ai"},{"id":"889972","latitude":"40.88333330","longitude":"21.96666670","name":"Kerasi\u00e9s"},{"id":"890451","latitude":"40.95333330","longitude":"22.04166670","name":"Khr\u00edsa"},{"id":"890456","latitude":"40.94472220","longitude":"22.11055560","name":"Khris\u00ed"},{"id":"890691","latitude":"40.83527780","longitude":"22.33583330","name":"Kissal\u00e1r"},{"id":"890766","latitude":"40.75000000","longitude":"21.63333330","name":"Klidh\u00ed"},{"id":"890769","latitude":"40.75000000","longitude":"21.63333330","name":"Klidh\u00edon"},{"id":"890804","latitude":"40.81500000","longitude":"22.06527780","name":"Klisokh\u00f3ri"},{"id":"890805","latitude":"40.81500000","longitude":"22.06527780","name":"Klisokh\u00f3rion"},{"id":"890983","latitude":"40.70000000","longitude":"21.78333330","name":"Kol\u00e1rtsa"},{"id":"891181","latitude":"40.85694440","longitude":"22.52472220","name":"Kon\u00edkovon"},{"id":"891197","latitude":"40.99833330","longitude":"22.17055560","name":"Konstand\u00eda"},{"id":"891202","latitude":"40.99833330","longitude":"22.17055560","name":"Konstant\u00eda"},{"id":"891322","latitude":"40.90277780","longitude":"22.32555560","name":"Kornis\u00f3r"},{"id":"891405","latitude":"40.99833330","longitude":"22.17055560","name":"Kostel\u00fap"},{"id":"891441","latitude":"40.73333330","longitude":"21.81666670","name":"K\u00f3tsana"},{"id":"891847","latitude":"40.89666670","longitude":"22.14944440","name":"Kran\u00e9a"},{"id":"891855","latitude":"40.89666670","longitude":"22.14944440","name":"Krani\u00e1"},{"id":"891866","latitude":"40.89666670","longitude":"22.14944440","name":"Krani\u00e9s"},{"id":"892048","latitude":"40.90277780","longitude":"22.32555560","name":"Kr\u00f3mni"},{"id":"892049","latitude":"40.88333330","longitude":"21.96666670","name":"Kronch\u00e9lovon"},{"id":"892058","latitude":"40.86666670","longitude":"21.61666670","name":"Krousour\u00e1ti"},{"id":"892066","latitude":"40.83361110","longitude":"22.37861110","name":"Krus\u00e1ri"},{"id":"892144","latitude":"41.03500000","longitude":"22.14833330","name":"Kuz\u00fasiani"},{"id":"892210","latitude":"41.10833330","longitude":"22.26166670","name":"Lagkadi\u00e1"},{"id":"892265","latitude":"40.85583330","longitude":"22.23722220","name":"L\u00e1kka"},{"id":"892362","latitude":"41.10833330","longitude":"22.26166670","name":"Langadhi\u00e1"},{"id":"892576","latitude":"40.85944440","longitude":"22.45527780","name":"Leptokari\u00e1"},{"id":"892583","latitude":"40.85944440","longitude":"22.45527780","name":"Leptokary\u00e1"},{"id":"892772","latitude":"40.83333330","longitude":"22.00000000","name":"L\u00edkoi"},{"id":"892786","latitude":"40.98333330","longitude":"21.98333330","name":"Lik\u00f3stomon"},{"id":"892908","latitude":"40.74361110","longitude":"22.23888890","name":"Lipar\u00ednovon"},{"id":"892909","latitude":"40.74361110","longitude":"22.23888890","name":"Lipar\u00f3"},{"id":"892910","latitude":"40.74361110","longitude":"22.23888890","name":"Lipar\u00f3n"},{"id":"892912","latitude":"40.75888890","longitude":"22.17583330","name":"Lipoch\u00f3rion"},{"id":"892943","latitude":"40.89361110","longitude":"22.18638890","name":"Lith\u00e1ria"},{"id":"892973","latitude":"40.85944440","longitude":"22.45527780","name":"Litov\u00f3\u00ef"},{"id":"892974","latitude":"40.85944440","longitude":"22.45527780","name":"Litov\u00f3\u00efon"},{"id":"893024","latitude":"40.80666670","longitude":"22.55055560","name":"Livadh\u00edtsa"},{"id":"893045","latitude":"40.80666670","longitude":"22.55055560","name":"Livad\u00edtsa"},{"id":"893082","latitude":"40.80000000","longitude":"21.58333330","name":"L\u00f3foi"},{"id":"893232","latitude":"40.72305560","longitude":"22.10916670","name":"Loutroch\u00f3ri"},{"id":"893233","latitude":"40.72305560","longitude":"22.10916670","name":"Loutroch\u00f3rion"},{"id":"893234","latitude":"40.72305560","longitude":"22.10916670","name":"Loutrokh\u00f3ri"},{"id":"893235","latitude":"40.72305560","longitude":"22.10916670","name":"Loutrokh\u00f3rion"},{"id":"893273","latitude":"40.78166670","longitude":"22.26611110","name":"Loz\u00e1novon"},{"id":"893277","latitude":"40.85833330","longitude":"22.04305560","name":"Lukov\u00edts"},{"id":"893279","latitude":"41.10833330","longitude":"22.26166670","name":"L\u00fanguntsa"},{"id":"893531","latitude":"40.85833330","longitude":"22.20972220","name":"M\u00e1ndalo"},{"id":"893532","latitude":"40.85833330","longitude":"22.20972220","name":"M\u00e1ndalon"},{"id":"893533","latitude":"40.85833330","longitude":"22.20972220","name":"Mand\u00e1lovon"},{"id":"893539","latitude":"40.83527780","longitude":"22.33583330","name":"Mandara\u00ed"},{"id":"893542","latitude":"40.85833330","longitude":"22.20972220","name":"M\u00e1ndhalon"},{"id":"893543","latitude":"40.85833330","longitude":"22.20972220","name":"M\u00e1ndhalos"},{"id":"893547","latitude":"40.83527780","longitude":"22.33583330","name":"Mandhara\u00ed"},{"id":"893588","latitude":"40.82250000","longitude":"22.45722220","name":"Mandri\u00e1 Kalts\u00e1"},{"id":"893589","latitude":"40.80277780","longitude":"22.46583330","name":"Mandri\u00e1 Karafili\u00e1"},{"id":"893622","latitude":"40.70000000","longitude":"21.78333330","name":"Mani\u00e1ki"},{"id":"893625","latitude":"40.70000000","longitude":"21.78333330","name":"Mani\u00e1kion"},{"id":"893728","latitude":"40.88194440","longitude":"22.02861110","name":"Margar\u00edta"},{"id":"893914","latitude":"40.86166670","longitude":"22.21416670","name":"M\u00e1vriani"},{"id":"893951","latitude":"40.86166670","longitude":"22.21416670","name":"M\u00e1vro"},{"id":"893976","latitude":"40.86166670","longitude":"22.21416670","name":"M\u00e1vron"},{"id":"894001","latitude":"40.78222220","longitude":"22.15305560","name":"Mavrovo\u00fani"},{"id":"894004","latitude":"40.78222220","longitude":"22.15305560","name":"Mavrovo\u00fanion"},{"id":"894182","latitude":"40.95000000","longitude":"21.96666670","name":"Megapl\u00e1tanon"},{"id":"894183","latitude":"40.95000000","longitude":"21.96666670","name":"Megapl\u00e1tanos"},{"id":"894281","latitude":"40.77138890","longitude":"22.33694440","name":"Mel\u00edssi"},{"id":"894284","latitude":"40.77416670","longitude":"22.34416670","name":"Mel\u00edssion"},{"id":"894316","latitude":"40.83333330","longitude":"21.58333330","name":"Mel\u00edti"},{"id":"894443","latitude":"40.77694440","longitude":"22.47083330","name":"Mesian\u00f3"},{"id":"894445","latitude":"40.77694440","longitude":"22.47083330","name":"Mesian\u00f3n"},{"id":"894449","latitude":"40.79055560","longitude":"22.02222220","name":"Mesim\u00e9ri"},{"id":"894452","latitude":"40.79055560","longitude":"22.02222220","name":"Mesim\u00e9rion"},{"id":"894900","latitude":"40.99250000","longitude":"22.14138890","name":"Mil\u00e9a"},{"id":"894921","latitude":"40.99250000","longitude":"22.14138890","name":"Mili\u00e1"},{"id":"894939","latitude":"40.99250000","longitude":"22.14138890","name":"Mili\u00e1s"},{"id":"894990","latitude":"40.81638890","longitude":"22.34638890","name":"Mil\u00f3topos"},{"id":"895170","latitude":"40.93333330","longitude":"21.96666670","name":"Monastir\u00e1ki"},{"id":"895183","latitude":"40.93333330","longitude":"21.96666670","name":"Monastir\u00e1kion"},{"id":"895486","latitude":"41.10416670","longitude":"22.20250000","name":"Natia"},{"id":"895619","latitude":"40.76611110","longitude":"22.48555560","name":"N\u00e9a P\u00e9lla"},{"id":"895684","latitude":"40.85666670","longitude":"22.09888890","name":"N\u00e9a Zo\u00ed"},{"id":"895718","latitude":"41.02805560","longitude":"22.09416670","name":"Neoch\u00f3ri"},{"id":"895728","latitude":"41.02805560","longitude":"22.09416670","name":"Neoch\u00f3rion"},{"id":"895747","latitude":"40.68333330","longitude":"21.71666670","name":"N\u00e9ograd"},{"id":"895777","latitude":"41.02805560","longitude":"22.09416670","name":"Neokh\u00f3ri"},{"id":"895801","latitude":"41.02805560","longitude":"22.09416670","name":"Neokh\u00f3rion"},{"id":"895891","latitude":"40.79888890","longitude":"22.35583330","name":"N\u00e9on Palai\u00f3n"},{"id":"895927","latitude":"40.81638890","longitude":"22.34638890","name":"N\u00e9os Mil\u00f3topos"},{"id":"895928","latitude":"40.81638890","longitude":"22.34638890","name":"N\u00e9os Myl\u00f3topos"},{"id":"895979","latitude":"41.01944440","longitude":"22.18500000","name":"Ner\u00f3miloi"},{"id":"895983","latitude":"41.01944440","longitude":"22.18500000","name":"Ner\u00f3myloi"},{"id":"896114","latitude":"40.81666670","longitude":"21.93333330","name":"Nis\u00edon"},{"id":"896145","latitude":"41.10416670","longitude":"22.20250000","name":"Nonte"},{"id":"896151","latitude":"41.10416670","longitude":"22.20250000","name":"N\u00f3tia"},{"id":"896162","latitude":"41.01944440","longitude":"22.18500000","name":"Novos\u00e9ltsi"},{"id":"896174","latitude":"40.84000000","longitude":"22.29555560","name":"\u00d3bar"},{"id":"896211","latitude":"40.71666670","longitude":"21.78333330","name":"Okelem\u00e9z"},{"id":"896251","latitude":"40.84000000","longitude":"22.29555560","name":"\u00d3mbar"},{"id":"896311","latitude":"40.78722220","longitude":"22.08388890","name":"Oriz\u00e1rion"},{"id":"896318","latitude":"40.95000000","longitude":"21.93333330","name":"\u00d3rma"},{"id":"896361","latitude":"40.71333330","longitude":"22.00083330","name":"\u00d3sliani"},{"id":"896362","latitude":"40.85000000","longitude":"21.85000000","name":"\u00d3slovon"},{"id":"896370","latitude":"41.08027780","longitude":"22.27444440","name":"\u00d3ssiani"},{"id":"896373","latitude":"40.80000000","longitude":"21.83333330","name":"\u00d3strovon"},{"id":"896374","latitude":"40.80000000","longitude":"21.83333330","name":"Ostrovo"},{"id":"896455","latitude":"40.74361110","longitude":"22.33333330","name":"Palai\u00e1 Kari\u00f3tissa"},{"id":"896456","latitude":"40.74361110","longitude":"22.33333330","name":"(( Palai\u00e1 Kary\u00f3tissa ))"},{"id":"896485","latitude":"40.78166670","longitude":"22.26611110","name":"Pala\u00edfiton"},{"id":"896486","latitude":"40.78166670","longitude":"22.26611110","name":"Pala\u00edfyton"},{"id":"896487","latitude":"40.78166670","longitude":"22.26611110","name":"Pala\u00edfyto"},{"id":"896654","latitude":"40.77138890","longitude":"22.33694440","name":"Palai\u00f3n Mel\u00edssion"},{"id":"896657","latitude":"40.79888890","longitude":"22.35583330","name":"Palai\u00f3n"},{"id":"896689","latitude":"40.80222220","longitude":"22.31888890","name":"Palai\u00f3s Mil\u00f3topos"},{"id":"896690","latitude":"40.80222220","longitude":"22.31888890","name":"Palai\u00f3s Myl\u00f3topos"},{"id":"896940","latitude":"40.85000000","longitude":"21.85000000","name":"Panay\u00edtsa"},{"id":"897035","latitude":"40.88333330","longitude":"21.68333330","name":"Papadhi\u00e1"},{"id":"897139","latitude":"40.74861110","longitude":"22.45333330","name":"Paral\u00edmni"},{"id":"897240","latitude":"40.73333330","longitude":"21.75000000","name":"P\u00e1teli"},{"id":"897329","latitude":"41.07500000","longitude":"22.08472220","name":"Pefkot\u00f3n"},{"id":"897330","latitude":"41.07500000","longitude":"22.08472220","name":"Pefkot\u00f3"},{"id":"897355","latitude":"40.76000000","longitude":"22.51916670","name":"P\u00e9lla"},{"id":"897373","latitude":"40.81666670","longitude":"22.40861110","name":"Pendapl\u00e1tanon"},{"id":"897399","latitude":"40.81666670","longitude":"22.40861110","name":"Pentapl\u00e1tanon"},{"id":"897400","latitude":"40.81666670","longitude":"22.40861110","name":"Pentapl\u00e1tano"},{"id":"897415","latitude":"40.73333330","longitude":"21.81666670","name":"Pera\u00eda"},{"id":"897494","latitude":"41.09888890","longitude":"22.26055560","name":"Per\u00edkleia"},{"id":"897495","latitude":"41.09888890","longitude":"22.26055560","name":"Per\u00edklia"},{"id":"897621","latitude":"40.73333330","longitude":"21.66666670","name":"P\u00e9terskon"},{"id":"897636","latitude":"40.72083330","longitude":"22.14444440","name":"Petra\u00eda"},{"id":"897637","latitude":"40.73333330","longitude":"21.66666670","name":"P\u00e9trai"},{"id":"897638","latitude":"40.73333330","longitude":"21.66666670","name":"P\u00e9trais"},{"id":"897659","latitude":"40.73333330","longitude":"21.66666670","name":"P\u00e9tres"},{"id":"897664","latitude":"40.72083330","longitude":"22.14444440","name":"Petri\u00e1s"},{"id":"897771","latitude":"41.07500000","longitude":"22.08472220","name":"Pevkot\u00f3n"},{"id":"897871","latitude":"40.81666670","longitude":"22.40861110","name":"Pilor\u00edk"},{"id":"897875","latitude":"40.81666670","longitude":"22.40861110","name":"Pilor\u00edyion"},{"id":"897876","latitude":"40.81666670","longitude":"22.40861110","name":"Pilor\u00edyi"},{"id":"897891","latitude":"40.97027780","longitude":"22.01250000","name":"Piperia\u00ed"},{"id":"897893","latitude":"40.97027780","longitude":"22.01250000","name":"Piperi\u00e9s"},{"id":"898066","latitude":"40.84833330","longitude":"22.27111110","name":"Plagi\u00e1rion"},{"id":"898068","latitude":"40.84833330","longitude":"22.27111110","name":"Plagi\u00e1ri"},{"id":"898162","latitude":"40.76083330","longitude":"22.04638890","name":"Plat\u00e1ni"},{"id":"898252","latitude":"40.84833330","longitude":"22.27111110","name":"Playi\u00e1rion"},{"id":"898254","latitude":"40.84833330","longitude":"22.27111110","name":"Playi\u00e1ri"},{"id":"898272","latitude":"40.71555560","longitude":"22.13083330","name":"Pl\u00e9vroma"},{"id":"898334","latitude":"40.92722220","longitude":"22.01361110","name":"P\u00f3liani"},{"id":"898364","latitude":"40.92722220","longitude":"22.01361110","name":"Polik\u00e1rpion"},{"id":"898365","latitude":"40.92722220","longitude":"22.01361110","name":"Polik\u00e1rpi"},{"id":"898449","latitude":"40.92722220","longitude":"22.01361110","name":"Polyk\u00e1rpion"},{"id":"898450","latitude":"40.92722220","longitude":"22.01361110","name":"Polyk\u00e1rpi"},{"id":"898492","latitude":"40.80055560","longitude":"22.34388890","name":"Pontoch\u00f3rion"},{"id":"898493","latitude":"40.80055560","longitude":"22.34388890","name":"Pontoch\u00f3ri"},{"id":"898602","latitude":"40.88194440","longitude":"22.02861110","name":"P\u00f3tsep"},{"id":"898688","latitude":"40.99833330","longitude":"22.02944440","name":"Preb\u00f3dhista"},{"id":"898726","latitude":"40.78027780","longitude":"22.05361110","name":"Pro\u00e1stion"},{"id":"898732","latitude":"40.78027780","longitude":"22.05361110","name":"Pro\u00e1stio"},{"id":"898739","latitude":"41.03194440","longitude":"22.19083330","name":"Pr\u00f3dhromos"},{"id":"898751","latitude":"41.03194440","longitude":"22.19083330","name":"Pr\u00f3dromos"},{"id":"898758","latitude":"40.81277780","longitude":"22.15694440","name":"Prof\u00edtis Il\u00edas"},{"id":"898775","latitude":"41.02527780","longitude":"22.00000000","name":"Pr\u00f3machoi"},{"id":"898776","latitude":"41.02527780","longitude":"22.00000000","name":"Pr\u00f3makhoi"},{"id":"898778","latitude":"41.02527780","longitude":"22.00000000","name":"Pr\u00f3makho"},{"id":"898992","latitude":"40.81027780","longitude":"22.53083330","name":"Rach\u00f3na"},{"id":"899008","latitude":"40.87083330","longitude":"22.40444440","name":"Radom\u00edr"},{"id":"899054","latitude":"40.81027780","longitude":"22.53083330","name":"Rakh\u00f3na"},{"id":"899238","latitude":"40.78722220","longitude":"22.08388890","name":"Riz\u00e1rion"},{"id":"899240","latitude":"40.78722220","longitude":"22.08388890","name":"Riz\u00e1rio"},{"id":"899260","latitude":"41.00944440","longitude":"22.13027780","name":"Rizoch\u00f3rion"},{"id":"899261","latitude":"41.00944440","longitude":"22.13027780","name":"Rizoch\u00f3ri"},{"id":"899263","latitude":"41.00944440","longitude":"22.13027780","name":"Rizokh\u00f3rion"},{"id":"899265","latitude":"41.00944440","longitude":"22.13027780","name":"Rizokh\u00f3ri"},{"id":"899272","latitude":"40.73388890","longitude":"22.13583330","name":"Riz\u00f3n"},{"id":"899276","latitude":"40.73388890","longitude":"22.13583330","name":"Riz\u00f3"},{"id":"899287","latitude":"40.73388890","longitude":"22.13583330","name":"R\u00edzovon"},{"id":"899397","latitude":"40.80000000","longitude":"21.85000000","name":"Ros\u00edlovon"},{"id":"899409","latitude":"40.92666670","longitude":"22.08527780","name":"Ro\u00fadhinon"},{"id":"899558","latitude":"40.81972220","longitude":"22.09194440","name":"Sam\u00e1rion"},{"id":"899559","latitude":"40.81972220","longitude":"22.09194440","name":"Sam\u00e1ri"},{"id":"899582","latitude":"40.79333330","longitude":"22.21111110","name":"Sand\u00e1lion"},{"id":"899583","latitude":"40.79333330","longitude":"22.21111110","name":"Sand\u00e1li"},{"id":"899587","latitude":"40.79333330","longitude":"22.21111110","name":"Sandh\u00e1lion"},{"id":"899589","latitude":"40.79333330","longitude":"22.21111110","name":"Sandh\u00e1li"},{"id":"899629","latitude":"40.91666670","longitude":"21.95000000","name":"Sarakino\u00ed"},{"id":"899631","latitude":"40.91666670","longitude":"21.95000000","name":"Sarak\u00ednovon"},{"id":"899824","latitude":"40.85000000","longitude":"21.81666670","name":"S\u00e9rvi"},{"id":"899840","latitude":"40.86666670","longitude":"21.63333330","name":"S\u00e9tina"},{"id":"899844","latitude":"40.76805560","longitude":"22.12027780","name":"Sevastian\u00e1"},{"id":"899854","latitude":"41.03000000","longitude":"22.07777780","name":"S\u00e9vreni"},{"id":"900120","latitude":"40.98333330","longitude":"21.96666670","name":"Sinoikism\u00f3s K\u00e1to Loutrak\u00edou"},{"id":"900426","latitude":"40.76722220","longitude":"22.15194440","name":"Skh\u00eddra"},{"id":"900464","latitude":"40.76722220","longitude":"22.15194440","name":"Sk\u00eddhra"},{"id":"900553","latitude":"40.86666670","longitude":"21.63333330","name":"Skop\u00f3s"},{"id":"900636","latitude":"40.76722220","longitude":"22.15194440","name":"Sk\u00fddra"},{"id":"900714","latitude":"40.68333330","longitude":"21.68333330","name":"S\u00f3rovits"},{"id":"900715","latitude":"40.99833330","longitude":"22.02944440","name":"Sos\u00e1ndhra"},{"id":"900716","latitude":"40.99833330","longitude":"22.02944440","name":"Sos\u00e1ndra"},{"id":"900722","latitude":"40.85833330","longitude":"22.04305560","name":"Sot\u00edra"},{"id":"900735","latitude":"40.68333330","longitude":"21.66666670","name":"Sot\u00edr"},{"id":"900987","latitude":"40.71111110","longitude":"22.21750000","name":"Stavrodhr\u00f3mion"},{"id":"900992","latitude":"40.71111110","longitude":"22.21750000","name":"Stavrodhr\u00f3mi"},{"id":"900996","latitude":"40.71111110","longitude":"22.21750000","name":"Stavrodr\u00f3mion"},{"id":"900998","latitude":"40.71111110","longitude":"22.21750000","name":"Stavrodr\u00f3mi"},{"id":"901133","latitude":"40.85694440","longitude":"22.52472220","name":"St\u00edva"},{"id":"901137","latitude":"40.85694440","longitude":"22.52472220","name":"Sto\u00edva"},{"id":"901161","latitude":"41.01027780","longitude":"22.17250000","name":"Str\u00e1\u00efsta"},{"id":"901232","latitude":"40.98333330","longitude":"21.98333330","name":"Stro\u00fapinon"},{"id":"901249","latitude":"40.97305560","longitude":"22.05638890","name":"S\u00faboskon"},{"id":"901395","latitude":"40.85000000","longitude":"21.95000000","name":"T\u00e9hovon"},{"id":"901478","latitude":"40.94972220","longitude":"22.18861110","name":"Theodhor\u00e1kion"},{"id":"901479","latitude":"40.94972220","longitude":"22.18861110","name":"Theodhor\u00e1ki"},{"id":"901485","latitude":"40.94972220","longitude":"22.18861110","name":"Theodor\u00e1keion"},{"id":"901486","latitude":"40.94972220","longitude":"22.18861110","name":"Theodor\u00e1keio"},{"id":"901487","latitude":"40.94972220","longitude":"22.18861110","name":"Theodor\u00e1kion"},{"id":"901553","latitude":"41.05888890","longitude":"22.15666670","name":"Thiri\u00f3petra"},{"id":"901787","latitude":"40.78222220","longitude":"22.15305560","name":"Tr\u00e9bolits"},{"id":"901791","latitude":"40.95000000","longitude":"21.93333330","name":"Tr\u00e9sikon"},{"id":"901829","latitude":"40.78972220","longitude":"22.25638890","name":"Trif\u00fdllion"},{"id":"901831","latitude":"40.78972220","longitude":"22.25638890","name":"Trif\u00fdlli"},{"id":"901905","latitude":"40.78222220","longitude":"22.15305560","name":"Tr\u00edpolis"},{"id":"901982","latitude":"40.95861110","longitude":"22.03638890","name":"Ts\u00e1koi"},{"id":"901984","latitude":"40.95861110","longitude":"22.03638890","name":"Ts\u00e1kones"},{"id":"902084","latitude":"40.75000000","longitude":"21.63333330","name":"Ts\u00e9rovon"},{"id":"902233","latitude":"40.94972220","longitude":"22.18861110","name":"T\u00fadortsi"},{"id":"902239","latitude":"41.09527780","longitude":"22.17250000","name":"T\u00fasiani"},{"id":"902240","latitude":"41.09527780","longitude":"22.17250000","name":"T\u00fasin"},{"id":"902416","latitude":"40.76972220","longitude":"22.22694440","name":"Valtol\u00edvathon"},{"id":"902734","latitude":"40.68333330","longitude":"21.71666670","name":"V\u00e9gora"},{"id":"902868","latitude":"40.76722220","longitude":"22.15194440","name":"Vertek\u00f3p"},{"id":"902902","latitude":"40.76666670","longitude":"21.61666670","name":"V\u00e9vi"},{"id":"903028","latitude":"40.80500000","longitude":"22.00055560","name":"Vl\u00e1dovon"},{"id":"903109","latitude":"40.80055560","longitude":"22.04722220","name":"Voden\u00e1"},{"id":"903130","latitude":"40.95944440","longitude":"22.08138890","name":"V\u00f3lchista"},{"id":"903157","latitude":"41.03000000","longitude":"22.07777780","name":"Vorein\u00f3n"},{"id":"903158","latitude":"41.03000000","longitude":"22.07777780","name":"Vorein\u00f3"},{"id":"903161","latitude":"41.03000000","longitude":"22.07777780","name":"Vorin\u00f3n"},{"id":"903184","latitude":"40.83333330","longitude":"21.58333330","name":"Vostar\u00e1ni"},{"id":"903217","latitude":"40.81638890","longitude":"22.34638890","name":"Vo\u00fadhrista"},{"id":"903460","latitude":"40.80000000","longitude":"21.91666670","name":"Vrit\u00e1"},{"id":"903548","latitude":"40.80000000","longitude":"21.85000000","name":"Xanth\u00f3yia"},{"id":"903590","latitude":"40.93055560","longitude":"22.07750000","name":"Xifian\u00ed"},{"id":"903615","latitude":"40.68333330","longitude":"21.61666670","name":"Xin\u00f3 Ner\u00f3"},{"id":"903616","latitude":"40.68333330","longitude":"21.61666670","name":"Xin\u00f3n Ner\u00f3n"},{"id":"903712","latitude":"40.79194440","longitude":"22.40750000","name":"Yannitsa"},{"id":"903717","latitude":"40.76083330","longitude":"22.04638890","name":"Yav\u00f3rianni"},{"id":"903719","latitude":"40.95944440","longitude":"22.08138890","name":"Ydra\u00eda"},{"id":"903754","latitude":"40.79194440","longitude":"22.40750000","name":"Yenits\u00e1"},{"id":"903901","latitude":"40.79194440","longitude":"22.40750000","name":"Yiannits\u00e1"},{"id":"903940","latitude":"40.67916670","longitude":"22.26388890","name":"Yimn\u00e1"},{"id":"903951","latitude":"40.86666670","longitude":"21.60000000","name":"Yiouro\u00fak"},{"id":"903953","latitude":"40.80583330","longitude":"22.25222220","name":"Yipsokh\u00f3rion"},{"id":"903954","latitude":"40.80583330","longitude":"22.25222220","name":"Yipsokh\u00f3ri"},{"id":"903973","latitude":"40.80583330","longitude":"22.25222220","name":"Y\u00fapsovon"},{"id":"903974","latitude":"40.86666670","longitude":"21.60000000","name":"Yur\u00fak"},{"id":"903976","latitude":"40.80000000","longitude":"21.58333330","name":"Zab\u00edrdani"},{"id":"904120","latitude":"40.85000000","longitude":"21.81666670","name":"Z\u00e9rvi"},{"id":"904195","latitude":"40.94472220","longitude":"22.11055560","name":"Zl\u00e1tina"}]