[{"id":"881021","latitude":"37.56666670","longitude":"23.06666670","name":"Adh\u00e1mi"},{"id":"881022","latitude":"37.56666670","longitude":"23.06666670","name":"Adh\u00e1mioi"},{"id":"881023","latitude":"37.56666670","longitude":"23.06666670","name":"Adh\u00e1mion"},{"id":"881350","latitude":"37.63333330","longitude":"22.68333330","name":"\u00c1gova"},{"id":"881564","latitude":"37.51666670","longitude":"22.58333330","name":"Akhladh\u00f3kambos"},{"id":"881575","latitude":"37.51666670","longitude":"22.58333330","name":"Akhladokampo"},{"id":"881594","latitude":"37.63333330","longitude":"22.68333330","name":"\u00c1kova"},{"id":"881596","latitude":"37.63333330","longitude":"22.68333330","name":"\u00c1kovo"},{"id":"881957","latitude":"37.68333330","longitude":"22.83333330","name":"Amigdhal\u00edtsa"},{"id":"882068","latitude":"37.65000000","longitude":"23.08333330","name":"Anastasopoula\u00edika"},{"id":"882069","latitude":"37.65000000","longitude":"23.08333330","name":"Anastasopoul\u00e9\u00efka"},{"id":"882158","latitude":"37.66666670","longitude":"22.78333330","name":"Anef\u00ed"},{"id":"882231","latitude":"37.66666670","longitude":"22.78333330","name":"Anif\u00ed"},{"id":"882232","latitude":"37.66666670","longitude":"22.78333330","name":"An\u00edfion"},{"id":"882394","latitude":"37.50000000","longitude":"23.06666670","name":"\u00c1no Karneza\u00edika"},{"id":"882395","latitude":"37.50000000","longitude":"23.06666670","name":"\u00c1no Karnez\u00e9\u00efka"},{"id":"882808","latitude":"37.68333330","longitude":"22.96666670","name":"Arakhna\u00edon"},{"id":"882904","latitude":"37.61666670","longitude":"22.80000000","name":"Argolik\u00f3n"},{"id":"882905","latitude":"37.63333330","longitude":"22.73333330","name":"\u00c1rgos"},{"id":"882926","latitude":"37.56666670","longitude":"22.83333330","name":"\u00c1ria"},{"id":"883159","latitude":"37.55000000","longitude":"22.86666670","name":"As\u00edni"},{"id":"883236","latitude":"37.41666670","longitude":"23.31666670","name":"Asproula\u00edika"},{"id":"883246","latitude":"37.55000000","longitude":"22.86666670","name":"Ass\u00edni"},{"id":"883371","latitude":"37.50000000","longitude":"23.18333330","name":"Avg\u00f3n"},{"id":"883447","latitude":"37.40000000","longitude":"23.23333330","name":"Ay\u00eda \u00c1nna"},{"id":"883456","latitude":"37.55000000","longitude":"23.20000000","name":"Ay\u00eda El\u00e9ni"},{"id":"883576","latitude":"37.63333330","longitude":"22.80000000","name":"Ay\u00eda Tri\u00e1s"},{"id":"883647","latitude":"37.75000000","longitude":"22.88333330","name":"Ayi\u00f3nori"},{"id":"883648","latitude":"37.75000000","longitude":"22.88333330","name":"Ayion\u00f3rion"},{"id":"883655","latitude":"37.60000000","longitude":"22.83333330","name":"\u00c1yios Adhrian\u00f3s"},{"id":"883664","latitude":"37.63333330","longitude":"23.08333330","name":"\u00c1yios Andhr\u00e9as"},{"id":"883685","latitude":"37.63333330","longitude":"23.08333330","name":"\u00c1yios Andr\u00e9as"},{"id":"883762","latitude":"37.35000000","longitude":"23.35000000","name":"\u00c1yios Io\u00e1nnis"},{"id":"884013","latitude":"37.55000000","longitude":"23.20000000","name":"B\u00e1fi"},{"id":"884015","latitude":"37.55000000","longitude":"23.20000000","name":"B\u00e1fion"},{"id":"884122","latitude":"37.68333330","longitude":"22.83333330","name":"B\u00e1rdhi"},{"id":"884125","latitude":"37.68333330","longitude":"22.75000000","name":"Bardhouv\u00e1"},{"id":"884210","latitude":"37.71666670","longitude":"22.83333330","name":"Berb\u00e1ti"},{"id":"884220","latitude":"37.71666670","longitude":"22.83333330","name":"Bermb\u00e1ti"},{"id":"884223","latitude":"37.56666670","longitude":"22.83333330","name":"Berz\u00e9s"},{"id":"884320","latitude":"37.73333330","longitude":"22.68333330","name":"B\u00f3rsas"},{"id":"884322","latitude":"37.73333330","longitude":"22.68333330","name":"B\u00f3rsia"},{"id":"884390","latitude":"37.73333330","longitude":"22.68333330","name":"Bouras"},{"id":"884408","latitude":"37.65000000","longitude":"22.76666670","name":"Bo\u00fatia"},{"id":"884412","latitude":"37.31666670","longitude":"23.16666670","name":"Bouza\u00edika"},{"id":"884413","latitude":"37.31666670","longitude":"23.16666670","name":"Bouz\u00e9\u00efka"},{"id":"884471","latitude":"37.60000000","longitude":"22.96666670","name":"Broutza\u00edika"},{"id":"884914","latitude":"37.61666670","longitude":"22.76666670","name":"Dhalaman\u00e1ra"},{"id":"885019","latitude":"37.65000000","longitude":"22.83333330","name":"Dh\u00e9ndhra"},{"id":"885028","latitude":"37.65000000","longitude":"22.83333330","name":"Dh\u00e9ndra"},{"id":"885121","latitude":"37.46666670","longitude":"23.16666670","name":"Dh\u00eddhima"},{"id":"885122","latitude":"37.46666670","longitude":"23.16666670","name":"Dh\u00eddhimoi"},{"id":"885156","latitude":"37.70000000","longitude":"23.06666670","name":"Dh\u00edmaina"},{"id":"885245","latitude":"37.35000000","longitude":"23.31666670","name":"Dhok\u00f3s"},{"id":"885292","latitude":"37.73333330","longitude":"22.51666670","name":"Dho\u00faka"},{"id":"885296","latitude":"37.73333330","longitude":"22.51666670","name":"Dho\u00fakas"},{"id":"885298","latitude":"37.73333330","longitude":"22.50000000","name":"Dho\u00faka Vr\u00edsi"},{"id":"885310","latitude":"37.68333330","longitude":"22.81666670","name":"Dho\u00fasia"},{"id":"885396","latitude":"37.55000000","longitude":"22.88333330","name":"Dhr\u00e9panon"},{"id":"885506","latitude":"37.46666670","longitude":"23.16666670","name":"Didyma"},{"id":"885914","latitude":"37.60000000","longitude":"22.68333330","name":"Ellinik\u00f3n"},{"id":"885981","latitude":"37.63333330","longitude":"23.11666670","name":"Ep\u00e1no Ep\u00eddhavros"},{"id":"886104","latitude":"37.38333330","longitude":"23.25000000","name":"Ermi\u00f3ni"},{"id":"886206","latitude":"37.75000000","longitude":"22.48333330","name":"Exokh\u00ed"},{"id":"886221","latitude":"37.56666670","longitude":"22.83333330","name":"Ex\u00f3stis"},{"id":"886321","latitude":"37.73333330","longitude":"22.71666670","name":"F\u00edkhtia"},{"id":"886322","latitude":"37.73333330","longitude":"22.71666670","name":"F\u00edkhtion"},{"id":"886561","latitude":"37.43333330","longitude":"23.18333330","name":"Fo\u00farnoi"},{"id":"886619","latitude":"37.61666670","longitude":"22.60000000","name":"Fr\u00e9ngaina"},{"id":"886620","latitude":"37.61666670","longitude":"22.60000000","name":"Fr\u00e9ngena"},{"id":"886759","latitude":"37.51666670","longitude":"23.08333330","name":"Gana\u00edika"},{"id":"886761","latitude":"37.51666670","longitude":"23.08333330","name":"Gan\u00e9\u00efka"},{"id":"886804","latitude":"37.63333330","longitude":"22.93333330","name":"Gatza"},{"id":"886806","latitude":"37.63333330","longitude":"22.93333330","name":"G\u00e1tzia"},{"id":"886881","latitude":"37.66666670","longitude":"22.85000000","name":"G\u00e9rbesi"},{"id":"887345","latitude":"37.38333330","longitude":"23.25000000","name":"Hermioni"},{"id":"887417","latitude":"37.45000000","longitude":"23.26666670","name":"Ili\u00f3kastron"},{"id":"887504","latitude":"37.48333330","longitude":"23.01666670","name":"\u00cdria"},{"id":"887695","latitude":"37.53333330","longitude":"22.70000000","name":"Kalam\u00e1ki"},{"id":"887703","latitude":"37.53333330","longitude":"22.70000000","name":"Kalam\u00e1kion"},{"id":"888030","latitude":"37.53333330","longitude":"22.88333330","name":"Kallith\u00e9a"},{"id":"888293","latitude":"37.41666670","longitude":"23.15000000","name":"K\u00e1mbos"},{"id":"888379","latitude":"37.51666670","longitude":"23.10000000","name":"Kanap\u00edtsa"},{"id":"888393","latitude":"37.53333330","longitude":"22.96666670","name":"K\u00e1ndhia"},{"id":"888398","latitude":"37.53333330","longitude":"22.96666670","name":"K\u00e1ndia"},{"id":"888440","latitude":"37.68333330","longitude":"22.51666670","name":"Kapar\u00e9li"},{"id":"888444","latitude":"37.68333330","longitude":"22.51666670","name":"Kapar\u00e9llion"},{"id":"888477","latitude":"37.68333330","longitude":"22.51666670","name":"Kappar\u00e9llion"},{"id":"888510","latitude":"37.43333330","longitude":"23.30000000","name":"Kapsosp\u00edti"},{"id":"888526","latitude":"37.30000000","longitude":"23.18333330","name":"Karafota\u00edika"},{"id":"888541","latitude":"37.53333330","longitude":"23.20000000","name":"Karaj\u00e1"},{"id":"888553","latitude":"37.45000000","longitude":"23.26666670","name":"Karak\u00e1si"},{"id":"888609","latitude":"37.53333330","longitude":"23.20000000","name":"Karatz\u00e1"},{"id":"888610","latitude":"37.53333330","longitude":"23.20000000","name":"Karatz\u00e1s"},{"id":"888700","latitude":"37.63333330","longitude":"22.53333330","name":"Kari\u00e1"},{"id":"888780","latitude":"37.50000000","longitude":"23.06666670","name":"Karneza\u00edika"},{"id":"888781","latitude":"37.50000000","longitude":"23.06666670","name":"Karnez\u00e9\u00efka"},{"id":"888967","latitude":"37.35000000","longitude":"23.35000000","name":"Kast\u00e9lli"},{"id":"889014","latitude":"37.38333330","longitude":"23.25000000","name":"Kastri"},{"id":"889206","latitude":"37.70000000","longitude":"22.55000000","name":"K\u00e1to B\u00e9lesi"},{"id":"889305","latitude":"37.50000000","longitude":"23.06666670","name":"K\u00e1to Karnez\u00e9\u00efka"},{"id":"889646","latitude":"37.53333330","longitude":"23.18333330","name":"Katsandona\u00edika"},{"id":"889648","latitude":"37.53333330","longitude":"23.18333330","name":"Katsand\u00f3ni"},{"id":"889660","latitude":"37.65000000","longitude":"23.06666670","name":"Katsava\u00edika"},{"id":"889685","latitude":"37.60000000","longitude":"22.83333330","name":"Katsingri"},{"id":"889686","latitude":"37.60000000","longitude":"22.83333330","name":"Kats\u00edngrion"},{"id":"889690","latitude":"37.50000000","longitude":"23.03333330","name":"Katsiyianna\u00edika"},{"id":"889801","latitude":"37.60000000","longitude":"22.68333330","name":"Kefal\u00e1ri"},{"id":"889805","latitude":"37.60000000","longitude":"22.68333330","name":"Kefal\u00e1rion"},{"id":"890003","latitude":"37.66666670","longitude":"22.85000000","name":"K\u00e9rbesi"},{"id":"890033","latitude":"37.55000000","longitude":"22.88333330","name":"Khaidari"},{"id":"890036","latitude":"37.55000000","longitude":"22.88333330","name":"Kha\u00efdh\u00e1rion"},{"id":"890151","latitude":"37.48333330","longitude":"22.73333330","name":"Kh\u00e1nia"},{"id":"890195","latitude":"37.55000000","longitude":"22.98333330","name":"Kharam\u00f3s"},{"id":"890222","latitude":"37.55000000","longitude":"22.98333330","name":"Kharom\u00f3"},{"id":"890231","latitude":"37.71666670","longitude":"22.75000000","name":"Kharv\u00e1ti"},{"id":"890252","latitude":"37.56666670","longitude":"23.15000000","name":"Khatzim\u00e9ton"},{"id":"890273","latitude":"37.31666670","longitude":"23.15000000","name":"Kh\u00e9li"},{"id":"890354","latitude":"37.61666670","longitude":"23.00000000","name":"Khondal\u00e9\u00efka"},{"id":"890361","latitude":"37.66666670","longitude":"22.76666670","name":"Kh\u00f3nika"},{"id":"890362","latitude":"37.66666670","longitude":"22.76666670","name":"Kh\u00f3nikas"},{"id":"890442","latitude":"37.61666670","longitude":"23.00000000","name":"Khoutala\u00edika"},{"id":"890559","latitude":"37.61666670","longitude":"22.85000000","name":"Kinamb\u00e1rdhi"},{"id":"890563","latitude":"37.36666670","longitude":"23.21666670","name":"Kin\u00e9ta"},{"id":"890564","latitude":"37.36666670","longitude":"23.21666670","name":"Kin\u00e9tta"},{"id":"890714","latitude":"37.51666670","longitude":"22.73333330","name":"Kiv\u00e9ri"},{"id":"890716","latitude":"37.51666670","longitude":"22.73333330","name":"Kiv\u00e9rion"},{"id":"890717","latitude":"37.51666670","longitude":"22.73333330","name":"Kiv\u00e9r"},{"id":"890837","latitude":"37.60000000","longitude":"22.81666670","name":"Kof\u00edni"},{"id":"890838","latitude":"37.60000000","longitude":"22.81666670","name":"Kof\u00ednion"},{"id":"890853","latitude":"37.41666670","longitude":"23.13333330","name":"Koil\u00e1s"},{"id":"890889","latitude":"37.60000000","longitude":"22.98333330","name":"Kokkin\u00e1dhes"},{"id":"890964","latitude":"37.61666670","longitude":"22.66666670","name":"K\u00f3kla"},{"id":"890992","latitude":"37.58333330","longitude":"23.16666670","name":"Koli\u00e1ki"},{"id":"890993","latitude":"37.58333330","longitude":"23.16666670","name":"Koli\u00e1kion"},{"id":"891341","latitude":"37.60000000","longitude":"23.05000000","name":"Kor\u00f3ni"},{"id":"891489","latitude":"37.53333330","longitude":"22.71666670","name":"Kouga\u00edika"},{"id":"891634","latitude":"37.51666670","longitude":"23.10000000","name":"Kounoup\u00edtsa"},{"id":"891688","latitude":"37.63333330","longitude":"22.76666670","name":"Kourt\u00e1ki"},{"id":"891690","latitude":"37.63333330","longitude":"22.76666670","name":"Kourt\u00e1kion"},{"id":"891747","latitude":"37.55000000","longitude":"23.16666670","name":"Koutroumba\u00edika"},{"id":"891748","latitude":"37.55000000","longitude":"23.16666670","name":"Koutroumb\u00e9\u00efka"},{"id":"891756","latitude":"37.61666670","longitude":"22.80000000","name":"Ko\u00fatsi"},{"id":"891762","latitude":"37.61666670","longitude":"22.80000000","name":"Ko\u00fatsion"},{"id":"891786","latitude":"37.68333330","longitude":"22.71666670","name":"Koutsop\u00f3dhi"},{"id":"891787","latitude":"37.68333330","longitude":"22.71666670","name":"Koutsop\u00f3dhion"},{"id":"891863","latitude":"37.38166670","longitude":"23.15527780","name":"Kran\u00eddhion"},{"id":"891864","latitude":"37.38166670","longitude":"23.15527780","name":"Kran\u00eddi"},{"id":"891865","latitude":"37.38166670","longitude":"23.15527780","name":"Kran\u00eddion"},{"id":"891928","latitude":"37.58333330","longitude":"22.56666670","name":"Kr\u00eda Vr\u00edsi"},{"id":"891932","latitude":"37.58333330","longitude":"22.56666670","name":"Kr\u00eda Vr\u00eds"},{"id":"892135","latitude":"37.68333330","longitude":"22.71666670","name":"Kutsopodi"},{"id":"892295","latitude":"37.63333330","longitude":"23.11666670","name":"Laliota\u00edika"},{"id":"892296","latitude":"37.63333330","longitude":"23.11666670","name":"Laliot\u00e9\u00efka"},{"id":"892301","latitude":"37.63333330","longitude":"22.78333330","name":"L\u00e1louka"},{"id":"892302","latitude":"37.63333330","longitude":"22.78333330","name":"L\u00e1loukas"},{"id":"892635","latitude":"37.55000000","longitude":"22.86666670","name":"Levk\u00e1kia"},{"id":"892749","latitude":"37.61666670","longitude":"23.03333330","name":"Ligouri\u00f3n"},{"id":"892750","latitude":"37.61666670","longitude":"23.03333330","name":"Liguri"},{"id":"892844","latitude":"37.71666670","longitude":"22.88333330","name":"L\u00edmnai"},{"id":"892850","latitude":"37.71666670","longitude":"22.88333330","name":"L\u00edmnes"},{"id":"892925","latitude":"37.70000000","longitude":"22.55000000","name":"L\u00edrkia"},{"id":"893150","latitude":"37.45000000","longitude":"23.23333330","name":"Louka\u00edti"},{"id":"893151","latitude":"37.45000000","longitude":"23.23333330","name":"Loukaition"},{"id":"893172","latitude":"37.30000000","longitude":"23.18333330","name":"Loumousiota\u00edika"},{"id":"893464","latitude":"37.71666670","longitude":"22.65000000","name":"Malandhr\u00e9ni"},{"id":"893465","latitude":"37.71666670","longitude":"22.65000000","name":"Malandr\u00e9nion"},{"id":"893466","latitude":"37.71666670","longitude":"22.65000000","name":"Malandr\u00edni"},{"id":"893603","latitude":"37.66666670","longitude":"22.81666670","name":"M\u00e1nesi"},{"id":"893607","latitude":"37.66666670","longitude":"22.81666670","name":"M\u00e1nesis"},{"id":"893668","latitude":"37.50000000","longitude":"23.05000000","name":"Mantzavra\u00edika"},{"id":"893678","latitude":"37.55000000","longitude":"22.91666670","name":"Marath\u00e9a"},{"id":"893686","latitude":"37.55000000","longitude":"22.91666670","name":"Marathi\u00e1"},{"id":"893874","latitude":"37.55000000","longitude":"23.11666670","name":"Matar\u00e1nga"},{"id":"894043","latitude":"37.61666670","longitude":"22.55000000","name":"M\u00e1zi"},{"id":"894360","latitude":"37.63333330","longitude":"22.80000000","name":"M\u00e9rbakas"},{"id":"894389","latitude":"37.56666670","longitude":"22.83333330","name":"Merz\u00e9s"},{"id":"894585","latitude":"37.45000000","longitude":"23.28333330","name":"Metall\u00eda"},{"id":"894656","latitude":"37.30000000","longitude":"23.18333330","name":"Met\u00f3khi"},{"id":"894678","latitude":"37.60000000","longitude":"22.95000000","name":"Met\u00f3khion"},{"id":"894735","latitude":"37.66666670","longitude":"22.85000000","name":"Midh\u00e9a"},{"id":"894753","latitude":"37.71666670","longitude":"22.75000000","name":"Mik\u00ednai"},{"id":"894964","latitude":"37.55000000","longitude":"22.71666670","name":"M\u00edloi"},{"id":"895175","latitude":"37.70000000","longitude":"22.75000000","name":"Monastir\u00e1ki"},{"id":"895188","latitude":"37.70000000","longitude":"22.75000000","name":"Monastir\u00e1kion"},{"id":"895323","latitude":"37.53333330","longitude":"22.88333330","name":"Mour\u00e1tagas"},{"id":"895466","latitude":"37.56361110","longitude":"22.80750000","name":"N\u00e1fplio"},{"id":"895467","latitude":"37.56361110","longitude":"22.80750000","name":"N\u00e1fplion"},{"id":"895488","latitude":"37.56361110","longitude":"22.80750000","name":"Nauplia"},{"id":"895489","latitude":"37.56361110","longitude":"22.80750000","name":"Nauplion"},{"id":"895493","latitude":"37.56361110","longitude":"22.80750000","name":"N\u00e1vplio"},{"id":"895494","latitude":"37.56361110","longitude":"22.80750000","name":"N\u00e1vplion"},{"id":"895570","latitude":"37.58333330","longitude":"22.75000000","name":"N\u00e9a K\u00edos"},{"id":"895668","latitude":"37.60000000","longitude":"22.81666670","name":"N\u00e9a T\u00edrins"},{"id":"895823","latitude":"37.53333330","longitude":"23.15000000","name":"Neokh\u00f3rion"},{"id":"895898","latitude":"37.61666670","longitude":"22.85000000","name":"N\u00e9on Roin\u00f3n"},{"id":"896908","latitude":"37.63333330","longitude":"22.81666670","name":"Panar\u00edti"},{"id":"896910","latitude":"37.63333330","longitude":"22.81666670","name":"Panar\u00edtis"},{"id":"896989","latitude":"37.60000000","longitude":"22.98333330","name":"Pannoul\u00e9\u00efka"},{"id":"897055","latitude":"37.31666670","longitude":"23.16666670","name":"Papastavra\u00edika"},{"id":"897120","latitude":"37.48333330","longitude":"23.00000000","name":"Paral\u00eda Ir\u00edon"},{"id":"897224","latitude":"37.66666670","longitude":"22.75000000","name":"Pas\u00e1s"},{"id":"897234","latitude":"37.66666670","longitude":"22.75000000","name":"P\u00e1ssia"},{"id":"897417","latitude":"37.48333330","longitude":"23.01666670","name":"P\u00e9ra \u00cdria"},{"id":"897418","latitude":"37.65000000","longitude":"23.06666670","name":"Peraka\u00edika"},{"id":"897913","latitude":"37.63333330","longitude":"22.76666670","name":"Pirg\u00e1lla"},{"id":"897964","latitude":"37.63333330","longitude":"22.76666670","name":"Piry\u00e9la"},{"id":"897965","latitude":"37.63333330","longitude":"22.76666670","name":"Piry\u00e9lla"},{"id":"897971","latitude":"37.58333330","longitude":"22.88333330","name":"Piryi\u00f3tika"},{"id":"898013","latitude":"37.61666670","longitude":"22.98333330","name":"Pisvane\u00edka"},{"id":"898168","latitude":"37.65000000","longitude":"22.80000000","name":"Platan\u00edti"},{"id":"898170","latitude":"37.65000000","longitude":"22.80000000","name":"Platan\u00edtis"},{"id":"898261","latitude":"37.41666670","longitude":"23.35000000","name":"Pleli"},{"id":"898265","latitude":"37.41666670","longitude":"23.35000000","name":"Pl\u00e9pi"},{"id":"898538","latitude":"37.31666670","longitude":"23.15000000","name":"Portoch\u00e9lion"},{"id":"898539","latitude":"37.31666670","longitude":"23.15000000","name":"Portoch\u00e9li"},{"id":"898541","latitude":"37.31666670","longitude":"23.15000000","name":"Portokh\u00e9lion"},{"id":"898542","latitude":"37.31666670","longitude":"23.15000000","name":"P\u00f3rto-Kh\u00e9li"},{"id":"898606","latitude":"37.65000000","longitude":"22.81666670","name":"Poulakidha"},{"id":"898620","latitude":"37.65000000","longitude":"22.81666670","name":"Poullak\u00eddha"},{"id":"898698","latitude":"37.70000000","longitude":"22.75000000","name":"Pr\u00edftani"},{"id":"898806","latitude":"37.71666670","longitude":"22.83333330","name":"Pr\u00f3simna"},{"id":"898807","latitude":"37.71666670","longitude":"22.83333330","name":"Pros\u00edmni"},{"id":"898907","latitude":"37.63333330","longitude":"23.06666670","name":"Psimoula\u00edika"},{"id":"898908","latitude":"37.63333330","longitude":"23.06666670","name":"Psimoul\u00e9\u00efka"},{"id":"899001","latitude":"37.51666670","longitude":"23.20000000","name":"R\u00e1dhon"},{"id":"899462","latitude":"37.61666670","longitude":"22.98333330","name":"Rousvana\u00edika"},{"id":"899477","latitude":"37.33333330","longitude":"23.15000000","name":"Roza\u00edika"},{"id":"900295","latitude":"37.56666670","longitude":"22.68333330","name":"Skafidh\u00e1kion"},{"id":"900296","latitude":"37.56666670","longitude":"22.68333330","name":"Skafidh\u00e1k\u00ed"},{"id":"900431","latitude":"37.68333330","longitude":"22.61666670","name":"Skhinokh\u00f3rion"},{"id":"900432","latitude":"37.68333330","longitude":"22.61666670","name":"Skhinokh\u00f3ri"},{"id":"900806","latitude":"37.55000000","longitude":"22.86666670","name":"Spa\u00eftz\u00edkon"},{"id":"900895","latitude":"37.51666670","longitude":"22.70000000","name":"Spiliot\u00e1kis"},{"id":"900897","latitude":"37.51666670","longitude":"22.70000000","name":"Spil\u00f3dhas"},{"id":"900930","latitude":"37.61666670","longitude":"22.98333330","name":"Stamata\u00edika"},{"id":"900932","latitude":"37.61666670","longitude":"22.98333330","name":"Stamat\u00e9\u00efka"},{"id":"900962","latitude":"37.61666670","longitude":"23.00000000","name":"Statha\u00edika"},{"id":"900965","latitude":"37.66666670","longitude":"22.66666670","name":"Statheika"},{"id":"901015","latitude":"37.51666670","longitude":"23.11666670","name":"Stavrop\u00f3dhion"},{"id":"901016","latitude":"37.51666670","longitude":"23.11666670","name":"Stavrop\u00f3dhi"},{"id":"901061","latitude":"37.75000000","longitude":"22.83333330","name":"Stef\u00e1nion"},{"id":"901066","latitude":"37.75000000","longitude":"22.83333330","name":"Stef\u00e1ni"},{"id":"901104","latitude":"37.71666670","longitude":"22.60000000","name":"St\u00e9rna"},{"id":"901359","latitude":"37.53333330","longitude":"23.08333330","name":"Tasoula\u00edika"},{"id":"901360","latitude":"37.53333330","longitude":"23.08333330","name":"Tasoul\u00e9\u00efka"},{"id":"901368","latitude":"37.75000000","longitude":"22.48333330","name":"T\u00e1tsi"},{"id":"901523","latitude":"37.41666670","longitude":"23.31666670","name":"Thermis\u00eda"},{"id":"901633","latitude":"37.60000000","longitude":"22.80000000","name":"T\u00edrins"},{"id":"901640","latitude":"37.60000000","longitude":"22.80000000","name":"Tiryns"},{"id":"901654","latitude":"37.51666670","longitude":"22.85000000","name":"Tol\u00f3n"},{"id":"901655","latitude":"37.51666670","longitude":"22.85000000","name":"Tol\u00f3s"},{"id":"901706","latitude":"37.53333330","longitude":"23.23333330","name":"Tourk\u00e1laka"},{"id":"901754","latitude":"37.56666670","longitude":"23.15000000","name":"Trakhi\u00e1"},{"id":"901927","latitude":"37.68333330","longitude":"22.75000000","name":"Tr\u00edstraton"},{"id":"902023","latitude":"37.50000000","longitude":"23.01666670","name":"Tsaprala\u00edika"},{"id":"902056","latitude":"37.55000000","longitude":"22.85000000","name":"Ts\u00e9lon"},{"id":"902166","latitude":"37.73333330","longitude":"22.53333330","name":"Tsir\u00edstra"},{"id":"902200","latitude":"37.48333330","longitude":"23.26666670","name":"Tsoukali\u00e1"},{"id":"902280","latitude":"37.73333330","longitude":"22.53333330","name":"Tzir\u00edstra"},{"id":"902488","latitude":"37.68333330","longitude":"22.75000000","name":"Vardhouv\u00e1"},{"id":"903006","latitude":"37.53333330","longitude":"22.91666670","name":"Viv\u00e1ri"},{"id":"903199","latitude":"37.53333330","longitude":"23.13333330","name":"Voth\u00edkion"},{"id":"903200","latitude":"37.53333330","longitude":"23.13333330","name":"Voth\u00edki"},{"id":"903510","latitude":"37.66666670","longitude":"22.58333330","name":"Vro\u00fastion"},{"id":"903511","latitude":"37.66666670","longitude":"22.58333330","name":"Vro\u00fasti"},{"id":"903513","latitude":"37.66666670","longitude":"22.58333330","name":"Vro\u00fatsi"},{"id":"903586","latitude":"37.50000000","longitude":"23.01666670","name":"Xidha\u00edika"},{"id":"903588","latitude":"37.50000000","longitude":"23.01666670","name":"Xidh\u00e9\u00efka"},{"id":"903916","latitude":"37.60000000","longitude":"22.98333330","name":"Yiannoula\u00edika"},{"id":"903918","latitude":"37.60000000","longitude":"22.98333330","name":"Yiannoul\u00e9\u00efka"},{"id":"903942","latitude":"37.76666670","longitude":"22.56666670","name":"Yimn\u00f3n"},{"id":"904118","latitude":"37.53333330","longitude":"23.23333330","name":"Zerv\u00e9\u00efka"}]