[{"id":"881043","latitude":"38.24861110","longitude":"22.08194440","name":"Aegion"},{"id":"881044","latitude":"38.24861110","longitude":"22.08194440","name":"Aegium"},{"id":"881358","latitude":"37.93333330","longitude":"21.85000000","name":"Agr\u00e1mbela"},{"id":"881377","latitude":"38.26666670","longitude":"22.05000000","name":"Agridha\u00edika"},{"id":"881380","latitude":"38.26666670","longitude":"22.05000000","name":"Agridh\u00e9\u00efka"},{"id":"881383","latitude":"38.03333330","longitude":"22.25000000","name":"Agr\u00eddhi"},{"id":"881385","latitude":"37.90000000","longitude":"22.00000000","name":"Agr\u00eddhion"},{"id":"881465","latitude":"38.24861110","longitude":"22.08194440","name":"Aighion"},{"id":"881470","latitude":"38.24861110","longitude":"22.08194440","name":"A\u00edgio"},{"id":"881471","latitude":"38.24861110","longitude":"22.08194440","name":"A\u00edgion"},{"id":"881493","latitude":"38.15000000","longitude":"22.35000000","name":"A\u00edvira"},{"id":"881494","latitude":"38.10000000","longitude":"22.36666670","name":"Aiya\u00ed"},{"id":"881499","latitude":"38.24861110","longitude":"22.08194440","name":"A\u00edyion"},{"id":"881500","latitude":"38.15000000","longitude":"22.35000000","name":"A\u00edyira"},{"id":"881514","latitude":"38.13333330","longitude":"21.60000000","name":"Akha\u00efk\u00f3n"},{"id":"881545","latitude":"38.20000000","longitude":"22.08333330","name":"Akhladh\u00e9a"},{"id":"881553","latitude":"38.20000000","longitude":"22.08333330","name":"Akhladhi\u00e1"},{"id":"881580","latitude":"38.20000000","longitude":"22.08333330","name":"Akho\u00faria"},{"id":"881588","latitude":"38.18333330","longitude":"21.95000000","name":"\u00c1koli"},{"id":"881603","latitude":"38.15000000","longitude":"22.31666670","name":"Akr\u00e1ta"},{"id":"881675","latitude":"37.98333330","longitude":"21.80000000","name":"Alepokh\u00f3rion"},{"id":"881682","latitude":"37.88333330","longitude":"21.98333330","name":"Al\u00e9staina"},{"id":"881747","latitude":"38.13333330","longitude":"21.58333330","name":"Aliss\u00f3s"},{"id":"881806","latitude":"37.98333330","longitude":"21.80000000","name":"Alpokh\u00f3ri"},{"id":"881812","latitude":"38.25000000","longitude":"21.98333330","name":"\u00c1lsos"},{"id":"881823","latitude":"38.13333330","longitude":"21.58333330","name":"Alyssus"},{"id":"881903","latitude":"38.10000000","longitude":"22.31666670","name":"Ambel\u00f3kipoi"},{"id":"881910","latitude":"38.13333330","longitude":"22.33333330","name":"\u00c1mbelos"},{"id":"881939","latitude":"37.85000000","longitude":"22.31666670","name":"Amigdhal\u00e9a"},{"id":"882067","latitude":"37.90000000","longitude":"22.00000000","name":"An\u00e1stasis"},{"id":"882070","latitude":"37.90000000","longitude":"22.00000000","name":"Anast\u00e1sova"},{"id":"882222","latitude":"37.85000000","longitude":"22.15000000","name":"Ango\u00faria Kalivia"},{"id":"882234","latitude":"38.15000000","longitude":"21.51666670","name":"Anifor\u00e9\u00efka"},{"id":"882246","latitude":"37.85000000","longitude":"22.21666670","name":"Anko\u00faria"},{"id":"882259","latitude":"38.11666670","longitude":"22.38333330","name":"\u00c1no Aiyial\u00f3s"},{"id":"882260","latitude":"38.11666670","longitude":"21.56666670","name":"Ano Akhaia"},{"id":"882264","latitude":"38.13333330","longitude":"21.58333330","name":"\u00c1no Aliss\u00f3s"},{"id":"882273","latitude":"38.25000000","longitude":"21.75000000","name":"\u00c1no Ar\u00f3i"},{"id":"882279","latitude":"37.95000000","longitude":"21.71666670","name":"\u00c1no Ay\u00eda Mar\u00edna"},{"id":"882308","latitude":"38.13333330","longitude":"22.23333330","name":"\u00c1no Dhiakopt\u00f3n"},{"id":"882351","latitude":"38.06666670","longitude":"22.03333330","name":"\u00c1no Goumen\u00edtsa"},{"id":"882375","latitude":"37.83333330","longitude":"22.10000000","name":"\u00c1no Kal\u00edvia Fil\u00edon"},{"id":"882401","latitude":"38.26666670","longitude":"21.83333330","name":"\u00c1no Kastr\u00edtsion"},{"id":"882420","latitude":"37.86666670","longitude":"22.01666670","name":"\u00c1no Kh\u00f3voli"},{"id":"882424","latitude":"37.90000000","longitude":"22.08333330","name":"\u00c1no Klitor\u00eda"},{"id":"882462","latitude":"38.00000000","longitude":"22.13333330","name":"\u00c1no Louso\u00ed"},{"id":"882475","latitude":"38.15000000","longitude":"22.03333330","name":"\u00c1no Mavr\u00edkion"},{"id":"882477","latitude":"38.13333330","longitude":"21.98333330","name":"\u00c1no Mazar\u00e1ki"},{"id":"882478","latitude":"38.13333330","longitude":"21.98333330","name":"\u00c1no Mazar\u00e1kion"},{"id":"882527","latitude":"38.16666670","longitude":"22.26666670","name":"\u00c1no Pl\u00e1tanos"},{"id":"882538","latitude":"38.08333330","longitude":"22.21666670","name":"\u00c1no Potami\u00e1"},{"id":"882557","latitude":"38.23333330","longitude":"21.91666670","name":"\u00c1no Salm\u00e9nikon"},{"id":"882558","latitude":"38.23333330","longitude":"21.91666670","name":"\u00c1no Salmen\u00edkos"},{"id":"882566","latitude":"38.26666670","longitude":"21.76666670","name":"\u00c1no Sikhain\u00e1"},{"id":"882578","latitude":"38.00000000","longitude":"22.13333330","name":"\u00c1no Souden\u00e1"},{"id":"882579","latitude":"38.06666670","longitude":"21.61666670","name":"\u00c1no Souden\u00e9\u00efka"},{"id":"882580","latitude":"38.06666670","longitude":"21.61666670","name":"\u00c1no Soudhena\u00edika"},{"id":"882581","latitude":"38.06666670","longitude":"21.61666670","name":"\u00c1no Soudhen\u00e9\u00efka"},{"id":"882583","latitude":"38.16666670","longitude":"21.85000000","name":"\u00c1no So\u00fali"},{"id":"882586","latitude":"38.16666670","longitude":"21.85000000","name":"\u00c1no So\u00falion"},{"id":"882593","latitude":"38.00000000","longitude":"22.36666670","name":"\u00c1no Tarsin\u00f3n"},{"id":"882594","latitude":"38.00000000","longitude":"22.36666670","name":"\u00c1no Tars\u00f3s"},{"id":"882629","latitude":"38.00000000","longitude":"21.91666670","name":"\u00c1no Vlas\u00eda"},{"id":"882630","latitude":"38.00000000","longitude":"21.91666670","name":"\u00c1no Vl\u00e1ssia"},{"id":"882660","latitude":"38.08333330","longitude":"22.16666670","name":"\u00c1no Zakhloro\u00fa"},{"id":"882668","latitude":"38.30000000","longitude":"21.95000000","name":"\u00c1no Z\u00edria"},{"id":"882669","latitude":"38.13333330","longitude":"21.71666670","name":"Anrili\u00e1"},{"id":"882675","latitude":"38.21666670","longitude":"21.71666670","name":"\u00c1nthia Ite\u00f3n"},{"id":"882787","latitude":"38.11666670","longitude":"21.48333330","name":"Ap\u00f3stoloi"},{"id":"882790","latitude":"38.11666670","longitude":"21.48333330","name":"Apost\u00f3lou"},{"id":"882803","latitude":"38.25000000","longitude":"21.98333330","name":"Arag\u00f3zena"},{"id":"882813","latitude":"38.05000000","longitude":"22.31666670","name":"Ar\u00e1khova"},{"id":"882839","latitude":"38.26666670","longitude":"21.98333330","name":"Aravon\u00edtsa"},{"id":"882840","latitude":"38.16666670","longitude":"21.41666670","name":"\u00c1raxos"},{"id":"882889","latitude":"38.10000000","longitude":"22.31666670","name":"Arfar\u00e1"},{"id":"882998","latitude":"38.06666670","longitude":"21.60000000","name":"\u00c1rla"},{"id":"883008","latitude":"37.91666670","longitude":"22.16666670","name":"\u00c1rmbounas"},{"id":"883040","latitude":"37.88333330","longitude":"22.01666670","name":"Aroan\u00eda"},{"id":"883101","latitude":"38.28333330","longitude":"21.86666670","name":"Aryir\u00e1"},{"id":"883124","latitude":"38.01666670","longitude":"21.98333330","name":"As\u00e1ni"},{"id":"883125","latitude":"38.01666670","longitude":"21.98333330","name":"As\u00e1nion"},{"id":"883256","latitude":"38.05000000","longitude":"21.70000000","name":"Ast\u00e9ri"},{"id":"883259","latitude":"38.06666670","longitude":"21.71666670","name":"Ast\u00e9rion"},{"id":"883362","latitude":"38.28333330","longitude":"21.86666670","name":"\u00c1verna"},{"id":"883363","latitude":"38.28333330","longitude":"21.86666670","name":"Av\u00e9rnai"},{"id":"883420","latitude":"38.08333330","longitude":"21.61666670","name":"Avyera\u00edika"},{"id":"883421","latitude":"38.08333330","longitude":"21.61666670","name":"Avyer\u00e9\u00efka"},{"id":"883451","latitude":"38.26666670","longitude":"21.75000000","name":"Ay\u00eda"},{"id":"883457","latitude":"38.26666670","longitude":"22.05000000","name":"Ay\u00eda El\u00e9ni"},{"id":"883496","latitude":"37.95000000","longitude":"21.70000000","name":"Ay\u00eda Mar\u00edna"},{"id":"883527","latitude":"38.13333330","longitude":"21.83333330","name":"Ay\u00eda Paraskev\u00ed"},{"id":"883588","latitude":"38.00000000","longitude":"22.26666670","name":"Ay\u00eda Varv\u00e1ra"},{"id":"883620","latitude":"38.36666670","longitude":"22.28333330","name":"\u00c1yioi P\u00e1ndes"},{"id":"883633","latitude":"38.26666670","longitude":"21.96666670","name":"\u00c1yioi The\u00f3dhoroi"},{"id":"883665","latitude":"38.16666670","longitude":"22.13333330","name":"\u00c1yios Andhr\u00e9as"},{"id":"883686","latitude":"38.16666670","longitude":"22.13333330","name":"\u00c1yios Andr\u00e9as"},{"id":"883704","latitude":"38.23333330","longitude":"22.10000000","name":"\u00c1yios Athan\u00e1sios"},{"id":"883728","latitude":"38.00000000","longitude":"21.76666670","name":"\u00c1yios Dhim\u00edtrios"},{"id":"883764","latitude":"38.21666670","longitude":"21.90000000","name":"\u00c1yios Ioannis"},{"id":"883802","latitude":"38.26666670","longitude":"22.05000000","name":"\u00c1yios Konstand\u00ednos"},{"id":"883854","latitude":"37.90000000","longitude":"22.15000000","name":"\u00c1yios Nik\u00f3laos"},{"id":"883869","latitude":"38.15000000","longitude":"22.06666670","name":"Ayios Pandeleimon"},{"id":"883873","latitude":"37.88333330","longitude":"22.01666670","name":"Ay\u00edos P\u00e1vlos"},{"id":"883904","latitude":"38.10000000","longitude":"21.73333330","name":"\u00c1yios Spir\u00eddhon"},{"id":"883914","latitude":"37.88333330","longitude":"21.91666670","name":"\u00c1yios The\u00f3dhoroi"},{"id":"883919","latitude":"37.88333330","longitude":"21.91666670","name":"\u00c1yios The\u00f3dhoros"},{"id":"883921","latitude":"37.88333330","longitude":"21.91666670","name":"Ayios The\u00f3doros"},{"id":"883936","latitude":"38.16666670","longitude":"21.66666670","name":"\u00c1yios Vas\u00edlios"},{"id":"883970","latitude":"37.86666670","longitude":"21.95000000","name":"\u00c1yios Ye\u00f3ryios"},{"id":"883982","latitude":"38.30000000","longitude":"21.78333330","name":"\u00c1yios Ye\u00f3ryios R\u00edou"},{"id":"883987","latitude":"38.11666670","longitude":"21.56666670","name":"Ayiovlas\u00edtika"},{"id":"883988","latitude":"38.11666670","longitude":"21.56666670","name":"Ayiovlast\u00edtika"},{"id":"884027","latitude":"38.06666670","longitude":"21.76666670","name":"Bakalara\u00edika"},{"id":"884028","latitude":"38.06666670","longitude":"21.76666670","name":"Bakaliara\u00edika"},{"id":"884029","latitude":"38.06666670","longitude":"21.76666670","name":"Bakaliar\u00e9\u00efka"},{"id":"884039","latitude":"38.25000000","longitude":"21.80000000","name":"B\u00e1la"},{"id":"884055","latitude":"38.25000000","longitude":"21.80000000","name":"B\u00e1las"},{"id":"884064","latitude":"38.05000000","longitude":"21.76666670","name":"Bali\u00f3ti"},{"id":"884068","latitude":"38.25000000","longitude":"21.80000000","name":"B\u00e1llas"},{"id":"884084","latitude":"38.01666670","longitude":"21.96666670","name":"B\u00e1mbaka"},{"id":"884123","latitude":"38.15000000","longitude":"21.80000000","name":"Bardhik\u00f3sta"},{"id":"884124","latitude":"38.15000000","longitude":"21.80000000","name":"Bardhik\u00f3stas"},{"id":"884132","latitude":"38.18333330","longitude":"21.41666670","name":"Bartzavala\u00edika"},{"id":"884163","latitude":"38.21666670","longitude":"21.75000000","name":"Begoul\u00e1ki"},{"id":"884164","latitude":"38.21666670","longitude":"21.75000000","name":"Begoul\u00e1kion"},{"id":"884179","latitude":"38.06666670","longitude":"21.66666670","name":"Bekiar\u00e9\u00efka"},{"id":"884234","latitude":"38.06666670","longitude":"21.55000000","name":"Betho\u00falka"},{"id":"884244","latitude":"38.16666670","longitude":"22.10000000","name":"Bifousia"},{"id":"884253","latitude":"38.01666670","longitude":"21.60000000","name":"Biniara\u00edika"},{"id":"884254","latitude":"38.01666670","longitude":"21.60000000","name":"Binir\u00e9\u00efka"},{"id":"884303","latitude":"38.05000000","longitude":"21.76666670","name":"Boli\u00f3tion"},{"id":"884305","latitude":"38.10000000","longitude":"21.45000000","name":"Bond\u00e9\u00efka"},{"id":"884306","latitude":"38.06666670","longitude":"21.93333330","name":"Bondi\u00e1"},{"id":"884334","latitude":"38.20000000","longitude":"21.73333330","name":"Botov\u00e1yia"},{"id":"884342","latitude":"38.08333330","longitude":"21.63333330","name":"Boudhour\u00e9\u00efka"},{"id":"884346","latitude":"38.16666670","longitude":"22.10000000","name":"Boufon\u00e1kia"},{"id":"884347","latitude":"38.16666670","longitude":"22.10000000","name":"Bouf\u00f3ska"},{"id":"884348","latitude":"38.16666670","longitude":"22.10000000","name":"Boufo\u00faskia"},{"id":"884351","latitude":"38.08333330","longitude":"21.83333330","name":"Bo\u00faga"},{"id":"884368","latitude":"38.06666670","longitude":"21.50000000","name":"Bouko\u00fara"},{"id":"884369","latitude":"38.06666670","longitude":"21.50000000","name":"Bo\u00fakouras"},{"id":"884379","latitude":"38.05000000","longitude":"21.81666670","name":"Bo\u00famba"},{"id":"884380","latitude":"38.01666670","longitude":"21.96666670","name":"Bo\u00fambouka"},{"id":"884382","latitude":"38.01666670","longitude":"21.96666670","name":"Bo\u00famboukas"},{"id":"884385","latitude":"38.08333330","longitude":"21.63333330","name":"Boundoura\u00edika"},{"id":"884407","latitude":"38.10000000","longitude":"21.45000000","name":"Bouta\u00edika"},{"id":"884429","latitude":"38.05000000","longitude":"21.55000000","name":"Boza\u00edika"},{"id":"884430","latitude":"38.28333330","longitude":"21.76666670","name":"Bozaitika"},{"id":"884437","latitude":"38.11666670","longitude":"21.71666670","name":"Brakoum\u00e1dhi"},{"id":"884438","latitude":"38.11666670","longitude":"21.71666670","name":"Brakoum\u00e1dhion"},{"id":"884480","latitude":"38.01666670","longitude":"21.96666670","name":"Bumbuka"},{"id":"884580","latitude":"38.03333330","longitude":"22.26666670","name":"Chatikakia"},{"id":"884850","latitude":"37.93333330","longitude":"22.00000000","name":"Desin\u00f3n"},{"id":"884864","latitude":"38.20000000","longitude":"22.00000000","name":"Dh\u00e1fnai"},{"id":"884894","latitude":"38.41666670","longitude":"22.10000000","name":"Dhafnokh\u00f3ri"},{"id":"884896","latitude":"38.41666670","longitude":"22.10000000","name":"Dhafnokh\u00f3rion"},{"id":"884910","latitude":"38.06666670","longitude":"21.73333330","name":"Dhafno\u00fala"},{"id":"884917","latitude":"38.25000000","longitude":"21.93333330","name":"Dhamakini"},{"id":"884918","latitude":"38.25000000","longitude":"21.93333330","name":"Dhamak\u00ednion"},{"id":"885012","latitude":"38.10000000","longitude":"21.91666670","name":"Dhem\u00e9stikha"},{"id":"885029","latitude":"38.03333330","longitude":"21.88333330","name":"Dhendr\u00e1"},{"id":"885056","latitude":"38.18333330","longitude":"22.15000000","name":"Dherv\u00e9ni"},{"id":"885058","latitude":"38.18333330","longitude":"22.15000000","name":"Dherv\u00e9nion"},{"id":"885071","latitude":"37.93333330","longitude":"22.00000000","name":"Dhesin\u00f3n"},{"id":"885081","latitude":"38.20000000","longitude":"22.20000000","name":"Dhiakoft\u00f3"},{"id":"885082","latitude":"38.20000000","longitude":"22.20000000","name":"Dhiakoft\u00f3n"},{"id":"885088","latitude":"38.20000000","longitude":"22.20000000","name":"Dhiakopt\u00edtika"},{"id":"885089","latitude":"38.20000000","longitude":"22.20000000","name":"Dhiakopt\u00f3n"},{"id":"885120","latitude":"38.11666670","longitude":"21.63333330","name":"Dhidhakha\u00edika"},{"id":"885173","latitude":"38.25000000","longitude":"22.05000000","name":"Dhimitr\u00f3poulon"},{"id":"885230","latitude":"38.10000000","longitude":"22.10000000","name":"Dh\u00edyela"},{"id":"885231","latitude":"38.10000000","longitude":"22.10000000","name":"Dhiy\u00e9li"},{"id":"885232","latitude":"38.25000000","longitude":"22.11666670","name":"Dhiyeli\u00f3tika"},{"id":"885233","latitude":"38.25000000","longitude":"22.11666670","name":"Dhiyell\u00f3tika"},{"id":"885240","latitude":"38.25000000","longitude":"21.98333330","name":"Dhokan\u00e9\u00efka"},{"id":"885295","latitude":"38.25000000","longitude":"21.98333330","name":"Dhoukana\u00edika"},{"id":"885302","latitude":"38.10000000","longitude":"22.13333330","name":"Dhoumen\u00e1"},{"id":"885333","latitude":"38.08333330","longitude":"21.53333330","name":"Dhrag\u00e1non"},{"id":"885400","latitude":"38.15000000","longitude":"21.66666670","name":"Dhresthen\u00e1"},{"id":"885416","latitude":"38.16666670","longitude":"22.28333330","name":"Dhrimin\u00e1ri"},{"id":"885421","latitude":"38.16666670","longitude":"22.28333330","name":"Dhrimon\u00e1ri"},{"id":"885423","latitude":"38.16666670","longitude":"22.28333330","name":"Dhrimon\u00e1rion"},{"id":"885459","latitude":"38.06666670","longitude":"22.03333330","name":"Dhros\u00e1ton"},{"id":"885482","latitude":"37.93333330","longitude":"21.96666670","name":"Dhrovolov\u00f3"},{"id":"885483","latitude":"37.93333330","longitude":"21.96666670","name":"Dhrovolov\u00f3n"},{"id":"885602","latitude":"37.93333330","longitude":"22.08333330","name":"Do\u00fani"},{"id":"885603","latitude":"37.93333330","longitude":"22.08333330","name":"Dounisa"},{"id":"885604","latitude":"37.93333330","longitude":"22.08333330","name":"Do\u00fanissa"},{"id":"885610","latitude":"38.36666670","longitude":"22.13333330","name":"Douvi\u00e1"},{"id":"885623","latitude":"38.08333330","longitude":"21.53333330","name":"Drag\u00e1non"},{"id":"885715","latitude":"38.24861110","longitude":"22.08194440","name":"Egion"},{"id":"885717","latitude":"38.23333330","longitude":"21.76666670","name":"Eglik\u00e1dha"},{"id":"885718","latitude":"38.23333330","longitude":"21.76666670","name":"Eglik\u00e1s"},{"id":"885770","latitude":"38.38333330","longitude":"22.11666670","name":"Ela\u00eda"},{"id":"885783","latitude":"38.08333330","longitude":"21.56666670","name":"Elaiokh\u00f3rion"},{"id":"885791","latitude":"38.20000000","longitude":"22.16666670","name":"Elai\u00f3n"},{"id":"885847","latitude":"38.21666670","longitude":"21.80000000","name":"Elek\u00edstra"},{"id":"885850","latitude":"38.08333330","longitude":"21.56666670","name":"Eleochorion"},{"id":"885892","latitude":"38.21666670","longitude":"22.11666670","name":"El\u00edki"},{"id":"885893","latitude":"38.21666670","longitude":"21.80000000","name":"Elik\u00edstra"},{"id":"885916","latitude":"38.05000000","longitude":"21.81666670","name":"Ellinik\u00f3n"},{"id":"885970","latitude":"38.23333330","longitude":"21.76666670","name":"\u00c9nglikas"},{"id":"886009","latitude":"38.11666670","longitude":"22.38333330","name":"Ep\u00e1no P\u00e1los"},{"id":"886020","latitude":"38.11666670","longitude":"22.38333330","name":"Ep\u00e1no Yial\u00f3s"},{"id":"886064","latitude":"38.36666670","longitude":"22.23333330","name":"Eratin\u00ed"},{"id":"886095","latitude":"37.98333330","longitude":"21.73333330","name":"Erim\u00e1nthia"},{"id":"886099","latitude":"38.31666670","longitude":"21.98333330","name":"Erine\u00f3s"},{"id":"886126","latitude":"37.85000000","longitude":"22.16666670","name":"Eti\u00e1"},{"id":"886207","latitude":"38.05000000","longitude":"22.31666670","name":"Exokh\u00ed"},{"id":"886227","latitude":"38.15000000","longitude":"22.18333330","name":"Fakim\u00eds"},{"id":"886228","latitude":"38.15000000","longitude":"22.18333330","name":"Fakim\u00edsi"},{"id":"886240","latitude":"38.06666670","longitude":"22.03333330","name":"Famel\u00edtika"},{"id":"886270","latitude":"38.10000000","longitude":"21.71666670","name":"Fara\u00ed"},{"id":"886292","latitude":"38.10000000","longitude":"21.71666670","name":"Farrai"},{"id":"886299","latitude":"38.08333330","longitude":"21.58333330","name":"Fastena"},{"id":"886310","latitude":"37.95000000","longitude":"22.31666670","name":"Fene\u00f3s"},{"id":"886344","latitude":"37.85000000","longitude":"22.11666670","name":"F\u00edlia"},{"id":"886390","latitude":"38.03333330","longitude":"21.63333330","name":"Fioka"},{"id":"886414","latitude":"38.03333330","longitude":"22.00000000","name":"Fl\u00e1mboura"},{"id":"886416","latitude":"38.03333330","longitude":"22.00000000","name":"Fl\u00e1mbouras"},{"id":"886448","latitude":"38.03333330","longitude":"21.63333330","name":"Fl\u00f3ka"},{"id":"886453","latitude":"38.03333330","longitude":"21.63333330","name":"Fl\u00f3kas"},{"id":"886493","latitude":"37.91666670","longitude":"22.28333330","name":"Fonia"},{"id":"886494","latitude":"37.91666670","longitude":"22.28333330","name":"Foni\u00e1s"},{"id":"886495","latitude":"38.21666670","longitude":"22.06666670","name":"Foniskari\u00e1"},{"id":"886506","latitude":"38.08333330","longitude":"21.58333330","name":"F\u00f3staina"},{"id":"886562","latitude":"38.15000000","longitude":"22.30000000","name":"Fo\u00farnoi"},{"id":"886564","latitude":"38.15000000","longitude":"22.30000000","name":"Fo\u00farnos"},{"id":"886580","latitude":"38.08333330","longitude":"21.48333330","name":"Fr\u00e1nga"},{"id":"886594","latitude":"38.18333330","longitude":"21.43333330","name":"Frangoula\u00edika"},{"id":"886596","latitude":"38.18333330","longitude":"21.43333330","name":"Frangoul\u00e9\u00efka"},{"id":"886662","latitude":"38.15000000","longitude":"22.06666670","name":"Ft\u00e9ri"},{"id":"886771","latitude":"38.20000000","longitude":"22.11666670","name":"Gardhen\u00e1"},{"id":"886879","latitude":"38.16666670","longitude":"21.41666670","name":"Gerb\u00e1si"},{"id":"886882","latitude":"38.16666670","longitude":"21.41666670","name":"G\u00e9rbesi"},{"id":"886888","latitude":"38.13333330","longitude":"21.70000000","name":"Germbesa\u00edika"},{"id":"886889","latitude":"38.06666670","longitude":"21.90000000","name":"G\u00e9rmesi"},{"id":"886896","latitude":"38.13333330","longitude":"21.70000000","name":"Gerpes\u00e9\u00efka"},{"id":"886950","latitude":"38.21666670","longitude":"21.73333330","name":"Gl\u00e1vkos"},{"id":"887004","latitude":"38.00000000","longitude":"21.66666670","name":"Gol\u00e9mion"},{"id":"887013","latitude":"38.11666670","longitude":"21.50000000","name":"Gomost\u00f3n"},{"id":"887014","latitude":"38.11666670","longitude":"21.50000000","name":"Gomost\u00f3s"},{"id":"887070","latitude":"38.11666670","longitude":"21.46666670","name":"Gotsoul\u00e9\u00efka"},{"id":"887085","latitude":"38.15000000","longitude":"22.33333330","name":"Gouma\u00edika"},{"id":"887087","latitude":"38.15000000","longitude":"22.33333330","name":"Goume\u00efka"},{"id":"887091","latitude":"38.16666670","longitude":"21.68333330","name":"Goumenitsi\u00e1nika"},{"id":"887093","latitude":"38.01666670","longitude":"22.23333330","name":"Gounari\u00e1nika"},{"id":"887094","latitude":"38.01666670","longitude":"22.23333330","name":"Gounari\u00e1nnika"},{"id":"887105","latitude":"37.93333330","longitude":"22.33333330","name":"Go\u00fara"},{"id":"887133","latitude":"38.11666670","longitude":"21.63333330","name":"Gournokoumas\u00e9\u00efka"},{"id":"887140","latitude":"38.11666670","longitude":"21.93333330","name":"Gourzo\u00famisa"},{"id":"887143","latitude":"38.11666670","longitude":"21.46666670","name":"Goutsoula\u00edika"},{"id":"887161","latitude":"38.21666670","longitude":"21.96666670","name":"Gra\u00edkas"},{"id":"887217","latitude":"38.21666670","longitude":"21.96666670","name":"Gr\u00e9ka"},{"id":"887224","latitude":"37.98333330","longitude":"21.80000000","name":"Greven\u00e1"},{"id":"887239","latitude":"38.23333330","longitude":"21.98333330","name":"Grig\u00f3ri"},{"id":"887241","latitude":"38.23333330","longitude":"21.98333330","name":"Grig\u00f3ris"},{"id":"887265","latitude":"38.23333330","longitude":"21.98333330","name":"Gr\u00f3pa"},{"id":"887279","latitude":"38.11666670","longitude":"21.93333330","name":"Gurz\u00famisa"},{"id":"887312","latitude":"38.21666670","longitude":"22.03333330","name":"Haji"},{"id":"887472","latitude":"38.11666670","longitude":"21.56666670","name":"Ipsil\u00ed R\u00e1khi"},{"id":"887515","latitude":"38.10000000","longitude":"21.70000000","name":"\u00cdsari"},{"id":"887528","latitude":"38.10000000","longitude":"21.70000000","name":"\u00cdsoma"},{"id":"887559","latitude":"38.21666670","longitude":"21.71666670","name":"It\u00e9a"},{"id":"887624","latitude":"38.01666670","longitude":"21.76666670","name":"Kaitsa"},{"id":"887636","latitude":"38.05000000","longitude":"21.75000000","name":"Kakavoula\u00edika"},{"id":"887638","latitude":"38.01666670","longitude":"21.76666670","name":"K\u00e1kiza"},{"id":"887648","latitude":"38.20000000","longitude":"22.00000000","name":"Kakokhori\u00f3"},{"id":"887671","latitude":"38.28333330","longitude":"21.90000000","name":"Kak\u00f3valtos"},{"id":"887673","latitude":"38.28333330","longitude":"21.90000000","name":"Kak\u00f3vatos"},{"id":"887697","latitude":"38.16666670","longitude":"21.48333330","name":"Kalam\u00e1ki"},{"id":"887704","latitude":"38.10000000","longitude":"21.61666670","name":"Kalam\u00e1kion"},{"id":"887721","latitude":"38.15000000","longitude":"22.26666670","name":"Kalami\u00e1s"},{"id":"887773","latitude":"38.06666670","longitude":"21.85000000","name":"kalan\u00edstra"},{"id":"887774","latitude":"38.05000000","longitude":"21.85000000","name":"K\u00e1lanos"},{"id":"887793","latitude":"38.03222220","longitude":"22.11250000","name":"Kal\u00e1vrita"},{"id":"887796","latitude":"38.03222220","longitude":"22.11250000","name":"Kal\u00e1vryta"},{"id":"887809","latitude":"37.95000000","longitude":"21.76666670","name":"Kal\u00e9ntzi"},{"id":"887813","latitude":"37.95000000","longitude":"21.76666670","name":"Kal\u00e9ntzion"},{"id":"887822","latitude":"37.95000000","longitude":"21.76666670","name":"Kal\u00e9tzi"},{"id":"887876","latitude":"37.91666670","longitude":"22.16666670","name":"Kalivia Arboun\u00e9\u00efka"},{"id":"887892","latitude":"37.83333330","longitude":"22.10000000","name":"Kal\u00edvia Fil\u00edon"},{"id":"887908","latitude":"37.83333330","longitude":"22.10000000","name":"Kal\u00edvia"},{"id":"887925","latitude":"37.83333330","longitude":"22.16666670","name":"Kal\u00edvia Khelonospili\u00e1s"},{"id":"887926","latitude":"37.85000000","longitude":"22.08333330","name":"Kal\u00edvia Kok\u00f3vis"},{"id":"887934","latitude":"37.83333330","longitude":"22.16666670","name":"Kal\u00edvia Liko\u00fari"},{"id":"887939","latitude":"37.81666670","longitude":"22.15000000","name":"Kal\u00edvia Pangrat\u00edon"},{"id":"887940","latitude":"37.81666670","longitude":"22.15000000","name":"Kal\u00edvia Pangrat\u00edou"},{"id":"887946","latitude":"37.85000000","longitude":"22.08333330","name":"Kal\u00edvia Skot\u00e1nis"},{"id":"887951","latitude":"37.96666670","longitude":"22.08333330","name":"Kal\u00edvia Soudhen\u00f3n"},{"id":"887966","latitude":"38.13333330","longitude":"22.20000000","name":"Kaliv\u00edtion"},{"id":"887967","latitude":"38.13333330","longitude":"22.20000000","name":"Kaliv\u00edtis"},{"id":"887990","latitude":"37.95000000","longitude":"22.01666670","name":"Kallif\u00f3nion"},{"id":"888032","latitude":"38.15000000","longitude":"21.75000000","name":"Kallith\u00e9a"},{"id":"888040","latitude":"38.15000000","longitude":"21.75000000","name":"Kallith\u00e9a P\u00e1tron"},{"id":"888043","latitude":"38.16666670","longitude":"21.73333330","name":"Kallithe\u00f3kambos"},{"id":"888107","latitude":"38.06666670","longitude":"22.35000000","name":"Kalokithi\u00e1nika"},{"id":"888155","latitude":"38.03333330","longitude":"21.80000000","name":"Kalo\u00fasi"},{"id":"888156","latitude":"38.03333330","longitude":"21.80000000","name":"Kalo\u00fasion"},{"id":"888207","latitude":"37.91666670","longitude":"22.30000000","name":"Kalyvia"},{"id":"888212","latitude":"38.30000000","longitude":"22.00000000","name":"Kam\u00e1rai"},{"id":"888216","latitude":"38.30000000","longitude":"22.00000000","name":"Kam\u00e1rais"},{"id":"888304","latitude":"37.93333330","longitude":"21.96666670","name":"Kamenian\u00ed"},{"id":"888305","latitude":"37.93333330","longitude":"21.96666670","name":"Kameni\u00e1noi"},{"id":"888307","latitude":"38.13333330","longitude":"21.60000000","name":"Kamen\u00edtsa"},{"id":"888323","latitude":"38.15000000","longitude":"21.61666670","name":"Kam\u00ednia"},{"id":"888385","latitude":"38.13333330","longitude":"21.78333330","name":"K\u00e1ndalos"},{"id":"888389","latitude":"37.93333330","longitude":"22.05000000","name":"K\u00e1ndhalos"},{"id":"888403","latitude":"37.93333330","longitude":"22.05000000","name":"K\u00e1ndolos"},{"id":"888421","latitude":"37.90000000","longitude":"22.11666670","name":"K\u00e1ni"},{"id":"888422","latitude":"37.90000000","longitude":"22.11666670","name":"K\u00e1nion"},{"id":"888449","latitude":"38.13333330","longitude":"21.55000000","name":"K\u00e1peli"},{"id":"888496","latitude":"38.26666670","longitude":"21.83333330","name":"Kaps\u00e1lona"},{"id":"888535","latitude":"38.11666670","longitude":"21.50000000","name":"Kara\u00edika"},{"id":"888577","latitude":"38.10000000","longitude":"21.51666670","name":"Karamesina\u00edika"},{"id":"888578","latitude":"38.10000000","longitude":"21.51666670","name":"Karamesin\u00e9\u00efka"},{"id":"888579","latitude":"38.10000000","longitude":"21.51666670","name":"Karamessineika"},{"id":"888679","latitude":"38.11666670","longitude":"21.50000000","name":"Kar\u00e9\u00efka"},{"id":"888702","latitude":"38.10000000","longitude":"21.55000000","name":"Kari\u00e1"},{"id":"888772","latitude":"38.06666670","longitude":"21.73333330","name":"Karmokola\u00edika"},{"id":"888773","latitude":"38.06666670","longitude":"21.73333330","name":"Karmokol\u00e9\u00efka"},{"id":"888777","latitude":"37.90000000","longitude":"22.08333330","name":"Karn\u00e9si"},{"id":"888793","latitude":"38.08333330","longitude":"21.91666670","name":"Karo\u00fasi"},{"id":"888794","latitude":"38.08333330","longitude":"21.91666670","name":"Karo\u00fasion"},{"id":"888800","latitude":"38.41666670","longitude":"22.01666670","name":"Karo\u00fatia"},{"id":"888896","latitude":"38.10000000","longitude":"21.55000000","name":"Kasnesa\u00edika"},{"id":"888897","latitude":"38.10000000","longitude":"21.55000000","name":"Kasnese\u00efka"},{"id":"888901","latitude":"38.10000000","longitude":"21.55000000","name":"Kasnesseika"},{"id":"888968","latitude":"37.90000000","longitude":"22.05000000","name":"Kast\u00e9lli"},{"id":"888974","latitude":"37.90000000","longitude":"22.05000000","name":"Kast\u00e9llion"},{"id":"889004","latitude":"37.95000000","longitude":"22.13333330","name":"Kastr\u00eda"},{"id":"889036","latitude":"38.26666670","longitude":"21.83333330","name":"Kastr\u00edtsi"},{"id":"889042","latitude":"38.15000000","longitude":"22.20000000","name":"K\u00e1stro"},{"id":"889053","latitude":"38.15000000","longitude":"22.20000000","name":"K\u00e1stron"},{"id":"889136","latitude":"38.10000000","longitude":"21.83333330","name":"Katarr\u00e1ktis"},{"id":"889161","latitude":"38.13333330","longitude":"22.21666670","name":"Katholik\u00f3n"},{"id":"889169","latitude":"38.15000000","longitude":"21.55000000","name":"K\u00e1to Achagi\u00e1"},{"id":"889170","latitude":"38.15000000","longitude":"21.55000000","name":"Kato Achaia"},{"id":"889181","latitude":"38.15000000","longitude":"21.55000000","name":"K\u00e1to Akha\u00efa"},{"id":"889185","latitude":"38.13333330","longitude":"21.58333330","name":"K\u00e1to Aliss\u00f3s"},{"id":"889198","latitude":"38.25000000","longitude":"21.75000000","name":"K\u00e1to Ar\u00f3i"},{"id":"889204","latitude":"37.96666670","longitude":"21.70000000","name":"K\u00e1to Ay\u00eda Mar\u00edna"},{"id":"889211","latitude":"38.01666670","longitude":"21.56666670","name":"K\u00e1to Br\u00e1tion"},{"id":"889265","latitude":"38.06666670","longitude":"22.03333330","name":"K\u00e1to Goumenitsa"},{"id":"889281","latitude":"37.83333330","longitude":"22.10000000","name":"K\u00e1to Kal\u00edvia Fil\u00edon"},{"id":"889312","latitude":"38.28333330","longitude":"21.80000000","name":"K\u00e1to Kastr\u00edtsi"},{"id":"889313","latitude":"38.28333330","longitude":"21.80000000","name":"K\u00e1to Kastr\u00edtsion"},{"id":"889351","latitude":"37.85000000","longitude":"22.01666670","name":"K\u00e1to Kh\u00f3voli"},{"id":"889358","latitude":"37.90000000","longitude":"22.13333330","name":"K\u00e1to Klitor\u00eda"},{"id":"889407","latitude":"37.98333330","longitude":"22.13333330","name":"K\u00e1to Louso\u00ed"},{"id":"889421","latitude":"38.21666670","longitude":"22.06666670","name":"K\u00e1to Mavr\u00edkion"},{"id":"889423","latitude":"38.06666670","longitude":"21.65000000","name":"K\u00e1to Mazar\u00e1ki"},{"id":"889424","latitude":"38.06666670","longitude":"21.65000000","name":"K\u00e1to Mazar\u00e1kion"},{"id":"889499","latitude":"38.18333330","longitude":"22.26666670","name":"K\u00e1to Pl\u00e1tanos"},{"id":"889507","latitude":"38.10000000","longitude":"22.23333330","name":"K\u00e1to Potami\u00e1"},{"id":"889532","latitude":"38.26666670","longitude":"21.93333330","name":"K\u00e1to Salm\u00e9nikon"},{"id":"889533","latitude":"38.26666670","longitude":"21.93333330","name":"K\u00e1to Salmen\u00edkos"},{"id":"889542","latitude":"38.26666670","longitude":"21.76666670","name":"K\u00e1to Sikhain\u00e1"},{"id":"889550","latitude":"37.98333330","longitude":"22.13333330","name":"K\u00e1to Souden\u00e1"},{"id":"889551","latitude":"38.11666670","longitude":"21.60000000","name":"K\u00e1to Souden\u00e9\u00efka"},{"id":"889552","latitude":"37.98333330","longitude":"22.13333330","name":"K\u00e1to So\u00fadhena"},{"id":"889560","latitude":"38.05000000","longitude":"21.85000000","name":"Kato Spodiana"},{"id":"889565","latitude":"37.98333330","longitude":"22.35000000","name":"K\u00e1to Tarsin\u00f3n"},{"id":"889566","latitude":"37.98333330","longitude":"22.35000000","name":"K\u00e1to Tars\u00f3s"},{"id":"889613","latitude":"38.00000000","longitude":"21.91666670","name":"K\u00e1to Vlas\u00eda"},{"id":"889631","latitude":"38.10000000","longitude":"22.16666670","name":"K\u00e1to Zakhloro\u00fa"},{"id":"889639","latitude":"38.30000000","longitude":"21.98333330","name":"K\u00e1to Z\u00edria"},{"id":"889643","latitude":"38.08333330","longitude":"21.66666670","name":"Katsa\u00efta\u00edika"},{"id":"889644","latitude":"38.11666670","longitude":"21.90000000","name":"Katsait\u00e9\u00efka"},{"id":"889695","latitude":"38.11666670","longitude":"21.63333330","name":"Katsoula\u00edika"},{"id":"889767","latitude":"38.13333330","longitude":"22.21666670","name":"Kayiana\u00edika"},{"id":"889768","latitude":"38.13333330","longitude":"22.21666670","name":"Kayian\u00e9\u00efka"},{"id":"889957","latitude":"37.91666670","longitude":"21.93333330","name":"Keras\u00e9a"},{"id":"889969","latitude":"37.85000000","longitude":"22.15000000","name":"Kerasi\u00e1"},{"id":"889985","latitude":"37.91666670","longitude":"21.93333330","name":"Ker\u00e1sova"},{"id":"890006","latitude":"37.91666670","longitude":"21.93333330","name":"Ker\u00e9sova"},{"id":"890010","latitude":"38.20000000","longitude":"22.11666670","name":"Ker\u00ednia"},{"id":"890021","latitude":"38.13333330","longitude":"22.21666670","name":"Kern\u00edtsa"},{"id":"890022","latitude":"38.08333330","longitude":"22.10000000","name":"Kerpin\u00ed"},{"id":"890025","latitude":"37.98333330","longitude":"22.00000000","name":"K\u00e9rteza"},{"id":"890026","latitude":"37.98333330","longitude":"22.00000000","name":"K\u00e9rtezi"},{"id":"890041","latitude":"38.10000000","longitude":"21.66666670","name":"Kha\u00efk\u00e1li"},{"id":"890043","latitude":"38.10000000","longitude":"21.66666670","name":"Kha\u00efk\u00e1lion"},{"id":"890060","latitude":"38.11666670","longitude":"21.78333330","name":"Khalandr\u00edtsa"},{"id":"890080","latitude":"38.03333330","longitude":"22.26666670","name":"Khalik\u00e1kia"},{"id":"890097","latitude":"38.03333330","longitude":"22.26666670","name":"Khalki\u00e1nika"},{"id":"890117","latitude":"37.96666670","longitude":"22.11666670","name":"Kham\u00e1kou"},{"id":"890122","latitude":"38.10000000","longitude":"21.61666670","name":"Khambela\u00edika"},{"id":"890128","latitude":"38.06666670","longitude":"21.80000000","name":"Kham\u00f3keles"},{"id":"890129","latitude":"38.06666670","longitude":"21.80000000","name":"Khamok\u00e9lles"},{"id":"890152","latitude":"38.08333330","longitude":"21.90000000","name":"Kh\u00e1nia"},{"id":"890164","latitude":"37.81666670","longitude":"22.13333330","name":"Kh\u00e1ni Kotsol\u00e9ti"},{"id":"890170","latitude":"38.10000000","longitude":"21.73333330","name":"Khani Pr\u00e9veto"},{"id":"890175","latitude":"38.21666670","longitude":"22.03333330","name":"Khantz\u00ed"},{"id":"890179","latitude":"38.26666670","longitude":"21.81666670","name":"Khar\u00e1dhrion"},{"id":"890180","latitude":"38.26666670","longitude":"21.81666670","name":"Kh\u00e1radhron"},{"id":"890192","latitude":"37.96666670","longitude":"22.08333330","name":"Kharaktinoi"},{"id":"890193","latitude":"37.96666670","longitude":"22.08333330","name":"Kharaktin\u00f3s"},{"id":"890203","latitude":"38.10000000","longitude":"21.61666670","name":"Kharbil\u00e9\u00efka"},{"id":"890248","latitude":"38.21666670","longitude":"22.03333330","name":"Khatz\u00ed"},{"id":"890254","latitude":"38.21666670","longitude":"22.03333330","name":"Khatz\u00eds"},{"id":"890313","latitude":"38.01666670","longitude":"21.70000000","name":"Khi\u00f3na"},{"id":"890444","latitude":"37.86666670","longitude":"22.01666670","name":"Kh\u00f3voli"},{"id":"890445","latitude":"37.88333330","longitude":"21.90000000","name":"Kh\u00f3zova"},{"id":"890455","latitude":"38.05000000","longitude":"21.76666670","name":"Khrisavy\u00ed"},{"id":"890477","latitude":"38.05000000","longitude":"21.85000000","name":"Khrisopiy\u00ed"},{"id":"890598","latitude":"38.01666670","longitude":"21.73333330","name":"Kipar\u00edssi"},{"id":"890606","latitude":"38.01666670","longitude":"21.73333330","name":"Kipar\u00edssion"},{"id":"890670","latitude":"38.08333330","longitude":"22.03333330","name":"Kir\u00edtsova"},{"id":"890695","latitude":"38.36666670","longitude":"22.25000000","name":"K\u00edsseli"},{"id":"890740","latitude":"38.11666670","longitude":"22.08333330","name":"Klapatso\u00fana"},{"id":"890817","latitude":"37.90000000","longitude":"22.08333330","name":"Klitor\u00eda \u00c1no"},{"id":"890818","latitude":"37.88333330","longitude":"22.05000000","name":"Kl\u00edtor"},{"id":"890863","latitude":"38.16666670","longitude":"22.00000000","name":"Koinen\u00e1"},{"id":"890974","latitude":"37.85000000","longitude":"22.06666670","name":"K\u00f3kova"},{"id":"891029","latitude":"38.06666670","longitude":"22.35000000","name":"Kolokithi\u00e1nika"},{"id":"891054","latitude":"38.03333330","longitude":"21.88333330","name":"Kombig\u00e1dhi"},{"id":"891055","latitude":"38.03333330","longitude":"21.88333330","name":"Kombig\u00e1dhion"},{"id":"891056","latitude":"38.03333330","longitude":"21.90000000","name":"Kombig\u00e1dhion N\u00e9on"},{"id":"891072","latitude":"38.05000000","longitude":"21.66666670","name":"K\u00f3mi"},{"id":"891080","latitude":"38.05000000","longitude":"21.66666670","name":"K\u00f3mis"},{"id":"891269","latitude":"38.08333330","longitude":"22.03333330","name":"Korfa\u00ed"},{"id":"891274","latitude":"38.08333330","longitude":"22.03333330","name":"Korf\u00e9s"},{"id":"891317","latitude":"38.08333330","longitude":"21.73333330","name":"Kormokol\u00e9\u00efka"},{"id":"891439","latitude":"38.16666670","longitude":"21.85000000","name":"Kotsa\u00edika"},{"id":"891444","latitude":"38.16666670","longitude":"21.85000000","name":"Kots\u00e9\u00efka"},{"id":"891460","latitude":"38.06666670","longitude":"21.75000000","name":"Kotsokoula\u00edika"},{"id":"891461","latitude":"38.06666670","longitude":"21.75000000","name":"Kotsola\u00edika"},{"id":"891462","latitude":"38.06666670","longitude":"21.75000000","name":"Kotsol\u00e9\u00efka"},{"id":"891515","latitude":"38.21666670","longitude":"21.75000000","name":"Kouko\u00fali"},{"id":"891560","latitude":"38.23333330","longitude":"22.08333330","name":"Koulo\u00fara"},{"id":"891572","latitude":"38.05000000","longitude":"21.81666670","name":"Ko\u00famani"},{"id":"891584","latitude":"38.23333330","longitude":"22.03333330","name":"Ko\u00famari"},{"id":"891587","latitude":"38.05000000","longitude":"21.81666670","name":"Ko\u00famaris"},{"id":"891615","latitude":"38.13333330","longitude":"21.91666670","name":"Kounava\u00edika"},{"id":"891616","latitude":"38.13333330","longitude":"21.91666670","name":"Kounav\u00e9\u00efka"},{"id":"891621","latitude":"38.10000000","longitude":"21.63333330","name":"Kounela\u00edika"},{"id":"891622","latitude":"38.10000000","longitude":"21.63333330","name":"Kounel\u00e9\u00efka"},{"id":"891627","latitude":"38.16666670","longitude":"22.00000000","name":"Kounin\u00e1"},{"id":"891671","latitude":"38.10000000","longitude":"22.35000000","name":"Ko\u00faros"},{"id":"891722","latitude":"38.00000000","longitude":"22.00000000","name":"Ko\u00fatela"},{"id":"891723","latitude":"38.00000000","longitude":"22.00000000","name":"Ko\u00fateli"},{"id":"891782","latitude":"38.06666670","longitude":"21.80000000","name":"Kouts\u00f3ne\u00efka"},{"id":"891791","latitude":"38.06666670","longitude":"21.80000000","name":"Koutsouna\u00edika"},{"id":"891840","latitude":"38.10000000","longitude":"21.60000000","name":"Kr\u00e1lion"},{"id":"891841","latitude":"38.10000000","longitude":"21.60000000","name":"Kr\u00e1lli"},{"id":"891889","latitude":"37.98333330","longitude":"22.06666670","name":"Krastiko\u00ed"},{"id":"891933","latitude":"38.13333330","longitude":"21.71666670","name":"Kribs\u00edka"},{"id":"891962","latitude":"38.18333330","longitude":"21.75000000","name":"Kr\u00edni"},{"id":"891965","latitude":"37.86666670","longitude":"22.16666670","name":"Krin\u00f3fita"},{"id":"891967","latitude":"38.06666670","longitude":"21.50000000","name":"Kr\u00ednos"},{"id":"891985","latitude":"38.01666670","longitude":"21.98333330","name":"Krion\u00e9rion"},{"id":"892018","latitude":"38.15000000","longitude":"21.80000000","name":"Kristall\u00f3vrisi"},{"id":"892021","latitude":"38.03333330","longitude":"21.73333330","name":"Krithar\u00e1kia"},{"id":"892045","latitude":"38.21666670","longitude":"22.10000000","name":"Kr\u00f3kova"},{"id":"892234","latitude":"37.96666670","longitude":"22.05000000","name":"Lagovo\u00fani"},{"id":"892235","latitude":"37.96666670","longitude":"22.05000000","name":"Lagovo\u00fanion"},{"id":"892269","latitude":"38.20000000","longitude":"22.08333330","name":"L\u00e1kka"},{"id":"892279","latitude":"38.03333330","longitude":"21.86666670","name":"Lakk\u00f3mata"},{"id":"892280","latitude":"38.16666670","longitude":"21.45000000","name":"Lakk\u00f3petra"},{"id":"892298","latitude":"38.08333330","longitude":"21.76666670","name":"Lali\u00f3ti"},{"id":"892300","latitude":"38.05000000","longitude":"21.75000000","name":"L\u00e1losi"},{"id":"892303","latitude":"38.10000000","longitude":"21.71666670","name":"Lalouk\u00f3sta"},{"id":"892305","latitude":"38.05000000","longitude":"21.75000000","name":"L\u00e1lousi"},{"id":"892311","latitude":"38.26666670","longitude":"21.78333330","name":"Lamber\u00f3"},{"id":"892312","latitude":"38.26666670","longitude":"21.78333330","name":"Lamber\u00f3n"},{"id":"892322","latitude":"38.31666670","longitude":"21.98333330","name":"Lamb\u00edri"},{"id":"892325","latitude":"38.31666670","longitude":"21.98333330","name":"Lamb\u00edrion"},{"id":"892329","latitude":"38.10000000","longitude":"21.53333330","name":"Lambra\u00edika"},{"id":"892330","latitude":"38.10000000","longitude":"21.53333330","name":"Lambr\u00e9\u00efka"},{"id":"892383","latitude":"38.11666670","longitude":"21.96666670","name":"Lapanayo\u00ed"},{"id":"892384","latitude":"38.10000000","longitude":"21.41666670","name":"L\u00e1pas"},{"id":"892385","latitude":"38.05000000","longitude":"21.98333330","name":"L\u00e1pata"},{"id":"892386","latitude":"38.05000000","longitude":"21.98333330","name":"Lapates"},{"id":"892387","latitude":"38.05000000","longitude":"21.98333330","name":"Lap\u00e1thia"},{"id":"892392","latitude":"38.10000000","longitude":"21.41666670","name":"L\u00e1ppa"},{"id":"892417","latitude":"38.15000000","longitude":"21.83333330","name":"Lasta\u00edika"},{"id":"892438","latitude":"38.15000000","longitude":"21.83333330","name":"Latsa\u00edika"},{"id":"892439","latitude":"38.15000000","longitude":"21.83333330","name":"Lats\u00e9\u00efka"},{"id":"892520","latitude":"37.95000000","longitude":"21.93333330","name":"Lekho\u00fari"},{"id":"892521","latitude":"37.95000000","longitude":"21.93333330","name":"Lekho\u00farion"},{"id":"892543","latitude":"38.11666670","longitude":"21.93333330","name":"Le\u00f3ndi"},{"id":"892545","latitude":"38.11666670","longitude":"21.93333330","name":"Le\u00f3ndion"},{"id":"892605","latitude":"37.88333330","longitude":"21.98333330","name":"L\u00e9staina"},{"id":"892641","latitude":"38.11666670","longitude":"21.56666670","name":"L\u00e9vka"},{"id":"892648","latitude":"37.86666670","longitude":"22.11666670","name":"Levk\u00e1sion"},{"id":"892659","latitude":"37.93333330","longitude":"22.08333330","name":"L\u00e9vki"},{"id":"892683","latitude":"38.11666670","longitude":"21.56666670","name":"L\u00e9vkos"},{"id":"892697","latitude":"38.26666670","longitude":"21.83333330","name":"Liak\u00e9\u00efka"},{"id":"892735","latitude":"38.28333330","longitude":"21.96666670","name":"Lidhor\u00edkion"},{"id":"892801","latitude":"37.85000000","longitude":"22.21666670","name":"Likour\u00eda"},{"id":"892802","latitude":"37.85000000","longitude":"22.21666670","name":"Liko\u00fari"},{"id":"892865","latitude":"38.13333330","longitude":"21.46666670","name":"Limnokh\u00f3ri"},{"id":"892868","latitude":"38.13333330","longitude":"21.46666670","name":"Limnokh\u00f3rion"},{"id":"892896","latitude":"37.83333330","longitude":"22.31666670","name":"Li\u00f3mbezi"},{"id":"892959","latitude":"38.13333330","longitude":"22.31666670","name":"Lith\u00f3petra"},{"id":"893054","latitude":"37.93333330","longitude":"21.91666670","name":"Liv\u00e1rji"},{"id":"893055","latitude":"37.93333330","longitude":"21.91666670","name":"Livartz\u00ed"},{"id":"893056","latitude":"37.90000000","longitude":"21.91666670","name":"Livartzin\u00e1 Kal\u00edvia"},{"id":"893057","latitude":"37.93333330","longitude":"21.91666670","name":"Liv\u00e1rtzion"},{"id":"893070","latitude":"38.15000000","longitude":"21.73333330","name":"Liy\u00edai"},{"id":"893086","latitude":"38.13333330","longitude":"22.20000000","name":"L\u00f3fos"},{"id":"893092","latitude":"38.10000000","longitude":"21.55000000","name":"Logotheti"},{"id":"893093","latitude":"38.10000000","longitude":"21.55000000","name":"Logoth\u00e9tis"},{"id":"893134","latitude":"38.30000000","longitude":"22.01666670","name":"L\u00f3ngos"},{"id":"893138","latitude":"37.88333330","longitude":"21.91666670","name":"L\u00f3pesi"},{"id":"893140","latitude":"37.83333330","longitude":"22.31666670","name":"Lop\u00e9sion"},{"id":"893175","latitude":"38.11666670","longitude":"21.46666670","name":"Lo\u00fapos"},{"id":"893194","latitude":"38.11666670","longitude":"21.60000000","name":"Lousik\u00e1"},{"id":"893195","latitude":"37.96666670","longitude":"22.11666670","name":"Lousik\u00f3n"},{"id":"893339","latitude":"37.86666670","longitude":"22.06666670","name":"Makalo\u00faka"},{"id":"893493","latitude":"38.08333330","longitude":"21.76666670","name":"Mali\u00f3ti"},{"id":"893512","latitude":"37.86666670","longitude":"22.06666670","name":"Mamalo\u00faka"},{"id":"893516","latitude":"38.13333330","longitude":"22.15000000","name":"Mamousi\u00e1"},{"id":"893548","latitude":"38.15000000","longitude":"22.20000000","name":"Mandhil\u00e1s"},{"id":"893560","latitude":"38.15000000","longitude":"22.20000000","name":"M\u00e1ndiles"},{"id":"893604","latitude":"38.01666670","longitude":"21.96666670","name":"M\u00e1nesi"},{"id":"893606","latitude":"37.98333330","longitude":"21.66666670","name":"Man\u00e9sion"},{"id":"893610","latitude":"38.13333330","longitude":"21.53333330","name":"Maneta\u00edika"},{"id":"893611","latitude":"38.13333330","longitude":"21.53333330","name":"Manet\u00e9\u00efka"},{"id":"893648","latitude":"38.13333330","longitude":"21.53333330","name":"Manol\u00e9\u00efka"},{"id":"893687","latitude":"38.40000000","longitude":"22.01666670","name":"Marathi\u00e1"},{"id":"893690","latitude":"38.40000000","longitude":"22.01666670","name":"Marathi\u00e1s"},{"id":"893720","latitude":"38.41666670","longitude":"22.10000000","name":"Maraz\u00e1"},{"id":"893791","latitude":"38.15000000","longitude":"22.35000000","name":"M\u00e1rmara"},{"id":"893863","latitude":"37.96666670","longitude":"21.66666670","name":"Mastrand\u00f3nis"},{"id":"893904","latitude":"38.13333330","longitude":"22.38333330","name":"M\u00e1vra Lith\u00e1ria"},{"id":"893917","latitude":"38.15000000","longitude":"22.03333330","name":"Mavr\u00edkion"},{"id":"893979","latitude":"38.18333330","longitude":"21.38333330","name":"M\u00e1vron \u00d3ros"},{"id":"894015","latitude":"38.25000000","longitude":"21.96666670","name":"M\u00e1yira"},{"id":"894017","latitude":"38.25000000","longitude":"21.96666670","name":"M\u00e1yiras"},{"id":"894021","latitude":"37.90000000","longitude":"22.13333330","name":"Maza\u00edika"},{"id":"894029","latitude":"38.06666670","longitude":"21.65000000","name":"Mazar\u00e1ki"},{"id":"894036","latitude":"37.90000000","longitude":"22.13333330","name":"Maz\u00e9\u00efka"},{"id":"894045","latitude":"37.93333330","longitude":"22.18333330","name":"M\u00e1zi"},{"id":"894057","latitude":"38.06666670","longitude":"21.95000000","name":"M\u00e9ga Bondi\u00e1"},{"id":"894113","latitude":"38.06666670","longitude":"21.95000000","name":"Meg\u00e1li Poundi\u00e1"},{"id":"894185","latitude":"38.06666670","longitude":"21.95000000","name":"M\u00e9ga Pondi\u00e1s"},{"id":"894203","latitude":"38.06666670","longitude":"21.95000000","name":"M\u00e9gas Pondi\u00e1s"},{"id":"894278","latitude":"38.18333330","longitude":"22.06666670","name":"Mel\u00edssia"},{"id":"894333","latitude":"38.13333330","longitude":"21.76666670","name":"M\u00e9ndzena"},{"id":"894350","latitude":"38.03333330","longitude":"21.93333330","name":"Menikhta\u00edika"},{"id":"894356","latitude":"38.13333330","longitude":"21.76666670","name":"M\u00e9ntzaina"},{"id":"894382","latitude":"38.08333330","longitude":"21.50000000","name":"M\u00e9rteza"},{"id":"894383","latitude":"38.25000000","longitude":"22.01666670","name":"Mert\u00eddhi"},{"id":"894384","latitude":"38.25000000","longitude":"22.01666670","name":"Mert\u00eddhion"},{"id":"894397","latitude":"38.18333330","longitude":"21.38333330","name":"M\u00e9sa G\u00e9rbasi"},{"id":"894398","latitude":"38.18333330","longitude":"21.38333330","name":"M\u00e9sa G\u00e9rmbasi"},{"id":"894399","latitude":"38.18333330","longitude":"21.38333330","name":"M\u00e9sa Germb\u00e9sion"},{"id":"894402","latitude":"38.18333330","longitude":"21.38333330","name":"M\u00e9sa Gremb\u00e9sion"},{"id":"894419","latitude":"38.16666670","longitude":"21.41666670","name":"Mesa Paral\u00edmni"},{"id":"894464","latitude":"37.90000000","longitude":"22.33333330","name":"Mesin\u00f3"},{"id":"894465","latitude":"37.90000000","longitude":"22.33333330","name":"Mesin\u00f3n"},{"id":"894540","latitude":"38.01666670","longitude":"22.25000000","name":"Mesoro\u00fayia"},{"id":"894541","latitude":"38.01666670","longitude":"22.25000000","name":"Mesoro\u00fayi"},{"id":"894548","latitude":"38.01666670","longitude":"22.25000000","name":"Mesorro\u00fayion"},{"id":"894549","latitude":"38.26666670","longitude":"22.05000000","name":"Mesorrouyi\u00f3tika"},{"id":"894626","latitude":"38.13333330","longitude":"21.40000000","name":"Met\u00f3chi"},{"id":"894628","latitude":"38.13333330","longitude":"21.40000000","name":"Met\u00f3chion"},{"id":"894657","latitude":"38.13333330","longitude":"21.40000000","name":"Met\u00f3khi"},{"id":"894679","latitude":"38.13333330","longitude":"21.40000000","name":"Met\u00f3khion"},{"id":"894736","latitude":"37.85000000","longitude":"22.31666670","name":"Migdhal\u00e9za"},{"id":"894737","latitude":"37.86666670","longitude":"22.06666670","name":"Migdhali\u00e1"},{"id":"894740","latitude":"38.08333330","longitude":"21.90000000","name":"Mikhala\u00edika"},{"id":"894782","latitude":"38.06666670","longitude":"21.93333330","name":"Mikr\u00ed Poundi\u00e1"},{"id":"894859","latitude":"38.06666670","longitude":"21.93333330","name":"Mikr\u00f3n Pondi\u00e1s"},{"id":"894874","latitude":"38.06666670","longitude":"21.93333330","name":"Mikr\u00f3s Pondi\u00e1s"},{"id":"894881","latitude":"38.00000000","longitude":"21.71666670","name":"Mikroula\u00edika"},{"id":"894882","latitude":"38.00000000","longitude":"21.71666670","name":"Mikroul\u00e9\u00efka"},{"id":"894965","latitude":"38.21666670","longitude":"21.75000000","name":"M\u00edloi"},{"id":"894987","latitude":"38.40000000","longitude":"22.05000000","name":"Milos"},{"id":"894997","latitude":"38.18333330","longitude":"21.70000000","name":"Mindil\u00f3gli"},{"id":"894998","latitude":"38.18333330","longitude":"21.70000000","name":"Mindil\u00f3glion"},{"id":"895007","latitude":"38.18333330","longitude":"21.70000000","name":"Mintil\u00f3gli"},{"id":"895009","latitude":"38.10000000","longitude":"21.81666670","name":"Mir\u00e1li"},{"id":"895010","latitude":"38.10000000","longitude":"21.81666670","name":"Mir\u00e1lion"},{"id":"895012","latitude":"38.15000000","longitude":"21.85000000","name":"M\u00edra"},{"id":"895035","latitude":"38.25000000","longitude":"21.95000000","name":"Mir\u00f3vrisi"},{"id":"895036","latitude":"38.25000000","longitude":"21.95000000","name":"Mir\u00f3vrisis"},{"id":"895065","latitude":"38.08333330","longitude":"21.50000000","name":"M\u00edrtos"},{"id":"895097","latitude":"38.18333330","longitude":"21.68333330","name":"M\u00edtikas"},{"id":"895101","latitude":"38.06666670","longitude":"21.68333330","name":"Mit\u00f3polis"},{"id":"895122","latitude":"38.11666670","longitude":"21.66666670","name":"Moira\u00edika"},{"id":"895126","latitude":"38.15000000","longitude":"21.85000000","name":"Mo\u00edra"},{"id":"895130","latitude":"38.11666670","longitude":"21.66666670","name":"Moir\u00e9\u00efka"},{"id":"895196","latitude":"38.08333330","longitude":"22.35000000","name":"Monast\u00edrion"},{"id":"895212","latitude":"38.16666670","longitude":"21.68333330","name":"Monodh\u00e9ndhri"},{"id":"895216","latitude":"38.16666670","longitude":"21.68333330","name":"Monodh\u00e9ndrion"},{"id":"895261","latitude":"37.91666670","longitude":"21.86666670","name":"Mor\u00f3khova"},{"id":"895275","latitude":"37.88333330","longitude":"22.33333330","name":"Mosi\u00e1"},{"id":"895288","latitude":"37.90000000","longitude":"22.03333330","name":"Most\u00edtsi"},{"id":"895289","latitude":"37.90000000","longitude":"22.03333330","name":"Most\u00edtsion"},{"id":"895333","latitude":"38.05000000","longitude":"21.91666670","name":"Mour\u00edki"},{"id":"895335","latitude":"38.05000000","longitude":"21.91666670","name":"Mour\u00edkion"},{"id":"895339","latitude":"38.26666670","longitude":"22.05000000","name":"Mourl\u00e1"},{"id":"895483","latitude":"37.81666670","longitude":"22.00000000","name":"N\u00e1sia"},{"id":"895674","latitude":"38.36666670","longitude":"22.08333330","name":"N\u00e9a Trizon\u00eda"},{"id":"895679","latitude":"38.16666670","longitude":"22.23333330","name":"N\u00e9a Vo\u00fara"},{"id":"895825","latitude":"38.01666670","longitude":"21.60000000","name":"Neokh\u00f3rion"},{"id":"895873","latitude":"38.03333330","longitude":"21.90000000","name":"N\u00e9on Kombig\u00e1dhion"},{"id":"895915","latitude":"38.28333330","longitude":"22.00000000","name":"N\u00e9os Erine\u00f3s"},{"id":"895941","latitude":"38.16666670","longitude":"22.23333330","name":"N\u00e9o Vo\u00fara"},{"id":"895963","latitude":"38.26666670","longitude":"22.01666670","name":"Nerantzia\u00ed"},{"id":"895965","latitude":"38.26666670","longitude":"22.01666670","name":"Neratz\u00e9s"},{"id":"895989","latitude":"38.16666670","longitude":"21.70000000","name":"Neser\u00edtika"},{"id":"896011","latitude":"38.16666670","longitude":"21.70000000","name":"Nezer\u00edtika"},{"id":"896017","latitude":"38.15000000","longitude":"22.18333330","name":"Ni\u00e1mata"},{"id":"896027","latitude":"38.15000000","longitude":"21.51666670","name":"Nifora\u00edika"},{"id":"896043","latitude":"38.15000000","longitude":"21.51666670","name":"Nikifora\u00edika"},{"id":"896060","latitude":"38.20000000","longitude":"22.15000000","name":"Nikola\u00edika"},{"id":"896061","latitude":"38.20000000","longitude":"22.15000000","name":"Nikol\u00e9\u00efka"},{"id":"896090","latitude":"38.05000000","longitude":"21.78333330","name":"Niokh\u00f3ri"},{"id":"896173","latitude":"38.08333330","longitude":"22.33333330","name":"\u00d3asis"},{"id":"896192","latitude":"38.13333330","longitude":"22.36666670","name":"Oikonoma\u00edika"},{"id":"896349","latitude":"38.05000000","longitude":"22.01666670","name":"Orthol\u00edthion"},{"id":"896350","latitude":"38.05000000","longitude":"22.01666670","name":"Ortholithi"},{"id":"896388","latitude":"38.18333330","longitude":"21.71666670","name":"Ovri\u00e1"},{"id":"896427","latitude":"37.85000000","longitude":"21.98333330","name":"P\u00e1\u00efa"},{"id":"896476","latitude":"38.11666670","longitude":"21.65000000","name":"Palai\u00e1 Perist\u00e9ra"},{"id":"896581","latitude":"38.43333330","longitude":"22.06666670","name":"Palaiokh\u00f3rion"},{"id":"896692","latitude":"38.15000000","longitude":"22.28333330","name":"Palaiostaf\u00eddha"},{"id":"896788","latitude":"38.43333330","longitude":"22.06666670","name":"Paliokh\u00f3ri"},{"id":"896828","latitude":"38.15000000","longitude":"22.28333330","name":"Paliostaf\u00eddha"},{"id":"896897","latitude":"38.15000000","longitude":"21.83333330","name":"Pana\u00edika"},{"id":"896967","latitude":"38.15000000","longitude":"21.83333330","name":"Pan\u00e9\u00efka"},{"id":"896977","latitude":"37.81666670","longitude":"22.16666670","name":"Pangr\u00e1tion"},{"id":"896980","latitude":"37.81666670","longitude":"22.16666670","name":"Pangr\u00e1ti"},{"id":"896996","latitude":"37.91666670","longitude":"22.28333330","name":"Pan\u00f3rama"},{"id":"897002","latitude":"38.36666670","longitude":"22.25000000","name":"P\u00e1normon Dhor\u00eddhos"},{"id":"897003","latitude":"38.36666670","longitude":"22.25000000","name":"P\u00e1normon"},{"id":"897005","latitude":"38.36666670","longitude":"22.25000000","name":"P\u00e1normos"},{"id":"897021","latitude":"37.85000000","longitude":"21.98333330","name":"P\u00e1os"},{"id":"897043","latitude":"38.03333330","longitude":"21.70000000","name":"Papakosta\u00edika"},{"id":"897045","latitude":"38.08333330","longitude":"21.61666670","name":"Papanikola\u00edika"},{"id":"897047","latitude":"38.08333330","longitude":"21.61666670","name":"Papanikol\u00e9\u00efka"},{"id":"897116","latitude":"38.16666670","longitude":"22.35000000","name":"Paral\u00eda Akr\u00e1tas"},{"id":"897128","latitude":"38.20000000","longitude":"21.70000000","name":"Paral\u00eda"},{"id":"897132","latitude":"38.18333330","longitude":"22.26666670","name":"Paral\u00eda Plat\u00e1nou"},{"id":"897133","latitude":"38.16666670","longitude":"22.33333330","name":"Paral\u00eda Porov\u00edtsis"},{"id":"897134","latitude":"38.28333330","longitude":"21.76666670","name":"Paral\u00eda Proast\u00edou"},{"id":"897135","latitude":"38.40000000","longitude":"22.05000000","name":"Paral\u00eda Sergo\u00falas"},{"id":"897140","latitude":"38.06666670","longitude":"21.90000000","name":"Paral\u00edmni"},{"id":"897169","latitude":"38.18333330","longitude":"21.98333330","name":"Paraskev\u00ed"},{"id":"897259","latitude":"38.24444440","longitude":"21.73444440","name":"Patrae"},{"id":"897260","latitude":"38.24444440","longitude":"21.73444440","name":"P\u00e1trai"},{"id":"897261","latitude":"38.24444440","longitude":"21.73444440","name":"P\u00e1tra"},{"id":"897262","latitude":"38.24444440","longitude":"21.73444440","name":"Patras"},{"id":"897263","latitude":"38.24444440","longitude":"21.73444440","name":"Patrasse"},{"id":"897287","latitude":"38.16666670","longitude":"21.70000000","name":"Pavl\u00f3kastron"},{"id":"897428","latitude":"37.85000000","longitude":"22.16666670","name":"P\u00e9ra Khori\u00f3"},{"id":"897431","latitude":"38.13333330","longitude":"22.23333330","name":"P\u00e9ra Mahal\u00e1"},{"id":"897432","latitude":"38.13333330","longitude":"22.23333330","name":"P\u00e9ra Makhal\u00e1s"},{"id":"897508","latitude":"38.01666670","longitude":"22.25000000","name":"Perist\u00e9ra"},{"id":"897530","latitude":"38.03333330","longitude":"22.33333330","name":"Perith\u00f3rion"},{"id":"897532","latitude":"38.03333330","longitude":"22.33333330","name":"Perith\u00f3ri"},{"id":"897542","latitude":"38.21666670","longitude":"21.76666670","name":"Periv\u00f3la"},{"id":"897639","latitude":"38.13333330","longitude":"22.31666670","name":"Petr\u00e1lithi"},{"id":"897712","latitude":"38.16666670","longitude":"21.81666670","name":"Petrot\u00f3n"},{"id":"897718","latitude":"38.16666670","longitude":"21.81666670","name":"Petrot\u00f3"},{"id":"897740","latitude":"38.10000000","longitude":"22.03333330","name":"Pets\u00e1koi"},{"id":"897767","latitude":"37.86666670","longitude":"22.03333330","name":"P\u00e9vkon"},{"id":"897808","latitude":"38.20000000","longitude":"22.08333330","name":"Pig\u00e1dhia"},{"id":"897908","latitude":"38.16666670","longitude":"22.06666670","name":"Pirg\u00e1kion"},{"id":"897910","latitude":"38.16666670","longitude":"22.06666670","name":"Pirg\u00e1ki"},{"id":"897934","latitude":"38.11666670","longitude":"22.28333330","name":"P\u00edrgos"},{"id":"897998","latitude":"38.13333330","longitude":"21.56666670","name":"P\u00edso Sik\u00e9a"},{"id":"897999","latitude":"38.13333330","longitude":"21.56666670","name":"P\u00edso Siki\u00e1"},{"id":"898022","latitude":"38.26666670","longitude":"21.90000000","name":"Pit\u00edtsa"},{"id":"898084","latitude":"37.91666670","longitude":"21.86666670","name":"Pl\u00e1ka"},{"id":"898108","latitude":"38.10000000","longitude":"21.55000000","name":"Plandera\u00edika"},{"id":"898109","latitude":"37.93333330","longitude":"22.16666670","name":"Planit\u00e9ron"},{"id":"898160","latitude":"38.11666670","longitude":"22.08333330","name":"Platani\u00f3tissa"},{"id":"898172","latitude":"37.95000000","longitude":"21.85000000","name":"Platan\u00edtsa"},{"id":"898173","latitude":"38.11666670","longitude":"22.08333330","name":"Platanl\u00f3tissa"},{"id":"898179","latitude":"38.16666670","longitude":"22.26666670","name":"Platano"},{"id":"898192","latitude":"38.05000000","longitude":"21.86666670","name":"Pl\u00e1tanos"},{"id":"898203","latitude":"38.18333330","longitude":"22.26666670","name":"Plat\u00e1nou Paral\u00eda"},{"id":"898207","latitude":"38.13333330","longitude":"21.76666670","name":"Platan\u00f3vrisi"},{"id":"898381","latitude":"38.01666670","longitude":"21.55000000","name":"Pol\u00edlofon"},{"id":"898471","latitude":"38.06666670","longitude":"21.95000000","name":"Pondi\u00e1s M\u00e9gas"},{"id":"898472","latitude":"38.06666670","longitude":"21.93333330","name":"Pondi\u00e1s Mikr\u00f3s"},{"id":"898500","latitude":"37.93333330","longitude":"21.85000000","name":"Porets\u00f3"},{"id":"898501","latitude":"37.93333330","longitude":"21.85000000","name":"Poretz\u00f3"},{"id":"898517","latitude":"38.13333330","longitude":"22.31666670","name":"Porov\u00edtsa"},{"id":"898518","latitude":"38.16666670","longitude":"22.33333330","name":"Porov\u00edtsiana"},{"id":"898568","latitude":"37.83333330","longitude":"22.00000000","name":"Potami\u00e1"},{"id":"898582","latitude":"38.16666670","longitude":"22.31666670","name":"Potam\u00edtikos Yial\u00f3s"},{"id":"898626","latitude":"38.21666670","longitude":"21.81666670","name":"Pourkar\u00f3kastron"},{"id":"898632","latitude":"38.06666670","longitude":"21.51666670","name":"Pourn\u00e1rion"},{"id":"898636","latitude":"38.06666670","longitude":"21.51666670","name":"Pourn\u00e1ri"},{"id":"898637","latitude":"38.21666670","longitude":"21.81666670","name":"Pournar\u00f3kastron"},{"id":"898691","latitude":"38.08333330","longitude":"21.73333330","name":"Pr\u00e9vedhos"},{"id":"898719","latitude":"37.93333330","longitude":"22.03333330","name":"Pri\u00f3lithos"},{"id":"898730","latitude":"38.28333330","longitude":"21.76666670","name":"Pro\u00e1stion"},{"id":"898764","latitude":"38.06666670","longitude":"21.90000000","name":"Prof\u00edtis Il\u00edas"},{"id":"898842","latitude":"38.30000000","longitude":"21.98333330","name":"Provodh\u00f3"},{"id":"898843","latitude":"38.30000000","longitude":"21.98333330","name":"Provodh\u00f3s"},{"id":"898863","latitude":"38.23333330","longitude":"21.75000000","name":"Psarof\u00e1yiou"},{"id":"898911","latitude":"37.88333330","longitude":"21.90000000","name":"Psof\u00eds"},{"id":"898918","latitude":"37.88333330","longitude":"21.90000000","name":"Psor\u00eds"},{"id":"898946","latitude":"38.15000000","longitude":"22.06666670","name":"Pt\u00e9ri"},{"id":"898949","latitude":"38.23333330","longitude":"21.73333330","name":"Ptokhokom\u00edon"},{"id":"898955","latitude":"38.06666670","longitude":"21.51666670","name":"Purnari"},{"id":"899050","latitude":"38.11666670","longitude":"21.48333330","name":"R\u00e1khi"},{"id":"899062","latitude":"38.05000000","longitude":"22.31666670","name":"R\u00e1khova"},{"id":"899070","latitude":"38.11666670","longitude":"22.21666670","name":"Ral\u00e9\u00efka"},{"id":"899071","latitude":"38.11666670","longitude":"22.21666670","name":"Ralla\u00edika"},{"id":"899185","latitude":"38.30000000","longitude":"21.78333330","name":"Rhion"},{"id":"899212","latitude":"38.30000000","longitude":"21.78333330","name":"R\u00edon"},{"id":"899270","latitude":"38.21666670","longitude":"22.13333330","name":"Riz\u00f3milos"},{"id":"899307","latitude":"38.08333330","longitude":"21.83333330","name":"Rodhi\u00e1"},{"id":"899316","latitude":"38.26666670","longitude":"22.05000000","name":"Rodhodh\u00e1fni"},{"id":"899350","latitude":"38.08333330","longitude":"22.13333330","name":"Rogo\u00ed"},{"id":"899353","latitude":"38.25000000","longitude":"21.98333330","name":"Rog\u00f3zena"},{"id":"899358","latitude":"38.18333330","longitude":"21.68333330","name":"Roitika"},{"id":"899370","latitude":"38.23333330","longitude":"21.78333330","name":"Roman\u00f3s"},{"id":"899373","latitude":"38.23333330","longitude":"21.78333330","name":"Romano\u00fa"},{"id":"899465","latitude":"38.05000000","longitude":"21.58333330","name":"Rouvan\u00edtis"},{"id":"899469","latitude":"38.05000000","longitude":"21.58333330","name":"Rovian\u00edtis"},{"id":"899475","latitude":"38.18333330","longitude":"21.68333330","name":"Roy\u00edtika"},{"id":"899476","latitude":"38.08333330","longitude":"22.13333330","name":"Royo\u00ed"},{"id":"899520","latitude":"38.28333330","longitude":"21.96666670","name":"Sakourn\u00e1s"},{"id":"899538","latitude":"38.26666670","longitude":"21.93333330","name":"Salmen\u00edkon"},{"id":"899553","latitude":"38.10000000","longitude":"21.46666670","name":"Samallika\u00edika"},{"id":"899609","latitude":"38.05000000","longitude":"22.01666670","name":"Saradh\u00ed"},{"id":"899634","latitude":"38.03333330","longitude":"22.36666670","name":"Sarand\u00e1pikhon"},{"id":"899647","latitude":"38.18333330","longitude":"21.76666670","name":"Sarav\u00e1lion"},{"id":"899648","latitude":"38.18333330","longitude":"21.76666670","name":"Sarav\u00e1li"},{"id":"899699","latitude":"37.95000000","longitude":"22.01666670","name":"Savan\u00e1"},{"id":"899704","latitude":"38.10000000","longitude":"21.46666670","name":"Saya\u00edika"},{"id":"899705","latitude":"38.10000000","longitude":"21.46666670","name":"Say\u00e9\u00efka"},{"id":"899735","latitude":"38.05000000","longitude":"22.35000000","name":"Seli\u00e1na"},{"id":"899739","latitude":"38.28333330","longitude":"22.03333330","name":"Selian\u00edtika"},{"id":"899748","latitude":"38.21666670","longitude":"22.10000000","name":"Selino\u00fas"},{"id":"899752","latitude":"38.18333330","longitude":"22.13333330","name":"S\u00e9lisa"},{"id":"899758","latitude":"38.18333330","longitude":"22.13333330","name":"S\u00e9litsa"},{"id":"899764","latitude":"38.28333330","longitude":"21.88333330","name":"Sell\u00e1"},{"id":"899768","latitude":"38.05000000","longitude":"22.35000000","name":"Selli\u00e1na"},{"id":"899802","latitude":"38.41666670","longitude":"22.05000000","name":"Sergo\u00fala"},{"id":"899955","latitude":"37.93333330","longitude":"22.10000000","name":"Sigo\u00fanion"},{"id":"899956","latitude":"37.93333330","longitude":"22.10000000","name":"Sigo\u00fani"},{"id":"899988","latitude":"38.26666670","longitude":"21.76666670","name":"Sikhain\u00e1"},{"id":"900025","latitude":"38.16666670","longitude":"22.33333330","name":"Sil\u00edvaina"},{"id":"900026","latitude":"38.16666670","longitude":"22.33333330","name":"Silivaini\u00f3tika"},{"id":"900027","latitude":"38.16666670","longitude":"22.33333330","name":"Siliveni\u00f3tika"},{"id":"900054","latitude":"38.26666670","longitude":"22.00000000","name":"Sinani\u00e1"},{"id":"900070","latitude":"38.06666670","longitude":"22.33333330","name":"Sinevr\u00f3n"},{"id":"900071","latitude":"38.06666670","longitude":"22.33333330","name":"S\u00ednevro"},{"id":"900090","latitude":"38.13333330","longitude":"22.31666670","name":"Sinoikism\u00f3s Akho\u00faria"},{"id":"900100","latitude":"38.20000000","longitude":"22.05000000","name":"Sinoikism\u00f3s \u00c1yios Io\u00e1nnis"},{"id":"900165","latitude":"38.20000000","longitude":"22.08333330","name":"Sinoikismos Pig\u00e1dhia"},{"id":"900188","latitude":"38.11666670","longitude":"22.08333330","name":"Sinoikism\u00f3s Spartino\u00fa"},{"id":"900213","latitude":"38.23333330","longitude":"21.76666670","name":"Sinoikism\u00f3s Yirokom\u00edou"},{"id":"900223","latitude":"37.86666670","longitude":"21.95000000","name":"Sira\u00ed"},{"id":"900228","latitude":"37.93333330","longitude":"22.03333330","name":"Sirb\u00e1ni"},{"id":"900237","latitude":"37.93333330","longitude":"22.03333330","name":"Sirmb\u00e1ni"},{"id":"900286","latitude":"37.95000000","longitude":"22.31666670","name":"Siv\u00edsta"},{"id":"900350","latitude":"38.40000000","longitude":"22.05000000","name":"Sk\u00e1la S\u00e9rgoulas"},{"id":"900358","latitude":"38.11666670","longitude":"21.58333330","name":"Sk\u00e1la"},{"id":"900422","latitude":"38.05000000","longitude":"22.06666670","name":"Skepast\u00f3n"},{"id":"900481","latitude":"38.26666670","longitude":"21.78333330","name":"Ski\u00f3essa"},{"id":"900528","latitude":"38.16666670","longitude":"22.33333330","name":"Skl\u00edvaina"},{"id":"900568","latitude":"37.85000000","longitude":"22.06666670","name":"Skot\u00e1ni"},{"id":"900601","latitude":"37.85000000","longitude":"21.98333330","name":"Sko\u00fapi"},{"id":"900603","latitude":"37.85000000","longitude":"21.98333330","name":"Sko\u00fapoi"},{"id":"900703","latitude":"38.01666670","longitude":"22.25000000","name":"S\u00f3los"},{"id":"900712","latitude":"37.88333330","longitude":"22.01666670","name":"Sopot\u00f3n"},{"id":"900739","latitude":"38.00000000","longitude":"22.13333330","name":"Soudhen\u00e1 Theot\u00f3kou"},{"id":"900747","latitude":"38.03333330","longitude":"21.93333330","name":"Sougl\u00e9\u00efka"},{"id":"900758","latitude":"38.18333330","longitude":"21.81666670","name":"So\u00falion"},{"id":"900764","latitude":"38.01666670","longitude":"21.63333330","name":"So\u00fali"},{"id":"900786","latitude":"38.28333330","longitude":"21.96666670","name":"Sourko\u00fana"},{"id":"900798","latitude":"38.05000000","longitude":"21.70000000","name":"Souvaliota\u00edika"},{"id":"900799","latitude":"38.05000000","longitude":"21.70000000","name":"Souvaliot\u00e9\u00efka"},{"id":"900807","latitude":"38.11666670","longitude":"21.58333330","name":"Spaliara\u00edika"},{"id":"900808","latitude":"38.11666670","longitude":"21.58333330","name":"Spaliar\u00e9\u00efka"},{"id":"900810","latitude":"38.08333330","longitude":"21.46666670","name":"Spana\u00edika"},{"id":"900812","latitude":"38.08333330","longitude":"21.46666670","name":"Span\u00e9\u00efka"},{"id":"900828","latitude":"37.98333330","longitude":"21.80000000","name":"Sparti\u00e1"},{"id":"900835","latitude":"38.11666670","longitude":"22.08333330","name":"Spartino\u00fa"},{"id":"900845","latitude":"38.11666670","longitude":"21.56666670","name":"Sparto\u00fala"},{"id":"900914","latitude":"38.05000000","longitude":"21.85000000","name":"Spodhi\u00e1na"},{"id":"900915","latitude":"38.05000000","longitude":"21.85000000","name":"Spodhi\u00e1ni"},{"id":"900917","latitude":"38.11666670","longitude":"21.58333330","name":"Spoliar\u00e9\u00efka"},{"id":"900936","latitude":"38.16666670","longitude":"21.46666670","name":"Stamatopoula\u00edika"},{"id":"900954","latitude":"38.05000000","longitude":"21.75000000","name":"Starokh\u00f3rion"},{"id":"900955","latitude":"38.05000000","longitude":"21.75000000","name":"Starokh\u00f3ri"},{"id":"900977","latitude":"38.15000000","longitude":"22.16666670","name":"Stavri\u00e1"},{"id":"901032","latitude":"38.15000000","longitude":"21.66666670","name":"Stavr\u00f3s"},{"id":"901067","latitude":"38.13333330","longitude":"21.70000000","name":"Stef\u00e1ni"},{"id":"901074","latitude":"38.13333330","longitude":"21.56666670","name":"Stenaitika"},{"id":"901090","latitude":"37.95000000","longitude":"22.35000000","name":"Sten\u00f3n"},{"id":"901096","latitude":"37.95000000","longitude":"22.35000000","name":"Sten\u00f3"},{"id":"901203","latitude":"38.13333330","longitude":"21.46666670","name":"Stringl\u00e9\u00efka"},{"id":"901212","latitude":"38.21666670","longitude":"21.78333330","name":"Strof\u00edtsa"},{"id":"901266","latitude":"38.08333330","longitude":"22.33333330","name":"Svir\u00f3n"},{"id":"901267","latitude":"38.08333330","longitude":"22.33333330","name":"Sviro\u00fa"},{"id":"901411","latitude":"38.23333330","longitude":"22.11666670","name":"T\u00e9meni"},{"id":"901439","latitude":"38.26666670","longitude":"21.73333330","name":"Terpsith\u00e9a"},{"id":"901447","latitude":"38.26666670","longitude":"21.78333330","name":"Tet\u00e1yi"},{"id":"901469","latitude":"38.16666670","longitude":"21.71666670","name":"Th\u00e9a"},{"id":"901503","latitude":"38.01666670","longitude":"21.90000000","name":"Th\u00e9retron M\u00edkha"},{"id":"901508","latitude":"38.13333330","longitude":"21.63333330","name":"Therian\u00f3n"},{"id":"901509","latitude":"38.13333330","longitude":"21.63333330","name":"Therian\u00f3"},{"id":"901572","latitude":"38.10000000","longitude":"21.60000000","name":"Thoma\u00edika"},{"id":"901575","latitude":"38.10000000","longitude":"21.60000000","name":"Thom\u00e9\u00efka"},{"id":"901653","latitude":"38.36666670","longitude":"22.20000000","name":"Tolof\u00f3n"},{"id":"901671","latitude":"38.13333330","longitude":"21.83333330","name":"Top\u00f3lova"},{"id":"901672","latitude":"38.13333330","longitude":"21.83333330","name":"Top\u00f3lovo"},{"id":"901673","latitude":"38.13333330","longitude":"21.83333330","name":"Topolowa"},{"id":"901682","latitude":"38.03333330","longitude":"21.71666670","name":"T\u00f3skai"},{"id":"901697","latitude":"38.23333330","longitude":"21.98333330","name":"To\u00famba"},{"id":"901711","latitude":"37.98333330","longitude":"21.73333330","name":"Tourkokh\u00f3ri"},{"id":"901720","latitude":"37.88333330","longitude":"22.15000000","name":"Tourl\u00e1dha"},{"id":"901748","latitude":"38.28333330","longitude":"22.00000000","name":"Tragan\u00f3n"},{"id":"901775","latitude":"38.16666670","longitude":"22.23333330","name":"Tr\u00e1peza"},{"id":"901788","latitude":"38.03333330","longitude":"21.96666670","name":"Trekhl\u00f3n"},{"id":"901789","latitude":"38.03333330","longitude":"21.96666670","name":"Trekl\u00edstra"},{"id":"901894","latitude":"38.20000000","longitude":"22.16666670","name":"Tripi\u00e1"},{"id":"901935","latitude":"38.36666670","longitude":"22.08333330","name":"Trizon\u00eda"},{"id":"901950","latitude":"38.05000000","longitude":"21.76666670","name":"Trous\u00e1kion"},{"id":"901951","latitude":"38.05000000","longitude":"21.76666670","name":"Trous\u00e1ki"},{"id":"901952","latitude":"38.03333330","longitude":"21.75000000","name":"Tro\u00fasas"},{"id":"901953","latitude":"38.03333330","longitude":"21.75000000","name":"Tro\u00fasa"},{"id":"901985","latitude":"38.08333330","longitude":"21.46666670","name":"Tsak\u00f3nika"},{"id":"902004","latitude":"38.03333330","longitude":"21.55000000","name":"Tsangara\u00edika"},{"id":"902016","latitude":"38.16666670","longitude":"21.71666670","name":"Tsaplana\u00edika"},{"id":"902017","latitude":"38.16666670","longitude":"21.71666670","name":"Tsaplan\u00e9\u00efka"},{"id":"902036","latitude":"37.86666670","longitude":"22.03333330","name":"Tsaro\u00fakhlion"},{"id":"902037","latitude":"37.86666670","longitude":"22.03333330","name":"Tsaro\u00fakhli"},{"id":"902137","latitude":"38.15000000","longitude":"21.86666670","name":"Tsimb\u00e1ta"},{"id":"902177","latitude":"38.06666670","longitude":"22.23333330","name":"Tsivl\u00f3s"},{"id":"902186","latitude":"37.86666670","longitude":"22.11666670","name":"Tsorot\u00e1"},{"id":"902196","latitude":"38.15000000","longitude":"21.65000000","name":"Tsoukala\u00edika"},{"id":"902198","latitude":"38.15000000","longitude":"21.65000000","name":"Tsoukal\u00e9\u00efka"},{"id":"902254","latitude":"38.01666670","longitude":"21.60000000","name":"Tz\u00e1\u00eflon"},{"id":"902365","latitude":"38.16666670","longitude":"21.81666670","name":"Valato\u00fana"},{"id":"902371","latitude":"38.23333330","longitude":"22.13333330","name":"Valim\u00edtika"},{"id":"902372","latitude":"38.10000000","longitude":"22.28333330","name":"Valim\u00ed"},{"id":"902375","latitude":"38.11666670","longitude":"22.06666670","name":"V\u00e1litsa"},{"id":"902381","latitude":"38.13333330","longitude":"22.33333330","name":"Valkouv\u00edna"},{"id":"902382","latitude":"38.13333330","longitude":"22.33333330","name":"Valkov\u00edna"},{"id":"902397","latitude":"38.11666670","longitude":"22.06666670","name":"V\u00e1lta"},{"id":"902422","latitude":"37.91666670","longitude":"22.20000000","name":"V\u00e1ltos"},{"id":"902436","latitude":"38.11666670","longitude":"22.06666670","name":"V\u00e1ltsi"},{"id":"902522","latitude":"38.10000000","longitude":"21.48333330","name":"Varkhn\u00e9\u00efka"},{"id":"902549","latitude":"38.00000000","longitude":"22.26666670","name":"Varv\u00e1ra"},{"id":"902604","latitude":"38.11666670","longitude":"21.71666670","name":"Vasilik\u00f3n"},{"id":"902749","latitude":"38.06666670","longitude":"22.31666670","name":"Vel\u00e1"},{"id":"902751","latitude":"38.38333330","longitude":"22.11666670","name":"Velen\u00edkos"},{"id":"902772","latitude":"37.98333330","longitude":"21.76666670","name":"Velim\u00e1khion"},{"id":"902774","latitude":"37.98333330","longitude":"21.76666670","name":"Velim\u00e1khi"},{"id":"902786","latitude":"38.11666670","longitude":"22.11666670","name":"Veliv\u00edna"},{"id":"902787","latitude":"38.18333330","longitude":"21.75000000","name":"Vel\u00edzi"},{"id":"902822","latitude":"38.26666670","longitude":"21.81666670","name":"Velv\u00edtsion"},{"id":"902847","latitude":"38.08333330","longitude":"22.35000000","name":"Vergouv\u00edtsa"},{"id":"902848","latitude":"38.08333330","longitude":"22.35000000","name":"Vergov\u00edtsa"},{"id":"902852","latitude":"38.23333330","longitude":"21.96666670","name":"Ver\u00ednon"},{"id":"902855","latitude":"38.30000000","longitude":"21.80000000","name":"Vernardha\u00edika"},{"id":"902856","latitude":"38.30000000","longitude":"21.80000000","name":"Vernardh\u00e9\u00efka"},{"id":"902865","latitude":"37.86666670","longitude":"21.95000000","name":"Vers\u00edtsi"},{"id":"902866","latitude":"38.10000000","longitude":"22.33333330","name":"Versov\u00e1"},{"id":"902883","latitude":"37.83333330","longitude":"22.00000000","name":"Vesin\u00e9\u00efka Kal\u00edvia"},{"id":"902884","latitude":"37.83333330","longitude":"21.98333330","name":"Ves\u00ednion"},{"id":"902885","latitude":"37.83333330","longitude":"21.98333330","name":"Ves\u00edni"},{"id":"902886","latitude":"38.10000000","longitude":"21.53333330","name":"Veskouka\u00edika"},{"id":"902887","latitude":"38.10000000","longitude":"21.53333330","name":"Veskouk\u00e9\u00efka"},{"id":"902892","latitude":"38.15000000","longitude":"21.90000000","name":"Veta\u00edika"},{"id":"902907","latitude":"38.36666670","longitude":"22.28333330","name":"V\u00eddhavi"},{"id":"902913","latitude":"38.16666670","longitude":"21.48333330","name":"V\u00eddhova"},{"id":"902926","latitude":"37.91666670","longitude":"22.31666670","name":"V\u00edlia"},{"id":"902929","latitude":"38.11666670","longitude":"22.11666670","name":"Viliv\u00edna"},{"id":"902936","latitude":"37.91666670","longitude":"22.31666670","name":"V\u00edllia"},{"id":"902959","latitude":"38.05000000","longitude":"22.06666670","name":"Visok\u00e1"},{"id":"902983","latitude":"38.15000000","longitude":"21.90000000","name":"Vit\u00e9\u00efka"},{"id":"902986","latitude":"38.06666670","longitude":"21.55000000","name":"Vitho\u00falkas"},{"id":"902996","latitude":"38.36666670","longitude":"22.20000000","name":"Vitrin\u00edtsa"},{"id":"903013","latitude":"38.10000000","longitude":"22.10000000","name":"Viz\u00e9la"},{"id":"903031","latitude":"38.11666670","longitude":"21.51666670","name":"Vlakha\u00edika"},{"id":"903036","latitude":"38.11666670","longitude":"21.51666670","name":"Vlakh\u00e9\u00efka"},{"id":"903107","latitude":"38.10000000","longitude":"22.36666670","name":"Vlovok\u00e1"},{"id":"903189","latitude":"38.24861110","longitude":"22.08194440","name":"Vost\u00edtsa"},{"id":"903190","latitude":"38.24861110","longitude":"22.08194440","name":"Vostitza"},{"id":"903191","latitude":"38.24861110","longitude":"22.08194440","name":"Vostizza"},{"id":"903197","latitude":"38.26666670","longitude":"21.91666670","name":"Vot\u00e9ni"},{"id":"903214","latitude":"38.26666670","longitude":"21.78333330","name":"Voud\u00e9ni"},{"id":"903239","latitude":"38.01666670","longitude":"22.26666670","name":"Voun\u00e1kion"},{"id":"903240","latitude":"38.01666670","longitude":"22.26666670","name":"Voun\u00e1ki"},{"id":"903244","latitude":"38.26666670","longitude":"21.78333330","name":"Voundeni"},{"id":"903262","latitude":"38.21666670","longitude":"21.90000000","name":"Voun\u00f3pirgos"},{"id":"903307","latitude":"38.13333330","longitude":"22.28333330","name":"Vo\u00fatimon"},{"id":"903319","latitude":"38.13333330","longitude":"22.28333330","name":"Vo\u00fatsimon"},{"id":"903320","latitude":"38.13333330","longitude":"22.28333330","name":"Vo\u00fatsimos"},{"id":"903337","latitude":"38.21666670","longitude":"22.06666670","name":"V\u00f3voda"},{"id":"903338","latitude":"38.21666670","longitude":"22.06666670","name":"V\u00f3vodha"},{"id":"903358","latitude":"38.16666670","longitude":"21.66666670","name":"Vrakhna\u00edika"},{"id":"903360","latitude":"38.16666670","longitude":"21.66666670","name":"Vrakhn\u00e9\u00efka"},{"id":"903397","latitude":"38.13333330","longitude":"22.20000000","name":"Vr\u00e9staina"},{"id":"903427","latitude":"38.06666670","longitude":"22.03333330","name":"Vris\u00e1rion"},{"id":"903500","latitude":"38.13333330","longitude":"22.20000000","name":"Vr\u00f3staina"},{"id":"903501","latitude":"37.91666670","longitude":"22.13333330","name":"Vr\u00f3stena"},{"id":"903502","latitude":"37.91666670","longitude":"22.13333330","name":"Vr\u00f3sthaina"},{"id":"903536","latitude":"38.10000000","longitude":"21.53333330","name":"Weskukeika"},{"id":"903538","latitude":"38.13333330","longitude":"21.91666670","name":"Witeika"},{"id":"903729","latitude":"38.25000000","longitude":"22.00000000","name":"Y\u00e9fira"},{"id":"903775","latitude":"38.05000000","longitude":"21.93333330","name":"Yeorya\u00edika"},{"id":"903776","latitude":"38.05000000","longitude":"21.93333330","name":"Yeory\u00e9\u00efka"},{"id":"903837","latitude":"37.95000000","longitude":"21.85000000","name":"Yermots\u00e1ni"},{"id":"903855","latitude":"38.10000000","longitude":"21.46666670","name":"Yerousa\u00edika"},{"id":"903856","latitude":"38.10000000","longitude":"21.46666670","name":"Yerous\u00e9\u00efka"},{"id":"903861","latitude":"38.05000000","longitude":"21.55000000","name":"Yiakhal\u00e9\u00efka"},{"id":"903926","latitude":"38.06666670","longitude":"21.66666670","name":"Yianopoula\u00edika"},{"id":"903948","latitude":"38.08333330","longitude":"21.50000000","name":"Yioula\u00edika"},{"id":"903949","latitude":"38.08333330","longitude":"21.50000000","name":"Yioul\u00e9\u00efka"},{"id":"903958","latitude":"38.23333330","longitude":"21.76666670","name":"Yirokom\u00edon"},{"id":"903959","latitude":"38.23333330","longitude":"21.76666670","name":"Yirokomi\u00f3u"},{"id":"904010","latitude":"38.18333330","longitude":"22.18333330","name":"Zakhlor\u00edtika"},{"id":"904062","latitude":"37.98333330","longitude":"22.26666670","name":"Zaro\u00fakhla"},{"id":"904064","latitude":"38.21666670","longitude":"21.81666670","name":"Z\u00e1sova"},{"id":"904067","latitude":"38.21666670","longitude":"21.81666670","name":"Z\u00e1stova"},{"id":"904072","latitude":"38.25000000","longitude":"21.75000000","name":"Zavl\u00e1ni"},{"id":"904137","latitude":"37.83333330","longitude":"22.11666670","name":"Zevgolat\u00edon"},{"id":"904184","latitude":"38.30000000","longitude":"21.98333330","name":"Z\u00edria"},{"id":"904197","latitude":"38.06666670","longitude":"21.75000000","name":"Z\u00f3gas"},{"id":"904198","latitude":"38.06666670","longitude":"21.75000000","name":"Z\u00f3ga"},{"id":"904237","latitude":"38.15000000","longitude":"21.86666670","name":"Zoumb\u00e1ta"}]