[{"id":"881039","latitude":"38.88333330","longitude":"23.05000000","name":"Aedipsos"},{"id":"881040","latitude":"38.76666670","longitude":"23.31666670","name":"Aegae"},{"id":"881076","latitude":"38.01666670","longitude":"24.45000000","name":"A\u00ebt\u00f3s"},{"id":"881096","latitude":"38.45000000","longitude":"23.68333330","name":"Afr\u00e1ti"},{"id":"881098","latitude":"38.45000000","longitude":"23.68333330","name":"Afr\u00e1tion"},{"id":"881129","latitude":"38.11666670","longitude":"24.50000000","name":"Agath\u00f3"},{"id":"881130","latitude":"38.11666670","longitude":"24.50000000","name":"Agath\u00f3n"},{"id":"881131","latitude":"38.11666670","longitude":"24.50000000","name":"Agath\u00f3s"},{"id":"881132","latitude":"38.96666670","longitude":"23.30000000","name":"Agdh\u00ednai"},{"id":"881133","latitude":"38.96666670","longitude":"23.30000000","name":"Agdh\u00ednes"},{"id":"881136","latitude":"37.96666670","longitude":"24.48333330","name":"Aghia Eirene"},{"id":"881416","latitude":"39.01666670","longitude":"23.30000000","name":"Agriov\u00f3tanon"},{"id":"881438","latitude":"38.88333330","longitude":"23.05000000","name":"Aidhips\u00f3s"},{"id":"881439","latitude":"38.88333330","longitude":"23.05000000","name":"Aidhipso\u00fa"},{"id":"881557","latitude":"38.90000000","longitude":"23.40000000","name":"Akhl\u00e1dhi"},{"id":"881563","latitude":"38.90000000","longitude":"23.40000000","name":"Akhl\u00e1dhion"},{"id":"881633","latitude":"38.15000000","longitude":"24.35000000","name":"Akta\u00edon"},{"id":"881702","latitude":"38.08333330","longitude":"24.33333330","name":"Al\u00e9xi"},{"id":"881703","latitude":"38.08333330","longitude":"24.33333330","name":"Al\u00e9xis"},{"id":"881762","latitude":"38.08333330","longitude":"24.33333330","name":"All\u00e9xi"},{"id":"881848","latitude":"38.40000000","longitude":"23.88333330","name":"Am\u00e1rinthos"},{"id":"881917","latitude":"38.86666670","longitude":"23.36666670","name":"Am\u00e9landa"},{"id":"881918","latitude":"38.86666670","longitude":"23.36666670","name":"Am\u00e9landai"},{"id":"881919","latitude":"38.86666670","longitude":"23.36666670","name":"Am\u00e9landes"},{"id":"881929","latitude":"38.55000000","longitude":"23.78333330","name":"Amfith\u00e9a"},{"id":"881938","latitude":"38.11666670","longitude":"24.58333330","name":"Amigdhal\u00e9a"},{"id":"881948","latitude":"38.11666670","longitude":"24.58333330","name":"Amigdhali\u00e1"},{"id":"882104","latitude":"38.05000000","longitude":"24.53333330","name":"\u00c1nda"},{"id":"882116","latitude":"38.61666670","longitude":"24.05000000","name":"Andhroni\u00e1noi"},{"id":"882117","latitude":"38.05000000","longitude":"24.53333330","name":"Andi\u00e1"},{"id":"882118","latitude":"38.05000000","longitude":"24.53333330","name":"Andi\u00e1s"},{"id":"882151","latitude":"38.61666670","longitude":"24.05000000","name":"Androni\u00e1noi"},{"id":"882239","latitude":"38.11666670","longitude":"24.21666670","name":"Animbori\u00f3"},{"id":"882250","latitude":"38.01666670","longitude":"24.45000000","name":"\u00c1no A\u00ebt\u00f3s"},{"id":"882357","latitude":"38.85000000","longitude":"23.11666670","name":"\u00c1no \u00cdlia"},{"id":"882443","latitude":"38.58333330","longitude":"24.08333330","name":"\u00c1no Kouro\u00fanion"},{"id":"882472","latitude":"38.43333330","longitude":"23.90000000","name":"\u00c1no M\u00e1moula"},{"id":"882491","latitude":"38.55000000","longitude":"23.90000000","name":"\u00c1no M\u00edstros"},{"id":"882537","latitude":"38.60000000","longitude":"24.10000000","name":"\u00c1no Potami\u00e1"},{"id":"882561","latitude":"38.53333330","longitude":"23.91666670","name":"\u00c1no S\u00e9ta"},{"id":"882619","latitude":"38.40000000","longitude":"23.91666670","name":"\u00c1no V\u00e1thia"},{"id":"882709","latitude":"38.05000000","longitude":"24.53333330","name":"Anti\u00e1"},{"id":"882965","latitude":"38.75000000","longitude":"23.40000000","name":"Arkh\u00e1ngelos"},{"id":"883065","latitude":"39.01666670","longitude":"23.23333330","name":"Artem\u00edsion"},{"id":"883175","latitude":"39.00000000","longitude":"23.20000000","name":"Asm\u00edni"},{"id":"883176","latitude":"39.00000000","longitude":"23.20000000","name":"Asm\u00ednion"},{"id":"883366","latitude":"38.95000000","longitude":"23.18333330","name":"Avgari\u00e1"},{"id":"883400","latitude":"38.50000000","longitude":"24.13333330","name":"Avlonari"},{"id":"883401","latitude":"38.50000000","longitude":"24.13333330","name":"Avlon\u00e1rion"},{"id":"883441","latitude":"38.08333330","longitude":"24.28333330","name":"Ay\u00eda Aikater\u00edni"},{"id":"883446","latitude":"38.86666670","longitude":"23.40000000","name":"Ay\u00eda \u00c1nna"},{"id":"883469","latitude":"37.96666670","longitude":"24.48333330","name":"Ay\u00eda Ir\u00edni"},{"id":"883474","latitude":"38.03333330","longitude":"24.31666670","name":"Ay\u00eda It\u00edni"},{"id":"883482","latitude":"38.03333330","longitude":"24.41666670","name":"Ay\u00eda Kiriak\u00ed"},{"id":"883494","latitude":"38.03333330","longitude":"24.31666670","name":"Ay\u00eda Mar\u00edna"},{"id":"883507","latitude":"38.83333330","longitude":"23.25000000","name":"Ayiann\u00e1kos"},{"id":"883525","latitude":"38.96666670","longitude":"23.16666670","name":"Ay\u00eda Paraskev\u00ed"},{"id":"883538","latitude":"38.90000000","longitude":"23.06666670","name":"\u00c1yias"},{"id":"883560","latitude":"38.51666670","longitude":"24.10000000","name":"Ay\u00eda Th\u00e9kla"},{"id":"883562","latitude":"38.51666670","longitude":"24.10000000","name":"Ay\u00eda Th\u00e9kli"},{"id":"883594","latitude":"38.83333330","longitude":"23.25000000","name":"Ayinn\u00e1kos"},{"id":"883631","latitude":"38.90000000","longitude":"23.13333330","name":"\u00c1yioi The\u00f3dhoroi"},{"id":"883708","latitude":"38.90000000","longitude":"23.06666670","name":"\u00c1yios"},{"id":"883725","latitude":"38.10000000","longitude":"24.43333330","name":"\u00c1yios Dhim\u00edtrios"},{"id":"883738","latitude":"38.01666670","longitude":"24.55000000","name":"\u00c1yios Evstr\u00e1tios"},{"id":"883761","latitude":"38.45000000","longitude":"24.00000000","name":"\u00c1yios Io\u00e1nnis"},{"id":"883851","latitude":"38.41666670","longitude":"23.65000000","name":"\u00c1yios Nik\u00f3laos"},{"id":"883862","latitude":"38.90000000","longitude":"23.03333330","name":"Ayios Nik\u00f3laos V\u00e1rvaras"},{"id":"883934","latitude":"38.85000000","longitude":"23.30000000","name":"\u00c1yios Vas\u00edlios"},{"id":"883967","latitude":"38.50000000","longitude":"24.08333330","name":"\u00c1yios Ye\u00f3ryios"},{"id":"884001","latitude":"38.10000000","longitude":"24.48333330","name":"Bab\u00e1"},{"id":"884002","latitude":"38.10000000","longitude":"24.48333330","name":"Bab\u00e1dhes"},{"id":"884082","latitude":"38.10000000","longitude":"24.48333330","name":"Bamb\u00e1"},{"id":"884150","latitude":"38.06666670","longitude":"24.35000000","name":"Batha\u00edoi"},{"id":"884151","latitude":"38.06666670","longitude":"24.35000000","name":"Batha\u00edos"},{"id":"884161","latitude":"38.11666670","longitude":"24.30000000","name":"Bayi\u00e1tion"},{"id":"884237","latitude":"38.08333330","longitude":"24.38333330","name":"Bez\u00e1no"},{"id":"884238","latitude":"38.08333330","longitude":"24.38333330","name":"Bez\u00e1noi"},{"id":"884395","latitude":"38.40000000","longitude":"23.63333330","name":"Bo\u00fardzi"},{"id":"884425","latitude":"38.11666670","longitude":"24.30000000","name":"Boyi\u00e1ti"},{"id":"884449","latitude":"38.31666670","longitude":"23.53333330","name":"Br\u00e1tsi"},{"id":"884485","latitude":"38.18333330","longitude":"24.20000000","name":"B\u00farbuli"},{"id":"884486","latitude":"38.40000000","longitude":"23.63333330","name":"B\u00farji"},{"id":"884529","latitude":"38.46361110","longitude":"23.59944440","name":"Chalcis"},{"id":"884541","latitude":"38.46361110","longitude":"23.59944440","name":"Chalk\u00edda"},{"id":"884545","latitude":"38.46361110","longitude":"23.59944440","name":"Chalk\u00eds"},{"id":"884880","latitude":"38.80000000","longitude":"23.35000000","name":"Dh\u00e1fni"},{"id":"884934","latitude":"38.81666670","longitude":"23.26666670","name":"Dhami\u00e1"},{"id":"885027","latitude":"38.61666670","longitude":"24.06666670","name":"Dh\u00e9ndra"},{"id":"885142","latitude":"38.35000000","longitude":"23.66666670","name":"Dh\u00edlesi"},{"id":"885146","latitude":"38.35000000","longitude":"23.66666670","name":"Dh\u00edlion"},{"id":"885214","latitude":"38.56666670","longitude":"24.06666670","name":"Dhirr\u00e9vmata"},{"id":"885244","latitude":"38.46666670","longitude":"23.65000000","name":"Dhok\u00f3s"},{"id":"885367","latitude":"38.08333330","longitude":"24.56666670","name":"Dhr\u00e1mesi"},{"id":"885369","latitude":"38.08333330","longitude":"24.56666670","name":"Dhram\u00e9sion"},{"id":"885387","latitude":"38.71666670","longitude":"23.45000000","name":"Dhr\u00e1zi"},{"id":"885388","latitude":"38.71666670","longitude":"23.45000000","name":"Dhr\u00e1zion"},{"id":"885418","latitude":"38.85000000","longitude":"23.28333330","name":"Dhrim\u00f3na"},{"id":"885466","latitude":"38.48333330","longitude":"23.55000000","name":"Dhrosi\u00e1"},{"id":"885677","latitude":"38.48333330","longitude":"23.55000000","name":"Drossi\u00e1"},{"id":"885728","latitude":"38.13333330","longitude":"24.36666670","name":"Ek\u00e1li"},{"id":"885769","latitude":"38.51666670","longitude":"24.15000000","name":"Ela\u00eda"},{"id":"885782","latitude":"38.21666670","longitude":"24.25000000","name":"Elaiokh\u00f3rion"},{"id":"885790","latitude":"38.01666670","longitude":"24.53333330","name":"Elai\u00f3n"},{"id":"885904","latitude":"39.00000000","longitude":"23.33333330","name":"Ellinik\u00e1"},{"id":"885973","latitude":"38.61666670","longitude":"24.11666670","name":"Enor\u00eda"},{"id":"885996","latitude":"38.03333330","longitude":"24.50000000","name":"Epanokh\u00f3rion"},{"id":"886036","latitude":"38.55000000","longitude":"24.05000000","name":"Episkop\u00ed"},{"id":"886082","latitude":"38.40000000","longitude":"23.80000000","name":"Er\u00e9tria"},{"id":"886129","latitude":"38.46361110","longitude":"23.59944440","name":"Euripos"},{"id":"886137","latitude":"38.08333330","longitude":"24.56666670","name":"Evangelism\u00f3s"},{"id":"886143","latitude":"38.01666670","longitude":"24.53333330","name":"Evangel\u00edstria"},{"id":"886273","latitude":"38.78333330","longitude":"23.40000000","name":"Far\u00e1kla"},{"id":"886289","latitude":"38.40000000","longitude":"23.61666670","name":"F\u00e1ros"},{"id":"886320","latitude":"38.10000000","longitude":"24.25000000","name":"Fig\u00f3ndas"},{"id":"886372","latitude":"38.43333330","longitude":"23.68333330","name":"F\u00edlla"},{"id":"886411","latitude":"38.08333330","longitude":"24.31666670","name":"Fiyi\u00e1s"},{"id":"886560","latitude":"38.80000000","longitude":"23.50000000","name":"Fo\u00farnoi"},{"id":"886623","latitude":"38.08333330","longitude":"24.38333330","name":"Fr\u00edgani"},{"id":"886624","latitude":"38.08333330","longitude":"24.38333330","name":"Frig\u00e1nion"},{"id":"886677","latitude":"38.53333330","longitude":"24.05000000","name":"G\u00e1\u00efa"},{"id":"886684","latitude":"38.08333330","longitude":"24.36666670","name":"Gal\u00e1na"},{"id":"886718","latitude":"38.88333330","longitude":"23.16666670","name":"Galats\u00e1dhes"},{"id":"886721","latitude":"38.96666670","longitude":"23.23333330","name":"Galats\u00f3na"},{"id":"886722","latitude":"38.96666670","longitude":"23.23333330","name":"Galatz\u00f3na"},{"id":"886740","latitude":"38.88333330","longitude":"23.16666670","name":"Galits\u00e1dhes"},{"id":"886749","latitude":"38.13333330","longitude":"24.53333330","name":"G\u00e1lpidhes"},{"id":"886752","latitude":"38.55000000","longitude":"24.05000000","name":"Gam\u00e9a"},{"id":"886760","latitude":"38.55000000","longitude":"24.05000000","name":"Gan\u00e9a"},{"id":"886899","latitude":"38.13333330","longitude":"24.53333330","name":"Gi\u00e1lpidhes"},{"id":"886960","latitude":"38.95000000","longitude":"22.96666670","name":"Gl\u00edfa"},{"id":"887046","latitude":"38.85000000","longitude":"23.10000000","name":"Gorgov\u00edtsa"},{"id":"887115","latitude":"38.85000000","longitude":"23.10000000","name":"Gourgouv\u00edtsa"},{"id":"887117","latitude":"38.85000000","longitude":"23.10000000","name":"Gourgov\u00edtsa"},{"id":"887145","latitude":"39.00000000","longitude":"23.25000000","name":"Go\u00favai"},{"id":"887148","latitude":"39.00000000","longitude":"23.25000000","name":"Go\u00fav\u00e1is"},{"id":"887153","latitude":"39.00000000","longitude":"23.25000000","name":"Go\u00faves"},{"id":"887172","latitude":"38.03333330","longitude":"24.43333330","name":"Grambi\u00e1"},{"id":"887177","latitude":"38.61666670","longitude":"24.08333330","name":"Grammatiki\u00e1noi"},{"id":"887291","latitude":"37.96666670","longitude":"24.48333330","name":"Haghia Irini"},{"id":"887292","latitude":"38.86666670","longitude":"23.40000000","name":"Hagia Anna"},{"id":"887295","latitude":"38.90000000","longitude":"23.06666670","name":"Hagios"},{"id":"887400","latitude":"38.05000000","longitude":"24.36666670","name":"Ikara\u00edoi"},{"id":"887407","latitude":"38.85000000","longitude":"23.11666670","name":"\u00cdlia"},{"id":"887540","latitude":"38.95583330","longitude":"23.15277780","name":"Istia\u00eda"},{"id":"887584","latitude":"38.56666670","longitude":"24.05000000","name":"K\u00e1dhi"},{"id":"887585","latitude":"38.56666670","longitude":"24.05000000","name":"K\u00e1dhion"},{"id":"887635","latitude":"38.73333330","longitude":"23.41666670","name":"K\u00e1kavos"},{"id":"887640","latitude":"38.73333330","longitude":"23.41666670","name":"K\u00e1kkavos"},{"id":"887645","latitude":"38.06666670","longitude":"24.31666670","name":"Kakogi\u00f3ni"},{"id":"887652","latitude":"38.06666670","longitude":"24.31666670","name":"Kakongi\u00f3ni"},{"id":"887653","latitude":"38.06666670","longitude":"24.31666670","name":"Kakongi\u00f3nion"},{"id":"887693","latitude":"38.13333330","longitude":"24.56666670","name":"Kalam\u00e1ki"},{"id":"887725","latitude":"38.85000000","longitude":"23.06666670","name":"Kal\u00e1mi"},{"id":"887764","latitude":"38.83333330","longitude":"23.28333330","name":"Kalamo\u00fadhi"},{"id":"887765","latitude":"38.83333330","longitude":"23.28333330","name":"Kalamo\u00fadhion"},{"id":"887814","latitude":"38.13333330","longitude":"24.46666670","name":"Kal\u00e9rgo"},{"id":"887815","latitude":"38.13333330","longitude":"24.46666670","name":"Kal\u00e9rgon"},{"id":"887831","latitude":"38.61666670","longitude":"24.08333330","name":"Kaliano\u00ed Makhal\u00e1s"},{"id":"887838","latitude":"38.61666670","longitude":"24.08333330","name":"Kalimeri\u00e1noi"},{"id":"887906","latitude":"38.05000000","longitude":"24.41666670","name":"Kal\u00edvia"},{"id":"887975","latitude":"38.13333330","longitude":"24.46666670","name":"Kall\u00e9rgou"},{"id":"887981","latitude":"38.13333330","longitude":"24.48333330","name":"Kallian\u00f3s"},{"id":"887982","latitude":"38.13333330","longitude":"24.48333330","name":"Kalliano\u00fa"},{"id":"888028","latitude":"38.43333330","longitude":"23.90000000","name":"Kallith\u00e9a"},{"id":"888096","latitude":"38.38333330","longitude":"23.60000000","name":"Kal\u00f3 Khori\u00f3"},{"id":"888127","latitude":"38.38333330","longitude":"23.60000000","name":"Kal\u00f3n Khor\u00edon"},{"id":"888219","latitude":"38.43333330","longitude":"23.66666670","name":"Kamar\u00e1"},{"id":"888231","latitude":"38.93333330","longitude":"23.16666670","name":"Kam\u00e1ria"},{"id":"888234","latitude":"38.46666670","longitude":"23.76666670","name":"Kam\u00e1ri"},{"id":"888243","latitude":"38.43333330","longitude":"23.66666670","name":"Kam\u00e1rion"},{"id":"888262","latitude":"38.90000000","longitude":"23.18333330","name":"Kamatri\u00e1dhes"},{"id":"888271","latitude":"38.56666670","longitude":"23.85000000","name":"Kambi\u00e1"},{"id":"888338","latitude":"38.46666670","longitude":"23.76666670","name":"Kam\u00f3ri"},{"id":"888380","latitude":"39.00000000","longitude":"23.11666670","name":"Kanat\u00e1dhika"},{"id":"888413","latitude":"38.15000000","longitude":"24.23333330","name":"Kangadha\u00edoi"},{"id":"888423","latitude":"38.46666670","longitude":"23.58333330","name":"K\u00e1nithos"},{"id":"888487","latitude":"38.13333330","longitude":"24.25000000","name":"K\u00e1psala"},{"id":"888497","latitude":"38.13333330","longitude":"24.25000000","name":"Kaps\u00e1ni"},{"id":"888511","latitude":"38.08333330","longitude":"24.53333330","name":"Kapso\u00fari"},{"id":"888512","latitude":"38.08333330","longitude":"24.53333330","name":"Kapso\u00farion"},{"id":"888514","latitude":"38.46666670","longitude":"23.58333330","name":"Kara Baba"},{"id":"888515","latitude":"38.46666670","longitude":"23.58333330","name":"Karabab\u00e1s"},{"id":"888569","latitude":"38.21666670","longitude":"24.25000000","name":"Karal\u00eddhes"},{"id":"888595","latitude":"38.61666670","longitude":"24.06666670","name":"Karasali\u00e1noi"},{"id":"888743","latitude":"38.01333330","longitude":"24.41611110","name":"K\u00e1ristos"},{"id":"888779","latitude":"38.48333330","longitude":"23.90000000","name":"K\u00e1rnes"},{"id":"888792","latitude":"38.61666670","longitude":"24.06666670","name":"Karousali\u00e1noi"},{"id":"888881","latitude":"38.01333330","longitude":"24.41611110","name":"Karysto"},{"id":"888882","latitude":"38.01333330","longitude":"24.41611110","name":"K\u00e1rystos"},{"id":"888947","latitude":"38.90000000","longitude":"23.16666670","name":"Kastani\u00f3tissa"},{"id":"889013","latitude":"39.01666670","longitude":"23.25000000","name":"Kastr\u00ed"},{"id":"889028","latitude":"39.01666670","longitude":"23.25000000","name":"Kastr\u00edon"},{"id":"889121","latitude":"38.16666670","longitude":"24.23333330","name":"Katal\u00edmata"},{"id":"889159","latitude":"38.56666670","longitude":"23.76666670","name":"Katheno\u00ed"},{"id":"889163","latitude":"38.05000000","longitude":"24.55000000","name":"Katikh\u00f3ri"},{"id":"889172","latitude":"38.01666670","longitude":"24.45000000","name":"K\u00e1to A\u00ebt\u00f3s"},{"id":"889270","latitude":"38.85000000","longitude":"23.13333330","name":"K\u00e1to \u00cdlia"},{"id":"889287","latitude":"38.55000000","longitude":"23.85000000","name":"K\u00e1to Kambi\u00e1"},{"id":"889339","latitude":"38.05000000","longitude":"24.55000000","name":"K\u00e1to Khori\u00f3"},{"id":"889375","latitude":"38.58333330","longitude":"24.08333330","name":"K\u00e1to Kouro\u00fanion"},{"id":"889419","latitude":"38.43333330","longitude":"23.90000000","name":"K\u00e1to M\u00e1moula"},{"id":"889506","latitude":"38.60000000","longitude":"24.11666670","name":"K\u00e1to Potami\u00e1"},{"id":"889539","latitude":"38.53333330","longitude":"23.93333330","name":"K\u00e1to S\u00e9ta"},{"id":"889562","latitude":"38.56666670","longitude":"23.83333330","name":"K\u00e1to Sten\u00ed"},{"id":"889582","latitude":"38.73333330","longitude":"23.33333330","name":"Kato\u00fania"},{"id":"889598","latitude":"38.40000000","longitude":"23.88333330","name":"K\u00e1to V\u00e1thia"},{"id":"889652","latitude":"38.05000000","longitude":"24.38333330","name":"Katsar\u00f3ni"},{"id":"889653","latitude":"38.05000000","longitude":"24.38333330","name":"Katsar\u00f3nion"},{"id":"889774","latitude":"38.63333330","longitude":"24.08333330","name":"Kaz\u00e1rma"},{"id":"889849","latitude":"38.81666670","longitude":"23.36666670","name":"Kekhria\u00ed"},{"id":"889851","latitude":"38.81666670","longitude":"23.36666670","name":"Kekhria\u00eds"},{"id":"889869","latitude":"38.16666670","longitude":"24.26666670","name":"Keli\u00e1"},{"id":"889875","latitude":"38.16666670","longitude":"24.26666670","name":"Kelli\u00e1"},{"id":"889921","latitude":"38.83333330","longitude":"23.40000000","name":"Ker\u00e1mia"},{"id":"889956","latitude":"38.90000000","longitude":"23.33333330","name":"Keras\u00e9a"},{"id":"889968","latitude":"38.90000000","longitude":"23.33333330","name":"Kerasi\u00e1"},{"id":"890075","latitude":"38.48333330","longitude":"23.55000000","name":"Khal\u00eda"},{"id":"890076","latitude":"38.48333330","longitude":"23.55000000","name":"Kh\u00e1lia Meg\u00e1la"},{"id":"890077","latitude":"38.48333330","longitude":"23.55000000","name":"Kh\u00e1lia Mikr\u00e1"},{"id":"890110","latitude":"38.46361110","longitude":"23.59944440","name":"Khalk\u00eds"},{"id":"890111","latitude":"38.33333330","longitude":"23.73333330","name":"Khalko\u00fatsi"},{"id":"890112","latitude":"38.33333330","longitude":"23.73333330","name":"Khalko\u00fatsion"},{"id":"890146","latitude":"38.50000000","longitude":"24.11666670","name":"Kh\u00e1nia Avlonar\u00edou"},{"id":"890148","latitude":"38.50000000","longitude":"24.11666670","name":"Kh\u00e1nia Bo\u00fazi"},{"id":"890150","latitude":"38.50000000","longitude":"24.11666670","name":"Kh\u00e1nia"},{"id":"890191","latitude":"38.63333330","longitude":"24.06666670","name":"Kharak\u00f3pos"},{"id":"890221","latitude":"38.63333330","longitude":"24.06666670","name":"Kharok\u00f3pou"},{"id":"890275","latitude":"38.08333330","longitude":"24.38333330","name":"Kherodh\u00ednamon"},{"id":"890276","latitude":"38.08333330","longitude":"24.38333330","name":"Kherodh\u00ednamos"},{"id":"890321","latitude":"38.08333330","longitude":"24.38333330","name":"Khirodh\u00ednamos"},{"id":"890506","latitude":"38.78333330","longitude":"23.26666670","name":"Khr\u00f3nia"},{"id":"890548","latitude":"38.80000000","longitude":"23.51666670","name":"Kim\u00e1si"},{"id":"890551","latitude":"38.63333330","longitude":"24.10000000","name":"K\u00edmi"},{"id":"890597","latitude":"38.90000000","longitude":"23.21666670","name":"Kipar\u00edssi"},{"id":"890605","latitude":"38.90000000","longitude":"23.21666670","name":"Kipar\u00edssion"},{"id":"890621","latitude":"38.56666670","longitude":"24.08333330","name":"K\u00edpoi"},{"id":"890667","latitude":"38.81666670","longitude":"23.45000000","name":"K\u00edrinthos"},{"id":"890699","latitude":"38.08333330","longitude":"24.36666670","name":"Kiss\u00f3s"},{"id":"890784","latitude":"38.78333330","longitude":"23.50000000","name":"Kl\u00edma"},{"id":"890790","latitude":"38.58333330","longitude":"24.10000000","name":"Klimat\u00e1ri"},{"id":"890791","latitude":"38.58333330","longitude":"24.10000000","name":"Klimat\u00e1rion"},{"id":"890854","latitude":"38.53333330","longitude":"24.06666670","name":"Ko\u00edli"},{"id":"890858","latitude":"38.53333330","longitude":"24.06666670","name":"Ko\u00edlion"},{"id":"890860","latitude":"38.13333330","longitude":"24.36666670","name":"Ko\u00edlosi"},{"id":"890861","latitude":"38.13333330","longitude":"24.36666670","name":"Koil\u00f3sion"},{"id":"890873","latitude":"38.40000000","longitude":"23.88333330","name":"Kokaki"},{"id":"890882","latitude":"38.03333330","longitude":"24.41666670","name":"Kokk\u00e1lais"},{"id":"890884","latitude":"38.03333330","longitude":"24.41666670","name":"Kokk\u00e1les"},{"id":"890885","latitude":"38.03333330","longitude":"24.41666670","name":"Kokk\u00e1loi"},{"id":"890905","latitude":"38.06666670","longitude":"24.33333330","name":"Kokk\u00edni"},{"id":"890924","latitude":"38.90000000","longitude":"23.26666670","name":"Kokkinomil\u00e9a"},{"id":"890925","latitude":"38.90000000","longitude":"23.26666670","name":"Kokkinomili\u00e1"},{"id":"891084","latitude":"38.06666670","longitude":"24.53333330","name":"K\u00f3miton"},{"id":"891085","latitude":"38.06666670","longitude":"24.53333330","name":"Kom\u00edtou"},{"id":"891186","latitude":"38.56666670","longitude":"24.06666670","name":"Konistracs"},{"id":"891187","latitude":"38.56666670","longitude":"24.06666670","name":"Kon\u00edstrai"},{"id":"891188","latitude":"38.56666670","longitude":"24.06666670","name":"Kon\u00edstrais"},{"id":"891434","latitude":"38.41666670","longitude":"23.81666670","name":"Kotr\u00f3ni"},{"id":"891453","latitude":"38.93333330","longitude":"23.41666670","name":"Kotsiki\u00e1"},{"id":"891567","latitude":"38.85000000","longitude":"23.25000000","name":"Ko\u00falouros"},{"id":"891648","latitude":"39.01666670","longitude":"23.23333330","name":"Kourbatsion"},{"id":"891664","latitude":"38.83333330","longitude":"23.33333330","name":"Kourkoulo\u00ed"},{"id":"891676","latitude":"38.58333330","longitude":"24.08333330","name":"Kouro\u00fani \u00c1no"},{"id":"891677","latitude":"38.58333330","longitude":"24.08333330","name":"Kouro\u00fani K\u00e1to"},{"id":"891706","latitude":"38.51666670","longitude":"24.15000000","name":"Kourv\u00ednon"},{"id":"891718","latitude":"38.45000000","longitude":"24.01666670","name":"Koustoum\u00e1lon"},{"id":"891741","latitude":"38.63333330","longitude":"23.93333330","name":"Ko\u00fatourla"},{"id":"891742","latitude":"38.63333330","longitude":"23.93333330","name":"Ko\u00fatourlo"},{"id":"891789","latitude":"38.45000000","longitude":"24.01666670","name":"Koutsoum\u00e1lou"},{"id":"891810","latitude":"38.18333330","longitude":"24.23333330","name":"Kouv\u00e9la"},{"id":"891813","latitude":"38.18333330","longitude":"24.23333330","name":"Kouv\u00e9les"},{"id":"891817","latitude":"38.18333330","longitude":"24.23333330","name":"Kouv\u00e9llai"},{"id":"891904","latitude":"38.51666670","longitude":"24.03333330","name":"Kremast\u00f3n"},{"id":"891905","latitude":"38.51666670","longitude":"24.03333330","name":"Kremast\u00f3s"},{"id":"891927","latitude":"38.83333330","longitude":"23.46666670","name":"Kr\u00eda Vr\u00edsi"},{"id":"891946","latitude":"38.38333330","longitude":"23.60000000","name":"Krimb\u00e1tsi"},{"id":"891952","latitude":"38.63333330","longitude":"24.05000000","name":"Krini\u00e1noi"},{"id":"891982","latitude":"38.93333330","longitude":"23.28333330","name":"Krion\u00e9rion"},{"id":"891992","latitude":"38.93333330","longitude":"23.28333330","name":"Krioner\u00edtis"},{"id":"892007","latitude":"38.83333330","longitude":"23.46666670","name":"Kri\u00f3vrisi"},{"id":"892116","latitude":"38.63333330","longitude":"24.10000000","name":"Kumi"},{"id":"892152","latitude":"38.63333330","longitude":"24.10000000","name":"Kyme"},{"id":"892153","latitude":"38.63333330","longitude":"24.10000000","name":"Kymi"},{"id":"892289","latitude":"38.05000000","longitude":"24.41666670","name":"L\u00e1la"},{"id":"892292","latitude":"38.05000000","longitude":"24.41666670","name":"L\u00e1las"},{"id":"892307","latitude":"38.65000000","longitude":"23.90000000","name":"L\u00e1mari"},{"id":"892348","latitude":"38.15000000","longitude":"24.23333330","name":"Langadha\u00edoi"},{"id":"892523","latitude":"38.48333330","longitude":"23.75000000","name":"Lekhr\u00e9s"},{"id":"892530","latitude":"38.11666670","longitude":"24.48333330","name":"Lenosa\u00edoi"},{"id":"892645","latitude":"38.41666670","longitude":"23.68333330","name":"Levkand\u00ed"},{"id":"892646","latitude":"38.41666670","longitude":"23.68333330","name":"Levkand\u00edon"},{"id":"892701","latitude":"38.63333330","longitude":"24.13333330","name":"Lian\u00ed \u00c1mmos"},{"id":"892778","latitude":"38.01666670","longitude":"24.33333330","name":"Lik\u00f3remma"},{"id":"892780","latitude":"38.01666670","longitude":"24.33333330","name":"Lik\u00f3rrema"},{"id":"892781","latitude":"38.01666670","longitude":"24.33333330","name":"Lik\u00f3rrevma"},{"id":"892849","latitude":"38.76666670","longitude":"23.31666670","name":"Limne"},{"id":"892857","latitude":"38.76666670","longitude":"23.31666670","name":"L\u00edmni"},{"id":"892879","latitude":"38.83333330","longitude":"24.53333330","name":"Linari\u00e1"},{"id":"892986","latitude":"38.76666670","longitude":"23.55000000","name":"Livadh\u00e1kia"},{"id":"893096","latitude":"38.40000000","longitude":"23.88333330","name":"Lok\u00e1ki"},{"id":"893097","latitude":"38.56666670","longitude":"24.05000000","name":"L\u00f3kas"},{"id":"893099","latitude":"38.56666670","longitude":"24.05000000","name":"L\u00f3kka"},{"id":"893165","latitude":"38.48333330","longitude":"23.45000000","name":"Louk\u00edsia"},{"id":"893198","latitude":"38.85000000","longitude":"23.05000000","name":"Loutr\u00e1 Aidhipso\u00fa"},{"id":"893311","latitude":"38.41666670","longitude":"23.83333330","name":"Mago\u00fala"},{"id":"893385","latitude":"38.53333330","longitude":"23.98333330","name":"Makrikh\u00f3ri"},{"id":"893389","latitude":"38.53333330","longitude":"23.98333330","name":"Makrikh\u00f3rion"},{"id":"893462","latitude":"38.40000000","longitude":"23.76666670","name":"Malak\u00f3ndas"},{"id":"893472","latitude":"38.63333330","longitude":"24.06666670","name":"Malati\u00e1noi"},{"id":"893482","latitude":"38.63333330","longitude":"24.06666670","name":"Maleti\u00e1noi"},{"id":"893486","latitude":"38.63333330","longitude":"24.06666670","name":"Maliatianoi"},{"id":"893511","latitude":"38.05000000","longitude":"24.38333330","name":"Mam\u00e1lia"},{"id":"893537","latitude":"38.80000000","longitude":"23.35000000","name":"Mandanik\u00e1"},{"id":"893545","latitude":"38.80000000","longitude":"23.35000000","name":"Mandhanik\u00e1"},{"id":"893564","latitude":"38.80000000","longitude":"23.48333330","name":"Mando\u00fadhion"},{"id":"893633","latitude":"38.50000000","longitude":"23.61666670","name":"M\u00e1nika"},{"id":"893636","latitude":"38.55000000","longitude":"24.00000000","name":"Man\u00edkia"},{"id":"893659","latitude":"38.80000000","longitude":"23.48333330","name":"Manto\u00fadi"},{"id":"893660","latitude":"38.80000000","longitude":"23.48333330","name":"Manto\u00fadion"},{"id":"893662","latitude":"38.80000000","longitude":"23.48333330","name":"Mantudi"},{"id":"893798","latitude":"38.05000000","longitude":"24.31666670","name":"Marm\u00e1ri"},{"id":"893802","latitude":"38.05000000","longitude":"24.31666670","name":"Marm\u00e1rion"},{"id":"893822","latitude":"38.86666670","longitude":"23.23333330","name":"Maro\u00fali"},{"id":"893823","latitude":"38.86666670","longitude":"23.23333330","name":"Maro\u00falion"},{"id":"893836","latitude":"38.03333330","longitude":"24.50000000","name":"Mary\u00e9li"},{"id":"893867","latitude":"38.01666670","longitude":"24.51666670","name":"Mastroyianna\u00edoi"},{"id":"893986","latitude":"38.53333330","longitude":"23.85000000","name":"Mavr\u00f3poulon"},{"id":"894087","latitude":"38.48333330","longitude":"23.55000000","name":"Meg\u00e1la Khal\u00eda"},{"id":"894213","latitude":"38.03333330","longitude":"24.43333330","name":"Mekoun\u00eddha"},{"id":"894299","latitude":"38.08333330","longitude":"24.38333330","name":"Meliss\u00f3na"},{"id":"894301","latitude":"38.08333330","longitude":"24.38333330","name":"Meliss\u00f3n"},{"id":"894330","latitude":"38.60000000","longitude":"24.08333330","name":"Mendo\u00falis"},{"id":"894583","latitude":"38.01666670","longitude":"24.53333330","name":"Meta\u00edika"},{"id":"894597","latitude":"38.43333330","longitude":"23.90000000","name":"Metam\u00f3rfosis"},{"id":"894645","latitude":"38.78333330","longitude":"23.43333330","name":"Met\u00f3khi Kir\u00e9os"},{"id":"894654","latitude":"38.01666670","longitude":"24.46666670","name":"Met\u00f3khi"},{"id":"894676","latitude":"38.01666670","longitude":"24.46666670","name":"Met\u00f3khion"},{"id":"894762","latitude":"38.48333330","longitude":"23.55000000","name":"Mikr\u00e1 Khal\u00eda"},{"id":"894864","latitude":"38.43333330","longitude":"23.60000000","name":"Mikr\u00f3n Vath\u00ed"},{"id":"894884","latitude":"38.43333330","longitude":"23.60000000","name":"Mikr\u00f3 Vath\u00ed"},{"id":"894897","latitude":"38.95000000","longitude":"23.26666670","name":"Mil\u00e9ai"},{"id":"894944","latitude":"38.95000000","longitude":"23.26666670","name":"Mili\u00e9s"},{"id":"894963","latitude":"38.03333330","longitude":"24.43333330","name":"M\u00edloi"},{"id":"895048","latitude":"38.53333330","longitude":"24.13333330","name":"Mirt\u00e9a"},{"id":"895058","latitude":"38.78333330","longitude":"23.33333330","name":"Mirti\u00e1s"},{"id":"895082","latitude":"38.51666670","longitude":"23.85000000","name":"M\u00edstros"},{"id":"895096","latitude":"38.43333330","longitude":"23.65000000","name":"M\u00edtikas"},{"id":"895217","latitude":"38.55000000","longitude":"24.08333330","name":"Mon\u00f3dhri"},{"id":"895218","latitude":"38.55000000","longitude":"24.08333330","name":"Mon\u00f3dhrion"},{"id":"895220","latitude":"38.91666670","longitude":"23.20000000","name":"Monokari\u00e1"},{"id":"895351","latitude":"38.53333330","longitude":"24.13333330","name":"Mourt\u00e1ra"},{"id":"895352","latitude":"38.53333330","longitude":"24.13333330","name":"Mourtarion"},{"id":"895355","latitude":"38.78333330","longitude":"23.33333330","name":"Mourtia\u00eds"},{"id":"895357","latitude":"38.01666670","longitude":"24.51666670","name":"Mourti\u00e1s"},{"id":"895513","latitude":"38.51666670","longitude":"23.63333330","name":"N\u00e9a Art\u00e1ki"},{"id":"895585","latitude":"38.43333330","longitude":"23.63333330","name":"N\u00e9a L\u00e1mpsakos"},{"id":"895638","latitude":"38.40000000","longitude":"23.80000000","name":"N\u00e9a Psar\u00e1"},{"id":"895656","latitude":"38.96666670","longitude":"23.16666670","name":"N\u00e9a Sinas\u00f3s"},{"id":"895665","latitude":"38.18333330","longitude":"24.20000000","name":"N\u00e9a St\u00edra"},{"id":"895787","latitude":"38.96666670","longitude":"23.15000000","name":"Neokh\u00f3ri"},{"id":"895821","latitude":"38.96666670","longitude":"23.15000000","name":"Neokh\u00f3rion"},{"id":"895931","latitude":"38.93333330","longitude":"23.06666670","name":"N\u00e9os P\u00edrgos"},{"id":"896036","latitude":"38.03333330","longitude":"24.40000000","name":"Nik\u00e1sion"},{"id":"896079","latitude":"38.11666670","longitude":"24.21666670","name":"Nimborio"},{"id":"896089","latitude":"38.96666670","longitude":"23.15000000","name":"Niokh\u00f3ri"},{"id":"896176","latitude":"38.51666670","longitude":"24.16666670","name":"Octonia"},{"id":"896195","latitude":"38.31666670","longitude":"23.63333330","name":"Oin\u00f3fita"},{"id":"896198","latitude":"38.31666670","longitude":"23.61666670","name":"Oin\u00f3\u00ef"},{"id":"896216","latitude":"38.51666670","longitude":"24.16666670","name":"Okhthon\u00eda"},{"id":"896217","latitude":"38.51666670","longitude":"24.16666670","name":"Okton\u00eda"},{"id":"896283","latitude":"38.95000000","longitude":"23.10000000","name":"Oreo\u00ed"},{"id":"896310","latitude":"38.53333330","longitude":"24.11666670","name":"\u00d3rion"},{"id":"896336","latitude":"38.53333330","longitude":"24.08333330","name":"Orol\u00f3yion"},{"id":"896397","latitude":"38.58333330","longitude":"24.11666670","name":"Ox\u00edlithos"},{"id":"896461","latitude":"38.03333330","longitude":"24.41666670","name":"Palai\u00e1 Kh\u00f3ra"},{"id":"896579","latitude":"38.81666670","longitude":"23.25000000","name":"Palaiokh\u00f3rion"},{"id":"896698","latitude":"38.85000000","longitude":"23.40000000","name":"Palai\u00f3vrisi"},{"id":"896774","latitude":"38.81666670","longitude":"23.25000000","name":"Paliokh\u00f3rion"},{"id":"896786","latitude":"38.81666670","longitude":"23.25000000","name":"Paliokh\u00f3ri"},{"id":"896856","latitude":"38.85000000","longitude":"23.40000000","name":"Pali\u00f3vrisi"},{"id":"896903","latitude":"38.50000000","longitude":"24.01666670","name":"Panamer\u00edtai"},{"id":"896928","latitude":"38.01666670","longitude":"24.26666670","name":"Panay\u00eda"},{"id":"896957","latitude":"38.38333330","longitude":"23.60000000","name":"Pand\u00edkhion"},{"id":"896992","latitude":"38.03333330","longitude":"24.50000000","name":"Panokh\u00f3ri"},{"id":"897074","latitude":"38.93333330","longitude":"23.36666670","name":"Papp\u00e1dhe"},{"id":"897076","latitude":"38.93333330","longitude":"23.36666670","name":"Papp\u00e1dhes"},{"id":"897100","latitude":"38.08333330","longitude":"24.38333330","name":"Paradh\u00edsion"},{"id":"897118","latitude":"38.38333330","longitude":"23.63333330","name":"Paral\u00eda Avl\u00eddhos"},{"id":"897122","latitude":"38.63333330","longitude":"24.13333330","name":"Paral\u00eda K\u00edmis"},{"id":"897127","latitude":"38.38333330","longitude":"23.63333330","name":"Paral\u00eda"},{"id":"897144","latitude":"38.50000000","longitude":"24.01666670","name":"Paramer\u00edtai"},{"id":"897145","latitude":"38.50000000","longitude":"24.01666670","name":"Paramer\u00edtais"},{"id":"897147","latitude":"38.50000000","longitude":"24.01666670","name":"Paramer\u00edtes"},{"id":"897209","latitude":"38.46666670","longitude":"23.96666670","name":"Parth\u00e9nion"},{"id":"897213","latitude":"38.46666670","longitude":"23.96666670","name":"Parth\u00e9ni"},{"id":"897612","latitude":"38.01666670","longitude":"24.28333330","name":"Petal\u00ed"},{"id":"897626","latitude":"38.03333330","longitude":"24.43333330","name":"Petmez\u00f3khoma"},{"id":"897797","latitude":"38.03333330","longitude":"24.53333330","name":"Pidhoula\u00edika"},{"id":"897862","latitude":"38.75000000","longitude":"23.58333330","name":"P\u00edlion"},{"id":"897867","latitude":"38.75000000","longitude":"23.58333330","name":"P\u00edli"},{"id":"897932","latitude":"38.61666670","longitude":"24.08333330","name":"P\u00edrgos"},{"id":"897954","latitude":"38.53333330","longitude":"24.08333330","name":"Pirn\u00e1ki"},{"id":"897969","latitude":"38.51666670","longitude":"24.13333330","name":"Piry\u00edon"},{"id":"897974","latitude":"38.51666670","longitude":"24.13333330","name":"Piry\u00ed"},{"id":"897996","latitude":"38.53333330","longitude":"23.71666670","name":"Pis\u00f3nda"},{"id":"898007","latitude":"38.53333330","longitude":"23.71666670","name":"Piss\u00f3nas"},{"id":"898131","latitude":"38.60000000","longitude":"24.11666670","name":"Plat\u00e1na"},{"id":"898167","latitude":"38.01666670","longitude":"24.51666670","name":"Platanist\u00f3s"},{"id":"898250","latitude":"38.15000000","longitude":"24.38333330","name":"Playi\u00e1"},{"id":"898380","latitude":"38.85000000","longitude":"23.10000000","name":"Pol\u00edlofon"},{"id":"898404","latitude":"38.21666670","longitude":"24.25000000","name":"Polip\u00f3tamos"},{"id":"898556","latitude":"39.00000000","longitude":"23.20000000","name":"Pot\u00e1ki"},{"id":"898557","latitude":"38.60000000","longitude":"24.10000000","name":"Potami\u00e1 \u00c1no"},{"id":"898577","latitude":"38.01666670","longitude":"24.56666670","name":"Pot\u00e1mion"},{"id":"898579","latitude":"38.01666670","longitude":"24.56666670","name":"Pot\u00e1mi"},{"id":"898590","latitude":"38.21666670","longitude":"24.25000000","name":"Potamo\u00fania"},{"id":"898594","latitude":"38.13333330","longitude":"24.38333330","name":"P\u00f3thion"},{"id":"898595","latitude":"38.13333330","longitude":"24.38333330","name":"P\u00f3thoi"},{"id":"898603","latitude":"38.06666670","longitude":"24.43333330","name":"Po\u00faklia"},{"id":"898642","latitude":"38.51666670","longitude":"23.78333330","name":"Po\u00farnos"},{"id":"898699","latitude":"38.53333330","longitude":"24.08333330","name":"Prin\u00e1kion"},{"id":"898704","latitude":"38.13333330","longitude":"24.56666670","name":"Prini\u00e1"},{"id":"898773","latitude":"38.73333330","longitude":"23.48333330","name":"Prok\u00f3pion"},{"id":"899146","latitude":"38.16666670","longitude":"24.25000000","name":"Reo\u00fazion"},{"id":"899147","latitude":"38.16666670","longitude":"24.25000000","name":"Reo\u00fazi"},{"id":"899167","latitude":"38.78333330","longitude":"23.30000000","name":"Retsin\u00f3lakkos"},{"id":"899220","latitude":"38.78333330","longitude":"23.30000000","name":"Ritin\u00f3iakhos"},{"id":"899223","latitude":"38.78333330","longitude":"23.30000000","name":"Ritsin\u00f3lakkos"},{"id":"899224","latitude":"38.41666670","longitude":"23.51666670","name":"Rits\u00f3na"},{"id":"899290","latitude":"38.11666670","longitude":"24.30000000","name":"Rizovo\u00fanion"},{"id":"899414","latitude":"38.06666670","longitude":"24.43333330","name":"Ro\u00faklia"},{"id":"899467","latitude":"38.81666670","longitude":"23.23333330","name":"Rovia\u00ed"},{"id":"899468","latitude":"38.81666670","longitude":"23.23333330","name":"Rovia\u00eds"},{"id":"899472","latitude":"38.81666670","longitude":"23.23333330","name":"Rovi\u00e9s"},{"id":"899622","latitude":"38.76666670","longitude":"23.70000000","name":"Sarak\u00ednikon"},{"id":"899708","latitude":"38.33333330","longitude":"23.78333330","name":"Scalaorapou"},{"id":"899837","latitude":"38.53333330","longitude":"23.93333330","name":"S\u00e9ta K\u00e1to"},{"id":"899838","latitude":"38.53333330","longitude":"23.91666670","name":"S\u00e9ta"},{"id":"899967","latitude":"38.30000000","longitude":"23.73333330","name":"Sik\u00e1minon"},{"id":"899968","latitude":"38.30000000","longitude":"23.73333330","name":"Sik\u00e1minos"},{"id":"900039","latitude":"38.86666670","longitude":"23.21666670","name":"S\u00edmia"},{"id":"900135","latitude":"38.40000000","longitude":"23.88333330","name":"Sinoikism\u00f3s Kouk\u00e1ki"},{"id":"900167","latitude":"38.93333330","longitude":"23.06666670","name":"Sinoikism\u00f3s P\u00edrgos"},{"id":"900341","latitude":"38.33333330","longitude":"23.78333330","name":"Sk\u00e1la Oropo\u00fa"},{"id":"900418","latitude":"38.83333330","longitude":"23.36666670","name":"Skepast\u00ed"},{"id":"900427","latitude":"38.35000000","longitude":"23.58333330","name":"Skhimat\u00e1rion"},{"id":"900428","latitude":"38.35000000","longitude":"23.58333330","name":"Skhimat\u00e1ri"},{"id":"900439","latitude":"38.13333330","longitude":"24.56666670","name":"Skh\u00edzali"},{"id":"900471","latitude":"38.81666670","longitude":"23.45000000","name":"Skil\u00f3yianni"},{"id":"900472","latitude":"38.35000000","longitude":"23.58333330","name":"Skimatari"},{"id":"900482","latitude":"38.90416670","longitude":"24.56305560","name":"Sk\u00edros"},{"id":"900580","latitude":"38.15000000","longitude":"24.35000000","name":"Skou\u00e1si"},{"id":"900594","latitude":"38.53333330","longitude":"23.81666670","name":"Skound\u00e9ri"},{"id":"900620","latitude":"38.53333330","longitude":"23.81666670","name":"Sko\u00fatari"},{"id":"900637","latitude":"38.90416670","longitude":"24.56305560","name":"Sk\u00fdros"},{"id":"900724","latitude":"38.13333330","longitude":"24.53333330","name":"S\u00f3tira"},{"id":"900859","latitude":"38.76666670","longitude":"23.43333330","name":"Spath\u00e1rion"},{"id":"900860","latitude":"38.76666670","longitude":"23.43333330","name":"Spath\u00e1ri"},{"id":"900882","latitude":"38.56666670","longitude":"24.08333330","name":"Spilia\u00ed"},{"id":"900883","latitude":"38.56666670","longitude":"24.08333330","name":"Spilia\u00eds"},{"id":"900945","latitude":"38.31666670","longitude":"23.63333330","name":"Stani\u00e1tes"},{"id":"901022","latitude":"38.78333330","longitude":"23.33333330","name":"Stavr\u00f3s Mourti\u00e1"},{"id":"901080","latitude":"38.58333330","longitude":"23.83333330","name":"Sten\u00ed Dh\u00edrfios"},{"id":"901085","latitude":"38.58333330","longitude":"23.83333330","name":"Sten\u00ed"},{"id":"901128","latitude":"38.15000000","longitude":"24.23333330","name":"St\u00edra"},{"id":"901149","latitude":"38.11666670","longitude":"24.31666670","name":"Stoupa\u00edoi"},{"id":"901153","latitude":"38.11666670","longitude":"24.31666670","name":"Stouppa\u00edoi"},{"id":"901159","latitude":"38.90000000","longitude":"23.35000000","name":"Str\u00e1fi"},{"id":"901160","latitude":"38.90000000","longitude":"23.35000000","name":"Str\u00e1foi"},{"id":"901209","latitude":"38.81666670","longitude":"23.41666670","name":"Strofili\u00e1"},{"id":"901214","latitude":"38.61666670","longitude":"23.88333330","name":"Strombones"},{"id":"901228","latitude":"38.61666670","longitude":"23.88333330","name":"Stropenaes"},{"id":"901229","latitude":"38.61666670","longitude":"23.88333330","name":"Str\u00f3pones"},{"id":"901242","latitude":"38.15000000","longitude":"24.23333330","name":"Stura"},{"id":"901339","latitude":"38.60000000","longitude":"24.08333330","name":"Tamb\u00e1kika"},{"id":"901347","latitude":"38.31666670","longitude":"23.53333330","name":"Tan\u00e1gra"},{"id":"901380","latitude":"38.58333330","longitude":"24.06666670","name":"Taxi\u00e1rkhai"},{"id":"901465","latitude":"38.51666670","longitude":"23.98333330","name":"Tharo\u00fania"},{"id":"901466","latitude":"38.51666670","longitude":"23.98333330","name":"Tharro\u00fania"},{"id":"901495","latitude":"38.48333330","longitude":"23.80000000","name":"Theol\u00f3gos"},{"id":"901543","latitude":"38.10000000","longitude":"24.56666670","name":"Th\u00edmion"},{"id":"901544","latitude":"38.10000000","longitude":"24.56666670","name":"Th\u00edmi"},{"id":"901756","latitude":"38.51666670","longitude":"24.00000000","name":"Trakh\u00edlion"},{"id":"901757","latitude":"38.51666670","longitude":"24.00000000","name":"Trakh\u00edli"},{"id":"901900","latitude":"38.71666670","longitude":"23.43333330","name":"Tr\u00edpi"},{"id":"901920","latitude":"38.80000000","longitude":"24.58333330","name":"Tris Bo\u00fakes"},{"id":"901948","latitude":"38.71666670","longitude":"23.43333330","name":"Tro\u00fapion"},{"id":"901949","latitude":"38.71666670","longitude":"23.43333330","name":"Tro\u00fapi"},{"id":"902022","latitude":"38.98333330","longitude":"23.31666670","name":"Tsapourni\u00e1"},{"id":"902045","latitude":"38.08333330","longitude":"24.36666670","name":"Tseftil\u00edki"},{"id":"902057","latitude":"38.08333330","longitude":"24.36666670","name":"Tsendil\u00edkion"},{"id":"902208","latitude":"38.80000000","longitude":"23.43333330","name":"Tso\u00faka"},{"id":"902228","latitude":"38.16666670","longitude":"24.31666670","name":"Tsouta\u00edoi"},{"id":"902229","latitude":"38.20000000","longitude":"24.20000000","name":"Tsoutsa\u00edoi"},{"id":"902274","latitude":"38.10000000","longitude":"24.48333330","name":"Tzina\u00edoi"},{"id":"902291","latitude":"38.10000000","longitude":"24.48333330","name":"Tzona\u00edoi"},{"id":"902490","latitude":"38.15000000","longitude":"24.31666670","name":"Varela\u00edoi"},{"id":"902491","latitude":"38.15000000","longitude":"24.31666670","name":"Varella\u00edoi"},{"id":"902526","latitude":"38.18333330","longitude":"24.26666670","name":"Vark\u00f3"},{"id":"902548","latitude":"38.90000000","longitude":"23.05000000","name":"Varv\u00e1ra"},{"id":"902591","latitude":"38.96666670","longitude":"23.35000000","name":"Vasilik\u00e1"},{"id":"902602","latitude":"38.43333330","longitude":"23.66666670","name":"Vasilik\u00f3n"},{"id":"902607","latitude":"38.96666670","longitude":"23.35000000","name":"Vasilik\u00f3s"},{"id":"902609","latitude":"38.43333330","longitude":"23.66666670","name":"Vasiliko"},{"id":"902639","latitude":"38.40000000","longitude":"23.91666670","name":"Vatheia"},{"id":"902646","latitude":"38.40000000","longitude":"23.60000000","name":"Vath\u00ed Avl\u00eddhos"},{"id":"902665","latitude":"38.16666670","longitude":"24.31666670","name":"Vath\u00edrrevma"},{"id":"902674","latitude":"38.40000000","longitude":"23.60000000","name":"Vath\u00ed"},{"id":"902690","latitude":"38.40000000","longitude":"23.60000000","name":"Vathy"},{"id":"902696","latitude":"38.10000000","longitude":"24.33333330","name":"Vat\u00edsion"},{"id":"902697","latitude":"38.10000000","longitude":"24.33333330","name":"Vat\u00edsi"},{"id":"902702","latitude":"38.51666670","longitude":"23.65000000","name":"Vat\u00f3ndas"},{"id":"902835","latitude":"38.10000000","longitude":"24.40000000","name":"Verdha\u00edoi"},{"id":"902891","latitude":"38.96666670","longitude":"23.16666670","name":"Vestr\u00edtsa"},{"id":"902931","latitude":"38.01666670","longitude":"24.28333330","name":"V\u00edlla Embir\u00edkou"},{"id":"902971","latitude":"38.96666670","longitude":"23.16666670","name":"Vistr\u00edtsa"},{"id":"902976","latitude":"38.63333330","longitude":"24.05000000","name":"V\u00edtala"},{"id":"902979","latitude":"38.63333330","longitude":"24.05000000","name":"Vit\u00e1lon"},{"id":"903192","latitude":"38.96666670","longitude":"23.16666670","name":"Vostr\u00edtsa"},{"id":"903256","latitude":"38.56666670","longitude":"23.81666670","name":"Vo\u00fanoi"},{"id":"903303","latitude":"38.91666670","longitude":"23.21666670","name":"Vout\u00e1s"},{"id":"903369","latitude":"38.10000000","longitude":"24.48333330","name":"Vr\u00e1khos"},{"id":"903392","latitude":"38.31666670","longitude":"23.53333330","name":"Vr\u00e1tsi"},{"id":"903440","latitude":"38.55000000","longitude":"24.05000000","name":"Vr\u00edsis"},{"id":"903444","latitude":"38.55000000","longitude":"24.05000000","name":"Vr\u00edsi"},{"id":"903649","latitude":"38.95583330","longitude":"23.15277780","name":"Xirokh\u00f3rion"},{"id":"903653","latitude":"38.95583330","longitude":"23.15277780","name":"Xirokh\u00f3ri"},{"id":"903811","latitude":"38.98333330","longitude":"23.23333330","name":"Yerakio\u00fa"},{"id":"903822","latitude":"38.40000000","longitude":"23.61666670","name":"Yeral\u00edon"},{"id":"903823","latitude":"38.40000000","longitude":"23.61666670","name":"Yeral\u00ed"},{"id":"903845","latitude":"38.45000000","longitude":"23.81666670","name":"Y\u00e9rondas"},{"id":"903846","latitude":"38.45000000","longitude":"23.81666670","name":"Y\u00e9ronda"},{"id":"903872","latitude":"38.86666670","longitude":"22.96666670","name":"Yi\u00e1ltra"},{"id":"903886","latitude":"38.58333330","longitude":"24.05000000","name":"Yi\u00e1nnidhes"},{"id":"903903","latitude":"38.15000000","longitude":"24.40000000","name":"Yiann\u00edtsion"},{"id":"903904","latitude":"38.15000000","longitude":"24.40000000","name":"Yiann\u00edtsi"},{"id":"903934","latitude":"38.55000000","longitude":"23.78333330","name":"Y\u00eddhes"},{"id":"903941","latitude":"38.43333330","longitude":"23.88333330","name":"Yimn\u00f3n"},{"id":"904005","latitude":"38.10000000","longitude":"24.56666670","name":"Zakhari\u00e1"},{"id":"904012","latitude":"38.10000000","longitude":"24.56666670","name":"Zakh\u00f3ria"},{"id":"904217","latitude":"38.16666670","longitude":"24.25000000","name":"Zo\u00f6dh\u00f3khos Piy\u00ed"}]