[{"id":"881045","latitude":"39.33333330","longitude":"22.76666670","name":"A\u00ebrin\u00f3n"},{"id":"881084","latitude":"39.28333330","longitude":"23.18333330","name":"Af\u00e9tai"},{"id":"881090","latitude":"39.26666670","longitude":"23.16666670","name":"\u00c1fissos"},{"id":"881370","latitude":"39.33333330","longitude":"23.01666670","name":"Agri\u00e1"},{"id":"881402","latitude":"39.21666670","longitude":"22.61666670","name":"Agrillokh\u00f3ri"},{"id":"881436","latitude":"39.25000000","longitude":"22.75000000","name":"A\u00efdh\u00ednion"},{"id":"881523","latitude":"39.03333330","longitude":"22.96666670","name":"Akh\u00edllio"},{"id":"881525","latitude":"39.03333330","longitude":"22.96666670","name":"Akh\u00edllion"},{"id":"881556","latitude":"38.88333330","longitude":"22.81666670","name":"Akhl\u00e1dhi"},{"id":"881562","latitude":"38.88333330","longitude":"22.81666670","name":"Akhl\u00e1dhion"},{"id":"881586","latitude":"39.26666670","longitude":"22.75000000","name":"\u00c1kitsi"},{"id":"881708","latitude":"39.15000000","longitude":"22.75000000","name":"Al\u00eda"},{"id":"881763","latitude":"39.36666670","longitude":"22.98333330","name":"\u00c1lli Meri\u00e1"},{"id":"881772","latitude":"39.18222220","longitude":"22.75944440","name":"Almir\u00f3s"},{"id":"881775","latitude":"39.18222220","longitude":"22.75944440","name":"Almyr\u00f3s"},{"id":"881799","latitude":"39.15000000","longitude":"23.85000000","name":"Al\u00f3nnisos"},{"id":"881827","latitude":"39.16666670","longitude":"22.88333330","name":"Amali\u00e1poleos"},{"id":"881828","latitude":"39.16666670","longitude":"22.88333330","name":"Amali\u00e1poli"},{"id":"881961","latitude":"39.15000000","longitude":"22.71666670","name":"Am\u00edgdhalon"},{"id":"882237","latitude":"39.41666670","longitude":"23.13333330","name":"An\u00edlion"},{"id":"882274","latitude":"39.21666670","longitude":"22.61666670","name":"\u00c1no Aryilokh\u00f3rion"},{"id":"882340","latitude":"39.31666670","longitude":"23.10000000","name":"\u00c1no Gatz\u00e9a"},{"id":"882405","latitude":"39.48333330","longitude":"22.95000000","name":"\u00c1no Keras\u00e9a"},{"id":"882406","latitude":"39.48333330","longitude":"22.95000000","name":"\u00c1no Kerasi\u00e1"},{"id":"882452","latitude":"39.33333330","longitude":"23.05000000","name":"\u00c1no Lekh\u00f3nia"},{"id":"882476","latitude":"39.23333330","longitude":"22.66666670","name":"\u00c1no Mavr\u00f3lofos"},{"id":"882634","latitude":"39.38333330","longitude":"22.96666670","name":"\u00c1no V\u00f3los"},{"id":"882701","latitude":"39.18333330","longitude":"22.60000000","name":"Anth\u00f3topos"},{"id":"882879","latitude":"39.28333330","longitude":"22.65000000","name":"Ardu\u00e1n"},{"id":"882892","latitude":"39.23333330","longitude":"23.21666670","name":"Argalast\u00ed"},{"id":"883097","latitude":"39.21666670","longitude":"22.61666670","name":"Aryilokh\u00f3rion"},{"id":"883244","latitude":"39.31666670","longitude":"22.63333330","name":"Aspr\u00f3yia"},{"id":"883311","latitude":"39.18333330","longitude":"23.61666670","name":"Ath\u00e9aton"},{"id":"883343","latitude":"39.00000000","longitude":"22.93333330","name":"\u00c1uioi The\u00f3dhoroi"},{"id":"883481","latitude":"39.10000000","longitude":"23.06666670","name":"Ay\u00eda Kiriak\u00ed"},{"id":"883570","latitude":"39.10000000","longitude":"22.86666670","name":"Ay\u00eda Tri\u00e1s"},{"id":"883628","latitude":"39.00000000","longitude":"22.93333330","name":"\u00c1yioi The\u00f3dhoroi"},{"id":"883699","latitude":"39.23333330","longitude":"22.76666670","name":"\u00c1yios Athan\u00e1sios"},{"id":"883720","latitude":"39.31666670","longitude":"22.71666670","name":"\u00c1yios Dhim\u00edtrios"},{"id":"883756","latitude":"39.03333330","longitude":"22.80000000","name":"\u00c1yios Io\u00e1nnis"},{"id":"883813","latitude":"39.36666670","longitude":"23.06666670","name":"\u00c1yios Lavr\u00e9ndios"},{"id":"883844","latitude":"39.16666670","longitude":"23.28333330","name":"\u00c1yios Nik\u00f3laos"},{"id":"883900","latitude":"39.16666670","longitude":"22.65000000","name":"\u00c1yios Spir\u00eddhon"},{"id":"883946","latitude":"39.35000000","longitude":"23.06666670","name":"\u00c1yios Vl\u00e1sios"},{"id":"883949","latitude":"39.40000000","longitude":"22.73333330","name":"\u00c1yios Yedhe\u00f3n"},{"id":"883960","latitude":"39.16666670","longitude":"23.35000000","name":"\u00c1yios Ye\u00f3ryios"},{"id":"883981","latitude":"39.35000000","longitude":"23.08333330","name":"\u00c1yios Ye\u00f3ryios Nil\u00edas"},{"id":"884078","latitude":"39.23333330","longitude":"23.30000000","name":"Balts\u00ed"},{"id":"884140","latitude":"39.21666670","longitude":"22.56666670","name":"Bas\u00edti"},{"id":"884233","latitude":"39.25000000","longitude":"23.26666670","name":"Best\u00ednika"},{"id":"884255","latitude":"39.23333330","longitude":"23.25000000","name":"B\u00edri"},{"id":"884514","latitude":"39.30000000","longitude":"22.61666670","name":"Chagl\u00ed"},{"id":"884755","latitude":"39.25000000","longitude":"22.61666670","name":"Daoutsi\u00e1"},{"id":"884875","latitude":"39.18333330","longitude":"23.33333330","name":"Dh\u00e1fni"},{"id":"884943","latitude":"39.25000000","longitude":"22.61666670","name":"Dhaoutsi\u00e1"},{"id":"884944","latitude":"39.25000000","longitude":"22.61666670","name":"Dhaoutz\u00e1"},{"id":"885164","latitude":"39.35000000","longitude":"22.90000000","name":"Dhim\u00edni"},{"id":"885165","latitude":"39.35000000","longitude":"22.90000000","name":"Dhim\u00ednion"},{"id":"885291","latitude":"39.18333330","longitude":"22.68333330","name":"Dho\u00faka"},{"id":"885351","latitude":"39.38333330","longitude":"23.05000000","name":"Dhr\u00e1kia"},{"id":"885427","latitude":"39.08333330","longitude":"22.86666670","name":"Dhrim\u00f3n"},{"id":"885635","latitude":"39.38333330","longitude":"23.05000000","name":"Drakia"},{"id":"885878","latitude":"39.28333330","longitude":"22.65000000","name":"Elevtherokh\u00f3rion"},{"id":"885972","latitude":"39.21666670","longitude":"22.56666670","name":"Enipi\u00e1s"},{"id":"886081","latitude":"39.30000000","longitude":"22.61666670","name":"Er\u00e9tria"},{"id":"886168","latitude":"39.20000000","longitude":"22.73333330","name":"Evxino\u00fapolis"},{"id":"886334","latitude":"39.25000000","longitude":"22.58333330","name":"Fil\u00e1ki"},{"id":"886410","latitude":"39.41666670","longitude":"22.93333330","name":"Fit\u00f3kos"},{"id":"886650","latitude":"39.05000000","longitude":"22.95000000","name":"Fteli\u00f3"},{"id":"886775","latitude":"38.95000000","longitude":"22.83333330","name":"Gardh\u00edki"},{"id":"886805","latitude":"39.31666670","longitude":"23.10000000","name":"Gatz\u00e9a"},{"id":"886825","latitude":"39.01666670","longitude":"22.85000000","name":"Gavrian\u00ed"},{"id":"886826","latitude":"39.01666670","longitude":"22.85000000","name":"Gavrianis"},{"id":"886885","latitude":"39.16666670","longitude":"22.63333330","name":"Gerikl\u00ed"},{"id":"886942","latitude":"39.43333330","longitude":"22.88333330","name":"Glafir\u00e1"},{"id":"886943","latitude":"39.43333330","longitude":"22.88333330","name":"Glafira\u00ed"},{"id":"886983","latitude":"39.16666670","longitude":"23.61666670","name":"Gl\u00f3ssa"},{"id":"887303","latitude":"39.21666670","longitude":"22.60000000","name":"Ha\u00efdarl\u00ed"},{"id":"887399","latitude":"39.16666670","longitude":"22.61666670","name":"Ij\u00e9ki"},{"id":"887458","latitude":"39.36666670","longitude":"22.94583330","name":"Iolcus"},{"id":"887503","latitude":"39.31666670","longitude":"22.63333330","name":"Iren\u00ed"},{"id":"887531","latitude":"39.20000000","longitude":"23.91666670","name":"Is\u00f3mata"},{"id":"887699","latitude":"39.33333330","longitude":"23.21666670","name":"Kalam\u00e1kion"},{"id":"887723","latitude":"39.23333330","longitude":"23.28333330","name":"Kal\u00e1mi"},{"id":"887748","latitude":"39.23333330","longitude":"23.20000000","name":"Kalam"},{"id":"887754","latitude":"39.23333330","longitude":"23.20000000","name":"K\u00e1lamos"},{"id":"887770","latitude":"39.30000000","longitude":"23.11666670","name":"Kal\u00e1 Ner\u00e1"},{"id":"887901","latitude":"39.00000000","longitude":"22.95000000","name":"Kal\u00edvia"},{"id":"887944","latitude":"39.03333330","longitude":"22.95000000","name":"Kal\u00edvia Pteleo\u00fa"},{"id":"888023","latitude":"39.23333330","longitude":"23.25000000","name":"Kallith\u00e9a"},{"id":"888180","latitude":"39.01666670","longitude":"23.03333330","name":"Kal\u00f3yiros"},{"id":"888259","latitude":"38.96666670","longitude":"22.90000000","name":"Kamar\u00f3vrisi"},{"id":"888364","latitude":"39.50000000","longitude":"22.88333330","name":"Kan\u00e1lia"},{"id":"888472","latitude":"39.43333330","longitude":"22.88333330","name":"K\u00e1pourna"},{"id":"888523","latitude":"39.23333330","longitude":"22.68333330","name":"Karadanal\u00ed"},{"id":"888546","latitude":"39.15000000","longitude":"22.68333330","name":"Karaj\u00e1ndali"},{"id":"888908","latitude":"39.25000000","longitude":"22.75000000","name":"Kassav\u00e9tia"},{"id":"888993","latitude":"39.15000000","longitude":"22.68333330","name":"Kastr\u00e1ki"},{"id":"888999","latitude":"39.15000000","longitude":"22.68333330","name":"Kastr\u00e1kion"},{"id":"889164","latitude":"39.38333330","longitude":"22.98333330","name":"Katik\u00f3ri"},{"id":"889166","latitude":"39.16666670","longitude":"23.35000000","name":"Katiyi\u00f3ryi"},{"id":"889199","latitude":"39.21666670","longitude":"22.65000000","name":"K\u00e1to Aryilokh\u00f3rion"},{"id":"889262","latitude":"39.31666670","longitude":"23.10000000","name":"K\u00e1to Gatz\u00e9a"},{"id":"889318","latitude":"39.46666670","longitude":"22.91666670","name":"K\u00e1to Keras\u00e9a"},{"id":"889319","latitude":"39.46666670","longitude":"22.91666670","name":"K\u00e1to Kerasi\u00e1"},{"id":"889344","latitude":"39.38333330","longitude":"22.98333330","name":"Katokh\u00f3rion"},{"id":"889388","latitude":"39.33333330","longitude":"23.03333330","name":"K\u00e1to Lekh\u00f3nia"},{"id":"889676","latitude":"39.23333330","longitude":"23.21666670","name":"Katsilokh\u00f3ri"},{"id":"889863","latitude":"39.18333330","longitude":"22.60000000","name":"Kelel\u00e9r"},{"id":"889864","latitude":"39.16666670","longitude":"22.60000000","name":"Kelemen\u00ed"},{"id":"889865","latitude":"39.16666670","longitude":"22.60000000","name":"Kelemen\u00edon"},{"id":"889966","latitude":"39.48333330","longitude":"22.95000000","name":"Kerasi\u00e1"},{"id":"890037","latitude":"39.21666670","longitude":"22.60000000","name":"Kha\u00efdharl\u00edon"},{"id":"890290","latitude":"39.15000000","longitude":"23.85000000","name":"Khiliodhr\u00f3mion"},{"id":"890329","latitude":"39.40000000","longitude":"22.71666670","name":"Khl\u00f3\u00ef"},{"id":"890385","latitude":"39.45000000","longitude":"23.11666670","name":"Khorevt\u00f3n"},{"id":"890390","latitude":"39.03333330","longitude":"22.96666670","name":"Khori\u00f3 Akh\u00edllion"},{"id":"890391","latitude":"39.16666670","longitude":"22.88333330","name":"Khori\u00f3 Amali\u00e1polis"},{"id":"890394","latitude":"39.18333330","longitude":"23.21666670","name":"Khori\u00f3 Kh\u00f3rto"},{"id":"890395","latitude":"39.16666670","longitude":"23.21666670","name":"Khori\u00f3 Mil\u00edna"},{"id":"890411","latitude":"39.18333330","longitude":"23.21666670","name":"Kh\u00f3rto"},{"id":"890414","latitude":"39.18333330","longitude":"23.21666670","name":"Kh\u00f3rton"},{"id":"890415","latitude":"39.18333330","longitude":"23.21666670","name":"Kh\u00f3rtos"},{"id":"890609","latitude":"38.98333330","longitude":"22.85000000","name":"Kipariss\u00f3nas"},{"id":"890610","latitude":"38.98333330","longitude":"22.85000000","name":"Kipariss\u00f3n"},{"id":"890698","latitude":"39.40000000","longitude":"23.13333330","name":"Kiss\u00f3s"},{"id":"890705","latitude":"39.25000000","longitude":"22.58333330","name":"Kit\u00edki"},{"id":"890780","latitude":"39.16666670","longitude":"23.61666670","name":"Kl\u00edma"},{"id":"890839","latitude":"39.10000000","longitude":"22.71666670","name":"Kofo\u00ed"},{"id":"890893","latitude":"39.33333330","longitude":"22.70000000","name":"Kokk\u00edna"},{"id":"890944","latitude":"39.28333330","longitude":"22.65000000","name":"Kokkin\u00f3vrakhos"},{"id":"890953","latitude":"39.33333330","longitude":"22.70000000","name":"Kokkira"},{"id":"890958","latitude":"39.08333330","longitude":"22.78333330","name":"Kokkoto\u00ed"},{"id":"890973","latitude":"39.08333330","longitude":"22.78333330","name":"Kokot\u00ed"},{"id":"891174","latitude":"39.40000000","longitude":"22.71666670","name":"K\u00f3niari"},{"id":"891465","latitude":"39.11666670","longitude":"23.10000000","name":"K\u00f3ttes"},{"id":"891541","latitude":"39.25000000","longitude":"23.30000000","name":"Koulara\u00edika"},{"id":"891642","latitude":"39.25000000","longitude":"23.30000000","name":"Koura\u00ed\u00efka"},{"id":"891649","latitude":"39.25000000","longitude":"23.30000000","name":"Kour\u00e9\u00efka"},{"id":"891660","latitude":"39.20000000","longitude":"22.75000000","name":"Kourf\u00e1lion"},{"id":"892043","latitude":"39.20000000","longitude":"22.75000000","name":"Kr\u00f3kion"},{"id":"892318","latitude":"39.35000000","longitude":"23.20000000","name":"Lambino\u00fa"},{"id":"892457","latitude":"39.18333330","longitude":"23.25000000","name":"Lavko"},{"id":"892458","latitude":"39.18333330","longitude":"23.25000000","name":"L\u00e1vkos"},{"id":"892499","latitude":"39.25000000","longitude":"23.18333330","name":"Lef\u00f3kastron"},{"id":"892519","latitude":"39.33333330","longitude":"23.03333330","name":"Lekh\u00f3nia"},{"id":"892924","latitude":"39.20000000","longitude":"23.33333330","name":"L\u00edri"},{"id":"893211","latitude":"39.16666670","longitude":"23.61666670","name":"Loutr\u00e1kion"},{"id":"893327","latitude":"38.98333330","longitude":"22.85000000","name":"Mahal\u00e1s"},{"id":"893352","latitude":"38.98333330","longitude":"22.85000000","name":"Makhal\u00e1s"},{"id":"893404","latitude":"39.40000000","longitude":"22.98333330","name":"Makrin\u00edtsa"},{"id":"893413","latitude":"39.43333330","longitude":"23.11666670","name":"Makrirr\u00e1khi"},{"id":"893453","latitude":"39.40000000","longitude":"22.98333330","name":"Makrynitza"},{"id":"893509","latitude":"39.23333330","longitude":"22.70000000","name":"Mamala\u00edika"},{"id":"893510","latitude":"39.23333330","longitude":"22.70000000","name":"Mamal\u00e9\u00efka"},{"id":"893945","latitude":"39.23333330","longitude":"22.68333330","name":"Mavr\u00f3lofos"},{"id":"894273","latitude":"39.38333330","longitude":"22.91666670","name":"Meliss\u00e1tika"},{"id":"894651","latitude":"39.20000000","longitude":"23.21666670","name":"Met\u00f3khi"},{"id":"894675","latitude":"39.20000000","longitude":"23.21666670","name":"Met\u00f3khion"},{"id":"894880","latitude":"39.26666670","longitude":"22.75000000","name":"Mikroth\u00edvai"},{"id":"894896","latitude":"39.33333330","longitude":"23.15000000","name":"Mil\u00e9ai"},{"id":"894913","latitude":"39.33333330","longitude":"23.15000000","name":"Milee"},{"id":"894918","latitude":"39.33333330","longitude":"23.15000000","name":"Miliaes"},{"id":"894936","latitude":"39.16666670","longitude":"23.21666670","name":"Milian\u00e1"},{"id":"894943","latitude":"39.33333330","longitude":"23.15000000","name":"Mili\u00e9s"},{"id":"894946","latitude":"39.16666670","longitude":"23.21666670","name":"Mil\u00edna"},{"id":"894961","latitude":"38.96666670","longitude":"22.80000000","name":"M\u00edloi"},{"id":"895324","latitude":"39.40000000","longitude":"23.16666670","name":"Mo\u00faresi"},{"id":"895325","latitude":"39.40000000","longitude":"23.16666670","name":"Mour\u00e9sion"},{"id":"895354","latitude":"39.21666670","longitude":"23.93333330","name":"Mourter\u00f3n"},{"id":"895423","latitude":"39.33333330","longitude":"22.70000000","name":"Mustafakl\u00ed"},{"id":"895510","latitude":"39.28333330","longitude":"22.81666670","name":"N\u00e9a Ankh\u00edalos"},{"id":"895608","latitude":"39.16666670","longitude":"22.88333330","name":"N\u00e9a Mitz\u00e9lla"},{"id":"895664","latitude":"38.91666670","longitude":"22.80000000","name":"N\u00e9a Sparti\u00e1"},{"id":"895764","latitude":"39.16666670","longitude":"22.61666670","name":"Neokhor\u00e1ki"},{"id":"895769","latitude":"39.16666670","longitude":"22.61666670","name":"Neokhor\u00e1kion"},{"id":"895782","latitude":"39.28333330","longitude":"23.21666670","name":"Neokh\u00f3ri"},{"id":"895813","latitude":"39.28333330","longitude":"23.21666670","name":"Neokh\u00f3rion"},{"id":"895932","latitude":"39.16666670","longitude":"22.78333330","name":"N\u00e9os Pl\u00e1tanos"},{"id":"895950","latitude":"39.16666670","longitude":"22.60000000","name":"Ner\u00e1\u00efdha"},{"id":"896018","latitude":"39.28333330","longitude":"23.18333330","name":"Ni\u00e1ou"},{"id":"896495","latitude":"38.91666670","longitude":"22.80000000","name":"Palaioakhl\u00e1dhion"},{"id":"896549","latitude":"38.93333330","longitude":"22.73333330","name":"Palaiokeras\u00e9a"},{"id":"896661","latitude":"39.15000000","longitude":"23.08333330","name":"Palai\u00f3n Trik\u00e9rion"},{"id":"896726","latitude":"38.91666670","longitude":"22.80000000","name":"Pali\u00e1khladhon"},{"id":"896848","latitude":"39.35000000","longitude":"22.86666670","name":"Palio\u00farion"},{"id":"896853","latitude":"39.35000000","longitude":"22.86666670","name":"Palio\u00fari"},{"id":"896923","latitude":"39.50000000","longitude":"23.06666670","name":"Panay\u00eda"},{"id":"897126","latitude":"38.88333330","longitude":"22.78333330","name":"Paral\u00eda"},{"id":"897253","latitude":"39.15000000","longitude":"23.86666670","name":"Patit\u00edrion"},{"id":"897254","latitude":"39.15000000","longitude":"23.86666670","name":"Patit\u00edri"},{"id":"897273","latitude":"39.23333330","longitude":"23.31666670","name":"Patrokh\u00f3ri"},{"id":"897280","latitude":"39.18333330","longitude":"23.25000000","name":"P\u00e1vkos"},{"id":"897342","latitude":"38.95000000","longitude":"22.83333330","name":"Pelasy\u00eda"},{"id":"897464","latitude":"39.25000000","longitude":"22.61666670","name":"P\u00e9rdhika"},{"id":"897534","latitude":"39.31666670","longitude":"22.68333330","name":"Per\u00edvlepton"},{"id":"897585","latitude":"39.33333330","longitude":"22.76666670","name":"Persefl\u00ed"},{"id":"897880","latitude":"39.33333330","longitude":"23.11666670","name":"Pinak\u00e1tai"},{"id":"897881","latitude":"39.33333330","longitude":"23.11666670","name":"Pinak\u00e1tais"},{"id":"897882","latitude":"39.33333330","longitude":"23.11666670","name":"Pinak\u00e1tes"},{"id":"897928","latitude":"39.13333330","longitude":"23.26666670","name":"P\u00edrgos"},{"id":"897961","latitude":"39.33333330","longitude":"22.76666670","name":"Pirsufl\u00ed"},{"id":"898130","latitude":"39.16666670","longitude":"23.61666670","name":"Platana"},{"id":"898145","latitude":"39.13333330","longitude":"23.26666670","name":"Platani\u00e1"},{"id":"898152","latitude":"39.13333330","longitude":"23.26666670","name":"Platanias"},{"id":"898177","latitude":"39.15000000","longitude":"22.76666670","name":"Platano"},{"id":"898188","latitude":"39.15000000","longitude":"22.76666670","name":"Pl\u00e1tanos"},{"id":"898529","latitude":"39.38333330","longitude":"23.00000000","name":"Portari\u00e1"},{"id":"898624","latitude":"39.48333330","longitude":"23.10000000","name":"Pour\u00edon"},{"id":"898625","latitude":"39.48333330","longitude":"23.10000000","name":"Pour\u00ed"},{"id":"898779","latitude":"39.18333330","longitude":"23.28333330","name":"Prom\u00edrion"},{"id":"898780","latitude":"39.18333330","longitude":"23.28333330","name":"Prom\u00edri"},{"id":"898783","latitude":"39.33333330","longitude":"23.21666670","name":"Pr\u00f3pan"},{"id":"898937","latitude":"39.05000000","longitude":"22.95000000","name":"Ptele\u00f3n"},{"id":"898938","latitude":"39.05000000","longitude":"22.95000000","name":"Ptele\u00f3s"},{"id":"898987","latitude":"38.88333330","longitude":"22.78333330","name":"Raches"},{"id":"899036","latitude":"38.88333330","longitude":"22.78333330","name":"R\u00e1khai"},{"id":"899039","latitude":"38.88333330","longitude":"22.78333330","name":"R\u00e1khes"},{"id":"899269","latitude":"39.43333330","longitude":"22.75000000","name":"Riz\u00f3milos"},{"id":"899310","latitude":"39.16666670","longitude":"23.28333330","name":"Rodhi\u00e1s"},{"id":"899638","latitude":"39.31666670","longitude":"22.68333330","name":"Saranj\u00ed"},{"id":"899832","latitude":"39.35000000","longitude":"22.83333330","name":"S\u00e9sklon"},{"id":"899833","latitude":"39.35000000","longitude":"22.83333330","name":"S\u00e9skoulon"},{"id":"899834","latitude":"39.35000000","longitude":"22.83333330","name":"S\u00e9skoulo"},{"id":"900009","latitude":"39.28333330","longitude":"23.26666670","name":"Sik\u00ed"},{"id":"900211","latitude":"39.26666670","longitude":"23.95000000","name":"Sinoikism\u00f3s Y\u00e9rakas"},{"id":"900463","latitude":"39.16666670","longitude":"23.48333330","name":"Sk\u00edathos"},{"id":"900544","latitude":"39.12472220","longitude":"23.72472220","name":"Sk\u00f3pelos"},{"id":"900790","latitude":"39.10000000","longitude":"22.90000000","name":"So\u00farpi"},{"id":"900796","latitude":"38.95000000","longitude":"22.91666670","name":"Souv\u00e1la"},{"id":"900826","latitude":"38.93333330","longitude":"22.78333330","name":"Sparti\u00e1"},{"id":"900943","latitude":"39.25000000","longitude":"23.26666670","name":"Stamoula\u00edika"},{"id":"900944","latitude":"39.25000000","longitude":"23.26666670","name":"Stamoul\u00e9\u00efka"},{"id":"901049","latitude":"39.40000000","longitude":"22.98333330","name":"Stayi\u00e1tais"},{"id":"901050","latitude":"39.40000000","longitude":"22.98333330","name":"Stayi\u00e1tai"},{"id":"901134","latitude":"39.15000000","longitude":"23.86666670","name":"Stiv\u00e1tsi"},{"id":"901715","latitude":"39.21666670","longitude":"22.61666670","name":"Tourkomasl\u00ed"},{"id":"901846","latitude":"39.10000000","longitude":"23.08333330","name":"Tr\u00edkerion"},{"id":"901847","latitude":"39.10000000","longitude":"23.08333330","name":"Tr\u00edkeri"},{"id":"901855","latitude":"39.10000000","longitude":"23.08333330","name":"Tr\u00edkkeri"},{"id":"902003","latitude":"39.38333330","longitude":"23.18333330","name":"Tsangar\u00e1dha"},{"id":"902148","latitude":"39.16666670","longitude":"22.85000000","name":"Tsing\u00e9li"},{"id":"902224","latitude":"39.15000000","longitude":"22.56666670","name":"Tsourn\u00e1tion"},{"id":"902225","latitude":"39.15000000","longitude":"22.56666670","name":"Tsourn\u00e1v"},{"id":"902303","latitude":"39.31666670","longitude":"22.71666670","name":"Uzl\u00e1r"},{"id":"902460","latitude":"39.25000000","longitude":"23.28333330","name":"Vangela\u00edika"},{"id":"902461","latitude":"39.25000000","longitude":"23.28333330","name":"Vangele\u00efka"},{"id":"902528","latitude":"39.15000000","longitude":"23.20000000","name":"Varlama\u00edika"},{"id":"902529","latitude":"39.15000000","longitude":"23.20000000","name":"Varlam\u00e9ika"},{"id":"902608","latitude":"39.20000000","longitude":"23.96666670","name":"Vasilik\u00f3"},{"id":"902650","latitude":"38.95000000","longitude":"22.91666670","name":"Vath\u00edkoila"},{"id":"902651","latitude":"38.95000000","longitude":"22.91666670","name":"Vath\u00edkoilon"},{"id":"902652","latitude":"38.95000000","longitude":"22.91666670","name":"Vath\u00edkoilos"},{"id":"902760","latitude":"38.96666670","longitude":"22.90000000","name":"Vel\u00e9si"},{"id":"902763","latitude":"39.38333330","longitude":"22.75000000","name":"Velestina"},{"id":"902764","latitude":"39.38333330","longitude":"22.75000000","name":"Velest\u00ednon"},{"id":"903016","latitude":"39.33333330","longitude":"23.13333330","name":"Viz\u00edtsa"},{"id":"903141","latitude":"39.36666670","longitude":"22.94583330","name":"V\u00f3los"},{"id":"903142","latitude":"39.36666670","longitude":"22.94583330","name":"Volo"},{"id":"903213","latitude":"39.15000000","longitude":"23.86666670","name":"V\u00f3tsi"},{"id":"903368","latitude":"39.21666670","longitude":"22.60000000","name":"Vr\u00e1khos"},{"id":"903411","latitude":"39.06666670","longitude":"22.80000000","name":"Vr\u00ednaina"},{"id":"903413","latitude":"39.06666670","longitude":"22.80000000","name":"Vr\u00ednena"},{"id":"903549","latitude":"39.31666670","longitude":"23.13333330","name":"Xarkh\u00e1kia"},{"id":"903618","latitude":"39.25000000","longitude":"23.26666670","name":"Xin\u00f3vrisi"},{"id":"903686","latitude":"39.36666670","longitude":"23.18333330","name":"Xor\u00edkhtion"},{"id":"903688","latitude":"39.36666670","longitude":"23.18333330","name":"Xourikhti"},{"id":"903707","latitude":"39.18333330","longitude":"22.68333330","name":"Yanj\u00e9li"},{"id":"903801","latitude":"39.26666670","longitude":"23.95000000","name":"Y\u00e9rakas"},{"id":"903817","latitude":"39.16666670","longitude":"22.63333330","name":"Yerakl\u00ed"},{"id":"903952","latitude":"38.93333330","longitude":"22.78333330","name":"Yio\u00farta"},{"id":"903990","latitude":"39.45000000","longitude":"23.10000000","name":"Zagor\u00e1"},{"id":"904051","latitude":"39.20000000","longitude":"22.58333330","name":"Zarkadhokh\u00f3rion"},{"id":"904052","latitude":"39.20000000","longitude":"22.58333330","name":"Zarkadhokh\u00f3ri"},{"id":"904065","latitude":"39.13333330","longitude":"23.16666670","name":"Z\u00e1staina"},{"id":"904066","latitude":"39.13333330","longitude":"23.16666670","name":"Z\u00e1stena"},{"id":"904177","latitude":"39.16666670","longitude":"22.85000000","name":"Zingheli"}]