[{"id":"881028","latitude":"36.56666670","longitude":"23.05000000","name":"Adhi\u00e1kopos"},{"id":"881081","latitude":"36.58333330","longitude":"22.40000000","name":"Afalot\u00ed"},{"id":"881089","latitude":"37.10000000","longitude":"22.45000000","name":"Afisi\u00f3n"},{"id":"881091","latitude":"37.10000000","longitude":"22.45000000","name":"Afiss\u00f3s"},{"id":"881108","latitude":"36.73333330","longitude":"22.55000000","name":"Agadha\u00edika"},{"id":"881109","latitude":"36.73333330","longitude":"22.55000000","name":"Agadh\u00e9\u00efka"},{"id":"881345","latitude":"37.20000000","longitude":"22.26666670","name":"Ag\u00f3riani"},{"id":"881347","latitude":"37.20000000","longitude":"22.26666670","name":"Agoryiani"},{"id":"881364","latitude":"37.11666670","longitude":"22.38333330","name":"Agrapidho\u00fala"},{"id":"881365","latitude":"37.11666670","longitude":"22.38333330","name":"Agrapido\u00fala"},{"id":"881371","latitude":"36.45000000","longitude":"22.46666670","name":"Agriakambos"},{"id":"881376","latitude":"37.13333330","longitude":"22.58333330","name":"Agri\u00e1noi"},{"id":"881390","latitude":"36.65000000","longitude":"22.41666670","name":"Agril\u00e9a"},{"id":"881396","latitude":"36.58333330","longitude":"22.46666670","name":"Agrili\u00e1"},{"id":"881527","latitude":"36.43333330","longitude":"22.48333330","name":"Akh\u00edllion"},{"id":"881565","latitude":"36.88333330","longitude":"22.98333330","name":"Akhladh\u00f3kambos"},{"id":"881578","latitude":"36.80000000","longitude":"22.48333330","name":"Akhoum\u00e1tou"},{"id":"881582","latitude":"37.25000000","longitude":"22.33333330","name":"Akho\u00faria"},{"id":"881584","latitude":"36.58333330","longitude":"22.41666670","name":"\u00c1kia"},{"id":"881631","latitude":"36.48333330","longitude":"22.50000000","name":"Akroyi\u00e1lion"},{"id":"881644","latitude":"36.88333330","longitude":"22.56666670","name":"Alaibei"},{"id":"881645","latitude":"36.85000000","longitude":"22.68333330","name":"Alaimbei"},{"id":"881646","latitude":"36.88333330","longitude":"22.56666670","name":"Alaimb\u00e9\u00efs"},{"id":"881671","latitude":"36.95000000","longitude":"22.76666670","name":"Alepokh\u00f3ri"},{"id":"881677","latitude":"36.95000000","longitude":"22.76666670","name":"Alepokh\u00f3rion"},{"id":"881681","latitude":"37.05000000","longitude":"22.43333330","name":"Ales\u00eda"},{"id":"881689","latitude":"37.18333330","longitude":"22.30000000","name":"Alevro\u00fa"},{"id":"881720","latitude":"36.46666670","longitude":"22.43333330","name":"\u00c1lika"},{"id":"881745","latitude":"36.61666670","longitude":"22.48333330","name":"Al\u00edpos"},{"id":"881963","latitude":"37.03333330","longitude":"22.43333330","name":"Am\u00edklai"},{"id":"882095","latitude":"37.03333330","longitude":"22.36666670","name":"Anavrit\u00ed"},{"id":"882098","latitude":"37.03333330","longitude":"22.36666670","name":"Anavryti"},{"id":"882137","latitude":"36.48333330","longitude":"22.50000000","name":"Andoyi\u00e1li"},{"id":"882202","latitude":"36.75000000","longitude":"22.96666670","name":"Angel\u00f3na"},{"id":"882207","latitude":"36.56666670","longitude":"22.40000000","name":"Angiadh\u00e1ki"},{"id":"882208","latitude":"36.56666670","longitude":"22.40000000","name":"Angiadh\u00e1kion"},{"id":"882213","latitude":"36.75000000","longitude":"22.96666670","name":"Angil\u00f3na"},{"id":"882221","latitude":"36.65000000","longitude":"22.50000000","name":"Ang\u00f3nas"},{"id":"882285","latitude":"36.50000000","longitude":"22.41666670","name":"\u00c1no Boulario\u00ed"},{"id":"882286","latitude":"36.50000000","longitude":"22.41666670","name":"\u00c1no Boularyo\u00ed"},{"id":"882334","latitude":"36.53333330","longitude":"22.40000000","name":"\u00c1no Gardhen\u00edtsa"},{"id":"882350","latitude":"36.83333330","longitude":"22.80000000","name":"\u00c1no Glik\u00f3vrisi"},{"id":"882388","latitude":"36.73333330","longitude":"22.41666670","name":"\u00c1no Kar\u00e9a"},{"id":"882398","latitude":"36.55000000","longitude":"23.10000000","name":"\u00c1no Kastan\u00e9a"},{"id":"882399","latitude":"36.55000000","longitude":"23.10000000","name":"\u00c1no Kastani\u00e1"},{"id":"882550","latitude":"36.83333330","longitude":"22.31666670","name":"\u00c1no R\u00ednglia"},{"id":"882649","latitude":"36.98333330","longitude":"22.43333330","name":"An\u00f3yia"},{"id":"882697","latitude":"36.95000000","longitude":"22.46666670","name":"Anthokh\u00f3rion"},{"id":"882723","latitude":"36.58333330","longitude":"22.40000000","name":"Aofalot\u00ed"},{"id":"882739","latitude":"36.88333330","longitude":"22.80000000","name":"Apidh\u00e9a"},{"id":"882742","latitude":"36.88333330","longitude":"22.80000000","name":"Apidhi\u00e1"},{"id":"882746","latitude":"36.88333330","longitude":"22.80000000","name":"Apidia"},{"id":"882817","latitude":"36.85000000","longitude":"22.35000000","name":"Ar\u00e1khova"},{"id":"882882","latitude":"36.66388890","longitude":"22.38250000","name":"Are\u00f3poli"},{"id":"882883","latitude":"36.66388890","longitude":"22.38250000","name":"Are\u00f3polis"},{"id":"882891","latitude":"36.71666670","longitude":"22.35000000","name":"Arf\u00edngia"},{"id":"882902","latitude":"36.58333330","longitude":"22.46666670","name":"Argili\u00e1"},{"id":"882928","latitude":"36.76666670","longitude":"23.08333330","name":"Ari\u00e1na"},{"id":"882956","latitude":"36.96666670","longitude":"22.46666670","name":"Arkas\u00e1dhes"},{"id":"882957","latitude":"36.96666670","longitude":"22.46666670","name":"Arkas\u00e1s"},{"id":"882966","latitude":"36.63333330","longitude":"22.88333330","name":"Arkh\u00e1ngelos"},{"id":"882973","latitude":"36.50000000","longitude":"22.40000000","name":"Arkhi\u00e1"},{"id":"882981","latitude":"36.80000000","longitude":"22.48333330","name":"Arkhondik\u00f3n"},{"id":"883027","latitude":"36.88333330","longitude":"22.41666670","name":"\u00c1rna"},{"id":"883095","latitude":"36.58333330","longitude":"22.46666670","name":"Aryili\u00e1"},{"id":"883149","latitude":"36.86666670","longitude":"22.50000000","name":"As\u00edmi"},{"id":"883151","latitude":"36.86666670","longitude":"22.50000000","name":"As\u00edmion"},{"id":"883186","latitude":"36.73333330","longitude":"22.86666670","name":"Asop\u00f3s"},{"id":"883257","latitude":"36.83333330","longitude":"22.73333330","name":"Ast\u00e9ri"},{"id":"883260","latitude":"36.78333330","longitude":"22.46666670","name":"Ast\u00e9rion"},{"id":"883280","latitude":"36.71666670","longitude":"22.38333330","name":"Astr\u00f3va"},{"id":"883438","latitude":"36.70000000","longitude":"22.53333330","name":"Ayeran\u00f3s"},{"id":"883452","latitude":"36.66666670","longitude":"22.50000000","name":"Ay\u00eda"},{"id":"883470","latitude":"37.10000000","longitude":"22.36666670","name":"Ay\u00eda Ir\u00edni"},{"id":"883485","latitude":"36.53333330","longitude":"22.36666670","name":"Ay\u00eda Kiriak\u00ed"},{"id":"883498","latitude":"36.85000000","longitude":"22.45000000","name":"Ay\u00eda Mar\u00edna"},{"id":"883528","latitude":"36.66666670","longitude":"23.01666670","name":"Ay\u00eda Paraskev\u00ed"},{"id":"883579","latitude":"36.45000000","longitude":"22.46666670","name":"Ay\u00eda Tri\u00e1s"},{"id":"883590","latitude":"36.58333330","longitude":"22.40000000","name":"Ay\u00eda Varv\u00e1ra"},{"id":"883600","latitude":"36.78333330","longitude":"22.55000000","name":"\u00c1yioi An\u00e1ryiroi"},{"id":"883610","latitude":"36.55000000","longitude":"23.03333330","name":"\u00c1yioi Ap\u00f3stoloi"},{"id":"883623","latitude":"36.83333330","longitude":"22.68333330","name":"\u00c1yioi Taxi\u00e1rkhai"},{"id":"883635","latitude":"36.75000000","longitude":"22.93333330","name":"\u00c1yioi The\u00f3dhoroi"},{"id":"883667","latitude":"36.90000000","longitude":"22.71666670","name":"\u00c1yios Andhr\u00e9as"},{"id":"883707","latitude":"36.51666670","longitude":"22.36666670","name":"\u00c1yios Athan\u00e1sios"},{"id":"883731","latitude":"36.70000000","longitude":"22.93333330","name":"\u00c1yios Dhim\u00edtrios"},{"id":"883736","latitude":"36.56666670","longitude":"22.96666670","name":"\u00c1yios Elisa\u00edos"},{"id":"883737","latitude":"36.56666670","longitude":"22.96666670","name":"\u00c1yios Elissa\u00edos"},{"id":"883739","latitude":"36.75000000","longitude":"22.51666670","name":"\u00c1yios Evstr\u00e1tios"},{"id":"883743","latitude":"36.60000000","longitude":"23.05000000","name":"\u00c1yios Fok\u00e1s"},{"id":"883768","latitude":"36.75000000","longitude":"23.00000000","name":"\u00c1yios Io\u00e1nnis"},{"id":"883777","latitude":"37.13333330","longitude":"22.45000000","name":"\u00c1yios Io\u00e1nnis Theol\u00f3gos"},{"id":"883791","latitude":"36.50000000","longitude":"22.48333330","name":"\u00c1yios Kiprian\u00f3s"},{"id":"883805","latitude":"37.21666670","longitude":"22.28333330","name":"\u00c1yios Konstand\u00ednos"},{"id":"883818","latitude":"36.63333330","longitude":"22.95000000","name":"\u00c1yios M\u00e1mas"},{"id":"883832","latitude":"36.46666670","longitude":"23.16666670","name":"\u00c1yios M\u00edron"},{"id":"883857","latitude":"36.48333330","longitude":"22.41666670","name":"\u00c1yios Nik\u00f3laos"},{"id":"883863","latitude":"36.48333330","longitude":"23.10000000","name":"\u00c1yios Nik\u00f3laos Voi\u00f3n"},{"id":"883864","latitude":"36.75000000","longitude":"22.33333330","name":"\u00c1yios N\u00edkon"},{"id":"883881","latitude":"36.78333330","longitude":"22.51666670","name":"\u00c1yios P\u00e9tros"},{"id":"883889","latitude":"36.71666670","longitude":"22.95000000","name":"\u00c1yios Sar\u00e1ndos"},{"id":"883910","latitude":"36.65000000","longitude":"23.01666670","name":"\u00c1yios St\u00e9fanos"},{"id":"883938","latitude":"36.75000000","longitude":"22.53333330","name":"\u00c1yios Vas\u00edlios"},{"id":"883974","latitude":"36.53333330","longitude":"22.38333330","name":"\u00c1yios Ye\u00f3ryios"},{"id":"884115","latitude":"37.01666670","longitude":"22.46666670","name":"Barbal\u00ed"},{"id":"884187","latitude":"36.83333330","longitude":"23.00000000","name":"Belesa\u00edika"},{"id":"884188","latitude":"36.83333330","longitude":"23.00000000","name":"Beles\u00e9\u00efka"},{"id":"884215","latitude":"37.05000000","longitude":"22.36666670","name":"Bergat\u00e9\u00efka"},{"id":"884298","latitude":"37.18333330","longitude":"22.31666670","name":"Bolana\u00edika"},{"id":"884409","latitude":"36.73333330","longitude":"22.41666670","name":"Boutseli\u00e1nika"},{"id":"884458","latitude":"36.56666670","longitude":"22.41666670","name":"Br\u00edkion"},{"id":"884886","latitude":"36.93333330","longitude":"22.53333330","name":"Dh\u00e1fni"},{"id":"884890","latitude":"36.93333330","longitude":"22.53333330","name":"Dh\u00e1fnion"},{"id":"884912","latitude":"36.65000000","longitude":"22.90000000","name":"Dhaimon\u00eda"},{"id":"885045","latitude":"36.55000000","longitude":"23.05000000","name":"Dhermati\u00e1nika"},{"id":"885066","latitude":"36.81666670","longitude":"22.41666670","name":"Dhesf\u00edna"},{"id":"885107","latitude":"37.08333330","longitude":"22.36666670","name":"Dhi\u00e1selo"},{"id":"885111","latitude":"37.08333330","longitude":"22.36666670","name":"Dhi\u00e1selon"},{"id":"885162","latitude":"36.50000000","longitude":"22.48333330","name":"Dhimar\u00edstika"},{"id":"885199","latitude":"36.50000000","longitude":"22.41666670","name":"Dh\u00edporon"},{"id":"885200","latitude":"36.50000000","longitude":"22.41666670","name":"Dh\u00edporton"},{"id":"885202","latitude":"36.96666670","longitude":"22.40000000","name":"Dhip\u00f3tama"},{"id":"885210","latitude":"36.73333330","longitude":"22.50000000","name":"Dhir\u00f3n"},{"id":"885211","latitude":"36.65000000","longitude":"22.38333330","name":"Dhir\u00f3s"},{"id":"885306","latitude":"36.83333330","longitude":"22.70000000","name":"Dho\u00farali"},{"id":"885402","latitude":"36.65000000","longitude":"22.41666670","name":"Dhri\u00e1lia"},{"id":"885403","latitude":"36.58333330","longitude":"22.46666670","name":"Dhrial\u00ef"},{"id":"885404","latitude":"36.58333330","longitude":"22.46666670","name":"Dhri\u00e1lion"},{"id":"885405","latitude":"36.58333330","longitude":"22.40000000","name":"Dhr\u00edalon"},{"id":"885406","latitude":"36.58333330","longitude":"22.40000000","name":"Dhr\u00edalos"},{"id":"885409","latitude":"36.48333330","longitude":"22.36666670","name":"Dhri"},{"id":"885437","latitude":"36.85000000","longitude":"22.31666670","name":"Dhri\u00f3pi"},{"id":"885449","latitude":"36.78333330","longitude":"22.45000000","name":"Dhrivi\u00e1nika"},{"id":"885478","latitude":"36.66666670","longitude":"22.46666670","name":"Dhrosopiy\u00ed"},{"id":"885691","latitude":"36.83333330","longitude":"22.70000000","name":"Dur\u00e1li"},{"id":"885756","latitude":"36.51666670","longitude":"22.98333330","name":"Elaf\u00f3nisos"},{"id":"885772","latitude":"36.50000000","longitude":"22.38333330","name":"Ela\u00eda"},{"id":"885785","latitude":"36.71666670","longitude":"22.36666670","name":"Elaiokh\u00f3rion"},{"id":"885889","latitude":"36.50000000","longitude":"22.38333330","name":"Eli\u00e1"},{"id":"885891","latitude":"36.61666670","longitude":"22.91666670","name":"El\u00edka"},{"id":"885895","latitude":"36.51666670","longitude":"22.46666670","name":"Elimbi\u00e9s"},{"id":"885918","latitude":"36.61666670","longitude":"22.98333330","name":"Ellinik\u00f3n"},{"id":"885938","latitude":"36.83333330","longitude":"22.70000000","name":"\u00c9los"},{"id":"886023","latitude":"36.68333330","longitude":"23.05000000","name":"Epidaurus Limera"},{"id":"886039","latitude":"36.53333330","longitude":"22.38333330","name":"Episkop\u00ed"},{"id":"886097","latitude":"36.55000000","longitude":"22.40000000","name":"\u00c9rimos"},{"id":"886119","latitude":"36.55000000","longitude":"22.45000000","name":"\u00c9so N\u00edfi"},{"id":"886120","latitude":"36.55000000","longitude":"22.45000000","name":"Eso N\u00edmfi"},{"id":"886198","latitude":"36.50000000","longitude":"22.48333330","name":"\u00c9xo Dhimar\u00edstika"},{"id":"886216","latitude":"36.56666670","longitude":"22.46666670","name":"\u00c9xo N\u00edfi"},{"id":"886217","latitude":"36.56666670","longitude":"22.46666670","name":"\u00c9xo-N\u00edmfi"},{"id":"886218","latitude":"36.56666670","longitude":"22.46666670","name":"\u00c9xo N\u00edmfion"},{"id":"886265","latitude":"36.83333330","longitude":"22.35000000","name":"Fangrianika"},{"id":"886275","latitude":"36.53333330","longitude":"23.08333330","name":"Farakl\u00f3n"},{"id":"886290","latitude":"36.88333330","longitude":"22.56666670","name":"F\u00e1ros"},{"id":"886302","latitude":"36.68333330","longitude":"22.91666670","name":"Fava\u00edika"},{"id":"886370","latitude":"36.88333330","longitude":"22.66666670","name":"Fil\u00edsion"},{"id":"886440","latitude":"36.61666670","longitude":"22.46666670","name":"Flemokh\u00f3ri"},{"id":"886451","latitude":"36.70000000","longitude":"22.91666670","name":"Fl\u00f3ka"},{"id":"886455","latitude":"36.61666670","longitude":"22.46666670","name":"Flomokh\u00f3rion"},{"id":"886473","latitude":"36.73333330","longitude":"22.90000000","name":"Foin\u00edki"},{"id":"886476","latitude":"36.73333330","longitude":"22.90000000","name":"Foin\u00edkion"},{"id":"886482","latitude":"36.53333330","longitude":"22.38333330","name":"Fokalot\u00f3n"},{"id":"886535","latitude":"37.23333330","longitude":"22.28333330","name":"Founda\u00edika"},{"id":"886536","latitude":"37.23333330","longitude":"22.28333330","name":"Found\u00e9\u00efka"},{"id":"886570","latitude":"36.61666670","longitude":"23.00000000","name":"Fo\u00fatia"},{"id":"886581","latitude":"36.70000000","longitude":"22.48333330","name":"Fr\u00e1nga"},{"id":"886597","latitude":"36.60000000","longitude":"22.41666670","name":"Frango\u00falia"},{"id":"886598","latitude":"36.60000000","longitude":"22.41666670","name":"Frango\u00falias"},{"id":"886618","latitude":"36.90000000","longitude":"22.96666670","name":"Frenga"},{"id":"886668","latitude":"36.58333330","longitude":"22.40000000","name":"Ft\u00edon"},{"id":"886764","latitude":"36.83333330","longitude":"22.85000000","name":"Gangani\u00e1"},{"id":"886796","latitude":"36.83333330","longitude":"22.33333330","name":"Garmbel\u00e9a"},{"id":"886929","latitude":"36.75500000","longitude":"22.56416670","name":"Githion"},{"id":"886951","latitude":"36.61666670","longitude":"22.40000000","name":"Gl\u00e9zou"},{"id":"886973","latitude":"36.83333330","longitude":"22.80000000","name":"Glik\u00f3vrisi"},{"id":"886999","latitude":"37.03333330","longitude":"22.45000000","name":"Godh\u00e9na"},{"id":"887015","latitude":"36.63333330","longitude":"22.50000000","name":"Gon\u00e9a"},{"id":"887032","latitude":"36.91666670","longitude":"22.43333330","name":"Gorani"},{"id":"887033","latitude":"36.91666670","longitude":"22.43333330","name":"Gor\u00e1noi"},{"id":"887054","latitude":"37.03333330","longitude":"22.56666670","name":"Gorits\u00e1"},{"id":"887061","latitude":"37.03333330","longitude":"22.56666670","name":"Gortz\u00e1"},{"id":"887078","latitude":"36.46666670","longitude":"22.46666670","name":"Goul\u00e1s"},{"id":"887096","latitude":"37.03333330","longitude":"22.41666670","name":"Go\u00fanari"},{"id":"887097","latitude":"37.03333330","longitude":"22.41666670","name":"Go\u00fanaris"},{"id":"887146","latitude":"36.91666670","longitude":"22.75000000","name":"Go\u00favai"},{"id":"887149","latitude":"36.91666670","longitude":"22.75000000","name":"Go\u00favais"},{"id":"887154","latitude":"36.91666670","longitude":"22.75000000","name":"Go\u00faves"},{"id":"887193","latitude":"36.90000000","longitude":"22.65000000","name":"Gr\u00e1mmousa"},{"id":"887194","latitude":"36.90000000","longitude":"22.65000000","name":"Gr\u00e1mousa"},{"id":"887286","latitude":"36.75500000","longitude":"22.56416670","name":"G\u00fdtheio"},{"id":"887287","latitude":"36.75500000","longitude":"22.56416670","name":"G\u00fdtheion"},{"id":"887288","latitude":"36.75500000","longitude":"22.56416670","name":"G\u00fdthelon"},{"id":"887289","latitude":"36.75500000","longitude":"22.56416670","name":"Gythion"},{"id":"887299","latitude":"36.83333330","longitude":"22.43333330","name":"Hagios Nicolaos"},{"id":"887389","latitude":"36.80000000","longitude":"23.05000000","name":"I\u00e9rax"},{"id":"887525","latitude":"36.83333330","longitude":"22.31666670","name":"Isna"},{"id":"887589","latitude":"36.58333330","longitude":"22.40000000","name":"Kafi\u00f3na"},{"id":"887609","latitude":"36.45000000","longitude":"22.46666670","name":"Kaino\u00faryia Kh\u00f3ra"},{"id":"887727","latitude":"37.05000000","longitude":"22.41666670","name":"Kal\u00e1mi"},{"id":"887733","latitude":"37.05000000","longitude":"22.41666670","name":"Kal\u00e1mion"},{"id":"887777","latitude":"37.21666670","longitude":"22.30000000","name":"Kalarema\u00edika"},{"id":"887778","latitude":"37.21666670","longitude":"22.30000000","name":"Kalarem\u00e9\u00efka"},{"id":"887912","latitude":"36.66666670","longitude":"22.53333330","name":"Kal\u00edvia"},{"id":"887948","latitude":"37.01666670","longitude":"22.41666670","name":"Kal\u00edvia Sokh\u00e1"},{"id":"887949","latitude":"37.01666670","longitude":"22.41666670","name":"Kal\u00edvia Sokh\u00e1s"},{"id":"887952","latitude":"37.16666670","longitude":"22.45000000","name":"Kal\u00edvia Theol\u00f3gou"},{"id":"888035","latitude":"37.08333330","longitude":"22.65000000","name":"Kallith\u00e9a"},{"id":"888048","latitude":"36.51666670","longitude":"22.41666670","name":"Kallona\u00ed"},{"id":"888075","latitude":"37.06666670","longitude":"22.43333330","name":"Kalogoni\u00e1"},{"id":"888125","latitude":"36.51666670","longitude":"22.41666670","name":"Kalonio\u00ed"},{"id":"888133","latitude":"36.51666670","longitude":"22.41666670","name":"Kalono\u00ed"},{"id":"888136","latitude":"36.48333330","longitude":"22.36666670","name":"Kal\u00f3pirgos"},{"id":"888140","latitude":"36.63333330","longitude":"22.40000000","name":"Kal\u00f3s"},{"id":"888151","latitude":"36.63333330","longitude":"22.40000000","name":"Kalo\u00fa"},{"id":"888153","latitude":"36.56666670","longitude":"22.40000000","name":"Kalo\u00fami"},{"id":"888169","latitude":"36.58333330","longitude":"23.03333330","name":"Kaloyeri\u00e1nika"},{"id":"888172","latitude":"36.75000000","longitude":"23.01666670","name":"Kaloyer\u00edna"},{"id":"888213","latitude":"37.06666670","longitude":"22.41666670","name":"Kam\u00e1rai"},{"id":"888228","latitude":"36.68333330","longitude":"22.51666670","name":"Kam\u00e1res"},{"id":"888276","latitude":"36.63333330","longitude":"22.38333330","name":"Kambin\u00e1ra"},{"id":"888324","latitude":"36.95000000","longitude":"22.46666670","name":"Kam\u00ednia"},{"id":"888599","latitude":"36.98333330","longitude":"22.51666670","name":"Kar\u00e1spa\u00ef"},{"id":"888627","latitude":"36.68333330","longitude":"22.83333330","name":"Karavost\u00e1si"},{"id":"888629","latitude":"36.68333330","longitude":"22.83333330","name":"Karavost\u00e1sion"},{"id":"888677","latitude":"36.63333330","longitude":"22.40000000","name":"Kar\u00e9a"},{"id":"888729","latitude":"36.53333330","longitude":"22.41666670","name":"Kar\u00ednia"},{"id":"888740","latitude":"36.70000000","longitude":"22.48333330","name":"Kario\u00fapolis"},{"id":"888741","latitude":"36.85000000","longitude":"22.35000000","name":"Kariovouni"},{"id":"888742","latitude":"36.85000000","longitude":"22.35000000","name":"Kariovo\u00fanion"},{"id":"888844","latitude":"36.73333330","longitude":"22.48333330","name":"Karvel\u00e1"},{"id":"888845","latitude":"36.73333330","longitude":"22.48333330","name":"Karvel\u00e1s"},{"id":"888927","latitude":"36.86666670","longitude":"22.31666670","name":"Kastan\u00e9a"},{"id":"888942","latitude":"36.83333330","longitude":"22.40000000","name":"Kast\u00e1nia"},{"id":"888988","latitude":"37.16666670","longitude":"22.31666670","name":"Kast\u00f3ri"},{"id":"888989","latitude":"37.16666670","longitude":"22.31666670","name":"Kast\u00f3rion"},{"id":"889016","latitude":"36.43333330","longitude":"22.46666670","name":"Kastr\u00ed"},{"id":"889029","latitude":"37.16666670","longitude":"22.31666670","name":"Kastr\u00edon"},{"id":"889066","latitude":"36.81666670","longitude":"22.43333330","name":"K\u00e1stro Vardho\u00fania"},{"id":"889147","latitude":"36.80000000","longitude":"22.91666670","name":"Katav\u00f3thra"},{"id":"889208","latitude":"36.50000000","longitude":"22.40000000","name":"K\u00e1to Boulario\u00ed"},{"id":"889209","latitude":"36.50000000","longitude":"22.40000000","name":"K\u00e1to Boularyo\u00ed"},{"id":"889232","latitude":"36.96666670","longitude":"22.40000000","name":"K\u00e1to Dhip\u00f3tama"},{"id":"889255","latitude":"36.53333330","longitude":"22.40000000","name":"K\u00e1to Gardhen\u00edtsa"},{"id":"889264","latitude":"36.83333330","longitude":"22.78333330","name":"K\u00e1to Glik\u00f3vrisi"},{"id":"889297","latitude":"36.73333330","longitude":"22.41666670","name":"K\u00e1to Kar\u00e9a"},{"id":"889309","latitude":"36.53333330","longitude":"23.11666670","name":"K\u00e1to Kastan\u00e9a"},{"id":"889310","latitude":"36.53333330","longitude":"23.11666670","name":"K\u00e1to Kastani\u00e1"},{"id":"889332","latitude":"37.08333330","longitude":"22.36666670","name":"K\u00e1to Kh\u00f3ra"},{"id":"889459","latitude":"36.48333330","longitude":"22.95000000","name":"K\u00e1to Nis\u00ed"},{"id":"889527","latitude":"36.81666670","longitude":"22.30000000","name":"K\u00e1to R\u00ednglia"},{"id":"889583","latitude":"36.56666670","longitude":"23.03333330","name":"Kato\u00fania"},{"id":"889606","latitude":"36.83333330","longitude":"22.78333330","name":"K\u00e1to Vez\u00e1ni"},{"id":"889656","latitude":"37.03333330","longitude":"22.43333330","name":"Katsar\u00f3s"},{"id":"889659","latitude":"37.03333330","longitude":"22.43333330","name":"Katsaro\u00fa"},{"id":"889696","latitude":"36.95000000","longitude":"22.46666670","name":"Katsoula\u00edika"},{"id":"889698","latitude":"36.95000000","longitude":"22.46666670","name":"Katsoul\u00e9\u00efka"},{"id":"889702","latitude":"36.75000000","longitude":"22.50000000","name":"Katso\u00fambi"},{"id":"889733","latitude":"36.65000000","longitude":"22.43333330","name":"K\u00e1valon"},{"id":"889747","latitude":"36.70000000","longitude":"22.48333330","name":"Kavk\u00ed"},{"id":"889750","latitude":"37.00000000","longitude":"22.50000000","name":"Kavour\u00e1ki"},{"id":"889751","latitude":"37.00000000","longitude":"22.50000000","name":"Kavour\u00e1kion"},{"id":"889796","latitude":"37.03333330","longitude":"22.51666670","name":"Kefal\u00e1"},{"id":"889808","latitude":"37.03333330","longitude":"22.51666670","name":"Kefal\u00e1s"},{"id":"889853","latitude":"36.50000000","longitude":"22.40000000","name":"Kekhri\u00e1nika"},{"id":"889862","latitude":"36.71666670","longitude":"22.40000000","name":"Kelef\u00e1"},{"id":"889880","latitude":"37.06666670","longitude":"22.41666670","name":"Kem\u00e1l Ag\u00e1"},{"id":"890008","latitude":"36.50000000","longitude":"22.38333330","name":"K\u00e9ria"},{"id":"890084","latitude":"36.56666670","longitude":"22.48333330","name":"Khal\u00edkia"},{"id":"890096","latitude":"36.61666670","longitude":"22.48333330","name":"Khalki\u00e1"},{"id":"890154","latitude":"36.88333330","longitude":"22.51666670","name":"Kh\u00e1nia"},{"id":"890158","latitude":"36.80000000","longitude":"22.51666670","name":"Kh\u00e1nia Koutoumo\u00fas"},{"id":"890184","latitude":"36.43333330","longitude":"22.48333330","name":"Kh\u00e1rakes"},{"id":"890202","latitude":"36.91666670","longitude":"23.00000000","name":"Kh\u00e1rax"},{"id":"890206","latitude":"36.63333330","longitude":"22.40000000","name":"Khari\u00e1"},{"id":"890208","latitude":"37.06666670","longitude":"22.43333330","name":"Khar\u00edsion"},{"id":"890225","latitude":"36.60000000","longitude":"22.36666670","name":"Kharo\u00fadha"},{"id":"890283","latitude":"36.83333330","longitude":"22.55000000","name":"Kh\u00e9rsova"},{"id":"890300","latitude":"36.65000000","longitude":"22.46666670","name":"Khim\u00e1ra"},{"id":"890302","latitude":"36.65000000","longitude":"22.46666670","name":"Khim\u00e1rra"},{"id":"890397","latitude":"36.70000000","longitude":"22.90000000","name":"Khorioudh\u00e1kia"},{"id":"890398","latitude":"36.70000000","longitude":"22.90000000","name":"Khorioudh\u00e1ki"},{"id":"890418","latitude":"36.71666670","longitude":"22.50000000","name":"Khosi\u00e1rion"},{"id":"890421","latitude":"36.73333330","longitude":"22.33333330","name":"Khot\u00e1sia"},{"id":"890449","latitude":"37.10000000","longitude":"22.53333330","name":"Khr\u00edsafa"},{"id":"890526","latitude":"36.98333330","longitude":"22.50000000","name":"Kidhon\u00e9a"},{"id":"890529","latitude":"36.98333330","longitude":"22.50000000","name":"Kidhoni\u00e1"},{"id":"890600","latitude":"36.96666670","longitude":"22.98333330","name":"Kipar\u00edssi"},{"id":"890608","latitude":"36.96666670","longitude":"22.98333330","name":"Kipar\u00edssion"},{"id":"890614","latitude":"36.46666670","longitude":"22.43333330","name":"Kip\u00e1rissos"},{"id":"890626","latitude":"36.50000000","longitude":"22.36666670","name":"Kipo\u00fala"},{"id":"890636","latitude":"36.50000000","longitude":"22.48333330","name":"Kiprian\u00f3s"},{"id":"890711","latitude":"36.51666670","longitude":"22.40000000","name":"K\u00edtta"},{"id":"890713","latitude":"36.83333330","longitude":"22.33333330","name":"Kiv\u00e9lia"},{"id":"890726","latitude":"37.10000000","longitude":"22.43333330","name":"Kl\u00e1dha"},{"id":"890728","latitude":"37.10000000","longitude":"22.43333330","name":"Kladh\u00e1s"},{"id":"890737","latitude":"36.71666670","longitude":"22.40000000","name":"Kla\u00efni\u00e1nika"},{"id":"890738","latitude":"36.71666670","longitude":"22.40000000","name":"Klaini\u00e1noi"},{"id":"890742","latitude":"36.56666670","longitude":"23.01666670","name":"Klavo\u00fani"},{"id":"890867","latitude":"36.51666670","longitude":"22.40000000","name":"Ko\u00edta"},{"id":"890883","latitude":"36.51666670","longitude":"22.48333330","name":"Kokk\u00e1la"},{"id":"890894","latitude":"36.81666670","longitude":"22.45000000","name":"K\u00f3kkina Louri\u00e1"},{"id":"890901","latitude":"36.80000000","longitude":"22.78333330","name":"Kokkini\u00e1"},{"id":"890940","latitude":"37.10000000","longitude":"22.43333330","name":"Kokkin\u00f3rrakhi"},{"id":"890947","latitude":"36.61666670","longitude":"22.40000000","name":"Kokkinoy\u00e9nis"},{"id":"890949","latitude":"36.40000000","longitude":"22.48333330","name":"Kokkin\u00f3yia"},{"id":"890951","latitude":"36.40000000","longitude":"22.48333330","name":"Kokkinoyi\u00f3"},{"id":"890982","latitude":"36.73333330","longitude":"22.50000000","name":"Kolar\u00e1s"},{"id":"891016","latitude":"36.73333330","longitude":"22.50000000","name":"Kollar\u00e1"},{"id":"891043","latitude":"36.75000000","longitude":"22.51666670","name":"Kolotro\u00fapion"},{"id":"891109","latitude":"36.75000000","longitude":"22.46666670","name":"Kon\u00e1kia"},{"id":"891113","latitude":"36.75000000","longitude":"23.06666670","name":"Konda\u00edika"},{"id":"891118","latitude":"36.73333330","longitude":"22.86666670","name":"Kondevi\u00e1nika"},{"id":"891161","latitude":"36.56666670","longitude":"23.03333330","name":"Kondrafouri\u00e1nika"},{"id":"891179","latitude":"37.20000000","longitude":"22.40000000","name":"Konidh\u00edtsa"},{"id":"891235","latitude":"36.73333330","longitude":"22.43333330","name":"K\u00f3praina"},{"id":"891255","latitude":"36.53333330","longitude":"22.46666670","name":"Koraki\u00e1nika"},{"id":"891256","latitude":"36.53333330","longitude":"22.46666670","name":"Koraki\u00e1tika"},{"id":"891325","latitude":"36.45000000","longitude":"22.48333330","name":"Korogom\u00e1nika"},{"id":"891354","latitude":"36.45000000","longitude":"22.48333330","name":"Koroyi\u00e1nnika"},{"id":"891426","latitude":"36.48333330","longitude":"22.45000000","name":"Kotr\u00e1fi"},{"id":"891427","latitude":"36.48333330","longitude":"22.45000000","name":"Kotr\u00e1fion"},{"id":"891428","latitude":"36.56666670","longitude":"22.41666670","name":"Kotron\u00e1ki"},{"id":"891429","latitude":"36.61666670","longitude":"22.50000000","name":"K\u00f3tronas"},{"id":"891435","latitude":"36.81666670","longitude":"22.30000000","name":"Kotr\u00f3ni"},{"id":"891438","latitude":"36.81666670","longitude":"22.30000000","name":"Kotr\u00f3nion"},{"id":"891542","latitude":"36.61666670","longitude":"22.98333330","name":"Koul\u00e9ndia"},{"id":"891549","latitude":"36.75000000","longitude":"22.50000000","name":"Koulo\u00faka"},{"id":"891554","latitude":"36.56666670","longitude":"22.40000000","name":"Koulo\u00famion"},{"id":"891556","latitude":"36.85000000","longitude":"23.00000000","name":"Kouloura\u00edika"},{"id":"891574","latitude":"36.78333330","longitude":"22.33333330","name":"Ko\u00famani"},{"id":"891576","latitude":"36.78333330","longitude":"22.33333330","name":"Koum\u00e1noi"},{"id":"891588","latitude":"36.66666670","longitude":"22.43333330","name":"Koumar\u00edtsa"},{"id":"891606","latitude":"36.95000000","longitude":"22.41666670","name":"Koumoust\u00e1"},{"id":"891610","latitude":"36.71666670","longitude":"22.40000000","name":"Koumoutsi\u00e1nnika"},{"id":"891619","latitude":"36.56666670","longitude":"22.98333330","name":"Koundiouri\u00e1nika"},{"id":"891629","latitude":"36.50000000","longitude":"22.36666670","name":"Ko\u00fanos"},{"id":"891640","latitude":"36.86666670","longitude":"22.90000000","name":"Koupi\u00e1"},{"id":"891656","latitude":"37.20000000","longitude":"22.36666670","name":"Kourem\u00e9no"},{"id":"891657","latitude":"37.20000000","longitude":"22.36666670","name":"Kourem\u00e9nos"},{"id":"891705","latitude":"36.90000000","longitude":"22.45000000","name":"Kourtso\u00fana"},{"id":"891709","latitude":"36.66666670","longitude":"22.38333330","name":"Kousko\u00fani"},{"id":"891710","latitude":"36.66666670","longitude":"22.38333330","name":"Kousko\u00fanion"},{"id":"891725","latitude":"36.78333330","longitude":"22.33333330","name":"Kout\u00edfari"},{"id":"891735","latitude":"36.80000000","longitude":"22.50000000","name":"Koutoumo\u00fa"},{"id":"891744","latitude":"36.56666670","longitude":"22.40000000","name":"Koutr\u00e9la"},{"id":"891831","latitude":"36.70000000","longitude":"22.46666670","name":"K\u00f3zia"},{"id":"891832","latitude":"37.06666670","longitude":"22.41666670","name":"K\u00f3zi"},{"id":"891833","latitude":"37.06666670","longitude":"22.41666670","name":"K\u00f3zion"},{"id":"891898","latitude":"36.65000000","longitude":"22.38333330","name":"Kreli\u00e1nika"},{"id":"891919","latitude":"36.65000000","longitude":"22.38333330","name":"Kriali\u00e1nika"},{"id":"891944","latitude":"36.65000000","longitude":"22.38333330","name":"Krili\u00e1nika"},{"id":"891975","latitude":"36.71666670","longitude":"22.41666670","name":"Krion\u00e9ri"},{"id":"891989","latitude":"36.71666670","longitude":"22.41666670","name":"Krion\u00e9rion"},{"id":"892009","latitude":"36.60000000","longitude":"22.96666670","name":"Kri\u00f3vrisi"},{"id":"892040","latitude":"36.88333330","longitude":"22.55000000","name":"Krokea\u00ed"},{"id":"892091","latitude":"37.10000000","longitude":"22.53333330","name":"Krysapha"},{"id":"892158","latitude":"36.96666670","longitude":"22.98333330","name":"Kyparissia"},{"id":"892159","latitude":"36.96666670","longitude":"22.98333330","name":"Kypar\u00edssion"},{"id":"892177","latitude":"37.07333330","longitude":"22.42972220","name":"Lacedaemon"},{"id":"892204","latitude":"36.48333330","longitude":"22.48333330","name":"Lagia"},{"id":"892218","latitude":"36.65000000","longitude":"22.40000000","name":"Lagoko\u00edli"},{"id":"892219","latitude":"36.65000000","longitude":"22.40000000","name":"Lagoko\u00edlion"},{"id":"892226","latitude":"36.50000000","longitude":"22.36666670","name":"Lagoudhia\u00ed"},{"id":"892227","latitude":"36.50000000","longitude":"22.36666670","name":"Lagoudhi\u00e1"},{"id":"892249","latitude":"37.07333330","longitude":"22.42972220","name":"Lakeda\u00edmon"},{"id":"892259","latitude":"36.50000000","longitude":"23.08333330","name":"L\u00e1khi"},{"id":"892260","latitude":"36.50000000","longitude":"23.08333330","name":"L\u00e1khion"},{"id":"892284","latitude":"36.55000000","longitude":"22.40000000","name":"L\u00e1kkos"},{"id":"892326","latitude":"36.90000000","longitude":"22.96666670","name":"Lamb\u00f3kambos"},{"id":"892355","latitude":"36.70000000","longitude":"22.46666670","name":"Lang\u00e1dha"},{"id":"892435","latitude":"36.58333330","longitude":"23.03333330","name":"Latom\u00edon"},{"id":"892463","latitude":"36.48333330","longitude":"22.48333330","name":"L\u00e1yia"},{"id":"892467","latitude":"36.83333330","longitude":"22.58333330","name":"L\u00e1yion"},{"id":"892468","latitude":"36.83333330","longitude":"22.58333330","name":"L\u00e1yiou"},{"id":"892508","latitude":"36.83333330","longitude":"22.68333330","name":"L\u00e9\u00efmona"},{"id":"892509","latitude":"36.83333330","longitude":"22.68333330","name":"Le\u00edmonas"},{"id":"892525","latitude":"36.85000000","longitude":"22.46666670","name":"Lemon\u00e9ai"},{"id":"892526","latitude":"36.85000000","longitude":"22.46666670","name":"Lemoni\u00e1"},{"id":"892533","latitude":"36.50000000","longitude":"22.43333330","name":"Leond\u00e1ki"},{"id":"892534","latitude":"36.50000000","longitude":"22.43333330","name":"Leond\u00e1kis"},{"id":"892619","latitude":"36.88333330","longitude":"22.55000000","name":"Lev\u00e9tsova"},{"id":"892653","latitude":"36.61666670","longitude":"22.38333330","name":"Levki\u00e1s"},{"id":"892661","latitude":"37.01666670","longitude":"22.45000000","name":"Levk\u00ed"},{"id":"892665","latitude":"36.98333330","longitude":"22.51666670","name":"Levk\u00f3khoma"},{"id":"892691","latitude":"36.85000000","longitude":"22.26666670","name":"L\u00e9vktron"},{"id":"892692","latitude":"36.83333330","longitude":"22.30000000","name":"L\u00e9vktrou"},{"id":"892696","latitude":"36.95000000","longitude":"22.45000000","name":"Liaka\u00edika"},{"id":"892699","latitude":"36.91666670","longitude":"22.45000000","name":"Liand\u00edna"},{"id":"892753","latitude":"36.95000000","longitude":"22.45000000","name":"Lik\u00e9\u00efka"},{"id":"892800","latitude":"37.08333330","longitude":"22.35000000","name":"Liko\u00fargou"},{"id":"892819","latitude":"36.76666670","longitude":"22.50000000","name":"L\u00edmberdhon"},{"id":"892827","latitude":"36.66666670","longitude":"22.36666670","name":"Lim\u00e9nion"},{"id":"892834","latitude":"36.78333330","longitude":"23.08333330","name":"Lim\u00edn I\u00e9rakos"},{"id":"892922","latitude":"36.65000000","longitude":"22.96666670","name":"Lir\u00e1"},{"id":"893068","latitude":"36.78333330","longitude":"22.45000000","name":"Liyer\u00e9as"},{"id":"893113","latitude":"36.78333330","longitude":"23.05000000","name":"Long\u00e1ri"},{"id":"893115","latitude":"36.78333330","longitude":"23.05000000","name":"Long\u00e1rion"},{"id":"893117","latitude":"37.11666670","longitude":"22.35000000","name":"Long\u00e1stra"},{"id":"893141","latitude":"36.81666670","longitude":"22.31666670","name":"L\u00f3sna"},{"id":"893145","latitude":"36.63333330","longitude":"23.01666670","name":"Lotz\u00e1"},{"id":"893149","latitude":"36.63333330","longitude":"22.46666670","name":"Louk\u00e1dhika"},{"id":"893316","latitude":"37.08333330","longitude":"22.41666670","name":"Mago\u00fala"},{"id":"893400","latitude":"36.85000000","longitude":"22.73333330","name":"Makrin\u00e1ra"},{"id":"893494","latitude":"36.81666670","longitude":"22.45000000","name":"Malits\u00edna"},{"id":"893496","latitude":"36.80000000","longitude":"22.51666670","name":"Malliar\u00ed Siki\u00e1"},{"id":"893499","latitude":"36.56666670","longitude":"23.00000000","name":"M\u00e1lonari\u00e1nika"},{"id":"893563","latitude":"36.61666670","longitude":"22.38333330","name":"Mandof\u00f3ros"},{"id":"893644","latitude":"36.56666670","longitude":"23.00000000","name":"Manolari\u00e1nika"},{"id":"893680","latitude":"36.73333330","longitude":"22.48333330","name":"Marath\u00e9a"},{"id":"893681","latitude":"36.73333330","longitude":"22.48333330","name":"Marath\u00e9as"},{"id":"893709","latitude":"36.48333330","longitude":"22.45000000","name":"M\u00e1rathos"},{"id":"893764","latitude":"36.68333330","longitude":"22.93333330","name":"Marki\u00e1nika"},{"id":"893799","latitude":"36.43333330","longitude":"22.48333330","name":"Marm\u00e1ri"},{"id":"893803","latitude":"36.43333330","longitude":"22.48333330","name":"Marm\u00e1rion"},{"id":"893807","latitude":"36.60000000","longitude":"22.40000000","name":"Marmatso\u00faka"},{"id":"893820","latitude":"36.80000000","longitude":"22.53333330","name":"Maro\u00falia"},{"id":"893850","latitude":"36.65000000","longitude":"22.38333330","name":"Mastak\u00e1ria"},{"id":"894007","latitude":"36.73333330","longitude":"22.56666670","name":"Mavrovo\u00fanion"},{"id":"894097","latitude":"36.55000000","longitude":"22.98333330","name":"Meg\u00e1li Epili\u00e1"},{"id":"894124","latitude":"37.23333330","longitude":"22.53333330","name":"Meg\u00e1li Vr\u00edsi"},{"id":"894272","latitude":"36.81666670","longitude":"22.45000000","name":"M\u00e9lissa"},{"id":"894317","latitude":"36.85000000","longitude":"22.46666670","name":"Melit\u00edna"},{"id":"894318","latitude":"36.85000000","longitude":"22.46666670","name":"Mel\u00edtini"},{"id":"894329","latitude":"36.55000000","longitude":"23.01666670","name":"Mendi\u00e1nika"},{"id":"894353","latitude":"36.70000000","longitude":"22.48333330","name":"Meniouryi\u00e1nnika"},{"id":"894395","latitude":"36.50000000","longitude":"22.48333330","name":"M\u00e9sa Dhimar\u00edstika"},{"id":"894412","latitude":"36.55000000","longitude":"22.45000000","name":"M\u00e9sa Kh\u00f3ra"},{"id":"894420","latitude":"36.55000000","longitude":"22.40000000","name":"M\u00e9sapos"},{"id":"894489","latitude":"36.53333330","longitude":"23.08333330","name":"Mesokh\u00f3ri"},{"id":"894500","latitude":"36.53333330","longitude":"23.08333330","name":"Mesokh\u00f3rion"},{"id":"894600","latitude":"36.83333330","longitude":"22.85000000","name":"Metam\u00f3rfosis"},{"id":"894706","latitude":"36.63333330","longitude":"22.38333330","name":"M\u00e9topa"},{"id":"894716","latitude":"36.55000000","longitude":"22.40000000","name":"M\u00e9zakos"},{"id":"894717","latitude":"36.55000000","longitude":"22.40000000","name":"M\u00e9zapos"},{"id":"894721","latitude":"36.41666670","longitude":"22.48333330","name":"Miana\u00ed"},{"id":"894722","latitude":"36.41666670","longitude":"22.48333330","name":"Mian\u00e9s"},{"id":"894912","latitude":"36.83333330","longitude":"22.35000000","name":"Mil\u00e9a"},{"id":"894993","latitude":"36.55000000","longitude":"22.41666670","name":"M\u00edna"},{"id":"895050","latitude":"36.88333330","longitude":"22.70000000","name":"Mirt\u00e9a"},{"id":"895056","latitude":"36.88333330","longitude":"22.70000000","name":"Mirti\u00e1"},{"id":"895080","latitude":"37.06666670","longitude":"22.36666670","name":"Mistra"},{"id":"895081","latitude":"37.06666670","longitude":"22.36666670","name":"Mistr\u00e1s"},{"id":"895086","latitude":"37.11666670","longitude":"22.38333330","name":"Mit\u00e1tovon"},{"id":"895113","latitude":"36.68333330","longitude":"22.46666670","name":"Mitz\u00e9lina"},{"id":"895114","latitude":"36.68333330","longitude":"22.46666670","name":"Mitzi\u00f3lena"},{"id":"895141","latitude":"36.98333330","longitude":"22.56666670","name":"Molaiti"},{"id":"895143","latitude":"36.80027780","longitude":"22.85583330","name":"Mola"},{"id":"895144","latitude":"36.80027780","longitude":"22.85583330","name":"Mol\u00e1oi"},{"id":"895165","latitude":"36.76666670","longitude":"22.50000000","name":"Monakh\u00ed Siki\u00e1"},{"id":"895177","latitude":"36.66666670","longitude":"22.45000000","name":"Monastir\u00e1ki"},{"id":"895200","latitude":"36.50000000","longitude":"22.43333330","name":"Mondan\u00edstika"},{"id":"895201","latitude":"36.68333330","longitude":"23.05000000","name":"Monemvas\u00eda"},{"id":"895202","latitude":"36.68333330","longitude":"22.96666670","name":"Monemvas\u00edas"},{"id":"895315","latitude":"36.50000000","longitude":"22.43333330","name":"Moundan\u00edstika"},{"id":"895573","latitude":"36.61666670","longitude":"22.46666670","name":"N\u00e9a Kokkini\u00e1"},{"id":"895589","latitude":"37.16666670","longitude":"22.31666670","name":"N\u00e9a Liver\u00e1"},{"id":"895601","latitude":"36.73333330","longitude":"22.50000000","name":"N\u00e9a Marath\u00e9a"},{"id":"895626","latitude":"36.51666670","longitude":"23.06666670","name":"Ne\u00e1poli"},{"id":"895632","latitude":"36.51666670","longitude":"23.06666670","name":"Ne\u00e1polis"},{"id":"895647","latitude":"36.50000000","longitude":"22.38333330","name":"N\u00e9asa"},{"id":"895829","latitude":"36.68333330","longitude":"22.48333330","name":"Neokh\u00f3rion"},{"id":"895887","latitude":"36.68333330","longitude":"22.38333330","name":"N\u00e9on O\u00edtilon"},{"id":"895910","latitude":"36.51666670","longitude":"23.06666670","name":"Ne\u00f3polis"},{"id":"895921","latitude":"37.06666670","longitude":"22.43333330","name":"N\u00e9os K\u00f3smos"},{"id":"896019","latitude":"36.50000000","longitude":"22.38333330","name":"Niasa"},{"id":"896020","latitude":"36.90000000","longitude":"22.85000000","name":"Ni\u00e1ta"},{"id":"896025","latitude":"36.56666670","longitude":"22.46666670","name":"N\u00edfi"},{"id":"896032","latitude":"36.60000000","longitude":"22.38333330","name":"Nik\u00e1ndrion"},{"id":"896034","latitude":"36.60000000","longitude":"22.38333330","name":"Nik\u00e1rdhi"},{"id":"896039","latitude":"36.96666670","longitude":"22.41666670","name":"Nikh\u00f3ri"},{"id":"896040","latitude":"36.96666670","longitude":"22.41666670","name":"Nikh\u00f3rion"},{"id":"896084","latitude":"36.56666670","longitude":"22.46666670","name":"N\u00edmfi"},{"id":"896138","latitude":"36.71666670","longitude":"22.36666670","name":"Nombrev\u00edtsa"},{"id":"896139","latitude":"36.51666670","longitude":"22.40000000","name":"N\u00f3mia"},{"id":"896142","latitude":"36.80000000","longitude":"22.33333330","name":"Nomist\u00ed"},{"id":"896143","latitude":"36.80000000","longitude":"22.33333330","name":"Nomits\u00ed"},{"id":"896144","latitude":"36.80000000","longitude":"22.33333330","name":"Nomits\u00eds"},{"id":"896156","latitude":"36.71666670","longitude":"22.36666670","name":"Noumbrev\u00edtsa"},{"id":"896172","latitude":"36.56666670","longitude":"22.46666670","name":"Nymphi"},{"id":"896193","latitude":"36.51666670","longitude":"23.05000000","name":"Oikonomi\u00e1nika"},{"id":"896208","latitude":"36.70000000","longitude":"22.38333330","name":"O\u00edtilon"},{"id":"896212","latitude":"36.48333330","longitude":"22.38333330","name":"Okhi\u00e1"},{"id":"896228","latitude":"36.51666670","longitude":"22.46666670","name":"Olimbia\u00ed"},{"id":"896242","latitude":"36.65000000","longitude":"22.38333330","name":"Omala\u00ed"},{"id":"896413","latitude":"36.66666670","longitude":"22.55000000","name":"Pagan\u00e9a"},{"id":"896438","latitude":"36.53333330","longitude":"22.45000000","name":"Pakhi\u00e1nika"},{"id":"896448","latitude":"36.80000000","longitude":"22.85000000","name":"P\u00e1kia"},{"id":"896470","latitude":"36.73333330","longitude":"23.03333330","name":"Palai\u00e1 Monemvas\u00eda"},{"id":"896559","latitude":"36.58333330","longitude":"22.41666670","name":"Palaiokh\u00f3ra"},{"id":"896668","latitude":"36.98333330","longitude":"22.43333330","name":"Palaiopanay\u00eda"},{"id":"896699","latitude":"36.86666670","longitude":"22.46666670","name":"Palai\u00f3vrisi"},{"id":"896721","latitude":"36.71666670","longitude":"22.41666670","name":"Palav\u00edstia"},{"id":"896722","latitude":"36.71666670","longitude":"22.41666670","name":"Palav\u00edtsia"},{"id":"896768","latitude":"36.58333330","longitude":"22.41666670","name":"Paliokh\u00f3ra"},{"id":"896814","latitude":"36.98333330","longitude":"22.43333330","name":"Pali\u00f3panayia"},{"id":"896819","latitude":"36.63333330","longitude":"22.40000000","name":"Pali\u00f3pirgos"},{"id":"896857","latitude":"36.86666670","longitude":"22.46666670","name":"Pali\u00f3vrisi"},{"id":"896860","latitude":"36.41666670","longitude":"22.48333330","name":"P\u00e1liros"},{"id":"896876","latitude":"36.80000000","longitude":"22.46666670","name":"Palov\u00e1"},{"id":"896877","latitude":"36.80000000","longitude":"22.46666670","name":"Palov\u00e1s"},{"id":"896931","latitude":"36.48333330","longitude":"23.15000000","name":"Panay\u00eda"},{"id":"896945","latitude":"36.63333330","longitude":"23.00000000","name":"Panay\u00edtsa"},{"id":"896949","latitude":"36.60000000","longitude":"22.96666670","name":"Pand\u00e1nassa"},{"id":"896974","latitude":"36.51666670","longitude":"22.36666670","name":"P\u00e1ngia"},{"id":"896986","latitude":"36.75000000","longitude":"22.45000000","name":"P\u00e1nitsa"},{"id":"896987","latitude":"36.75000000","longitude":"22.45000000","name":"Panitza"},{"id":"896988","latitude":"36.85000000","longitude":"22.68333330","name":"Paniyir\u00edstra"},{"id":"897034","latitude":"36.65000000","longitude":"22.40000000","name":"Papadhi\u00e1nika"},{"id":"897063","latitude":"36.56666670","longitude":"23.03333330","name":"Papouli\u00e1nika"},{"id":"897078","latitude":"36.71666670","longitude":"22.86666670","name":"Pappadhi\u00e1nika"},{"id":"897102","latitude":"36.51666670","longitude":"23.08333330","name":"Paradh\u00edsion"},{"id":"897130","latitude":"36.96666670","longitude":"22.98333330","name":"Paral\u00eda"},{"id":"897165","latitude":"36.66666670","longitude":"22.48333330","name":"Parasir\u00f3s"},{"id":"897166","latitude":"36.85000000","longitude":"23.00000000","name":"Paraska\u00edika"},{"id":"897170","latitude":"36.85000000","longitude":"23.00000000","name":"Paraskh\u00e9\u00efka"},{"id":"897175","latitude":"36.66666670","longitude":"22.48333330","name":"Parastros"},{"id":"897180","latitude":"37.20000000","longitude":"22.35000000","name":"Pardh\u00e1lion"},{"id":"897181","latitude":"37.20000000","longitude":"22.35000000","name":"Pardh\u00e1li"},{"id":"897198","latitude":"37.06666670","longitude":"22.38333330","name":"Par\u00f3rion"},{"id":"897203","latitude":"37.06666670","longitude":"22.38333330","name":"Par\u00f3ri"},{"id":"897218","latitude":"36.53333330","longitude":"23.08333330","name":"Pas\u00e1kion"},{"id":"897354","latitude":"37.20000000","longitude":"22.31666670","name":"Pell\u00e1na"},{"id":"897413","latitude":"36.50000000","longitude":"22.43333330","name":"P\u00e9pon"},{"id":"897414","latitude":"36.50000000","longitude":"22.48333330","name":"P\u00e9ra Dhimar\u00edstika"},{"id":"897424","latitude":"36.96666670","longitude":"22.40000000","name":"P\u00e9ra Kh\u00f3ra"},{"id":"897489","latitude":"37.05000000","longitude":"22.36666670","name":"Perganda\u00edika"},{"id":"897517","latitude":"37.03333330","longitude":"22.45000000","name":"Perist\u00e9rion"},{"id":"897550","latitude":"37.18333330","longitude":"22.30000000","name":"Periv\u00f3lia"},{"id":"897582","latitude":"37.08333330","longitude":"22.56666670","name":"P\u00e9rpeni"},{"id":"897670","latitude":"36.85000000","longitude":"22.50000000","name":"Petr\u00edna"},{"id":"897734","latitude":"36.75000000","longitude":"22.51666670","name":"Petrovo\u00fanion"},{"id":"897788","latitude":"36.85000000","longitude":"22.31666670","name":"P\u00edala"},{"id":"897841","latitude":"37.08333330","longitude":"22.35000000","name":"Pikouli\u00e1nika"},{"id":"897851","latitude":"36.76666670","longitude":"22.46666670","name":"Pil\u00e1la"},{"id":"897890","latitude":"36.48333330","longitude":"22.50000000","name":"Pi\u00f3ndes"},{"id":"897916","latitude":"36.61666670","longitude":"22.38333330","name":"P\u00edrgos Dhiro\u00fa"},{"id":"897918","latitude":"36.83333330","longitude":"22.30000000","name":"P\u00edrgos L\u00e9vktrou"},{"id":"897937","latitude":"36.61666670","longitude":"22.38333330","name":"P\u00edrgos"},{"id":"897953","latitude":"36.98333330","longitude":"22.53333330","name":"Pir\u00ed"},{"id":"897957","latitude":"36.65000000","longitude":"22.43333330","name":"P\u00edrrikhos"},{"id":"898009","latitude":"36.90000000","longitude":"23.00000000","name":"Pist\u00e1mata"},{"id":"898056","latitude":"36.81666670","longitude":"22.31666670","name":"Piy\u00ed"},{"id":"898134","latitude":"37.03333330","longitude":"22.48333330","name":"Plat\u00e1na"},{"id":"898196","latitude":"36.76666670","longitude":"22.50000000","name":"Pl\u00e1tanos"},{"id":"898239","latitude":"36.71666670","longitude":"22.98333330","name":"Plat\u00f3ri"},{"id":"898242","latitude":"36.80000000","longitude":"22.31666670","name":"Pl\u00e1tsa"},{"id":"898282","latitude":"36.68333330","longitude":"22.83333330","name":"Pl\u00edtra"},{"id":"898285","latitude":"36.71666670","longitude":"22.46666670","name":"Plok\u00f3s"},{"id":"898324","latitude":"36.58333330","longitude":"22.40000000","name":"Pol\u00e1na"},{"id":"898327","latitude":"36.53333330","longitude":"22.43333330","name":"Polem\u00edta"},{"id":"898328","latitude":"36.53333330","longitude":"22.43333330","name":"Polem\u00edtas"},{"id":"898332","latitude":"36.75000000","longitude":"22.33333330","name":"Poli\u00e1na"},{"id":"898337","latitude":"36.80000000","longitude":"22.41666670","name":"Poli\u00e1ravas"},{"id":"898338","latitude":"36.80000000","longitude":"22.41666670","name":"Poli\u00e1ravos"},{"id":"898361","latitude":"37.18333330","longitude":"22.60000000","name":"Pol\u00eddhroson"},{"id":"898432","latitude":"36.93333330","longitude":"22.46666670","name":"Polov\u00edtsa"},{"id":"898499","latitude":"36.45000000","longitude":"22.46666670","name":"Por\u00e1khia"},{"id":"898509","latitude":"37.06666670","longitude":"22.38333330","name":"Por\u00f3ri"},{"id":"898540","latitude":"36.43333330","longitude":"22.48333330","name":"P\u00f3rto K\u00e1yio"},{"id":"898571","latitude":"36.93333330","longitude":"22.48333330","name":"Potami\u00e1"},{"id":"898682","latitude":"36.66666670","longitude":"23.01666670","name":"Prataz\u00eda"},{"id":"898683","latitude":"36.66666670","longitude":"23.01666670","name":"Pratazi\u00e9s"},{"id":"898765","latitude":"36.50000000","longitude":"22.46666670","name":"Prof\u00edtis Il\u00edas"},{"id":"898768","latitude":"36.68333330","longitude":"22.45000000","name":"Prog\u00f3nia"},{"id":"898801","latitude":"36.83333330","longitude":"22.48333330","name":"Pros\u00edlion"},{"id":"898805","latitude":"36.83333330","longitude":"22.48333330","name":"Pros\u00edli"},{"id":"898865","latitude":"36.78333330","longitude":"22.48333330","name":"Psath\u00e1kia"},{"id":"898884","latitude":"36.63333330","longitude":"23.03333330","name":"Psifi\u00e1"},{"id":"898910","latitude":"36.51666670","longitude":"22.38333330","name":"Ps\u00edon"},{"id":"898975","latitude":"36.61666670","longitude":"22.38333330","name":"Pyrgos"},{"id":"899052","latitude":"36.78333330","longitude":"22.53333330","name":"R\u00e1khi"},{"id":"899198","latitude":"36.63333330","longitude":"22.50000000","name":"Rigan\u00f3khora"},{"id":"899200","latitude":"36.85000000","longitude":"23.00000000","name":"Rikh\u00e9a"},{"id":"899201","latitude":"36.85000000","longitude":"23.00000000","name":"Rikhia"},{"id":"899204","latitude":"36.98333330","longitude":"22.31666670","name":"R\u00edndomon"},{"id":"899205","latitude":"36.98333330","longitude":"22.31666670","name":"R\u00edndomo"},{"id":"899209","latitude":"36.81666670","longitude":"22.30000000","name":"R\u00ednglia"},{"id":"899228","latitude":"37.05000000","longitude":"22.45000000","name":"Rivi\u00f3tissa"},{"id":"899247","latitude":"37.03333330","longitude":"22.46666670","name":"R\u00edza"},{"id":"899482","latitude":"36.85000000","longitude":"22.46666670","name":"R\u00f3zova"},{"id":"899501","latitude":"36.88333330","longitude":"22.28333330","name":"Sa\u00efdh\u00f3na"},{"id":"899502","latitude":"36.88333330","longitude":"22.28333330","name":"Saidh\u00f3n"},{"id":"899503","latitude":"36.88333330","longitude":"22.28333330","name":"Sa\u00efd\u00f3n"},{"id":"899578","latitude":"37.06666670","longitude":"22.58333330","name":"Sana\u00edika"},{"id":"899593","latitude":"37.06666670","longitude":"22.58333330","name":"San\u00e9\u00efka"},{"id":"899703","latitude":"36.73333330","longitude":"22.35000000","name":"Saxona\u00edika"},{"id":"899715","latitude":"36.66666670","longitude":"22.50000000","name":"Scutari"},{"id":"899720","latitude":"36.83333330","longitude":"22.68333330","name":"Se\u00efdal\u00ed"},{"id":"899730","latitude":"37.16666670","longitude":"22.41666670","name":"Selasi\u00e1"},{"id":"899731","latitude":"36.85000000","longitude":"22.41666670","name":"Selego\u00fadhion"},{"id":"899732","latitude":"36.85000000","longitude":"22.41666670","name":"Selego\u00fadhi"},{"id":"899744","latitude":"36.81666670","longitude":"22.28333330","name":"Sel\u00ednitsa"},{"id":"899759","latitude":"36.70000000","longitude":"22.46666670","name":"S\u00e9litsa"},{"id":"899765","latitude":"37.16666670","longitude":"22.41666670","name":"Sellas\u00eda"},{"id":"899774","latitude":"36.70000000","longitude":"22.46666670","name":"Sell\u00edtsa"},{"id":"899819","latitude":"37.16666670","longitude":"22.31666670","name":"Serva\u00edika"},{"id":"899820","latitude":"37.16666670","longitude":"22.31666670","name":"Serv\u00e9\u00efka"},{"id":"899896","latitude":"36.55000000","longitude":"23.05000000","name":"Sgardheli\u00e1nika"},{"id":"899936","latitude":"36.76666670","longitude":"22.41666670","name":"Sidhir\u00f3kastron"},{"id":"899969","latitude":"37.05000000","longitude":"22.41666670","name":"Sikar\u00e1kion"},{"id":"899985","latitude":"36.76666670","longitude":"22.93333330","name":"Sik\u00e9a"},{"id":"899989","latitude":"36.46666670","longitude":"22.45000000","name":"Sikhal\u00e1smata"},{"id":"900059","latitude":"36.80000000","longitude":"22.50000000","name":"S\u00edna"},{"id":"900360","latitude":"36.85000000","longitude":"22.66666670","name":"Sk\u00e1la"},{"id":"900383","latitude":"36.63333330","longitude":"22.48333330","name":"Skaltsoti\u00e1nika"},{"id":"900385","latitude":"36.73333330","longitude":"22.45000000","name":"Skamn\u00e1kion"},{"id":"900386","latitude":"36.73333330","longitude":"22.45000000","name":"Skamn\u00e1ki"},{"id":"900465","latitude":"36.58333330","longitude":"22.41666670","name":"Skifi\u00e1nika"},{"id":"900510","latitude":"37.03333330","longitude":"22.43333330","name":"Sklavokh\u00f3rion"},{"id":"900512","latitude":"37.03333330","longitude":"22.43333330","name":"Sklavokh\u00f3ri"},{"id":"900516","latitude":"36.56666670","longitude":"23.01666670","name":"Sklavo\u00fana"},{"id":"900581","latitude":"36.80000000","longitude":"22.45000000","name":"Skoufamiti"},{"id":"900582","latitude":"36.80000000","longitude":"22.45000000","name":"Skoufom\u00edti"},{"id":"900607","latitude":"37.01666670","longitude":"22.48333330","name":"Sko\u00fara"},{"id":"900617","latitude":"36.66666670","longitude":"22.50000000","name":"Skout\u00e1rion"},{"id":"900621","latitude":"36.66666670","longitude":"22.50000000","name":"Sko\u00fatari"},{"id":"900686","latitude":"37.00000000","longitude":"22.38333330","name":"Sokh\u00e1"},{"id":"900687","latitude":"37.00000000","longitude":"22.38333330","name":"Sokh\u00e1s"},{"id":"900695","latitude":"36.78333330","longitude":"22.46666670","name":"S\u00f3la"},{"id":"900721","latitude":"36.90000000","longitude":"22.71666670","name":"Sotira\u00ed\u00efka"},{"id":"900725","latitude":"36.98333330","longitude":"22.40000000","name":"Sot\u00edra"},{"id":"900728","latitude":"36.66666670","longitude":"22.38333330","name":"Sot\u00edras"},{"id":"900729","latitude":"36.90000000","longitude":"22.71666670","name":"Sotir\u00e9ika"},{"id":"900762","latitude":"36.83333330","longitude":"22.61666670","name":"So\u00falion"},{"id":"900792","latitude":"37.11666670","longitude":"22.33333330","name":"Sousti\u00e1ni"},{"id":"900793","latitude":"37.11666670","longitude":"22.33333330","name":"Sousti\u00e1noi"},{"id":"900822","latitude":"37.07333330","longitude":"22.42972220","name":"Sparta"},{"id":"900825","latitude":"37.07333330","longitude":"22.42972220","name":"Sparte"},{"id":"900829","latitude":"36.88333330","longitude":"22.40000000","name":"Sparti\u00e1"},{"id":"900836","latitude":"37.07333330","longitude":"22.42972220","name":"Sp\u00e1rti"},{"id":"900902","latitude":"36.51666670","longitude":"22.48333330","name":"Sp\u00edra"},{"id":"900908","latitude":"36.85000000","longitude":"23.00000000","name":"Spitha\u00edika"},{"id":"900940","latitude":"36.73333330","longitude":"22.46666670","name":"Stamel\u00edtsa"},{"id":"900952","latitude":"36.73333330","longitude":"22.46666670","name":"Star\u00e9litsa"},{"id":"900979","latitude":"36.51666670","longitude":"22.36666670","name":"Stavr\u00edon"},{"id":"900980","latitude":"36.51666670","longitude":"22.36666670","name":"Stavr\u00ed"},{"id":"901034","latitude":"36.68333330","longitude":"22.41666670","name":"Stavr\u00f3s"},{"id":"901057","latitude":"36.85000000","longitude":"22.60000000","name":"Stefani\u00e1"},{"id":"901069","latitude":"36.65000000","longitude":"23.01666670","name":"St\u00e9fanos"},{"id":"901150","latitude":"36.85000000","longitude":"22.26666670","name":"Sto\u00fapa"},{"id":"901171","latitude":"36.66666670","longitude":"22.45000000","name":"Stratiano\u00fa"},{"id":"901185","latitude":"36.51666670","longitude":"22.36666670","name":"Stravr\u00ed"},{"id":"901208","latitude":"36.83333330","longitude":"22.48333330","name":"Strodz\u00e1s"},{"id":"901285","latitude":"36.76666670","longitude":"22.93333330","name":"Sykea"},{"id":"901330","latitude":"37.06666670","longitude":"22.36666670","name":"Ta\u00efy\u00e9ti"},{"id":"901335","latitude":"36.66666670","longitude":"22.93333330","name":"T\u00e1landa"},{"id":"901337","latitude":"36.66666670","longitude":"22.93333330","name":"T\u00e1lanta"},{"id":"901353","latitude":"36.88333330","longitude":"22.48333330","name":"T\u00e1rapsa"},{"id":"901382","latitude":"36.75000000","longitude":"23.06666670","name":"Taxi\u00e1rkhai"},{"id":"901419","latitude":"36.66666670","longitude":"22.98333330","name":"T\u00e9ria"},{"id":"901444","latitude":"36.66666670","longitude":"22.98333330","name":"T\u00e9ryia"},{"id":"901453","latitude":"36.78333330","longitude":"22.33333330","name":"Thal\u00e1mai"},{"id":"901496","latitude":"37.13333330","longitude":"22.45000000","name":"The\u00f3logos"},{"id":"901658","latitude":"36.50000000","longitude":"22.46666670","name":"T\u00f3mbra"},{"id":"901679","latitude":"36.96666670","longitude":"22.40000000","name":"T\u00f3riza"},{"id":"901755","latitude":"36.76666670","longitude":"22.31666670","name":"Trakh\u00edla"},{"id":"901773","latitude":"36.98333330","longitude":"22.46666670","name":"Trapezand\u00ed"},{"id":"901777","latitude":"36.98333330","longitude":"22.46666670","name":"Trapezond\u00ed"},{"id":"901778","latitude":"36.98333330","longitude":"22.46666670","name":"Trapezound\u00ed"},{"id":"901803","latitude":"36.61666670","longitude":"22.40000000","name":"Triandafilli\u00e1"},{"id":"901901","latitude":"37.08333330","longitude":"22.35000000","name":"Tr\u00edpi"},{"id":"901941","latitude":"36.51666670","longitude":"22.36666670","name":"Trokh\u00e1lakas"},{"id":"901973","latitude":"37.06666670","longitude":"22.41666670","name":"Tsakal\u00e1ri"},{"id":"902010","latitude":"37.03333330","longitude":"22.45000000","name":"Tsao\u00fasi"},{"id":"902038","latitude":"36.86666670","longitude":"22.68333330","name":"Ts\u00e1sion"},{"id":"902039","latitude":"36.86666670","longitude":"22.68333330","name":"Ts\u00e1si"},{"id":"902044","latitude":"36.81666670","longitude":"22.41666670","name":"Tsef\u00edna"},{"id":"902058","latitude":"36.55000000","longitude":"23.01666670","name":"Tsengi\u00e1nika"},{"id":"902063","latitude":"37.05000000","longitude":"22.41666670","name":"Tseram\u00edon"},{"id":"902064","latitude":"37.05000000","longitude":"22.41666670","name":"Tserasm\u00f3"},{"id":"902065","latitude":"36.68333330","longitude":"22.43333330","name":"Tseratsi\u00e1"},{"id":"902070","latitude":"36.85000000","longitude":"22.45000000","name":"Ts\u00e9ria"},{"id":"902082","latitude":"36.66666670","longitude":"22.46666670","name":"Tserov\u00e1s"},{"id":"902083","latitude":"36.66666670","longitude":"22.46666670","name":"Tserov\u00e1"},{"id":"902126","latitude":"36.46666670","longitude":"22.45000000","name":"Tsikkali\u00e1"},{"id":"902140","latitude":"36.66388890","longitude":"22.38250000","name":"Ts\u00edmova"},{"id":"902161","latitude":"37.18333330","longitude":"22.31666670","name":"Tsipoura\u00edika"},{"id":"902172","latitude":"36.45000000","longitude":"22.46666670","name":"Ts\u00ed"},{"id":"902173","latitude":"37.18333330","longitude":"22.60000000","name":"Tsitsina"},{"id":"902183","latitude":"36.58333330","longitude":"22.40000000","name":"Ts\u00f3pakas"},{"id":"902201","latitude":"36.46666670","longitude":"22.45000000","name":"Tsoukali\u00e1"},{"id":"902286","latitude":"37.18333330","longitude":"22.60000000","name":"Tz\u00edtzina"},{"id":"902293","latitude":"36.73333330","longitude":"22.46666670","name":"Tzoumi\u00e1nika"},{"id":"902316","latitude":"37.01666670","longitude":"22.46666670","name":"Vafi\u00f3n"},{"id":"902335","latitude":"36.68333330","longitude":"22.43333330","name":"Vakh\u00f3n"},{"id":"902336","latitude":"36.68333330","longitude":"22.43333330","name":"Vakh\u00f3s"},{"id":"902338","latitude":"36.68333330","longitude":"22.43333330","name":"V\u00e1khou"},{"id":"902439","latitude":"36.56666670","longitude":"22.41666670","name":"V\u00e1mbaka"},{"id":"902447","latitude":"36.56666670","longitude":"22.41666670","name":"V\u00e1mvaka"},{"id":"902454","latitude":"37.25000000","longitude":"22.55000000","name":"Vamvako\u00fa"},{"id":"902487","latitude":"36.81666670","longitude":"22.43333330","name":"Vardho\u00fania"},{"id":"902506","latitude":"37.06666670","longitude":"22.45000000","name":"Varik\u00e1"},{"id":"902537","latitude":"37.06666670","longitude":"22.36666670","name":"Varsin\u00edkos"},{"id":"902539","latitude":"37.10000000","longitude":"22.36666670","name":"V\u00e1rsova"},{"id":"902560","latitude":"37.26666670","longitude":"22.53333330","name":"Varv\u00edtsa"},{"id":"902567","latitude":"37.16666670","longitude":"22.50000000","name":"Vasar\u00e1s"},{"id":"902575","latitude":"36.88333330","longitude":"22.48333330","name":"Vasil\u00e1kion"},{"id":"902598","latitude":"36.90000000","longitude":"22.45000000","name":"Vasilik\u00ed"},{"id":"902627","latitude":"37.16666670","longitude":"22.50000000","name":"Vassar\u00e1s"},{"id":"902637","latitude":"36.61666670","longitude":"22.46666670","name":"V\u00e1ta"},{"id":"902642","latitude":"36.73333330","longitude":"22.46666670","name":"Vathi\u00e1 L\u00e1kka"},{"id":"902644","latitude":"36.45000000","longitude":"22.46666670","name":"V\u00e1thia"},{"id":"902676","latitude":"36.71666670","longitude":"22.50000000","name":"Vath\u00ed"},{"id":"902692","latitude":"36.51666670","longitude":"23.06666670","name":"V\u00e1tika"},{"id":"902740","latitude":"36.48333330","longitude":"23.15000000","name":"Velan\u00eddhia"},{"id":"902765","latitude":"36.70000000","longitude":"22.95000000","name":"Velia\u00ed"},{"id":"902769","latitude":"36.70000000","longitude":"22.95000000","name":"Veli\u00e9s"},{"id":"902810","latitude":"36.63333330","longitude":"22.40000000","name":"Velo\u00fasi"},{"id":"902811","latitude":"36.63333330","longitude":"22.40000000","name":"Velo\u00fazi"},{"id":"902850","latitude":"37.18333330","longitude":"22.55000000","name":"V\u00e9ria"},{"id":"902864","latitude":"37.18333330","longitude":"22.55000000","name":"V\u00e9rroia"},{"id":"902903","latitude":"36.83333330","longitude":"22.80000000","name":"Vez\u00e1ni"},{"id":"902940","latitude":"36.53333330","longitude":"22.98333330","name":"Vingl\u00e1fia"},{"id":"903045","latitude":"36.86666670","longitude":"22.70000000","name":"Vlakhi\u00f3tika"},{"id":"903046","latitude":"36.86666670","longitude":"22.70000000","name":"Vlakhi\u00f3tis"},{"id":"903047","latitude":"36.86666670","longitude":"22.70000000","name":"Vlakhi\u00f3ti"},{"id":"903054","latitude":"37.06666670","longitude":"22.35000000","name":"Vlakhokh\u00f3rion"},{"id":"903055","latitude":"37.06666670","longitude":"22.35000000","name":"Vlakhokh\u00f3ri"},{"id":"903153","latitude":"37.13333330","longitude":"22.33333330","name":"Vordh\u00f3nia"},{"id":"903155","latitude":"37.13333330","longitude":"22.33333330","name":"Vordonia"},{"id":"903237","latitude":"36.63333330","longitude":"23.00000000","name":"Voumvouts\u00e9lia"},{"id":"903306","latitude":"37.15000000","longitude":"22.43333330","name":"Vouti\u00e1noi"},{"id":"903330","latitude":"36.63333330","longitude":"23.00000000","name":"Vouvouts\u00e9lia"},{"id":"903401","latitude":"37.23333330","longitude":"22.50000000","name":"Vr\u00e9sthena"},{"id":"903409","latitude":"36.56666670","longitude":"22.41666670","name":"Vrikio\u00ed"},{"id":"903410","latitude":"36.56666670","longitude":"22.41666670","name":"Vr\u00edkion"},{"id":"903414","latitude":"36.83333330","longitude":"22.73333330","name":"Vrin\u00edkion"},{"id":"903415","latitude":"36.83333330","longitude":"22.73333330","name":"Vrin\u00edkon"},{"id":"903419","latitude":"36.70000000","longitude":"22.48333330","name":"Vr\u00edsai"},{"id":"903482","latitude":"36.96666670","longitude":"22.65000000","name":"Vrondam\u00e1s"},{"id":"903507","latitude":"37.16666670","longitude":"22.41666670","name":"Vrouli\u00e1s"},{"id":"903508","latitude":"37.16666670","longitude":"22.41666670","name":"Vrouli\u00e1"},{"id":"903563","latitude":"36.65000000","longitude":"22.40000000","name":"Xepapadhi\u00e1nika"},{"id":"903573","latitude":"36.46666670","longitude":"22.45000000","name":"Xerolakkos"},{"id":"903630","latitude":"36.96666670","longitude":"22.45000000","name":"Xirok\u00e1mbion"},{"id":"903632","latitude":"36.96666670","longitude":"22.45000000","name":"Xirok\u00e1mbi"},{"id":"903656","latitude":"36.46666670","longitude":"22.45000000","name":"Xir\u00f3lakkos"},{"id":"903687","latitude":"36.61666670","longitude":"22.46666670","name":"Xo\u00fadha"},{"id":"903718","latitude":"37.00000000","longitude":"22.70000000","name":"Ybraki"},{"id":"903731","latitude":"36.68333330","longitude":"23.03333330","name":"Y\u00e9fira"},{"id":"903774","latitude":"37.20000000","longitude":"22.28333330","name":"Yeor\u00edtsi"},{"id":"903784","latitude":"37.20000000","longitude":"22.28333330","name":"Yeory\u00edtsion"},{"id":"903785","latitude":"37.20000000","longitude":"22.28333330","name":"Yeory\u00edtsi"},{"id":"903802","latitude":"36.80000000","longitude":"23.05000000","name":"Y\u00e9rakas"},{"id":"903809","latitude":"37.00000000","longitude":"22.70000000","name":"Yer\u00e1kion"},{"id":"903814","latitude":"37.00000000","longitude":"22.70000000","name":"Yer\u00e1ki"},{"id":"903830","latitude":"36.60000000","longitude":"22.96666670","name":"Yerm\u00e1na"},{"id":"903834","latitude":"36.71666670","longitude":"22.43333330","name":"Y\u00e9rma"},{"id":"903842","latitude":"36.48333330","longitude":"22.40000000","name":"Yerolim\u00edn"},{"id":"903866","latitude":"36.48333330","longitude":"22.41666670","name":"Yi\u00e1li"},{"id":"903888","latitude":"36.78333330","longitude":"22.48333330","name":"Y\u00edanni Khori\u00f3"},{"id":"903964","latitude":"36.75500000","longitude":"22.56416670","name":"Y\u00edthion"},{"id":"903965","latitude":"36.75500000","longitude":"22.56416670","name":"Y\u00edthio"},{"id":"903982","latitude":"37.03333330","longitude":"22.46666670","name":"Zag\u00e1non"},{"id":"904039","latitude":"37.08333330","longitude":"22.65000000","name":"Zaraf\u00f3na"},{"id":"904086","latitude":"36.85000000","longitude":"22.46666670","name":"Zel\u00edna"},{"id":"904232","latitude":"36.61666670","longitude":"22.46666670","name":"Zo\u00fafa"},{"id":"904244","latitude":"37.03333330","longitude":"22.61666670","name":"Zoupaina"},{"id":"904246","latitude":"36.78333330","longitude":"22.55000000","name":"Zo\u00fapena"}]