[{"id":"881082","latitude":"36.30000000","longitude":"28.15000000","name":"Af\u00e1ndou"},{"id":"881083","latitude":"36.30000000","longitude":"28.15000000","name":"Af\u00e1ntou"},{"id":"881093","latitude":"36.55861110","longitude":"27.17555560","name":"Afl\u00e1kion"},{"id":"881122","latitude":"35.68333330","longitude":"27.15000000","name":"Agamandia"},{"id":"881158","latitude":"35.40000000","longitude":"26.91666670","name":"Ag\u00eda Mar\u00edna"},{"id":"881224","latitude":"36.45861110","longitude":"27.31861110","name":"\u00c1gios Ant\u00f3nios"},{"id":"881242","latitude":"36.85361110","longitude":"27.22388890","name":"\u00c1gios Dim\u00edtrios"},{"id":"881245","latitude":"36.86166670","longitude":"27.33833330","name":"\u00c1gios Fok\u00e1s"},{"id":"881258","latitude":"36.84944440","longitude":"27.16500000","name":"\u00c1gios Ge\u00f3rgios"},{"id":"881310","latitude":"36.76083330","longitude":"26.99611110","name":"\u00c1gios St\u00e9fanos"},{"id":"881639","latitude":"36.15000000","longitude":"27.95000000","name":"Al\u00e1erma"},{"id":"881738","latitude":"36.25000000","longitude":"27.71666670","name":"Alimi\u00e1"},{"id":"881740","latitude":"36.25000000","longitude":"27.71666670","name":"Alimni\u00e1"},{"id":"881741","latitude":"37.16666670","longitude":"26.83333330","name":"\u00c1linda"},{"id":"881742","latitude":"36.25000000","longitude":"27.71666670","name":"Alinna"},{"id":"881834","latitude":"36.84527780","longitude":"27.17194440","name":"Amanio\u00fa"},{"id":"881916","latitude":"36.21666670","longitude":"27.86666670","name":"Ambonus"},{"id":"882107","latitude":"36.81083330","longitude":"27.09972220","name":"Andemaki"},{"id":"882125","latitude":"36.81083330","longitude":"27.09972220","name":"Andim\u00e1khia"},{"id":"882185","latitude":"35.68333330","longitude":"27.15000000","name":"Angam\u00e1ndia"},{"id":"882711","latitude":"36.81083330","longitude":"27.09972220","name":"Antim\u00e1cheia"},{"id":"882712","latitude":"36.81083330","longitude":"27.09972220","name":"Antimachia"},{"id":"882713","latitude":"36.81083330","longitude":"27.09972220","name":"Antimakhia"},{"id":"882733","latitude":"35.55000000","longitude":"27.18333330","name":"Ap\u00e9ri"},{"id":"882734","latitude":"35.55000000","longitude":"27.18333330","name":"Ap\u00e9rion"},{"id":"882759","latitude":"36.08333330","longitude":"27.80000000","name":"Apolakki\u00e1"},{"id":"882761","latitude":"36.08333330","longitude":"27.80000000","name":"Apollachia"},{"id":"882762","latitude":"36.25000000","longitude":"27.96666670","name":"Ap\u00f3llona"},{"id":"882843","latitude":"35.46666670","longitude":"27.13333330","name":"Arcasos"},{"id":"882844","latitude":"35.46666670","longitude":"27.13333330","name":"Arcassa"},{"id":"882850","latitude":"36.18333330","longitude":"28.13333330","name":"Arch\u00e1ngelos"},{"id":"882901","latitude":"37.01666670","longitude":"26.98333330","name":"Arghinonda"},{"id":"882955","latitude":"35.46666670","longitude":"27.13333330","name":"Ark\u00e1sa"},{"id":"882968","latitude":"36.18333330","longitude":"28.13333330","name":"Arkh\u00e1ngelos"},{"id":"882970","latitude":"35.46666670","longitude":"27.13333330","name":"Arkh\u00e1sa"},{"id":"883038","latitude":"36.05000000","longitude":"27.81666670","name":"Arnita"},{"id":"883039","latitude":"36.05000000","longitude":"27.81666670","name":"Arn\u00edtha"},{"id":"883084","latitude":"35.40000000","longitude":"26.93333330","name":"Arvanito"},{"id":"883088","latitude":"35.40000000","longitude":"26.93333330","name":"Arvanitokh\u00f3ri"},{"id":"883089","latitude":"35.40000000","longitude":"26.93333330","name":"Arvanitokh\u00f3rion"},{"id":"883100","latitude":"37.01666670","longitude":"26.98333330","name":"Aryin\u00f3nda"},{"id":"883129","latitude":"36.06666670","longitude":"27.93333330","name":"Asclipio"},{"id":"883138","latitude":"36.85083330","longitude":"27.20888890","name":"Asfendhio\u00fa"},{"id":"883142","latitude":"36.85083330","longitude":"27.20888890","name":"Asfendio\u00fa"},{"id":"883143","latitude":"36.85083330","longitude":"27.20888890","name":"Asfendiu"},{"id":"883163","latitude":"36.06666670","longitude":"27.93333330","name":"Askhlipi\u00f3"},{"id":"883169","latitude":"36.06666670","longitude":"27.93333330","name":"Asklipiion"},{"id":"883183","latitude":"36.85138890","longitude":"27.22138890","name":"As\u00f3matos"},{"id":"883262","latitude":"36.55000000","longitude":"26.35000000","name":"Astip\u00e1laia"},{"id":"883281","latitude":"36.55000000","longitude":"26.35000000","name":"Astypalaea"},{"id":"883282","latitude":"36.55000000","longitude":"26.35000000","name":"Astyp\u00e1laia"},{"id":"883378","latitude":"36.93277780","longitude":"27.13444440","name":"Avl\u00e1chia"},{"id":"883379","latitude":"36.93277780","longitude":"27.13444440","name":"Avlacia"},{"id":"883382","latitude":"36.93277780","longitude":"27.13444440","name":"Avl\u00e1khia"},{"id":"883399","latitude":"35.76666670","longitude":"27.18333330","name":"Avl\u00f3na"},{"id":"883501","latitude":"37.15000000","longitude":"26.86666670","name":"Ay\u00eda Mar\u00edna"},{"id":"883679","latitude":"36.45861110","longitude":"27.31861110","name":"\u00c1yios And\u00f3nios"},{"id":"883691","latitude":"36.45861110","longitude":"27.31861110","name":"\u00c1yios Ant\u00f3nios"},{"id":"883781","latitude":"36.15000000","longitude":"27.85000000","name":"\u00c1yios Is\u00eddhoros"},{"id":"884315","latitude":"37.05000000","longitude":"26.93333330","name":"Borio"},{"id":"884496","latitude":"36.33333330","longitude":"27.95000000","name":"Calavarda"},{"id":"884497","latitude":"36.21666670","longitude":"27.61666670","name":"Calchi"},{"id":"884498","latitude":"36.95000000","longitude":"26.98333330","name":"Calino"},{"id":"884502","latitude":"36.26666670","longitude":"27.91666670","name":"Capi"},{"id":"884503","latitude":"36.78138890","longitude":"27.14250000","name":"Cardamena"},{"id":"884504","latitude":"36.23333330","longitude":"27.85000000","name":"Castello"},{"id":"884508","latitude":"35.95000000","longitude":"27.76666670","name":"Cattavia"},{"id":"884510","latitude":"36.74527780","longitude":"26.95888890","name":"Cefalo"},{"id":"884512","latitude":"36.74527780","longitude":"26.95888890","name":"Cephalo"},{"id":"884621","latitude":"35.80000000","longitude":"27.21666670","name":"Chiglio"},{"id":"884652","latitude":"36.78138890","longitude":"27.14250000","name":"Chori\u00f3 Kard\u00e1maina"},{"id":"884656","latitude":"36.87888890","longitude":"27.14527780","name":"Chori\u00f3 Marm\u00e1ri"},{"id":"884657","latitude":"36.84888890","longitude":"27.07555560","name":"Chori\u00f3 Mastich\u00e1rion"},{"id":"884664","latitude":"36.93277780","longitude":"27.13444440","name":"Chori\u00f3 Ps\u00e9rimos"},{"id":"884669","latitude":"36.88777780","longitude":"27.18444440","name":"Chori\u00f3 Tigk\u00e1ki"},{"id":"884670","latitude":"36.93166670","longitude":"26.96388890","name":"Chori\u00f3 Vlych\u00e1dia"},{"id":"884706","latitude":"36.25000000","longitude":"28.16666670","name":"Colimbi"},{"id":"884707","latitude":"36.89333330","longitude":"27.28888890","name":"Coo"},{"id":"884711","latitude":"36.21666670","longitude":"27.60000000","name":"Corio"},{"id":"884712","latitude":"36.23333330","longitude":"27.85000000","name":"Costellos"},{"id":"884773","latitude":"36.98333330","longitude":"27.00000000","name":"Dasso"},{"id":"884972","latitude":"36.98333330","longitude":"27.00000000","name":"Dh\u00e1sos"},{"id":"885079","latitude":"35.75000000","longitude":"27.21666670","name":"Dhiaf\u00e1nion"},{"id":"885484","latitude":"35.75000000","longitude":"27.21666670","name":"Diafani"},{"id":"885485","latitude":"35.75000000","longitude":"27.21666670","name":"Diaf\u00e1nion"},{"id":"885786","latitude":"36.81222220","longitude":"27.17111110","name":"(( Elai\u00f3nas ))"},{"id":"885856","latitude":"36.25000000","longitude":"28.01666670","name":"Eleo\u00fasa"},{"id":"885896","latitude":"35.73333330","longitude":"27.18333330","name":"\u00c9limbos"},{"id":"885945","latitude":"35.73333330","longitude":"27.18333330","name":"Elymbos"},{"id":"885949","latitude":"36.21666670","longitude":"27.86666670","name":"\u00c9mbona"},{"id":"885950","latitude":"36.21666670","longitude":"27.86666670","name":"\u00c9mbonas"},{"id":"885951","latitude":"36.60333330","longitude":"27.17777780","name":"Embori\u00f3"},{"id":"885954","latitude":"36.60333330","longitude":"27.17777780","name":"Embori\u00f3s"},{"id":"885962","latitude":"36.60333330","longitude":"27.17777780","name":"Emporei\u00f3s"},{"id":"885964","latitude":"37.05000000","longitude":"26.93333330","name":"Emporia"},{"id":"885985","latitude":"36.31666670","longitude":"28.05000000","name":"Ep\u00e1no Kalam\u00f3n"},{"id":"886242","latitude":"36.35000000","longitude":"27.98333330","name":"F\u00e1nai"},{"id":"886258","latitude":"36.35000000","longitude":"27.98333330","name":"Fane"},{"id":"886263","latitude":"36.35000000","longitude":"27.98333330","name":"F\u00e1nes"},{"id":"886267","latitude":"35.48333330","longitude":"27.11666670","name":"Faniki"},{"id":"886385","latitude":"35.48333330","longitude":"27.11666670","name":"Finichi"},{"id":"886474","latitude":"35.48333330","longitude":"27.11666670","name":"Foin\u00edki"},{"id":"886477","latitude":"35.48333330","longitude":"27.11666670","name":"Foin\u00edkion"},{"id":"886622","latitude":"35.41666670","longitude":"26.93333330","name":"Fri"},{"id":"886640","latitude":"35.41666670","longitude":"26.93333330","name":"Fr\u00fd"},{"id":"886898","latitude":"36.88333330","longitude":"27.28333330","name":"Gherm\u00e9"},{"id":"887280","latitude":"36.66277780","longitude":"27.11944440","name":"Gyal\u00ed"},{"id":"887361","latitude":"36.40000000","longitude":"28.16666670","name":"Ialis\u00f3s"},{"id":"887362","latitude":"36.40000000","longitude":"28.16666670","name":"Ialissos"},{"id":"887363","latitude":"36.40000000","longitude":"28.16666670","name":"Ialys\u00f3s"},{"id":"887364","latitude":"36.40000000","longitude":"28.16666670","name":"Ialyss\u00f3s"},{"id":"887368","latitude":"36.01666670","longitude":"27.93333330","name":"Iannadi"},{"id":"887542","latitude":"36.10000000","longitude":"27.83333330","name":"Istrio"},{"id":"887543","latitude":"36.10000000","longitude":"27.83333330","name":"\u00cdstrios"},{"id":"887570","latitude":"36.41666670","longitude":"28.18333330","name":"Ixi\u00e1"},{"id":"887571","latitude":"36.41666670","longitude":"28.18333330","name":"Ix\u00f3s"},{"id":"887629","latitude":"36.88555560","longitude":"27.28694440","name":"Kak\u00e1 Pin\u00e1ri"},{"id":"887731","latitude":"36.31666670","longitude":"28.05000000","name":"Kalami\u00f3nas"},{"id":"887753","latitude":"36.31666670","longitude":"28.05000000","name":"Kalam\u00f3n"},{"id":"887791","latitude":"36.33333330","longitude":"27.95000000","name":"Kalav\u00e1rda"},{"id":"887792","latitude":"36.33333330","longitude":"27.95000000","name":"Kalav\u00e1rdha"},{"id":"887839","latitude":"36.95000000","longitude":"26.98333330","name":"K\u00e1limnos"},{"id":"888191","latitude":"36.95000000","longitude":"26.98333330","name":"K\u00e1lymnos"},{"id":"888239","latitude":"36.73472220","longitude":"26.96722220","name":"Kam\u00e1ri"},{"id":"888248","latitude":"36.73472220","longitude":"26.96722220","name":"Kam\u00e1rion"},{"id":"888286","latitude":"36.25000000","longitude":"28.01666670","name":"K\u00e1mbo-Ki\u00e1ro"},{"id":"888297","latitude":"36.74861110","longitude":"26.97138890","name":"K\u00e1mbos"},{"id":"888353","latitude":"36.74861110","longitude":"26.97138890","name":"K\u00e1mpos"},{"id":"888457","latitude":"36.26666670","longitude":"27.91666670","name":"Kap\u00edon"},{"id":"888636","latitude":"36.78138890","longitude":"27.14250000","name":"Kard\u00e1maina"},{"id":"888638","latitude":"36.78138890","longitude":"27.14250000","name":"Kardamena"},{"id":"888647","latitude":"36.78138890","longitude":"27.14250000","name":"Kardh\u00e1maina"},{"id":"888804","latitude":"35.50000000","longitude":"27.23333330","name":"K\u00e1rpathos"},{"id":"888980","latitude":"36.55000000","longitude":"26.35000000","name":"Kast\u00e9llo"},{"id":"888984","latitude":"36.23333330","longitude":"27.85000000","name":"K\u00e1stellos"},{"id":"889067","latitude":"35.95000000","longitude":"27.76666670","name":"Katabia"},{"id":"889142","latitude":"35.95000000","longitude":"27.76666670","name":"Katav\u00eda"},{"id":"889704","latitude":"35.95000000","longitude":"27.76666670","name":"Kattav\u00eda"},{"id":"889825","latitude":"36.74527780","longitude":"26.95888890","name":"K\u00e9falos"},{"id":"889908","latitude":"36.74527780","longitude":"26.95888890","name":"K\u00e9phalo"},{"id":"890018","latitude":"36.88333330","longitude":"27.28333330","name":"(( Kermet\u00e9s ))"},{"id":"890019","latitude":"36.88333330","longitude":"27.28333330","name":"Kermet\u00e9vs"},{"id":"890102","latitude":"36.21666670","longitude":"27.61666670","name":"Kh\u00e1lki"},{"id":"890371","latitude":"37.30000000","longitude":"26.51666670","name":"Kh\u00f3ra"},{"id":"890392","latitude":"36.21666670","longitude":"27.60000000","name":"Khori\u00f3"},{"id":"890396","latitude":"36.96666670","longitude":"26.96666670","name":"Khor\u00edon"},{"id":"890855","latitude":"35.80000000","longitude":"27.21666670","name":"Ko\u00edlio"},{"id":"890859","latitude":"35.80000000","longitude":"27.21666670","name":"Ko\u00edlion"},{"id":"891000","latitude":"36.25000000","longitude":"28.16666670","name":"Kol\u00edmbia"},{"id":"891378","latitude":"36.89333330","longitude":"27.28888890","name":"Kos"},{"id":"891903","latitude":"36.40000000","longitude":"28.11666670","name":"Kremast\u00ed"},{"id":"892029","latitude":"36.23333330","longitude":"27.85000000","name":"Kritin\u00eda"},{"id":"892176","latitude":"35.96666670","longitude":"27.86666670","name":"Lacania"},{"id":"892194","latitude":"36.15000000","longitude":"27.95000000","name":"L\u00e1erma"},{"id":"892228","latitude":"36.84861110","longitude":"27.20027780","name":"Lago\u00fadi"},{"id":"892229","latitude":"36.84861110","longitude":"27.20027780","name":"Lago\u00fadi Z\u00eda"},{"id":"892246","latitude":"35.96666670","longitude":"27.86666670","name":"Lakania"},{"id":"892254","latitude":"35.96666670","longitude":"27.86666670","name":"Lakhani\u00e1"},{"id":"892273","latitude":"37.13333330","longitude":"26.85000000","name":"Lakk\u00ed"},{"id":"892274","latitude":"37.13333330","longitude":"26.85000000","name":"Lakk\u00edon"},{"id":"892316","latitude":"36.90944440","longitude":"27.27027780","name":"L\u00e1mbi"},{"id":"892341","latitude":"36.90944440","longitude":"27.27027780","name":"L\u00e1mpi"},{"id":"892400","latitude":"36.10000000","longitude":"28.01666670","name":"L\u00e1rdhos"},{"id":"892401","latitude":"36.10000000","longitude":"28.01666670","name":"L\u00e1rdos"},{"id":"892506","latitude":"37.28333330","longitude":"26.76666670","name":"Leigoi"},{"id":"892564","latitude":"37.11666670","longitude":"26.86666670","name":"Lepida"},{"id":"892565","latitude":"37.11666670","longitude":"26.86666670","name":"L\u00e9pidha"},{"id":"892591","latitude":"36.39916670","longitude":"27.42361110","name":"Lera"},{"id":"892595","latitude":"37.15000000","longitude":"26.86666670","name":"Lero"},{"id":"892881","latitude":"36.96666670","longitude":"26.96666670","name":"Linari\u00e1"},{"id":"892883","latitude":"36.09055560","longitude":"28.08444440","name":"L\u00edndhos"},{"id":"892884","latitude":"36.09055560","longitude":"28.08444440","name":"L\u00edndos"},{"id":"892892","latitude":"36.86944440","longitude":"27.17416670","name":"Linop\u00f3tis"},{"id":"892917","latitude":"37.28333330","longitude":"26.76666670","name":"Lipso\u00ed"},{"id":"892918","latitude":"37.28333330","longitude":"26.76666670","name":"Lips\u00f3"},{"id":"892920","latitude":"37.28333330","longitude":"26.76666670","name":"Lips\u00f3s"},{"id":"893009","latitude":"36.41583330","longitude":"27.38500000","name":"Liv\u00e1dhia"},{"id":"893014","latitude":"36.41583330","longitude":"27.38500000","name":"Liv\u00e1dhi"},{"id":"893034","latitude":"36.41583330","longitude":"27.38500000","name":"Liv\u00e1dia"},{"id":"893568","latitude":"36.61138890","longitude":"27.13333330","name":"Mandracchio"},{"id":"893572","latitude":"36.61138890","longitude":"27.13333330","name":"Mandr\u00e1khi"},{"id":"893575","latitude":"36.61138890","longitude":"27.13333330","name":"Mandr\u00e1ki"},{"id":"893578","latitude":"36.61138890","longitude":"27.13333330","name":"Mandr\u00e1kion"},{"id":"893592","latitude":"36.28333330","longitude":"27.86666670","name":"Mandrico"},{"id":"893593","latitude":"36.28333330","longitude":"27.86666670","name":"Mandrikh\u00f3"},{"id":"893594","latitude":"36.28333330","longitude":"27.86666670","name":"Mandrik\u00f3n"},{"id":"893800","latitude":"36.87888890","longitude":"27.14527780","name":"Marm\u00e1ri"},{"id":"893852","latitude":"36.84888890","longitude":"27.07555560","name":"Masticari"},{"id":"893853","latitude":"36.84888890","longitude":"27.07555560","name":"Mastich\u00e1ri"},{"id":"893854","latitude":"36.84888890","longitude":"27.07555560","name":"Mastich\u00e1rion"},{"id":"893855","latitude":"36.84888890","longitude":"27.07555560","name":"Mastikh\u00e1ri"},{"id":"893856","latitude":"36.84888890","longitude":"27.07555560","name":"Mastikh\u00e1rion"},{"id":"894131","latitude":"36.44916670","longitude":"27.34833330","name":"Meg\u00e1lo Chori\u00f3"},{"id":"894133","latitude":"36.44916670","longitude":"27.34833330","name":"Meg\u00e1lo Chori\u00f3n"},{"id":"894135","latitude":"36.44916670","longitude":"27.34833330","name":"Megalocorio"},{"id":"894147","latitude":"36.44916670","longitude":"27.34833330","name":"Meg\u00e1lo Khori\u00f3"},{"id":"894153","latitude":"36.44916670","longitude":"27.34833330","name":"Meg\u00e1lon Chor\u00edon"},{"id":"894157","latitude":"36.44916670","longitude":"27.34833330","name":"Meg\u00e1lon Khor\u00edon"},{"id":"894337","latitude":"35.48333330","longitude":"27.18333330","name":"Menetaes"},{"id":"894338","latitude":"35.48333330","longitude":"27.18333330","name":"Meneta\u00ed"},{"id":"894339","latitude":"35.48333330","longitude":"27.18333330","name":"Menete"},{"id":"894340","latitude":"35.48333330","longitude":"27.18333330","name":"Menet\u00e9s"},{"id":"894354","latitude":"35.48333330","longitude":"27.18333330","name":"Menites"},{"id":"894418","latitude":"36.00000000","longitude":"27.81666670","name":"Mesanagr\u00f3s"},{"id":"894478","latitude":"35.61666670","longitude":"27.11666670","name":"Mesoch\u00f3rion"},{"id":"894491","latitude":"35.61666670","longitude":"27.11666670","name":"Mesokh\u00f3ri"},{"id":"894502","latitude":"35.61666670","longitude":"27.11666670","name":"Mesokh\u00f3rion"},{"id":"894571","latitude":"36.00000000","longitude":"27.81666670","name":"Messanagro"},{"id":"894576","latitude":"35.61666670","longitude":"27.11666670","name":"Messocorio"},{"id":"894733","latitude":"36.42083330","longitude":"27.37138890","name":"Microcorio"},{"id":"894734","latitude":"36.41666670","longitude":"28.18333330","name":"Micsi"},{"id":"894806","latitude":"36.42083330","longitude":"27.37138890","name":"Mikr\u00f3 Khori\u00f3"},{"id":"894831","latitude":"36.42083330","longitude":"27.37138890","name":"Mikr\u00f3n Chor\u00edon"},{"id":"894848","latitude":"36.42083330","longitude":"27.37138890","name":"Mikr\u00f3n Khor\u00edon"},{"id":"895046","latitude":"36.98333330","longitude":"26.95000000","name":"Mirt\u00e9ai"},{"id":"895057","latitude":"36.98333330","longitude":"26.95000000","name":"Mirti\u00e1"},{"id":"895060","latitude":"36.98333330","longitude":"26.95000000","name":"Mirti\u00e9"},{"id":"895115","latitude":"36.41666670","longitude":"28.18333330","name":"M\u00edxi"},{"id":"895228","latitude":"36.11666670","longitude":"27.75000000","name":"Monolitho"},{"id":"895231","latitude":"36.11666670","longitude":"27.75000000","name":"Mon\u00f3lithos"},{"id":"895233","latitude":"36.11666670","longitude":"27.75000000","name":"Monolito"},{"id":"895474","latitude":"36.26666670","longitude":"27.90000000","name":"N\u00e1noi"},{"id":"895475","latitude":"36.26666670","longitude":"27.90000000","name":"Nano"},{"id":"895797","latitude":"36.45000000","longitude":"28.25000000","name":"Neo Khorio"},{"id":"896021","latitude":"36.57416670","longitude":"27.17777780","name":"Nicchia"},{"id":"896038","latitude":"36.57416670","longitude":"27.17777780","name":"Nikhi\u00e1"},{"id":"896042","latitude":"36.57416670","longitude":"27.17777780","name":"Niki\u00e1"},{"id":"896092","latitude":"36.45000000","longitude":"28.25000000","name":"Niokh\u00f3ri"},{"id":"896180","latitude":"35.41666670","longitude":"26.93333330","name":"Ofri"},{"id":"896233","latitude":"35.73333330","longitude":"27.18333330","name":"Olimbo"},{"id":"896235","latitude":"35.73333330","longitude":"27.18333330","name":"\u00d3limbos"},{"id":"896241","latitude":"35.73333330","longitude":"27.18333330","name":"\u00d3lympos"},{"id":"896378","latitude":"35.53333330","longitude":"27.15000000","name":"\u00d3thos"},{"id":"896380","latitude":"35.53333330","longitude":"27.15000000","name":"Oto"},{"id":"896658","latitude":"36.83500000","longitude":"27.19138890","name":"Palai\u00f3n Pyl\u00edon"},{"id":"896715","latitude":"36.61777780","longitude":"27.17083330","name":"P\u00e1la"},{"id":"896823","latitude":"36.83500000","longitude":"27.19138890","name":"Pali\u00f3 Pyl\u00edon"},{"id":"896868","latitude":"36.61777780","longitude":"27.17083330","name":"P\u00e1loi"},{"id":"896869","latitude":"36.61777780","longitude":"27.17083330","name":"Palo"},{"id":"896895","latitude":"35.40000000","longitude":"26.93333330","name":"Panaia"},{"id":"896934","latitude":"35.40000000","longitude":"26.93333330","name":"Panay\u00eda"},{"id":"896990","latitude":"36.31666670","longitude":"28.05000000","name":"Pano Calamona"},{"id":"896999","latitude":"36.53333330","longitude":"27.85000000","name":"Panormitian"},{"id":"897000","latitude":"36.53333330","longitude":"27.85000000","name":"Panorm\u00edti"},{"id":"897001","latitude":"36.53333330","longitude":"27.85000000","name":"Panorm\u00edtis"},{"id":"897094","latitude":"36.40000000","longitude":"28.08333330","name":"Parade\u00edsion"},{"id":"897095","latitude":"36.66277780","longitude":"27.11944440","name":"Parade\u00edsi"},{"id":"897103","latitude":"36.40000000","longitude":"28.08333330","name":"Paradh\u00edsion"},{"id":"897105","latitude":"36.40000000","longitude":"28.08333330","name":"Paradh\u00edsi"},{"id":"897207","latitude":"37.16666670","longitude":"26.80000000","name":"Parteni"},{"id":"897211","latitude":"37.16666670","longitude":"26.80000000","name":"Parth\u00e9nion"},{"id":"897214","latitude":"37.16666670","longitude":"26.80000000","name":"Parth\u00e9ni"},{"id":"897256","latitude":"37.30000000","longitude":"26.51666670","name":"Patmo"},{"id":"897257","latitude":"37.30000000","longitude":"26.51666670","name":"P\u00e1tmos"},{"id":"897331","latitude":"35.50000000","longitude":"27.23333330","name":"Pegadia"},{"id":"897752","latitude":"36.31666670","longitude":"28.05000000","name":"Pever\u00e1nio"},{"id":"897777","latitude":"36.35000000","longitude":"27.98333330","name":"Phanaes"},{"id":"897811","latitude":"35.50000000","longitude":"27.23333330","name":"Pig\u00e1dhia"},{"id":"897822","latitude":"35.50000000","longitude":"27.23333330","name":"Pigadia"},{"id":"897850","latitude":"35.51666670","longitude":"27.13333330","name":"Pila\u00ed"},{"id":"897857","latitude":"35.51666670","longitude":"27.13333330","name":"Pile"},{"id":"897858","latitude":"35.51666670","longitude":"27.13333330","name":"Pil\u00e9s"},{"id":"897863","latitude":"36.84777780","longitude":"27.16138890","name":"Pil\u00edon"},{"id":"897869","latitude":"36.84777780","longitude":"27.16138890","name":"Pil\u00ed"},{"id":"898159","latitude":"36.88361110","longitude":"27.26694440","name":"Plat\u00e1nion"},{"id":"898377","latitude":"36.89333330","longitude":"27.28888890","name":"P\u00f3li Kos"},{"id":"898396","latitude":"35.40000000","longitude":"26.95000000","name":"P\u00f3lion"},{"id":"898402","latitude":"35.40000000","longitude":"26.95000000","name":"P\u00f3li"},{"id":"898537","latitude":"37.13333330","longitude":"26.85000000","name":"Port Laki"},{"id":"898544","latitude":"37.13333330","longitude":"26.85000000","name":"Portolago"},{"id":"898548","latitude":"36.45861110","longitude":"27.31861110","name":"Porto San Antonio"},{"id":"898592","latitude":"36.95000000","longitude":"26.98333330","name":"Pothaia"},{"id":"898593","latitude":"36.95000000","longitude":"26.98333330","name":"P\u00f3thia"},{"id":"898757","latitude":"36.08333330","longitude":"27.85000000","name":"Prof\u00edlia"},{"id":"898879","latitude":"36.93277780","longitude":"27.13444440","name":"Ps\u00e9rimos"},{"id":"898958","latitude":"36.84777780","longitude":"27.16138890","name":"Pyl\u00edon"},{"id":"898962","latitude":"36.84777780","longitude":"27.16138890","name":"Pylli"},{"id":"899331","latitude":"36.44083330","longitude":"28.22250000","name":"R\u00f3dhos"},{"id":"899343","latitude":"36.44083330","longitude":"28.22250000","name":"R\u00f3dos"},{"id":"899505","latitude":"36.15000000","longitude":"27.85000000","name":"Saint Isidoro"},{"id":"899506","latitude":"35.40000000","longitude":"26.91666670","name":"Saint Marina"},{"id":"899524","latitude":"36.28333330","longitude":"27.95000000","name":"Salaco"},{"id":"899526","latitude":"36.28333330","longitude":"27.95000000","name":"S\u00e1lakhos"},{"id":"899528","latitude":"36.28333330","longitude":"27.95000000","name":"S\u00e1lakos"},{"id":"899581","latitude":"36.25000000","longitude":"28.16666670","name":"San Bened\u00e9to"},{"id":"899655","latitude":"35.90000000","longitude":"27.21666670","name":"Sar\u00eda"},{"id":"899710","latitude":"36.41583330","longitude":"27.38500000","name":"Scala"},{"id":"899711","latitude":"37.03333330","longitude":"26.96666670","name":"Scalia"},{"id":"899812","latitude":"37.10000000","longitude":"26.86666670","name":"Serocampo"},{"id":"899915","latitude":"36.15000000","longitude":"27.78333330","name":"Si\u00e1na"},{"id":"899917","latitude":"36.15000000","longitude":"27.78333330","name":"Si\u00e1nna"},{"id":"900041","latitude":"36.61333330","longitude":"27.84083330","name":"S\u00edmi"},{"id":"900362","latitude":"37.31666670","longitude":"26.53333330","name":"Sk\u00e1la"},{"id":"900371","latitude":"37.03333330","longitude":"26.96666670","name":"Skali\u00e1"},{"id":"900706","latitude":"36.61333330","longitude":"27.84083330","name":"Sombeki"},{"id":"900913","latitude":"35.63333330","longitude":"27.15000000","name":"Sp\u00f3a"},{"id":"901298","latitude":"36.61333330","longitude":"27.84083330","name":"S\u00fdmi"},{"id":"901401","latitude":"36.98333330","longitude":"26.93333330","name":"Telenda"},{"id":"901402","latitude":"36.98333330","longitude":"26.93333330","name":"T\u00e9lendhos"},{"id":"901403","latitude":"36.98333330","longitude":"26.93333330","name":"Telendo"},{"id":"901408","latitude":"37.13333330","longitude":"26.85000000","name":"Temania"},{"id":"901605","latitude":"36.88777780","longitude":"27.18444440","name":"Tigk\u00e1kion"},{"id":"901616","latitude":"35.80000000","longitude":"27.21666670","name":"T\u00edlai"},{"id":"901629","latitude":"36.88777780","longitude":"27.18444440","name":"Ting\u00e1kion"},{"id":"901809","latitude":"36.40000000","longitude":"28.16666670","name":"Tri\u00e1nda"},{"id":"901814","latitude":"36.40000000","longitude":"28.16666670","name":"Tri\u00e1nta"},{"id":"902668","latitude":"36.96666670","longitude":"27.01666670","name":"Vath\u00eds"},{"id":"902694","latitude":"36.05000000","longitude":"27.88333330","name":"V\u00e1tion"},{"id":"902698","latitude":"36.05000000","longitude":"27.88333330","name":"V\u00e1ti"},{"id":"902934","latitude":"36.40000000","longitude":"28.08333330","name":"Villan\u00f3va"},{"id":"903108","latitude":"36.93166670","longitude":"26.96388890","name":"Vlych\u00e1dia"},{"id":"903124","latitude":"35.55000000","longitude":"27.16666670","name":"Volada"},{"id":"903125","latitude":"35.55000000","longitude":"27.16666670","name":"Vol\u00e1dha"},{"id":"903148","latitude":"35.90000000","longitude":"27.25000000","name":"Voni\u00e1"},{"id":"903640","latitude":"37.10000000","longitude":"26.86666670","name":"Xir\u00f3kambos"},{"id":"903756","latitude":"36.01666670","longitude":"27.93333330","name":"Yenn\u00e1dhion"},{"id":"903757","latitude":"36.01666670","longitude":"27.93333330","name":"Yenn\u00e1dhi"},{"id":"903859","latitude":"35.75000000","longitude":"27.21666670","name":"Yiaf\u00e1ani"},{"id":"903867","latitude":"36.66277780","longitude":"27.11944440","name":"Yial\u00ed"},{"id":"903879","latitude":"36.01666670","longitude":"27.93333330","name":"Yiann\u00e1dhi"},{"id":"904181","latitude":"36.87500000","longitude":"27.20416670","name":"Zip\u00e1rion"},{"id":"904182","latitude":"36.87500000","longitude":"27.20416670","name":"Zip\u00e1ri"}]