[{"id":"881059","latitude":"37.40000000","longitude":"22.60000000","name":"A\u00ebtokh\u00f3rion"},{"id":"881071","latitude":"37.66666670","longitude":"21.91666670","name":"A\u00ebtorr\u00e1khi"},{"id":"881120","latitude":"37.58333330","longitude":"21.95000000","name":"Ag\u00e1llo"},{"id":"881121","latitude":"37.58333330","longitude":"21.95000000","name":"Ag\u00e1lo"},{"id":"881372","latitude":"37.31666670","longitude":"22.28333330","name":"Agriak\u00f3na"},{"id":"881378","latitude":"37.71666670","longitude":"22.15000000","name":"Agridh\u00e1ki"},{"id":"881379","latitude":"37.71666670","longitude":"22.15000000","name":"Agridh\u00e1kion"},{"id":"881387","latitude":"37.71666670","longitude":"22.15000000","name":"Agr\u00eddhion"},{"id":"881432","latitude":"37.45000000","longitude":"22.45000000","name":"Ahmetag\u00e1"},{"id":"881581","latitude":"37.46666670","longitude":"22.43333330","name":"Akho\u00faria"},{"id":"881598","latitude":"37.48333330","longitude":"22.43333330","name":"\u00c1kra"},{"id":"881663","latitude":"37.45000000","longitude":"22.41666670","name":"Al\u00e9a"},{"id":"881670","latitude":"37.35000000","longitude":"22.40000000","name":"Alepokh\u00f3ri"},{"id":"881676","latitude":"37.35000000","longitude":"22.40000000","name":"Alepokh\u00f3rion"},{"id":"881709","latitude":"37.36666670","longitude":"22.15000000","name":"Al\u00edaga"},{"id":"881719","latitude":"37.40000000","longitude":"22.25000000","name":"Al\u00edka"},{"id":"881798","latitude":"37.61666670","longitude":"22.21666670","name":"Alon\u00edstaina"},{"id":"881803","latitude":"37.38333330","longitude":"22.65000000","name":"Aloutoyianna\u00edika"},{"id":"881815","latitude":"37.70000000","longitude":"21.95000000","name":"Alv\u00e1nitsa"},{"id":"881868","latitude":"37.38333330","longitude":"22.30000000","name":"Ambel\u00e1ki"},{"id":"881871","latitude":"37.38333330","longitude":"22.30000000","name":"Ambel\u00e1kion"},{"id":"881940","latitude":"37.08333330","longitude":"22.90000000","name":"Amigdhal\u00e9a"},{"id":"881949","latitude":"37.08333330","longitude":"22.90000000","name":"Amigdhali\u00e1"},{"id":"882097","latitude":"37.33333330","longitude":"22.23333330","name":"Anavrit\u00f3n"},{"id":"882112","latitude":"37.46666670","longitude":"22.61666670","name":"Andhr\u00edtsa"},{"id":"882143","latitude":"37.46666670","longitude":"22.61666670","name":"Andr\u00edtsa"},{"id":"882160","latitude":"37.36666670","longitude":"22.21666670","name":"Anemodho\u00fari"},{"id":"882161","latitude":"37.36666670","longitude":"22.21666670","name":"Anemodho\u00farion"},{"id":"882241","latitude":"37.50000000","longitude":"22.48333330","name":"Aniory\u00edtika"},{"id":"882252","latitude":"37.80000000","longitude":"22.28333330","name":"\u00c1no Agali"},{"id":"882253","latitude":"37.80000000","longitude":"22.28333330","name":"\u00c1no \u00c1galis"},{"id":"882267","latitude":"37.33333330","longitude":"22.23333330","name":"\u00c1no Anavrit\u00f3n"},{"id":"882283","latitude":"37.70000000","longitude":"22.48333330","name":"Ano B\u00e9lesi"},{"id":"882295","latitude":"37.55000000","longitude":"22.28333330","name":"\u00c1no Davyi\u00e1"},{"id":"882303","latitude":"37.55000000","longitude":"22.28333330","name":"\u00c1no Dhavi\u00e1"},{"id":"882311","latitude":"37.38333330","longitude":"22.50000000","name":"\u00c1no Dholian\u00e1"},{"id":"882318","latitude":"37.41666670","longitude":"22.58333330","name":"\u00c1no Doumin\u00e1"},{"id":"882374","latitude":"37.76666670","longitude":"22.08333330","name":"\u00c1no Kal\u00edvia"},{"id":"882419","latitude":"37.06666670","longitude":"22.85000000","name":"\u00c1no Kho\u00fani"},{"id":"882425","latitude":"37.28333330","longitude":"22.36666670","name":"\u00c1no Koll\u00ednai"},{"id":"882444","latitude":"37.31666670","longitude":"22.08333330","name":"\u00c1no Ko\u00fartaga"},{"id":"882448","latitude":"37.31666670","longitude":"22.08333330","name":"\u00c1no K\u00fartaga"},{"id":"882591","latitude":"37.56666670","longitude":"21.95000000","name":"\u00c1no Stro\u00faza"},{"id":"882618","latitude":"37.20000000","longitude":"22.78333330","name":"\u00c1no Vask\u00edna"},{"id":"882635","latitude":"37.20000000","longitude":"22.78333330","name":"\u00c1no Vosk\u00edna"},{"id":"882691","latitude":"37.38333330","longitude":"22.13333330","name":"Anthokh\u00f3ri"},{"id":"882696","latitude":"37.38333330","longitude":"22.13333330","name":"Anthokh\u00f3rion"},{"id":"882743","latitude":"37.38333330","longitude":"22.08333330","name":"Apidh\u00edtsa"},{"id":"882753","latitude":"37.38333330","longitude":"22.08333330","name":"Apodh\u00edtsa"},{"id":"882805","latitude":"37.45000000","longitude":"22.25000000","name":"Arakham\u00edtai"},{"id":"882806","latitude":"37.45000000","longitude":"22.25000000","name":"Arakham\u00edtais"},{"id":"882807","latitude":"37.45000000","longitude":"22.25000000","name":"Arakham\u00edtes"},{"id":"882816","latitude":"37.30000000","longitude":"22.50000000","name":"Ar\u00e1khova"},{"id":"882824","latitude":"37.58333330","longitude":"21.95000000","name":"Aramo\u00faza"},{"id":"882826","latitude":"37.65000000","longitude":"21.95000000","name":"Ar\u00e1pi"},{"id":"882827","latitude":"37.65000000","longitude":"21.95000000","name":"Ar\u00e1pidhes"},{"id":"883076","latitude":"37.43333330","longitude":"22.65000000","name":"Arts\u00edna"},{"id":"883085","latitude":"37.36666670","longitude":"22.40000000","name":"Arvanitokeras\u00e9a"},{"id":"883086","latitude":"37.36666670","longitude":"22.40000000","name":"Arvanitokerasi\u00e1"},{"id":"883092","latitude":"37.70000000","longitude":"22.05000000","name":"\u00c1rvitsa"},{"id":"883107","latitude":"37.68333330","longitude":"22.13333330","name":"Aryir\u00f3kastron"},{"id":"883130","latitude":"37.41666670","longitude":"22.26666670","name":"As\u00e9a"},{"id":"883181","latitude":"37.33333330","longitude":"22.70000000","name":"As\u00f3matos"},{"id":"883254","latitude":"37.40000000","longitude":"22.01666670","name":"Ast\u00e1la"},{"id":"883278","latitude":"37.40000000","longitude":"22.71666670","name":"\u00c1stros"},{"id":"883321","latitude":"37.40000000","longitude":"22.25000000","name":"Ath\u00ednaion"},{"id":"883550","latitude":"37.43333330","longitude":"22.53333330","name":"Ay\u00eda Sof\u00eda"},{"id":"883555","latitude":"37.38333330","longitude":"22.11666670","name":"Ayi\u00e1spe\u00ef"},{"id":"883609","latitude":"37.08333330","longitude":"22.80000000","name":"\u00c1yioi Ap\u00f3stoloi"},{"id":"883654","latitude":"37.50000000","longitude":"22.48333330","name":"Ayiory\u00edtika"},{"id":"883666","latitude":"37.35000000","longitude":"22.76666670","name":"\u00c1yios Andhr\u00e9as"},{"id":"883688","latitude":"37.35000000","longitude":"22.76666670","name":"\u00c1yios Andr\u00e9as"},{"id":"883730","latitude":"37.41666670","longitude":"22.23333330","name":"\u00c1yios Dhim\u00edtrios"},{"id":"883767","latitude":"37.36666670","longitude":"22.63333330","name":"\u00c1yios Io\u00e1nnis"},{"id":"883788","latitude":"37.35000000","longitude":"22.73333330","name":"\u00c1yios Khar\u00e1lambos"},{"id":"883804","latitude":"37.51666670","longitude":"22.38333330","name":"\u00c1yios Konstand\u00ednos"},{"id":"883856","latitude":"37.36666670","longitude":"22.53333330","name":"\u00c1yios Nik\u00f3laos"},{"id":"883880","latitude":"37.33333330","longitude":"22.55000000","name":"\u00c1yios P\u00e9tros"},{"id":"883897","latitude":"37.48333330","longitude":"22.41666670","name":"\u00c1yios S\u00f3stis"},{"id":"883937","latitude":"37.18333330","longitude":"22.68333330","name":"\u00c1yios Vas\u00edlios"},{"id":"883973","latitude":"37.41666670","longitude":"22.58333330","name":"\u00c1yios Ye\u00f3ryios"},{"id":"884117","latitude":"37.38333330","longitude":"22.30000000","name":"Barb\u00edtza"},{"id":"884200","latitude":"37.56666670","longitude":"22.38333330","name":"Bend\u00e9ni"},{"id":"884211","latitude":"37.45000000","longitude":"22.36666670","name":"Berb\u00e1ti"},{"id":"884227","latitude":"37.46666670","longitude":"22.36666670","name":"Bes\u00edri"},{"id":"884239","latitude":"37.71666670","longitude":"22.25000000","name":"Bezen\u00edkon"},{"id":"884246","latitude":"37.36666670","longitude":"22.15000000","name":"Bil\u00e1li"},{"id":"884301","latitude":"37.46666670","longitude":"22.33333330","name":"Bol\u00e9ta"},{"id":"884302","latitude":"37.73333330","longitude":"22.01666670","name":"Boli\u00e1ri"},{"id":"884308","latitude":"37.71666670","longitude":"22.35000000","name":"Bondi\u00e1"},{"id":"884328","latitude":"37.53333330","longitude":"22.41666670","name":"Boso\u00fana"},{"id":"884353","latitude":"37.58333330","longitude":"22.53333330","name":"Bo\u00faga"},{"id":"884375","latitude":"37.73333330","longitude":"22.01666670","name":"Bouli\u00e1ri"},{"id":"884376","latitude":"37.73333330","longitude":"22.01666670","name":"Bouli\u00e1ris"},{"id":"884389","latitude":"37.28333330","longitude":"22.16666670","name":"Bo\u00fara"},{"id":"884424","latitude":"37.65000000","longitude":"21.93333330","name":"Boy\u00e1ti"},{"id":"884427","latitude":"37.75000000","longitude":"22.41666670","name":"Boyi\u00e1ti"},{"id":"884605","latitude":"37.43333330","longitude":"22.11666670","name":"Ch\u00e9rkezi"},{"id":"884761","latitude":"37.80000000","longitude":"22.20000000","name":"D\u00e1ra"},{"id":"884782","latitude":"37.55000000","longitude":"22.28333330","name":"Davi\u00e1"},{"id":"884783","latitude":"37.58333330","longitude":"22.36666670","name":"Davlanda\u00edika Kal\u00edvia"},{"id":"884788","latitude":"37.36666670","longitude":"22.10000000","name":"Ded\u00e9be\u00ef"},{"id":"884798","latitude":"37.38333330","longitude":"22.08333330","name":"Delihas\u00e1ni"},{"id":"884814","latitude":"37.45000000","longitude":"22.40000000","name":"Dem\u00edri"},{"id":"884841","latitude":"37.30000000","longitude":"22.05000000","name":"Derv\u00e9nia"},{"id":"884885","latitude":"37.80000000","longitude":"22.01666670","name":"Dh\u00e1fni"},{"id":"884946","latitude":"37.80000000","longitude":"22.20000000","name":"Dh\u00e1ra"},{"id":"884949","latitude":"37.80000000","longitude":"22.20000000","name":"Dh\u00e1ras"},{"id":"884976","latitude":"37.55000000","longitude":"22.28333330","name":"Dhavi\u00e1"},{"id":"885013","latitude":"37.45000000","longitude":"22.40000000","name":"Dhem\u00edri"},{"id":"885014","latitude":"37.45000000","longitude":"22.40000000","name":"Dhem\u00edrion"},{"id":"885051","latitude":"37.20000000","longitude":"22.88333330","name":"Dhernika\u00edika"},{"id":"885052","latitude":"37.20000000","longitude":"22.88333330","name":"Dhernik\u00e9\u00efka"},{"id":"885055","latitude":"37.30000000","longitude":"22.05000000","name":"Dherv\u00e9nia"},{"id":"885059","latitude":"37.30000000","longitude":"22.05000000","name":"Dherv\u00e9nion"},{"id":"885069","latitude":"37.30000000","longitude":"22.00000000","name":"Dhes\u00edla"},{"id":"885070","latitude":"37.30000000","longitude":"22.00000000","name":"Dhes\u00edllas"},{"id":"885085","latitude":"37.78333330","longitude":"22.31666670","name":"Dhiak\u00f3pi"},{"id":"885087","latitude":"37.78333330","longitude":"22.31666670","name":"Dhiak\u00f3pion"},{"id":"885175","latitude":"37.59361110","longitude":"22.04416670","name":"Dhimits\u00e1na"},{"id":"885213","latitude":"37.63333330","longitude":"22.15000000","name":"Dh\u00edrrevma"},{"id":"885248","latitude":"37.38333330","longitude":"22.50000000","name":"Dholian\u00e1"},{"id":"885278","latitude":"37.43333330","longitude":"22.30000000","name":"Dh\u00f3riza"},{"id":"885279","latitude":"37.43333330","longitude":"22.30000000","name":"Dh\u00f3rizas"},{"id":"885312","latitude":"37.30000000","longitude":"22.00000000","name":"Dhous\u00edla"},{"id":"885322","latitude":"37.70000000","longitude":"21.91666670","name":"Dh\u00f3xa"},{"id":"885329","latitude":"37.35000000","longitude":"22.55000000","name":"Dhragalev\u00f3s"},{"id":"885361","latitude":"37.76666670","longitude":"22.11666670","name":"Dhrakovo\u00fani"},{"id":"885362","latitude":"37.76666670","longitude":"22.11666670","name":"Dhrakovo\u00fanion"},{"id":"885399","latitude":"37.58333330","longitude":"21.98333330","name":"Dhresten\u00e1"},{"id":"885530","latitude":"37.59361110","longitude":"22.04416670","name":"Dimits\u00e1na"},{"id":"885748","latitude":"37.45000000","longitude":"22.16666670","name":"Ekkliso\u00fala"},{"id":"885784","latitude":"37.45000000","longitude":"22.56666670","name":"Elaiokh\u00f3rion"},{"id":"885820","latitude":"37.35000000","longitude":"22.55000000","name":"\u00c9latos"},{"id":"885917","latitude":"37.38333330","longitude":"22.68333330","name":"Ellinik\u00f3n"},{"id":"885919","latitude":"37.30000000","longitude":"22.11666670","name":"Ellin\u00edtsa"},{"id":"885975","latitude":"37.51666670","longitude":"22.36666670","name":"Epakh\u00eda Mand\u00ednias"},{"id":"886038","latitude":"37.46666670","longitude":"22.41666670","name":"Episkop\u00ed"},{"id":"886051","latitude":"37.46666670","longitude":"22.41666670","name":"Episkop\u00eds"},{"id":"886132","latitude":"37.45000000","longitude":"22.36666670","name":"\u00c9vandhros"},{"id":"886133","latitude":"37.45000000","longitude":"22.36666670","name":"\u00c9vandron"},{"id":"886134","latitude":"37.45000000","longitude":"22.36666670","name":"\u00c9vandros"},{"id":"886232","latitude":"37.28333330","longitude":"22.16666670","name":"Falais\u00eda"},{"id":"886243","latitude":"37.31666670","longitude":"22.06666670","name":"Fanaiti"},{"id":"886330","latitude":"37.06666670","longitude":"22.78333330","name":"Fil\u00e1"},{"id":"886341","latitude":"37.06666670","longitude":"22.78333330","name":"Fil\u00e1tika"},{"id":"886537","latitude":"37.40000000","longitude":"22.61666670","name":"Fo\u00fandoma"},{"id":"886568","latitude":"37.70000000","longitude":"21.96666670","name":"Fousk\u00e1ri"},{"id":"886636","latitude":"37.70000000","longitude":"22.43333330","name":"Frous\u00edna"},{"id":"886637","latitude":"37.70000000","longitude":"22.43333330","name":"Frousio\u00fana"},{"id":"886656","latitude":"37.75000000","longitude":"22.01666670","name":"Fteri\u00e1s"},{"id":"886712","latitude":"37.71666670","longitude":"21.98333330","name":"Galat\u00e1s"},{"id":"886750","latitude":"37.40000000","longitude":"22.60000000","name":"Galten\u00e1"},{"id":"886789","latitude":"37.45000000","longitude":"22.45000000","name":"Gar\u00e9a"},{"id":"886824","latitude":"37.33333330","longitude":"22.13333330","name":"Gavri\u00e1"},{"id":"886924","latitude":"37.76666670","longitude":"22.21666670","name":"Gio\u00fasi"},{"id":"886944","latitude":"37.75000000","longitude":"22.08333330","name":"Glan\u00edtzia"},{"id":"886980","latitude":"37.76666670","longitude":"22.11666670","name":"Gl\u00f3gova"},{"id":"887060","latitude":"37.63333330","longitude":"22.15000000","name":"Gortseniko\u00fa"},{"id":"887065","latitude":"37.63333330","longitude":"22.15000000","name":"Gorzen\u00edkou"},{"id":"887069","latitude":"36.98333330","longitude":"22.85000000","name":"G\u00f3tsali"},{"id":"887159","latitude":"37.81666670","longitude":"22.33333330","name":"G\u00f3za"},{"id":"887167","latitude":"37.31666670","longitude":"22.23333330","name":"Graik\u00f3n"},{"id":"887168","latitude":"37.31666670","longitude":"22.23333330","name":"Graik\u00f3s"},{"id":"887173","latitude":"37.41666670","longitude":"22.03333330","name":"Grambov\u00f3s"},{"id":"887203","latitude":"37.68333330","longitude":"22.18333330","name":"Granitsa"},{"id":"887297","latitude":"37.36666670","longitude":"22.63333330","name":"Hagios Joannis"},{"id":"887300","latitude":"37.33333330","longitude":"22.55000000","name":"Hagios Petros"},{"id":"887301","latitude":"37.18333330","longitude":"22.68333330","name":"Hagios Vasilios"},{"id":"887373","latitude":"37.45000000","longitude":"22.15000000","name":"Ibraim"},{"id":"887435","latitude":"37.45000000","longitude":"22.15000000","name":"Imbra\u00efm"},{"id":"887482","latitude":"37.55000000","longitude":"22.08333330","name":"Ipso\u00fas"},{"id":"887516","latitude":"37.36666670","longitude":"22.01666670","name":"\u00cdsari"},{"id":"887517","latitude":"37.36666670","longitude":"22.01666670","name":"\u00cdsaris"},{"id":"887529","latitude":"37.43333330","longitude":"22.05000000","name":"\u00cdsoma Kari\u00f3n"},{"id":"887533","latitude":"37.38333330","longitude":"22.65000000","name":"Is\u00f3mata"},{"id":"887534","latitude":"37.16861110","longitude":"22.85527780","name":"Ison\u00eddhion"},{"id":"887535","latitude":"37.16861110","longitude":"22.85527780","name":"Ison\u00eddion"},{"id":"887588","latitude":"37.76666670","longitude":"22.25000000","name":"Kaf\u00edai"},{"id":"887668","latitude":"37.66666670","longitude":"22.36666670","name":"Kako\u00fari"},{"id":"887669","latitude":"37.66666670","longitude":"22.36666670","name":"Kako\u00farion"},{"id":"887867","latitude":"37.48333330","longitude":"22.08333330","name":"Kaliv\u00e1kia"},{"id":"887886","latitude":"37.58333330","longitude":"22.36666670","name":"Kal\u00edvia Dhavlad\u00e9\u00efka"},{"id":"887887","latitude":"37.58333330","longitude":"22.36666670","name":"Kal\u00edvia Dhavland\u00edka"},{"id":"887888","latitude":"37.58333330","longitude":"22.36666670","name":"Kal\u00edvia Dhavlant\u00e9\u00efka"},{"id":"887911","latitude":"37.31666670","longitude":"22.13333330","name":"Kal\u00edvia"},{"id":"887917","latitude":"37.41666670","longitude":"22.05000000","name":"Kal\u00edvia Kari\u00f3n"},{"id":"887919","latitude":"37.76666670","longitude":"22.18333330","name":"Kal\u00edvia Karn\u00e9si"},{"id":"887920","latitude":"37.75000000","longitude":"22.10000000","name":"Kal\u00edvia Kerpin\u00eds"},{"id":"887931","latitude":"37.61666670","longitude":"22.43333330","name":"Kalivia Kourmban\u00e9\u00efka"},{"id":"887943","latitude":"37.76666670","longitude":"22.18333330","name":"Kal\u00edvia Pras\u00ednon"},{"id":"887947","latitude":"37.60000000","longitude":"22.40000000","name":"Kal\u00edvias Mili\u00e1s"},{"id":"887979","latitude":"37.68333330","longitude":"21.91666670","name":"Kalli\u00e1nion"},{"id":"887980","latitude":"37.68333330","longitude":"21.91666670","name":"Kalli\u00e1noi"},{"id":"888183","latitude":"37.71666670","longitude":"22.31666670","name":"Kalp\u00e1ki"},{"id":"888185","latitude":"37.71666670","longitude":"22.31666670","name":"Kalp\u00e1kion"},{"id":"888187","latitude":"37.31666670","longitude":"22.31666670","name":"Kalteza\u00ed"},{"id":"888189","latitude":"37.73333330","longitude":"21.98333330","name":"Kaltso\u00falia"},{"id":"888220","latitude":"37.25000000","longitude":"22.18333330","name":"Kam\u00e1ra"},{"id":"888237","latitude":"37.43333330","longitude":"22.41666670","name":"Kam\u00e1ri"},{"id":"888246","latitude":"37.43333330","longitude":"22.41666670","name":"Kam\u00e1rion"},{"id":"888253","latitude":"37.35000000","longitude":"22.15000000","name":"Kamar\u00edtsa"},{"id":"888284","latitude":"37.26666670","longitude":"22.16666670","name":"Kambokh\u00f3rion"},{"id":"888308","latitude":"37.73333330","longitude":"22.20000000","name":"Kamen\u00edtsa"},{"id":"888319","latitude":"37.43333330","longitude":"22.65000000","name":"Kamin\u00e1ri"},{"id":"888320","latitude":"37.43333330","longitude":"22.65000000","name":"Kamin\u00e1rion"},{"id":"888329","latitude":"37.73333330","longitude":"22.20000000","name":"Kam\u00ednitsa"},{"id":"888387","latitude":"37.41666670","longitude":"22.36666670","name":"K\u00e1ndalos"},{"id":"888391","latitude":"37.41666670","longitude":"22.36666670","name":"K\u00e1ndhalos"},{"id":"888395","latitude":"37.76666670","longitude":"22.38333330","name":"Kandh\u00edla"},{"id":"888405","latitude":"37.41666670","longitude":"22.26666670","name":"Kandr\u00e9va"},{"id":"888441","latitude":"37.41666670","longitude":"22.40000000","name":"Kapar\u00e9li"},{"id":"888488","latitude":"37.03333330","longitude":"22.98333330","name":"Kaps\u00e1la"},{"id":"888493","latitude":"37.03333330","longitude":"22.98333330","name":"Kaps\u00e1li"},{"id":"888498","latitude":"37.61666670","longitude":"22.33333330","name":"K\u00e1psas"},{"id":"888499","latitude":"37.61666670","longitude":"22.33333330","name":"K\u00e1psia"},{"id":"888559","latitude":"37.65000000","longitude":"21.90000000","name":"Karakh\u00e1sani"},{"id":"888564","latitude":"37.30000000","longitude":"22.76666670","name":"Karakovo\u00fani"},{"id":"888596","latitude":"37.65000000","longitude":"21.90000000","name":"Karas\u00e1ni"},{"id":"888604","latitude":"37.36666670","longitude":"22.55000000","name":"Kar\u00e1toula"},{"id":"888606","latitude":"37.36666670","longitude":"22.55000000","name":"Kar\u00e1toulas"},{"id":"888656","latitude":"37.63333330","longitude":"22.30000000","name":"Kardhar\u00e1"},{"id":"888657","latitude":"37.63333330","longitude":"22.30000000","name":"Kardhar\u00e1s"},{"id":"888690","latitude":"37.30000000","longitude":"22.50000000","name":"Karia\u00ed"},{"id":"888726","latitude":"37.38333330","longitude":"22.13333330","name":"Kar\u00edmbali"},{"id":"888752","latitude":"37.01666670","longitude":"22.78333330","name":"Kar\u00edtsa"},{"id":"888758","latitude":"37.63333330","longitude":"22.08333330","name":"Karkalo\u00fa"},{"id":"888775","latitude":"37.31666670","longitude":"22.00000000","name":"Karn\u00e1sion"},{"id":"888778","latitude":"37.78333330","longitude":"22.15000000","name":"K\u00e1rnesi"},{"id":"888789","latitude":"37.38333330","longitude":"22.13333330","name":"Karo\u00fambali"},{"id":"888835","latitude":"37.51666670","longitude":"22.30000000","name":"Karter\u00f3li"},{"id":"888852","latitude":"37.46666670","longitude":"22.08333330","name":"Karvoun\u00e1ri"},{"id":"888854","latitude":"37.46666670","longitude":"22.08333330","name":"Karvoun\u00e1ris"},{"id":"888856","latitude":"37.75000000","longitude":"22.18333330","name":"Karvo\u00fani"},{"id":"888858","latitude":"37.75000000","longitude":"22.18333330","name":"Karvo\u00fanion"},{"id":"888888","latitude":"37.41666670","longitude":"22.11666670","name":"Kasidhokh\u00f3ri"},{"id":"888889","latitude":"37.41666670","longitude":"22.11666670","name":"Kasidhokh\u00f3rion"},{"id":"888891","latitude":"37.41666670","longitude":"22.10000000","name":"Kas\u00edmi"},{"id":"888892","latitude":"37.40000000","longitude":"22.10000000","name":"Kas\u00edmi Tsiflik"},{"id":"888949","latitude":"37.26666670","longitude":"22.65000000","name":"Kastan\u00edtsa"},{"id":"888952","latitude":"37.41666670","longitude":"22.03333330","name":"Kastanokh\u00f3rion"},{"id":"889015","latitude":"37.36666670","longitude":"22.53333330","name":"Kastr\u00ed"},{"id":"889101","latitude":"37.06666670","longitude":"22.91666670","name":"Kata\u00edika"},{"id":"889174","latitude":"37.78333330","longitude":"22.28333330","name":"K\u00e1to \u00c1gali"},{"id":"889175","latitude":"37.78333330","longitude":"22.28333330","name":"K\u00e1to \u00c1galis"},{"id":"889179","latitude":"37.76666670","longitude":"22.15000000","name":"K\u00e1to Agridh\u00e1ki"},{"id":"889192","latitude":"37.33333330","longitude":"22.23333330","name":"K\u00e1to Anavrit\u00f3n"},{"id":"889218","latitude":"37.53333330","longitude":"22.28333330","name":"K\u00e1to Davyi\u00e1"},{"id":"889226","latitude":"37.53333330","longitude":"22.28333330","name":"K\u00e1to Dhavi\u00e1"},{"id":"889233","latitude":"37.43333330","longitude":"22.68333330","name":"K\u00e1to Dholian\u00e1"},{"id":"889239","latitude":"37.41666670","longitude":"22.56666670","name":"K\u00e1to Doumin\u00e1"},{"id":"889283","latitude":"37.50000000","longitude":"22.10000000","name":"K\u00e1to Kal\u00edvia"},{"id":"889301","latitude":"37.41666670","longitude":"22.05000000","name":"K\u00e1to Kari\u00e1"},{"id":"889302","latitude":"37.41666670","longitude":"22.05000000","name":"K\u00e1to Kari\u00e9s"},{"id":"889350","latitude":"37.08333330","longitude":"22.83333330","name":"K\u00e1to Kho\u00fani"},{"id":"889359","latitude":"37.28333330","longitude":"22.35000000","name":"K\u00e1to Koll\u00ednai"},{"id":"889597","latitude":"37.20000000","longitude":"22.78333330","name":"K\u00e1to Vask\u00edna"},{"id":"889616","latitude":"37.20000000","longitude":"22.78333330","name":"K\u00e1to Vosk\u00edna"},{"id":"889681","latitude":"37.45000000","longitude":"22.10000000","name":"Kats\u00edmbali"},{"id":"889683","latitude":"37.45000000","longitude":"22.10000000","name":"Kats\u00edmbalis"},{"id":"889699","latitude":"37.73333330","longitude":"21.98333330","name":"Katsouli\u00e1"},{"id":"889837","latitude":"37.70000000","longitude":"22.48333330","name":"Kefal\u00f3vrison"},{"id":"889959","latitude":"37.36666670","longitude":"22.40000000","name":"Keras\u00e9a"},{"id":"889975","latitude":"37.45000000","longitude":"22.41666670","name":"Keras\u00edtsa"},{"id":"889995","latitude":"37.41666670","longitude":"22.23333330","name":"Kerast\u00e1ri"},{"id":"889996","latitude":"37.41666670","longitude":"22.23333330","name":"Kerast\u00e1ris"},{"id":"890013","latitude":"37.43333330","longitude":"22.11666670","name":"K\u00e9rkezi"},{"id":"890023","latitude":"37.75000000","longitude":"22.10000000","name":"Kerpin\u00ed"},{"id":"890024","latitude":"37.78333330","longitude":"22.06666670","name":"Kerpinis"},{"id":"890134","latitude":"37.40000000","longitude":"22.65000000","name":"Khand\u00e1kia"},{"id":"890182","latitude":"37.33333330","longitude":"22.68333330","name":"Kh\u00e1radhros"},{"id":"890245","latitude":"37.61666670","longitude":"22.43333330","name":"Khatza\u00edika Kal\u00edvia"},{"id":"890304","latitude":"37.40000000","longitude":"22.73333330","name":"Khimerin\u00ed Meligo\u00fa"},{"id":"890307","latitude":"37.50000000","longitude":"22.10000000","name":"Khina\u00edika"},{"id":"890320","latitude":"37.28333330","longitude":"22.06666670","name":"Khir\u00e1dhes"},{"id":"890381","latitude":"37.38333330","longitude":"22.08333330","name":"Khor\u00e9mi"},{"id":"890382","latitude":"37.38333330","longitude":"22.08333330","name":"Khor\u00e9mis"},{"id":"890423","latitude":"37.76666670","longitude":"22.25000000","name":"Khoto\u00fasa"},{"id":"890424","latitude":"37.76666670","longitude":"22.25000000","name":"Khoto\u00fassa"},{"id":"890437","latitude":"37.28333330","longitude":"22.15000000","name":"Kho\u00fandalon"},{"id":"890439","latitude":"37.08333330","longitude":"22.83333330","name":"Kho\u00fani"},{"id":"890448","latitude":"37.33333330","longitude":"22.03333330","name":"Khr\u00e1noi"},{"id":"890489","latitude":"37.55000000","longitude":"22.21666670","name":"Khrisov\u00edtsi"},{"id":"890490","latitude":"37.55000000","longitude":"22.21666670","name":"Khrisov\u00edtsion"},{"id":"890508","latitude":"37.36666670","longitude":"22.05000000","name":"Khro\u00fasa"},{"id":"890517","latitude":"37.75000000","longitude":"22.01666670","name":"Ki\u00e1rni"},{"id":"890583","latitude":"37.36666670","longitude":"22.13333330","name":"Kios\u00e9"},{"id":"890594","latitude":"37.45000000","longitude":"22.06666670","name":"Kipar\u00edssia"},{"id":"890599","latitude":"37.26666670","longitude":"22.25000000","name":"Kipar\u00edssi"},{"id":"890607","latitude":"37.26666670","longitude":"22.25000000","name":"Kipar\u00edssion"},{"id":"890653","latitude":"37.75000000","longitude":"22.05000000","name":"Kir\u00e1s Yef\u00edri"},{"id":"890700","latitude":"37.60000000","longitude":"21.98333330","name":"Kiss\u00f3s"},{"id":"890938","latitude":"37.66666670","longitude":"21.93333330","name":"Kokkinor\u00e1khi"},{"id":"890939","latitude":"37.66666670","longitude":"21.93333330","name":"Kokkin\u00f3rrakhi"},{"id":"891018","latitude":"37.28333330","longitude":"22.36666670","name":"Koll\u00ednai"},{"id":"891073","latitude":"37.80000000","longitude":"22.25000000","name":"K\u00f3mi"},{"id":"891260","latitude":"37.30000000","longitude":"22.76666670","name":"Korakovo\u00fani"},{"id":"891261","latitude":"37.33333330","longitude":"22.75000000","name":"Korakovo\u00fanion"},{"id":"891363","latitude":"37.36666670","longitude":"22.13333330","name":"Kos\u00e9"},{"id":"891382","latitude":"37.10000000","longitude":"22.73333330","name":"Kosm\u00e1s"},{"id":"891456","latitude":"37.33333330","longitude":"22.13333330","name":"Kotsir\u00eddhi"},{"id":"891457","latitude":"37.33333330","longitude":"22.13333330","name":"Kotsir\u00eddhion"},{"id":"891631","latitude":"37.06666670","longitude":"22.81666670","name":"Kounoupi\u00e1"},{"id":"891667","latitude":"37.45000000","longitude":"22.03333330","name":"Kournio\u00fa"},{"id":"891678","latitude":"37.45000000","longitude":"22.03333330","name":"Kourouni\u00f3s"},{"id":"891679","latitude":"37.45000000","longitude":"22.03333330","name":"Kouroun\u00edou"},{"id":"891745","latitude":"37.36666670","longitude":"22.50000000","name":"Ko\u00fatroufa"},{"id":"891749","latitude":"37.36666670","longitude":"22.28333330","name":"Koutroumbo\u00fakhion"},{"id":"891779","latitude":"37.36666670","longitude":"22.28333330","name":"Koutsombo\u00fakhi"},{"id":"891780","latitude":"37.36666670","longitude":"22.28333330","name":"Koutsombo\u00fakhion"},{"id":"891814","latitude":"37.33333330","longitude":"22.31666670","name":"Kouv\u00e9lia"},{"id":"891902","latitude":"36.98333330","longitude":"22.88333330","name":"Kremast\u00ed"},{"id":"891974","latitude":"37.58333330","longitude":"22.53333330","name":"Krion\u00e9ri"},{"id":"891988","latitude":"37.58333330","longitude":"22.53333330","name":"Krion\u00e9rion"},{"id":"892010","latitude":"37.45000000","longitude":"22.03333330","name":"Krirn\u00edou"},{"id":"892046","latitude":"37.76666670","longitude":"22.11666670","name":"Kr\u00f3kova"},{"id":"892250","latitude":"37.45000000","longitude":"22.58333330","name":"Lak\u00e9\u00efka"},{"id":"892354","latitude":"37.36666670","longitude":"22.33333330","name":"Lang\u00e1dha"},{"id":"892366","latitude":"37.68333330","longitude":"22.03333330","name":"Lang\u00e1dhia"},{"id":"892371","latitude":"37.68333330","longitude":"22.03333330","name":"Langadia"},{"id":"892419","latitude":"37.70000000","longitude":"22.13333330","name":"L\u00e1sta"},{"id":"892537","latitude":"37.31666670","longitude":"22.15000000","name":"Leondari"},{"id":"892541","latitude":"37.31666670","longitude":"22.15000000","name":"Leond\u00e1rion"},{"id":"892548","latitude":"37.16861110","longitude":"22.85527780","name":"Leon\u00eddhion"},{"id":"892549","latitude":"37.16861110","longitude":"22.85527780","name":"Leon\u00eddi"},{"id":"892550","latitude":"37.16861110","longitude":"22.85527780","name":"Leon\u00eddio"},{"id":"892551","latitude":"37.16861110","longitude":"22.85527780","name":"Leon\u00eddion"},{"id":"892552","latitude":"37.31666670","longitude":"22.15000000","name":"Leont\u00e1rion"},{"id":"892620","latitude":"37.68333330","longitude":"22.30000000","name":"Lev\u00eddhi"},{"id":"892621","latitude":"37.68333330","longitude":"22.30000000","name":"Lev\u00eddhion"},{"id":"892622","latitude":"37.68333330","longitude":"22.30000000","name":"Levidi"},{"id":"892669","latitude":"37.68333330","longitude":"21.96666670","name":"Levkokh\u00f3ri"},{"id":"892673","latitude":"37.68333330","longitude":"21.96666670","name":"Levkokh\u00f3rion"},{"id":"892704","latitude":"37.36666670","longitude":"22.30000000","name":"Lian\u00f3s"},{"id":"892705","latitude":"37.36666670","longitude":"22.30000000","name":"Liano\u00fa"},{"id":"892722","latitude":"37.45000000","longitude":"22.58333330","name":"Liatsa\u00edika"},{"id":"892773","latitude":"37.50000000","longitude":"22.16666670","name":"Lik\u00f3khia"},{"id":"892782","latitude":"37.40000000","longitude":"22.01666670","name":"Lik\u00f3soura"},{"id":"892798","latitude":"37.63333330","longitude":"21.98333330","name":"Liko\u00faresi"},{"id":"892799","latitude":"37.63333330","longitude":"21.98333330","name":"Liko\u00faresis"},{"id":"892858","latitude":"37.78333330","longitude":"22.28333330","name":"L\u00edmni"},{"id":"892930","latitude":"37.65000000","longitude":"21.93333330","name":"Lissar\u00e9a"},{"id":"892961","latitude":"37.48333330","longitude":"22.46666670","name":"Lithovo\u00fana"},{"id":"892962","latitude":"37.48333330","longitude":"22.46666670","name":"Lithovo\u00fania"},{"id":"893112","latitude":"37.06666670","longitude":"22.93333330","name":"Long\u00e1ri"},{"id":"893114","latitude":"37.06666670","longitude":"22.93333330","name":"Long\u00e1rion"},{"id":"893152","latitude":"37.56666670","longitude":"22.46666670","name":"Louk\u00e1"},{"id":"893154","latitude":"37.56666670","longitude":"22.46666670","name":"Louk\u00e1s"},{"id":"893315","latitude":"37.46666670","longitude":"22.45000000","name":"Mago\u00fala"},{"id":"893320","latitude":"37.68333330","longitude":"22.13333330","name":"Mago\u00faliana"},{"id":"893336","latitude":"37.53333330","longitude":"22.31666670","name":"Ma\u00ednalon"},{"id":"893396","latitude":"37.46666670","longitude":"22.33333330","name":"M\u00e1kri"},{"id":"893418","latitude":"37.41666670","longitude":"22.16666670","name":"Makr\u00edsion"},{"id":"893497","latitude":"37.40000000","longitude":"22.18333330","name":"Mallot\u00e1"},{"id":"893498","latitude":"37.40000000","longitude":"22.18333330","name":"Mallot\u00e1s"},{"id":"893520","latitude":"37.40000000","longitude":"22.31666670","name":"M\u00e1nari"},{"id":"893521","latitude":"37.40000000","longitude":"22.31666670","name":"M\u00e1naris"},{"id":"893529","latitude":"37.51666670","longitude":"22.23333330","name":"Manda\u00edika"},{"id":"893561","latitude":"37.51666670","longitude":"22.36666670","name":"Mand\u00ednia"},{"id":"893598","latitude":"37.51666670","longitude":"22.38333330","name":"Mandzagr\u00e1"},{"id":"893630","latitude":"37.36666670","longitude":"22.28333330","name":"Mani\u00e1ti"},{"id":"893631","latitude":"37.36666670","longitude":"22.28333330","name":"Mani\u00e1tis"},{"id":"893653","latitude":"37.51666670","longitude":"22.23333330","name":"Mant\u00e9\u00efka"},{"id":"893657","latitude":"37.41666670","longitude":"22.40000000","name":"Manthir\u00e9a"},{"id":"893658","latitude":"37.51666670","longitude":"22.36666670","name":"Mantineia"},{"id":"893663","latitude":"37.51666670","longitude":"22.38333330","name":"Mantzagr\u00e1"},{"id":"893714","latitude":"37.41666670","longitude":"22.10000000","name":"Maratho\u00fasa"},{"id":"893716","latitude":"37.41666670","longitude":"22.10000000","name":"Maratho\u00fassa"},{"id":"893742","latitude":"37.03333330","longitude":"22.83333330","name":"Mar\u00ed"},{"id":"893749","latitude":"37.03333330","longitude":"22.83333330","name":"M\u00e1rion"},{"id":"893778","latitude":"37.56666670","longitude":"22.03333330","name":"M\u00e1rkos"},{"id":"893781","latitude":"37.56666670","longitude":"22.03333330","name":"M\u00e1rkou"},{"id":"893796","latitude":"37.38333330","longitude":"22.23333330","name":"Marmari\u00e1"},{"id":"893844","latitude":"37.45000000","longitude":"22.56666670","name":"Masil\u00edna"},{"id":"893847","latitude":"37.45000000","longitude":"22.56666670","name":"M\u00e1sklina"},{"id":"893886","latitude":"37.81666670","longitude":"22.33333330","name":"M\u00e1ti"},{"id":"893887","latitude":"37.81666670","longitude":"22.33333330","name":"M\u00e1tion"},{"id":"893891","latitude":"37.51666670","longitude":"22.38333330","name":"Matsagr\u00e1"},{"id":"893899","latitude":"37.51666670","longitude":"22.38333330","name":"Matzagr\u00e1s"},{"id":"893913","latitude":"37.45000000","longitude":"22.06666670","name":"Mavri\u00e1"},{"id":"893916","latitude":"37.38333330","longitude":"22.45000000","name":"Mavr\u00edki"},{"id":"893918","latitude":"37.38333330","longitude":"22.45000000","name":"Mavr\u00edkion"},{"id":"894010","latitude":"37.33333330","longitude":"22.30000000","name":"Mavroyi\u00e1nni"},{"id":"894011","latitude":"37.33333330","longitude":"22.30000000","name":"Mavroyi\u00e1nnis"},{"id":"894164","latitude":"37.40111110","longitude":"22.14222220","name":"Megal\u00f3poli"},{"id":"894165","latitude":"37.40111110","longitude":"22.14222220","name":"Megal\u00f3polis"},{"id":"894212","latitude":"37.45000000","longitude":"22.45000000","name":"Me\u00efm\u00e9taga"},{"id":"894254","latitude":"37.35000000","longitude":"22.66666670","name":"Meligo\u00fa"},{"id":"894261","latitude":"37.40000000","longitude":"22.73333330","name":"Melingo\u00fa"},{"id":"894266","latitude":"37.41666670","longitude":"22.60000000","name":"Mel\u00edsi"},{"id":"894287","latitude":"37.41666670","longitude":"22.60000000","name":"Mel\u00edssion"},{"id":"894303","latitude":"37.58333330","longitude":"21.98333330","name":"Meliss\u00f3petra"},{"id":"894325","latitude":"37.30000000","longitude":"22.11666670","name":"M\u00e9mi"},{"id":"894334","latitude":"37.26666670","longitude":"22.16666670","name":"Mendz\u00edni"},{"id":"894374","latitude":"37.55000000","longitude":"22.36666670","name":"Merkovo\u00fanion"},{"id":"894386","latitude":"37.45000000","longitude":"22.16666670","name":"Mertz\u00e9"},{"id":"894387","latitude":"37.45000000","longitude":"22.16666670","name":"M\u00e9rtzes"},{"id":"894390","latitude":"37.45000000","longitude":"22.16666670","name":"Merz\u00e9s"},{"id":"894546","latitude":"37.36666670","longitude":"22.53333330","name":"Mesorr\u00e1khi"},{"id":"894622","latitude":"37.63333330","longitude":"22.16666670","name":"Meth\u00eddhrion"},{"id":"894738","latitude":"37.75000000","longitude":"22.08333330","name":"Migdhali\u00e1"},{"id":"894911","latitude":"37.60000000","longitude":"22.40000000","name":"Mil\u00e9a"},{"id":"894932","latitude":"37.60000000","longitude":"22.40000000","name":"Mili\u00e1"},{"id":"894992","latitude":"37.30000000","longitude":"22.11666670","name":"M\u00edmi"},{"id":"895107","latitude":"36.98333330","longitude":"22.98333330","name":"Mitr\u00f3polis"},{"id":"895199","latitude":"37.75000000","longitude":"22.10000000","name":"Mon\u00e1stra"},{"id":"895304","latitude":"37.51666670","longitude":"22.06666670","name":"Moul\u00e1tsi"},{"id":"895330","latitude":"37.76666670","longitude":"22.01666670","name":"Mouri\u00e1"},{"id":"895397","latitude":"37.46666670","longitude":"22.38333330","name":"Mouz\u00e1ki"},{"id":"895411","latitude":"37.36666670","longitude":"22.15000000","name":"Mpilali"},{"id":"895568","latitude":"37.36666670","longitude":"22.55000000","name":"N\u00e9a Kh\u00f3ra"},{"id":"895707","latitude":"37.63333330","longitude":"22.16666670","name":"Nem\u00edtsa"},{"id":"895791","latitude":"37.06666670","longitude":"22.80000000","name":"Neokh\u00f3ri"},{"id":"895828","latitude":"37.06666670","longitude":"22.80000000","name":"Neokh\u00f3rion"},{"id":"895992","latitude":"37.61666670","longitude":"22.46666670","name":"Nest\u00e1ni"},{"id":"896083","latitude":"37.68333330","longitude":"22.18333330","name":"Nimfas\u00eda"},{"id":"896154","latitude":"37.73333330","longitude":"22.28333330","name":"No\u00fadhimos"},{"id":"896215","latitude":"37.65000000","longitude":"21.90000000","name":"\u00d3khthia"},{"id":"896290","latitude":"37.41666670","longitude":"22.11666670","name":"Or\u00e9stion"},{"id":"896302","latitude":"37.35000000","longitude":"22.55000000","name":"Ori\u00e1"},{"id":"896303","latitude":"37.35000000","longitude":"22.66666670","name":"Orin\u00ed Meligo\u00fa"},{"id":"896306","latitude":"37.30000000","longitude":"22.76666670","name":"Orin\u00f3n Korakovo\u00fanion"},{"id":"896564","latitude":"37.16666670","longitude":"22.71666670","name":"Palaiokh\u00f3rion Glip\u00edas"},{"id":"896583","latitude":"37.16666670","longitude":"22.71666670","name":"Palaiokh\u00f3rion"},{"id":"896600","latitude":"37.40000000","longitude":"22.21666670","name":"Palaiokho\u00fani"},{"id":"896619","latitude":"37.48333330","longitude":"22.15000000","name":"Palaiomo\u00edrion"},{"id":"896620","latitude":"37.48333330","longitude":"22.15000000","name":"Palaiomo\u00edri"},{"id":"896673","latitude":"37.71666670","longitude":"22.35000000","name":"Palai\u00f3pirgos"},{"id":"896707","latitude":"37.48333330","longitude":"22.11666670","name":"Palam\u00e1rion"},{"id":"896709","latitude":"37.48333330","longitude":"22.11666670","name":"Palam\u00e1ri"},{"id":"896729","latitude":"37.26666670","longitude":"22.31666670","name":"Pali\u00e1lona"},{"id":"896790","latitude":"37.60000000","longitude":"22.03333330","name":"Paliokh\u00f3ri"},{"id":"896791","latitude":"37.40000000","longitude":"22.21666670","name":"Paliokho\u00fani"},{"id":"896805","latitude":"37.48333330","longitude":"22.15000000","name":"Paliom\u00edri"},{"id":"896818","latitude":"37.71666670","longitude":"22.35000000","name":"Pali\u00f3pirgos"},{"id":"896862","latitude":"37.46666670","longitude":"22.36666670","name":"Pall\u00e1ndion"},{"id":"896875","latitude":"37.61666670","longitude":"21.93333330","name":"Palo\u00famba"},{"id":"896878","latitude":"37.61666670","longitude":"21.93333330","name":"Palumba"},{"id":"896930","latitude":"37.55000000","longitude":"21.98333330","name":"Panay\u00eda"},{"id":"896944","latitude":"37.76666670","longitude":"22.21666670","name":"Panay\u00edtsa"},{"id":"897037","latitude":"37.61666670","longitude":"21.91666670","name":"Papadhi\u00e1"},{"id":"897039","latitude":"37.61666670","longitude":"21.91666670","name":"Papadho\u00fa"},{"id":"897046","latitude":"37.35000000","longitude":"22.58333330","name":"Papanikola\u00edika"},{"id":"897051","latitude":"37.36666670","longitude":"22.26666670","name":"P\u00e1pari"},{"id":"897052","latitude":"37.36666670","longitude":"22.26666670","name":"P\u00e1paris"},{"id":"897070","latitude":"37.61666670","longitude":"21.91666670","name":"Pappadh\u00e1s"},{"id":"897098","latitude":"37.31666670","longitude":"22.08333330","name":"Paradh\u00edsia"},{"id":"897129","latitude":"37.25000000","longitude":"22.86666670","name":"Paral\u00eda"},{"id":"897141","latitude":"37.41666670","longitude":"22.76666670","name":"Par\u00e1lion \u00c1stros"},{"id":"897142","latitude":"37.41666670","longitude":"22.76666670","name":"Par\u00e1lion \u00c1strous"},{"id":"897162","latitude":"37.30000000","longitude":"21.98333330","name":"Parapo\u00fangion"},{"id":"897163","latitude":"37.30000000","longitude":"21.98333330","name":"Parapo\u00fangi"},{"id":"897197","latitude":"37.53333330","longitude":"22.43333330","name":"Par\u00f3rion"},{"id":"897202","latitude":"37.53333330","longitude":"22.43333330","name":"Par\u00f3ri"},{"id":"897210","latitude":"37.46666670","longitude":"22.51666670","name":"Parth\u00e9nion"},{"id":"897274","latitude":"37.55000000","longitude":"22.41666670","name":"Patsa\u00edika"},{"id":"897284","latitude":"37.48333330","longitude":"22.13333330","name":"P\u00e1vlia"},{"id":"897340","latitude":"37.53333330","longitude":"22.41666670","name":"P\u00e9lagos"},{"id":"897351","latitude":"37.05000000","longitude":"22.90000000","name":"Pelet\u00e1"},{"id":"897359","latitude":"37.05000000","longitude":"22.90000000","name":"Pelot\u00e1"},{"id":"897407","latitude":"37.53333330","longitude":"22.35000000","name":"Penth\u00f3ri"},{"id":"897440","latitude":"37.21666670","longitude":"22.88333330","name":"P\u00e9ra M\u00e9lana"},{"id":"897477","latitude":"37.38333330","longitude":"22.56666670","name":"Perdhik\u00f3vrisi"},{"id":"897549","latitude":"37.38333330","longitude":"22.16666670","name":"Periv\u00f3lia"},{"id":"897562","latitude":"37.38333330","longitude":"22.16666670","name":"Periv\u00f3li"},{"id":"897580","latitude":"37.46666670","longitude":"22.38333330","name":"Perpat\u00e1ri"},{"id":"897581","latitude":"37.46666670","longitude":"22.38333330","name":"Perpat\u00e1ris"},{"id":"897588","latitude":"37.53333330","longitude":"22.35000000","name":"Perth\u00f3rion"},{"id":"897589","latitude":"37.53333330","longitude":"22.35000000","name":"Perth\u00f3ri"},{"id":"897669","latitude":"37.28333330","longitude":"22.20000000","name":"Petr\u00edna"},{"id":"897733","latitude":"37.38333330","longitude":"22.03333330","name":"Petrovo\u00fanion"},{"id":"897737","latitude":"37.38333330","longitude":"22.03333330","name":"Petrovo\u00fani"},{"id":"897791","latitude":"37.45000000","longitude":"22.41666670","name":"Pial\u00ed"},{"id":"897792","latitude":"37.58333330","longitude":"22.23333330","name":"Pi\u00e1na"},{"id":"897801","latitude":"37.35000000","longitude":"22.43333330","name":"Pigadh\u00e1kia"},{"id":"897810","latitude":"37.10000000","longitude":"22.80000000","name":"Pig\u00e1dhia"},{"id":"897813","latitude":"37.06666670","longitude":"22.91666670","name":"Pig\u00e1dhion"},{"id":"897815","latitude":"37.06666670","longitude":"22.91666670","name":"Pig\u00e1dhi"},{"id":"897839","latitude":"37.65000000","longitude":"22.41666670","name":"Pik\u00e9rni"},{"id":"897840","latitude":"37.65000000","longitude":"22.41666670","name":"Pik\u00e9rnis"},{"id":"897909","latitude":"37.63333330","longitude":"22.16666670","name":"Pirg\u00e1kion"},{"id":"897912","latitude":"37.63333330","longitude":"22.16666670","name":"Pirg\u00e1ki"},{"id":"897947","latitude":"37.10000000","longitude":"22.86666670","name":"Pirgo\u00fadhion"},{"id":"897948","latitude":"37.10000000","longitude":"22.86666670","name":"Pirgo\u00fadhi"},{"id":"897950","latitude":"37.10000000","longitude":"22.86666670","name":"Pirgo\u00fasi"},{"id":"897962","latitude":"37.45000000","longitude":"22.43333330","name":"Pirya\u00edika"},{"id":"897963","latitude":"37.45000000","longitude":"22.43333330","name":"Piry\u00e9\u00efka"},{"id":"898085","latitude":"37.15000000","longitude":"22.90000000","name":"Pl\u00e1ka"},{"id":"898125","latitude":"37.16666670","longitude":"22.66666670","name":"Platan\u00e1kion"},{"id":"898133","latitude":"37.45000000","longitude":"22.61666670","name":"Plat\u00e1na"},{"id":"898195","latitude":"37.31666670","longitude":"22.65000000","name":"Pl\u00e1tanos"},{"id":"898299","latitude":"37.78333330","longitude":"22.03333330","name":"Podhagor\u00e1"},{"id":"898303","latitude":"37.78333330","longitude":"22.03333330","name":"Podhogor\u00e1"},{"id":"898570","latitude":"37.30000000","longitude":"22.15000000","name":"Potami\u00e1"},{"id":"898615","latitude":"37.10000000","longitude":"22.88333330","name":"Po\u00falithra"},{"id":"898629","latitude":"37.78333330","longitude":"22.03333330","name":"Pournari\u00e1"},{"id":"898648","latitude":"37.18333330","longitude":"22.90000000","name":"Pragmatevt\u00ed"},{"id":"898649","latitude":"37.18333330","longitude":"22.90000000","name":"Pragmatevt\u00eds"},{"id":"898677","latitude":"37.78333330","longitude":"22.15000000","name":"Pr\u00e1sinon"},{"id":"898681","latitude":"37.26666670","longitude":"22.68333330","name":"Prast\u00f3s"},{"id":"898792","latitude":"37.43333330","longitude":"22.65000000","name":"Pros\u00edlia"},{"id":"898859","latitude":"37.50000000","longitude":"22.11666670","name":"Ps\u00e1rion"},{"id":"898862","latitude":"37.50000000","longitude":"22.11666670","name":"Ps\u00e1ri"},{"id":"898866","latitude":"37.38333330","longitude":"22.11666670","name":"Psath\u00edon"},{"id":"898868","latitude":"37.38333330","longitude":"22.11666670","name":"Psath\u00ed"},{"id":"898899","latitude":"37.41666670","longitude":"22.46666670","name":"Psil\u00ed Vr\u00edsi"},{"id":"898919","latitude":"37.36666670","longitude":"22.71666670","name":"Psoro\u00fa"},{"id":"898920","latitude":"37.36666670","longitude":"22.71666670","name":"Psorro\u00fa"},{"id":"898942","latitude":"37.75000000","longitude":"22.01666670","name":"Pteri\u00e1"},{"id":"899003","latitude":"37.61666670","longitude":"22.10000000","name":"R\u00e1dhon"},{"id":"899004","latitude":"37.61666670","longitude":"22.10000000","name":"R\u00e1dhos"},{"id":"899024","latitude":"37.60000000","longitude":"21.95000000","name":"R\u00e1fti"},{"id":"899094","latitude":"37.38333330","longitude":"22.20000000","name":"Rapsomm\u00e1ti"},{"id":"899095","latitude":"37.38333330","longitude":"22.20000000","name":"Rapsomm\u00e1tis"},{"id":"899099","latitude":"37.60000000","longitude":"21.95000000","name":"R\u00e1ptis"},{"id":"899125","latitude":"37.68333330","longitude":"21.96666670","name":"Reko\u00fanion"},{"id":"899126","latitude":"37.68333330","longitude":"21.96666670","name":"Reko\u00fani"},{"id":"899233","latitude":"37.45000000","longitude":"22.46666670","name":"R\u00edzai"},{"id":"899234","latitude":"37.45000000","longitude":"22.46666670","name":"R\u00edzais"},{"id":"899253","latitude":"37.45000000","longitude":"22.46666670","name":"R\u00edzes"},{"id":"899284","latitude":"37.56666670","longitude":"21.95000000","name":"Rizospili\u00e1"},{"id":"899357","latitude":"37.58333330","longitude":"22.28333330","name":"Ro\u00efn\u00f3n"},{"id":"899424","latitude":"37.43333330","longitude":"22.61666670","name":"Rouna\u00edika"},{"id":"899425","latitude":"37.43333330","longitude":"22.61666670","name":"Roun\u00e9\u00efka"},{"id":"899445","latitude":"37.73333330","longitude":"22.30000000","name":"Ro\u00fasi"},{"id":"899454","latitude":"37.73333330","longitude":"22.30000000","name":"Ro\u00fassis"},{"id":"899461","latitude":"37.38333330","longitude":"22.16666670","name":"Rousv\u00e1naga"},{"id":"899463","latitude":"37.35000000","longitude":"22.18333330","name":"Ro\u00fatsion"},{"id":"899464","latitude":"37.35000000","longitude":"22.18333330","name":"Ro\u00fatsi"},{"id":"899485","latitude":"37.38333330","longitude":"22.16666670","name":"Rusv\u00e1anaga"},{"id":"899535","latitude":"37.41666670","longitude":"22.16666670","name":"S\u00e1lesi"},{"id":"899555","latitude":"37.50000000","longitude":"22.45000000","name":"Samar\u00e1dhes"},{"id":"899594","latitude":"37.66666670","longitude":"22.45000000","name":"S\u00e1nga"},{"id":"899595","latitude":"37.66666670","longitude":"22.45000000","name":"S\u00e1ngas"},{"id":"899605","latitude":"37.23333330","longitude":"22.85000000","name":"Sapounaka\u00edika"},{"id":"899606","latitude":"37.23333330","longitude":"22.85000000","name":"Sapounak\u00e9\u00efka"},{"id":"899625","latitude":"37.63333330","longitude":"21.93333330","name":"Sarak\u00ednion"},{"id":"899628","latitude":"37.63333330","longitude":"21.93333330","name":"Sarak\u00edni"},{"id":"899818","latitude":"37.55000000","longitude":"21.98333330","name":"S\u00e9rtevo"},{"id":"899825","latitude":"37.65000000","longitude":"21.98333330","name":"S\u00e9rvon"},{"id":"899826","latitude":"37.65000000","longitude":"21.98333330","name":"S\u00e9rvos"},{"id":"899874","latitude":"37.08333330","longitude":"22.80000000","name":"Sfendhami"},{"id":"899908","latitude":"37.41666670","longitude":"22.16666670","name":"Si\u00e1lesi"},{"id":"900021","latitude":"37.51666670","longitude":"22.31666670","name":"Sil\u00edmna"},{"id":"900037","latitude":"37.75000000","longitude":"22.05000000","name":"Sime\u00f3n"},{"id":"900038","latitude":"37.65000000","longitude":"22.33333330","name":"Simi\u00e1dhes"},{"id":"900230","latitude":"37.75000000","longitude":"22.00000000","name":"Siriam\u00e1kou"},{"id":"900238","latitude":"37.51666670","longitude":"22.11666670","name":"S\u00edrna"},{"id":"900247","latitude":"37.76666670","longitude":"22.01666670","name":"Siry\u00e1mon"},{"id":"900248","latitude":"37.76666670","longitude":"22.01666670","name":"Siryi\u00e1mon"},{"id":"900260","latitude":"37.28333330","longitude":"22.65000000","name":"S\u00edtaina"},{"id":"900469","latitude":"37.38333330","longitude":"22.73333330","name":"Skilokh\u00f3rion"},{"id":"900470","latitude":"37.38333330","longitude":"22.73333330","name":"Skilokh\u00f3ri"},{"id":"900551","latitude":"37.56666670","longitude":"22.38333330","name":"Skop\u00ed"},{"id":"900566","latitude":"37.30000000","longitude":"22.25000000","name":"Skortsin\u00f3n"},{"id":"900567","latitude":"37.30000000","longitude":"22.25000000","name":"Skortsin\u00f3s"},{"id":"900595","latitude":"37.73333330","longitude":"21.93333330","name":"Sko\u00fandon"},{"id":"900749","latitude":"37.31666670","longitude":"22.18333330","name":"Soul\u00e1rion"},{"id":"900750","latitude":"37.31666670","longitude":"22.18333330","name":"Soul\u00e1ri"},{"id":"900761","latitude":"37.28333330","longitude":"22.05000000","name":"So\u00falion"},{"id":"900767","latitude":"37.28333330","longitude":"22.05000000","name":"So\u00fali"},{"id":"900769","latitude":"37.45000000","longitude":"22.11666670","name":"So\u00falon"},{"id":"900772","latitude":"37.45000000","longitude":"22.11666670","name":"So\u00falos"},{"id":"900780","latitude":"37.55000000","longitude":"22.41666670","name":"Soup\u00e1na"},{"id":"900811","latitude":"37.28333330","longitude":"22.20000000","name":"Spana\u00edika"},{"id":"900813","latitude":"37.28333330","longitude":"22.20000000","name":"Span\u00e9\u00efka"},{"id":"900923","latitude":"37.46666670","longitude":"22.43333330","name":"St\u00e1dhion"},{"id":"900990","latitude":"37.70000000","longitude":"21.95000000","name":"Stavrodhr\u00f3mion"},{"id":"900995","latitude":"37.70000000","longitude":"21.95000000","name":"Stavrodhr\u00f3mi"},{"id":"901073","latitude":"37.55000000","longitude":"22.08333330","name":"Stemn\u00edtsa"},{"id":"901091","latitude":"37.50000000","longitude":"22.46666670","name":"Sten\u00f3n"},{"id":"901097","latitude":"37.50000000","longitude":"22.46666670","name":"Steno"},{"id":"901139","latitude":"37.40000000","longitude":"22.61666670","name":"St\u00f3los"},{"id":"901195","latitude":"37.80000000","longitude":"22.01666670","name":"Str\u00e9zova"},{"id":"901204","latitude":"37.45000000","longitude":"22.40000000","name":"Str\u00edngon"},{"id":"901205","latitude":"37.45000000","longitude":"22.40000000","name":"Str\u00edngos"},{"id":"901237","latitude":"37.56666670","longitude":"21.95000000","name":"Stro\u00faza"},{"id":"901268","latitude":"37.45000000","longitude":"22.45000000","name":"Svola\u00edika"},{"id":"901270","latitude":"37.45000000","longitude":"22.45000000","name":"Svol\u00e9\u00efka"},{"id":"901394","latitude":"37.45000000","longitude":"22.41666670","name":"Teg\u00e9a"},{"id":"901445","latitude":"37.35000000","longitude":"22.60000000","name":"Terza\u00edika Kal\u00edvia"},{"id":"901446","latitude":"37.35000000","longitude":"22.60000000","name":"Terz\u00e9ka Kal\u00edvia"},{"id":"901452","latitude":"37.45000000","longitude":"22.41666670","name":"Tey\u00e9a"},{"id":"901462","latitude":"37.48333330","longitude":"22.36666670","name":"Th\u00e1nas"},{"id":"901463","latitude":"37.48333330","longitude":"22.36666670","name":"Th\u00e1na"},{"id":"901492","latitude":"37.78333330","longitude":"22.11666670","name":"The\u00f3ktiston"},{"id":"901560","latitude":"37.41666670","longitude":"22.08333330","name":"Thokn\u00eda"},{"id":"901623","latitude":"37.43333330","longitude":"22.73333330","name":"Tim\u00e9nion"},{"id":"901638","latitude":"37.25000000","longitude":"22.83333330","name":"Tir\u00f3s"},{"id":"901674","latitude":"37.78333330","longitude":"22.11666670","name":"Top\u00f3rista"},{"id":"901675","latitude":"37.78333330","longitude":"22.11666670","name":"Top\u00f3ritsa"},{"id":"901718","latitude":"37.60000000","longitude":"21.95000000","name":"Tourk\u00f3rrafti"},{"id":"901726","latitude":"37.60000000","longitude":"22.51666670","name":"Tourn\u00edkion"},{"id":"901733","latitude":"37.68333330","longitude":"21.96666670","name":"Touth\u00f3a"},{"id":"901820","latitude":"37.30000000","longitude":"22.00000000","name":"Tr\u00edfai"},{"id":"901821","latitude":"37.30000000","longitude":"22.00000000","name":"Tr\u00edfas"},{"id":"901878","latitude":"37.45000000","longitude":"22.15000000","name":"Tr\u00edlofon"},{"id":"901906","latitude":"37.50888890","longitude":"22.37944440","name":"Tr\u00edpolis"},{"id":"901907","latitude":"37.50888890","longitude":"22.37944440","name":"Tr\u00edpoli"},{"id":"901908","latitude":"37.50888890","longitude":"22.37944440","name":"Tripolitza"},{"id":"901909","latitude":"37.50888890","longitude":"22.37944440","name":"Tripolizza"},{"id":"901915","latitude":"37.36666670","longitude":"22.10000000","name":"Trip\u00f3tamon"},{"id":"901942","latitude":"37.73333330","longitude":"21.95000000","name":"Tr\u00f3paia"},{"id":"901992","latitude":"37.05000000","longitude":"22.78333330","name":"Tsamal\u00e9\u00efka"},{"id":"902000","latitude":"37.40000000","longitude":"22.18333330","name":"Tsamb\u00f3ga"},{"id":"902019","latitude":"37.40000000","longitude":"22.18333330","name":"Tsap\u00f3ga"},{"id":"902052","latitude":"37.53333330","longitude":"22.26666670","name":"Tselep\u00e1kon"},{"id":"902053","latitude":"37.53333330","longitude":"22.26666670","name":"Tselep\u00e1kos"},{"id":"902061","latitude":"37.68333330","longitude":"21.96666670","name":"Tsep\u00f3li"},{"id":"902067","latitude":"37.43333330","longitude":"22.73333330","name":"Tser\u00e9ni"},{"id":"902073","latitude":"37.43333330","longitude":"22.11666670","name":"Ts\u00e9rkezi"},{"id":"902098","latitude":"37.75000000","longitude":"22.01666670","name":"Tsi\u00e1rni"},{"id":"902139","latitude":"37.43333330","longitude":"22.61666670","name":"Tsimo\u00fari Kh\u00e1ni"},{"id":"902158","latitude":"37.61666670","longitude":"22.46666670","name":"Tsipian\u00e1"},{"id":"902160","latitude":"37.68333330","longitude":"21.96666670","name":"Tsipoli\u00f3s"},{"id":"902170","latitude":"37.11666670","longitude":"22.86666670","name":"Tsit\u00e1lia"},{"id":"902176","latitude":"37.46666670","longitude":"22.40000000","name":"Ts\u00edva"},{"id":"902187","latitude":"37.31666670","longitude":"22.00000000","name":"Tsorot\u00e1"},{"id":"902188","latitude":"37.38333330","longitude":"22.56666670","name":"Tsorv\u00e1sion"},{"id":"902251","latitude":"37.25000000","longitude":"22.83333330","name":"Tyros"},{"id":"902255","latitude":"37.05000000","longitude":"22.78333330","name":"Tzamala\u00edika"},{"id":"902289","latitude":"37.46666670","longitude":"22.40000000","name":"Tz\u00edvas"},{"id":"902301","latitude":"37.36666670","longitude":"22.15000000","name":"Urisoules"},{"id":"902342","latitude":"37.46666670","longitude":"22.20000000","name":"V\u00e1kkhon"},{"id":"902385","latitude":"37.71666670","longitude":"22.10000000","name":"Vallitsin\u00edkon"},{"id":"902401","latitude":"37.71666670","longitude":"22.10000000","name":"Valtesin\u00edkon"},{"id":"902402","latitude":"37.48333330","longitude":"22.28333330","name":"Valt\u00e9tsion"},{"id":"902403","latitude":"37.48333330","longitude":"22.28333330","name":"Valt\u00e9tsi"},{"id":"902462","latitude":"37.46666670","longitude":"22.20000000","name":"V\u00e1ngon"},{"id":"902463","latitude":"37.46666670","longitude":"22.20000000","name":"V\u00e1ngos"},{"id":"902616","latitude":"37.51666670","longitude":"22.41666670","name":"Vasil\u00ed"},{"id":"902643","latitude":"37.41666670","longitude":"22.58333330","name":"Vathi\u00e1"},{"id":"902770","latitude":"37.33333330","longitude":"22.11666670","name":"Veligost\u00ed"},{"id":"902823","latitude":"37.43333330","longitude":"22.63333330","name":"Vema\u00edika"},{"id":"902824","latitude":"37.43333330","longitude":"22.63333330","name":"Vem\u00e9\u00efka"},{"id":"902842","latitude":"37.70000000","longitude":"21.91666670","name":"Veretebo\u00fa"},{"id":"902867","latitude":"37.70000000","longitude":"21.91666670","name":"Vertebo\u00faga"},{"id":"902872","latitude":"37.36666670","longitude":"22.46666670","name":"V\u00e9rvaina"},{"id":"902873","latitude":"37.36666670","longitude":"22.46666670","name":"V\u00e9rvena"},{"id":"902880","latitude":"37.46666670","longitude":"22.51666670","name":"Verzov\u00e1"},{"id":"902988","latitude":"37.66666670","longitude":"22.18333330","name":"Vit\u00edna"},{"id":"903015","latitude":"37.71666670","longitude":"21.95000000","name":"Viz\u00edkion"},{"id":"903017","latitude":"37.71666670","longitude":"21.95000000","name":"Viz\u00edtsi"},{"id":"903038","latitude":"37.71666670","longitude":"22.25000000","name":"Vlakh\u00e9rna"},{"id":"903052","latitude":"37.36666670","longitude":"22.38333330","name":"Vlakhokeras\u00e9a"},{"id":"903053","latitude":"37.36666670","longitude":"22.38333330","name":"Vlakhokerasi\u00e1"},{"id":"903064","latitude":"37.53333330","longitude":"22.01666670","name":"Vlakhorr\u00e1fti"},{"id":"903065","latitude":"37.53333330","longitude":"22.01666670","name":"Vlakhorr\u00e1ptis"},{"id":"903099","latitude":"37.06666670","longitude":"22.80000000","name":"Vlisidhi\u00e1"},{"id":"903106","latitude":"37.58333330","longitude":"21.98333330","name":"Vl\u00f3ngos"},{"id":"903179","latitude":"37.20000000","longitude":"22.78333330","name":"Vosk\u00edna"},{"id":"903260","latitude":"37.45000000","longitude":"22.40000000","name":"Voun\u00f3n"},{"id":"903271","latitude":"37.45000000","longitude":"22.40000000","name":"Voun\u00f3"},{"id":"903295","latitude":"37.33333330","longitude":"22.50000000","name":"Vo\u00farvoura"},{"id":"903316","latitude":"37.33333330","longitude":"22.20000000","name":"Voutsar\u00e1s"},{"id":"903318","latitude":"37.33333330","longitude":"22.20000000","name":"Voutsar\u00e1"},{"id":"903395","latitude":"37.70000000","longitude":"21.91666670","name":"Vredebo\u00faga"},{"id":"903448","latitude":"37.36666670","longitude":"22.15000000","name":"Vriso\u00falai"},{"id":"903454","latitude":"37.36666670","longitude":"22.15000000","name":"Vriso\u00fales"},{"id":"903474","latitude":"37.41666670","longitude":"22.08333330","name":"Vromos\u00e9la"},{"id":"903533","latitude":"37.66666670","longitude":"22.18333330","name":"Vytina"},{"id":"903644","latitude":"37.80000000","longitude":"22.00000000","name":"Xirokar\u00edtaina"},{"id":"903725","latitude":"37.40000000","longitude":"22.10000000","name":"Yefir\u00e1kia"},{"id":"903730","latitude":"37.36666670","longitude":"22.13333330","name":"Y\u00e9fira"},{"id":"903946","latitude":"37.45000000","longitude":"22.45000000","name":"Yiokara\u00edika"},{"id":"903947","latitude":"37.45000000","longitude":"22.45000000","name":"Yiokar\u00e9\u00efka"},{"id":"903985","latitude":"37.38333330","longitude":"22.03333330","name":"Zaglak\u00e1"},{"id":"903986","latitude":"37.38333330","longitude":"22.03333330","name":"Zaglak\u00f3rema"},{"id":"903995","latitude":"37.33333330","longitude":"22.20000000","name":"Za\u00efma"},{"id":"903998","latitude":"37.33333330","longitude":"22.20000000","name":"Zaimi"},{"id":"904041","latitude":"37.53333330","longitude":"22.31666670","name":"Zar\u00e1khova"},{"id":"904042","latitude":"37.53333330","longitude":"22.31666670","name":"Zar\u00e1kova"},{"id":"904068","latitude":"37.58333330","longitude":"22.01666670","name":"Z\u00e1touna"},{"id":"904092","latitude":"37.41666670","longitude":"22.36666670","name":"Z\u00e9li"},{"id":"904131","latitude":"37.55000000","longitude":"21.98333330","name":"Z\u00e9rzova"},{"id":"904139","latitude":"37.51666670","longitude":"22.43333330","name":"Zevgolat\u00edon"},{"id":"904143","latitude":"37.51666670","longitude":"22.43333330","name":"Zevgolati\u00f3"},{"id":"904156","latitude":"37.58333330","longitude":"22.08333330","name":"Zig\u00f3s"},{"id":"904157","latitude":"37.58333330","longitude":"22.08333330","name":"Zigov\u00edstion"},{"id":"904215","latitude":"37.46666670","longitude":"22.11666670","name":"Z\u00f3ni"},{"id":"904236","latitude":"37.66666670","longitude":"21.91666670","name":"Zouli\u00e1tika"},{"id":"904243","latitude":"37.46666670","longitude":"22.11666670","name":"Zoun\u00e1ti"}]