[{"id":"881101","latitude":"38.15000000","longitude":"20.75000000","name":"Afrayi\u00e1"},{"id":"881102","latitude":"38.15000000","longitude":"20.75000000","name":"Afrayi\u00e1s"},{"id":"881178","latitude":"38.25000000","longitude":"20.38333330","name":"Ag\u00eda Th\u00e9kla"},{"id":"881179","latitude":"38.25000000","longitude":"20.38333330","name":"Ag\u00eda Th\u00e9kli"},{"id":"881398","latitude":"38.45000000","longitude":"20.55000000","name":"Agrili\u00e1s"},{"id":"881401","latitude":"38.45000000","longitude":"20.55000000","name":"Agrili\u00f3s"},{"id":"881411","latitude":"38.66666670","longitude":"23.78333330","name":"Agriosik\u00e9a"},{"id":"881413","latitude":"38.66666670","longitude":"23.78333330","name":"Agriosiki\u00e1"},{"id":"881421","latitude":"38.66666670","longitude":"23.78333330","name":"Agrosik\u00e9a"},{"id":"881423","latitude":"38.66666670","longitude":"23.78333330","name":"Agrosiki\u00e1"},{"id":"881466","latitude":"38.25416670","longitude":"20.65138890","name":"Aigial\u00f3s"},{"id":"881496","latitude":"38.25416670","longitude":"20.65138890","name":"Aiyial\u00f3s"},{"id":"881599","latitude":"38.65000000","longitude":"23.58333330","name":"\u00c1krai"},{"id":"881604","latitude":"38.65000000","longitude":"23.58333330","name":"\u00c1kres"},{"id":"881624","latitude":"38.68333330","longitude":"23.76666670","name":"Akrosouv\u00e1la"},{"id":"881860","latitude":"38.11666670","longitude":"20.75000000","name":"Ambel\u00e1"},{"id":"881874","latitude":"38.11666670","longitude":"20.75000000","name":"Ambel\u00e1s"},{"id":"882111","latitude":"38.15000000","longitude":"20.73333330","name":"Andhriol\u00e1ta"},{"id":"882127","latitude":"38.31666670","longitude":"20.56666670","name":"Andip\u00e1ta"},{"id":"882128","latitude":"38.46666670","longitude":"20.55000000","name":"Andip\u00e1ta Er\u00edsou"},{"id":"882142","latitude":"38.15000000","longitude":"20.73333330","name":"Andriol\u00e1ta"},{"id":"882220","latitude":"38.30000000","longitude":"20.48333330","name":"Ang\u00f3n"},{"id":"882247","latitude":"38.11666670","longitude":"20.78333330","name":"Annimata"},{"id":"882248","latitude":"38.11666670","longitude":"20.78333330","name":"Annin\u00e1ta"},{"id":"882358","latitude":"38.11666670","longitude":"20.78333330","name":"Anoin\u00e1ta"},{"id":"882402","latitude":"38.08333330","longitude":"20.75000000","name":"\u00c1no Kateli\u00f3s"},{"id":"882484","latitude":"38.33333330","longitude":"20.55000000","name":"Anomeri\u00e1"},{"id":"882605","latitude":"38.10000000","longitude":"20.75000000","name":"\u00c1no V\u00e1ltai"},{"id":"882656","latitude":"38.41666670","longitude":"20.66666670","name":"Anoy\u00ed"},{"id":"882899","latitude":"38.10000000","longitude":"20.71666670","name":"Argenia"},{"id":"882907","latitude":"38.17305560","longitude":"20.48194440","name":"Argost\u00f3li"},{"id":"882908","latitude":"38.17305560","longitude":"20.48194440","name":"Argost\u00f3lion"},{"id":"882996","latitude":"38.68333330","longitude":"23.76666670","name":"Arkoudhosouv\u00e1la"},{"id":"883099","latitude":"38.10000000","longitude":"20.71666670","name":"Ary\u00ednia"},{"id":"883187","latitude":"38.38333330","longitude":"20.55000000","name":"\u00c1sos"},{"id":"883241","latitude":"38.11666670","longitude":"20.76666670","name":"Asproy\u00e9rakas"},{"id":"883250","latitude":"38.38333330","longitude":"20.55000000","name":"\u00c1ssos"},{"id":"883317","latitude":"38.31666670","longitude":"20.41666670","name":"Ath\u00e9ras"},{"id":"883340","latitude":"38.08333330","longitude":"20.71666670","name":"Atsoup\u00e1dhes"},{"id":"883341","latitude":"38.61666670","longitude":"23.73333330","name":"\u00c1ttali"},{"id":"883461","latitude":"38.30000000","longitude":"20.60000000","name":"Ay\u00eda Evfim\u00eda"},{"id":"883468","latitude":"38.11666670","longitude":"20.75000000","name":"Ay\u00eda Ir\u00edni"},{"id":"883546","latitude":"38.68333330","longitude":"23.73333330","name":"Ay\u00eda Sof\u00eda"},{"id":"883559","latitude":"38.25000000","longitude":"20.38333330","name":"Ay\u00eda Th\u00e9kla"},{"id":"883561","latitude":"38.25000000","longitude":"20.38333330","name":"Ay\u00eda Th\u00e9kli"},{"id":"883622","latitude":"38.46666670","longitude":"20.65000000","name":"\u00c1yioi Sar\u00e1nda"},{"id":"883701","latitude":"38.60000000","longitude":"23.78333330","name":"\u00c1yios Athan\u00e1sios"},{"id":"883758","latitude":"38.38333330","longitude":"20.66666670","name":"\u00c1yios Io\u00e1nnis"},{"id":"883961","latitude":"38.13333330","longitude":"20.55000000","name":"\u00c1yios Yeoryios"},{"id":"884174","latitude":"38.31666670","longitude":"20.55000000","name":"Bekator\u00e1ta"},{"id":"884204","latitude":"38.16666670","longitude":"20.68333330","name":"Benet\u00e1ta"},{"id":"884205","latitude":"38.16666670","longitude":"20.68333330","name":"Benett\u00e1ta"},{"id":"884589","latitude":"38.18333330","longitude":"20.38333330","name":"Chavri\u00e1ta"},{"id":"884713","latitude":"38.08333330","longitude":"20.75000000","name":"Crem\u00eddhi"},{"id":"884939","latitude":"38.23333330","longitude":"20.36666670","name":"Dhamoulian\u00e1ta"},{"id":"884941","latitude":"38.21666670","longitude":"20.50000000","name":"Dhang\u00e1ta"},{"id":"884975","latitude":"38.21666670","longitude":"20.50000000","name":"Dhavg\u00e1ta"},{"id":"884978","latitude":"38.38333330","longitude":"20.56666670","name":"Dhefaran\u00e1ta"},{"id":"884979","latitude":"38.38333330","longitude":"20.56666670","name":"Dhefarin\u00e1ta"},{"id":"884985","latitude":"38.21666670","longitude":"20.40000000","name":"Dhelaport\u00e1ta"},{"id":"884998","latitude":"38.21666670","longitude":"20.40000000","name":"Dhellaport\u00e1ta"},{"id":"885009","latitude":"38.23333330","longitude":"20.38333330","name":"Dhemator\u00e1"},{"id":"885015","latitude":"38.15000000","longitude":"20.55000000","name":"Dhemoutsand\u00e1ta"},{"id":"885016","latitude":"38.15000000","longitude":"20.55000000","name":"Dhemoutsiand\u00e1ta"},{"id":"885124","latitude":"38.16666670","longitude":"20.70000000","name":"Dhigal\u00e9ton"},{"id":"885130","latitude":"38.26666670","longitude":"20.68333330","name":"Dhikh\u00e1lia"},{"id":"885143","latitude":"38.21666670","longitude":"20.51666670","name":"Dhilian\u00e1ta"},{"id":"885145","latitude":"38.21666670","longitude":"20.51666670","name":"Dhilin\u00e1ta"},{"id":"885168","latitude":"38.13333330","longitude":"20.75000000","name":"Dhimisian\u00e1ta"},{"id":"885227","latitude":"38.33333330","longitude":"20.55000000","name":"Dhivar\u00e1ta"},{"id":"885280","latitude":"38.11666670","longitude":"20.56666670","name":"Dhoriz\u00e1ta"},{"id":"885348","latitude":"38.33333330","longitude":"20.55000000","name":"Dhrak\u00e1ta"},{"id":"885357","latitude":"38.30000000","longitude":"20.58333330","name":"Dhrakopoul\u00e1ta"},{"id":"885379","latitude":"38.40000000","longitude":"20.55000000","name":"Dhrapan\u00edtika"},{"id":"885521","latitude":"38.21666670","longitude":"20.51666670","name":"Dilin\u00e1ta"},{"id":"885589","latitude":"38.11666670","longitude":"20.56666670","name":"Doriz\u00e1ta"},{"id":"885723","latitude":"38.13333330","longitude":"20.61666670","name":"Eikosim\u00edas"},{"id":"885991","latitude":"38.16666670","longitude":"20.60000000","name":"Epanokh\u00f3ri"},{"id":"885995","latitude":"38.16666670","longitude":"20.60000000","name":"Epanokh\u00f3rion"},{"id":"886158","latitude":"38.43333330","longitude":"20.58333330","name":"Evret\u00ed"},{"id":"886222","latitude":"38.46666670","longitude":"20.63333330","name":"Exoy\u00ed"},{"id":"886266","latitude":"38.10000000","longitude":"20.76666670","name":"Fania\u00ed"},{"id":"886274","latitude":"38.20000000","longitude":"20.51666670","name":"Farakl\u00e1ta"},{"id":"886293","latitude":"38.23333330","longitude":"20.48333330","name":"F\u00e1rsa"},{"id":"886303","latitude":"38.20000000","longitude":"20.40000000","name":"Favat\u00e1ta"},{"id":"886314","latitude":"38.31666670","longitude":"20.58333330","name":"Ferendin\u00e1ta"},{"id":"886401","latitude":"38.46666670","longitude":"20.58333330","name":"Fisk\u00e1rdho"},{"id":"886402","latitude":"38.46666670","longitude":"20.58333330","name":"Fisk\u00e1rdhon"},{"id":"886483","latitude":"38.13333330","longitude":"20.53333330","name":"Fok\u00e1ta"},{"id":"886504","latitude":"38.20000000","longitude":"20.40000000","name":"Forvatata"},{"id":"886556","latitude":"38.10000000","longitude":"20.75000000","name":"Fourni\u00f3ti"},{"id":"886557","latitude":"38.10000000","longitude":"20.75000000","name":"Fourni\u00f3tis"},{"id":"886583","latitude":"38.18333330","longitude":"20.58333330","name":"Frang\u00e1ta"},{"id":"886603","latitude":"38.46666670","longitude":"20.55000000","name":"Frap\u00e1ta"},{"id":"886625","latitude":"38.45000000","longitude":"20.66666670","name":"Fr\u00edkes"},{"id":"886633","latitude":"38.38333330","longitude":"20.53333330","name":"Fro\u00farion \u00c1ssos"},{"id":"886634","latitude":"38.38333330","longitude":"20.53333330","name":"Fro\u00farion"},{"id":"886957","latitude":"38.66666670","longitude":"23.81666670","name":"Glif\u00e1dha"},{"id":"887262","latitude":"38.21666670","longitude":"20.65000000","name":"Griz\u00e1ta"},{"id":"887432","latitude":"38.18333330","longitude":"20.41666670","name":"\u00cdllaroi"},{"id":"887561","latitude":"38.36027780","longitude":"20.71611110","name":"Ithaca"},{"id":"887562","latitude":"38.36027780","longitude":"20.71611110","name":"Ith\u00e1ki"},{"id":"887756","latitude":"38.46666670","longitude":"20.63333330","name":"K\u00e1lamos"},{"id":"887784","latitude":"38.23333330","longitude":"20.38333330","name":"Kal\u00e1ta"},{"id":"887835","latitude":"38.11666670","longitude":"20.53333330","name":"Kalig\u00e1ta"},{"id":"887902","latitude":"38.45000000","longitude":"20.63333330","name":"Kal\u00edvia"},{"id":"887991","latitude":"38.11666670","longitude":"20.53333330","name":"Kallig\u00e1ta"},{"id":"888252","latitude":"38.61666670","longitude":"23.56666670","name":"Kamar\u00edtsa"},{"id":"888278","latitude":"38.13333330","longitude":"20.73333330","name":"Kambits\u00e1ta"},{"id":"888318","latitude":"38.23333330","longitude":"20.38333330","name":"Kaminar\u00e1ta"},{"id":"888435","latitude":"38.13333330","longitude":"20.73333330","name":"Kapandhr\u00edti"},{"id":"888437","latitude":"38.13333330","longitude":"20.73333330","name":"Kapandr\u00edtion"},{"id":"888565","latitude":"38.16666670","longitude":"20.68333330","name":"Kar\u00e1ktion"},{"id":"888613","latitude":"38.13333330","longitude":"20.58333330","name":"Karav\u00e1dhos"},{"id":"888635","latitude":"38.28333330","longitude":"20.46666670","name":"Kardakata"},{"id":"888644","latitude":"38.28333330","longitude":"20.46666670","name":"Kardhak\u00e1ta"},{"id":"888695","latitude":"38.36666670","longitude":"20.58333330","name":"Kari\u00e1"},{"id":"888795","latitude":"38.11666670","longitude":"20.75000000","name":"Karo\u00fassa"},{"id":"888867","latitude":"38.36666670","longitude":"20.58333330","name":"Kary\u00e1"},{"id":"888962","latitude":"38.56666670","longitude":"23.63333330","name":"Kast\u00e9lla"},{"id":"889040","latitude":"38.13333330","longitude":"20.55000000","name":"Kastro"},{"id":"889046","latitude":"38.38333330","longitude":"20.53333330","name":"K\u00e1stron \u00c1ssos"},{"id":"889050","latitude":"38.13333330","longitude":"20.55000000","name":"K\u00e1stron"},{"id":"889064","latitude":"38.13333330","longitude":"20.55000000","name":"Kastro tou \u00c1yiou Yeoryiou"},{"id":"889126","latitude":"38.23333330","longitude":"20.65000000","name":"Katapodh\u00e1ta"},{"id":"889132","latitude":"38.16666670","longitude":"20.71666670","name":"Kat\u00e1rrakhon"},{"id":"889133","latitude":"38.16666670","longitude":"20.71666670","name":"Kat\u00e1rrakhos"},{"id":"889150","latitude":"38.06666670","longitude":"20.75000000","name":"Kateli\u00f3s"},{"id":"889295","latitude":"38.28333330","longitude":"20.46666670","name":"K\u00e1to Kardhakata"},{"id":"889314","latitude":"38.06666670","longitude":"20.75000000","name":"K\u00e1to Kateli\u00f3s"},{"id":"889347","latitude":"38.28333330","longitude":"20.46666670","name":"Katokh\u00f3rion"},{"id":"889581","latitude":"38.71666670","longitude":"23.73333330","name":"Kato\u00fania"},{"id":"889651","latitude":"38.45000000","longitude":"20.56666670","name":"Katsar\u00e1ta"},{"id":"889920","latitude":"38.11666670","longitude":"20.55000000","name":"Keramia\u00ed"},{"id":"889931","latitude":"38.11666670","longitude":"20.55000000","name":"Kerami\u00e9s"},{"id":"890052","latitude":"38.43333330","longitude":"20.55000000","name":"Khaker\u00ed"},{"id":"890082","latitude":"38.43333330","longitude":"20.55000000","name":"Khaliker\u00ed"},{"id":"890091","latitude":"38.21666670","longitude":"20.61666670","name":"Khaliot\u00e1ta"},{"id":"890194","latitude":"38.16666670","longitude":"20.68333330","name":"Khar\u00e1ktion"},{"id":"890259","latitude":"38.18333330","longitude":"20.38333330","name":"Khavari\u00e1ta"},{"id":"890262","latitude":"38.20000000","longitude":"20.38333330","name":"Khavdh\u00e1ta"},{"id":"890263","latitude":"38.18333330","longitude":"20.38333330","name":"Khavri\u00e1ta"},{"id":"890274","latitude":"38.15000000","longitude":"20.50000000","name":"Khelm\u00e1ta"},{"id":"890308","latitude":"38.08333330","longitude":"20.71666670","name":"Khinanata"},{"id":"890314","latitude":"38.08333330","longitude":"20.71666670","name":"Khion\u00e1ta"},{"id":"890579","latitude":"38.45000000","longitude":"20.68333330","name":"Ki\u00f3ni"},{"id":"890580","latitude":"38.45000000","longitude":"20.68333330","name":"Ki\u00f3nion"},{"id":"890581","latitude":"38.45000000","longitude":"20.68333330","name":"Ki\u00f3non"},{"id":"890603","latitude":"38.63333330","longitude":"23.60000000","name":"Kipar\u00edssion"},{"id":"890803","latitude":"38.11666670","longitude":"20.55000000","name":"Kl\u00edsmata"},{"id":"890969","latitude":"38.13333330","longitude":"20.53333330","name":"Kokol\u00e1ta"},{"id":"890977","latitude":"38.08333330","longitude":"20.71666670","name":"Kolaiti"},{"id":"890978","latitude":"38.08333330","longitude":"20.71666670","name":"Kolaitis"},{"id":"890997","latitude":"38.46666670","longitude":"20.63333330","name":"Kolier\u00ed"},{"id":"891017","latitude":"38.11666670","longitude":"20.53333330","name":"Kollig\u00e1ta"},{"id":"891065","latitude":"38.15000000","longitude":"20.50000000","name":"Kombothekr\u00e1ta"},{"id":"891082","latitude":"38.36666670","longitude":"20.60000000","name":"Komit\u00e1ta"},{"id":"891124","latitude":"38.63333330","longitude":"23.63333330","name":"Kondodhesp\u00f3ti"},{"id":"891125","latitude":"38.63333330","longitude":"23.63333330","name":"Kondodhesp\u00f3tion"},{"id":"891126","latitude":"38.63333330","longitude":"23.63333330","name":"Kondodnespoti"},{"id":"891128","latitude":"38.26666670","longitude":"20.46666670","name":"Kondogour\u00e1ta"},{"id":"891129","latitude":"38.26666670","longitude":"20.46666670","name":"Kondogour\u00e1ton"},{"id":"891155","latitude":"38.25000000","longitude":"20.40000000","name":"Kondoyen\u00e1dha"},{"id":"891160","latitude":"38.26666670","longitude":"20.46666670","name":"Kondoyir\u00e1ta"},{"id":"891178","latitude":"38.43333330","longitude":"20.56666670","name":"Konidhar\u00e1ta"},{"id":"891211","latitude":"38.26666670","longitude":"20.46666670","name":"Kontogour\u00e1ta"},{"id":"891283","latitude":"38.11666670","longitude":"20.55000000","name":"Kori\u00e1nna"},{"id":"891319","latitude":"38.11666670","longitude":"20.76666670","name":"Korn\u00e9llos"},{"id":"891320","latitude":"38.11666670","longitude":"20.76666670","name":"Korn\u00e9lou"},{"id":"891419","latitude":"38.38333330","longitude":"20.56666670","name":"Kothr\u00e9as"},{"id":"891452","latitude":"38.58333330","longitude":"23.55000000","name":"Kots\u00edkia"},{"id":"891561","latitude":"38.20000000","longitude":"20.66666670","name":"Koulour\u00e1ta"},{"id":"891672","latitude":"38.23333330","longitude":"20.48333330","name":"Kouroukl\u00e1ta"},{"id":"891746","latitude":"38.10000000","longitude":"20.76666670","name":"Koutrouk\u00f3\u00efs"},{"id":"891803","latitude":"38.23333330","longitude":"20.41666670","name":"Kouval\u00e1ta"},{"id":"891907","latitude":"38.08333330","longitude":"20.75000000","name":"Kremm\u00eddhion"},{"id":"892261","latitude":"38.46666670","longitude":"20.65000000","name":"Lakh\u00f3s"},{"id":"892262","latitude":"38.11666670","longitude":"20.51666670","name":"Lak\u00edthia"},{"id":"892263","latitude":"38.11666670","longitude":"20.51666670","name":"Lak\u00edthra"},{"id":"892282","latitude":"38.48333330","longitude":"20.66666670","name":"L\u00e1kkos"},{"id":"892428","latitude":"38.25000000","longitude":"20.60000000","name":"Latavin\u00e1ta"},{"id":"892459","latitude":"38.41666670","longitude":"20.55000000","name":"Lavonik\u00e9s"},{"id":"892515","latitude":"38.33333330","longitude":"20.55000000","name":"Lekats\u00e1ta"},{"id":"892559","latitude":"38.18333330","longitude":"20.43333330","name":"L\u00e9pedha"},{"id":"892658","latitude":"38.41666670","longitude":"20.65000000","name":"L\u00e9vki"},{"id":"892843","latitude":"38.71666670","longitude":"23.75000000","name":"Limi\u00f3nas"},{"id":"892860","latitude":"38.71666670","longitude":"23.75000000","name":"Limni\u00f3nas"},{"id":"893021","latitude":"38.28333330","longitude":"20.43333330","name":"Liv\u00e1dhion"},{"id":"893059","latitude":"38.25000000","longitude":"20.60000000","name":"Livathin\u00e1ta"},{"id":"893065","latitude":"38.20194440","longitude":"20.43138890","name":"Lixo\u00fari"},{"id":"893066","latitude":"38.20194440","longitude":"20.43138890","name":"Lixo\u00farion"},{"id":"893067","latitude":"38.20194440","longitude":"20.43138890","name":"Lixuri"},{"id":"893088","latitude":"38.31666670","longitude":"20.56666670","name":"Logar\u00e1ta"},{"id":"893156","latitude":"38.31666670","longitude":"20.55000000","name":"Louk\u00e1ta"},{"id":"893157","latitude":"38.23333330","longitude":"20.41666670","name":"Louker\u00e1ta"},{"id":"893181","latitude":"38.11666670","longitude":"20.63333330","name":"Lourd\u00e1ta"},{"id":"893182","latitude":"38.11666670","longitude":"20.63333330","name":"Lourdh\u00e1ta"},{"id":"893254","latitude":"38.58333330","longitude":"23.80000000","name":"Lo\u00fatsa"},{"id":"893276","latitude":"38.23333330","longitude":"20.41666670","name":"Luker\u00e1ta"},{"id":"893379","latitude":"38.61666670","longitude":"23.75000000","name":"Makrik\u00e1pa"},{"id":"893380","latitude":"38.61666670","longitude":"23.75000000","name":"Makrik\u00e1ppa"},{"id":"893397","latitude":"38.60000000","longitude":"23.66666670","name":"Makrim\u00e1lli"},{"id":"893409","latitude":"38.30000000","longitude":"20.55000000","name":"Makri\u00f3tika"},{"id":"893565","latitude":"38.21666670","longitude":"20.38333330","name":"Mandouk\u00e1ta"},{"id":"893600","latitude":"38.18333330","longitude":"20.40000000","name":"Mandzavin\u00e1ta"},{"id":"893617","latitude":"38.45000000","longitude":"20.55000000","name":"M\u00e1nganos"},{"id":"893667","latitude":"38.18333330","longitude":"20.40000000","name":"Mantzavin\u00e1ta"},{"id":"893721","latitude":"38.08333330","longitude":"20.73333330","name":"Marcopolou"},{"id":"893751","latitude":"38.46666670","longitude":"20.55000000","name":"Markandon\u00e1ta"},{"id":"893754","latitude":"38.70000000","longitude":"23.58333330","name":"Mark\u00e1tai"},{"id":"893755","latitude":"38.30000000","longitude":"20.56666670","name":"Mark\u00e1ta"},{"id":"893757","latitude":"38.70000000","longitude":"23.58333330","name":"Mark\u00e1tes"},{"id":"893762","latitude":"38.31666670","longitude":"20.55000000","name":"Market\u00e1ta"},{"id":"893763","latitude":"38.31666670","longitude":"20.55000000","name":"Markett\u00e1ta"},{"id":"893770","latitude":"38.08333330","longitude":"20.73333330","name":"Mark\u00f3poulon"},{"id":"893779","latitude":"38.43333330","longitude":"20.56666670","name":"Markoul\u00e1ta"},{"id":"893894","latitude":"38.45000000","longitude":"20.58333330","name":"Matsouk\u00e1ta"},{"id":"893908","latitude":"38.06666670","longitude":"20.73333330","name":"Mavr\u00e1ta"},{"id":"894335","latitude":"38.13333330","longitude":"20.51666670","name":"Meneg\u00e1ta"},{"id":"894556","latitude":"38.40000000","longitude":"20.56666670","name":"Mesovo\u00fania"},{"id":"894564","latitude":"38.40000000","longitude":"20.56666670","name":"Mesovounion"},{"id":"894611","latitude":"38.11666670","longitude":"20.53333330","name":"Metax\u00e1ta"},{"id":"894742","latitude":"38.18333330","longitude":"20.43333330","name":"Mikhalits\u00e1ta"},{"id":"894748","latitude":"38.16666670","longitude":"20.60000000","name":"Mikh\u00e1ta"},{"id":"894962","latitude":"38.71666670","longitude":"23.73333330","name":"M\u00edloi"},{"id":"894999","latitude":"38.16666670","longitude":"20.60000000","name":"Minet\u00e1ta"},{"id":"895001","latitude":"38.13333330","longitude":"20.50000000","name":"Minia\u00eds"},{"id":"895002","latitude":"38.13333330","longitude":"20.50000000","name":"Mini\u00e1"},{"id":"895003","latitude":"38.13333330","longitude":"20.50000000","name":"Mini\u00e9s"},{"id":"895083","latitude":"38.15000000","longitude":"20.56666670","name":"Mitak\u00e1ta"},{"id":"895148","latitude":"38.45000000","longitude":"20.53333330","name":"Molfet\u00e1ta"},{"id":"895172","latitude":"38.16666670","longitude":"20.71666670","name":"Monastir\u00e1ki"},{"id":"895185","latitude":"38.16666670","longitude":"20.71666670","name":"Monastir\u00e1kion"},{"id":"895239","latitude":"38.23333330","longitude":"20.38333330","name":"Monopol\u00e1ta"},{"id":"895246","latitude":"38.15000000","longitude":"20.55000000","name":"Montesand\u00e1ta"},{"id":"895363","latitude":"38.13333330","longitude":"20.61666670","name":"Mous\u00e1ta"},{"id":"895390","latitude":"38.21666670","longitude":"20.66666670","name":"Mouzak\u00e1ta"},{"id":"895784","latitude":"38.20000000","longitude":"20.41666670","name":"Neokh\u00f3ri"},{"id":"895816","latitude":"38.20000000","longitude":"20.41666670","name":"Neokh\u00f3rion"},{"id":"895986","latitude":"38.61666670","longitude":"23.53333330","name":"Nerotrivi\u00e1"},{"id":"896024","latitude":"38.30000000","longitude":"20.48333330","name":"N\u00edfi"},{"id":"896026","latitude":"38.30000000","longitude":"20.48333330","name":"N\u00edfion"},{"id":"896048","latitude":"38.68333330","longitude":"23.76666670","name":"N\u00edki"},{"id":"896418","latitude":"38.68333330","longitude":"23.58333330","name":"Pag\u00f3nda"},{"id":"896419","latitude":"38.68333330","longitude":"23.58333330","name":"Pag\u00f3ndas"},{"id":"896741","latitude":"38.45000000","longitude":"20.65000000","name":"Palik\u00e1ta"},{"id":"896836","latitude":"38.58333330","longitude":"23.76666670","name":"Palio\u00fara"},{"id":"896839","latitude":"38.58333330","longitude":"23.76666670","name":"Palio\u00faras"},{"id":"897186","latitude":"38.23333330","longitude":"20.38333330","name":"Paris\u00e1ta"},{"id":"897236","latitude":"38.10000000","longitude":"20.75000000","name":"P\u00e1stra"},{"id":"897265","latitude":"38.36666670","longitude":"20.56666670","name":"Patrika\u00eda"},{"id":"897268","latitude":"38.36666670","longitude":"20.56666670","name":"Patrik\u00e1ta"},{"id":"897425","latitude":"38.35000000","longitude":"20.71666670","name":"Perakh\u00f3rion"},{"id":"897451","latitude":"38.13333330","longitude":"20.56666670","name":"Perat\u00e1ta"},{"id":"897596","latitude":"38.11666670","longitude":"20.58333330","name":"Pesades"},{"id":"897597","latitude":"38.11666670","longitude":"20.58333330","name":"Pes\u00e1dha"},{"id":"897602","latitude":"38.11666670","longitude":"20.58333330","name":"Pess\u00e1dhes"},{"id":"897666","latitude":"38.28333330","longitude":"20.46666670","name":"Petrik\u00e1ta"},{"id":"897772","latitude":"38.11666670","longitude":"20.58333330","name":"Pez\u00e1dhes"},{"id":"897785","latitude":"38.46666670","longitude":"20.58333330","name":"Phiskardo"},{"id":"897805","latitude":"38.75000000","longitude":"23.73333330","name":"Pig\u00e1dhia"},{"id":"897856","latitude":"38.31666670","longitude":"20.56666670","name":"Pilaro\u00fa"},{"id":"897860","latitude":"38.45000000","longitude":"20.65000000","name":"Pilik\u00e1ta"},{"id":"897980","latitude":"38.35000000","longitude":"20.68333330","name":"Pisa\u00ebt\u00f3s"},{"id":"898146","latitude":"38.61666670","longitude":"23.70000000","name":"Plat\u00e1nia"},{"id":"898233","latitude":"38.46666670","longitude":"20.65000000","name":"Platithri\u00e1"},{"id":"898234","latitude":"38.46666670","longitude":"20.65000000","name":"Platithri\u00e1s"},{"id":"898241","latitude":"38.46666670","longitude":"20.65000000","name":"Platrith\u00eda"},{"id":"898248","latitude":"38.40000000","longitude":"20.58333330","name":"Playi\u00e1"},{"id":"898420","latitude":"38.60000000","longitude":"23.55000000","name":"Politik\u00e1"},{"id":"898514","latitude":"38.15000000","longitude":"20.78333330","name":"P\u00f3ros"},{"id":"898607","latitude":"38.23333330","longitude":"20.60000000","name":"Poul\u00e1ta"},{"id":"898848","latitude":"38.58333330","longitude":"23.63333330","name":"Psakhn\u00e1"},{"id":"898897","latitude":"38.46666670","longitude":"20.56666670","name":"Psilithri\u00e1s"},{"id":"898898","latitude":"38.46666670","longitude":"20.56666670","name":"Psil\u00edthrion"},{"id":"899027","latitude":"38.31666670","longitude":"20.58333330","name":"Raftopoul\u00e1ta"},{"id":"899048","latitude":"38.45000000","longitude":"20.68333330","name":"R\u00e1khi"},{"id":"899106","latitude":"38.06666670","longitude":"20.78333330","name":"Ratzakl\u00edon"},{"id":"899107","latitude":"38.06666670","longitude":"20.78333330","name":"Ratzakl\u00ed"},{"id":"899119","latitude":"38.18333330","longitude":"20.53333330","name":"Raz\u00e1ta"},{"id":"899164","latitude":"38.28333330","longitude":"20.46666670","name":"Retrikata"},{"id":"899192","latitude":"38.23333330","longitude":"20.38333330","name":"R\u00edfion"},{"id":"899193","latitude":"38.23333330","longitude":"20.38333330","name":"R\u00edfi"},{"id":"899244","latitude":"38.28333330","longitude":"20.46666670","name":"R\u00edza"},{"id":"899565","latitude":"38.25416670","longitude":"20.65138890","name":"S\u00e1mi"},{"id":"899570","latitude":"38.25416670","longitude":"20.65138890","name":"Samos"},{"id":"899673","latitude":"38.11666670","longitude":"20.51666670","name":"Sarl\u00e1ta"},{"id":"900047","latitude":"38.11666670","longitude":"20.65000000","name":"Simot\u00e1ta"},{"id":"900355","latitude":"38.08333330","longitude":"20.78333330","name":"Sk\u00e1la"},{"id":"900475","latitude":"38.23333330","longitude":"20.40000000","name":"Skin\u00e9as"},{"id":"900535","latitude":"38.23333330","longitude":"20.40000000","name":"Skoin\u00e9a"},{"id":"900674","latitude":"38.18333330","longitude":"20.68333330","name":"Sof\u00e1ta"},{"id":"900680","latitude":"38.18333330","longitude":"20.68333330","name":"Sof\u00f3s"},{"id":"900699","latitude":"38.11666670","longitude":"20.75000000","name":"Solom\u00e1ta"},{"id":"900768","latitude":"38.18333330","longitude":"20.41666670","name":"Soull\u00e1roi"},{"id":"900827","latitude":"38.11666670","longitude":"20.56666670","name":"Sparti\u00e1"},{"id":"900863","latitude":"38.10000000","longitude":"20.78333330","name":"Spath\u00edon"},{"id":"900864","latitude":"38.10000000","longitude":"20.78333330","name":"Sp\u00e1thi"},{"id":"900888","latitude":"38.16666670","longitude":"20.48333330","name":"Spili\u00e1"},{"id":"900970","latitude":"38.18333330","longitude":"20.70000000","name":"St\u00e1veris"},{"id":"900971","latitude":"38.18333330","longitude":"20.70000000","name":"Stav\u00e9ri"},{"id":"901029","latitude":"38.45000000","longitude":"20.65000000","name":"Stavr\u00f3s"},{"id":"901272","latitude":"38.11666670","longitude":"20.51666670","name":"Svoron\u00e1ta"},{"id":"901355","latitude":"38.28333330","longitude":"20.58333330","name":"Tarkas\u00e1ta"},{"id":"901546","latitude":"38.08333330","longitude":"20.71666670","name":"Thir\u00e1monas"},{"id":"901547","latitude":"38.08333330","longitude":"20.71666670","name":"Thiram\u00f3na"},{"id":"901632","latitude":"38.20000000","longitude":"20.40000000","name":"Tipaldh\u00e1ta"},{"id":"901690","latitude":"38.43333330","longitude":"20.55000000","name":"Touli\u00e1ta"},{"id":"901782","latitude":"38.13333330","longitude":"20.53333330","name":"Travli\u00e1ta"},{"id":"901795","latitude":"38.58333330","longitude":"23.71666670","name":"Tri\u00e1dha"},{"id":"901816","latitude":"38.58333330","longitude":"23.71666670","name":"Tri\u00e1s"},{"id":"901937","latitude":"38.16666670","longitude":"20.55000000","name":"Tro\u00efan\u00e1ta"},{"id":"901954","latitude":"38.16666670","longitude":"20.55000000","name":"Trouyian\u00e1ta"},{"id":"901974","latitude":"38.16666670","longitude":"20.66666670","name":"Tsakarisi\u00e1non"},{"id":"901975","latitude":"38.16666670","longitude":"20.66666670","name":"Tsakartsiano\u00fa"},{"id":"902033","latitude":"38.16666670","longitude":"20.66666670","name":"Tsarkasi\u00e1nos"},{"id":"902051","latitude":"38.45000000","longitude":"20.58333330","name":"Tselend\u00e1ta"},{"id":"902089","latitude":"38.66666670","longitude":"23.81666670","name":"Ts\u00e9ryai"},{"id":"902092","latitude":"38.66666670","longitude":"23.81666670","name":"Tseryi\u00e9s"},{"id":"902179","latitude":"38.16666670","longitude":"20.66666670","name":"Tsokarisi\u00e1non"},{"id":"902258","latitude":"38.45000000","longitude":"20.53333330","name":"Tzamarell\u00e1ta"},{"id":"902259","latitude":"38.13333330","longitude":"20.75000000","name":"Tzan\u00e1ta"},{"id":"902260","latitude":"38.23333330","longitude":"20.65000000","name":"Tzanet\u00e1ta"},{"id":"902263","latitude":"38.13333330","longitude":"20.75000000","name":"Tzann\u00e1ta"},{"id":"902292","latitude":"38.13333330","longitude":"20.75000000","name":"Tzon\u00e1ta"},{"id":"902369","latitude":"38.08333330","longitude":"20.71666670","name":"Valeri\u00e1nos"},{"id":"902370","latitude":"38.08333330","longitude":"20.71666670","name":"Valeri\u00e1no"},{"id":"902384","latitude":"38.30000000","longitude":"20.56666670","name":"Vallian\u00e1ta"},{"id":"902393","latitude":"38.16666670","longitude":"20.60000000","name":"Valsam\u00e1ta"},{"id":"902396","latitude":"38.10000000","longitude":"20.75000000","name":"V\u00e1lta"},{"id":"902516","latitude":"38.38333330","longitude":"20.58333330","name":"Var\u00ed"},{"id":"902593","latitude":"38.41666670","longitude":"20.56666670","name":"Vasiliki\u00e1dhes"},{"id":"902673","latitude":"38.36027780","longitude":"20.71611110","name":"Vath\u00ed"},{"id":"902827","latitude":"38.43333330","longitude":"20.56666670","name":"Vendour\u00e1ta"},{"id":"902870","latitude":"38.63333330","longitude":"23.61666670","name":"Vertoura"},{"id":"902923","latitude":"38.25000000","longitude":"20.38333330","name":"Vilat\u00f3ria"},{"id":"902927","latitude":"38.43333330","longitude":"20.55000000","name":"Vil\u00ed"},{"id":"902943","latitude":"38.43333330","longitude":"20.55000000","name":"Vingl\u00ed"},{"id":"903020","latitude":"38.13333330","longitude":"20.61666670","name":"Vlach\u00e1ta"},{"id":"903033","latitude":"38.13333330","longitude":"20.61666670","name":"Vlakh\u00e1ta"},{"id":"903041","latitude":"38.75000000","longitude":"23.66666670","name":"Vlakhi\u00e1"},{"id":"903070","latitude":"38.75000000","longitude":"23.66666670","name":"Vlakni\u00e1"},{"id":"903094","latitude":"38.23333330","longitude":"20.40000000","name":"Vlikh\u00e1ta"},{"id":"903251","latitude":"38.18333330","longitude":"20.40000000","name":"Voun\u00edon"},{"id":"903255","latitude":"38.18333330","longitude":"20.40000000","name":"Voun\u00ed"},{"id":"903336","latitude":"38.25000000","longitude":"20.38333330","name":"V\u00f3vikes"},{"id":"903423","latitude":"38.56666670","longitude":"23.60000000","name":"Vris\u00e1kia"},{"id":"903426","latitude":"38.56666670","longitude":"23.60000000","name":"Vris\u00e1ki"},{"id":"903561","latitude":"38.13333330","longitude":"20.71666670","name":"Xen\u00f3poulon"},{"id":"903562","latitude":"38.13333330","longitude":"20.71666670","name":"Xenopo\u00falou"},{"id":"903835","latitude":"38.46666670","longitude":"20.56666670","name":"Yermen\u00e1ta"},{"id":"903868","latitude":"38.25416670","longitude":"20.65138890","name":"Yial\u00f3s"},{"id":"904025","latitude":"38.43333330","longitude":"20.55000000","name":"Zambell\u00e1ta"},{"id":"904099","latitude":"38.23333330","longitude":"20.65000000","name":"Zenet\u00e1ta"},{"id":"904117","latitude":"38.21666670","longitude":"20.65000000","name":"Zerv\u00e1ta"},{"id":"904205","latitude":"38.31666670","longitude":"20.46666670","name":"Z\u00f3la"}]