[{"id":"127439","latitude":"-13.25000000","longitude":"131.10000000","name":"Adelaide River"},{"id":"127483","latitude":"-23.70000000","longitude":"133.88333300","name":"Alice Springs"},{"id":"127500","latitude":"-12.48333300","longitude":"131.58333300","name":"Alligator Heads"},{"id":"127525","latitude":"-13.84833300","longitude":"136.41916700","name":"Alyangula"},{"id":"127627","latitude":"-23.43333300","longitude":"134.68333300","name":"Arltunga"},{"id":"127628","latitude":"-23.43333300","longitude":"134.68333300","name":"Arltunga Mission"},{"id":"127629","latitude":"-23.43333300","longitude":"134.68333300","name":"Arltunga Police Station"},{"id":"127745","latitude":"-12.41666700","longitude":"130.85000000","name":"Bagot"},{"id":"127922","latitude":"-21.55000000","longitude":"133.88333300","name":"Barrow Creek"},{"id":"127942","latitude":"-13.06666700","longitude":"131.01666700","name":"Batchelor"},{"id":"128216","latitude":"-15.65000000","longitude":"133.21666700","name":"Birdum"},{"id":"128482","latitude":"-16.06666700","longitude":"136.28333300","name":"Borroloola"},{"id":"128642","latitude":"-13.46666700","longitude":"131.41666700","name":"Brocks Creek"},{"id":"128918","latitude":"-13.53333300","longitude":"131.70000000","name":"Burrundie"},{"id":"129253","latitude":"-25.91666700","longitude":"134.91666700","name":"Charlotte Waters"},{"id":"129906","latitude":"-16.25000000","longitude":"133.36666700","name":"Dalys Waters"},{"id":"129907","latitude":"-16.25000000","longitude":"133.36666700","name":"Daly Waters"},{"id":"129962","latitude":"-12.46666700","longitude":"130.83333300","name":"Darwin"},{"id":"130396","latitude":"-17.55000000","longitude":"133.53333300","name":"Elliott"},{"id":"130563","latitude":"-12.42055600","longitude":"130.84083300","name":"Fannie Bay"},{"id":"130618","latitude":"-25.56666700","longitude":"134.58333300","name":"Finke"},{"id":"130619","latitude":"-25.56666700","longitude":"134.58333300","name":"Finke Siding"},{"id":"130688","latitude":"-11.41666700","longitude":"130.43333300","name":"Fort Dundas"},{"id":"130948","latitude":"-23.71666700","longitude":"132.66666700","name":"Glen Helen"},{"id":"130949","latitude":"-23.71666700","longitude":"132.66666700","name":"Glen Helen Homestead"},{"id":"131113","latitude":"-11.65000000","longitude":"133.38833300","name":"Goulburn Island"},{"id":"131114","latitude":"-11.65000000","longitude":"133.38833300","name":"Goulburn Island Mission"},{"id":"131119","latitude":"-12.23333300","longitude":"136.76666700","name":"Gove"},{"id":"131227","latitude":"-11.41666700","longitude":"130.66666700","name":"Gribble Settlement"},{"id":"131228","latitude":"-11.41666700","longitude":"130.66666700","name":"Gribbles Settlement"},{"id":"131238","latitude":"-13.48333300","longitude":"131.55000000","name":"Grove Hill"},{"id":"131407","latitude":"-20.93333300","longitude":"135.20000000","name":"Hatches Creek"},{"id":"131973","latitude":"-14.46666700","longitude":"132.26666700","name":"Katherine"},{"id":"132182","latitude":"-12.45000000","longitude":"130.95000000","name":"Knuckeys Lagoon"},{"id":"132492","latitude":"-12.45000000","longitude":"130.81666700","name":"Larrakeyah"},{"id":"132528","latitude":"-12.36666700","longitude":"130.90000000","name":"Leanyer"},{"id":"132795","latitude":"-12.41666700","longitude":"130.85000000","name":"Ludmilla"},{"id":"132929","latitude":"-12.06666700","longitude":"134.26666700","name":"Maningrida"},{"id":"132961","latitude":"-14.53333300","longitude":"132.78333300","name":"Maranboy"},{"id":"132962","latitude":"-14.53333300","longitude":"132.78333300","name":"Maranboy Police Station"},{"id":"133040","latitude":"-14.93333300","longitude":"133.11666700","name":"Mataranka"},{"id":"133089","latitude":"-12.53333300","longitude":"131.05000000","name":"McMinns Lagoon"},{"id":"133827","latitude":"-11.55277800","longitude":"132.92500000","name":"Murgenella Settlement"},{"id":"134102","latitude":"-17.40000000","longitude":"133.40000000","name":"Newcastle Waters"},{"id":"134147","latitude":"-12.23333300","longitude":"136.76666700","name":"Nhulunbuy"},{"id":"134148","latitude":"-12.23333300","longitude":"136.76666700","name":"Nhulunby"},{"id":"134154","latitude":"-12.38055600","longitude":"130.85388900","name":"Nightcliff"},{"id":"134328","latitude":"-12.23333300","longitude":"136.76666700","name":"Nullumbuy"},{"id":"134333","latitude":"-14.27611100","longitude":"135.73722200","name":"Numbulwah Mission"},{"id":"134334","latitude":"-14.27611100","longitude":"135.73722200","name":"Numbulwar"},{"id":"134544","latitude":"-12.46666700","longitude":"130.83333300","name":"Palmerston"},{"id":"134573","latitude":"-12.43333300","longitude":"130.83333300","name":"Paraparap"},{"id":"134575","latitude":"-12.43333300","longitude":"130.83333300","name":"Parap"},{"id":"134763","latitude":"-13.81666700","longitude":"131.81666700","name":"Pine Creek"},{"id":"134807","latitude":"-13.81666700","longitude":"131.81666700","name":"Playford"},{"id":"134872","latitude":"-12.46666700","longitude":"130.83333300","name":"Port Darwin"},{"id":"134887","latitude":"-14.25000000","longitude":"129.55000000","name":"Port Keats"},{"id":"135813","latitude":"-12.44305600","longitude":"130.84500000","name":"Stuart Park"},{"id":"135815","latitude":"-23.70000000","longitude":"133.88333300","name":"Stuart"},{"id":"135954","latitude":"-19.98333300","longitude":"129.71666700","name":"Tanami"},{"id":"136085","latitude":"-19.65000000","longitude":"134.20000000","name":"Tennant Creek"},{"id":"136147","latitude":"-20.58333300","longitude":"130.35000000","name":"The Granites"},{"id":"136157","latitude":"-12.56666700","longitude":"130.71666700","name":"The Palms"},{"id":"136619","latitude":"-14.73333300","longitude":"134.53333300","name":"Urapunga"},{"id":"137317","latitude":"-19.96666700","longitude":"137.80000000","name":"Wonardo Out Station"},{"id":"137318","latitude":"-19.96666700","longitude":"137.80000000","name":"Wonardo"},{"id":"137704","latitude":"-12.23333300","longitude":"136.93333300","name":"Yirkala"},{"id":"137705","latitude":"-12.23333300","longitude":"136.93333300","name":"Yirrkala Methodist Mission"},{"id":"137706","latitude":"-12.23333300","longitude":"136.93333300","name":"Yirrkala Mission"},{"id":"137707","latitude":"-12.23333300","longitude":"136.93333300","name":"Yirrkala"},{"id":"137738","latitude":"-22.26666700","longitude":"131.81666700","name":"Yuendumu Mission"},{"id":"137739","latitude":"-22.26666700","longitude":"131.81666700","name":"Yuendumu"}]