[{"id":"128015","latitude":"-35.21666700","longitude":"149.08333300","name":"Belconnen"},{"id":"129054","latitude":"-35.28333300","longitude":"149.21666700","name":"Canberra"},{"id":"130255","latitude":"-35.30000000","longitude":"149.16666700","name":"Duntroon"},{"id":"130734","latitude":"-35.33333300","longitude":"149.16666700","name":"Fyshwick"},{"id":"130843","latitude":"-35.45000000","longitude":"148.98333300","name":"Gibraltar"},{"id":"130879","latitude":"-35.20000000","longitude":"149.08333300","name":"Ginninderra"},{"id":"131242","latitude":"-35.75000000","longitude":"148.98333300","name":"Gudgenby"},{"id":"131341","latitude":"-35.16666700","longitude":"149.06666700","name":"Hall"},{"id":"131386","latitude":"-35.35000000","longitude":"149.20000000","name":"Harman"},{"id":"131791","latitude":"-35.13333300","longitude":"150.70000000","name":"Jervis Bay"},{"id":"132872","latitude":"-35.26666700","longitude":"149.20000000","name":"Majura"},{"id":"133367","latitude":"-35.33333300","longitude":"149.18333300","name":"Molonglo"},{"id":"136131","latitude":"-35.51666700","longitude":"149.06666700","name":"Tharwa"},{"id":"136419","latitude":"-35.43333300","longitude":"149.15000000","name":"Tuggeranong"},{"id":"136997","latitude":"-35.25000000","longitude":"149.05000000","name":"Weetangerra"},{"id":"137085","latitude":"-35.33333300","longitude":"149.05000000","name":"Weston Creek"}]