[{"id":"881117","latitude":"38.86666670","longitude":"21.61666670","name":"Agalian\u00f3s"},{"id":"881170","latitude":"39.00444440","longitude":"21.79527780","name":"Ag\u00eda Paraskev\u00ed"},{"id":"881202","latitude":"39.09194440","longitude":"21.85194440","name":"\u00c1gioi Ap\u00f3stoloi"},{"id":"881213","latitude":"39.14944440","longitude":"21.61472220","name":"\u00c1gioi The\u00f3doroi"},{"id":"881223","latitude":"39.19472220","longitude":"21.62000000","name":"\u00c1gios Ant\u00f3nios"},{"id":"881241","latitude":"39.05750000","longitude":"21.67833330","name":"\u00c1gios Dim\u00edtrios"},{"id":"881273","latitude":"39.18361110","longitude":"21.46805560","name":"\u00c1gios Io\u00e1nnis Pr\u00f3dromos"},{"id":"881291","latitude":"39.05555560","longitude":"21.58388890","name":"\u00c1gios Nik\u00f3laos"},{"id":"881302","latitude":"39.01805560","longitude":"21.55500000","name":"\u00c1gios Prok\u00f3pios"},{"id":"881315","latitude":"39.12027780","longitude":"21.47444440","name":"\u00c1gios Vl\u00e1sios"},{"id":"881343","latitude":"38.88333330","longitude":"22.11666670","name":"Ag\u00f3riani"},{"id":"881346","latitude":"38.88333330","longitude":"22.11666670","name":"Ag\u00f3ryiani"},{"id":"881354","latitude":"39.13722220","longitude":"21.65000000","name":"\u00c1grafa"},{"id":"881359","latitude":"39.13722220","longitude":"21.65000000","name":"Agrapha"},{"id":"881683","latitude":"38.83333330","longitude":"21.58333330","name":"Al\u00e9stia"},{"id":"881687","latitude":"38.93333330","longitude":"21.43333330","name":"Alevr\u00e1dha"},{"id":"881746","latitude":"39.00916670","longitude":"21.69555560","name":"Alis\u00e1fi"},{"id":"881822","latitude":"39.00916670","longitude":"21.69555560","name":"Alys\u00e1fi"},{"id":"881856","latitude":"38.66666670","longitude":"21.73333330","name":"Amb\u00e1lia"},{"id":"881857","latitude":"39.00027780","longitude":"21.55472220","name":"Amb\u00e1res"},{"id":"881873","latitude":"38.61666670","longitude":"21.88333330","name":"Ambelaki\u00f3tissa"},{"id":"881880","latitude":"39.01194440","longitude":"21.78305560","name":"Amb\u00e9lia"},{"id":"881883","latitude":"38.98333330","longitude":"21.43333330","name":"Amb\u00e9li"},{"id":"881889","latitude":"38.98333330","longitude":"21.43333330","name":"Amb\u00e9lion"},{"id":"881915","latitude":"38.75000000","longitude":"21.91666670","name":"\u00c1mbliani"},{"id":"882011","latitude":"39.00027780","longitude":"21.55472220","name":"Amp\u00e1res"},{"id":"882022","latitude":"39.01194440","longitude":"21.78305560","name":"Amp\u00e9lia"},{"id":"882036","latitude":"38.66666670","longitude":"21.71666670","name":"Amvrak\u00eda"},{"id":"882078","latitude":"38.76666670","longitude":"22.13333330","name":"Anatol\u00ed"},{"id":"882081","latitude":"38.96666670","longitude":"21.61666670","name":"Anatolik\u00ed Frang\u00edsta"},{"id":"882086","latitude":"38.96666670","longitude":"21.61666670","name":"Anatolik\u00f3s Frang\u00edsta"},{"id":"882224","latitude":"38.83333330","longitude":"21.80000000","name":"Ani\u00e1dha"},{"id":"882233","latitude":"39.11166670","longitude":"21.59083330","name":"Anif\u00f3ra"},{"id":"882282","latitude":"38.80000000","longitude":"21.51666670","name":"\u00c1no \u00c1yios Vl\u00e1sios"},{"id":"882322","latitude":"38.75000000","longitude":"21.61666670","name":"\u00c1no Esokh\u00f3ria"},{"id":"882331","latitude":"38.88333330","longitude":"22.05000000","name":"\u00c1no Ft\u00e9ri"},{"id":"882372","latitude":"38.90000000","longitude":"21.71666670","name":"\u00c1no Kalesm\u00e9non"},{"id":"882377","latitude":"38.88333330","longitude":"22.10000000","name":"\u00c1no Kallith\u00e9a"},{"id":"882381","latitude":"38.86666670","longitude":"22.03333330","name":"\u00c1no Kambi\u00e1"},{"id":"882384","latitude":"38.86666670","longitude":"21.96666670","name":"\u00c1no Kan\u00e1lia"},{"id":"882393","latitude":"38.80000000","longitude":"21.73333330","name":"\u00c1no Kar\u00edtsa"},{"id":"882412","latitude":"38.75000000","longitude":"22.16666670","name":"\u00c1no Khlam\u00f3riani"},{"id":"882459","latitude":"39.14416670","longitude":"21.50722220","name":"\u00c1no Lithoch\u00f3rion"},{"id":"882536","latitude":"39.10666670","longitude":"21.52666670","name":"\u00c1no Potami\u00e1"},{"id":"882545","latitude":"38.88333330","longitude":"22.05000000","name":"\u00c1no Pt\u00e9ri"},{"id":"882811","latitude":"38.68333330","longitude":"21.86666670","name":"Ar\u00e1khova"},{"id":"882821","latitude":"39.01111110","longitude":"21.81750000","name":"Arakhov\u00edtsa"},{"id":"883001","latitude":"39.08888890","longitude":"21.50861110","name":"Arm\u00e1mpela"},{"id":"883073","latitude":"38.70000000","longitude":"22.03333330","name":"Artot\u00edna"},{"id":"883104","latitude":"38.80000000","longitude":"22.05000000","name":"Ary\u00edria"},{"id":"883114","latitude":"38.70000000","longitude":"21.70000000","name":"Aryir\u00f3n Pig\u00e1dhion"},{"id":"883115","latitude":"38.70000000","longitude":"21.70000000","name":"Aryir\u00f3 Pig\u00e1dhi"},{"id":"883223","latitude":"38.78333330","longitude":"21.63333330","name":"Aspr\u00f3pirgos"},{"id":"883229","latitude":"39.19250000","longitude":"21.55888890","name":"Aspr\u00f3revma"},{"id":"883230","latitude":"39.19250000","longitude":"21.55888890","name":"Aspr\u00f3rrevma"},{"id":"883234","latitude":"38.78333330","longitude":"21.71666670","name":"Aspro\u00fadhia"},{"id":"883405","latitude":"38.73333330","longitude":"21.91666670","name":"Av\u00f3rani"},{"id":"883522","latitude":"39.00444440","longitude":"21.79527780","name":"Ay\u00eda Paraskev\u00ed"},{"id":"883572","latitude":"38.98333330","longitude":"21.81666670","name":"Ay\u00eda Tri\u00e1s"},{"id":"883582","latitude":"38.86666670","longitude":"21.58333330","name":"Ay\u00eda Tri\u00e1s Go\u00fanari"},{"id":"883583","latitude":"38.86666670","longitude":"21.58333330","name":"Ay\u00eda Tri\u00e1s Go\u00fannari"},{"id":"883592","latitude":"38.85000000","longitude":"21.63333330","name":"Ay\u00eda Vlakh\u00e9rna"},{"id":"883605","latitude":"39.09194440","longitude":"21.85194440","name":"\u00c1yioi Ap\u00f3stoloi"},{"id":"883661","latitude":"38.86666670","longitude":"21.78333330","name":"\u00c1yios Andhr\u00e9as"},{"id":"883674","latitude":"39.19472220","longitude":"21.62000000","name":"\u00c1yios And\u00f3nios"},{"id":"883682","latitude":"38.86666670","longitude":"21.78333330","name":"\u00c1yios Andr\u00e9as"},{"id":"883723","latitude":"39.05750000","longitude":"21.67833330","name":"\u00c1yios Dhim\u00edtrios"},{"id":"883759","latitude":"38.63333330","longitude":"21.73333330","name":"\u00c1yios Io\u00e1nnis"},{"id":"883775","latitude":"39.18361110","longitude":"21.46805560","name":"\u00c1yios Io\u00e1nnis Pr\u00f3dhromos"},{"id":"883786","latitude":"39.00000000","longitude":"21.85000000","name":"\u00c1yios Khar\u00e1lambos"},{"id":"883848","latitude":"38.88333330","longitude":"21.56666670","name":"\u00c1yios Nik\u00f3laos"},{"id":"883918","latitude":"38.68333330","longitude":"21.75000000","name":"\u00c1yios The\u00f3dhoros"},{"id":"883931","latitude":"38.88333330","longitude":"21.55000000","name":"\u00c1yios Vas\u00edlios"},{"id":"883963","latitude":"38.90000000","longitude":"21.60000000","name":"\u00c1yios Ye\u00f3ryios"},{"id":"884057","latitude":"39.09194440","longitude":"21.44333330","name":"Balaska\u00edika"},{"id":"884058","latitude":"38.90000000","longitude":"21.63333330","name":"Balasta\u00edika"},{"id":"884059","latitude":"38.90000000","longitude":"21.63333330","name":"Balast\u00e9\u00efka"},{"id":"884257","latitude":"38.98333330","longitude":"21.61666670","name":"Bisbika\u00ed\u00efka"},{"id":"884258","latitude":"38.98333330","longitude":"21.61666670","name":"Bisbik\u00e9\u00efka"},{"id":"884271","latitude":"38.98333330","longitude":"21.61666670","name":"Bizbika\u00edika"},{"id":"884272","latitude":"38.98333330","longitude":"21.61666670","name":"Bizbik\u00e9\u00efka"},{"id":"884335","latitude":"39.01805560","longitude":"21.55500000","name":"B\u00f3tsiani"},{"id":"884468","latitude":"38.86666670","longitude":"22.13333330","name":"Bro\u00fafliani"},{"id":"884530","latitude":"39.19666670","longitude":"21.68694440","name":"Chali\u00e1s"},{"id":"884638","latitude":"39.02916670","longitude":"21.82305560","name":"Ch\u00f3chlia"},{"id":"884681","latitude":"39.00000000","longitude":"21.46777780","name":"Chr\u00edsova"},{"id":"884689","latitude":"39.04027780","longitude":"21.67194440","name":"Chr\u00fdso"},{"id":"884699","latitude":"39.00000000","longitude":"21.46777780","name":"Chr\u00fdsova"},{"id":"884724","latitude":"39.02944440","longitude":"21.72666670","name":"D\u00e1fni"},{"id":"884736","latitude":"39.13388890","longitude":"21.42250000","name":"Dafno\u00fala"},{"id":"884743","latitude":"39.18194440","longitude":"21.68500000","name":"D\u00e1lla"},{"id":"884877","latitude":"39.02944440","longitude":"21.72666670","name":"Dh\u00e1fni"},{"id":"885035","latitude":"38.70000000","longitude":"21.93333330","name":"Dhendrokh\u00f3ri"},{"id":"885038","latitude":"38.70000000","longitude":"21.93333330","name":"Dhendrokh\u00f3rion"},{"id":"885046","latitude":"38.78333330","longitude":"21.68333330","name":"Dherm\u00e1ti"},{"id":"885047","latitude":"38.78333330","longitude":"21.68333330","name":"Dherm\u00e1tion"},{"id":"885103","latitude":"39.08333330","longitude":"21.43333330","name":"(( Dhi\u00e1sello ))"},{"id":"885126","latitude":"39.00000000","longitude":"21.93333330","name":"Dh\u00edkastron"},{"id":"885152","latitude":"38.86666670","longitude":"22.13333330","name":"Dh\u00edlofon"},{"id":"885194","latitude":"38.66666670","longitude":"21.81666670","name":"Dhipl\u00e1tanos"},{"id":"885222","latitude":"38.95000000","longitude":"21.60000000","name":"Dhitik\u00ed Frang\u00edsta"},{"id":"885224","latitude":"38.91666670","longitude":"21.66666670","name":"Dhitik\u00f3n Papparo\u00fasion"},{"id":"885225","latitude":"38.95000000","longitude":"21.60000000","name":"Dhitikos Frang\u00edsta"},{"id":"885258","latitude":"39.01555560","longitude":"21.76972220","name":"Dhomian\u00e1"},{"id":"885259","latitude":"39.01555560","longitude":"21.76972220","name":"Dhomiano\u00ed"},{"id":"885261","latitude":"38.75000000","longitude":"21.85000000","name":"Dhomn\u00edsta"},{"id":"885263","latitude":"38.75000000","longitude":"21.85000000","name":"Dhomn\u00edtsa"},{"id":"885317","latitude":"38.80000000","longitude":"21.58333330","name":"Dhov\u00edtsinon"},{"id":"885356","latitude":"39.03333330","longitude":"21.45000000","name":"(( Dhrakop\u00eddhima ))"},{"id":"885419","latitude":"38.66666670","longitude":"21.71666670","name":"Dhrim\u00f3n Amvrakia"},{"id":"885581","latitude":"39.01555560","longitude":"21.76972220","name":"Domiano\u00ed"},{"id":"885612","latitude":"38.80000000","longitude":"21.58333330","name":"Dovouts\u00edno"},{"id":"885639","latitude":"39.08694440","longitude":"21.63250000","name":"Dram\u00e1la"},{"id":"885707","latitude":"38.75000000","longitude":"22.16666670","name":"Edh\u00f3the Khom\u00edriani"},{"id":"885736","latitude":"39.16027780","longitude":"21.59250000","name":"Ekklis\u00eda"},{"id":"885819","latitude":"39.23916670","longitude":"21.68888890","name":"\u00c9latos"},{"id":"885823","latitude":"38.65000000","longitude":"21.96666670","name":"Elat\u00f3vrisi"},{"id":"885902","latitude":"38.88333330","longitude":"21.56666670","name":"Ellinik\u00e1"},{"id":"885934","latitude":"39.00000000","longitude":"21.85000000","name":"Eloga"},{"id":"885944","latitude":"39.06416670","longitude":"21.73500000","name":"\u00c9lsiani"},{"id":"886025","latitude":"39.14194440","longitude":"21.61333330","name":"Epingian\u00e1"},{"id":"886026","latitude":"39.14194440","longitude":"21.61333330","name":"Epinian\u00e1"},{"id":"886034","latitude":"38.88333330","longitude":"21.60000000","name":"Episkop\u00ed"},{"id":"886086","latitude":"39.06388890","longitude":"21.52361110","name":"Ergast\u00edria"},{"id":"886118","latitude":"38.76666670","longitude":"21.61666670","name":"Esokh\u00f3ria"},{"id":"886312","latitude":"38.78333330","longitude":"21.63333330","name":"Feng\u00f3vrisi"},{"id":"886318","latitude":"38.86666670","longitude":"21.66666670","name":"Fidh\u00e1kia"},{"id":"886456","latitude":"38.71666670","longitude":"21.65000000","name":"Flora\u00edika"},{"id":"886500","latitude":"39.12222220","longitude":"21.41583330","name":"Fortop\u00f3s"},{"id":"886505","latitude":"38.61666670","longitude":"21.88333330","name":"Fos\u00edtsa"},{"id":"886551","latitude":"39.06000000","longitude":"21.87583330","name":"Fourn\u00e1"},{"id":"886553","latitude":"39.06000000","longitude":"21.87583330","name":"Fourn\u00e1s"},{"id":"886567","latitude":"39.17888890","longitude":"21.49166670","name":"Fousian\u00e1"},{"id":"886647","latitude":"38.83333330","longitude":"21.60000000","name":"Fteli\u00e1"},{"id":"886661","latitude":"39.13638890","longitude":"21.57388890","name":"Ft\u00e9ri"},{"id":"886776","latitude":"38.83333330","longitude":"21.96666670","name":"Gardh\u00edki"},{"id":"886778","latitude":"38.83333330","longitude":"21.96666670","name":"Gardh\u00edki Omila\u00edon"},{"id":"886781","latitude":"38.83333330","longitude":"21.96666670","name":"Gardh\u00edkion"},{"id":"886821","latitude":"39.07277780","longitude":"21.68138890","name":"G\u00e1vrena"},{"id":"886827","latitude":"39.07277780","longitude":"21.68138890","name":"G\u00e1vrina"},{"id":"886835","latitude":"39.12666670","longitude":"21.67972220","name":"Gavrolisi\u00e1da"},{"id":"886840","latitude":"38.83333330","longitude":"21.73333330","name":"G\u00e1vros"},{"id":"886852","latitude":"39.08972220","longitude":"21.63722220","name":"Gefyr\u00e1ki"},{"id":"886897","latitude":"38.70000000","longitude":"21.70000000","name":"Gertov\u00f3s"},{"id":"887009","latitude":"38.86666670","longitude":"21.61666670","name":"Golyi\u00e1nni"},{"id":"887049","latitude":"38.90000000","longitude":"21.76666670","name":"Gorian\u00e1dhes"},{"id":"887062","latitude":"38.90000000","longitude":"21.76666670","name":"Goryiann\u00e1dhes"},{"id":"887064","latitude":"38.88333330","longitude":"22.11666670","name":"G\u00f3ryianoi"},{"id":"887077","latitude":"38.96666670","longitude":"21.56666670","name":"Goula\u00edika"},{"id":"887080","latitude":"38.96666670","longitude":"21.56666670","name":"Goul\u00e9\u00efka"},{"id":"887106","latitude":"39.01666670","longitude":"21.68388890","name":"(( Go\u00fardes ))"},{"id":"887107","latitude":"39.01666670","longitude":"21.68388890","name":"Go\u00fardhes"},{"id":"887108","latitude":"39.01666670","longitude":"21.68388890","name":"Go\u00fardhesi"},{"id":"887109","latitude":"39.01666670","longitude":"21.68388890","name":"Go\u00fardhisi"},{"id":"887110","latitude":"39.01666670","longitude":"21.68388890","name":"Go\u00fardhos"},{"id":"887118","latitude":"38.71666670","longitude":"21.68333330","name":"Go\u00faria"},{"id":"887128","latitude":"38.71666670","longitude":"21.68333330","name":"Go\u00farnes"},{"id":"887189","latitude":"38.73333330","longitude":"22.00000000","name":"Gramm\u00e9ni Oxi\u00e1"},{"id":"887196","latitude":"38.73333330","longitude":"21.73333330","name":"Gran\u00e1s"},{"id":"887199","latitude":"39.10166670","longitude":"21.50972220","name":"Gran\u00edtsa"},{"id":"887238","latitude":"38.63333330","longitude":"21.98333330","name":"Grig\u00f3ri"},{"id":"887240","latitude":"38.63333330","longitude":"21.98333330","name":"Grig\u00f3rion"},{"id":"887474","latitude":"38.65000000","longitude":"22.03333330","name":"Ipsil\u00f3 Khori\u00f3"},{"id":"887480","latitude":"38.65000000","longitude":"22.03333330","name":"Ipsil\u00f3n Khor\u00edon"},{"id":"887532","latitude":"38.78333330","longitude":"21.61666670","name":"Is\u00f3mata"},{"id":"887557","latitude":"39.12944440","longitude":"21.45111110","name":"It\u00e9a"},{"id":"887627","latitude":"38.86666670","longitude":"21.75000000","name":"Kakaliora\u00edika"},{"id":"887628","latitude":"38.86666670","longitude":"21.75000000","name":"Kakaliour\u00e9ika"},{"id":"887632","latitude":"39.14027780","longitude":"21.70361110","name":"Kak\u00e1ria"},{"id":"887634","latitude":"38.73333330","longitude":"21.70000000","name":"Kakav\u00e1ki"},{"id":"887681","latitude":"39.17027780","longitude":"21.69222220","name":"Kalabaliki"},{"id":"887718","latitude":"39.17027780","longitude":"21.69222220","name":"Kalambal\u00edki"},{"id":"887818","latitude":"38.90000000","longitude":"21.71666670","name":"Kalesm\u00e9no"},{"id":"887819","latitude":"38.93333330","longitude":"21.71666670","name":"Kalesm\u00e9non"},{"id":"887856","latitude":"38.83333330","longitude":"21.58333330","name":"Kal\u00edvai"},{"id":"888025","latitude":"38.88333330","longitude":"21.80000000","name":"Kallith\u00e9a"},{"id":"888042","latitude":"38.88333330","longitude":"22.10000000","name":"Kallith\u00e9a Sperkhi\u00e1dhos"},{"id":"888051","latitude":"38.68333330","longitude":"21.98333330","name":"Kallon\u00ed"},{"id":"888230","latitude":"39.14027780","longitude":"21.70361110","name":"Kam\u00e1ria"},{"id":"888270","latitude":"38.90000000","longitude":"22.03333330","name":"Kambi\u00e1"},{"id":"888290","latitude":"39.14388890","longitude":"21.46388890","name":"K\u00e1mbos"},{"id":"888352","latitude":"39.14388890","longitude":"21.46388890","name":"K\u00e1mpos"},{"id":"888365","latitude":"38.86666670","longitude":"21.96666670","name":"Kan\u00e1lia"},{"id":"888466","latitude":"38.93333330","longitude":"21.60000000","name":"Kapnokh\u00f3ria"},{"id":"888467","latitude":"38.93333330","longitude":"21.60000000","name":"Kapnokh\u00f3ri"},{"id":"888500","latitude":"38.93333330","longitude":"21.91666670","name":"Kaps\u00ed"},{"id":"888530","latitude":"39.14027780","longitude":"21.52055560","name":"Karagko\u00fanika"},{"id":"888571","latitude":"38.83333330","longitude":"21.51666670","name":"Karamana\u00edika"},{"id":"888572","latitude":"38.83333330","longitude":"21.51666670","name":"Karaman\u00e9\u00efka"},{"id":"888586","latitude":"39.14027780","longitude":"21.52055560","name":"Karango\u00fanika"},{"id":"888697","latitude":"38.70000000","longitude":"21.78333330","name":"Kari\u00e1"},{"id":"888750","latitude":"38.68333330","longitude":"21.80000000","name":"Kar\u00edtsa"},{"id":"888753","latitude":"38.80000000","longitude":"21.71666670","name":"Kar\u00edtsa Karpenis\u00edou"},{"id":"888774","latitude":"39.05888890","longitude":"21.55388890","name":"Karna\u00ed\u00efka"},{"id":"888788","latitude":"38.76666670","longitude":"21.70000000","name":"Karo\u00fala"},{"id":"888805","latitude":"38.91666670","longitude":"21.78333330","name":"Karpen\u00edsi"},{"id":"888806","latitude":"38.91666670","longitude":"21.78333330","name":"Karpen\u00edsion"},{"id":"888841","latitude":"39.08944440","longitude":"21.60277780","name":"Karvasar\u00e1s"},{"id":"888868","latitude":"39.23861110","longitude":"21.66194440","name":"Kary\u00e1"},{"id":"888925","latitude":"38.65000000","longitude":"21.83333330","name":"Kastan\u00e9a"},{"id":"888939","latitude":"38.65000000","longitude":"21.83333330","name":"Kastani\u00e1"},{"id":"888957","latitude":"38.75000000","longitude":"21.68333330","name":"Kastano\u00fala"},{"id":"888994","latitude":"39.04111110","longitude":"21.44583330","name":"Kastr\u00e1ki"},{"id":"889000","latitude":"39.04111110","longitude":"21.44583330","name":"Kastr\u00e1kion"},{"id":"889027","latitude":"38.61666670","longitude":"21.88333330","name":"Kastr\u00edon"},{"id":"889032","latitude":"38.75000000","longitude":"22.21666670","name":"Kastri\u00f3tissa"},{"id":"889146","latitude":"38.76666670","longitude":"21.58333330","name":"Katav\u00f3thra"},{"id":"889205","latitude":"38.81666670","longitude":"21.50000000","name":"K\u00e1to \u00c1yios Vl\u00e1sios"},{"id":"889286","latitude":"38.90000000","longitude":"22.03333330","name":"K\u00e1to Kambi\u00e1"},{"id":"889290","latitude":"38.88333330","longitude":"21.96666670","name":"K\u00e1to Kan\u00e1lia"},{"id":"889304","latitude":"38.80000000","longitude":"21.71666670","name":"K\u00e1to Kar\u00edtsa"},{"id":"889327","latitude":"38.76666670","longitude":"22.13333330","name":"K\u00e1to Khlam\u00f3riani"},{"id":"889505","latitude":"39.07527780","longitude":"21.48833330","name":"K\u00e1to Potami\u00e1"},{"id":"889519","latitude":"39.16138890","longitude":"21.46527780","name":"K\u00e1to Rapt\u00f3poulo"},{"id":"889520","latitude":"39.16138890","longitude":"21.46527780","name":"K\u00e1to Rapt\u00f3poulon"},{"id":"889523","latitude":"39.16138890","longitude":"21.46527780","name":"K\u00e1to Ravt\u00f3poulo"},{"id":"889524","latitude":"39.16138890","longitude":"21.46527780","name":"Kato Ravt\u00f3poulon"},{"id":"889662","latitude":"38.78333330","longitude":"21.61666670","name":"Katsidha\u00edika"},{"id":"889663","latitude":"38.78333330","longitude":"21.61666670","name":"Katsidh\u00e9\u00efka"},{"id":"889684","latitude":"39.10305560","longitude":"21.86611110","name":"Katsimitra\u00edika"},{"id":"889709","latitude":"39.23000000","longitude":"21.60500000","name":"Kav\u00e1kia"},{"id":"889781","latitude":"39.18333330","longitude":"21.45277780","name":"K\u00e9dhra"},{"id":"889789","latitude":"39.18333330","longitude":"21.45277780","name":"K\u00e9dra"},{"id":"889841","latitude":"39.05527780","longitude":"21.57166670","name":"Kefal\u00f3vryso"},{"id":"889845","latitude":"39.05527780","longitude":"21.57166670","name":"Kefal\u00f3vryson"},{"id":"889923","latitude":"39.01083330","longitude":"21.55000000","name":"Keramidari\u00f3"},{"id":"889949","latitude":"38.63333330","longitude":"22.01666670","name":"Keras\u00e9ai"},{"id":"889973","latitude":"38.63333330","longitude":"22.01666670","name":"Kerasi\u00e9s"},{"id":"889977","latitude":"39.00555560","longitude":"21.63777780","name":"Kerasoch\u00f3ri"},{"id":"889979","latitude":"39.00555560","longitude":"21.63777780","name":"Kerasoch\u00f3rion"},{"id":"889980","latitude":"39.00555560","longitude":"21.63777780","name":"Kerasokh\u00f3ri"},{"id":"889982","latitude":"39.00555560","longitude":"21.63777780","name":"Kerasokh\u00f3rion"},{"id":"889986","latitude":"39.13388890","longitude":"21.42250000","name":"Kerasov\u00e1ki"},{"id":"889991","latitude":"39.00555560","longitude":"21.63777780","name":"Ker\u00e1sovon"},{"id":"890078","latitude":"39.19666670","longitude":"21.68694440","name":"Khali\u00e1s"},{"id":"890086","latitude":"38.70000000","longitude":"21.65000000","name":"Khal\u00edki"},{"id":"890088","latitude":"38.70000000","longitude":"21.65000000","name":"Khal\u00edkion"},{"id":"890198","latitude":"38.86666670","longitude":"21.56666670","name":"Khar\u00e1sti"},{"id":"890265","latitude":"38.80000000","longitude":"21.65000000","name":"Khelidh\u00f3na"},{"id":"890270","latitude":"38.80000000","longitude":"21.65000000","name":"Khelidh\u00f3n"},{"id":"890341","latitude":"39.02916670","longitude":"21.82305560","name":"Kh\u00f3khlia"},{"id":"890388","latitude":"39.18333330","longitude":"21.45277780","name":"Khor\u00edngovon"},{"id":"890389","latitude":"39.18333330","longitude":"21.45277780","name":"Khor\u00edngovos"},{"id":"890438","latitude":"38.83333330","longitude":"21.53333330","name":"Kho\u00fani"},{"id":"890470","latitude":"39.04027780","longitude":"21.67194440","name":"Khr\u00edso"},{"id":"890474","latitude":"39.04027780","longitude":"21.67194440","name":"Khris\u00f3n"},{"id":"890484","latitude":"39.00000000","longitude":"21.46777780","name":"Khr\u00edsova"},{"id":"890525","latitude":"38.71666670","longitude":"21.96666670","name":"Kidhon\u00e9a"},{"id":"890528","latitude":"38.71666670","longitude":"21.96666670","name":"Kidhoni\u00e1"},{"id":"890532","latitude":"38.68333330","longitude":"21.90000000","name":"Kiep\u00e1"},{"id":"890620","latitude":"38.75000000","longitude":"21.70000000","name":"K\u00edpoi"},{"id":"890645","latitude":"38.90000000","longitude":"21.76666670","name":"Kips\u00e9li"},{"id":"890662","latitude":"38.81666670","longitude":"22.01666670","name":"Kiriakokh\u00f3rion"},{"id":"890743","latitude":"38.86666670","longitude":"21.76666670","name":"Kl\u00e1vsion"},{"id":"890755","latitude":"39.09166670","longitude":"21.81916670","name":"Kleist\u00f3"},{"id":"890757","latitude":"39.09166670","longitude":"21.81916670","name":"Kleist\u00f3n"},{"id":"890758","latitude":"39.09166670","longitude":"21.81916670","name":"Kleist\u00f3s"},{"id":"890760","latitude":"38.68333330","longitude":"21.90000000","name":"Klep\u00e1"},{"id":"890781","latitude":"39.01777780","longitude":"21.53666670","name":"Kl\u00edma"},{"id":"890815","latitude":"39.09166670","longitude":"21.81916670","name":"Klist\u00f3n"},{"id":"890816","latitude":"39.09166670","longitude":"21.81916670","name":"Klist\u00f3s"},{"id":"890824","latitude":"38.90000000","longitude":"22.10000000","name":"Klon\u00ed"},{"id":"890826","latitude":"38.90000000","longitude":"22.10000000","name":"Kl\u00f3nion"},{"id":"890828","latitude":"39.06388890","longitude":"21.63611110","name":"Klopouk\u00edtsa"},{"id":"890946","latitude":"38.70000000","longitude":"21.73333330","name":"Kokkin\u00f3vrisi"},{"id":"891027","latitude":"38.78333330","longitude":"22.08333330","name":"Kolokithi\u00e1"},{"id":"891052","latitude":"38.76666670","longitude":"21.80000000","name":"Komata\u00edika"},{"id":"891053","latitude":"38.76666670","longitude":"21.80000000","name":"Komat\u00e9ika"},{"id":"891166","latitude":"39.02916670","longitude":"21.45277780","name":"Kondyla\u00ed\u00efka"},{"id":"891177","latitude":"39.06805560","longitude":"21.53527780","name":"K\u00f3niavi"},{"id":"891183","latitude":"38.65000000","longitude":"21.75000000","name":"Kon\u00edska"},{"id":"891234","latitude":"38.73333330","longitude":"21.71666670","name":"K\u00f3praina"},{"id":"891240","latitude":"38.73333330","longitude":"21.71666670","name":"K\u00f3prena"},{"id":"891276","latitude":"39.14416670","longitude":"21.64277780","name":"Korfi\u00e1des"},{"id":"891277","latitude":"39.14416670","longitude":"21.64277780","name":"Korfi\u00e1dhes"},{"id":"891304","latitude":"38.90000000","longitude":"21.76666670","name":"Korisk\u00e1dhes"},{"id":"891305","latitude":"38.90000000","longitude":"21.76666670","name":"Koriskh\u00e1dhes"},{"id":"891315","latitude":"39.09055560","longitude":"21.81527780","name":"Kor\u00edtsa"},{"id":"891367","latitude":"38.70000000","longitude":"21.73333330","name":"Kos\u00edna"},{"id":"891432","latitude":"39.13638890","longitude":"21.57388890","name":"Kotr\u00f3ni"},{"id":"891474","latitude":"39.02944440","longitude":"21.72666670","name":"Kouf\u00e1la"},{"id":"891521","latitude":"38.65000000","longitude":"21.91666670","name":"Koukoul\u00edtsa"},{"id":"891716","latitude":"39.22750000","longitude":"21.63000000","name":"Koust\u00e9sa"},{"id":"891717","latitude":"39.22750000","longitude":"21.63000000","name":"Koust\u00edsa"},{"id":"891834","latitude":"38.61666670","longitude":"21.88333330","name":"Koz\u00edtsa"},{"id":"891899","latitude":"38.88333330","longitude":"21.56666670","name":"Kremast\u00e1"},{"id":"891909","latitude":"39.00083330","longitude":"21.60555560","name":"Kr\u00e9ndis"},{"id":"891910","latitude":"39.00083330","longitude":"21.60555560","name":"Kr\u00e9ntis"},{"id":"891921","latitude":"38.66666670","longitude":"22.00000000","name":"Kri\u00e1tsi"},{"id":"891922","latitude":"38.66666670","longitude":"22.00000000","name":"Kri\u00e1tsion"},{"id":"891939","latitude":"38.78333330","longitude":"21.86666670","name":"Kr\u00edkellon"},{"id":"891943","latitude":"38.78333330","longitude":"21.86666670","name":"Krikelu"},{"id":"891968","latitude":"38.65000000","longitude":"21.91666670","name":"Krion\u00e9ria"},{"id":"892035","latitude":"39.12944440","longitude":"21.45111110","name":"Krits\u00edsta"},{"id":"892036","latitude":"39.12944440","longitude":"21.45111110","name":"Krits\u00edtsa"},{"id":"892168","latitude":"39.13472220","longitude":"21.48166670","name":"Kyr\u00e1 Mari\u00f3"},{"id":"892183","latitude":"38.70000000","longitude":"21.65000000","name":"Ladhiko\u00fa"},{"id":"892264","latitude":"38.86666670","longitude":"21.51666670","name":"L\u00e1kkai"},{"id":"892270","latitude":"38.86666670","longitude":"21.51666670","name":"L\u00e1kkes"},{"id":"892321","latitude":"38.70000000","longitude":"21.60000000","name":"Lamb\u00edri"},{"id":"892324","latitude":"38.70000000","longitude":"21.60000000","name":"Lamb\u00edrion"},{"id":"892413","latitude":"38.90000000","longitude":"21.86666670","name":"L\u00e1spi"},{"id":"892421","latitude":"38.80000000","longitude":"21.65000000","name":"L\u00e1stovon"},{"id":"892563","latitude":"39.12416670","longitude":"21.47527780","name":"Lepian\u00e1"},{"id":"892637","latitude":"38.73333330","longitude":"21.96666670","name":"L\u00e9vka"},{"id":"892650","latitude":"38.91666670","longitude":"22.00000000","name":"Levk\u00e1s"},{"id":"892718","latitude":"38.85000000","longitude":"22.18333330","name":"Li\u00e1skovon"},{"id":"892829","latitude":"39.06805560","longitude":"21.53527780","name":"Lim\u00e9ri"},{"id":"892830","latitude":"39.06805560","longitude":"21.53527780","name":"Lim\u00e9rion"},{"id":"892878","latitude":"38.75000000","longitude":"21.70000000","name":"Linar\u00e1ki"},{"id":"892907","latitude":"39.11777780","longitude":"21.68166670","name":"L\u00edpa"},{"id":"892954","latitude":"39.13805560","longitude":"21.50500000","name":"Lithoch\u00f3ri"},{"id":"892955","latitude":"39.13805560","longitude":"21.50500000","name":"Lithoch\u00f3rion"},{"id":"892958","latitude":"39.13805560","longitude":"21.50500000","name":"Lithokh\u00f3rion"},{"id":"892990","latitude":"38.73333330","longitude":"21.91666670","name":"Livadh\u00e1ki"},{"id":"892997","latitude":"38.73333330","longitude":"21.91666670","name":"Livadh\u00e1kion"},{"id":"893120","latitude":"39.05694440","longitude":"21.75527780","name":"Longia\u00ed"},{"id":"893122","latitude":"39.05694440","longitude":"21.75527780","name":"Longi\u00e9s"},{"id":"893123","latitude":"38.88333330","longitude":"21.56666670","name":"Long\u00edsti"},{"id":"893125","latitude":"39.00611110","longitude":"21.52166670","name":"Long\u00edtsi"},{"id":"893127","latitude":"39.00611110","longitude":"21.52166670","name":"Long\u00edtsion"},{"id":"893353","latitude":"38.68333330","longitude":"21.75000000","name":"Makhal\u00e1s"},{"id":"893391","latitude":"39.07250000","longitude":"21.48388890","name":"Makr\u00edlakkos"},{"id":"893398","latitude":"39.06111110","longitude":"21.68361110","name":"Makrin\u00e1gkon"},{"id":"893399","latitude":"39.06111110","longitude":"21.68361110","name":"Makrin\u00e1ngon"},{"id":"893452","latitude":"39.07250000","longitude":"21.48388890","name":"Makr\u00fdlakkos"},{"id":"893541","latitude":"38.83333330","longitude":"22.16666670","name":"Mand\u00e9tsi"},{"id":"893558","latitude":"38.73333330","longitude":"21.93333330","name":"Mandhrin\u00ed"},{"id":"893595","latitude":"38.73333330","longitude":"21.93333330","name":"Mandrin\u00ed"},{"id":"893613","latitude":"39.09166670","longitude":"21.50500000","name":"Manganari\u00e1"},{"id":"893677","latitude":"38.95000000","longitude":"21.65000000","name":"Marath\u00e9a"},{"id":"893684","latitude":"38.95000000","longitude":"21.65000000","name":"Marathi\u00e1"},{"id":"893706","latitude":"39.08555560","longitude":"21.65333330","name":"M\u00e1rathos"},{"id":"893789","latitude":"38.80000000","longitude":"22.11666670","name":"M\u00e1rmara"},{"id":"893835","latitude":"38.85000000","longitude":"21.93333330","name":"Martora\u00edika"},{"id":"893859","latitude":"38.85000000","longitude":"21.93333330","name":"Mastor\u00e9\u00efka"},{"id":"893912","latitude":"38.88333330","longitude":"21.56666670","name":"Mavri\u00e1"},{"id":"893919","latitude":"38.95000000","longitude":"21.88333330","name":"Mavr\u00edllon"},{"id":"893920","latitude":"38.95000000","longitude":"21.88333330","name":"Mavr\u00edlon"},{"id":"893941","latitude":"38.73333330","longitude":"22.23333330","name":"Mavrolithari"},{"id":"893942","latitude":"38.73333330","longitude":"22.23333330","name":"Mavrolith\u00e1rion"},{"id":"893946","latitude":"39.14416670","longitude":"21.84083330","name":"Mavr\u00f3longos"},{"id":"893948","latitude":"39.06416670","longitude":"21.73500000","name":"Mavrom\u00e1ta"},{"id":"893953","latitude":"39.06416670","longitude":"21.73500000","name":"Mavromm\u00e1ta"},{"id":"893956","latitude":"39.06416670","longitude":"21.73500000","name":"Mavromm\u00e1ti"},{"id":"894081","latitude":"38.83333330","longitude":"21.73333330","name":"M\u00e9ga Khori\u00f3"},{"id":"894082","latitude":"38.83333330","longitude":"21.73333330","name":"M\u00e9ga Khor\u00edon"},{"id":"894093","latitude":"39.20805560","longitude":"21.64527780","name":"Meg\u00e1la Vray\u00e9na"},{"id":"894100","latitude":"38.93333330","longitude":"21.91666670","name":"Meg\u00e1li K\u00e1psi"},{"id":"894108","latitude":"38.73333330","longitude":"21.93333330","name":"Meg\u00e1li Palo\u00fakova"},{"id":"894146","latitude":"38.83333330","longitude":"21.73333330","name":"Meg\u00e1lo Khori\u00f3"},{"id":"894255","latitude":"38.63333330","longitude":"21.71666670","name":"Melig\u00f3va"},{"id":"894263","latitude":"38.63333330","longitude":"21.71666670","name":"Mel\u00edngova"},{"id":"894371","latitude":"38.93333330","longitude":"21.91666670","name":"Merk\u00e1dha"},{"id":"894372","latitude":"38.93333330","longitude":"21.91666670","name":"Merk\u00e1s"},{"id":"894405","latitude":"38.91666670","longitude":"21.91666670","name":"Mesa\u00eda K\u00e1psi"},{"id":"894436","latitude":"39.06027780","longitude":"21.52777780","name":"Mesenik\u00f3las"},{"id":"894461","latitude":"39.06027780","longitude":"21.52777780","name":"Mesinik\u00f3las"},{"id":"894476","latitude":"39.08722220","longitude":"21.82527780","name":"Mesoch\u00f3ri"},{"id":"894477","latitude":"39.08722220","longitude":"21.82527780","name":"Mesoch\u00f3rion"},{"id":"894487","latitude":"38.85000000","longitude":"22.18333330","name":"Mesokh\u00f3ri"},{"id":"894498","latitude":"39.08722220","longitude":"21.82527780","name":"Mesokh\u00f3rion"},{"id":"894505","latitude":"38.71666670","longitude":"21.80000000","name":"Mesok\u00f3mi"},{"id":"894605","latitude":"39.18611110","longitude":"21.48027780","name":"Metax\u00e1des"},{"id":"894608","latitude":"39.18611110","longitude":"21.48027780","name":"Metax\u00e1dhes"},{"id":"894724","latitude":"38.88333330","longitude":"21.80000000","name":"Mi\u00e1ra"},{"id":"894770","latitude":"38.73333330","longitude":"21.96666670","name":"Mikr\u00e1 Palo\u00fakova"},{"id":"894805","latitude":"38.83333330","longitude":"21.71666670","name":"Mikr\u00f3 Khori\u00f3"},{"id":"894847","latitude":"38.83333330","longitude":"21.71666670","name":"Mikr\u00f3n Khor\u00edon"},{"id":"894908","latitude":"38.86666670","longitude":"21.70000000","name":"Mil\u00e9a"},{"id":"894929","latitude":"38.86666670","longitude":"21.70000000","name":"Mili\u00e1"},{"id":"894979","latitude":"38.83333330","longitude":"21.61666670","name":"Milona\u00edika"},{"id":"895017","latitude":"39.08555560","longitude":"21.65333330","name":"Mir\u00edki"},{"id":"895023","latitude":"39.08555560","longitude":"21.65333330","name":"M\u00edrisi"},{"id":"895173","latitude":"39.08444440","longitude":"21.58333330","name":"Monastir\u00e1ki"},{"id":"895186","latitude":"39.08444440","longitude":"21.58333330","name":"Monastir\u00e1kion"},{"id":"895240","latitude":"38.96666670","longitude":"21.48333330","name":"Monop\u00f3lion"},{"id":"895406","latitude":"38.86666670","longitude":"21.78333330","name":"Mouz\u00edlon"},{"id":"895593","latitude":"38.90000000","longitude":"21.45000000","name":"N\u00e9a Magnis\u00eda"},{"id":"895766","latitude":"38.93333330","longitude":"21.98333330","name":"Neokhor\u00e1ki"},{"id":"895771","latitude":"38.93333330","longitude":"21.98333330","name":"Neokhor\u00e1kion"},{"id":"895774","latitude":"38.80000000","longitude":"22.20000000","name":"Neokh\u00f3ri Ip\u00e1tis"},{"id":"895785","latitude":"38.68333330","longitude":"21.83333330","name":"Neokh\u00f3ri"},{"id":"895798","latitude":"38.80000000","longitude":"22.20000000","name":"Neokh\u00f3rion Ip\u00e1tis"},{"id":"895818","latitude":"38.68333330","longitude":"21.83333330","name":"Neokh\u00f3rion"},{"id":"895834","latitude":"38.96666670","longitude":"21.86666670","name":"Neokh\u00f3rion Timfristo\u00fa"},{"id":"895847","latitude":"39.15138890","longitude":"21.40222220","name":"N\u00e9on Arg\u00fdrion"},{"id":"895848","latitude":"39.15138890","longitude":"21.40222220","name":"N\u00e9on Ary\u00edrion"},{"id":"895945","latitude":"39.18194440","longitude":"21.68500000","name":"Ner\u00e1\u00efda"},{"id":"895952","latitude":"39.18194440","longitude":"21.68500000","name":"Ner\u00e1\u00efdha"},{"id":"895971","latitude":"38.65000000","longitude":"21.68333330","name":"Nerokh\u00f3ri"},{"id":"895973","latitude":"38.65000000","longitude":"21.68333330","name":"Nerokh\u00f3rion"},{"id":"895985","latitude":"38.68333330","longitude":"21.66666670","name":"Neros\u00edrtis"},{"id":"896015","latitude":"39.19666670","longitude":"21.68694440","name":"Ni\u00e1la"},{"id":"896070","latitude":"38.83333330","longitude":"22.05000000","name":"Nikol\u00edtsion"},{"id":"896086","latitude":"38.93333330","longitude":"21.98333330","name":"Niokhor\u00e1ki"},{"id":"896150","latitude":"38.86666670","longitude":"21.73333330","name":"N\u00f3stimon"},{"id":"896160","latitude":"38.65000000","longitude":"22.03333330","name":"Nouts\u00f3mvro"},{"id":"896175","latitude":"39.02833330","longitude":"21.44500000","name":"\u00d3chthia"},{"id":"896393","latitude":"38.71666670","longitude":"21.96666670","name":"Oxi\u00e1"},{"id":"896496","latitude":"38.71666670","longitude":"21.86666670","name":"Palaioar\u00e1khova"},{"id":"896534","latitude":"38.98333330","longitude":"21.90000000","name":"Palai\u00f3kastron"},{"id":"896542","latitude":"39.04333330","longitude":"21.56083330","name":"Palaiokato\u00fana"},{"id":"896545","latitude":"39.04333330","longitude":"21.56083330","name":"Palaiok\u00e1tounon"},{"id":"896577","latitude":"38.66666670","longitude":"21.86666670","name":"Palaiokh\u00f3rion"},{"id":"896595","latitude":"38.90000000","longitude":"21.58333330","name":"Palaiokh\u00f3ri"},{"id":"896608","latitude":"39.17027780","longitude":"21.69222220","name":"Palai\u00f3lakka"},{"id":"896626","latitude":"39.11722220","longitude":"21.52805560","name":"Palai\u00f3mylos"},{"id":"896697","latitude":"38.90000000","longitude":"22.06666670","name":"Palaiovr\u00e1kha"},{"id":"896737","latitude":"38.71666670","longitude":"21.86666670","name":"Paliar\u00e1khova"},{"id":"896745","latitude":"39.16000000","longitude":"21.43638890","name":"Paliochor\u00e1ki"},{"id":"896746","latitude":"39.17722220","longitude":"21.45055560","name":"Paliochor\u00edgkovo"},{"id":"896750","latitude":"39.04111110","longitude":"21.69083330","name":"(( Palioch\u00f3ri ))"},{"id":"896751","latitude":"39.08000000","longitude":"21.48861110","name":"Palioch\u00f3ri"},{"id":"896762","latitude":"38.78333330","longitude":"21.71666670","name":"Paliokh\u00f3rafa"},{"id":"896763","latitude":"38.78333330","longitude":"21.71666670","name":"Paliokhor\u00e1f"},{"id":"896765","latitude":"39.16000000","longitude":"21.43638890","name":"Paliokhor\u00e1ki"},{"id":"896769","latitude":"38.85000000","longitude":"21.51666670","name":"Paliokh\u00f3ria"},{"id":"896770","latitude":"39.17722220","longitude":"21.45055560","name":"Paliokhor\u00edngovo"},{"id":"896776","latitude":"38.95000000","longitude":"21.66666670","name":"Pali\u00f3 Khori\u00f3"},{"id":"896783","latitude":"39.18361110","longitude":"21.64583330","name":"Paliokh\u00f3ri"},{"id":"896800","latitude":"39.17027780","longitude":"21.69222220","name":"Pali\u00f3lakka"},{"id":"896837","latitude":"39.12972220","longitude":"21.41138890","name":"Palio\u00fara"},{"id":"896872","latitude":"39.16305560","longitude":"21.54972220","name":"Palo\u00fakia"},{"id":"896874","latitude":"38.73333330","longitude":"21.93333330","name":"Palo\u00fakova Meg\u00e1li"},{"id":"896925","latitude":"38.91666670","longitude":"21.68333330","name":"Panay\u00eda"},{"id":"897036","latitude":"39.00416670","longitude":"21.73750000","name":"Papadhi\u00e1"},{"id":"897049","latitude":"39.15777780","longitude":"21.62916670","name":"Papapost\u00f3li"},{"id":"897053","latitude":"38.91666670","longitude":"21.66666670","name":"Paparo\u00fasi"},{"id":"897079","latitude":"39.00416670","longitude":"21.73750000","name":"Pappadhi\u00e1"},{"id":"897082","latitude":"39.00416670","longitude":"21.73750000","name":"Pappadi\u00e1"},{"id":"897086","latitude":"38.91666670","longitude":"21.68333330","name":"Papparo\u00fasion"},{"id":"897146","latitude":"39.11611110","longitude":"21.64222220","name":"Paramer\u00edta"},{"id":"897156","latitude":"39.05972220","longitude":"21.45722220","name":"Par\u00e1plati"},{"id":"897185","latitude":"38.78333330","longitude":"21.63333330","name":"Parig\u00f3ris"},{"id":"897289","latitude":"39.00000000","longitude":"21.71666670","name":"Pavl\u00f3poulon"},{"id":"897362","latitude":"38.68333330","longitude":"21.86666670","name":"Pend\u00e1korfon"},{"id":"897421","latitude":"38.91666670","longitude":"21.91666670","name":"P\u00e9ra K\u00e1psi"},{"id":"897422","latitude":"38.76666670","longitude":"22.13333330","name":"P\u00e9ra Khom\u00edriani"},{"id":"897475","latitude":"38.66666670","longitude":"21.90000000","name":"Perdhik\u00f3vrisi"},{"id":"897497","latitude":"39.00333330","longitude":"21.91277780","name":"Per\u00edlepton"},{"id":"897498","latitude":"39.00333330","longitude":"21.91277780","name":"Per\u00edlifto"},{"id":"897502","latitude":"38.63333330","longitude":"21.80000000","name":"Per\u00edsta"},{"id":"897513","latitude":"38.83333330","longitude":"22.16666670","name":"Perist\u00e9rion"},{"id":"897520","latitude":"38.83333330","longitude":"22.16666670","name":"Perist\u00e9ri"},{"id":"897535","latitude":"39.00333330","longitude":"21.91277780","name":"Per\u00edvlepton"},{"id":"897536","latitude":"39.00333330","longitude":"21.91277780","name":"Per\u00edvlepto"},{"id":"897556","latitude":"38.83333330","longitude":"22.08333330","name":"Periv\u00f3lion"},{"id":"897567","latitude":"38.61666670","longitude":"21.78333330","name":"P\u00e9rki"},{"id":"897568","latitude":"38.61666670","longitude":"21.78333330","name":"P\u00e9rkos"},{"id":"897642","latitude":"39.01111110","longitude":"21.81750000","name":"Petr\u00e1lona"},{"id":"897646","latitude":"39.01111110","longitude":"21.81750000","name":"Petralonon"},{"id":"897652","latitude":"38.73333330","longitude":"21.65000000","name":"P\u00e9tra"},{"id":"897717","latitude":"38.83333330","longitude":"21.53333330","name":"Petrot\u00f3"},{"id":"897786","latitude":"39.06000000","longitude":"21.87583330","name":"Phurna"},{"id":"897930","latitude":"38.81666670","longitude":"22.16666670","name":"P\u00edrgos"},{"id":"898037","latitude":"38.88333330","longitude":"21.96666670","name":"P\u00edtsion"},{"id":"898038","latitude":"39.01777780","longitude":"21.90722220","name":"Pitsiot\u00e1"},{"id":"898039","latitude":"39.01777780","longitude":"21.90722220","name":"Pitsot\u00e1"},{"id":"898147","latitude":"39.08555560","longitude":"21.83500000","name":"Plat\u00e1nia"},{"id":"898153","latitude":"39.13388890","longitude":"21.57555560","name":"Platani\u00e1s"},{"id":"898174","latitude":"39.00111110","longitude":"21.65666670","name":"Pl\u00e1tanoi"},{"id":"898190","latitude":"39.08555560","longitude":"21.83500000","name":"Pl\u00e1tanos"},{"id":"898224","latitude":"38.85000000","longitude":"21.63333330","name":"Plat\u00ed"},{"id":"898278","latitude":"39.00000000","longitude":"21.61666670","name":"Plio\u00fa"},{"id":"898419","latitude":"39.08250000","longitude":"21.49694440","name":"Pol\u00edtia"},{"id":"898599","latitude":"39.12666670","longitude":"21.41500000","name":"Potistik\u00e1"},{"id":"898610","latitude":"39.14972220","longitude":"21.43777780","name":"Pouli\u00e1na"},{"id":"898613","latitude":"38.65000000","longitude":"21.76666670","name":"Po\u00falinos"},{"id":"898622","latitude":"38.85000000","longitude":"21.93333330","name":"Poung\u00e1kia"},{"id":"898667","latitude":"39.18666670","longitude":"21.49250000","name":"Prasi\u00e1"},{"id":"898680","latitude":"39.18666670","longitude":"21.49250000","name":"Prassi\u00e1"},{"id":"898684","latitude":"39.02277780","longitude":"21.38500000","name":"Pratovo\u00fanion"},{"id":"898685","latitude":"39.02277780","longitude":"21.38500000","name":"Pratovo\u00fani"},{"id":"898697","latitude":"38.96666670","longitude":"21.45000000","name":"Priantza"},{"id":"898738","latitude":"38.73333330","longitude":"21.71666670","name":"Pr\u00f3dhromos Evritan\u00edas"},{"id":"898744","latitude":"38.73333330","longitude":"21.71666670","name":"Pr\u00f3dhromos"},{"id":"898755","latitude":"39.18361110","longitude":"21.46805560","name":"Pr\u00f3dromos"},{"id":"898790","latitude":"39.06138890","longitude":"21.51055560","name":"Pros\u00edlia"},{"id":"898804","latitude":"39.14611110","longitude":"21.56583330","name":"Pros\u00edli"},{"id":"898832","latitude":"38.75000000","longitude":"21.66666670","name":"Prous\u00f3s"},{"id":"898833","latitude":"38.75000000","longitude":"21.66666670","name":"Prouss\u00f3s"},{"id":"898844","latitude":"38.75000000","longitude":"21.66666670","name":"Pruso"},{"id":"898882","latitude":"38.76666670","longitude":"21.78333330","name":"Psian\u00e1"},{"id":"898903","latitude":"38.65000000","longitude":"22.03333330","name":"Psil\u00f3 Kh\u00f3rio"},{"id":"898906","latitude":"38.88333330","longitude":"21.60000000","name":"Psil\u00f3vrakhos"},{"id":"898933","latitude":"38.83333330","longitude":"21.60000000","name":"Ptel\u00e9a"},{"id":"898945","latitude":"39.13638890","longitude":"21.57388890","name":"Pt\u00e9ri"},{"id":"899101","latitude":"39.14861110","longitude":"21.48027780","name":"Rapt\u00f3poulon"},{"id":"899103","latitude":"39.14861110","longitude":"21.48027780","name":"Rapt\u00f3poulo"},{"id":"899115","latitude":"39.14861110","longitude":"21.48027780","name":"Ravt\u00f3poulon"},{"id":"899196","latitude":"38.95000000","longitude":"21.41666670","name":"R\u00edgani"},{"id":"899399","latitude":"38.75000000","longitude":"21.75000000","name":"Rosk\u00e1"},{"id":"899429","latitude":"38.91666670","longitude":"21.48333330","name":"Roupaki\u00e1"},{"id":"899433","latitude":"38.91666670","longitude":"21.48333330","name":"Roup\u00e1kion"},{"id":"899504","latitude":"39.17972220","longitude":"21.72944440","name":"S\u00e1\u00efka"},{"id":"899611","latitude":"38.80000000","longitude":"21.65000000","name":"Sarakatel\u00e1ki"},{"id":"899612","latitude":"38.80000000","longitude":"21.65000000","name":"S\u00e1ra K\u00e1to L\u00e1kka"},{"id":"899669","latitude":"38.81666670","longitude":"21.61666670","name":"Sark\u00edni"},{"id":"899695","latitude":"39.17805560","longitude":"21.43972220","name":"S\u00e1tos"},{"id":"899728","latitude":"38.86666670","longitude":"21.68333330","name":"Sel\u00e1"},{"id":"899738","latitude":"38.80000000","longitude":"22.11666670","name":"S\u00e9liani"},{"id":"899754","latitude":"39.06250000","longitude":"21.61000000","name":"Sel\u00edsta"},{"id":"899757","latitude":"38.75000000","longitude":"21.78333330","name":"Sel\u00edtsa"},{"id":"899763","latitude":"38.86666670","longitude":"21.68333330","name":"Sell\u00e1"},{"id":"899775","latitude":"39.04527780","longitude":"21.62333330","name":"S\u00e9lon"},{"id":"899776","latitude":"39.04527780","longitude":"21.62333330","name":"S\u00e9lo"},{"id":"899894","latitude":"39.02694440","longitude":"21.49916670","name":"Sfolian\u00e1"},{"id":"899933","latitude":"38.86666670","longitude":"21.56666670","name":"S\u00eddhira"},{"id":"899990","latitude":"39.05000000","longitude":"21.56666670","name":"(( S\u00edkhnikon ))"},{"id":"900024","latitude":"39.11277780","longitude":"21.46333330","name":"Sil\u00edtsa"},{"id":"900061","latitude":"38.76666670","longitude":"21.58333330","name":"Sindhendhron"},{"id":"900075","latitude":"38.83333330","longitude":"21.80000000","name":"Singr\u00e9llon"},{"id":"900076","latitude":"38.83333330","longitude":"21.80000000","name":"Singr\u00e9llos"},{"id":"900084","latitude":"38.66666670","longitude":"21.90000000","name":"Sin\u00edsta"},{"id":"900179","latitude":"39.05000000","longitude":"21.56666670","name":"Sinoikism\u00f3s S\u00edkhniko"},{"id":"900181","latitude":"39.02277780","longitude":"21.38500000","name":"Sinoikism\u00f3s Siv\u00edstis"},{"id":"900196","latitude":"39.08333330","longitude":"21.43333330","name":"Sinoikism\u00f3s Topolian\u00f3n"},{"id":"900198","latitude":"39.03027780","longitude":"21.58722220","name":"Sinoikism\u00f3s Tsakona\u00ed\u00efka"},{"id":"900199","latitude":"39.03027780","longitude":"21.58722220","name":"Sinoikism\u00f3s Tsakon\u00e9\u00efka"},{"id":"900270","latitude":"38.73333330","longitude":"22.00000000","name":"Sit\u00edsta"},{"id":"900285","latitude":"39.01583330","longitude":"21.39527780","name":"Siv\u00edsta"},{"id":"900398","latitude":"38.71666670","longitude":"21.70000000","name":"Skangari\u00e1"},{"id":"900550","latitude":"38.75000000","longitude":"21.81666670","name":"Skopi\u00e1"},{"id":"900667","latitude":"38.81666670","longitude":"22.16666670","name":"Sm\u00f3kovon"},{"id":"900743","latitude":"39.10222220","longitude":"21.49694440","name":"So\u00fafla"},{"id":"900789","latitude":"38.63333330","longitude":"22.01666670","name":"Souro\u00fasti"},{"id":"900802","latitude":"38.88333330","longitude":"21.60000000","name":"Sovol\u00e1kon"},{"id":"900868","latitude":"38.90000000","longitude":"22.11666670","name":"Sperkhi\u00e1s"},{"id":"900927","latitude":"39.17972220","longitude":"21.72944440","name":"St\u00e1\u00efka"},{"id":"900973","latitude":"38.76666670","longitude":"21.88333330","name":"St\u00e1vloi"},{"id":"901003","latitude":"38.80000000","longitude":"21.58333330","name":"Stavrokh\u00f3rion"},{"id":"901007","latitude":"38.80000000","longitude":"21.58333330","name":"Stavrokh\u00f3ri"},{"id":"901012","latitude":"38.75000000","longitude":"21.91666670","name":"Stavrop\u00edyion"},{"id":"901013","latitude":"38.75000000","longitude":"21.91666670","name":"Stavropiy\u00ed"},{"id":"901014","latitude":"38.75000000","longitude":"21.91666670","name":"Stavroply\u00ed"},{"id":"901048","latitude":"38.81666670","longitude":"22.00000000","name":"St\u00e1yia"},{"id":"901060","latitude":"38.88333330","longitude":"21.70000000","name":"Stef\u00e1nion"},{"id":"901064","latitude":"38.88333330","longitude":"21.70000000","name":"Stef\u00e1ni"},{"id":"901087","latitude":"38.96666670","longitude":"21.71666670","name":"St\u00e9noma"},{"id":"901155","latitude":"39.15277780","longitude":"21.57333330","name":"Stournar\u00e1ki"},{"id":"901156","latitude":"38.76666670","longitude":"21.75000000","name":"Stourn\u00e1ra"},{"id":"901269","latitude":"38.88333330","longitude":"21.60000000","name":"Sv\u00f3lakas"},{"id":"901362","latitude":"38.95000000","longitude":"21.51666670","name":"Tat\u00e1rna"},{"id":"901425","latitude":"38.71666670","longitude":"21.80000000","name":"T\u00e9rnon"},{"id":"901426","latitude":"38.70000000","longitude":"21.93333330","name":"Ternova"},{"id":"901427","latitude":"39.00416670","longitude":"21.73750000","name":"T\u00e9rnovon"},{"id":"901432","latitude":"38.66666670","longitude":"21.81666670","name":"Terp\u00edtsa"},{"id":"901624","latitude":"38.91666670","longitude":"21.91666670","name":"Timfrist\u00f3s"},{"id":"901636","latitude":"38.73333330","longitude":"21.66666670","name":"T\u00edrnos"},{"id":"901665","latitude":"39.06888890","longitude":"21.44500000","name":"Top\u00f3liana"},{"id":"901680","latitude":"38.73333330","longitude":"21.66666670","name":"T\u00f3rnos"},{"id":"901817","latitude":"39.17583330","longitude":"21.62472220","name":"Tr\u00eddendron"},{"id":"901818","latitude":"39.17583330","longitude":"21.62472220","name":"Tr\u00eddendro"},{"id":"901819","latitude":"39.17583330","longitude":"21.62472220","name":"Tr\u00eddhendron"},{"id":"901856","latitude":"38.96666670","longitude":"21.45000000","name":"Tr\u00edklinon"},{"id":"901857","latitude":"38.96666670","longitude":"21.45000000","name":"Tr\u00edklinos"},{"id":"901914","latitude":"38.95000000","longitude":"21.51666670","name":"Trip\u00f3tamon"},{"id":"901955","latitude":"39.21305560","longitude":"21.61000000","name":"Trov\u00e1ton"},{"id":"901956","latitude":"39.21305560","longitude":"21.61000000","name":"Trov\u00e1to"},{"id":"901983","latitude":"39.03027780","longitude":"21.58722220","name":"Tsakona\u00ed\u00efka"},{"id":"902047","latitude":"38.75000000","longitude":"21.81666670","name":"Tsekl\u00edsta"},{"id":"902076","latitude":"38.88333330","longitude":"21.96666670","name":"Tserl\u00e1kia"},{"id":"902078","latitude":"39.14416670","longitude":"21.44444440","name":"Tsern\u00e1ta"},{"id":"902081","latitude":"39.14416670","longitude":"21.44444440","name":"Tsern\u00f3ka"},{"id":"902094","latitude":"38.65000000","longitude":"21.68333330","name":"Tseveli\u00e1sa"},{"id":"902111","latitude":"39.05000000","longitude":"21.46777780","name":"Tsigka\u00edika"},{"id":"902128","latitude":"38.73333330","longitude":"21.65000000","name":"Tsikn\u00e9ika"},{"id":"902144","latitude":"39.05000000","longitude":"21.46777780","name":"Tsinga\u00edika"},{"id":"902168","latitude":"39.11166670","longitude":"21.59083330","name":"Ts\u00edrtia"},{"id":"902360","latitude":"39.03777780","longitude":"21.44861110","name":"Vala\u00f3ra"},{"id":"902362","latitude":"39.18361110","longitude":"21.64583330","name":"Val\u00e1rion"},{"id":"902364","latitude":"39.18361110","longitude":"21.64583330","name":"Val\u00e1ri"},{"id":"902366","latitude":"39.14694440","longitude":"21.50861110","name":"Valem\u00edka"},{"id":"902448","latitude":"38.85000000","longitude":"21.63333330","name":"Vamvakia\u00ed"},{"id":"902496","latitude":"38.81666670","longitude":"21.50000000","name":"Varia\u00ed"},{"id":"902505","latitude":"38.81666670","longitude":"21.50000000","name":"Vari\u00e9s"},{"id":"902538","latitude":"39.14361110","longitude":"21.66694440","name":"V\u00e1rsos"},{"id":"902552","latitude":"39.05583330","longitude":"21.60166670","name":"Varvari\u00e1da"},{"id":"902580","latitude":"39.17055560","longitude":"21.51777780","name":"Vasil\u00e9sion"},{"id":"902581","latitude":"39.17055560","longitude":"21.51777780","name":"Vasil\u00e9si"},{"id":"902746","latitude":"39.03777780","longitude":"21.44861110","name":"Vela\u00f3ra"},{"id":"902755","latitude":"39.17583330","longitude":"21.62472220","name":"Velesdh\u00f3ni"},{"id":"902778","latitude":"39.17583330","longitude":"21.62472220","name":"Velisdh\u00f3ni"},{"id":"902803","latitude":"38.80000000","longitude":"21.61666670","name":"Velot\u00e1"},{"id":"902804","latitude":"38.80000000","longitude":"21.63333330","name":"Veloto\u00fala"},{"id":"902815","latitude":"39.13805560","longitude":"21.50500000","name":"Velts\u00edsta"},{"id":"902858","latitude":"39.05166670","longitude":"21.45055560","name":"V\u00e9rnikon"},{"id":"902859","latitude":"39.05166670","longitude":"21.45055560","name":"V\u00e9rniko"},{"id":"902944","latitude":"38.98333330","longitude":"21.68333330","name":"V\u00edniani"},{"id":"902984","latitude":"38.80000000","longitude":"21.80000000","name":"V\u00edthisma"},{"id":"903024","latitude":"39.11611110","longitude":"21.64222220","name":"Vlachokal\u00fdvia"},{"id":"903026","latitude":"39.13722220","longitude":"21.56750000","name":"Vlachopo\u00fala"},{"id":"903044","latitude":"38.85000000","longitude":"21.91666670","name":"Vl\u00e1khikos"},{"id":"903048","latitude":"39.11611110","longitude":"21.64222220","name":"Vlakhk\u00e1liva"},{"id":"903050","latitude":"39.11611110","longitude":"21.64222220","name":"Vlakhokal\u00edvia"},{"id":"903235","latitude":"39.04388890","longitude":"21.53833330","name":"Vo\u00falpi"},{"id":"903309","latitude":"38.88333330","longitude":"21.75000000","name":"Vo\u00fatiron"},{"id":"903340","latitude":"39.06472220","longitude":"21.80027780","name":"Vr\u00e1cha"},{"id":"903356","latitude":"39.06472220","longitude":"21.80027780","name":"Vr\u00e1kha"},{"id":"903377","latitude":"39.20805560","longitude":"21.64527780","name":"Vrangian\u00e1"},{"id":"903726","latitude":"39.08972220","longitude":"21.63722220","name":"Yefir\u00e1ki"},{"id":"903936","latitude":"38.88333330","longitude":"22.10000000","name":"Yiftokh\u00f3ri"},{"id":"903984","latitude":"39.10138890","longitude":"21.78861110","name":"Zagariota\u00edika"},{"id":"904082","latitude":"39.18666670","longitude":"21.49250000","name":"Zelen\u00edtsa"},{"id":"904164","latitude":"38.71666670","longitude":"21.96666670","name":"Zil\u00edsta"},{"id":"904169","latitude":"38.86666670","longitude":"21.63333330","name":"Zimotari\u00e1"},{"id":"904170","latitude":"38.86666670","longitude":"21.63333330","name":"Zimotari\u00f3"}]