[{"id":"881142","latitude":"40.43750000","longitude":"21.08138890","name":"Ag\u00eda \u00c1nna"},{"id":"881149","latitude":"40.52638890","longitude":"21.12166670","name":"Ag\u00eda Kyriak\u00ed"},{"id":"881233","latitude":"40.58611110","longitude":"21.06305560","name":"\u00c1gios Dim\u00edtrios"},{"id":"881478","latitude":"40.36666670","longitude":"21.18333330","name":"A\u00efli\u00e1s"},{"id":"881541","latitude":"40.28333330","longitude":"21.20000000","name":"Akhladh\u00e9a"},{"id":"881555","latitude":"40.28333330","longitude":"21.20000000","name":"Akhl\u00e1dhi"},{"id":"881589","latitude":"40.49194440","longitude":"21.04111110","name":"Ak\u00f3ndion"},{"id":"881591","latitude":"40.49194440","longitude":"21.04111110","name":"Ak\u00f3ntio"},{"id":"881592","latitude":"40.49194440","longitude":"21.04111110","name":"Ak\u00f3ntion"},{"id":"881896","latitude":"40.43333330","longitude":"21.26666670","name":"Ambelokh\u00f3rion"},{"id":"881901","latitude":"40.46666670","longitude":"21.30000000","name":"Ambel\u00f3kipoi"},{"id":"881979","latitude":"40.41666670","longitude":"21.28333330","name":"Ammoudh\u00e1ra"},{"id":"882001","latitude":"40.41666670","longitude":"21.28333330","name":"Amoudh\u00e1ra"},{"id":"882330","latitude":"40.50916670","longitude":"21.05500000","name":"\u00c1no Fteri\u00e1"},{"id":"882332","latitude":"40.50916670","longitude":"21.05500000","name":"\u00c1no Fteri\u00e1s"},{"id":"882445","latitude":"40.61666670","longitude":"21.21666670","name":"\u00c1no Krani\u00f3nas"},{"id":"882455","latitude":"40.53333330","longitude":"21.21666670","name":"\u00c1no L\u00e9vki"},{"id":"882516","latitude":"40.50916670","longitude":"21.05500000","name":"\u00c1no Papr\u00e1tskon"},{"id":"882544","latitude":"40.50916670","longitude":"21.05500000","name":"\u00c1no Pteri\u00e1"},{"id":"882671","latitude":"40.36666670","longitude":"21.20000000","name":"Antheron"},{"id":"882679","latitude":"40.36666670","longitude":"21.20000000","name":"Anthir\u00f3n"},{"id":"882693","latitude":"40.23333330","longitude":"21.35000000","name":"Anthokh\u00f3rion"},{"id":"882703","latitude":"40.25000000","longitude":"21.20000000","name":"Antho\u00fasa"},{"id":"882778","latitude":"40.56666670","longitude":"21.25000000","name":"Ap\u00f3skepas"},{"id":"882779","latitude":"40.56666670","longitude":"21.25000000","name":"Ap\u00f3skepos"},{"id":"882847","latitude":"40.44527780","longitude":"21.05944440","name":"Arch\u00e1ngelos"},{"id":"882906","latitude":"40.46666670","longitude":"21.26666670","name":"\u00c1rgos Orestik\u00f3n"},{"id":"882962","latitude":"40.44527780","longitude":"21.05944440","name":"Arkh\u00e1ngelos"},{"id":"883214","latitude":"40.40000000","longitude":"21.25000000","name":"Asprokklisi\u00e1"},{"id":"883217","latitude":"40.41666670","longitude":"21.23333330","name":"Aspron\u00e9ri"},{"id":"883220","latitude":"40.41666670","longitude":"21.23333330","name":"Aspron\u00e9rion"},{"id":"883235","latitude":"40.33333330","longitude":"21.28333330","name":"Aspro\u00fala"},{"id":"883243","latitude":"40.61666670","longitude":"21.46666670","name":"Aspr\u00f3yia"},{"id":"883422","latitude":"40.23333330","longitude":"21.16666670","name":"Avyerin\u00f3s"},{"id":"883423","latitude":"40.45000000","longitude":"21.18333330","name":"Avy\u00ed"},{"id":"883444","latitude":"40.43750000","longitude":"21.08138890","name":"Ay\u00eda \u00c1nna"},{"id":"883476","latitude":"40.52638890","longitude":"21.12166670","name":"Ay\u00eda Kiriak\u00ed"},{"id":"883543","latitude":"40.28333330","longitude":"21.23333330","name":"Ay\u00edasma"},{"id":"883553","latitude":"40.20000000","longitude":"21.18333330","name":"Ay\u00eda Sot\u00edra"},{"id":"883597","latitude":"40.28333330","longitude":"21.16666670","name":"\u00c1yioi An\u00e1ryiroi"},{"id":"883672","latitude":"40.63333330","longitude":"21.28333330","name":"\u00c1yios And\u00f3nios"},{"id":"883712","latitude":"40.58611110","longitude":"21.06305560","name":"\u00c1yios Dhim\u00edtrios"},{"id":"883745","latitude":"40.36666670","longitude":"21.18333330","name":"\u00c1yios Il\u00edas"},{"id":"883834","latitude":"40.41277780","longitude":"21.06222220","name":"\u00c1yios N\u00e9stor"},{"id":"883838","latitude":"40.50000000","longitude":"21.38333330","name":"\u00c1yios Nik\u00f3laos"},{"id":"883915","latitude":"40.28333330","longitude":"21.21666670","name":"\u00c1yios The\u00f3dhoros"},{"id":"884277","latitude":"40.61666670","longitude":"21.35000000","name":"Bl\u00e1tsi"},{"id":"884286","latitude":"40.55000000","longitude":"21.40000000","name":"Bob\u00f3ki"},{"id":"884289","latitude":"40.41666670","longitude":"21.38333330","name":"Bogachko"},{"id":"884297","latitude":"40.21666670","longitude":"21.25000000","name":"Bokhor\u00edni"},{"id":"884321","latitude":"40.20000000","longitude":"21.23333330","name":"B\u00f3rsia"},{"id":"884359","latitude":"40.21666670","longitude":"21.25000000","name":"Boukhor\u00edna"},{"id":"884604","latitude":"40.60000000","longitude":"21.36666670","name":"Cher\u00e9snitsa"},{"id":"884609","latitude":"40.63333330","longitude":"21.23333330","name":"Chernol\u00edtsa"},{"id":"884627","latitude":"40.47388890","longitude":"21.01166670","name":"Chion\u00e1to"},{"id":"884628","latitude":"40.47388890","longitude":"21.01166670","name":"Chion\u00e1ton"},{"id":"884688","latitude":"40.27444440","longitude":"20.97388890","name":"Chrys\u00ed"},{"id":"884784","latitude":"40.58333330","longitude":"21.15000000","name":"D\u00e9beni"},{"id":"884872","latitude":"40.28333330","longitude":"21.15000000","name":"Dh\u00e1fni"},{"id":"884925","latitude":"40.33333330","longitude":"21.18333330","name":"Dhamaskin\u00e9a"},{"id":"884926","latitude":"40.33333330","longitude":"21.18333330","name":"Dhamaskini\u00e1"},{"id":"884959","latitude":"40.16666670","longitude":"21.18333330","name":"Dhas\u00edllion"},{"id":"885034","latitude":"40.58333330","longitude":"21.15000000","name":"Dhendrokh\u00f3ri"},{"id":"885036","latitude":"40.58333330","longitude":"21.15000000","name":"Dhendrokh\u00f3rion"},{"id":"885131","latitude":"40.30000000","longitude":"21.23333330","name":"Dhikh\u00edmaron"},{"id":"885132","latitude":"40.30000000","longitude":"21.23333330","name":"Dhikh\u00edmarron"},{"id":"885148","latitude":"40.16666670","longitude":"21.16666670","name":"Dh\u00edlofon"},{"id":"885203","latitude":"40.48694440","longitude":"20.98500000","name":"Dhipotami\u00e1"},{"id":"885216","latitude":"40.48333330","longitude":"21.28333330","name":"Dhisp\u00edlion"},{"id":"885334","latitude":"40.33333330","longitude":"21.13333330","name":"Dhragasi\u00e1"},{"id":"885377","latitude":"40.45472220","longitude":"21.09388890","name":"Dhran\u00edtsion"},{"id":"885439","latitude":"40.36666670","longitude":"21.43333330","name":"Dhri\u00f3vounon"},{"id":"885481","latitude":"40.48333330","longitude":"21.13333330","name":"Dhroval\u00edsta"},{"id":"885544","latitude":"40.48694440","longitude":"20.98500000","name":"Dipotami\u00e1"},{"id":"885550","latitude":"40.33333330","longitude":"21.13333330","name":"D\u00edslapon"},{"id":"885577","latitude":"40.20000000","longitude":"21.13333330","name":"D\u00f3los"},{"id":"885645","latitude":"40.61666670","longitude":"21.21666670","name":"Dranova\u00edni"},{"id":"885653","latitude":"40.36666670","longitude":"21.43333330","name":"Dri\u00e1novon"},{"id":"885690","latitude":"40.48333330","longitude":"21.28333330","name":"Dupi\u00e1ko\u00ef"},{"id":"886054","latitude":"40.21805560","longitude":"21.01888890","name":"Eptach\u00f3ri"},{"id":"886055","latitude":"40.21805560","longitude":"21.01888890","name":"Eptach\u00f3rion"},{"id":"886056","latitude":"40.21805560","longitude":"21.01888890","name":"Eptakh\u00f3rion"},{"id":"886069","latitude":"40.51527780","longitude":"21.05055560","name":"Ere\u00edpia K\u00e1to Pteri\u00e1s"},{"id":"886074","latitude":"40.45861110","longitude":"20.87333330","name":"Ere\u00edpia Tr\u00edlofon"},{"id":"886223","latitude":"40.36527780","longitude":"21.11500000","name":"\u00c9zerets"},{"id":"886525","latitude":"40.55000000","longitude":"21.35000000","name":"Fotin\u00ed"},{"id":"886526","latitude":"40.55000000","longitude":"21.35000000","name":"Fot\u00ednista"},{"id":"886644","latitude":"40.46083330","longitude":"21.06861110","name":"Fteli\u00e1"},{"id":"886653","latitude":"40.50916670","longitude":"21.05500000","name":"Fteri\u00e1 \u00c1no"},{"id":"886654","latitude":"40.50916670","longitude":"21.05500000","name":"Fteri\u00e1"},{"id":"886739","latitude":"40.42694440","longitude":"21.11722220","name":"G\u00e1lista"},{"id":"886886","latitude":"40.47388890","longitude":"21.01166670","name":"G\u00e9rliani"},{"id":"886918","latitude":"40.36666670","longitude":"21.35000000","name":"Gin\u00f3sion"},{"id":"886963","latitude":"40.26666670","longitude":"21.28333330","name":"Glikokeras\u00e9a"},{"id":"886964","latitude":"40.26666670","longitude":"21.28333330","name":"Glikokerasi\u00e1"},{"id":"886966","latitude":"40.39305560","longitude":"20.98944440","name":"Glikon\u00e9ri"},{"id":"886968","latitude":"40.39305560","longitude":"20.98944440","name":"Glikon\u00e9rion"},{"id":"886993","latitude":"40.39305560","longitude":"20.98944440","name":"Glykon\u00e9rion"},{"id":"887034","latitude":"40.50000000","longitude":"21.38333330","name":"Gor\u00e9ntsi"},{"id":"887068","latitude":"40.45000000","longitude":"21.21666670","name":"G\u00f3sinon"},{"id":"887220","latitude":"40.46083330","longitude":"21.06861110","name":"Gr\u00e9ntsi"},{"id":"887395","latitude":"40.58055560","longitude":"21.08250000","name":"Ieropig\u00ed"},{"id":"887396","latitude":"40.58055560","longitude":"21.08250000","name":"Ieropiy\u00ed"},{"id":"887476","latitude":"40.45000000","longitude":"21.16666670","name":"Ipsil\u00f3n"},{"id":"887507","latitude":"40.58333330","longitude":"21.48333330","name":"Iro\u00efk\u00f3n"},{"id":"887569","latitude":"40.48333330","longitude":"21.21666670","name":"\u00cdxglimbi"},{"id":"888009","latitude":"40.30000000","longitude":"21.36666670","name":"Kallistr\u00e1tion"},{"id":"888056","latitude":"40.30000000","longitude":"21.36666670","name":"Kallostr\u00e1tion"},{"id":"888092","latitude":"40.48333330","longitude":"21.13333330","name":"Kalokh\u00f3ri"},{"id":"888102","latitude":"40.48333330","longitude":"21.13333330","name":"Kalokh\u00f3rion"},{"id":"888115","latitude":"40.38333330","longitude":"21.30000000","name":"Kalon\u00e9ri"},{"id":"888118","latitude":"40.38333330","longitude":"21.30000000","name":"Kalon\u00e9rion"},{"id":"888950","latitude":"40.36666670","longitude":"21.15000000","name":"Kastan\u00f3fiton"},{"id":"888987","latitude":"40.51666670","longitude":"21.26666670","name":"Kastori\u00e1"},{"id":"889252","latitude":"40.46888890","longitude":"21.06861110","name":"K\u00e1to Fteli\u00e1"},{"id":"889253","latitude":"40.51527780","longitude":"21.05055560","name":"K\u00e1to Fteri\u00e1"},{"id":"889254","latitude":"40.51527780","longitude":"21.05055560","name":"K\u00e1to Fteri\u00e1s"},{"id":"889392","latitude":"40.51666670","longitude":"21.20000000","name":"K\u00e1to L\u00e9vki"},{"id":"889479","latitude":"40.51527780","longitude":"21.05055560","name":"K\u00e1to Papr\u00e1tskon"},{"id":"889515","latitude":"40.46888890","longitude":"21.06861110","name":"K\u00e1to Ptel\u00e9a"},{"id":"889516","latitude":"40.51527780","longitude":"21.05055560","name":"K\u00e1to Pteri\u00e1"},{"id":"889798","latitude":"40.56666670","longitude":"21.26666670","name":"Kefal\u00e1ri"},{"id":"889803","latitude":"40.56666670","longitude":"21.26666670","name":"Kefal\u00e1rion"},{"id":"890029","latitude":"40.51666670","longitude":"21.26666670","name":"Kesrie"},{"id":"890288","latitude":"40.48333330","longitude":"21.18333330","name":"Khili\u00f3dhendhron"},{"id":"890289","latitude":"40.48333330","longitude":"21.18333330","name":"Khili\u00f3dhendron"},{"id":"890305","latitude":"40.33333330","longitude":"21.36666670","name":"Khimerin\u00f3n"},{"id":"890315","latitude":"40.47388890","longitude":"21.01166670","name":"Khion\u00e1ton"},{"id":"890346","latitude":"40.58333330","longitude":"21.40000000","name":"Kh\u00f3litsa"},{"id":"890387","latitude":"40.31666670","longitude":"21.33333330","name":"Khorig\u00f3s"},{"id":"890400","latitude":"40.31666670","longitude":"21.33333330","name":"Khoriv\u00f3n"},{"id":"890457","latitude":"40.27444440","longitude":"20.97388890","name":"Khris\u00ed"},{"id":"890507","latitude":"40.46666670","longitude":"21.26666670","name":"Khro\u00fapista"},{"id":"890640","latitude":"40.28750000","longitude":"21.02472220","name":"Kips\u00e9li"},{"id":"890761","latitude":"40.30000000","longitude":"21.13333330","name":"Klep\u00edstion"},{"id":"890807","latitude":"40.31666670","longitude":"21.18333330","name":"Klis\u00f3ria"},{"id":"890810","latitude":"40.53333330","longitude":"21.46666670","name":"Kliso\u00fara"},{"id":"890844","latitude":"40.26666670","longitude":"21.20000000","name":"Koil\u00e1dhi"},{"id":"890846","latitude":"40.26666670","longitude":"21.20000000","name":"Koil\u00e1dhion"},{"id":"891021","latitude":"40.50000000","longitude":"21.21666670","name":"Kolokintho\u00fa"},{"id":"891048","latitude":"40.51666670","longitude":"21.41666670","name":"Koman\u00edtsovon"},{"id":"891090","latitude":"40.52083330","longitude":"20.99555560","name":"Komnin\u00e1des"},{"id":"891091","latitude":"40.52083330","longitude":"20.99555560","name":"Komnin\u00e1dhes"},{"id":"891142","latitude":"40.56666670","longitude":"21.31666670","name":"Kondor\u00f3pi"},{"id":"891143","latitude":"40.56666670","longitude":"21.31666670","name":"Kondorr\u00f3pi"},{"id":"891185","latitude":"40.50000000","longitude":"21.38333330","name":"Konis\u00f3s"},{"id":"891204","latitude":"40.23333330","longitude":"21.16666670","name":"Konstantsik\u00f3n"},{"id":"891293","latitude":"40.20000000","longitude":"21.23333330","name":"Korif\u00ed"},{"id":"891306","latitude":"40.50000000","longitude":"21.38333330","name":"Koris\u00f3s"},{"id":"891308","latitude":"40.50000000","longitude":"21.38333330","name":"Koriss\u00f3s"},{"id":"891328","latitude":"40.53333330","longitude":"21.18333330","name":"Koromil\u00e9a"},{"id":"891333","latitude":"40.53333330","longitude":"21.18333330","name":"Koromili\u00e1"},{"id":"891357","latitude":"40.53750000","longitude":"21.03694440","name":"K\u00f3rtsista"},{"id":"891398","latitude":"40.43333330","longitude":"21.33333330","name":"Kostar\u00e1zion"},{"id":"891406","latitude":"40.58055560","longitude":"21.08250000","name":"Kosten\u00e9tsi"},{"id":"891414","latitude":"40.32694440","longitude":"20.99277780","name":"Kot\u00e9ltsi"},{"id":"891422","latitude":"40.32694440","longitude":"20.99277780","name":"Kot\u00edli"},{"id":"891468","latitude":"40.32694440","longitude":"20.99277780","name":"Kot\u00fdli"},{"id":"891488","latitude":"40.38333330","longitude":"21.20000000","name":"Koufoxili\u00e1"},{"id":"891869","latitude":"40.61666670","longitude":"21.21666670","name":"Krani\u00f3nas"},{"id":"891872","latitude":"40.45472220","longitude":"21.09388890","name":"Kranoch\u00f3ri"},{"id":"891873","latitude":"40.45472220","longitude":"21.09388890","name":"Kranoch\u00f3rion"},{"id":"891874","latitude":"40.45472220","longitude":"21.09388890","name":"Kranokh\u00f3ri"},{"id":"891876","latitude":"40.45472220","longitude":"21.09388890","name":"Kranokh\u00f3rion"},{"id":"891947","latitude":"40.21666670","longitude":"21.28333330","name":"Krim\u00ednion"},{"id":"892065","latitude":"40.46666670","longitude":"21.26666670","name":"Krupishta"},{"id":"892162","latitude":"40.28750000","longitude":"21.02472220","name":"Kyps\u00e9li"},{"id":"892174","latitude":"40.38333330","longitude":"21.31666670","name":"Lab\u00e1novon"},{"id":"892251","latitude":"40.34861110","longitude":"21.07666670","name":"L\u00e1kga"},{"id":"892256","latitude":"40.45000000","longitude":"21.21666670","name":"Lakhan\u00f3kipoi"},{"id":"892309","latitude":"40.33333330","longitude":"21.23333330","name":"Lamb\u00e1nitsa"},{"id":"892373","latitude":"40.34861110","longitude":"21.07666670","name":"L\u00e1nga"},{"id":"892393","latitude":"40.31666670","longitude":"21.38333330","name":"Lapsista"},{"id":"892436","latitude":"40.28333330","longitude":"21.23333330","name":"Lat\u00f3rista"},{"id":"892522","latitude":"40.58333330","longitude":"21.48333330","name":"L\u00e9khovon"},{"id":"892626","latitude":"40.30000000","longitude":"21.28333330","name":"Levk\u00e1dhi"},{"id":"892629","latitude":"40.30000000","longitude":"21.28333330","name":"Levk\u00e1dhion"},{"id":"892655","latitude":"40.30000000","longitude":"21.20000000","name":"L\u00e9vki"},{"id":"892728","latitude":"40.36666670","longitude":"21.18333330","name":"Lib\u00edstovon"},{"id":"892730","latitude":"40.16666670","longitude":"21.16666670","name":"Lib\u00f3khovon"},{"id":"892733","latitude":"40.51666670","longitude":"21.31666670","name":"L\u00edchista"},{"id":"892764","latitude":"40.30000000","longitude":"21.21666670","name":"Likn\u00e1dhes"},{"id":"892916","latitude":"40.31666670","longitude":"21.38333330","name":"Lips\u00edsta"},{"id":"892946","latitude":"40.51666670","longitude":"21.41666670","name":"Lithi\u00e1"},{"id":"893142","latitude":"40.45000000","longitude":"21.43333330","name":"L\u00f3snitsa"},{"id":"893262","latitude":"40.23333330","longitude":"21.28333330","name":"Lo\u00favri"},{"id":"893364","latitude":"40.43333330","longitude":"21.26666670","name":"Makokh\u00f3ri"},{"id":"893432","latitude":"40.55000000","longitude":"21.40000000","name":"Makrokh\u00f3ri"},{"id":"893623","latitude":"40.50000000","longitude":"21.25000000","name":"Mani\u00e1ki"},{"id":"893627","latitude":"40.50000000","longitude":"21.25000000","name":"Mani\u00e1koi"},{"id":"893767","latitude":"40.43333330","longitude":"21.26666670","name":"Markokh\u00f3rion"},{"id":"893782","latitude":"40.43333330","longitude":"21.26666670","name":"Mark\u00f3viani"},{"id":"893834","latitude":"40.28333330","longitude":"21.35000000","name":"Mart\u00edstion"},{"id":"893928","latitude":"40.36861110","longitude":"21.00888890","name":"Mavr\u00f3kambos"},{"id":"893929","latitude":"40.36861110","longitude":"21.00888890","name":"Mavr\u00f3kampos"},{"id":"893931","latitude":"40.51666670","longitude":"21.31666670","name":"Mavrokh\u00f3ri"},{"id":"893933","latitude":"40.51666670","longitude":"21.31666670","name":"Mavrokh\u00f3rion"},{"id":"893999","latitude":"40.51666670","longitude":"21.31666670","name":"M\u00e1vrovon"},{"id":"894013","latitude":"40.16666670","longitude":"21.18333330","name":"M\u00e1yer"},{"id":"894220","latitude":"40.40000000","longitude":"21.13333330","name":"Mel\u00e1nthion"},{"id":"894247","latitude":"40.35000000","longitude":"21.40000000","name":"Melidh\u00f3nion"},{"id":"894304","latitude":"40.58333330","longitude":"21.40000000","name":"Meliss\u00f3topos"},{"id":"894322","latitude":"40.58333330","longitude":"21.40000000","name":"Meloss\u00f3topos"},{"id":"894513","latitude":"40.33333330","longitude":"21.25000000","name":"Mesol\u00f3ngos"},{"id":"894514","latitude":"40.33333330","longitude":"21.25000000","name":"Mesolong\u00f3stion"},{"id":"894528","latitude":"40.50000000","longitude":"21.16666670","name":"Mesopotami\u00e1"},{"id":"894567","latitude":"40.46250000","longitude":"20.98527780","name":"Mes\u00f3vracho"},{"id":"894568","latitude":"40.46250000","longitude":"20.98527780","name":"Mes\u00f3vrachon"},{"id":"894569","latitude":"40.46250000","longitude":"20.98527780","name":"Mes\u00f3vrakhon"},{"id":"894592","latitude":"40.56666670","longitude":"21.31666670","name":"Metam\u00f3rfosis"},{"id":"894953","latitude":"40.45000000","longitude":"21.33333330","name":"Mil\u00edtsa"},{"id":"895128","latitude":"40.21666670","longitude":"21.20000000","name":"Moiras\u00e1ni"},{"id":"895155","latitude":"40.36666670","longitude":"21.35000000","name":"Mol\u00f3kha"},{"id":"895252","latitude":"40.21666670","longitude":"21.20000000","name":"M\u00f3rfi"},{"id":"895577","latitude":"40.34388890","longitude":"21.03305560","name":"N\u00e9a Kot\u00fdli"},{"id":"895628","latitude":"40.31666670","longitude":"21.38333330","name":"Ne\u00e1polis"},{"id":"895877","latitude":"40.43333330","longitude":"21.33333330","name":"N\u00e9on Kostar\u00e1zion"},{"id":"895993","latitude":"40.41277780","longitude":"21.06222220","name":"Nest\u00f3rio"},{"id":"895994","latitude":"40.41277780","longitude":"21.06222220","name":"Nest\u00f3rion"},{"id":"895995","latitude":"40.41277780","longitude":"21.06222220","name":"Nestr\u00e1mion"},{"id":"896046","latitude":"40.37861110","longitude":"21.10000000","name":"N\u00edki"},{"id":"896124","latitude":"40.38333330","longitude":"21.20000000","name":"Nist\u00edmion"},{"id":"896149","latitude":"40.38333330","longitude":"21.20000000","name":"N\u00f3stimon"},{"id":"896194","latitude":"40.51777780","longitude":"21.08805560","name":"Oini"},{"id":"896196","latitude":"40.51777780","longitude":"21.08805560","name":"Oin\u00f3i"},{"id":"896245","latitude":"40.25000000","longitude":"21.26666670","name":"Omal\u00ed"},{"id":"896260","latitude":"40.42694440","longitude":"21.11722220","name":"Omorfokklisi\u00e1"},{"id":"896360","latitude":"40.51777780","longitude":"21.08805560","name":"\u00d3siani"},{"id":"896367","latitude":"40.36666670","longitude":"21.15000000","name":"Osn\u00edtsani"},{"id":"896390","latitude":"40.61666670","longitude":"21.35000000","name":"Oxi\u00e1"},{"id":"896395","latitude":"40.61666670","longitude":"21.35000000","name":"Oxi\u00e9s"},{"id":"897321","latitude":"40.29166670","longitude":"20.95750000","name":"Pefkofiton"},{"id":"897322","latitude":"40.29166670","longitude":"20.95750000","name":"Pefk\u00f3fyton"},{"id":"897324","latitude":"40.29166670","longitude":"20.95750000","name":"Pefk\u00f3fyto"},{"id":"897326","latitude":"40.39222220","longitude":"20.95138890","name":"P\u00e9fkos"},{"id":"897364","latitude":"40.20000000","longitude":"21.13333330","name":"Pend\u00e1lofon"},{"id":"897368","latitude":"40.20000000","longitude":"21.13333330","name":"Pend\u00e1lofos"},{"id":"897378","latitude":"40.45000000","longitude":"21.13333330","name":"Pend\u00e1vrison"},{"id":"897505","latitude":"40.28333330","longitude":"21.35000000","name":"Perist\u00e9ra"},{"id":"897701","latitude":"40.36527780","longitude":"21.11500000","name":"Petropoul\u00e1kion"},{"id":"897702","latitude":"40.36527780","longitude":"21.11500000","name":"Petropoul\u00e1ki"},{"id":"897738","latitude":"40.20000000","longitude":"21.13333330","name":"Petr\u00f3vounon"},{"id":"897746","latitude":"40.23333330","longitude":"21.21666670","name":"P\u00e9tsiani"},{"id":"897761","latitude":"40.29166670","longitude":"20.95750000","name":"Pevk\u00f3fiton"},{"id":"897768","latitude":"40.39222220","longitude":"20.95138890","name":"P\u00e9vkos"},{"id":"897872","latitude":"40.26666670","longitude":"21.38333330","name":"Pil\u00f3rion"},{"id":"897873","latitude":"40.26666670","longitude":"21.38333330","name":"Pilor\u00ed"},{"id":"898095","latitude":"40.33333330","longitude":"21.23333330","name":"Plak\u00eddha"},{"id":"898139","latitude":"40.38333330","longitude":"21.35000000","name":"Platani\u00e1"},{"id":"898259","latitude":"40.25000000","longitude":"21.26666670","name":"Pl\u00e1zumi"},{"id":"898260","latitude":"40.30000000","longitude":"21.26666670","name":"Plazum\u00edsta"},{"id":"898333","latitude":"40.53750000","longitude":"21.03694440","name":"Poli\u00e1nemon"},{"id":"898366","latitude":"40.51666670","longitude":"21.31666670","name":"Polik\u00e1rpi"},{"id":"898367","latitude":"40.51666670","longitude":"21.31666670","name":"Pol\u00edkarpos"},{"id":"898368","latitude":"40.30000000","longitude":"21.13333330","name":"Polik\u00e1stanon"},{"id":"898370","latitude":"40.60000000","longitude":"21.36666670","name":"Polik\u00e9rason"},{"id":"898433","latitude":"40.53750000","longitude":"21.03694440","name":"Poly\u00e1nemon"},{"id":"898502","latitude":"40.48333330","longitude":"21.21666670","name":"Pori\u00e1"},{"id":"898878","latitude":"40.28750000","longitude":"21.02472220","name":"Ps\u00e9ltskon"},{"id":"898928","latitude":"40.46083330","longitude":"21.06861110","name":"Ptel\u00e9a"},{"id":"898941","latitude":"40.50916670","longitude":"21.05500000","name":"Pteri\u00e1"},{"id":"899011","latitude":"40.21666670","longitude":"21.28333330","name":"Radov\u00edstion"},{"id":"899135","latitude":"40.30000000","longitude":"21.23333330","name":"R\u00e9nda"},{"id":"899154","latitude":"40.38333330","longitude":"21.30000000","name":"Res\u00faliani"},{"id":"899172","latitude":"40.48694440","longitude":"20.98500000","name":"R\u00e9vani"},{"id":"899184","latitude":"40.25000000","longitude":"21.20000000","name":"R\u00e9zna"},{"id":"899317","latitude":"40.23333330","longitude":"21.31666670","name":"Rodh\u00f3kastron"},{"id":"899318","latitude":"40.21666670","longitude":"21.28333330","name":"Rodhokh\u00f3rion"},{"id":"899320","latitude":"40.21666670","longitude":"21.28333330","name":"Rodhokh\u00f3ri"},{"id":"899360","latitude":"40.23333330","longitude":"21.31666670","name":"R\u00f3kastron"},{"id":"899681","latitude":"40.30000000","longitude":"21.20000000","name":"Sar\u00f3tsiani"},{"id":"899716","latitude":"40.46666670","longitude":"21.30000000","name":"Sdr\u00e1ltsi"},{"id":"899841","latitude":"40.56666670","longitude":"21.26666670","name":"S\u00e9toma"},{"id":"899907","latitude":"40.52083330","longitude":"20.99555560","name":"Si\u00e1ki"},{"id":"899939","latitude":"40.60000000","longitude":"21.26666670","name":"Sidhirokh\u00f3rion"},{"id":"899941","latitude":"40.60000000","longitude":"21.26666670","name":"Sidhirokh\u00f3ri"},{"id":"900032","latitude":"40.38333330","longitude":"21.31666670","name":"S\u00edmandron"},{"id":"900033","latitude":"40.38333330","longitude":"21.31666670","name":"S\u00edmatron"},{"id":"900279","latitude":"40.60000000","longitude":"21.26666670","name":"S\u00edtsevon"},{"id":"900373","latitude":"40.36666670","longitude":"21.23333330","name":"Skalokh\u00f3rion"},{"id":"900375","latitude":"40.36666670","longitude":"21.23333330","name":"Skalokh\u00f3ri"},{"id":"900629","latitude":"40.41666670","longitude":"21.23333330","name":"Skrapari"},{"id":"900635","latitude":"40.35500000","longitude":"21.08888890","name":"Sk\u00famtsikon"},{"id":"900638","latitude":"40.27444440","longitude":"20.97388890","name":"Sl\u00e1tina"},{"id":"900639","latitude":"40.45000000","longitude":"21.33333330","name":"Sl\u00edmista"},{"id":"900640","latitude":"40.45861110","longitude":"20.87333330","name":"Sl\u00edmnitsa"},{"id":"900641","latitude":"40.53333330","longitude":"21.18333330","name":"Sl\u00edveni"},{"id":"900700","latitude":"40.36666670","longitude":"21.31666670","name":"Solom\u00edstion"},{"id":"900875","latitude":"40.40000000","longitude":"21.16666670","name":"Sp\u00edlaia"},{"id":"900939","latitude":"40.35000000","longitude":"21.33333330","name":"Stamb\u00e1dhes"},{"id":"900988","latitude":"40.30000000","longitude":"21.26666670","name":"Stavrodhr\u00f3mion"},{"id":"901017","latitude":"40.55000000","longitude":"21.40000000","name":"Stavrop\u00f3tamos"},{"id":"901075","latitude":"40.43611110","longitude":"21.03694440","name":"Sten\u00e1"},{"id":"901102","latitude":"40.36666670","longitude":"21.31666670","name":"St\u00e9rna"},{"id":"901191","latitude":"40.61666670","longitude":"21.46666670","name":"Str\u00e9mbenon"},{"id":"901271","latitude":"40.20000000","longitude":"21.18333330","name":"Sv\u00f3liani"},{"id":"901609","latitude":"40.58333330","longitude":"21.30000000","name":"Tikhi\u00f3n"},{"id":"901612","latitude":"40.58333330","longitude":"21.30000000","name":"Tikhol\u00edtsa"},{"id":"901615","latitude":"40.50000000","longitude":"21.21666670","name":"T\u00edkveni"},{"id":"901646","latitude":"40.58333330","longitude":"21.30000000","name":"Toikh\u00edon"},{"id":"901689","latitude":"40.39222220","longitude":"20.95138890","name":"To\u00fakhoula"},{"id":"901794","latitude":"40.23333330","longitude":"21.21666670","name":"Tri\u00e1dha"},{"id":"901873","latitude":"40.45861110","longitude":"20.87333330","name":"Tr\u00edlofon"},{"id":"901977","latitude":"40.23333330","longitude":"21.35000000","name":"Tsakhnokh\u00f3rion"},{"id":"901980","latitude":"40.23333330","longitude":"21.35000000","name":"Tsaknokh\u00f3rion"},{"id":"901986","latitude":"40.48333330","longitude":"21.16666670","name":"Ts\u00e1koni"},{"id":"902041","latitude":"40.26666670","longitude":"21.20000000","name":"Tsaval\u00e9ri"},{"id":"902086","latitude":"40.49194440","longitude":"21.04111110","name":"Ts\u00e9rstikas"},{"id":"902093","latitude":"40.50000000","longitude":"21.16666670","name":"Tseter\u00e1ki"},{"id":"902164","latitude":"40.50000000","longitude":"21.38333330","name":"Tsir\u00edlovon"},{"id":"902189","latitude":"40.26666670","longitude":"21.31666670","name":"Tsot\u00edlion"},{"id":"902202","latitude":"40.36666670","longitude":"21.23333330","name":"Tsoukalokh\u00f3rion"},{"id":"902204","latitude":"40.36666670","longitude":"21.23333330","name":"Tsoukalokh\u00f3ri"},{"id":"902205","latitude":"40.44527780","longitude":"21.05944440","name":"Tso\u00faka"},{"id":"902327","latitude":"40.33333330","longitude":"21.36666670","name":"V\u00e1\u00efpes"},{"id":"902585","latitude":"40.56666670","longitude":"21.43333330","name":"Vasili\u00e1s"},{"id":"902733","latitude":"40.33333330","longitude":"21.18333330","name":"Vedilo\u00fastion"},{"id":"902736","latitude":"40.35000000","longitude":"21.33333330","name":"Velanidhi\u00e1"},{"id":"902845","latitude":"40.55000000","longitude":"21.43333330","name":"V\u00e9rga"},{"id":"902893","latitude":"40.20000000","longitude":"21.13333330","name":"Vethos"},{"id":"902956","latitude":"40.61666670","longitude":"21.31666670","name":"V\u00edsani"},{"id":"902958","latitude":"40.29166670","longitude":"20.95750000","name":"V\u00edsantskon"},{"id":"902964","latitude":"40.61666670","longitude":"21.31666670","name":"Vissin\u00e9a"},{"id":"902965","latitude":"40.61666670","longitude":"21.31666670","name":"Vissini\u00e1"},{"id":"902980","latitude":"40.41666670","longitude":"21.30000000","name":"Vit\u00e1nion"},{"id":"902985","latitude":"40.20000000","longitude":"21.13333330","name":"Vith\u00f3s"},{"id":"903003","latitude":"40.37861110","longitude":"21.10000000","name":"V\u00edtsista"},{"id":"903056","latitude":"40.53333330","longitude":"21.46666670","name":"Vlakhoklisura"},{"id":"903113","latitude":"40.41666670","longitude":"21.38333330","name":"Vogatsik\u00f3n"},{"id":"903193","latitude":"40.41666670","longitude":"21.30000000","name":"Vot\u00e1nion"},{"id":"903194","latitude":"40.41666670","longitude":"21.30000000","name":"Vot\u00e1ni"},{"id":"903296","latitude":"40.21805560","longitude":"21.01888890","name":"Vourvoutsik\u00f3n"},{"id":"903343","latitude":"40.35500000","longitude":"21.08888890","name":"Vr\u00e1chos"},{"id":"903365","latitude":"40.16666670","longitude":"21.16666670","name":"Vrakhoplayi\u00e1"},{"id":"903366","latitude":"40.35500000","longitude":"21.08888890","name":"Vr\u00e1khos"},{"id":"903487","latitude":"40.30000000","longitude":"21.30000000","name":"Vrond\u00ed"},{"id":"903488","latitude":"40.30000000","longitude":"21.30000000","name":"Vr\u00f3ndiza"},{"id":"903503","latitude":"40.28333330","longitude":"21.16666670","name":"Vr\u00f3stiani"},{"id":"903819","latitude":"40.31666670","longitude":"21.13333330","name":"Yerakokh\u00f3ri"},{"id":"903833","latitude":"40.45000000","longitude":"21.43333330","name":"Y\u00e9rmas"},{"id":"903977","latitude":"40.40000000","longitude":"21.13333330","name":"Zab\u00edrdani"},{"id":"903993","latitude":"40.56666670","longitude":"21.43333330","name":"Zagorits\u00e1ni"},{"id":"904031","latitude":"40.31666670","longitude":"21.13333330","name":"Z\u00e1ntsikon"},{"id":"904080","latitude":"40.45000000","longitude":"21.13333330","name":"Zeleg\u00f3sdi"},{"id":"904087","latitude":"40.48333330","longitude":"21.18333330","name":"Zel\u00edni"},{"id":"904116","latitude":"40.63333330","longitude":"21.28333330","name":"Z\u00e9rvaini"},{"id":"904144","latitude":"40.38333330","longitude":"21.16666670","name":"Zevgost\u00e1sion"},{"id":"904145","latitude":"40.38333330","longitude":"21.16666670","name":"Zevgost\u00e1si"},{"id":"904214","latitude":"40.31666670","longitude":"21.13333330","name":"Z\u00f3ni"},{"id":"904245","latitude":"40.20000000","longitude":"21.13333330","name":"Zoup\u00e1nion"},{"id":"904253","latitude":"40.40000000","longitude":"21.16666670","name":"Zo\u00faziltsa"},{"id":"904255","latitude":"40.17388890","longitude":"21.02277780","name":"Zo\u00fazouli"}]