[{"id":"881234","latitude":"40.15277780","longitude":"22.22666670","name":"\u00c1gios Dim\u00edtrios"},{"id":"881264","latitude":"40.32638890","longitude":"22.52583330","name":"Agios Ioanis Gigenon"},{"id":"881265","latitude":"40.33472220","longitude":"22.52555560","name":"Agios Ioanis Ofis"},{"id":"881266","latitude":"40.32638890","longitude":"22.52583330","name":"\u00c1gios Io\u00e1nnis"},{"id":"881304","latitude":"40.20666670","longitude":"22.44027780","name":"\u00c1gios Spyr\u00eddon"},{"id":"881468","latitude":"40.50138890","longitude":"22.54000000","name":"Aig\u00ednio"},{"id":"881469","latitude":"40.50138890","longitude":"22.54000000","name":"Aig\u00ednion"},{"id":"881474","latitude":"40.27194440","longitude":"22.50250000","name":"Aikater\u00edni"},{"id":"881498","latitude":"40.50138890","longitude":"22.54000000","name":"Aiy\u00ednion"},{"id":"881503","latitude":"40.50138890","longitude":"22.54000000","name":"Aiylnion"},{"id":"881728","latitude":"40.36333330","longitude":"22.62444440","name":"Alik\u00ed"},{"id":"881791","latitude":"40.39444440","longitude":"22.54166670","name":"Al\u00f3nia"},{"id":"881819","latitude":"40.36333330","longitude":"22.62444440","name":"Alyk\u00ed"},{"id":"882149","latitude":"40.27000000","longitude":"22.47833330","name":"Androm\u00e1chi"},{"id":"882255","latitude":"40.31750000","longitude":"22.49472220","name":"\u00c1no \u00c1gios Io\u00e1nnis"},{"id":"882281","latitude":"40.31750000","longitude":"22.49472220","name":"\u00c1no \u00c1yios Io\u00e1nnis"},{"id":"882574","latitude":"39.99361110","longitude":"22.53416670","name":"\u00c1no Skot\u00edna"},{"id":"882841","latitude":"40.35861110","longitude":"22.54388890","name":"Arbao\u00fati"},{"id":"883043","latitude":"40.28694440","longitude":"22.42555560","name":"Aron\u00e1s"},{"id":"883625","latitude":"40.14944440","longitude":"22.54222220","name":"\u00c1yioi The\u00f3dhoroi"},{"id":"883715","latitude":"40.15277780","longitude":"22.22666670","name":"\u00c1yios Dhim\u00edtrios"},{"id":"883752","latitude":"40.32638890","longitude":"22.52583330","name":"\u00c1yios Io\u00e1nnis"},{"id":"884249","latitude":"40.34583330","longitude":"22.37805560","name":"(( Bil\u00edki ))"},{"id":"884392","latitude":"40.32083330","longitude":"22.34861110","name":"Bourayi\u00e1"},{"id":"884482","latitude":"40.32083330","longitude":"22.34861110","name":"Bur\u00e1ya"},{"id":"884560","latitude":"40.24777780","longitude":"22.29416670","name":"Chantoul\u00e1dika"},{"id":"884562","latitude":"40.34444440","longitude":"22.42638890","name":"Char\u00e1dras Kal\u00fdvai"},{"id":"884680","latitude":"40.35111110","longitude":"22.50222220","name":"Chr\u00e1ni"},{"id":"885538","latitude":"40.17333330","longitude":"22.48666670","name":"D\u00edon"},{"id":"885714","latitude":"40.50138890","longitude":"22.54000000","name":"Eginion"},{"id":"885759","latitude":"40.37138890","longitude":"22.39305560","name":"\u00c9lafos"},{"id":"885809","latitude":"40.30777780","longitude":"22.25055560","name":"Elatoch\u00f3ri"},{"id":"885811","latitude":"40.30777780","longitude":"22.25055560","name":"Elatoch\u00f3rion"},{"id":"885813","latitude":"40.30777780","longitude":"22.25055560","name":"Elatokh\u00f3ri"},{"id":"885815","latitude":"40.30777780","longitude":"22.25055560","name":"Elatokh\u00f3rion"},{"id":"885822","latitude":"40.30777780","longitude":"22.25055560","name":"Elato\u00fasa"},{"id":"886194","latitude":"40.34444440","longitude":"22.42638890","name":"Exoch\u00ed"},{"id":"886512","latitude":"40.22055560","longitude":"22.31388890","name":"Fotein\u00e1"},{"id":"886523","latitude":"40.22055560","longitude":"22.31388890","name":"Fotina"},{"id":"886547","latitude":"40.00000000","longitude":"23.41666670","name":"Fo\u00farka"},{"id":"886765","latitude":"40.30638890","longitude":"22.49333330","name":"Gann\u00f3khora"},{"id":"886766","latitude":"40.30638890","longitude":"22.49333330","name":"Gan\u00f3chora"},{"id":"886767","latitude":"40.30638890","longitude":"22.49333330","name":"Gan\u00f3khora"},{"id":"887296","latitude":"40.32638890","longitude":"22.52583330","name":"Hagios Ioannissea"},{"id":"887355","latitude":"40.35111110","longitude":"22.50222220","name":"Hrani"},{"id":"887768","latitude":"39.96666670","longitude":"23.40000000","name":"Kal\u00e1ndhra"},{"id":"887769","latitude":"39.96666670","longitude":"23.40000000","name":"Kal\u00e1ndra"},{"id":"887852","latitude":"40.27638890","longitude":"22.57833330","name":"Kalitea"},{"id":"887881","latitude":"40.34444440","longitude":"22.42638890","name":"Kal\u00edvia Bratin\u00edstis"},{"id":"887921","latitude":"40.34444440","longitude":"22.42638890","name":"Kal\u00edvia Khar\u00e1dhra"},{"id":"887922","latitude":"40.34444440","longitude":"22.42638890","name":"Kal\u00edvia Khar\u00e1dhras"},{"id":"887923","latitude":"40.34444440","longitude":"22.42638890","name":"Kal\u00edvia Khar\u00e1dhrou"},{"id":"887927","latitude":"40.20666670","longitude":"22.44027780","name":"Kal\u00edvia Kondariot\u00edssis"},{"id":"887929","latitude":"40.20666670","longitude":"22.44027780","name":"Kal\u00edvia Koundouri\u00f3tissas"},{"id":"887930","latitude":"40.20666670","longitude":"22.44027780","name":"Kal\u00edvia Koundouriot\u00edssis"},{"id":"887956","latitude":"40.18333330","longitude":"22.55111110","name":"Kal\u00edvia Variko\u00fa"},{"id":"887960","latitude":"40.19222220","longitude":"22.43277780","name":"Kal\u00edvia Vrondo\u00fas"},{"id":"887964","latitude":"40.20666670","longitude":"22.44027780","name":"Kalivija Kontariotisis"},{"id":"887965","latitude":"40.18333330","longitude":"22.55111110","name":"Kalivija Variku"},{"id":"888001","latitude":"39.98333330","longitude":"22.46666670","name":"Kallip\u00e9vki"},{"id":"888017","latitude":"40.27638890","longitude":"22.57833330","name":"Kallith\u00e9a"},{"id":"888197","latitude":"40.27583330","longitude":"22.39277780","name":"Kal\u00fdvia Dranits\u00e1s"},{"id":"888198","latitude":"40.37138890","longitude":"22.39305560","name":"Kal\u00fdvia Elaf\u00ednis"},{"id":"888209","latitude":"40.20666670","longitude":"22.44027780","name":"Kal\u00fdvia Kontariot\u00edssis"},{"id":"888211","latitude":"40.18333330","longitude":"22.55111110","name":"Kal\u00fdvia Variko\u00fa"},{"id":"888427","latitude":"40.24777780","longitude":"22.29416670","name":"Kantoul\u00e1dika"},{"id":"888685","latitude":"40.23944440","longitude":"22.29333330","name":"Karia\u00ed"},{"id":"888708","latitude":"40.18750000","longitude":"22.48194440","name":"Karica"},{"id":"888746","latitude":"40.18750000","longitude":"22.48194440","name":"Kar\u00edtsa"},{"id":"888754","latitude":"40.23944440","longitude":"22.29333330","name":"Karje"},{"id":"888861","latitude":"40.23944440","longitude":"22.29333330","name":"Karya\u00ed"},{"id":"888919","latitude":"40.45611110","longitude":"22.45138890","name":"Kastan\u00e9a"},{"id":"888933","latitude":"40.45611110","longitude":"22.45138890","name":"Kastani\u00e1"},{"id":"889068","latitude":"40.46777780","longitude":"22.54166670","name":"Katach\u00e1s"},{"id":"889100","latitude":"40.46777780","longitude":"22.54166670","name":"Katahas"},{"id":"889110","latitude":"40.46777780","longitude":"22.54166670","name":"Katakh\u00e1s"},{"id":"889122","latitude":"40.34861110","longitude":"22.36083330","name":"Katal\u00f3nia"},{"id":"889128","latitude":"40.23805560","longitude":"22.58194440","name":"Katarina"},{"id":"889129","latitude":"40.23805560","longitude":"22.58194440","name":"Katarina Skala"},{"id":"889152","latitude":"40.27194440","longitude":"22.50250000","name":"Katerina"},{"id":"889153","latitude":"40.27194440","longitude":"22.50250000","name":"Kater\u00edni"},{"id":"889154","latitude":"40.23805560","longitude":"22.58194440","name":"Katerin\u00f3skala"},{"id":"889176","latitude":"40.32638890","longitude":"22.52583330","name":"K\u00e1to \u00c1gios Io\u00e1nnis"},{"id":"889443","latitude":"40.24833330","longitude":"22.33777780","name":"K\u00e1to Mil\u00e9a"},{"id":"889444","latitude":"40.24833330","longitude":"22.33777780","name":"K\u00e1to Mili\u00e1"},{"id":"889926","latitude":"40.31111110","longitude":"22.46166670","name":"Keram\u00eddhi"},{"id":"890446","latitude":"40.35111110","longitude":"22.50222220","name":"Khr\u00e1ni"},{"id":"890709","latitude":"40.37555560","longitude":"22.57833330","name":"K\u00edtros"},{"id":"890995","latitude":"40.20666670","longitude":"22.44027780","name":"Kolibi na Kontariotisa"},{"id":"890996","latitude":"40.18333330","longitude":"22.55111110","name":"Kolibi na Variku"},{"id":"891004","latitude":"40.47583330","longitude":"22.48083330","name":"Kolindhr\u00f3"},{"id":"891005","latitude":"40.47583330","longitude":"22.48083330","name":"Kolindr\u00f3s"},{"id":"891030","latitude":"40.26444440","longitude":"22.46000000","name":"Koloko\u00fari"},{"id":"891031","latitude":"40.26444440","longitude":"22.46000000","name":"Koloko\u00farion"},{"id":"891116","latitude":"40.22888890","longitude":"22.46222220","name":"Kondari\u00f3tissa"},{"id":"891207","latitude":"40.22888890","longitude":"22.46222220","name":"Kontari\u00f3tissa"},{"id":"891301","latitude":"40.31500000","longitude":"22.58527780","name":"Korin\u00f3s"},{"id":"891495","latitude":"40.38416670","longitude":"22.51500000","name":"Ko\u00fakkos"},{"id":"891509","latitude":"40.38416670","longitude":"22.51500000","name":"Ko\u00fakos"},{"id":"891620","latitude":"40.22888890","longitude":"22.46222220","name":"Koundouri\u00f3tissa"},{"id":"891685","latitude":"40.34000000","longitude":"22.39222220","name":"Ko\u00farsova"},{"id":"892500","latitude":"40.45694440","longitude":"22.58638890","name":"Leftero-khori Skala"},{"id":"892582","latitude":"40.05833330","longitude":"22.56138890","name":"Leptokarja"},{"id":"892584","latitude":"40.05833330","longitude":"22.56138890","name":"Leptokary\u00e1"},{"id":"892609","latitude":"40.10055560","longitude":"22.49777780","name":"Letokhori"},{"id":"892725","latitude":"40.50138890","longitude":"22.54000000","name":"Libanovo"},{"id":"892726","latitude":"40.50138890","longitude":"22.54000000","name":"Lib\u00e1novon"},{"id":"892816","latitude":"40.14944440","longitude":"22.54222220","name":"Lim\u00e1ni Litoch\u00f3rou"},{"id":"892838","latitude":"40.14944440","longitude":"22.54222220","name":"Lim\u00edn Litoch\u00f3rou"},{"id":"892839","latitude":"40.14944440","longitude":"22.54222220","name":"Lim\u00edn Litokh\u00f3rou"},{"id":"892966","latitude":"40.10055560","longitude":"22.49777780","name":"Lit\u00f3choro"},{"id":"892967","latitude":"40.10055560","longitude":"22.49777780","name":"Lit\u00f3choron"},{"id":"892968","latitude":"40.10055560","longitude":"22.49777780","name":"Litohoron"},{"id":"892969","latitude":"40.10055560","longitude":"22.49777780","name":"Lit\u00f3khoron"},{"id":"893018","latitude":"40.50027780","longitude":"22.43805560","name":"Liv\u00e1dhion"},{"id":"893035","latitude":"40.50027780","longitude":"22.43805560","name":"Liv\u00e1di"},{"id":"893039","latitude":"40.50027780","longitude":"22.43805560","name":"Liv\u00e1dion"},{"id":"893083","latitude":"40.24472220","longitude":"22.37972220","name":"L\u00f3fos"},{"id":"893100","latitude":"40.18083330","longitude":"22.33111110","name":"Lokova"},{"id":"893101","latitude":"40.18083330","longitude":"22.33111110","name":"L\u00f3kovi"},{"id":"893102","latitude":"40.18083330","longitude":"22.33111110","name":"Lokovo"},{"id":"893423","latitude":"40.41638890","longitude":"22.60277780","name":"Makr\u00edyialos"},{"id":"893448","latitude":"40.41638890","longitude":"22.60277780","name":"Makr\u00fdgialos"},{"id":"893471","latitude":"40.17333330","longitude":"22.48666670","name":"Malathri\u00e1"},{"id":"893473","latitude":"40.17333330","longitude":"22.48666670","name":"Malatrja"},{"id":"893526","latitude":"40.19805560","longitude":"22.31916670","name":"Manastir Lokova"},{"id":"893991","latitude":"40.20888890","longitude":"22.30166670","name":"Mavr\u00f3topos"},{"id":"894098","latitude":"40.53166670","longitude":"22.52416670","name":"Meg\u00e1li G\u00e9fyra"},{"id":"894232","latitude":"40.32083330","longitude":"22.34861110","name":"Meli\u00e1dhi"},{"id":"894233","latitude":"40.32083330","longitude":"22.34861110","name":"Meli\u00e1dhion"},{"id":"894234","latitude":"40.32083330","longitude":"22.34861110","name":"Meli\u00e1di"},{"id":"894235","latitude":"40.32083330","longitude":"22.34861110","name":"Meli\u00e1dion"},{"id":"894407","latitude":"40.25027780","longitude":"22.29583330","name":"Mesa\u00eda Mili\u00e1"},{"id":"894623","latitude":"40.44833330","longitude":"22.58694440","name":"Meth\u00f3ni"},{"id":"894778","latitude":"40.41000000","longitude":"22.44138890","name":"Mikr\u00ed Mil\u00e9a"},{"id":"894779","latitude":"40.41000000","longitude":"22.44138890","name":"Mikr\u00ed Mili\u00e1"},{"id":"894780","latitude":"40.41000000","longitude":"22.44138890","name":"Mikr\u00ed Mill\u00e1"},{"id":"894902","latitude":"40.25027780","longitude":"22.29583330","name":"Mil\u00e9a"},{"id":"894923","latitude":"40.25027780","longitude":"22.29583330","name":"Mili\u00e1"},{"id":"895260","latitude":"40.20194440","longitude":"22.23666670","name":"M\u00f3rna"},{"id":"895270","latitude":"40.26277780","longitude":"22.38861110","name":"Moschoch\u00f3ri"},{"id":"895271","latitude":"40.26277780","longitude":"22.38861110","name":"Moschoch\u00f3rion"},{"id":"895274","latitude":"40.32361110","longitude":"22.30555560","name":"Moschop\u00f3tamos"},{"id":"895501","latitude":"40.46055560","longitude":"22.58277780","name":"N\u00e9a Agatho\u00fapolis"},{"id":"895520","latitude":"40.23000000","longitude":"22.49638890","name":"N\u00e9a \u00c9fesos"},{"id":"895548","latitude":"40.26166670","longitude":"22.42361110","name":"N\u00e9a Kais\u00e1ria"},{"id":"895671","latitude":"40.33472220","longitude":"22.52555560","name":"N\u00e9a Trapezo\u00fanta"},{"id":"895672","latitude":"40.33472220","longitude":"22.52555560","name":"N\u00e9a Trapezo\u00fas"},{"id":"895680","latitude":"40.27333330","longitude":"22.32166670","name":"N\u00e9a Vr\u00fdsi"},{"id":"895700","latitude":"39.97638890","longitude":"22.65138890","name":"Nei Pori"},{"id":"895751","latitude":"39.97638890","longitude":"22.65138890","name":"N\u00e9oi P\u00f3roi"},{"id":"895753","latitude":"40.26166670","longitude":"22.42361110","name":"Neokais\u00e1reia"},{"id":"895755","latitude":"40.26166670","longitude":"22.42361110","name":"Neokais\u00e1ria"},{"id":"895761","latitude":"40.28000000","longitude":"22.45944440","name":"N\u00e9o Keram\u00eddi"},{"id":"895851","latitude":"40.44833330","longitude":"22.58694440","name":"N\u00e9on Eleftheroch\u00f3rion"},{"id":"895852","latitude":"40.44833330","longitude":"22.58694440","name":"N\u00e9on Elevtherokh\u00f3rion"},{"id":"895867","latitude":"40.28000000","longitude":"22.45944440","name":"N\u00e9on Keram\u00eddhi"},{"id":"895868","latitude":"40.28000000","longitude":"22.45944440","name":"N\u00e9on Keram\u00eddhion"},{"id":"895869","latitude":"40.28000000","longitude":"22.45944440","name":"N\u00e9on Keram\u00eddion"},{"id":"895935","latitude":"40.32333330","longitude":"22.53333330","name":"N\u00e9os P\u00fdrgos"},{"id":"896012","latitude":"39.98333330","longitude":"22.46666670","name":"Nezero"},{"id":"896013","latitude":"39.98333330","longitude":"22.46666670","name":"Nezer\u00f3s"},{"id":"896161","latitude":"39.97638890","longitude":"22.65138890","name":"Nova Purlija"},{"id":"896239","latitude":"40.23805560","longitude":"22.58194440","name":"Olympiak\u00ed Akt\u00ed"},{"id":"896329","latitude":"40.45694440","longitude":"22.58638890","name":"\u00d3rmos Meth\u00f3nis"},{"id":"896519","latitude":"40.43777780","longitude":"22.57694440","name":"Palai\u00f3 Eleftheroch\u00f3ri"},{"id":"896548","latitude":"40.31111110","longitude":"22.46166670","name":"Palai\u00f3 Keram\u00eddi"},{"id":"896635","latitude":"40.43777780","longitude":"22.57694440","name":"Palai\u00f3n Eleftheroch\u00f3rion"},{"id":"896636","latitude":"40.43777780","longitude":"22.57694440","name":"Palai\u00f3n Eleftherokh\u00f3rion"},{"id":"896637","latitude":"40.43777780","longitude":"22.57694440","name":"Palai\u00f3n Elevtherokh\u00f3rion"},{"id":"896638","latitude":"40.36888890","longitude":"22.45611110","name":"Palaion\u00e9lini"},{"id":"896647","latitude":"40.31111110","longitude":"22.46166670","name":"Palai\u00f3n Keram\u00eddhion"},{"id":"896648","latitude":"40.31111110","longitude":"22.46166670","name":"Palai\u00f3n Keram\u00eddion"},{"id":"896664","latitude":"40.21222220","longitude":"22.26944440","name":"(( Palai\u00f3n Z\u00e1zakon ))"},{"id":"896693","latitude":"40.41500000","longitude":"22.45972220","name":"Palaiost\u00e1ni"},{"id":"896731","latitude":"40.51000000","longitude":"22.50166670","name":"Pali\u00e1mbela"},{"id":"896734","latitude":"40.51000000","longitude":"22.50166670","name":"Pali\u00e1mpela"},{"id":"896736","latitude":"40.41388890","longitude":"22.54611110","name":"P\u00e1liani"},{"id":"896810","latitude":"40.36888890","longitude":"22.45611110","name":"Palion\u00e9llini"},{"id":"896812","latitude":"40.41500000","longitude":"22.45972220","name":"Pal\u00edon\u00e9stani"},{"id":"896829","latitude":"40.41500000","longitude":"22.45972220","name":"Paliost\u00e1ni"},{"id":"896951","latitude":"39.99250000","longitude":"22.57138890","name":"Pandeleimon"},{"id":"897017","latitude":"39.99250000","longitude":"22.57138890","name":"Pantele\u00edmon"},{"id":"897125","latitude":"40.26805560","longitude":"22.59527780","name":"Paral\u00eda"},{"id":"897136","latitude":"40.02694440","longitude":"22.58333330","name":"Paral\u00eda Skot\u00ednas"},{"id":"897137","latitude":"40.02694440","longitude":"22.58333330","name":"Paral\u00eda Skot\u00ednis"},{"id":"897503","latitude":"40.27416670","longitude":"22.54111110","name":"Per\u00edstasi"},{"id":"897504","latitude":"40.27416670","longitude":"22.54111110","name":"Per\u00edstasis"},{"id":"897648","latitude":"40.18083330","longitude":"22.33111110","name":"P\u00e9tra"},{"id":"897796","latitude":"40.37555560","longitude":"22.57833330","name":"P\u00eddhna"},{"id":"897799","latitude":"40.37555560","longitude":"22.57833330","name":"Pidna"},{"id":"898120","latitude":"40.16416670","longitude":"22.49138890","name":"Platan\u00e1kia"},{"id":"898506","latitude":"39.96861110","longitude":"22.58833330","name":"P\u00f3roi"},{"id":"898627","latitude":"39.96861110","longitude":"22.58833330","name":"Po\u00farlia"},{"id":"898721","latitude":"40.14944440","longitude":"22.54222220","name":"Pristaniste na Litohorou"},{"id":"898794","latitude":"40.27000000","longitude":"22.46722220","name":"Pros\u00edlion"},{"id":"898802","latitude":"40.27000000","longitude":"22.46722220","name":"Pros\u00edlio"},{"id":"898953","latitude":"39.96861110","longitude":"22.58833330","name":"Purlija"},{"id":"898989","latitude":"40.24361110","longitude":"22.35944440","name":"R\u00e1chi"},{"id":"899032","latitude":"40.24361110","longitude":"22.35944440","name":"Rahi"},{"id":"899046","latitude":"40.24361110","longitude":"22.35944440","name":"R\u00e1khi"},{"id":"899138","latitude":"40.28694440","longitude":"22.28083330","name":"Rend\u00edni"},{"id":"899189","latitude":"40.39694440","longitude":"22.38861110","name":"Ri\u00e1kia"},{"id":"899219","latitude":"40.28694440","longitude":"22.28083330","name":"Rit\u00edni"},{"id":"899486","latitude":"40.39694440","longitude":"22.38861110","name":"Ry\u00e1kia"},{"id":"899543","latitude":"40.39444440","longitude":"22.54166670","name":"Sal\u00f3nia"},{"id":"899545","latitude":"40.38416670","longitude":"22.51500000","name":"Salonija Kukos"},{"id":"899580","latitude":"40.19805560","longitude":"22.31916670","name":"Sanat\u00f3rion Ier\u00e1s Mon\u00eds P\u00e9tras Ol\u00fdmpou"},{"id":"899846","latitude":"40.35861110","longitude":"22.54388890","name":"Sevast\u00ed"},{"id":"899869","latitude":"40.41388890","longitude":"22.54611110","name":"Sfend\u00e1mion"},{"id":"899870","latitude":"40.41388890","longitude":"22.54611110","name":"Sfend\u00e1mi"},{"id":"899872","latitude":"40.41388890","longitude":"22.54611110","name":"Sfendh\u00e1mion"},{"id":"899873","latitude":"40.41388890","longitude":"22.54611110","name":"Sfendh\u00e1mi"},{"id":"900158","latitude":"39.99111110","longitude":"22.62666670","name":"Sinoikismos Pandeleimonos"},{"id":"900306","latitude":"40.37694440","longitude":"22.63055560","name":"Sk\u00e1la Alyk\u00eds"},{"id":"900309","latitude":"40.45694440","longitude":"22.58638890","name":"Sk\u00e1la Elevtherokhor\u00edou"},{"id":"900312","latitude":"40.00000000","longitude":"23.38333330","name":"Sk\u00e1la Fo\u00farkas"},{"id":"900316","latitude":"40.23805560","longitude":"22.58194440","name":"Sk\u00e1la Kater\u00ednis"},{"id":"900317","latitude":"40.30666670","longitude":"22.61888890","name":"Sk\u00e1la Korino\u00fa"},{"id":"900320","latitude":"40.05833330","longitude":"22.56138890","name":"Sk\u00e1la Leptokari\u00e1s"},{"id":"900321","latitude":"40.05833330","longitude":"22.56138890","name":"Sk\u00e1la Leptokary\u00e1s"},{"id":"900322","latitude":"40.14944440","longitude":"22.54222220","name":"Sk\u00e1la Litoch\u00f3rou"},{"id":"900323","latitude":"40.14944440","longitude":"22.54222220","name":"Sk\u00e1la Litokh\u00f3rou"},{"id":"900333","latitude":"40.45694440","longitude":"22.58638890","name":"Sk\u00e1la N\u00e9ou Eleftherochor\u00edou"},{"id":"900334","latitude":"40.45694440","longitude":"22.58638890","name":"Sk\u00e1la N\u00e9ou Elevtherokhor\u00edou"},{"id":"900335","latitude":"40.45694440","longitude":"22.58638890","name":"Skala Neu Elefterohoriu"},{"id":"900353","latitude":"40.45694440","longitude":"22.58638890","name":"Sk\u00e1la"},{"id":"900364","latitude":"40.02694440","longitude":"22.58333330","name":"Sk\u00e1la Skot\u00ednas"},{"id":"900366","latitude":"40.18083330","longitude":"22.55805560","name":"Sk\u00e1la St\u00f3lou"},{"id":"900368","latitude":"40.37694440","longitude":"22.63055560","name":"Sk\u00e1la To\u00fazlas"},{"id":"900369","latitude":"40.37694440","longitude":"22.63055560","name":"Sk\u00e1la T\u00fazlas"},{"id":"900370","latitude":"40.23805560","longitude":"22.58194440","name":"Sk\u00e1la Vromer\u00eds"},{"id":"900569","latitude":"40.20194440","longitude":"22.23666670","name":"Skotein\u00e1"},{"id":"900570","latitude":"39.99361110","longitude":"22.53416670","name":"Skot\u00edna"},{"id":"900571","latitude":"40.01166670","longitude":"22.54722220","name":"Skotini\u00f3tika"},{"id":"900575","latitude":"40.20194440","longitude":"22.23666670","name":"Skotn\u00e1"},{"id":"900625","latitude":"40.30777780","longitude":"22.25055560","name":"Skout\u00e9rna"},{"id":"900905","latitude":"40.23000000","longitude":"22.49638890","name":"Spi"},{"id":"901076","latitude":"40.41388890","longitude":"22.54611110","name":"Stendh\u00e1mi"},{"id":"901125","latitude":"40.23000000","longitude":"22.49638890","name":"Stipi"},{"id":"901151","latitude":"40.23000000","longitude":"22.49638890","name":"Stoup\u00edon"},{"id":"901152","latitude":"40.23000000","longitude":"22.49638890","name":"Stoup\u00ed"},{"id":"901273","latitude":"40.26444440","longitude":"22.46000000","name":"Svor\u00f3nos"},{"id":"901299","latitude":"40.37361110","longitude":"22.57138890","name":"Synoikism\u00f3s Amal\u00edas"},{"id":"901300","latitude":"40.37000000","longitude":"22.58527780","name":"Synoikism\u00f3s Anal\u00edgeos"},{"id":"901307","latitude":"40.26277780","longitude":"22.38861110","name":"Synoikism\u00f3s Moschoch\u00f3rion"},{"id":"901309","latitude":"39.99111110","longitude":"22.62666670","name":"Synoikism\u00f3s Pantele\u00edmonos"},{"id":"901310","latitude":"40.01388890","longitude":"22.57000000","name":"(( Synoikism\u00f3s Pantele\u00edmonos ))"},{"id":"901645","latitude":"40.36888890","longitude":"22.45611110","name":"T\u00f3hova"},{"id":"901735","latitude":"40.34000000","longitude":"22.39222220","name":"T\u00f3xon"},{"id":"901737","latitude":"40.34000000","longitude":"22.39222220","name":"T\u00f3xo"},{"id":"901876","latitude":"40.36888890","longitude":"22.45611110","name":"Tr\u00edlofon"},{"id":"901879","latitude":"40.36888890","longitude":"22.45611110","name":"Tr\u00edlofos"},{"id":"902238","latitude":"40.30638890","longitude":"22.49333330","name":"Tury\u00e1"},{"id":"902241","latitude":"40.36333330","longitude":"22.62444440","name":"Tuzla"},{"id":"903232","latitude":"40.50027780","longitude":"22.43805560","name":"Voulist\u00e1"},{"id":"903234","latitude":"40.50027780","longitude":"22.43805560","name":"Vo\u00falitsa"},{"id":"903236","latitude":"40.50027780","longitude":"22.43805560","name":"Vo\u00faltista"},{"id":"903405","latitude":"40.27333330","longitude":"22.32166670","name":"Vr\u00eda"},{"id":"903406","latitude":"40.26527780","longitude":"22.27527780","name":"(( Vr\u00eda ))"},{"id":"903407","latitude":"40.27333330","longitude":"22.32166670","name":"Vri\u00e1za"},{"id":"903463","latitude":"40.27638890","longitude":"22.57833330","name":"Vromer\u00ed"},{"id":"903464","latitude":"40.26805560","longitude":"22.59527780","name":"Vromer\u00f3skala"},{"id":"903478","latitude":"40.26805560","longitude":"22.59527780","name":"Vrom\u00f3skala"},{"id":"903489","latitude":"40.19222220","longitude":"22.43277780","name":"Vrondo\u00fa"},{"id":"903490","latitude":"40.19222220","longitude":"22.43277780","name":"Vrondu"},{"id":"903498","latitude":"40.19222220","longitude":"22.43277780","name":"Vronto\u00fa"},{"id":"904148","latitude":"40.24472220","longitude":"22.37972220","name":"Zi\u00e1ziakon"},{"id":"904194","latitude":"40.24472220","longitude":"22.37972220","name":"Zjazjakon"}]