[{"id":"881155","latitude":"40.59777780","longitude":"22.21527780","name":"Ag\u00eda Mar\u00edna"},{"id":"881184","latitude":"40.54833330","longitude":"22.42138890","name":"Ag\u00eda Tri\u00e1s"},{"id":"881191","latitude":"40.49277780","longitude":"22.24333330","name":"Ag\u00eda Varv\u00e1ra"},{"id":"881248","latitude":"40.60111110","longitude":"22.19416670","name":"\u00c1gios Ge\u00f3rgios"},{"id":"881318","latitude":"40.55583330","longitude":"22.47083330","name":"Agkathi\u00e1"},{"id":"881696","latitude":"40.62666670","longitude":"22.44416670","name":"Alex\u00e1ndreia"},{"id":"881697","latitude":"40.62666670","longitude":"22.44416670","name":"Alex\u00e1ndria"},{"id":"881802","latitude":"40.58861110","longitude":"22.59583330","name":"\u00c1loros"},{"id":"881971","latitude":"40.50166670","longitude":"22.25444440","name":"\u00c1mmos"},{"id":"882121","latitude":"40.65000000","longitude":"21.76666670","name":"And\u00edgonon"},{"id":"882122","latitude":"40.65000000","longitude":"21.76666670","name":"And\u00edgonos"},{"id":"882187","latitude":"40.55583330","longitude":"22.47083330","name":"Angathi\u00e1"},{"id":"882191","latitude":"40.67833330","longitude":"22.19916670","name":"Angeloch\u00f3ri"},{"id":"882193","latitude":"40.67833330","longitude":"22.19916670","name":"Angeloch\u00f3rion"},{"id":"882200","latitude":"40.67833330","longitude":"22.19916670","name":"Angelokh\u00f3rion"},{"id":"882432","latitude":"40.63361110","longitude":"22.13027780","name":"\u00c1no Kopan\u00f3s"},{"id":"882664","latitude":"40.65666670","longitude":"22.21416670","name":"\u00c1no Zervoch\u00f3ri"},{"id":"882665","latitude":"40.65666670","longitude":"22.21416670","name":"\u00c1no Zervoch\u00f3rion"},{"id":"882666","latitude":"40.65666670","longitude":"22.21416670","name":"\u00c1no Zervokh\u00f3ri"},{"id":"882667","latitude":"40.65666670","longitude":"22.21416670","name":"\u00c1no Zervokh\u00f3rion"},{"id":"882799","latitude":"40.66138890","longitude":"22.50972220","name":"\u00c1rachos"},{"id":"882809","latitude":"40.66138890","longitude":"22.50972220","name":"\u00c1rakhos"},{"id":"882848","latitude":"40.68055560","longitude":"22.25194440","name":"Arch\u00e1ngelos"},{"id":"882963","latitude":"40.68055560","longitude":"22.25194440","name":"Arkh\u00e1ngelos"},{"id":"882989","latitude":"40.58805560","longitude":"22.07194440","name":"Arkoch\u00f3ri"},{"id":"882990","latitude":"40.58805560","longitude":"22.07194440","name":"Arkoch\u00f3rion"},{"id":"882991","latitude":"40.58805560","longitude":"22.07194440","name":"Arkokh\u00f3rion"},{"id":"882995","latitude":"40.58805560","longitude":"22.07194440","name":"Arkoudhokh\u00f3rion"},{"id":"883177","latitude":"40.48361110","longitude":"22.23361110","name":"As\u00f3mata"},{"id":"883488","latitude":"40.59777780","longitude":"22.21527780","name":"Ay\u00eda Mar\u00edna"},{"id":"883563","latitude":"40.54833330","longitude":"22.42138890","name":"Ay\u00eda Tri\u00e1s"},{"id":"883584","latitude":"40.49277780","longitude":"22.24333330","name":"Ay\u00eda Varv\u00e1ra"},{"id":"883952","latitude":"40.60111110","longitude":"22.19416670","name":"\u00c1yios Ye\u00f3ryios"},{"id":"884106","latitude":"40.46666670","longitude":"21.86666670","name":"Barakl\u00ed"},{"id":"884332","latitude":"40.34722220","longitude":"22.20361110","name":"B\u00f3stiani"},{"id":"884443","latitude":"40.58750000","longitude":"22.25027780","name":"Brani\u00e1tai"},{"id":"884444","latitude":"40.58750000","longitude":"22.25027780","name":"Brani\u00e1tes"},{"id":"884447","latitude":"40.43944440","longitude":"22.26138890","name":"Brat\u00ednista"},{"id":"884561","latitude":"40.43944440","longitude":"22.26138890","name":"Char\u00e1dra"},{"id":"884569","latitude":"40.65194440","longitude":"22.16666670","name":"Char\u00edessa"},{"id":"884607","latitude":"40.39611110","longitude":"22.15055560","name":"Cherk\u00f3viani"},{"id":"884769","latitude":"40.33277780","longitude":"22.16666670","name":"D\u00e1skio"},{"id":"884770","latitude":"40.33277780","longitude":"22.16666670","name":"D\u00e1skion"},{"id":"884962","latitude":"40.33277780","longitude":"22.16666670","name":"Dh\u00e1skion"},{"id":"885115","latitude":"40.54555560","longitude":"22.26694440","name":"Dhiavat\u00f3s"},{"id":"885119","latitude":"40.57333330","longitude":"22.15138890","name":"Dhiav\u00f3rnitsa"},{"id":"885500","latitude":"40.54555560","longitude":"22.26694440","name":"Diavat\u00f3s"},{"id":"885571","latitude":"40.51694440","longitude":"22.08777780","name":"D\u00f3liani"},{"id":"885647","latitude":"40.33277780","longitude":"22.16666670","name":"Dr\u00e1tsikon"},{"id":"885726","latitude":"40.67805560","longitude":"22.19277780","name":"Eirino\u00fapoli"},{"id":"885752","latitude":"40.40861110","longitude":"22.30472220","name":"Elaf\u00edna"},{"id":"886032","latitude":"40.59055560","longitude":"22.36388890","name":"Episkop\u00ed"},{"id":"886089","latitude":"40.54305560","longitude":"22.19861110","name":"Ergoch\u00f3rion"},{"id":"886103","latitude":"40.50000000","longitude":"21.85000000","name":"Ermaki\u00e1"},{"id":"886203","latitude":"40.46666670","longitude":"21.86666670","name":"Exokh\u00ed"},{"id":"886317","latitude":"40.71694440","longitude":"22.08722220","name":"F\u00e9tista"},{"id":"886404","latitude":"40.56277780","longitude":"22.10944440","name":"Fit\u00eda"},{"id":"886576","latitude":"40.50000000","longitude":"21.85000000","name":"Fragots"},{"id":"886675","latitude":"40.56277780","longitude":"22.10944440","name":"Fyte\u00eda"},{"id":"886861","latitude":"40.46694440","longitude":"22.16111110","name":"Georgiano\u00ed"},{"id":"886875","latitude":"40.51444440","longitude":"22.38722220","name":"Ger\u00e1ki"},{"id":"886901","latitude":"40.67194440","longitude":"22.05611110","name":"Giannakoch\u00f3ri"},{"id":"886902","latitude":"40.67194440","longitude":"22.05611110","name":"Giannakoch\u00f3rion"},{"id":"886911","latitude":"40.62666670","longitude":"22.44416670","name":"Gida"},{"id":"886912","latitude":"40.62666670","longitude":"22.44416670","name":"Gidh\u00e1"},{"id":"886913","latitude":"40.62666670","longitude":"22.44416670","name":"Gidh\u00e1s"},{"id":"887244","latitude":"40.55583330","longitude":"22.47083330","name":"Grij\u00e1li"},{"id":"887548","latitude":"40.42805560","longitude":"22.18527780","name":"\u00cdsvoros"},{"id":"887828","latitude":"40.58861110","longitude":"22.59583330","name":"K\u00e1liani"},{"id":"887844","latitude":"40.54666670","longitude":"22.17694440","name":"Kal\u00ed Panag\u00eda"},{"id":"888060","latitude":"40.59916670","longitude":"22.35361110","name":"Kaloch\u00f3ri"},{"id":"888065","latitude":"40.59916670","longitude":"22.35361110","name":"Kaloch\u00f3rion"},{"id":"888281","latitude":"40.60888890","longitude":"22.36916670","name":"Kambokh\u00f3ri"},{"id":"888283","latitude":"40.60888890","longitude":"22.36916670","name":"Kambokh\u00f3rion"},{"id":"888345","latitude":"40.60888890","longitude":"22.36916670","name":"Kampoch\u00f3ri"},{"id":"888347","latitude":"40.60888890","longitude":"22.36916670","name":"Kampoch\u00f3rion"},{"id":"888501","latitude":"40.61277780","longitude":"22.43194440","name":"Kaps\u00f3chora"},{"id":"888502","latitude":"40.61277780","longitude":"22.43194440","name":"Kapsoch\u00f3rion"},{"id":"888505","latitude":"40.61277780","longitude":"22.43194440","name":"Kapsokh\u00f3ra"},{"id":"888508","latitude":"40.61277780","longitude":"22.43194440","name":"Kapsokh\u00f3rion"},{"id":"888624","latitude":"40.53333330","longitude":"22.31666670","name":"(( Kar\u00e1vi ))"},{"id":"888918","latitude":"40.40500000","longitude":"22.11388890","name":"Kastan\u00e9a"},{"id":"888931","latitude":"40.40500000","longitude":"22.11388890","name":"Kastani\u00e1"},{"id":"888986","latitude":"40.40500000","longitude":"22.11388890","name":"Kastoni\u00e1"},{"id":"889365","latitude":"40.65194440","longitude":"22.16666670","name":"K\u00e1to Kopan\u00f3s"},{"id":"889537","latitude":"40.55027780","longitude":"22.02638890","name":"K\u00e1to S\u00e9li"},{"id":"889575","latitude":"40.48916670","longitude":"22.17472220","name":"K\u00e1to Trip\u00f3tamon"},{"id":"889576","latitude":"40.48916670","longitude":"22.17472220","name":"K\u00e1to Trip\u00f3tamos"},{"id":"889604","latitude":"40.55027780","longitude":"22.02638890","name":"K\u00e1to V\u00e9rmio"},{"id":"889605","latitude":"40.55027780","longitude":"22.02638890","name":"K\u00e1to V\u00e9rmion"},{"id":"889642","latitude":"40.66666670","longitude":"21.83333330","name":"Katran\u00edtsa"},{"id":"889738","latitude":"40.58972220","longitude":"22.33250000","name":"Kav\u00e1sila"},{"id":"889817","latitude":"40.56833330","longitude":"22.36527780","name":"Kefaloch\u00f3ri"},{"id":"889820","latitude":"40.56833330","longitude":"22.36527780","name":"Kefaloch\u00f3rion"},{"id":"889822","latitude":"40.56833330","longitude":"22.36527780","name":"Kefalokh\u00f3ri"},{"id":"889824","latitude":"40.56833330","longitude":"22.36527780","name":"Kefalokh\u00f3rion"},{"id":"890178","latitude":"40.43944440","longitude":"22.26138890","name":"Khar\u00e1dhra"},{"id":"890181","latitude":"40.43944440","longitude":"22.26138890","name":"Kharadhros"},{"id":"890207","latitude":"40.65194440","longitude":"22.16666670","name":"Khar\u00edessa"},{"id":"890403","latitude":"40.60305560","longitude":"22.12694440","name":"Khorop\u00e1nion"},{"id":"890524","latitude":"40.57416670","longitude":"22.51805560","name":"Kidhon\u00e9a"},{"id":"890531","latitude":"40.51722220","longitude":"22.23833330","name":"Kidhonokh\u00f3rion"},{"id":"890673","latitude":"40.54833330","longitude":"22.42138890","name":"Kirk\u00e1sioi"},{"id":"890690","latitude":"40.65000000","longitude":"21.76666670","name":"K\u00edssa"},{"id":"890745","latitude":"40.56666670","longitude":"22.59027780","name":"Kleid\u00ed"},{"id":"890747","latitude":"40.56666670","longitude":"22.59027780","name":"Kleid\u00edon"},{"id":"890767","latitude":"40.56666670","longitude":"22.59027780","name":"Klidh\u00ed"},{"id":"890770","latitude":"40.56666670","longitude":"22.59027780","name":"Klidh\u00edon"},{"id":"890960","latitude":"40.41777780","longitude":"22.23333330","name":"K\u00f3kkova"},{"id":"890975","latitude":"40.41777780","longitude":"22.23333330","name":"Kokovo"},{"id":"891096","latitude":"40.51861110","longitude":"22.16444440","name":"Komn\u00edneio"},{"id":"891097","latitude":"40.51861110","longitude":"22.16444440","name":"Komn\u00edneion"},{"id":"891224","latitude":"40.63361110","longitude":"22.13027780","name":"Kopan\u00f3s"},{"id":"891294","latitude":"40.60000000","longitude":"22.50000000","name":"Korif\u00ed"},{"id":"891360","latitude":"40.60000000","longitude":"22.50000000","name":"Koryf\u00ed"},{"id":"891366","latitude":"40.65000000","longitude":"21.76666670","name":"Kosel\u00e9r"},{"id":"891408","latitude":"40.53694440","longitude":"22.13305560","name":"Kostokh\u00f3ri"},{"id":"891557","latitude":"40.54527780","longitude":"22.31805560","name":"Koulo\u00fara"},{"id":"891580","latitude":"40.51694440","longitude":"22.08777780","name":"Koumari\u00e1"},{"id":"891766","latitude":"40.53694440","longitude":"22.13305560","name":"Koutsoch\u00f3ri"},{"id":"891767","latitude":"40.53694440","longitude":"22.13305560","name":"Koutsoch\u00f3rion"},{"id":"891773","latitude":"40.53694440","longitude":"22.13305560","name":"Koutsokh\u00f3rion"},{"id":"891914","latitude":"40.55472220","longitude":"22.19916670","name":"Krevat\u00e1"},{"id":"891916","latitude":"40.55472220","longitude":"22.19916670","name":"Krevvat\u00e1s"},{"id":"891923","latitude":"40.68722220","longitude":"22.30222220","name":"Kr\u00eda Vr\u00edsi"},{"id":"891949","latitude":"40.63333330","longitude":"21.83333330","name":"Kr\u00edmsia"},{"id":"892070","latitude":"40.68722220","longitude":"22.30222220","name":"Kr\u00fda Vr\u00fdsi"},{"id":"892134","latitude":"40.48111110","longitude":"22.31361110","name":"K\u00fatles"},{"id":"892145","latitude":"40.57416670","longitude":"22.51805560","name":"Kydhon\u00e9a"},{"id":"892146","latitude":"40.51722220","longitude":"22.23833330","name":"Kydhonoch\u00f3ri"},{"id":"892147","latitude":"40.51722220","longitude":"22.23833330","name":"Kydhonoch\u00f3rion"},{"id":"892163","latitude":"40.55611110","longitude":"22.49361110","name":"Kyps\u00e9li"},{"id":"892478","latitude":"40.56416670","longitude":"22.20833330","name":"Lazarokh\u00f3ri"},{"id":"892480","latitude":"40.56416670","longitude":"22.20833330","name":"Lazoch\u00f3ri"},{"id":"892481","latitude":"40.56416670","longitude":"22.20833330","name":"Lazoch\u00f3rion"},{"id":"892482","latitude":"40.56416670","longitude":"22.20833330","name":"Lazokh\u00f3rion"},{"id":"892489","latitude":"40.65305560","longitude":"22.11833330","name":"Lefk\u00e1dia"},{"id":"892496","latitude":"40.42805560","longitude":"22.18527780","name":"Lefk\u00f3petra"},{"id":"892504","latitude":"40.63777780","longitude":"22.50305560","name":"Leianov\u00e9rgi"},{"id":"892505","latitude":"40.63777780","longitude":"22.50305560","name":"Leianov\u00e9rgion"},{"id":"892625","latitude":"40.65305560","longitude":"22.11833330","name":"Levk\u00e1dhia"},{"id":"892627","latitude":"40.65305560","longitude":"22.11833330","name":"Levk\u00e1dhi"},{"id":"892681","latitude":"40.42805560","longitude":"22.18527780","name":"Levk\u00f3petra"},{"id":"892706","latitude":"40.63777780","longitude":"22.50305560","name":"Lianov\u00e9rion"},{"id":"892707","latitude":"40.63777780","longitude":"22.50305560","name":"Lianov\u00e9ryi"},{"id":"892708","latitude":"40.63777780","longitude":"22.50305560","name":"Lianov\u00e9ryion"},{"id":"892809","latitude":"40.59888890","longitude":"22.24055560","name":"Likoyi\u00e1nnis"},{"id":"893246","latitude":"40.58833330","longitude":"22.39944440","name":"Loutr\u00f3s"},{"id":"893428","latitude":"40.55138890","longitude":"22.25000000","name":"Makroch\u00f3ri"},{"id":"893429","latitude":"40.55138890","longitude":"22.25000000","name":"Makroch\u00f3rion"},{"id":"893433","latitude":"40.55138890","longitude":"22.25000000","name":"Makrokh\u00f3ri"},{"id":"893435","latitude":"40.55138890","longitude":"22.25000000","name":"Makrokh\u00f3rion"},{"id":"893745","latitude":"40.69611110","longitude":"22.10083330","name":"Mar\u00edna"},{"id":"893825","latitude":"40.55027780","longitude":"22.02638890","name":"Maro\u00fasa"},{"id":"893923","latitude":"40.53527780","longitude":"22.23555560","name":"Mavrod\u00e9ndrion"},{"id":"894053","latitude":"40.56055560","longitude":"22.51194440","name":"M\u00e9ga Al\u00e1mboron"},{"id":"894190","latitude":"40.69194440","longitude":"22.01722220","name":"M\u00e9ga R\u00e9vma"},{"id":"894257","latitude":"40.51666670","longitude":"22.39527780","name":"Mel\u00edki"},{"id":"894455","latitude":"40.52750000","longitude":"22.26500000","name":"M\u00e9si"},{"id":"894565","latitude":"40.63333330","longitude":"21.83333330","name":"Mes\u00f3vounon"},{"id":"894566","latitude":"40.63333330","longitude":"21.83333330","name":"Mes\u00f3vounos"},{"id":"894707","latitude":"40.52750000","longitude":"22.26500000","name":"M\u00e9tsi"},{"id":"894772","latitude":"40.39611110","longitude":"22.15055560","name":"Mikr\u00e1 S\u00e1nda"},{"id":"894773","latitude":"40.39611110","longitude":"22.15055560","name":"Mikr\u00e1 S\u00e1nta"},{"id":"894783","latitude":"40.39611110","longitude":"22.15055560","name":"Mikr\u00ed S\u00e1ada"},{"id":"894784","latitude":"40.39611110","longitude":"22.15055560","name":"Mikr\u00ed S\u00e1nda"},{"id":"894785","latitude":"40.39611110","longitude":"22.15055560","name":"Mikr\u00ed S\u00e1nta"},{"id":"894793","latitude":"40.55138890","longitude":"22.25000000","name":"Mikrogo\u00fazi"},{"id":"894794","latitude":"40.55138890","longitude":"22.25000000","name":"Mikrogo\u00fazion"},{"id":"894829","latitude":"40.57416670","longitude":"22.51805560","name":"Mikr\u00f3n Al\u00e1mboron"},{"id":"895241","latitude":"40.61722220","longitude":"22.17694440","name":"Mon\u00f3spita"},{"id":"895379","latitude":"40.51722220","longitude":"22.23833330","name":"Moustal\u00ed"},{"id":"895380","latitude":"40.51722220","longitude":"22.23833330","name":"Moustali\u00f3n"},{"id":"895425","latitude":"40.51722220","longitude":"22.23833330","name":"Mustal\u00ed"},{"id":"895476","latitude":"40.62944440","longitude":"22.06805560","name":"N\u00e1ousa"},{"id":"895578","latitude":"40.57333330","longitude":"22.15138890","name":"N\u00e9a Ko\u00faklaina"},{"id":"895579","latitude":"40.57333330","longitude":"22.15138890","name":"N\u00e9a Ko\u00faklena"},{"id":"895587","latitude":"40.57277780","longitude":"22.23861110","name":"N\u00e9a Lik\u00f3yianni"},{"id":"895590","latitude":"40.57277780","longitude":"22.23861110","name":"N\u00e9a Lyk\u00f3gianni"},{"id":"895612","latitude":"40.58750000","longitude":"22.25027780","name":"N\u00e9a Nikom\u00eddeia"},{"id":"895613","latitude":"40.58750000","longitude":"22.25027780","name":"N\u00e9a Nikom\u00eddhia"},{"id":"895720","latitude":"40.66611110","longitude":"22.44583330","name":"Neoch\u00f3ri"},{"id":"895730","latitude":"40.55611110","longitude":"22.49361110","name":"Neoch\u00f3rion"},{"id":"895742","latitude":"40.60250000","longitude":"22.48722220","name":"Neochor\u00f3poulo"},{"id":"895744","latitude":"40.60250000","longitude":"22.48722220","name":"Neochor\u00f3poulon"},{"id":"895757","latitude":"40.50444440","longitude":"22.41361110","name":"Ne\u00f3kastro"},{"id":"895758","latitude":"40.50444440","longitude":"22.41361110","name":"Ne\u00f3kastron"},{"id":"895778","latitude":"40.66611110","longitude":"22.44583330","name":"Neokh\u00f3ri"},{"id":"895803","latitude":"40.55611110","longitude":"22.49361110","name":"Neokh\u00f3rion"},{"id":"895835","latitude":"40.60250000","longitude":"22.48722220","name":"Neokhor\u00f3poulon"},{"id":"895904","latitude":"40.59916670","longitude":"22.35361110","name":"N\u00e9on Skil\u00edtsi"},{"id":"895905","latitude":"40.59916670","longitude":"22.35361110","name":"N\u00e9on Skill\u00edtsion"},{"id":"895906","latitude":"40.59916670","longitude":"22.35361110","name":"N\u00e9on Skyll\u00edtsion"},{"id":"895912","latitude":"40.50166670","longitude":"22.25444440","name":"N\u00e9os \u00c1mmos"},{"id":"895923","latitude":"40.57277780","longitude":"22.23861110","name":"N\u00e9os Likoyiannis"},{"id":"895933","latitude":"40.53611110","longitude":"22.43361110","name":"N\u00e9os Pr\u00f3dhromos"},{"id":"895934","latitude":"40.53611110","longitude":"22.43361110","name":"N\u00e9os Pr\u00f3dromos"},{"id":"895988","latitude":"40.59416670","longitude":"22.45972220","name":"Nes\u00e1rion"},{"id":"896102","latitude":"40.59416670","longitude":"22.45972220","name":"Nis\u00e9lion"},{"id":"896103","latitude":"40.59416670","longitude":"22.45972220","name":"Nis\u00e9lli"},{"id":"896104","latitude":"40.59416670","longitude":"22.45972220","name":"Nis\u00e9llion"},{"id":"896107","latitude":"40.63694440","longitude":"22.38777780","name":"Nis\u00ed"},{"id":"896116","latitude":"40.63694440","longitude":"22.38777780","name":"Nis\u00edon"},{"id":"896459","latitude":"40.58972220","longitude":"22.33250000","name":"Palai\u00e1 Kav\u00e1sila"},{"id":"896466","latitude":"40.59888890","longitude":"22.24055560","name":"Palai\u00e1 Lik\u00f3yianni"},{"id":"896468","latitude":"40.59888890","longitude":"22.24055560","name":"Palai\u00e1 Lyk\u00f3gianni"},{"id":"896500","latitude":"40.59194440","longitude":"22.49527780","name":"Palaioch\u00f3ra"},{"id":"896502","latitude":"40.63611110","longitude":"22.49333330","name":"Palaioch\u00f3rion"},{"id":"896512","latitude":"40.63611110","longitude":"22.49333330","name":"Palaioch\u00f3ri"},{"id":"896555","latitude":"40.59194440","longitude":"22.49527780","name":"Palaiokh\u00f3ra"},{"id":"896567","latitude":"40.63611110","longitude":"22.49333330","name":"Palaiokh\u00f3rion"},{"id":"896659","latitude":"40.60666670","longitude":"22.32888890","name":"Palai\u00f3n Skill\u00edtsion"},{"id":"896660","latitude":"40.60666670","longitude":"22.32888890","name":"Palai\u00f3n Skyll\u00edtsion"},{"id":"896665","latitude":"40.65111110","longitude":"22.23305560","name":"Palai\u00f3n Zervoch\u00f3rion"},{"id":"896666","latitude":"40.65111110","longitude":"22.23305560","name":"Palai\u00f3n Zervokh\u00f3rion"},{"id":"896688","latitude":"40.60666670","longitude":"22.32888890","name":"Palai\u00f3 Skyll\u00edtsi"},{"id":"896691","latitude":"40.55083330","longitude":"22.39666670","name":"Palai\u00f3s Pr\u00f3dhromos"},{"id":"896700","latitude":"40.65111110","longitude":"22.23305560","name":"Palai\u00f3 Zervoch\u00f3ri"},{"id":"896719","latitude":"40.48055560","longitude":"22.34111110","name":"Palat\u00edtsia"},{"id":"897264","latitude":"40.56111110","longitude":"22.18611110","name":"Patr\u00edda"},{"id":"897272","latitude":"40.56111110","longitude":"22.18611110","name":"Patr\u00eds"},{"id":"897977","latitude":"40.66666670","longitude":"21.83333330","name":"P\u00edryoi"},{"id":"898113","latitude":"40.68722220","longitude":"22.30222220","name":"Pl\u00e1sna"},{"id":"898184","latitude":"40.56472220","longitude":"22.54944440","name":"Pl\u00e1tanos"},{"id":"898223","latitude":"40.64027780","longitude":"22.53388890","name":"Plat\u00ed"},{"id":"898243","latitude":"40.64027780","longitude":"22.53388890","name":"Plat\u00fd"},{"id":"898347","latitude":"40.41777780","longitude":"22.23333330","name":"Pol\u00eddhendhron"},{"id":"898351","latitude":"40.41777780","longitude":"22.23333330","name":"Polidh\u00e9ndri"},{"id":"898357","latitude":"40.41777780","longitude":"22.23333330","name":"Pol\u00eddhendron"},{"id":"898399","latitude":"40.68250000","longitude":"22.19138890","name":"Polipl\u00e1tanon"},{"id":"898401","latitude":"40.68250000","longitude":"22.19138890","name":"Polipl\u00e1tanos"},{"id":"898429","latitude":"40.71694440","longitude":"22.08722220","name":"Poll\u00e1 Ner\u00e1"},{"id":"898434","latitude":"40.41777780","longitude":"22.23333330","name":"Pol\u00fddendron"},{"id":"898435","latitude":"40.41777780","longitude":"22.23333330","name":"Pol\u00fddendro"},{"id":"898463","latitude":"40.68250000","longitude":"22.19138890","name":"Polypl\u00e1tanos"},{"id":"898647","latitude":"40.56833330","longitude":"22.36527780","name":"Pozar\u00edtai"},{"id":"898670","latitude":"40.56055560","longitude":"22.51194440","name":"Prasin\u00e1da"},{"id":"898673","latitude":"40.56055560","longitude":"22.51194440","name":"Prasin\u00e1dha"},{"id":"898740","latitude":"40.55083330","longitude":"22.39666670","name":"Pr\u00f3dhromos"},{"id":"898752","latitude":"40.55083330","longitude":"22.39666670","name":"Pr\u00f3dromos"},{"id":"898988","latitude":"40.48055560","longitude":"22.20833330","name":"R\u00e1chi"},{"id":"899042","latitude":"40.48055560","longitude":"22.20833330","name":"Rakhi\u00e1"},{"id":"899045","latitude":"40.48055560","longitude":"22.20833330","name":"R\u00e1khi"},{"id":"899061","latitude":"40.48055560","longitude":"22.20833330","name":"R\u00e1khova"},{"id":"899092","latitude":"40.55972220","longitude":"22.34916670","name":"Rapsoman\u00edkion"},{"id":"899093","latitude":"40.55972220","longitude":"22.34916670","name":"Rapsoman\u00edki"},{"id":"899151","latitude":"40.62000000","longitude":"22.40388890","name":"R\u00e9siani"},{"id":"899268","latitude":"40.34722220","longitude":"22.20361110","name":"Riz\u00f3mata"},{"id":"899293","latitude":"40.65222220","longitude":"22.07777780","name":"Rodakin\u00e9a"},{"id":"899294","latitude":"40.65222220","longitude":"22.07777780","name":"Rodakini\u00e1"},{"id":"899319","latitude":"40.69194440","longitude":"22.01722220","name":"Rodhokh\u00f3rion"},{"id":"899337","latitude":"40.69194440","longitude":"22.01722220","name":"Rodoch\u00f3rion"},{"id":"899338","latitude":"40.69194440","longitude":"22.01722220","name":"Rodoch\u00f3ri"},{"id":"899491","latitude":"40.53333330","longitude":"22.31666670","name":"S\u00e1dena"},{"id":"899492","latitude":"40.53333330","longitude":"22.31666670","name":"S\u00e1dhena"},{"id":"899713","latitude":"40.64888890","longitude":"22.43305560","name":"Schoin\u00e1s"},{"id":"899885","latitude":"40.38194440","longitude":"22.20194440","name":"Sfiki\u00e1"},{"id":"899978","latitude":"40.45027780","longitude":"22.37388890","name":"Sik\u00e9a"},{"id":"899993","latitude":"40.45027780","longitude":"22.37388890","name":"Siki\u00e1"},{"id":"900128","latitude":"40.54833330","longitude":"22.42138890","name":"Sinoikism\u00f3s Kirkas\u00edon"},{"id":"900440","latitude":"40.64888890","longitude":"22.43305560","name":"Skhoin\u00e1"},{"id":"900441","latitude":"40.64888890","longitude":"22.43305560","name":"Skhoin\u00e1s"},{"id":"900466","latitude":"40.60666670","longitude":"22.32888890","name":"Skil\u00edtsi"},{"id":"900919","latitude":"40.40861110","longitude":"22.30472220","name":"Spourl\u00edta"},{"id":"901023","latitude":"40.58888890","longitude":"22.30861110","name":"Stavr\u00f3s"},{"id":"901083","latitude":"40.60305560","longitude":"22.12694440","name":"Sten\u00edmachos"},{"id":"901084","latitude":"40.60305560","longitude":"22.12694440","name":"Sten\u00edmakhos"},{"id":"901282","latitude":"40.45027780","longitude":"22.37388890","name":"Syk\u00e9a"},{"id":"901287","latitude":"40.45027780","longitude":"22.37388890","name":"Syki\u00e1"},{"id":"901325","latitude":"40.56444440","longitude":"22.22055560","name":"Tagaroch\u00f3rion"},{"id":"901326","latitude":"40.56444440","longitude":"22.22055560","name":"Tagaroch\u00f3ri"},{"id":"901327","latitude":"40.56444440","longitude":"22.22055560","name":"Tagarokh\u00f3rion"},{"id":"901328","latitude":"40.56444440","longitude":"22.22055560","name":"Tagarokh\u00f3ri"},{"id":"901415","latitude":"40.56444440","longitude":"22.22055560","name":"Teram\u00f3nion"},{"id":"901661","latitude":"40.46694440","longitude":"22.16111110","name":"T\u00f3pliani"},{"id":"901707","latitude":"40.56111110","longitude":"22.18611110","name":"Tourkokh\u00f3rion"},{"id":"901709","latitude":"40.56111110","longitude":"22.18611110","name":"Tourkokh\u00f3ri"},{"id":"901840","latitude":"40.59805560","longitude":"22.55666670","name":"Tr\u00edkala"},{"id":"901849","latitude":"40.60888890","longitude":"22.36916670","name":"Trikhov\u00edsta"},{"id":"901852","latitude":"40.59805560","longitude":"22.55666670","name":"Tr\u00edkkala"},{"id":"901872","latitude":"40.54722220","longitude":"22.45250000","name":"Trilof\u00eda"},{"id":"901874","latitude":"40.57333330","longitude":"22.15138890","name":"Tr\u00edlofon"},{"id":"901880","latitude":"40.57333330","longitude":"22.15138890","name":"Tr\u00edlofo"},{"id":"901918","latitude":"40.48916670","longitude":"22.17472220","name":"Trip\u00f3tamos"},{"id":"902141","latitude":"40.56472220","longitude":"22.54944440","name":"Tsin\u00e1foron"},{"id":"902273","latitude":"40.68027780","longitude":"22.57527780","name":"Tzima\u00edika"},{"id":"902419","latitude":"40.68055560","longitude":"22.25194440","name":"V\u00e1ltos"},{"id":"902546","latitude":"40.49277780","longitude":"22.24333330","name":"Varv\u00e1rai"},{"id":"902551","latitude":"40.49277780","longitude":"22.24333330","name":"Varv\u00e1res"},{"id":"902846","latitude":"40.48111110","longitude":"22.31361110","name":"Verg\u00edna"},{"id":"902849","latitude":"40.48111110","longitude":"22.31361110","name":"Veria"},{"id":"902860","latitude":"40.52333330","longitude":"22.20361110","name":"V\u00e9roia"},{"id":"902863","latitude":"40.52333330","longitude":"22.20361110","name":"V\u00e9rroia"},{"id":"902877","latitude":"40.48111110","longitude":"22.31361110","name":"Very\u00edna"},{"id":"902890","latitude":"40.68250000","longitude":"22.19138890","name":"V\u00e9stitsa"},{"id":"902894","latitude":"40.67833330","longitude":"22.19916670","name":"Vet\u00edsta"},{"id":"903424","latitude":"40.62000000","longitude":"22.40388890","name":"Vris\u00e1kion"},{"id":"903425","latitude":"40.62000000","longitude":"22.40388890","name":"Vris\u00e1ki"},{"id":"903470","latitude":"40.49027780","longitude":"22.12111110","name":"Vromop\u00edgadho"},{"id":"903471","latitude":"40.49027780","longitude":"22.12111110","name":"Vromop\u00edgadon"},{"id":"903472","latitude":"40.49027780","longitude":"22.12111110","name":"Vromop\u00edgado"},{"id":"903520","latitude":"40.62000000","longitude":"22.40388890","name":"Vrys\u00e1kion"},{"id":"903521","latitude":"40.62000000","longitude":"22.40388890","name":"Vrys\u00e1ki"},{"id":"903550","latitude":"40.56944440","longitude":"22.33888890","name":"Xechasm\u00e9ni"},{"id":"903553","latitude":"40.56944440","longitude":"22.33888890","name":"Xekhasm\u00e9ni"},{"id":"903659","latitude":"40.46194440","longitude":"22.07472220","name":"Xirol\u00edvadhon"},{"id":"903661","latitude":"40.46194440","longitude":"22.07472220","name":"Xirol\u00edvadon"},{"id":"903662","latitude":"40.46194440","longitude":"22.07472220","name":"Xirol\u00edvado"},{"id":"903709","latitude":"40.67194440","longitude":"22.05611110","name":"Yann\u00e1kovon"},{"id":"903779","latitude":"40.46694440","longitude":"22.16111110","name":"Yeoryiano\u00ed"},{"id":"903812","latitude":"40.51444440","longitude":"22.38722220","name":"Yer\u00e1ki"},{"id":"903882","latitude":"40.67194440","longitude":"22.05611110","name":"Yiannakokh\u00f3rion"},{"id":"903883","latitude":"40.67194440","longitude":"22.05611110","name":"Yiannakokh\u00f3ri"},{"id":"903897","latitude":"40.60111110","longitude":"22.19416670","name":"Yi\u00e1nnissa"},{"id":"903932","latitude":"40.62666670","longitude":"22.44416670","name":"Yidh\u00e1s"},{"id":"903933","latitude":"40.62666670","longitude":"22.44416670","name":"Yidh\u00e1"},{"id":"904125","latitude":"40.65111110","longitude":"22.23305560","name":"Zervokh\u00f3ri"}]