[{"id":"881154","latitude":"37.69833330","longitude":"26.61861110","name":"Ag\u00eda Kyriak\u00ed"},{"id":"881171","latitude":"37.77916670","longitude":"26.99333330","name":"Ag\u00eda Paraskev\u00ed"},{"id":"881193","latitude":"37.75111110","longitude":"27.00555560","name":"Ag\u00eda Z\u00f3ni"},{"id":"881207","latitude":"37.74722220","longitude":"26.72861110","name":"\u00c1gioi The\u00f3dori"},{"id":"881243","latitude":"37.80861110","longitude":"26.73888890","name":"\u00c1gios Dim\u00edtrios"},{"id":"881263","latitude":"37.80666670","longitude":"26.73222220","name":"\u00c1gios Il\u00edas"},{"id":"881275","latitude":"37.61472220","longitude":"26.29444440","name":"\u00c1gios K\u00edrykos"},{"id":"881276","latitude":"37.80583330","longitude":"26.81527780","name":"\u00c1gios Konstant\u00ednos"},{"id":"881295","latitude":"37.77805560","longitude":"26.67333330","name":"Agios Panteleimon"},{"id":"881821","latitude":"37.71916670","longitude":"27.00027780","name":"Alyk\u00ed"},{"id":"881831","latitude":"37.55000000","longitude":"26.00000000","name":"Amal\u00f3"},{"id":"881832","latitude":"37.55000000","longitude":"26.00000000","name":"Am\u00e1lon"},{"id":"881912","latitude":"37.80111110","longitude":"26.80333330","name":"\u00c1mbelos"},{"id":"882034","latitude":"37.80111110","longitude":"26.80333330","name":"\u00c1mpelos"},{"id":"882204","latitude":"37.61472220","longitude":"26.29444440","name":"Angeriko"},{"id":"882256","latitude":"37.80277780","longitude":"26.81222220","name":"\u00c1no \u00c1gios Konstant\u00ednos"},{"id":"882620","latitude":"37.75000000","longitude":"26.98333330","name":"\u00c1no Vath\u00ed"},{"id":"883014","latitude":"37.63333330","longitude":"26.08333330","name":"Armenist\u00ed"},{"id":"883015","latitude":"37.63333330","longitude":"26.08333330","name":"Armenist\u00eds"},{"id":"883383","latitude":"37.79750000","longitude":"26.85916670","name":"Avl\u00e1kia"},{"id":"883487","latitude":"37.69833330","longitude":"26.61861110","name":"Ay\u00eda Kiriak\u00ed"},{"id":"883793","latitude":"37.61472220","longitude":"26.29444440","name":"\u00c1yios K\u00edrikos"},{"id":"883809","latitude":"37.80583330","longitude":"26.81527780","name":"\u00c1yios Konstand\u00ednos"},{"id":"884584","latitude":"37.79916670","longitude":"26.75083330","name":"Chatzistamo\u00falides"},{"id":"884643","latitude":"37.70361110","longitude":"26.90555560","name":"Ch\u00f3ra"},{"id":"884649","latitude":"37.79750000","longitude":"26.85916670","name":"Chori\u00f3 Avl\u00e1kia"},{"id":"884651","latitude":"37.66388890","longitude":"26.88250000","name":"Chori\u00f3 Ira\u00edon"},{"id":"884654","latitude":"37.70972220","longitude":"27.04694440","name":"Chori\u00f3 Kl\u00edma"},{"id":"884659","latitude":"37.67972220","longitude":"26.86111110","name":"Chori\u00f3 M\u00fdloi"},{"id":"884661","latitude":"37.69944440","longitude":"26.74611110","name":"Chori\u00f3 \u00d3rmos Kouma\u00ed\u00efkon"},{"id":"884662","latitude":"37.71083330","longitude":"26.70000000","name":"Chori\u00f3 \u00d3rmos Marathok\u00e1mpou"},{"id":"884663","latitude":"37.68666670","longitude":"26.91888890","name":"Chori\u00f3 Potok\u00e1ki"},{"id":"884665","latitude":"37.70861110","longitude":"27.01805560","name":"Chori\u00f3 Psil\u00ed \u00c1mmos"},{"id":"884666","latitude":"37.79861110","longitude":"26.70611110","name":"Chori\u00f3 R\u00edva"},{"id":"884667","latitude":"37.67861110","longitude":"26.80138890","name":"Chori\u00f3 Spathara\u00edoi"},{"id":"885634","latitude":"37.75722220","longitude":"26.60722220","name":"Draka\u00edoi"},{"id":"886145","latitude":"37.61666670","longitude":"26.18333330","name":"\u00c9vdhilos"},{"id":"886452","latitude":"37.75888890","longitude":"26.94638890","name":"Fl\u00f3ka"},{"id":"886563","latitude":"37.77944440","longitude":"26.75166670","name":"Fo\u00farnoi"},{"id":"887088","latitude":"37.70972220","longitude":"26.74972220","name":"Goum\u00e9\u00efka"},{"id":"887385","latitude":"37.77944440","longitude":"26.75166670","name":"Idhro\u00fassna"},{"id":"887485","latitude":"37.66388890","longitude":"26.88250000","name":"Ira\u00edo"},{"id":"887486","latitude":"37.66388890","longitude":"26.88250000","name":"Ira\u00edon"},{"id":"887679","latitude":"37.73333330","longitude":"26.58333330","name":"Kalab\u00e1ktasi"},{"id":"887680","latitude":"37.73333330","longitude":"26.58333330","name":"Kalabaktasion"},{"id":"887736","latitude":"37.76777780","longitude":"26.96694440","name":"Kal\u00e1mion"},{"id":"887760","latitude":"37.53333330","longitude":"26.00000000","name":"K\u00e1lamos"},{"id":"888037","latitude":"37.73333330","longitude":"26.58333330","name":"Kallith\u00e9a"},{"id":"888223","latitude":"37.76138890","longitude":"27.00972220","name":"Kam\u00e1ra"},{"id":"888298","latitude":"37.68472220","longitude":"26.75916670","name":"K\u00e1mbos"},{"id":"888354","latitude":"37.68472220","longitude":"26.75916670","name":"K\u00e1mpos"},{"id":"888764","latitude":"37.51666670","longitude":"26.01666670","name":"Karkin\u00e1grion"},{"id":"888769","latitude":"37.79027780","longitude":"26.70444440","name":"Karlovasi"},{"id":"888928","latitude":"37.75444440","longitude":"26.67722220","name":"Kastan\u00e9a"},{"id":"889790","latitude":"37.76972220","longitude":"26.91972220","name":"K\u00e9dron"},{"id":"890255","latitude":"37.79916670","longitude":"26.75083330","name":"Khatzistamo\u00falides"},{"id":"890372","latitude":"37.70361110","longitude":"26.90555560","name":"Kh\u00f3ra"},{"id":"890513","latitude":"37.70972220","longitude":"26.74972220","name":"Khuma\u00efka"},{"id":"890666","latitude":"37.61472220","longitude":"26.29444440","name":"K\u00edrikos"},{"id":"890787","latitude":"37.70972220","longitude":"27.04694440","name":"Kl\u00edma"},{"id":"890874","latitude":"37.77638890","longitude":"26.89388890","name":"Kokari"},{"id":"890887","latitude":"37.77638890","longitude":"26.89388890","name":"Kokk\u00e1ri"},{"id":"890888","latitude":"37.77638890","longitude":"26.89388890","name":"Kokk\u00e1rion"},{"id":"891205","latitude":"37.75527780","longitude":"26.73833330","name":"Konta\u00ed\u00efka"},{"id":"891206","latitude":"37.80138890","longitude":"26.74555560","name":"Kontaka\u00ed\u00efka"},{"id":"891380","latitude":"37.75916670","longitude":"26.66000000","name":"Kosmada\u00edoi"},{"id":"891571","latitude":"37.70972220","longitude":"26.74972220","name":"Kouma\u00ed\u00efka"},{"id":"891577","latitude":"37.70472220","longitude":"26.83944440","name":"Koumarada\u00edoi"},{"id":"891602","latitude":"37.70972220","longitude":"26.74972220","name":"Koum\u00e9\u00efka"},{"id":"891624","latitude":"37.58333330","longitude":"26.01666670","name":"Kouni\u00e1dhoi"},{"id":"891758","latitude":"37.71611110","longitude":"26.78222220","name":"Ko\u00fatsi"},{"id":"892357","latitude":"37.55000000","longitude":"26.01666670","name":"Lang\u00e1dha"},{"id":"892512","latitude":"37.77333330","longitude":"26.68583330","name":"L\u00e9ka"},{"id":"892818","latitude":"37.75722220","longitude":"26.97694440","name":"Liman Vath\u00e9os"},{"id":"892828","latitude":"37.75722220","longitude":"26.97694440","name":"Lim\u00e9n Vath\u00e9os"},{"id":"892841","latitude":"37.75722220","longitude":"26.97694440","name":"Lim\u00edn Vath\u00e9os"},{"id":"892869","latitude":"37.65888890","longitude":"26.78083330","name":"Limnon\u00e1ki"},{"id":"892979","latitude":"37.80833330","longitude":"26.79472220","name":"Livad\u00e1ki"},{"id":"893616","latitude":"37.56666670","longitude":"26.11666670","name":"Mangan\u00edtis"},{"id":"893647","latitude":"37.78444440","longitude":"26.82861110","name":"Manol\u00e1tes"},{"id":"893696","latitude":"37.72638890","longitude":"26.69000000","name":"Marathocampos"},{"id":"893697","latitude":"37.72638890","longitude":"26.69000000","name":"Marath\u00f3kambos"},{"id":"893698","latitude":"37.72638890","longitude":"26.69000000","name":"Marathok\u00e1mbou"},{"id":"893699","latitude":"37.72638890","longitude":"26.69000000","name":"Marath\u00f3kampos"},{"id":"893909","latitude":"37.71805560","longitude":"26.86194440","name":"Mavratza\u00edoi"},{"id":"894409","latitude":"37.79250000","longitude":"26.69666670","name":"Mesa\u00edon Karlov\u00e1sion"},{"id":"894479","latitude":"37.72722220","longitude":"26.82222220","name":"Mes\u00f3geion"},{"id":"894482","latitude":"37.71361110","longitude":"26.97555560","name":"Mes\u00f3kampos"},{"id":"894522","latitude":"37.79250000","longitude":"26.69666670","name":"M\u00e9son Karl\u00f3vasi"},{"id":"894570","latitude":"37.72722220","longitude":"26.82222220","name":"Mes\u00f3yion"},{"id":"895099","latitude":"37.72861110","longitude":"26.90833330","name":"Mitilinio\u00ed"},{"id":"895100","latitude":"37.72861110","longitude":"26.90833330","name":"Mitilino\u00ed"},{"id":"895356","latitude":"37.75805560","longitude":"27.02444440","name":"Mourti\u00e1"},{"id":"895437","latitude":"37.67972220","longitude":"26.86111110","name":"M\u00fdloi"},{"id":"895464","latitude":"37.72861110","longitude":"26.90833330","name":"Mytilinio\u00ed"},{"id":"895739","latitude":"37.70666670","longitude":"26.77138890","name":"Neoch\u00f3rion"},{"id":"895859","latitude":"37.79027780","longitude":"26.70444440","name":"N\u00e9on Karl\u00f3vasi"},{"id":"895860","latitude":"37.79027780","longitude":"26.70444440","name":"N\u00e9on Karlov\u00e1sion"},{"id":"896071","latitude":"37.77222220","longitude":"26.65888890","name":"Nikolo\u00fades"},{"id":"896321","latitude":"37.75166670","longitude":"26.59222220","name":"\u00d3rmos \u00c1gios Is\u00eddoros"},{"id":"896322","latitude":"37.75166670","longitude":"26.59222220","name":"\u00d3rmos Ag\u00edou Isid\u00f3rou"},{"id":"896327","latitude":"37.69944440","longitude":"26.74611110","name":"\u00d3rmos Kouma\u00ed\u00efkon"},{"id":"896328","latitude":"37.71083330","longitude":"26.70000000","name":"\u00d3rmos Marathok\u00e1mpou"},{"id":"896331","latitude":"37.79861110","longitude":"26.70611110","name":"\u00d3rmos"},{"id":"896420","latitude":"37.67277780","longitude":"26.83194440","name":"Pag\u00f3ndas"},{"id":"896421","latitude":"37.67277780","longitude":"26.83194440","name":"Pag\u00f3ndhas"},{"id":"896509","latitude":"37.69277780","longitude":"26.58805560","name":"Palaioch\u00f3rion"},{"id":"896537","latitude":"37.73805560","longitude":"27.00055560","name":"Palai\u00f3kastron"},{"id":"896644","latitude":"37.79027780","longitude":"26.68388890","name":"Palai\u00f3n Karlov\u00e1sion"},{"id":"896752","latitude":"37.69277780","longitude":"26.58805560","name":"Palioch\u00f3ri"},{"id":"896965","latitude":"37.73083330","longitude":"26.82944440","name":"P\u00e1ndroson"},{"id":"897583","latitude":"37.67555560","longitude":"26.76916670","name":"P\u00e9rri"},{"id":"897787","latitude":"37.77944440","longitude":"26.75166670","name":"Phurnui"},{"id":"897941","latitude":"37.71166670","longitude":"26.80416670","name":"P\u00edrgos"},{"id":"898014","latitude":"37.69194440","longitude":"26.94833330","name":"Pithag\u00f3rion"},{"id":"898200","latitude":"37.73833330","longitude":"26.74527780","name":"Pl\u00e1tanos"},{"id":"898550","latitude":"37.75722220","longitude":"26.97694440","name":"Port Vathi"},{"id":"898552","latitude":"37.71416670","longitude":"27.05916670","name":"Poseid\u00f3nion"},{"id":"898553","latitude":"37.71416670","longitude":"27.05916670","name":"Poseid\u00f3nio"},{"id":"898581","latitude":"37.78944440","longitude":"26.66638890","name":"Pot\u00e1mi"},{"id":"898601","latitude":"37.68666670","longitude":"26.91888890","name":"Potok\u00e1ki"},{"id":"898708","latitude":"37.73333330","longitude":"26.58333330","name":"Prini\u00e1s"},{"id":"898895","latitude":"37.70861110","longitude":"27.01805560","name":"Psil\u00ed \u00c1mmos"},{"id":"898976","latitude":"37.71166670","longitude":"26.80416670","name":"P\u00fdrgos"},{"id":"898981","latitude":"37.69194440","longitude":"26.94833330","name":"Pythag\u00f3reion"},{"id":"898982","latitude":"37.69194440","longitude":"26.94833330","name":"Pythag\u00f3reio"},{"id":"899225","latitude":"37.79861110","longitude":"26.70611110","name":"R\u00edva"},{"id":"899519","latitude":"37.75027780","longitude":"26.71611110","name":"Sakkoula\u00ed\u00efka"},{"id":"899564","latitude":"37.62861110","longitude":"26.79138890","name":"Samiopo\u00fala"},{"id":"899571","latitude":"37.75722220","longitude":"26.97694440","name":"S\u00e1mos"},{"id":"899843","latitude":"37.74138890","longitude":"26.71555560","name":"Sevasta\u00ed\u00efka"},{"id":"900604","latitude":"37.69250000","longitude":"26.77416670","name":"Skoura\u00edika"},{"id":"900609","latitude":"37.69250000","longitude":"26.77416670","name":"Skour\u00e9\u00efka"},{"id":"900784","latitude":"37.75583330","longitude":"26.71583330","name":"Sour\u00eddes"},{"id":"900857","latitude":"37.67861110","longitude":"26.80138890","name":"Spathara\u00edoi"},{"id":"900978","latitude":"37.79611110","longitude":"26.81250000","name":"Stavrin\u00eddes"},{"id":"901393","latitude":"37.69194440","longitude":"26.94833330","name":"Teg\u00e1nion"},{"id":"901603","latitude":"37.69194440","longitude":"26.94833330","name":"Tig\u00e1nian"},{"id":"901604","latitude":"37.69194440","longitude":"26.94833330","name":"Tig\u00e1nion"},{"id":"902368","latitude":"37.79222220","longitude":"26.82888890","name":"Valeont\u00e1des"},{"id":"902677","latitude":"37.75000000","longitude":"26.98333330","name":"Vath\u00ed"},{"id":"902680","latitude":"37.75722220","longitude":"26.97694440","name":"Vathy harbor"},{"id":"902691","latitude":"37.75000000","longitude":"26.98333330","name":"Vath\u00fd"},{"id":"903211","latitude":"37.70777780","longitude":"26.66916670","name":"Votsal\u00e1kia"},{"id":"903281","latitude":"37.78333330","longitude":"26.85000000","name":"Vourli\u00f3tai"},{"id":"903282","latitude":"37.78333330","longitude":"26.85000000","name":"Vourli\u00f3tes"},{"id":"903351","latitude":"37.56666670","longitude":"26.00000000","name":"Vrak\u00e1dhes"},{"id":"903519","latitude":"37.79833330","longitude":"26.73833330","name":"Vr\u00fdsai"},{"id":"903606","latitude":"37.60000000","longitude":"26.25000000","name":"Xilos\u00edrtis"},{"id":"903721","latitude":"37.77944440","longitude":"26.75166670","name":"Ydro\u00fassa"},{"id":"904128","latitude":"37.73527780","longitude":"26.94500000","name":"Zervo\u00fa"}]