[{"id":"881319","latitude":"38.53333330","longitude":"22.10000000","name":"Aglav\u00edsta"},{"id":"881320","latitude":"38.53333330","longitude":"22.10000000","name":"Aglav\u00edtsa"},{"id":"881321","latitude":"38.53333330","longitude":"22.10000000","name":"Agloudh\u00edsta"},{"id":"881502","latitude":"38.48333330","longitude":"22.16666670","name":"Aiy\u00edtion"},{"id":"881674","latitude":"38.56666670","longitude":"22.01666670","name":"Alepokh\u00f3rion"},{"id":"881805","latitude":"38.56666670","longitude":"22.01666670","name":"Alpokh\u00f3ri"},{"id":"881809","latitude":"38.56666670","longitude":"22.01666670","name":"Alpokh\u00f3rion"},{"id":"881926","latitude":"38.52500000","longitude":"22.37305560","name":"\u00c1mfissa"},{"id":"881937","latitude":"38.41666670","longitude":"22.21666670","name":"Amigdhal\u00e9a"},{"id":"881947","latitude":"38.41666670","longitude":"22.21666670","name":"Amigdhali\u00e1"},{"id":"882385","latitude":"38.70000000","longitude":"22.35000000","name":"\u00c1no K\u00e1niani"},{"id":"882498","latitude":"38.70000000","longitude":"22.18333330","name":"\u00c1no Mouson\u00edtsa"},{"id":"882499","latitude":"38.70000000","longitude":"22.18333330","name":"\u00c1no Mousoun\u00edtsa"},{"id":"882506","latitude":"38.48333330","longitude":"22.05000000","name":"Ano Palaeoxari"},{"id":"882510","latitude":"38.48333330","longitude":"22.05000000","name":"\u00c1no Palaiox\u00e1ri"},{"id":"882511","latitude":"38.48333330","longitude":"22.05000000","name":"\u00c1no Palaiox\u00e1rion"},{"id":"883406","latitude":"38.50000000","longitude":"22.13333330","name":"\u00c1voros"},{"id":"883462","latitude":"38.48333330","longitude":"22.36666670","name":"Ay\u00eda Evthim\u00eda"},{"id":"883800","latitude":"38.50000000","longitude":"22.38333330","name":"\u00c1yios Konstand\u00ednos"},{"id":"883965","latitude":"38.51666670","longitude":"22.38333330","name":"\u00c1yios Ye\u00f3ryios"},{"id":"884902","latitude":"38.63333330","longitude":"22.10000000","name":"Dh\u00e1fnos"},{"id":"885050","latitude":"38.70000000","longitude":"22.28333330","name":"Dhermiss\u00e1"},{"id":"885084","latitude":"38.60000000","longitude":"22.11666670","name":"Dhiak\u00f3pi"},{"id":"885086","latitude":"38.60000000","longitude":"22.11666670","name":"Dhiak\u00f3pion"},{"id":"885135","latitude":"38.65000000","longitude":"22.06666670","name":"Dhikh\u00f3rion"},{"id":"885390","latitude":"38.70000000","longitude":"22.28333330","name":"Dhr\u00e9misa"},{"id":"885398","latitude":"38.60000000","longitude":"22.05000000","name":"Dhr\u00e9stena"},{"id":"885788","latitude":"38.55000000","longitude":"22.41666670","name":"Elai\u00f3n"},{"id":"886141","latitude":"38.70000000","longitude":"22.41666670","name":"Evangel\u00edstria"},{"id":"886723","latitude":"38.38333330","longitude":"22.38333330","name":"Galax\u00eddhion"},{"id":"886724","latitude":"38.38333330","longitude":"22.38333330","name":"Galaxidi"},{"id":"887201","latitude":"38.60000000","longitude":"22.11666670","name":"Gran\u00edtsa"},{"id":"887214","latitude":"38.66666670","longitude":"22.43333330","name":"Gravi\u00e1"},{"id":"887558","latitude":"38.43333330","longitude":"22.41666670","name":"It\u00e9a"},{"id":"887998","latitude":"38.55000000","longitude":"22.16666670","name":"K\u00e1llion"},{"id":"888135","latitude":"38.45000000","longitude":"22.36666670","name":"Kalopetin\u00edtsa"},{"id":"888142","latitude":"38.68333330","longitude":"22.33333330","name":"Kaloskop\u00ed"},{"id":"888158","latitude":"38.58333330","longitude":"22.41666670","name":"Kalov\u00e1tai"},{"id":"888159","latitude":"38.58333330","longitude":"22.41666670","name":"Kalov\u00e1tes"},{"id":"888796","latitude":"38.53333330","longitude":"22.26666670","name":"Karo\u00fatai"},{"id":"888797","latitude":"38.53333330","longitude":"22.26666670","name":"Karo\u00fatais"},{"id":"888799","latitude":"38.53333330","longitude":"22.26666670","name":"Karo\u00fatia"},{"id":"888966","latitude":"38.70000000","longitude":"22.41666670","name":"Kast\u00e9lli"},{"id":"888973","latitude":"38.70000000","longitude":"22.41666670","name":"Kast\u00e9llion"},{"id":"889452","latitude":"38.68333330","longitude":"22.20000000","name":"K\u00e1to Mouson\u00edtsa"},{"id":"889453","latitude":"38.68333330","longitude":"22.20000000","name":"K\u00e1to Mousoun\u00edtsa"},{"id":"889470","latitude":"38.48333330","longitude":"22.03333330","name":"K\u00e1to Palaiox\u00e1ri"},{"id":"889471","latitude":"38.48333330","longitude":"22.03333330","name":"K\u00e1to Palaiox\u00e1rion"},{"id":"890539","latitude":"38.56666670","longitude":"22.15000000","name":"Ki\u00edma"},{"id":"890684","latitude":"38.70000000","longitude":"22.41666670","name":"Kisamo Kasteli"},{"id":"890777","latitude":"38.56666670","longitude":"22.15000000","name":"Kl\u00edma Ia\u00edas"},{"id":"890783","latitude":"38.56666670","longitude":"22.15000000","name":"Kl\u00edma"},{"id":"890928","latitude":"38.55000000","longitude":"22.11666670","name":"K\u00f3kkinon"},{"id":"890941","latitude":"38.55000000","longitude":"22.11666670","name":"K\u00f3kkinos"},{"id":"891046","latitude":"38.58333330","longitude":"22.41666670","name":"Kolov\u00e1tais"},{"id":"891169","latitude":"38.63333330","longitude":"22.18333330","name":"Koni\u00e1kos"},{"id":"891402","latitude":"38.65000000","longitude":"22.06666670","name":"Kostar\u00edtsa"},{"id":"891536","latitude":"38.68333330","longitude":"22.33333330","name":"Koukouv\u00edsta"},{"id":"891568","latitude":"38.58333330","longitude":"22.41666670","name":"Koulov\u00e1tai"},{"id":"891625","latitude":"38.63333330","longitude":"22.18333330","name":"Kouni\u00e1koi"},{"id":"891637","latitude":"38.53333330","longitude":"22.03333330","name":"Koupaki"},{"id":"891638","latitude":"38.53333330","longitude":"22.03333330","name":"Koup\u00e1kion"},{"id":"892042","latitude":"38.55000000","longitude":"22.06666670","name":"Krok\u00edlion"},{"id":"892631","latitude":"38.61666670","longitude":"22.20000000","name":"Levkadh\u00edti"},{"id":"892632","latitude":"38.61666670","longitude":"22.20000000","name":"Levkadh\u00edtion"},{"id":"892639","latitude":"38.48333330","longitude":"22.18333330","name":"L\u00e9vka"},{"id":"892734","latitude":"38.52388890","longitude":"22.19972220","name":"Lidhor\u00edkion"},{"id":"892736","latitude":"38.52388890","longitude":"22.19972220","name":"Lidor\u00edki"},{"id":"892737","latitude":"38.52388890","longitude":"22.19972220","name":"Lidor\u00edkion"},{"id":"893259","latitude":"38.55000000","longitude":"22.11666670","name":"Lo\u00fatsovos"},{"id":"893402","latitude":"38.43333330","longitude":"22.11666670","name":"Makrin\u00ed"},{"id":"893414","latitude":"38.43333330","longitude":"22.11666670","name":"M\u00e1krisa"},{"id":"893417","latitude":"38.43333330","longitude":"22.11666670","name":"M\u00e1krisi"},{"id":"893467","latitude":"38.45000000","longitude":"22.23333330","name":"Malandr\u00ednon"},{"id":"893748","latitude":"38.65000000","longitude":"22.46666670","name":"Mariol\u00e1ta"},{"id":"893842","latitude":"38.65000000","longitude":"22.46666670","name":"Maryiol\u00e1ta"},{"id":"894216","latitude":"38.45000000","longitude":"22.23333330","name":"Melandhr\u00ednon"},{"id":"894910","latitude":"38.45000000","longitude":"22.15000000","name":"Mil\u00e9a"},{"id":"894931","latitude":"38.45000000","longitude":"22.15000000","name":"Mili\u00e1"},{"id":"895214","latitude":"38.45000000","longitude":"22.36666670","name":"Monodhendri"},{"id":"896201","latitude":"38.70000000","longitude":"22.35000000","name":"Oinokh\u00f3rion"},{"id":"896546","latitude":"38.55000000","longitude":"22.06666670","name":"Palaiok\u00e1tounon"},{"id":"897008","latitude":"38.70000000","longitude":"22.28333330","name":"Panouryi\u00e1"},{"id":"897009","latitude":"38.70000000","longitude":"22.28333330","name":"Panouryi\u00e1s"},{"id":"897381","latitude":"38.58333330","longitude":"22.05000000","name":"Pendayio\u00ed"},{"id":"897385","latitude":"38.41666670","longitude":"22.31666670","name":"Pende\u00f3ria"},{"id":"897394","latitude":"38.58333330","longitude":"22.05000000","name":"Pentaai"},{"id":"897527","latitude":"38.48333330","longitude":"22.08333330","name":"Perithi\u00f3tissa"},{"id":"898269","latitude":"38.41666670","longitude":"22.21666670","name":"Pl\u00e9ssa"},{"id":"898596","latitude":"38.48333330","longitude":"22.05000000","name":"Potidhan\u00eda"},{"id":"898798","latitude":"38.58333330","longitude":"22.33333330","name":"Pros\u00edlion"},{"id":"899719","latitude":"38.58333330","longitude":"22.33333330","name":"Segdh\u00edtsa"},{"id":"899803","latitude":"38.50000000","longitude":"22.38333330","name":"Sergo\u00fani"},{"id":"899810","latitude":"38.48333330","longitude":"22.40000000","name":"Sernik\u00e1kion"},{"id":"899811","latitude":"38.48333330","longitude":"22.40000000","name":"Sernik\u00e1ki"},{"id":"899853","latitude":"38.51666670","longitude":"22.16666670","name":"Sevedh\u00edkos"},{"id":"899983","latitude":"38.63333330","longitude":"22.21666670","name":"Sik\u00e9a"},{"id":"899998","latitude":"38.63333330","longitude":"22.21666670","name":"Siki\u00e1"},{"id":"900382","latitude":"38.50000000","longitude":"22.23333330","name":"Skalo\u00fala"},{"id":"900720","latitude":"38.41666670","longitude":"22.18333330","name":"S\u00f3taina"},{"id":"901119","latitude":"38.46666670","longitude":"22.10000000","name":"St\u00edlia"},{"id":"901162","latitude":"38.48333330","longitude":"22.16666670","name":"Stra\u00edza"},{"id":"901215","latitude":"38.70000000","longitude":"22.25000000","name":"Str\u00f3mi"},{"id":"901216","latitude":"38.70000000","longitude":"22.25000000","name":"Stromni"},{"id":"901236","latitude":"38.48333330","longitude":"22.16666670","name":"Stro\u00faza"},{"id":"901668","latitude":"38.55000000","longitude":"22.41666670","name":"Top\u00f3lia"},{"id":"901924","latitude":"38.60000000","longitude":"22.05000000","name":"Tr\u00edstenon"},{"id":"901928","latitude":"38.45000000","longitude":"22.36666670","name":"Trita\u00eda"},{"id":"901930","latitude":"38.60000000","longitude":"22.18333330","name":"Triv\u00eddhion"},{"id":"901931","latitude":"38.60000000","longitude":"22.18333330","name":"Triv\u00eddhi"},{"id":"902497","latitude":"38.65000000","longitude":"22.41666670","name":"Variani"},{"id":"902562","latitude":"38.65000000","longitude":"22.41666670","name":"V\u00e1ryiani"},{"id":"903188","latitude":"38.63333330","longitude":"22.10000000","name":"Vostin\u00edtsa"},{"id":"903248","latitude":"38.45000000","longitude":"22.30000000","name":"Voun\u00edkhora"},{"id":"903350","latitude":"38.46666670","longitude":"22.18333330","name":"Vraila"},{"id":"904225","latitude":"38.55000000","longitude":"22.01666670","name":"Zori\u00e1non"},{"id":"904226","latitude":"38.55000000","longitude":"22.01666670","name":"Zori\u00e1nos"}]