[{"id":"881512","latitude":"40.36666670","longitude":"23.28333330","name":"Ak-Bun\u00e1r"},{"id":"881990","latitude":"40.33333330","longitude":"23.91666670","name":"Ammoulian\u00ed"},{"id":"881993","latitude":"40.33333330","longitude":"23.91666670","name":"Amolian\u00ed"},{"id":"882589","latitude":"40.65000000","longitude":"23.70000000","name":"\u00c1no Stavr\u00f3s"},{"id":"883029","latitude":"40.48194440","longitude":"23.59277780","name":"Arna\u00eda"},{"id":"883245","latitude":"40.36666670","longitude":"23.66666670","name":"\u00c1ssa"},{"id":"883598","latitude":"40.30000000","longitude":"24.06666670","name":"\u00c1yioi An\u00e1ryiroi"},{"id":"883714","latitude":"40.33333330","longitude":"23.71666670","name":"\u00c1yios Dhim\u00edtrios"},{"id":"883751","latitude":"40.36666670","longitude":"23.70000000","name":"\u00c1yios Io\u00e1nnis"},{"id":"883774","latitude":"40.36666670","longitude":"23.70000000","name":"\u00c1yios Io\u00e1nnis Pr\u00f3dhromos"},{"id":"883817","latitude":"40.26666670","longitude":"23.33333330","name":"\u00c1yios M\u00e1mas"},{"id":"883820","latitude":"40.26666670","longitude":"23.33333330","name":"\u00c1yios M\u00e1mmas"},{"id":"883839","latitude":"40.25000000","longitude":"23.70000000","name":"\u00c1yios Nik\u00f3laos"},{"id":"883884","latitude":"40.46666670","longitude":"23.38333330","name":"\u00c1yios Pr\u00f3dhromos"},{"id":"884719","latitude":"40.21666670","longitude":"24.21666670","name":"D\u00e1fni"},{"id":"884859","latitude":"40.36666670","longitude":"23.83333330","name":"Devel\u00edkia"},{"id":"884873","latitude":"40.21666670","longitude":"24.21666670","name":"Dh\u00e1fni"},{"id":"885885","latitude":"40.41666670","longitude":"24.00000000","name":"Eli\u00e1"},{"id":"887010","latitude":"40.40000000","longitude":"23.80000000","name":"Gom\u00e1tio"},{"id":"887011","latitude":"40.40000000","longitude":"23.80000000","name":"Gom\u00e1tion"},{"id":"887134","latitude":"40.30000000","longitude":"24.05000000","name":"Gournosk\u00edtai"},{"id":"887349","latitude":"40.40000000","longitude":"23.88333330","name":"Hierissos"},{"id":"887390","latitude":"40.40000000","longitude":"23.88333330","name":"Ieris\u00f3s"},{"id":"887391","latitude":"40.40000000","longitude":"23.88333330","name":"Ieriss\u00f3s"},{"id":"887545","latitude":"40.53333330","longitude":"23.76666670","name":"\u00cdsvoron"},{"id":"887741","latitude":"39.98333330","longitude":"23.98333330","name":"Kalam\u00edtsi"},{"id":"887746","latitude":"39.98333330","longitude":"23.98333330","name":"Kalam\u00edtsion"},{"id":"887861","latitude":"40.28333330","longitude":"23.40000000","name":"Kal\u00edvai Poliy\u00edrou"},{"id":"887862","latitude":"40.60000000","longitude":"23.75000000","name":"Kal\u00edvai Varv\u00e1ras"},{"id":"887941","latitude":"40.28333330","longitude":"23.40000000","name":"Kal\u00edvia Poliy\u00edrou"},{"id":"887957","latitude":"40.60000000","longitude":"23.75000000","name":"Kal\u00edvia Varv\u00e1ras"},{"id":"888504","latitude":"40.13333330","longitude":"24.35000000","name":"Kapsokal\u00edvia"},{"id":"888684","latitude":"40.25000000","longitude":"24.25000000","name":"Karia\u00ed"},{"id":"888760","latitude":"40.35000000","longitude":"23.31666670","name":"Kark\u00e1ra"},{"id":"888860","latitude":"40.25000000","longitude":"24.25000000","name":"Karyaes"},{"id":"889518","latitude":"40.56666670","longitude":"23.46666670","name":"K\u00e1to Ramn\u00e1"},{"id":"889522","latitude":"40.56666670","longitude":"23.46666670","name":"K\u00e1to Ravn\u00e1"},{"id":"889561","latitude":"40.66666670","longitude":"23.70000000","name":"K\u00e1to Stavr\u00f3s"},{"id":"889764","latitude":"40.43333330","longitude":"23.41666670","name":"Kayaj\u00edk"},{"id":"889878","latitude":"40.35000000","longitude":"23.58333330","name":"Kell\u00ed"},{"id":"889879","latitude":"40.35000000","longitude":"23.58333330","name":"Kell\u00edon"},{"id":"891483","latitude":"39.96666670","longitude":"23.91666670","name":"Kouf\u00f3s"},{"id":"891948","latitude":"40.55000000","longitude":"23.45000000","name":"Kr\u00edmni"},{"id":"892179","latitude":"40.35000000","longitude":"23.73333330","name":"Ladhari\u00f3"},{"id":"892186","latitude":"40.03333330","longitude":"23.88333330","name":"Ladhokap\u00e1na"},{"id":"892189","latitude":"40.03333330","longitude":"23.88333330","name":"Ladhokop\u00e1na"},{"id":"892281","latitude":"40.20000000","longitude":"24.31666670","name":"L\u00e1kko Sk\u00edti"},{"id":"892403","latitude":"40.48194440","longitude":"23.59277780","name":"Laring\u00f3vi"},{"id":"892593","latitude":"40.48194440","longitude":"23.59277780","name":"Lerigovo"},{"id":"892805","latitude":"40.43333330","longitude":"23.51666670","name":"Lik\u00f3vi"},{"id":"893261","latitude":"40.60000000","longitude":"23.48333330","name":"Loutz\u00edkion"},{"id":"893713","latitude":"40.56666670","longitude":"23.46666670","name":"Maratho\u00fasa"},{"id":"893715","latitude":"40.56666670","longitude":"23.46666670","name":"Maratho\u00fassa"},{"id":"893739","latitude":"40.31666670","longitude":"23.35000000","name":"Marian\u00e1"},{"id":"893785","latitude":"40.36666670","longitude":"23.58333330","name":"Marli\u00e1"},{"id":"893793","latitude":"40.10000000","longitude":"23.78333330","name":"Marmar\u00e1s"},{"id":"894109","latitude":"40.45000000","longitude":"23.68333330","name":"Meg\u00e1li Panay\u00eda"},{"id":"894307","latitude":"40.60000000","longitude":"23.48333330","name":"Melissourg\u00f3s"},{"id":"894594","latitude":"40.23333330","longitude":"23.60000000","name":"Metam\u00f3rfosis"},{"id":"894601","latitude":"40.33333330","longitude":"23.65000000","name":"Metang\u00edtsi"},{"id":"894602","latitude":"40.33333330","longitude":"23.65000000","name":"Metang\u00edtsion"},{"id":"894637","latitude":"40.08333330","longitude":"23.80000000","name":"Met\u00f3khi Ay\u00edou Grigor\u00edou"},{"id":"894647","latitude":"40.38333330","longitude":"23.98333330","name":"Met\u00f3khi Koum\u00edtsas"},{"id":"894661","latitude":"40.01666670","longitude":"23.91666670","name":"Met\u00f3khion Agap\u00edou"},{"id":"894663","latitude":"40.05000000","longitude":"23.81666670","name":"Met\u00f3khion Ay\u00edas Kiriak\u00eds"},{"id":"894666","latitude":"40.08333330","longitude":"23.80000000","name":"Met\u00f3khion Ay\u00edou Grigor\u00edou"},{"id":"894670","latitude":"40.13333330","longitude":"23.76666670","name":"Met\u00f3khion Kastamonetou"},{"id":"894671","latitude":"40.13333330","longitude":"23.76666670","name":"Met\u00f3khion Konstamon\u00edtou"},{"id":"894672","latitude":"40.38333330","longitude":"23.98333330","name":"Met\u00f3khion Koum\u00edtsas"},{"id":"894673","latitude":"40.16666670","longitude":"23.86666670","name":"Met\u00f3khion Koutloumous\u00edou"},{"id":"894684","latitude":"40.36666670","longitude":"23.88333330","name":"Met\u00f3khion Propot\u00e1mou"},{"id":"894685","latitude":"40.05000000","longitude":"23.81666670","name":"Met\u00f3khion Simen\u00edtiko"},{"id":"894690","latitude":"40.36666670","longitude":"23.88333330","name":"Met\u00f3khion Xiropot\u00e1mou"},{"id":"894692","latitude":"40.16666670","longitude":"23.86666670","name":"Met\u00f3khion Zogr\u00e1fou"},{"id":"894693","latitude":"40.16666670","longitude":"23.86666670","name":"Met\u00f3khion Zoir\u00e1fou"},{"id":"894701","latitude":"40.36666670","longitude":"23.88333330","name":"Met\u00f3khi Xiropot\u00e1mou"},{"id":"894877","latitude":"40.36666670","longitude":"23.28333330","name":"Mikr\u00f3s V\u00e1rdhos"},{"id":"894878","latitude":"40.36666670","longitude":"23.28333330","name":"Mikr\u00f3s V\u00e1vdhos"},{"id":"894917","latitude":"40.38333330","longitude":"23.61666670","name":"Mili\u00e1dha"},{"id":"895021","latitude":"40.28333330","longitude":"23.35000000","name":"Miri\u00f3fiton"},{"id":"895118","latitude":"40.63333330","longitude":"23.61666670","name":"M\u00f3dhi"},{"id":"895119","latitude":"40.63333330","longitude":"23.61666670","name":"M\u00f3dhion"},{"id":"895242","latitude":"40.10000000","longitude":"23.78333330","name":"Mono\u00fakha"},{"id":"895244","latitude":"40.30000000","longitude":"24.06666670","name":"Monoxil\u00edtai"},{"id":"895321","latitude":"40.10000000","longitude":"23.78333330","name":"Mouno\u00fakhi"},{"id":"895499","latitude":"40.10000000","longitude":"23.98333330","name":"N\u00e9a Afisi\u00e1"},{"id":"895500","latitude":"40.10000000","longitude":"23.98333330","name":"N\u00e9a Afissi\u00e1"},{"id":"895591","latitude":"40.61666670","longitude":"23.56666670","name":"N\u00e9a M\u00e1dhitos"},{"id":"895615","latitude":"40.30000000","longitude":"23.35000000","name":"N\u00e9a \u00d3linthos"},{"id":"895640","latitude":"40.38333330","longitude":"23.91666670","name":"N\u00e9a R\u00f3dha"},{"id":"895660","latitude":"40.15000000","longitude":"24.30000000","name":"Ne\u00e1 Sk\u00edti"},{"id":"895806","latitude":"40.51666670","longitude":"23.68333330","name":"Neokh\u00f3rion"},{"id":"895926","latitude":"40.10000000","longitude":"23.78333330","name":"N\u00e9os Marmar\u00e1s"},{"id":"896053","latitude":"40.23333330","longitude":"23.66666670","name":"Nik\u00edtas"},{"id":"896223","latitude":"40.60000000","longitude":"23.48333330","name":"Olej\u00edki"},{"id":"896230","latitude":"40.60000000","longitude":"23.78333330","name":"Olimbi\u00e1s"},{"id":"896236","latitude":"40.28333330","longitude":"23.35000000","name":"\u00d3linthos"},{"id":"896320","latitude":"40.30000000","longitude":"23.55000000","name":"Orm\u00edlia"},{"id":"896334","latitude":"40.30000000","longitude":"23.55000000","name":"Ormylia"},{"id":"896384","latitude":"40.33333330","longitude":"23.98333330","name":"Ouran\u00f3polis"},{"id":"896531","latitude":"40.43333330","longitude":"23.41666670","name":"Palai\u00f3kastron"},{"id":"896556","latitude":"40.50000000","longitude":"23.45000000","name":"Palaiokh\u00f3ra"},{"id":"896569","latitude":"40.50000000","longitude":"23.65000000","name":"Palaiokh\u00f3rion"},{"id":"896771","latitude":"40.50000000","longitude":"23.65000000","name":"Paliokh\u00f3rion"},{"id":"897107","latitude":"40.10000000","longitude":"23.78333330","name":"Par\u00e1dhisos"},{"id":"897215","latitude":"40.11666670","longitude":"23.81666670","name":"Parthen\u00f3n"},{"id":"897239","latitude":"40.33333330","longitude":"23.40000000","name":"Patelidh\u00e1s"},{"id":"897255","latitude":"40.33333330","longitude":"23.40000000","name":"Patlidh\u00e1"},{"id":"897608","latitude":"40.33333330","longitude":"23.40000000","name":"Petalidh\u00e1s"},{"id":"897739","latitude":"40.33333330","longitude":"23.61666670","name":"Pets\u00e1dha"},{"id":"897870","latitude":"40.37444440","longitude":"23.43833330","name":"Pil\u00edyiros"},{"id":"897906","latitude":"40.33333330","longitude":"23.71666670","name":"Pirgadh\u00edkia"},{"id":"897907","latitude":"40.33333330","longitude":"23.71666670","name":"Pirgadh\u00edki"},{"id":"897923","latitude":"40.33333330","longitude":"23.98333330","name":"P\u00edrgos"},{"id":"898027","latitude":"40.33333330","longitude":"23.61666670","name":"Pitsi\u00e1dhos"},{"id":"898107","latitude":"40.36666670","longitude":"23.53333330","name":"Pl\u00e1na"},{"id":"898427","latitude":"40.37444440","longitude":"23.43833330","name":"Pol\u00edyiros"},{"id":"898446","latitude":"40.37444440","longitude":"23.43833330","name":"Pol\u00fdgyros"},{"id":"898528","latitude":"40.28333330","longitude":"23.30000000","name":"Portari\u00e1"},{"id":"898785","latitude":"40.33333330","longitude":"23.98333330","name":"Prosf\u00f3rion"},{"id":"898786","latitude":"40.33333330","longitude":"23.98333330","name":"Prosfor\u00edou"},{"id":"898841","latitude":"40.38333330","longitude":"23.91666670","name":"Pr\u00f3vlax"},{"id":"899136","latitude":"40.65000000","longitude":"23.61666670","name":"Rend\u00edna"},{"id":"899168","latitude":"40.46666670","longitude":"23.38333330","name":"Retsitn\u00edkia"},{"id":"899175","latitude":"40.45000000","longitude":"23.68333330","name":"Reven\u00edkia"},{"id":"899241","latitude":"40.50000000","longitude":"23.45000000","name":"Riz\u00e1"},{"id":"899303","latitude":"40.36666670","longitude":"23.28333330","name":"Rodhi\u00e1"},{"id":"899401","latitude":"40.28333330","longitude":"24.25000000","name":"Rossik\u00ed Sk\u00edti Prof\u00edtis Il\u00edas"},{"id":"899408","latitude":"40.36666670","longitude":"23.28333330","name":"Roudhi\u00e1"},{"id":"899579","latitude":"40.50000000","longitude":"23.38333330","name":"San\u00e1"},{"id":"899685","latitude":"40.10000000","longitude":"23.98333330","name":"S\u00e1rti"},{"id":"899786","latitude":"40.36666670","longitude":"23.28333330","name":"Semekl\u00ed"},{"id":"899799","latitude":"40.50000000","longitude":"23.45000000","name":"Sepotn\u00edkia"},{"id":"899979","latitude":"40.03333330","longitude":"23.93333330","name":"Sik\u00e9a"},{"id":"899994","latitude":"40.03333330","longitude":"23.93333330","name":"Siki\u00e1"},{"id":"900036","latitude":"40.05000000","longitude":"23.81666670","name":"Simen\u00edtiko"},{"id":"900166","latitude":"40.35000000","longitude":"23.73333330","name":"Sinoikism\u00f3s Pirgadh\u00edkia"},{"id":"900336","latitude":"40.21666670","longitude":"23.66666670","name":"Sk\u00e1la Nik\u00edta"},{"id":"900339","latitude":"40.26666670","longitude":"23.50000000","name":"Sk\u00e1la Ormili\u00e1s"},{"id":"900340","latitude":"40.26666670","longitude":"23.50000000","name":"Sk\u00e1la Ormil\u00edon"},{"id":"900352","latitude":"40.03333330","longitude":"24.00000000","name":"Sk\u00e1la Siki\u00e1s"},{"id":"900484","latitude":"40.13333330","longitude":"24.28333330","name":"Sk\u00edti Ay\u00edas \u00c1nnis"},{"id":"900485","latitude":"40.13333330","longitude":"24.35000000","name":"Sk\u00edti Ay\u00edas Tri\u00e1dhos"},{"id":"900486","latitude":"40.26666670","longitude":"24.25000000","name":"Sk\u00edti Ay\u00edou Andhr\u00e9ou"},{"id":"900487","latitude":"40.26666670","longitude":"24.25000000","name":"Sk\u00edti Ay\u00edou Andr\u00e9ou"},{"id":"900488","latitude":"40.20000000","longitude":"24.31666670","name":"Sk\u00edti Ay\u00edou Dhimitr\u00edou L\u00e1kkou"},{"id":"900489","latitude":"40.30000000","longitude":"24.21666670","name":"Sk\u00edti Ay\u00edou Dhimitr\u00edou"},{"id":"900490","latitude":"40.25000000","longitude":"24.20000000","name":"Sk\u00edti Evangelism\u00f3s t\u00eds Theot\u00f3kou"},{"id":"900491","latitude":"40.13333330","longitude":"24.35000000","name":"Sk\u00edti Kavsokal\u00edvia"},{"id":"900492","latitude":"40.15000000","longitude":"24.38333330","name":"Sk\u00edti Prodhr\u00f3mou"},{"id":"900493","latitude":"40.28333330","longitude":"24.25000000","name":"Sk\u00edti Prof\u00edtou Ilio\u00fa"},{"id":"900496","latitude":"40.15000000","longitude":"24.30000000","name":"Sk\u00edti Theot\u00f3kou"},{"id":"900497","latitude":"40.15000000","longitude":"24.38333330","name":"Sk\u00edti Tim\u00edou Prodhr\u00f3mou Mey\u00edstis L\u00e1vras"},{"id":"900663","latitude":"40.36666670","longitude":"23.65000000","name":"Sm\u00edxi"},{"id":"900947","latitude":"40.55000000","longitude":"23.58333330","name":"Stan\u00f3s"},{"id":"901024","latitude":"40.66666670","longitude":"23.70000000","name":"Stavr\u00f3s"},{"id":"901051","latitude":"40.53333330","longitude":"23.75000000","name":"St\u00e1yira"},{"id":"901178","latitude":"40.53333330","longitude":"23.76666670","name":"Straton\u00edki"},{"id":"901179","latitude":"40.51666670","longitude":"23.83333330","name":"Strat\u00f3nion"},{"id":"901213","latitude":"40.61666670","longitude":"23.56666670","name":"Str\u00f3longos"},{"id":"901288","latitude":"40.03333330","longitude":"23.93333330","name":"Sykia"},{"id":"901386","latitude":"40.43333330","longitude":"23.51666670","name":"Taxi\u00e1rkhis"},{"id":"901557","latitude":"40.30000000","longitude":"24.05000000","name":"Thivais"},{"id":"901662","latitude":"40.50000000","longitude":"23.43333330","name":"Topl\u00edki"},{"id":"902408","latitude":"40.05000000","longitude":"24.00000000","name":"Valt\u00ed"},{"id":"902547","latitude":"40.56666670","longitude":"23.66666670","name":"Varv\u00e1ra"},{"id":"902706","latitude":"40.30000000","longitude":"24.21666670","name":"Vatopedhin\u00ed"},{"id":"902707","latitude":"40.25000000","longitude":"23.55000000","name":"Vatop\u00e9dhion"},{"id":"902718","latitude":"40.43333330","longitude":"23.31666670","name":"V\u00e1vdhos"},{"id":"903382","latitude":"40.36666670","longitude":"23.53333330","name":"Vr\u00e1stama"},{"id":"903386","latitude":"40.36666670","longitude":"23.53333330","name":"Vrast\u00e1 Pl\u00e1na"},{"id":"903387","latitude":"40.36666670","longitude":"23.53333330","name":"Vrast\u00e1"},{"id":"903670","latitude":"40.36666670","longitude":"23.88333330","name":"Xirop\u00f3tamon"},{"id":"903674","latitude":"40.36666670","longitude":"23.88333330","name":"Xirop\u00f3tamos"},{"id":"903806","latitude":"40.28333330","longitude":"23.45000000","name":"Yerakin\u00ed"},{"id":"903849","latitude":"40.50000000","longitude":"23.43333330","name":"Yeropl\u00e1tanon"},{"id":"903850","latitude":"40.50000000","longitude":"23.43333330","name":"Yeropl\u00e1tanos"},{"id":"904101","latitude":"40.55000000","longitude":"23.85000000","name":"Z\u00e9pko"}]