[{"id":"881299","latitude":"38.66666670","longitude":"20.60000000","name":"\u00c1gios P\u00e9tros"},{"id":"881579","latitude":"38.71666670","longitude":"20.73333330","name":"Akho\u00faria"},{"id":"881658","latitude":"38.68333330","longitude":"20.66666670","name":"Alatr\u00e1"},{"id":"881659","latitude":"38.68333330","longitude":"20.66666670","name":"\u00c1latro"},{"id":"881660","latitude":"38.68333330","longitude":"20.66666670","name":"\u00c1latron"},{"id":"881692","latitude":"38.75000000","longitude":"20.68333330","name":"Al\u00e9xandhros"},{"id":"881698","latitude":"38.75000000","longitude":"20.68333330","name":"Al\u00e9xandros"},{"id":"882324","latitude":"38.75000000","longitude":"20.61666670","name":"\u00c1no Ex\u00e1nthia"},{"id":"882768","latitude":"38.66666670","longitude":"20.60000000","name":"Apoll\u00f3nios"},{"id":"882770","latitude":"38.81666670","longitude":"20.68333330","name":"Ap\u00f3lpaina"},{"id":"883242","latitude":"38.78333330","longitude":"20.65000000","name":"Asproyerak\u00e1ta"},{"id":"883310","latitude":"38.66666670","longitude":"20.56666670","name":"Ath\u00e1nion"},{"id":"883491","latitude":"38.83333330","longitude":"20.68333330","name":"Ay\u00eda Mar\u00edna"},{"id":"883681","latitude":"38.75000000","longitude":"20.65000000","name":"\u00c1yios Andr\u00e9as"},{"id":"883746","latitude":"38.70000000","longitude":"20.63333330","name":"\u00c1yios Il\u00edas"},{"id":"883835","latitude":"38.78333330","longitude":"20.61666670","name":"\u00c1yios Nik\u00edtas"},{"id":"883846","latitude":"38.58333330","longitude":"20.55000000","name":"Ayios Nik\u00f3laos"},{"id":"883861","latitude":"38.58333330","longitude":"20.55000000","name":"\u00c1yios Nik\u00f3laos Nir\u00e1s"},{"id":"883877","latitude":"38.66666670","longitude":"20.60000000","name":"\u00c1yios P\u00e9tros"},{"id":"883930","latitude":"38.70000000","longitude":"20.61666670","name":"\u00c1yios Vas\u00edlios"},{"id":"884671","latitude":"38.71666670","longitude":"20.60000000","name":"Chort\u00e1ta"},{"id":"885332","latitude":"38.68333330","longitude":"20.58333330","name":"Dhr\u00e1ganon"},{"id":"885424","latitude":"38.76666670","longitude":"20.63333330","name":"Dhrim\u00f3nas"},{"id":"885971","latitude":"38.73333330","longitude":"20.65000000","name":"Englouv\u00ed"},{"id":"886052","latitude":"38.76666670","longitude":"20.71666670","name":"Ep\u00edskopos"},{"id":"886170","latitude":"38.61666670","longitude":"20.66666670","name":"\u00c9vyiros"},{"id":"886183","latitude":"38.75000000","longitude":"20.61666670","name":"Ex\u00e1nthia"},{"id":"886612","latitude":"38.75000000","longitude":"20.71666670","name":"Frax\u00ed"},{"id":"886628","latitude":"38.83333330","longitude":"20.68333330","name":"Fr\u00edni"},{"id":"886629","latitude":"38.83333330","longitude":"20.68333330","name":"Fr\u00ednion"},{"id":"886663","latitude":"38.65000000","longitude":"20.68333330","name":"Ft\u00e9rno"},{"id":"886664","latitude":"38.65000000","longitude":"20.68333330","name":"Ftern\u00f3n"},{"id":"887742","latitude":"38.75000000","longitude":"20.60000000","name":"Kalam\u00edtsi"},{"id":"887747","latitude":"38.75000000","longitude":"20.60000000","name":"Kalam\u00edtsion"},{"id":"887755","latitude":"38.61666670","longitude":"20.93333330","name":"K\u00e1lamos"},{"id":"887992","latitude":"38.81666670","longitude":"20.71666670","name":"Kallig\u00f3nion"},{"id":"888047","latitude":"38.75000000","longitude":"20.68333330","name":"Kalliv\u00e1ta"},{"id":"888694","latitude":"38.76666670","longitude":"20.65000000","name":"Kari\u00e1"},{"id":"888733","latitude":"38.78333330","longitude":"20.70000000","name":"Kari\u00f3tai"},{"id":"888734","latitude":"38.78333330","longitude":"20.70000000","name":"Kari\u00f3tes"},{"id":"888990","latitude":"38.56666670","longitude":"20.91666670","name":"Kast\u00f3s"},{"id":"889244","latitude":"38.76666670","longitude":"20.63333330","name":"K\u00e1to Ex\u00e1nthia"},{"id":"889337","latitude":"38.66666670","longitude":"20.70000000","name":"Katokh\u00f3ri"},{"id":"889346","latitude":"38.66666670","longitude":"20.70000000","name":"Katokh\u00f3rion"},{"id":"889432","latitude":"38.65000000","longitude":"20.78333330","name":"Katom\u00e9ri"},{"id":"889434","latitude":"38.65000000","longitude":"20.78333330","name":"Katom\u00e9rion"},{"id":"889578","latitude":"38.78333330","longitude":"20.70000000","name":"Kato\u00fana"},{"id":"889730","latitude":"38.78333330","longitude":"20.66666670","name":"K\u00e1vallos"},{"id":"889812","latitude":"38.60000000","longitude":"20.88333330","name":"Kefal\u00ed"},{"id":"890176","latitude":"38.68333330","longitude":"20.68333330","name":"Kharadhi\u00e1tika"},{"id":"890406","latitude":"38.71666670","longitude":"20.60000000","name":"Khort\u00e1ta"},{"id":"891019","latitude":"38.75000000","longitude":"20.68333330","name":"Kolliv\u00e1ta"},{"id":"891039","latitude":"38.71666670","longitude":"20.68333330","name":"Kol\u00f3ni"},{"id":"891040","latitude":"38.71666670","longitude":"20.68333330","name":"Kol\u00f3nion"},{"id":"891077","latitude":"38.71666670","longitude":"20.58333330","name":"Komili\u00f3"},{"id":"891078","latitude":"38.71666670","longitude":"20.58333330","name":"Kom\u00edlion"},{"id":"891114","latitude":"38.63333330","longitude":"20.63333330","name":"Kond\u00e1raina"},{"id":"891115","latitude":"38.63333330","longitude":"20.63333330","name":"Kondara\u00edni"},{"id":"892472","latitude":"38.78333330","longitude":"20.66666670","name":"Lazar\u00e1ta"},{"id":"892488","latitude":"38.82750000","longitude":"20.70194440","name":"Lefk\u00e1da"},{"id":"892490","latitude":"38.82750000","longitude":"20.70194440","name":"Lefk\u00e1dos"},{"id":"892492","latitude":"38.82750000","longitude":"20.70194440","name":"Lefk\u00e1s"},{"id":"892624","latitude":"38.82750000","longitude":"20.70194440","name":"Levk\u00e1dha"},{"id":"892649","latitude":"38.82750000","longitude":"20.70194440","name":"Levk\u00e1s"},{"id":"893523","latitude":"38.70000000","longitude":"20.61666670","name":"Man\u00e1si"},{"id":"893673","latitude":"38.63333330","longitude":"20.65000000","name":"Marandokh\u00f3ri"},{"id":"893674","latitude":"38.63333330","longitude":"20.65000000","name":"Marandokh\u00f3rion"},{"id":"895783","latitude":"38.71666670","longitude":"20.68333330","name":"Neokh\u00f3ri"},{"id":"895815","latitude":"38.71666670","longitude":"20.68333330","name":"Neokh\u00f3rion"},{"id":"896022","latitude":"38.70000000","longitude":"20.71666670","name":"Nidhr\u00ed"},{"id":"896023","latitude":"38.70000000","longitude":"20.71666670","name":"Nidhr\u00edon"},{"id":"896041","latitude":"38.76666670","longitude":"20.71666670","name":"Niki\u00e1na"},{"id":"896064","latitude":"38.70000000","longitude":"20.61666670","name":"Nikol\u00ed"},{"id":"896065","latitude":"38.70000000","longitude":"20.61666670","name":"Nikol\u00eds"},{"id":"896541","latitude":"38.70000000","longitude":"20.70000000","name":"Palaiokato\u00fana"},{"id":"896594","latitude":"38.70000000","longitude":"20.68333330","name":"Palaiokh\u00f3ri"},{"id":"897491","latitude":"38.71666670","longitude":"20.73333330","name":"Perigi\u00e1lion"},{"id":"897564","latitude":"38.71666670","longitude":"20.73333330","name":"Periyi\u00e1lion"},{"id":"897816","latitude":"38.76666670","longitude":"20.65000000","name":"Pigadhis\u00e1noi"},{"id":"897817","latitude":"38.76666670","longitude":"20.65000000","name":"Pigadhisi\u00e1noi"},{"id":"897885","latitude":"38.78333330","longitude":"20.66666670","name":"Pinakokh\u00f3rion"},{"id":"897886","latitude":"38.78333330","longitude":"20.66666670","name":"Pinakokh\u00f3ri"},{"id":"898229","latitude":"38.73333330","longitude":"20.66666670","name":"Plat\u00edstoma"},{"id":"898230","latitude":"38.73333330","longitude":"20.66666670","name":"Platistomon"},{"id":"898479","latitude":"38.63333330","longitude":"20.60000000","name":"P\u00f3ndi"},{"id":"898513","latitude":"38.63333330","longitude":"20.71666670","name":"P\u00f3ros"},{"id":"898689","latitude":"38.78333330","longitude":"20.65000000","name":"Premendin\u00f3s"},{"id":"899124","latitude":"38.75000000","longitude":"20.65000000","name":"Rekatsin\u00e1ta"},{"id":"899428","latitude":"38.68333330","longitude":"20.61666670","name":"Roupaki\u00e1"},{"id":"899432","latitude":"38.68333330","longitude":"20.61666670","name":"Roupaki\u00e1s"},{"id":"900288","latitude":"38.61666670","longitude":"20.68333330","name":"S\u00edvota"},{"id":"900290","latitude":"38.66666670","longitude":"20.65000000","name":"S\u00edvros"},{"id":"900815","latitude":"38.78333330","longitude":"20.66666670","name":"Spanokh\u00f3rion"},{"id":"900816","latitude":"38.78333330","longitude":"20.66666670","name":"Spanokh\u00f3ri"},{"id":"900837","latitude":"38.66666670","longitude":"20.76666670","name":"Spartokh\u00f3rion"},{"id":"900839","latitude":"38.66666670","longitude":"20.76666670","name":"Spartokh\u00f3ri"},{"id":"900848","latitude":"38.80000000","longitude":"20.71666670","name":"Spasm\u00e9ni Vr\u00edsi"},{"id":"901321","latitude":"38.66666670","longitude":"20.78333330","name":"Taf\u00edon"},{"id":"902193","latitude":"38.81666670","longitude":"20.65000000","name":"Tsoukal\u00e1des"},{"id":"902194","latitude":"38.81666670","longitude":"20.65000000","name":"Tsoukal\u00e1dhes"},{"id":"902596","latitude":"38.61666670","longitude":"20.60000000","name":"Vasilik\u00ed"},{"id":"902672","latitude":"38.66666670","longitude":"20.78333330","name":"Vath\u00ed"},{"id":"902721","latitude":"38.71666670","longitude":"20.66666670","name":"Vavker\u00ed"},{"id":"903096","latitude":"38.68333330","longitude":"20.70000000","name":"Vlikh\u00f3n"},{"id":"903098","latitude":"38.68333330","longitude":"20.70000000","name":"Vlikh\u00f3"},{"id":"903269","latitude":"38.78333330","longitude":"20.65000000","name":"Voun\u00f3"},{"id":"903289","latitude":"38.66666670","longitude":"20.65000000","name":"Vournik\u00e1s"},{"id":"903290","latitude":"38.66666670","longitude":"20.65000000","name":"Vournik\u00e1"},{"id":"903751","latitude":"38.70000000","longitude":"20.71666670","name":"Y\u00e9nion"}]